candidate_id,label_chain_id,bmrb_id,bmrb_entity_id,shift_list_id,pdb_id,pdb_entity_id,auth_chain_id,status,alignment_enumeration_truncated,optimal_alignments_inspected,inspected_model,coordinate_residue_count,identity_consistent_consensus_residue_count,usable_coordinate_residue_count,bmrb_sequence_length,usable_coordinate_residue_coverage,missing_required_backbone_atom_count,input_lock_sha256,completed_at_utc
a03c3b34ce52fe8a9e71475cc0663284f9281d1124d6e3e6f848fc93445dc4a8,A,5720,1,1,1AKE,1,A,evaluated,False,1,1,214,214,214,214,1.0,0,7f33b7d196ae82aee2824855d6ea73b37fc18297b9c30671f7187dc6805ef0a2,2026-09-13T15:52:38.294603+00:00
0371589b3344c8a670079a1e4cca3d0484415ff0fe49f56a28b105e2efb37ef5,B,5720,1,1,1AKE,1,B,evaluated,False,1,1,214,214,214,214,1.0,0,7f33b7d196ae82aee2824855d6ea73b37fc18297b9c30671f7187dc6805ef0a2,2026-09-13T15:52:39.044496+00:00
37f9d296909b981fc9e4e7d9420a97ede35f2389a1b9650e4b8a0466f8af6254,A,5746,1,1,1AKE,1,A,evaluated,False,1,1,214,214,214,214,1.0,0,7f33b7d196ae82aee2824855d6ea73b37fc18297b9c30671f7187dc6805ef0a2,2026-09-13T15:52:39.778342+00:00
4b277eeac33f26ec79cc6282183e16c7344b938954780d8e972326e9f6264259,B,5746,1,1,1AKE,1,B,evaluated,False,1,1,214,214,214,214,1.0,0,7f33b7d196ae82aee2824855d6ea73b37fc18297b9c30671f7187dc6805ef0a2,2026-09-13T15:52:40.535046+00:00
5d655182c185e0f3a4886e3fef48186ffdf7bbce51fa4610aa694201c9c28773,C,5905,1,1,1AZP,2,A,evaluated,False,1,1,66,66,66,66,1.0,0,7f33b7d196ae82aee2824855d6ea73b37fc18297b9c30671f7187dc6805ef0a2,2026-09-13T15:52:41.937681+00:00
bf2433e236e7adacc509fc46432a67ac7ef2738dd8afcc19a6b5136ba2f68f38,C,5908,1,1,1AZP,2,A,evaluated,False,1,1,66,65,65,66,0.9848484848484849,0,7f33b7d196ae82aee2824855d6ea73b37fc18297b9c30671f7187dc6805ef0a2,2026-09-13T15:52:42.641362+00:00
f03c8af15cfecf992ce306a75444723657fd02e20a004f0e6c21de90e7c6b177,C,5905,1,1,1AZQ,2,A,evaluated,False,1,1,66,66,66,66,1.0,0,7f33b7d196ae82aee2824855d6ea73b37fc18297b9c30671f7187dc6805ef0a2,2026-09-13T15:52:43.982180+00:00
5110788bb1775cf4a73bd5ed904b2675e32da0e759dc4384d9559ea0e7f59f78,C,5908,1,1,1AZQ,2,A,evaluated,False,1,1,66,65,65,66,0.9848484848484849,0,7f33b7d196ae82aee2824855d6ea73b37fc18297b9c30671f7187dc6805ef0a2,2026-09-13T15:52:44.705484+00:00
62ea461b473c8e90210870aa6ab5af659547ead385f16e8ef69d4a0ca6735546,A,5544,1,1,1B4C,1,A,evaluated,False,1,1,92,92,92,92,1.0,0,7f33b7d196ae82aee2824855d6ea73b37fc18297b9c30671f7187dc6805ef0a2,2026-09-13T15:52:48.405734+00:00
a7597f5f5d0565cf4dbd741fda7401f1c69b5f78c025c17638aaf7a709a0e69a,B,5544,1,1,1B4C,1,B,evaluated,False,1,1,92,92,92,92,1.0,0,7f33b7d196ae82aee2824855d6ea73b37fc18297b9c30671f7187dc6805ef0a2,2026-09-13T15:52:48.640728+00:00
1dfdf098bbcccab95941866ecee36c11e3bd83efa3ce68fef0f9f2c687e39000,C,5909,1,1,1BBX,2,C,evaluated,False,1,1,63,63,63,64,0.984375,0,7f33b7d196ae82aee2824855d6ea73b37fc18297b9c30671f7187dc6805ef0a2,2026-09-13T15:52:49.430483+00:00
673be5112ce4db3635e526ea44d243a05aa29698fa3e992579f922506f39222d,D,5909,1,1,1BBX,2,D,evaluated,False,1,1,63,63,63,64,0.984375,0,7f33b7d196ae82aee2824855d6ea73b37fc18297b9c30671f7187dc6805ef0a2,2026-09-13T15:52:49.560586+00:00
868180501940cdf04781a5b0943fa7b822808d733f8d4f2ca9e8fd5d73508652,C,5910,1,1,1BBX,2,C,evaluated,False,1,1,63,62,62,64,0.96875,0,7f33b7d196ae82aee2824855d6ea73b37fc18297b9c30671f7187dc6805ef0a2,2026-09-13T15:52:49.687766+00:00
ae6cc9d379ec54c7687f6621fc7856cc8d2c1572c035a3170afd346fc8b7431c,D,5910,1,1,1BBX,2,D,evaluated,False,1,1,63,62,62,64,0.96875,0,7f33b7d196ae82aee2824855d6ea73b37fc18297b9c30671f7187dc6805ef0a2,2026-09-13T15:52:49.821474+00:00
65aeb476ed2cdfe5fbcc32a69ac13ef27d8370ae7f1d49fed4763bce21419ceb,A,5208,1,1,1BPD,1,A,evaluated,False,3,1,324,183,183,190,0.9631578947368421,0,7f33b7d196ae82aee2824855d6ea73b37fc18297b9c30671f7187dc6805ef0a2,2026-09-13T15:52:50.873973+00:00
447b217e14df612142f1c8ce4a3032b817f25092a4c053c2339c6d18e81d1ac3,A,5209,1,1,1BPD,1,A,evaluated,False,3,1,324,183,183,190,0.9631578947368421,0,7f33b7d196ae82aee2824855d6ea73b37fc18297b9c30671f7187dc6805ef0a2,2026-09-13T15:52:51.515784+00:00
0237fd86cfc8773ae6734fd3d911801f43cd2588670708de560ded79d3ee445a,A,5208,1,1,1BPE,1,A,evaluated,False,3,1,284,183,183,190,0.9631578947368421,0,7f33b7d196ae82aee2824855d6ea73b37fc18297b9c30671f7187dc6805ef0a2,2026-09-13T15:52:52.690510+00:00
a11867a3b35a3f207c12d1e10f147f55cab97dab4121c0e091f0048ba5667f9d,A,5209,1,1,1BPE,1,A,evaluated,False,3,1,284,183,183,190,0.9631578947368421,0,7f33b7d196ae82aee2824855d6ea73b37fc18297b9c30671f7187dc6805ef0a2,2026-09-13T15:52:53.291562+00:00
35834edf5c55008283eb407c65c0646bb85fe337c5f4dfa53d750077fad5e36a,B,5403,1,1,1C9S,2,A,evaluated,False,1,1,69,69,69,74,0.9324324324324325,0,7f33b7d196ae82aee2824855d6ea73b37fc18297b9c30671f7187dc6805ef0a2,2026-09-13T15:52:56.018825+00:00
3119ce5e196c91936f82c9a16b10749eb351dec275f632e3a248ce748a4a9599,C,5403,1,1,1C9S,2,B,evaluated,False,1,1,68,68,68,74,0.918918918918919,0,7f33b7d196ae82aee2824855d6ea73b37fc18297b9c30671f7187dc6805ef0a2,2026-09-13T15:52:56.517638+00:00
e237d12c72c16223d891b9fa83c805755a6295986fac3f6c324c02c893180873,D,5403,1,1,1C9S,2,C,evaluated,False,1,1,69,69,69,74,0.9324324324324325,0,7f33b7d196ae82aee2824855d6ea73b37fc18297b9c30671f7187dc6805ef0a2,2026-09-13T15:52:57.169499+00:00
82dbda1ffc00870563a8b46a54a884db4fa816f6c051813637ad221a955d60b6,E,5403,1,1,1C9S,2,D,evaluated,False,1,1,69,69,69,74,0.9324324324324325,0,7f33b7d196ae82aee2824855d6ea73b37fc18297b9c30671f7187dc6805ef0a2,2026-09-13T15:52:57.712542+00:00
853f7b287cd25b85a34398eb6b8d1414ee4cdef49cab7e948b5988f05accd138,F,5403,1,1,1C9S,2,E,evaluated,False,1,1,68,68,68,74,0.918918918918919,0,7f33b7d196ae82aee2824855d6ea73b37fc18297b9c30671f7187dc6805ef0a2,2026-09-13T15:52:58.152844+00:00
52905ea2cbcf110f477a9cadf929724b39aae7d3aaa7d7b7d0e75993e5b08371,G,5403,1,1,1C9S,2,F,evaluated,False,1,1,69,69,69,74,0.9324324324324325,0,7f33b7d196ae82aee2824855d6ea73b37fc18297b9c30671f7187dc6805ef0a2,2026-09-13T15:52:58.585305+00:00
dd111985b484f009adc351a1bdb9c4e4772a828eb79c35bfd2d42bb411c1f485,H,5403,1,1,1C9S,2,G,evaluated,False,1,1,70,70,70,74,0.9459459459459459,0,7f33b7d196ae82aee2824855d6ea73b37fc18297b9c30671f7187dc6805ef0a2,2026-09-13T15:52:59.070764+00:00
5fe8019caa8653f0914cc3c9133fb863c76d9c588335f000a1ca44cdb7a48426,I,5403,1,1,1C9S,2,H,evaluated,False,1,1,69,69,69,74,0.9324324324324325,0,7f33b7d196ae82aee2824855d6ea73b37fc18297b9c30671f7187dc6805ef0a2,2026-09-13T15:52:59.574553+00:00
0aefead51600ad123acc071056181c28009a8db36d3794475f9b4b68054eb882,J,5403,1,1,1C9S,2,I,evaluated,False,1,1,69,69,69,74,0.9324324324324325,0,7f33b7d196ae82aee2824855d6ea73b37fc18297b9c30671f7187dc6805ef0a2,2026-09-13T15:53:00.226639+00:00
05861b40dc0841f177dcaee4fdea5b77b4b2327feea7c8f26e6c21d8f77de267,K,5403,1,1,1C9S,2,J,evaluated,False,1,1,67,67,67,74,0.9054054054054054,0,7f33b7d196ae82aee2824855d6ea73b37fc18297b9c30671f7187dc6805ef0a2,2026-09-13T15:53:00.759024+00:00
aaa9d607e1940a96292c17182f3a7cbe4b639be4aac8f6dfaddfa701efd19c00,L,5403,1,1,1C9S,2,K,evaluated,False,1,1,69,69,69,74,0.9324324324324325,0,7f33b7d196ae82aee2824855d6ea73b37fc18297b9c30671f7187dc6805ef0a2,2026-09-13T15:53:01.242395+00:00
66e4f15c978b2eb75350101de4e3cbd45a8e6abb773730f3b8f9e76086225bf4,M,5403,1,1,1C9S,2,L,evaluated,False,1,1,70,70,70,74,0.9459459459459459,0,7f33b7d196ae82aee2824855d6ea73b37fc18297b9c30671f7187dc6805ef0a2,2026-09-13T15:53:01.536630+00:00
e8bf978a372280b3c2834ceb589410aef219061ccc825de93adebacaa59ecc21,N,5403,1,1,1C9S,2,M,evaluated,False,1,1,71,71,71,74,0.9594594594594594,0,7f33b7d196ae82aee2824855d6ea73b37fc18297b9c30671f7187dc6805ef0a2,2026-09-13T15:53:01.810077+00:00
d2277fde0187f75945a17dc2f32061db81deffc48dfb49bf26fe566acfa64364,O,5403,1,1,1C9S,2,N,evaluated,False,1,1,70,70,70,74,0.9459459459459459,0,7f33b7d196ae82aee2824855d6ea73b37fc18297b9c30671f7187dc6805ef0a2,2026-09-13T15:53:02.069765+00:00
d254d6cae6adcbd562f0f80d1967b65e4a9c1c6238bce716d11185ce712784fe,P,5403,1,1,1C9S,2,O,evaluated,False,1,1,71,71,71,74,0.9594594594594594,0,7f33b7d196ae82aee2824855d6ea73b37fc18297b9c30671f7187dc6805ef0a2,2026-09-13T15:53:02.352722+00:00
bee7c172275a6eb2dd89cfffd85951ff2248ec23a7ea4fad54231b56c4d16840,Q,5403,1,1,1C9S,2,P,evaluated,False,1,1,70,70,70,74,0.9459459459459459,0,7f33b7d196ae82aee2824855d6ea73b37fc18297b9c30671f7187dc6805ef0a2,2026-09-13T15:53:02.640827+00:00
898125767cca334e4d853aead8f668cb3f76c509d5d0e4b43ebc152d8dfe0395,R,5403,1,1,1C9S,2,Q,evaluated,False,1,1,70,70,70,74,0.9459459459459459,0,7f33b7d196ae82aee2824855d6ea73b37fc18297b9c30671f7187dc6805ef0a2,2026-09-13T15:53:02.942519+00:00
91c9c7c91b4b37bcab3cf8c23c8de693e9e28157a1933e37053d980874acddd8,S,5403,1,1,1C9S,2,R,evaluated,False,1,1,70,70,70,74,0.9459459459459459,0,7f33b7d196ae82aee2824855d6ea73b37fc18297b9c30671f7187dc6805ef0a2,2026-09-13T15:53:03.097369+00:00
a11cdda5104b8aab4d2ecc728f9f10465a635fe3aba66ccbee812020dc7d6268,T,5403,1,1,1C9S,2,S,evaluated,False,1,1,70,70,70,74,0.9459459459459459,0,7f33b7d196ae82aee2824855d6ea73b37fc18297b9c30671f7187dc6805ef0a2,2026-09-13T15:53:03.250134+00:00
b7bfbeb780f08eec0446af16a48c2e4c0dfe022173210db711d4e434ef3fd64f,U,5403,1,1,1C9S,2,T,evaluated,False,1,1,70,70,70,74,0.9459459459459459,0,7f33b7d196ae82aee2824855d6ea73b37fc18297b9c30671f7187dc6805ef0a2,2026-09-13T15:53:03.391623+00:00
84ce1d1da3cf33d6cba2e486f280f91d09aa6f8f6414e6dc026caf8396824e32,V,5403,1,1,1C9S,2,U,evaluated,False,1,1,70,70,70,74,0.9459459459459459,0,7f33b7d196ae82aee2824855d6ea73b37fc18297b9c30671f7187dc6805ef0a2,2026-09-13T15:53:03.527858+00:00
20658563147342d08578bf8f2c1409ec989353a2aad2c7b6d92c1ae316a0011c,W,5403,1,1,1C9S,2,V,evaluated,False,1,1,70,70,70,74,0.9459459459459459,0,7f33b7d196ae82aee2824855d6ea73b37fc18297b9c30671f7187dc6805ef0a2,2026-09-13T15:53:03.668939+00:00
2e3b90a9847861939a795465195565dab68c9e4f03c0c18850e30f092327c59f,C,5905,1,1,1CA5,2,A,evaluated,False,1,1,65,65,65,66,0.9848484848484849,0,7f33b7d196ae82aee2824855d6ea73b37fc18297b9c30671f7187dc6805ef0a2,2026-09-13T15:53:04.319036+00:00
e1700c0143da42690c535d747ff70657a515db324301553252d5e9c2d023d6f4,C,5908,1,1,1CA5,2,A,evaluated,False,1,1,65,64,64,66,0.9696969696969697,0,7f33b7d196ae82aee2824855d6ea73b37fc18297b9c30671f7187dc6805ef0a2,2026-09-13T15:53:04.473031+00:00
3b67a7b8bda9f9529456e1a8e2d9db42a46aae93a3c54b201d2fd1feee9ccd77,C,5905,1,1,1CA6,2,A,evaluated,False,1,1,66,66,66,66,1.0,0,7f33b7d196ae82aee2824855d6ea73b37fc18297b9c30671f7187dc6805ef0a2,2026-09-13T15:53:05.059581+00:00
6758d51a631390caade6c5f1b2b495f555b269440231cdba23ba5ee1047bf90f,C,5908,1,1,1CA6,2,A,evaluated,False,1,1,66,65,65,66,0.9848484848484849,0,7f33b7d196ae82aee2824855d6ea73b37fc18297b9c30671f7187dc6805ef0a2,2026-09-13T15:53:05.200690+00:00
aee1ae0cd6525ecdd48447209d1f193c428e80c451034265c2d43350613025d6,A,5387,1,1,1D3Z,1,A,evaluated,False,1,1,76,76,76,76,1.0,0,7f33b7d196ae82aee2824855d6ea73b37fc18297b9c30671f7187dc6805ef0a2,2026-09-13T15:53:07.214572+00:00
8303cec06fa8808081bdd951f4dae983f5f95663618a005fe7e88e2e912e78db,A,5544,1,1,1DT7,1,A,evaluated,False,1,1,92,92,91,92,0.9891304347826086,2,7f33b7d196ae82aee2824855d6ea73b37fc18297b9c30671f7187dc6805ef0a2,2026-09-13T15:53:16.439634+00:00
d2159ea9fc794bafdf442d82f0749cca1340ac0093f284775a9c922cdfd71101,B,5544,1,1,1DT7,1,B,evaluated,False,1,1,92,92,91,92,0.9891304347826086,2,7f33b7d196ae82aee2824855d6ea73b37fc18297b9c30671f7187dc6805ef0a2,2026-09-13T15:53:16.777640+00:00
7343977d61ab044f9bc7933a6e0bb5749e426b194c11588d62c1f609e4e3c4a5,A,5771,1,1,1E9T,1,A,evaluated,False,1,1,59,59,59,59,1.0,0,7f33b7d196ae82aee2824855d6ea73b37fc18297b9c30671f7187dc6805ef0a2,2026-09-13T15:53:20.144320+00:00
c374273d152f2a27f585e1ef9e94467bd5e3e942c47809b495b34c7a9722800b,A,4590,1,1,1EIG,1,A,evaluated,False,1,1,73,73,73,73,1.0,0,7f33b7d196ae82aee2824855d6ea73b37fc18297b9c30671f7187dc6805ef0a2,2026-09-13T15:53:20.877662+00:00
c08369bbddf61f6e5e636dcb93577bee4cf2acae5eabd3cd600e3ed4728b3d6d,A,4590,1,1,1EIH,1,A,evaluated,False,1,1,73,73,73,73,1.0,0,7f33b7d196ae82aee2824855d6ea73b37fc18297b9c30671f7187dc6805ef0a2,2026-09-13T15:53:22.414942+00:00
dafcdb54af7d46f11a598b47d85c16fd5365b10998c22373ce4abb1aa5a2a2a5,A,4682,1,2,1EII,1,A,evaluated,False,1,1,134,134,134,134,1.0,0,7f33b7d196ae82aee2824855d6ea73b37fc18297b9c30671f7187dc6805ef0a2,2026-09-13T15:53:25.901088+00:00
c9e45f2b4e1337c3027758f2d2184e3c40e26a3899e1de7094492b965e05ea6d,A,4682,1,3,1EII,1,A,evaluated,False,1,1,134,134,134,134,1.0,0,7f33b7d196ae82aee2824855d6ea73b37fc18297b9c30671f7187dc6805ef0a2,2026-09-13T15:53:26.316044+00:00
4c824452815aef4855f6599d45d3d4a9c7dd992b989a743b4567d70b7723b77f,A,4912,1,1,1F3C,1,A,evaluated,False,1,1,89,89,89,89,1.0,0,7f33b7d196ae82aee2824855d6ea73b37fc18297b9c30671f7187dc6805ef0a2,2026-09-13T15:53:30.787466+00:00
698d88e2cf795e611ad131148d26efab813edffb1b846dbefa06719ea5c8eb5b,B,4912,1,1,1F3C,1,B,evaluated,False,1,1,89,89,89,89,1.0,0,7f33b7d196ae82aee2824855d6ea73b37fc18297b9c30671f7187dc6805ef0a2,2026-09-13T15:53:31.071402+00:00
cb3fd8b09c302087056dc06819c00e019aa8774a7e3ded3f053f7fe0683b8bae,A,4911,1,1,1F96,1,A,evaluated,False,1,1,89,89,89,89,1.0,0,7f33b7d196ae82aee2824855d6ea73b37fc18297b9c30671f7187dc6805ef0a2,2026-09-13T15:53:34.173783+00:00
ea84d137ca936754af6be1c0f5274539dc6c7deb59b55975d30c5f86adcad2c7,B,4911,1,1,1F96,1,B,evaluated,False,1,1,89,89,89,89,1.0,0,7f33b7d196ae82aee2824855d6ea73b37fc18297b9c30671f7187dc6805ef0a2,2026-09-13T15:53:34.413025+00:00
31095967a43ee0935ce482b4532857192aefeb086b3e674f1a029cf67faa357e,A,4679,1,1,1FLS,1,A,evaluated,False,1,1,158,158,158,165,0.9575757575757575,0,7f33b7d196ae82aee2824855d6ea73b37fc18297b9c30671f7187dc6805ef0a2,2026-09-13T15:53:35.178594+00:00
832e76da5b3ef27c0a52a57e17bf57716d368afa94df5eee45548068d98ebb85,A,4679,1,1,1FM1,1,A,evaluated,False,1,1,158,158,158,165,0.9575757575757575,0,7f33b7d196ae82aee2824855d6ea73b37fc18297b9c30671f7187dc6805ef0a2,2026-09-13T15:53:38.882937+00:00
f13ab98aa7e93d7e8eee849a0b066fe28603d91b71e0582ce06c4141dff6609c,B,5511,1,1,1FOE,2,B,evaluated,False,1,1,177,177,177,188,0.9414893617021277,0,7f33b7d196ae82aee2824855d6ea73b37fc18297b9c30671f7187dc6805ef0a2,2026-09-13T15:53:40.423297+00:00
a58886ba658e1bc2d88c743ed0c122f7a1a0f5291eb58a0e3438dbd8f218c11e,D,5511,1,1,1FOE,2,D,evaluated,False,1,1,177,177,177,188,0.9414893617021277,0,7f33b7d196ae82aee2824855d6ea73b37fc18297b9c30671f7187dc6805ef0a2,2026-09-13T15:53:40.759649+00:00
28e7d455d75de4c483f244a6e9928f824024de1f5d6c863051f99796b002976e,F,5511,1,1,1FOE,2,F,evaluated,False,1,1,177,177,177,188,0.9414893617021277,0,7f33b7d196ae82aee2824855d6ea73b37fc18297b9c30671f7187dc6805ef0a2,2026-09-13T15:53:41.263835+00:00
f84572fb6438ca39d412459044985bf92984b421daf0d4b73e3538517e261065,H,5511,1,1,1FOE,2,H,evaluated,False,1,1,177,177,177,188,0.9414893617021277,0,7f33b7d196ae82aee2824855d6ea73b37fc18297b9c30671f7187dc6805ef0a2,2026-09-13T15:53:41.771964+00:00
71b3f24e1bc7aa2ecb17fd88e4de142ffe691f1498e84b6f0cb5fc6ddfd3aac7,A,5387,1,1,1G6J,1,A,evaluated,False,1,1,76,76,76,76,1.0,0,7f33b7d196ae82aee2824855d6ea73b37fc18297b9c30671f7187dc6805ef0a2,2026-09-13T15:53:45.052447+00:00
e895b5db698bfcc3e79615f408e9318100f96fa29880133b22c15e80c7e70d37,A,5101,1,1,1GJZ,1,A,evaluated,False,1,1,53,53,53,53,1.0,0,7f33b7d196ae82aee2824855d6ea73b37fc18297b9c30671f7187dc6805ef0a2,2026-09-13T15:53:46.547238+00:00
04d033a87ecd5af31d9152a02ca010b2f9a1a3dcf94f6719c7861fdc0f174478,B,5101,1,1,1GJZ,1,B,evaluated,False,1,1,53,53,53,53,1.0,0,7f33b7d196ae82aee2824855d6ea73b37fc18297b9c30671f7187dc6805ef0a2,2026-09-13T15:53:46.728058+00:00
11723bdfcd260548b59acafb0d15611f82946ab01abe7401223c8ef2d88c3620,A,5403,1,1,1GTF,1,A,evaluated,False,1,1,69,69,69,74,0.9324324324324325,0,7f33b7d196ae82aee2824855d6ea73b37fc18297b9c30671f7187dc6805ef0a2,2026-09-13T15:53:47.963931+00:00
fca42b3accd795d3d45a7e2153817365132e84c748870ad8c343d07f047f9266,B,5403,1,1,1GTF,1,B,evaluated,False,1,1,68,68,68,74,0.918918918918919,0,7f33b7d196ae82aee2824855d6ea73b37fc18297b9c30671f7187dc6805ef0a2,2026-09-13T15:53:48.129361+00:00
55ce8451c08c42835fb67e67d93fe1a3dcc3e335716e3e528118f492ad9cf38f,C,5403,1,1,1GTF,1,C,evaluated,False,1,1,70,70,70,74,0.9459459459459459,0,7f33b7d196ae82aee2824855d6ea73b37fc18297b9c30671f7187dc6805ef0a2,2026-09-13T15:53:48.295804+00:00
312ba7415176a2e29d2a5e3deb57c8ec21c032a3e85412a2c9b244d09e780f52,D,5403,1,1,1GTF,1,D,evaluated,False,1,1,69,69,69,74,0.9324324324324325,0,7f33b7d196ae82aee2824855d6ea73b37fc18297b9c30671f7187dc6805ef0a2,2026-09-13T15:53:48.439296+00:00
3532079c50c49dd914f9f4ae33502c1fd9f2b7eead19b0c08710271261fd1c35,E,5403,1,1,1GTF,1,E,evaluated,False,1,1,68,68,68,74,0.918918918918919,0,7f33b7d196ae82aee2824855d6ea73b37fc18297b9c30671f7187dc6805ef0a2,2026-09-13T15:53:48.576441+00:00
ee55ed8c19f7255bdf9b3f872c7a34a44dabd49b5fe209b4a985c03deea974aa,F,5403,1,1,1GTF,1,F,evaluated,False,1,1,69,69,69,74,0.9324324324324325,0,7f33b7d196ae82aee2824855d6ea73b37fc18297b9c30671f7187dc6805ef0a2,2026-09-13T15:53:48.708874+00:00
eff50bb2987b0d9439b0f21a99181620d291a627e11ff8ecbcd89bf2d1d98c66,G,5403,1,1,1GTF,1,G,evaluated,False,1,1,70,70,70,74,0.9459459459459459,0,7f33b7d196ae82aee2824855d6ea73b37fc18297b9c30671f7187dc6805ef0a2,2026-09-13T15:53:48.845861+00:00
02df017bcc48be645b18c627da4de72592d1dbee5fe49c384e470021d377ffef,H,5403,1,1,1GTF,1,H,evaluated,False,1,1,68,68,68,74,0.918918918918919,0,7f33b7d196ae82aee2824855d6ea73b37fc18297b9c30671f7187dc6805ef0a2,2026-09-13T15:53:48.982221+00:00
11fd08cd7d3d8d0a87881c648645b0e885fbd0e4abec7d10f8311cb7300ae1d0,I,5403,1,1,1GTF,1,I,evaluated,False,1,1,69,69,69,74,0.9324324324324325,0,7f33b7d196ae82aee2824855d6ea73b37fc18297b9c30671f7187dc6805ef0a2,2026-09-13T15:53:49.136034+00:00
bee9da6b8d446b7ed0bb4d18ae0015f4739d473e45070fbad17b1580bbc69649,J,5403,1,1,1GTF,1,J,evaluated,False,1,1,67,67,67,74,0.9054054054054054,0,7f33b7d196ae82aee2824855d6ea73b37fc18297b9c30671f7187dc6805ef0a2,2026-09-13T15:53:49.276172+00:00
7d0005b513288cb9390425f0882f1ea2f27b84a9b481685e383aa6e28bbd7436,K,5403,1,1,1GTF,1,K,evaluated,False,1,1,69,69,69,74,0.9324324324324325,0,7f33b7d196ae82aee2824855d6ea73b37fc18297b9c30671f7187dc6805ef0a2,2026-09-13T15:53:49.430471+00:00
6372531b06532449ca22d300f400be05f87c2d900f9011740b36128af8ec5e33,L,5403,1,1,1GTF,1,L,evaluated,False,1,1,70,70,70,74,0.9459459459459459,0,7f33b7d196ae82aee2824855d6ea73b37fc18297b9c30671f7187dc6805ef0a2,2026-09-13T15:53:49.568708+00:00
5dc9b34ec2d3302da65355b01a92dd523519d0bd4dee7fcbf5191ab904c9d154,M,5403,1,1,1GTF,1,M,evaluated,False,1,1,71,71,71,74,0.9594594594594594,0,7f33b7d196ae82aee2824855d6ea73b37fc18297b9c30671f7187dc6805ef0a2,2026-09-13T15:53:49.713408+00:00
07818afe150d065d7c8fe1ec061043984cc9c4bddafefc577bc3e5b4e6deb9d1,N,5403,1,1,1GTF,1,N,evaluated,False,1,1,70,70,70,74,0.9459459459459459,0,7f33b7d196ae82aee2824855d6ea73b37fc18297b9c30671f7187dc6805ef0a2,2026-09-13T15:53:49.876447+00:00
0b1791a1b10712e9b7346607e19106a3fccd62feb7d2365a4b8c02e0abff0738,O,5403,1,1,1GTF,1,O,evaluated,False,1,1,70,70,70,74,0.9459459459459459,0,7f33b7d196ae82aee2824855d6ea73b37fc18297b9c30671f7187dc6805ef0a2,2026-09-13T15:53:50.024312+00:00
74abd1a89b759cb87bf284396fe0680e6d53badf3bcad0e775b60314854bcee4,P,5403,1,1,1GTF,1,P,evaluated,False,1,1,70,70,70,74,0.9459459459459459,0,7f33b7d196ae82aee2824855d6ea73b37fc18297b9c30671f7187dc6805ef0a2,2026-09-13T15:53:50.167370+00:00
313d32acb10f338f83be60e9c660cafe9f966ec6ccf3d5c1d67282d1b8135871,Q,5403,1,1,1GTF,1,Q,evaluated,False,1,1,70,70,70,74,0.9459459459459459,0,7f33b7d196ae82aee2824855d6ea73b37fc18297b9c30671f7187dc6805ef0a2,2026-09-13T15:53:50.326028+00:00
517fae2a5f6460a48d44bac4deaba4217d03d543af5c437529c6f06a35e1e2af,R,5403,1,1,1GTF,1,R,evaluated,False,1,1,70,70,70,74,0.9459459459459459,0,7f33b7d196ae82aee2824855d6ea73b37fc18297b9c30671f7187dc6805ef0a2,2026-09-13T15:53:50.494964+00:00
155f7be3126238f6835508c8919738dbc14eb5526d773a5194d4a66d54be510e,S,5403,1,1,1GTF,1,S,evaluated,False,1,1,70,70,70,74,0.9459459459459459,0,7f33b7d196ae82aee2824855d6ea73b37fc18297b9c30671f7187dc6805ef0a2,2026-09-13T15:53:50.633992+00:00
5fd801317b79cb5e37339a111003e10ea209badbfac8cb9989069f9bf806aca4,T,5403,1,1,1GTF,1,T,evaluated,False,1,1,70,70,70,74,0.9459459459459459,0,7f33b7d196ae82aee2824855d6ea73b37fc18297b9c30671f7187dc6805ef0a2,2026-09-13T15:53:50.786137+00:00
bb768882c312d5e2f638e12a3809124b9d8d0c8e8521b10858bec638e7db1cbf,U,5403,1,1,1GTF,1,U,evaluated,False,1,1,70,70,70,74,0.9459459459459459,0,7f33b7d196ae82aee2824855d6ea73b37fc18297b9c30671f7187dc6805ef0a2,2026-09-13T15:53:50.944472+00:00
236e97894c184795c3bb3f26469b3d42c0fca41b52e778cb1a04ed4af99f149d,V,5403,1,1,1GTF,1,V,evaluated,False,1,1,70,70,70,74,0.9459459459459459,0,7f33b7d196ae82aee2824855d6ea73b37fc18297b9c30671f7187dc6805ef0a2,2026-09-13T15:53:51.106954+00:00
503bb5f4bd5b317f1eff9d17d567591c3742f55d333f4725c0d4bee5d7da8c87,A,5403,1,1,1GTN,1,A,evaluated,False,1,1,68,68,68,74,0.918918918918919,0,7f33b7d196ae82aee2824855d6ea73b37fc18297b9c30671f7187dc6805ef0a2,2026-09-13T15:53:53.236465+00:00
1ff9e67eea4c4f3da43c163977d70b1f001c0f287437361daf78a562d69adfb0,B,5403,1,1,1GTN,1,B,evaluated,False,1,1,69,69,69,74,0.9324324324324325,0,7f33b7d196ae82aee2824855d6ea73b37fc18297b9c30671f7187dc6805ef0a2,2026-09-13T15:53:53.403537+00:00
298e81e88ffc6dd5c6da8e72363aa9af093f2f7730b370466625cbca003d37a7,C,5403,1,1,1GTN,1,C,evaluated,False,1,1,69,69,69,74,0.9324324324324325,0,7f33b7d196ae82aee2824855d6ea73b37fc18297b9c30671f7187dc6805ef0a2,2026-09-13T15:53:53.578869+00:00
153ff40379a586f60c37762b7fe3e21f42e72467ba1a801e17666e5a967689dc,D,5403,1,1,1GTN,1,D,evaluated,False,1,1,69,69,69,74,0.9324324324324325,0,7f33b7d196ae82aee2824855d6ea73b37fc18297b9c30671f7187dc6805ef0a2,2026-09-13T15:53:53.727940+00:00
cddefbac84a06f8553a91df7a445b87573d1e24ae3902b166d961fee422c511c,E,5403,1,1,1GTN,1,E,evaluated,False,1,1,68,68,68,74,0.918918918918919,0,7f33b7d196ae82aee2824855d6ea73b37fc18297b9c30671f7187dc6805ef0a2,2026-09-13T15:53:53.897794+00:00
74310b9bc523793c783eaccc14b757c7ac6cbf5259beaeb604bf84b521d1f4e1,F,5403,1,1,1GTN,1,F,evaluated,False,1,1,69,69,69,74,0.9324324324324325,0,7f33b7d196ae82aee2824855d6ea73b37fc18297b9c30671f7187dc6805ef0a2,2026-09-13T15:53:54.073869+00:00
bc00c3af595fa99e9749cbfe113465c35f344e330d5626ca048730332aabb13a,G,5403,1,1,1GTN,1,G,evaluated,False,1,1,70,70,70,74,0.9459459459459459,0,7f33b7d196ae82aee2824855d6ea73b37fc18297b9c30671f7187dc6805ef0a2,2026-09-13T15:53:54.230766+00:00
92fbf43dd08308bd162c6cc3c994c3d101de7122399d23dd0a633e21c697fef0,H,5403,1,1,1GTN,1,H,evaluated,False,1,1,69,69,69,74,0.9324324324324325,0,7f33b7d196ae82aee2824855d6ea73b37fc18297b9c30671f7187dc6805ef0a2,2026-09-13T15:53:54.367730+00:00
7ecafdd5fcffa968cf09ce976758a77043130586725ed281bd14f8cb42de0a76,I,5403,1,1,1GTN,1,I,evaluated,False,1,1,69,69,69,74,0.9324324324324325,0,7f33b7d196ae82aee2824855d6ea73b37fc18297b9c30671f7187dc6805ef0a2,2026-09-13T15:53:54.511331+00:00
abce137deba8049d4e4b6d50516c3fbf57d110c54f94ac7426df5ce261804376,J,5403,1,1,1GTN,1,J,evaluated,False,1,1,68,68,68,74,0.918918918918919,0,7f33b7d196ae82aee2824855d6ea73b37fc18297b9c30671f7187dc6805ef0a2,2026-09-13T15:53:54.652894+00:00
658822419e1089cbf61c2b5f0344170228597e0af4e93a1623fadf03d837c291,K,5403,1,1,1GTN,1,K,evaluated,False,1,1,69,69,69,74,0.9324324324324325,0,7f33b7d196ae82aee2824855d6ea73b37fc18297b9c30671f7187dc6805ef0a2,2026-09-13T15:53:54.791761+00:00
0c2dd207e21c3b714b440d6971ca5b836b7dbe4e14e958efc26fe5e9d43d496c,L,5403,1,1,1GTN,1,L,evaluated,False,1,1,70,70,70,74,0.9459459459459459,0,7f33b7d196ae82aee2824855d6ea73b37fc18297b9c30671f7187dc6805ef0a2,2026-09-13T15:53:54.936169+00:00
59075a493e1d2d9aa038ae8cf13bf878eef46a7c6efcfd37098e54b747448a26,M,5403,1,1,1GTN,1,M,evaluated,False,1,1,71,71,71,74,0.9594594594594594,0,7f33b7d196ae82aee2824855d6ea73b37fc18297b9c30671f7187dc6805ef0a2,2026-09-13T15:53:55.094145+00:00
90ee9299350d1f84398d0b11f1f7df7952d8e445a97d426becaffb2eab313995,N,5403,1,1,1GTN,1,N,evaluated,False,1,1,70,70,70,74,0.9459459459459459,0,7f33b7d196ae82aee2824855d6ea73b37fc18297b9c30671f7187dc6805ef0a2,2026-09-13T15:53:55.251709+00:00
ef78bd20a445188c46b4d8476ad1f49cee1caf9b6a4f1f8f8a270e1744551ba8,O,5403,1,1,1GTN,1,O,evaluated,False,1,1,71,71,71,74,0.9594594594594594,0,7f33b7d196ae82aee2824855d6ea73b37fc18297b9c30671f7187dc6805ef0a2,2026-09-13T15:53:55.397488+00:00
2ad7f6f241077362f68d17e591a6ae900a533e468d9b38dd1ed344f5c7048449,P,5403,1,1,1GTN,1,P,evaluated,False,1,1,70,70,70,74,0.9459459459459459,0,7f33b7d196ae82aee2824855d6ea73b37fc18297b9c30671f7187dc6805ef0a2,2026-09-13T15:53:55.671086+00:00
53c972b48e18c59a5b2330a465ef3eb04cc410a2554a14a4064d8f22d0ccbcf6,Q,5403,1,1,1GTN,1,Q,evaluated,False,1,1,70,70,70,74,0.9459459459459459,0,7f33b7d196ae82aee2824855d6ea73b37fc18297b9c30671f7187dc6805ef0a2,2026-09-13T15:53:55.883106+00:00
75627645c6fd880337f8b7ef02454c0b7769b9d4d84e94b710683c6b3ab9ebf8,R,5403,1,1,1GTN,1,R,evaluated,False,1,1,70,70,70,74,0.9459459459459459,0,7f33b7d196ae82aee2824855d6ea73b37fc18297b9c30671f7187dc6805ef0a2,2026-09-13T15:53:56.123389+00:00
8c47ceb92ba0f567c5cd631003e016636268b26dc803c64f2b108bfe065faf3d,S,5403,1,1,1GTN,1,S,evaluated,False,1,1,70,70,70,74,0.9459459459459459,0,7f33b7d196ae82aee2824855d6ea73b37fc18297b9c30671f7187dc6805ef0a2,2026-09-13T15:53:56.360153+00:00
9184d457fbdd1c8534a0ee20ab24f3e0c6823fbf8576773846d24d6e4509bcd8,T,5403,1,1,1GTN,1,T,evaluated,False,1,1,70,70,70,74,0.9459459459459459,0,7f33b7d196ae82aee2824855d6ea73b37fc18297b9c30671f7187dc6805ef0a2,2026-09-13T15:53:56.612093+00:00
8f5bb314309605668549054e6356b88ec5abad8e6699a43b169592399ac71dce,U,5403,1,1,1GTN,1,U,evaluated,False,1,1,70,70,70,74,0.9459459459459459,0,7f33b7d196ae82aee2824855d6ea73b37fc18297b9c30671f7187dc6805ef0a2,2026-09-13T15:53:56.841161+00:00
35a40d3995abc3ffee2f96746c68ed64cba7e764be0539d680a49ea383667536,V,5403,1,1,1GTN,1,V,evaluated,False,1,1,70,70,70,74,0.9459459459459459,0,7f33b7d196ae82aee2824855d6ea73b37fc18297b9c30671f7187dc6805ef0a2,2026-09-13T15:53:57.088692+00:00
b7e5a125fe4dd7ca5ab54a26ae510dd9af2423fbfe80aa63b966ec37cb8d2826,A,4900,1,1,1HEH,1,C,evaluated,False,1,1,88,88,88,88,1.0,0,7f33b7d196ae82aee2824855d6ea73b37fc18297b9c30671f7187dc6805ef0a2,2026-09-13T15:53:57.925085+00:00
a6af2074e6ccd80ffe4582085478bc1cc9cdc16c40c9ada28a13a1c526a86c1c,A,4900,1,1,1HEJ,1,C,evaluated,False,1,1,88,88,88,88,1.0,0,7f33b7d196ae82aee2824855d6ea73b37fc18297b9c30671f7187dc6805ef0a2,2026-09-13T15:53:58.925151+00:00
ddf8374bd77292c820308788f7d9cddc7fbf472729f12f0da9a41d3ab317d698,A,4906,1,1,1HF9,1,A,evaluated,False,1,1,41,41,41,41,1.0,0,7f33b7d196ae82aee2824855d6ea73b37fc18297b9c30671f7187dc6805ef0a2,2026-09-13T15:54:02.393835+00:00
2520e6eec677b6073b1dafb591bcf40d90b4285a9f9cb71db6b00a7da189ee36,B,4906,1,1,1HF9,1,B,evaluated,False,1,1,41,41,41,41,1.0,0,7f33b7d196ae82aee2824855d6ea73b37fc18297b9c30671f7187dc6805ef0a2,2026-09-13T15:54:02.539487+00:00
6b50be7300102c371e5f90ae1d8f67470d398656fff00f3211a02392c24d2525,A,4954,1,1,1HZE,1,A,evaluated,False,1,1,97,97,97,97,1.0,0,7f33b7d196ae82aee2824855d6ea73b37fc18297b9c30671f7187dc6805ef0a2,2026-09-13T15:54:03.566226+00:00
6b082a784b9abf0a0314884d3024bb7d08f932c22661fcdc604cd83185fb58bc,B,4954,1,1,1HZE,1,B,evaluated,False,1,1,97,97,97,97,1.0,0,7f33b7d196ae82aee2824855d6ea73b37fc18297b9c30671f7187dc6805ef0a2,2026-09-13T15:54:03.789391+00:00
65313bfd624e60fd54984fb358f3bc809c9858dee791941a5eea0ef843dda98e,A,4954,1,1,1I18,1,A,evaluated,False,1,1,97,97,97,97,1.0,0,7f33b7d196ae82aee2824855d6ea73b37fc18297b9c30671f7187dc6805ef0a2,2026-09-13T15:54:07.666331+00:00
e95eafc8ac301077ff18f00c2f51b00c20db009a80ac5f78e866b74a04a70558,B,4954,1,1,1I18,1,B,evaluated,False,1,1,97,97,97,97,1.0,0,7f33b7d196ae82aee2824855d6ea73b37fc18297b9c30671f7187dc6805ef0a2,2026-09-13T15:54:08.348166+00:00
1dfba379477d75c48bd3d92ed057a9ab384be3112c3f03cb5a9f136a68014880,A,5022,1,1,1I4V,1,A,evaluated,False,1,1,115,115,115,115,1.0,0,7f33b7d196ae82aee2824855d6ea73b37fc18297b9c30671f7187dc6805ef0a2,2026-09-13T15:54:13.113199+00:00
683cff9d4cdbc37f29190455c3fda0fb1ab699ff8d56470ad520b4ec0cd28918,B,5022,1,1,1I4V,1,B,evaluated,False,1,1,115,115,115,115,1.0,0,7f33b7d196ae82aee2824855d6ea73b37fc18297b9c30671f7187dc6805ef0a2,2026-09-13T15:54:13.591595+00:00
cfad5fd45bcec1c3affe5d7583aedb7bd441943fee6b2173b96ccf86e0e25091,A,5041,1,1,1IMO,1,A,evaluated,False,1,1,88,88,88,88,1.0,0,7f33b7d196ae82aee2824855d6ea73b37fc18297b9c30671f7187dc6805ef0a2,2026-09-13T15:54:14.338257+00:00
a25ef1e3d565a2552fdfee655007d21e3a67fd6a22153f080f27dd09c516e0ed,A,5041,1,1,1IN1,1,A,evaluated,False,1,1,88,88,88,88,1.0,0,7f33b7d196ae82aee2824855d6ea73b37fc18297b9c30671f7187dc6805ef0a2,2026-09-13T15:54:17.403658+00:00
812661e87b98d3cd4432c5c4e3d98f87cc8a32b9ae25d4d4215cb2ad72d2c02b,A,5129,1,1,1IQO,1,A,evaluated,False,1,1,88,88,88,88,1.0,0,7f33b7d196ae82aee2824855d6ea73b37fc18297b9c30671f7187dc6805ef0a2,2026-09-13T15:54:19.805242+00:00
183907a152fb2de1803960c14363059129523ef2efe8a4164cda2ef79a0a0cca,A,5129,1,1,1IQS,1,A,evaluated,False,1,1,88,88,88,88,1.0,0,7f33b7d196ae82aee2824855d6ea73b37fc18297b9c30671f7187dc6805ef0a2,2026-09-13T15:54:20.531966+00:00
e977e4adbe707ad80fdf5c0cdd823e90a76b0a25753ad59a36a14da573ec95ca,A,5303,1,1,1J56,1,A,evaluated,False,1,1,124,124,124,124,1.0,0,7f33b7d196ae82aee2824855d6ea73b37fc18297b9c30671f7187dc6805ef0a2,2026-09-13T15:54:21.368860+00:00
7f7798d95d233ddae0ec6acb6ea06d0abc94692e8c3c30678bb6225b2055b7ba,A,5261,1,1,1J57,1,A,evaluated,False,1,1,143,143,143,143,1.0,0,7f33b7d196ae82aee2824855d6ea73b37fc18297b9c30671f7187dc6805ef0a2,2026-09-13T15:54:22.603530+00:00
b823a162becc9ce8fe878b8742703bf3449f4a45dff0b1c84cd65b5b07ed0af7,A,5042,1,1,1J8I,1,A,evaluated,False,1,1,93,93,93,93,1.0,0,7f33b7d196ae82aee2824855d6ea73b37fc18297b9c30671f7187dc6805ef0a2,2026-09-13T15:54:26.491676+00:00
7e0bd0ecb7724d84beb2a93d1eab3b502c0d2707ded9902f9c2b4c1a1f199226,A,5042,1,1,1J9O,1,A,evaluated,False,1,1,93,93,93,93,1.0,0,7f33b7d196ae82aee2824855d6ea73b37fc18297b9c30671f7187dc6805ef0a2,2026-09-13T15:54:27.483610+00:00
3f18121aeae41b944c2f4755efd77557b34b963e3db1b3eb73790c57826ffa8d,A,5319,1,1,1JBH,1,A,evaluated,False,1,1,135,135,135,135,1.0,0,7f33b7d196ae82aee2824855d6ea73b37fc18297b9c30671f7187dc6805ef0a2,2026-09-13T15:54:31.066883+00:00
2bf07eea59e98e7a9090e316aa2f2aa76c7adc1a73d99ed38f0d1296ffa110e5,A,5225,1,1,1JNS,1,A,evaluated,False,1,1,92,92,92,92,1.0,0,7f33b7d196ae82aee2824855d6ea73b37fc18297b9c30671f7187dc6805ef0a2,2026-09-13T15:54:33.389810+00:00
ad35cb7d00bd80589a0898f2e8788b74b532c780900c22abd8afc69400722196,A,5225,1,1,1JNT,1,A,evaluated,False,1,1,92,92,92,92,1.0,0,7f33b7d196ae82aee2824855d6ea73b37fc18297b9c30671f7187dc6805ef0a2,2026-09-13T15:54:34.126243+00:00
7073b0dbdbbd952ffdd580e3d331833a4a4b66cb9684ecfbc400d6530cb4555f,A,4430,1,1,1JWD,1,A,evaluated,False,1,1,90,90,90,90,1.0,0,7f33b7d196ae82aee2824855d6ea73b37fc18297b9c30671f7187dc6805ef0a2,2026-09-13T15:54:37.326012+00:00
b0660252839d715864da338e7720e0a903fbf3c0fc3a224ea516a0aff6ec61f4,B,4430,1,1,1JWD,1,B,evaluated,False,1,1,90,90,90,90,1.0,0,7f33b7d196ae82aee2824855d6ea73b37fc18297b9c30671f7187dc6805ef0a2,2026-09-13T15:54:37.570420+00:00
b7a54dd4417a7a19258d0cb55f2c916994a2d7c1ed086a12812af91d5e2ffc6f,A,5172,1,1,1K3G,1,A,evaluated,False,1,1,71,71,71,71,1.0,0,7f33b7d196ae82aee2824855d6ea73b37fc18297b9c30671f7187dc6805ef0a2,2026-09-13T15:54:41.036747+00:00
ce18833e758161415f3431f09ab482d22453e31210722b1cd369f34ec3f9b84f,A,5172,1,1,1K3H,1,A,evaluated,False,1,1,71,71,71,71,1.0,0,7f33b7d196ae82aee2824855d6ea73b37fc18297b9c30671f7187dc6805ef0a2,2026-09-13T15:54:41.856305+00:00
9d01d13cf84b408fa9780b706c9bcc56af89c0ade1d4d14b24d6a866b6b59fe6,A,5181,1,1,1K42,1,A,evaluated,False,1,1,168,168,168,168,1.0,0,7f33b7d196ae82aee2824855d6ea73b37fc18297b9c30671f7187dc6805ef0a2,2026-09-13T15:54:43.921296+00:00
44b676dcd292d629dc4c2b5262aac3f974e05b03934cacefbfc34425705e65cd,A,5181,1,1,1K45,1,A,evaluated,False,1,1,168,168,168,168,1.0,0,7f33b7d196ae82aee2824855d6ea73b37fc18297b9c30671f7187dc6805ef0a2,2026-09-13T15:54:44.775541+00:00
64577410cc5eca51a4da965eda323bb909c154495fb95aa3398da77e329bd3a9,A,5729,1,1,1K76,1,A,evaluated,False,1,1,60,59,59,62,0.9516129032258065,0,7f33b7d196ae82aee2824855d6ea73b37fc18297b9c30671f7187dc6805ef0a2,2026-09-13T15:54:45.442692+00:00
b45284bf7d69f38fdf4e7f8728141c1ee4a00d2a56f09a44d9db699e32607cf6,A,5078,1,1,1K8M,1,A,evaluated,False,1,1,87,87,87,93,0.9354838709677419,0,7f33b7d196ae82aee2824855d6ea73b37fc18297b9c30671f7187dc6805ef0a2,2026-09-13T15:54:46.090013+00:00
529bee052032f2d40514df2b98e1137b6d73d75a82ea8606d122fe88c64e9d53,A,5078,1,1,1K8O,1,A,evaluated,False,1,1,87,87,87,93,0.9354838709677419,0,7f33b7d196ae82aee2824855d6ea73b37fc18297b9c30671f7187dc6805ef0a2,2026-09-13T15:54:48.837826+00:00
99af7277b93dd5f935123819d3cdbef4e449e952c351964f8db469d6c5006f10,A,5185,1,1,1KAT,1,V,evaluated,False,1,1,99,99,99,99,1.0,0,7f33b7d196ae82aee2824855d6ea73b37fc18297b9c30671f7187dc6805ef0a2,2026-09-13T15:54:54.489460+00:00
5c83a014b033125bb84655b0f1391ee93cfd1bee58f1418a3364adfc475fa2b1,B,5185,1,1,1KAT,1,W,evaluated,False,1,1,99,99,99,99,1.0,0,7f33b7d196ae82aee2824855d6ea73b37fc18297b9c30671f7187dc6805ef0a2,2026-09-13T15:54:55.034589+00:00
cffa0d77842ae507234f736331ebf388984c06a2362dddf60c0cc326e2f1169e,A,5203,1,1,1KBE,1,A,evaluated,False,1,1,49,49,49,49,1.0,0,7f33b7d196ae82aee2824855d6ea73b37fc18297b9c30671f7187dc6805ef0a2,2026-09-13T15:54:55.969864+00:00
82cb30ba56e949563639a2fa12ef45cb59ed0c44e4a0e79b4a21498812523d3c,A,5203,1,1,1KBF,1,A,evaluated,False,1,1,49,49,49,49,1.0,0,7f33b7d196ae82aee2824855d6ea73b37fc18297b9c30671f7187dc6805ef0a2,2026-09-13T15:54:58.096291+00:00
b83c3767ebea6943c5975eb8526c0f85986ececb580737455d9814ece4f65c80,A,5729,1,1,1KFZ,1,A,evaluated,False,1,1,62,61,61,62,0.9838709677419355,0,7f33b7d196ae82aee2824855d6ea73b37fc18297b9c30671f7187dc6805ef0a2,2026-09-13T15:54:59.222156+00:00
3f188235f2f700e28ea5af3029c93dddecad374cc06fab37cd4320f2255ac4ba,A,5319,1,1,1KGL,1,A,evaluated,False,1,1,135,135,135,135,1.0,0,7f33b7d196ae82aee2824855d6ea73b37fc18297b9c30671f7187dc6805ef0a2,2026-09-13T15:55:02.911072+00:00
b035383c43276fa170d5c47a7f6b6bf20d0e73e185dbbfde0e1ad1303e947814,A,5238,1,1,1KMX,1,A,evaluated,False,1,1,55,55,54,55,0.9818181818181818,1,7f33b7d196ae82aee2824855d6ea73b37fc18297b9c30671f7187dc6805ef0a2,2026-09-13T15:55:04.199709+00:00
aaf89c61dc6b175335425884b902477499617c84e38ce6bac88f8ed979d70542,A,5303,1,1,1KRW,1,A,evaluated,False,1,1,124,124,124,124,1.0,0,7f33b7d196ae82aee2824855d6ea73b37fc18297b9c30671f7187dc6805ef0a2,2026-09-13T15:55:09.981794+00:00
c0af407536f92d1a8a4f289973c5195a485cf821cecabe5993aac6f5a6aeabc8,A,5303,1,1,1KRX,1,A,evaluated,False,1,1,124,124,124,124,1.0,0,7f33b7d196ae82aee2824855d6ea73b37fc18297b9c30671f7187dc6805ef0a2,2026-09-13T15:55:13.766473+00:00
ada276625163754e11fc72834a328faa3a487b309a354c65faf5c5dbb165a63c,A,5261,1,1,1KTU,1,A,evaluated,False,1,1,143,143,143,143,1.0,0,7f33b7d196ae82aee2824855d6ea73b37fc18297b9c30671f7187dc6805ef0a2,2026-09-13T15:55:15.185812+00:00
131db925fd1cb94d874fa85646249c5e5d5b9a243a1fd407f210f0f764f8027f,A,4935,1,1,1KVN,1,A,evaluated,False,1,1,104,104,104,104,1.0,0,7f33b7d196ae82aee2824855d6ea73b37fc18297b9c30671f7187dc6805ef0a2,2026-09-13T15:55:17.440231+00:00
380bd14f02e692bdabf2c9cf1e6ee4e2497d1b948bcd386c60f3e2d0ceb77c8b,A,4935,1,1,1KVV,1,A,evaluated,False,1,1,104,104,104,104,1.0,0,7f33b7d196ae82aee2824855d6ea73b37fc18297b9c30671f7187dc6805ef0a2,2026-09-13T15:55:18.077843+00:00
b6744de26172126965b955ec9d972d2b95a1f9621a96cf866320af64a3a52125,A,5304,1,1,1KX2,1,A,evaluated,False,1,1,81,81,81,81,1.0,0,7f33b7d196ae82aee2824855d6ea73b37fc18297b9c30671f7187dc6805ef0a2,2026-09-13T15:55:20.160005+00:00
f950529e6d4324803b764929b6d76f0f41b0d5e66d69c95bdee11ac59fab2d66,A,5304,1,1,1KX7,1,A,evaluated,False,1,1,81,81,81,81,1.0,0,7f33b7d196ae82aee2824855d6ea73b37fc18297b9c30671f7187dc6805ef0a2,2026-09-13T15:55:22.448591+00:00
1376f7fb9672b208d0a2b922083af3ea288be86575c6850faece9a5ef403339f,C,5345,1,1,1L1M,3,A,evaluated,False,1,1,62,62,62,62,1.0,0,7f33b7d196ae82aee2824855d6ea73b37fc18297b9c30671f7187dc6805ef0a2,2026-09-13T15:55:27.312309+00:00
7b225d06e39774020d508132bfa3b3276093d0f7a30c828fa6525302be466a5d,C,5345,1,2,1L1M,3,A,evaluated,False,1,1,62,62,62,62,1.0,0,7f33b7d196ae82aee2824855d6ea73b37fc18297b9c30671f7187dc6805ef0a2,2026-09-13T15:55:27.528091+00:00
d2e5999c5d3400c12d9643734949677e3231a16fccabe032e62615aac6d7b090,D,5345,1,1,1L1M,3,B,evaluated,False,1,1,62,62,62,62,1.0,0,7f33b7d196ae82aee2824855d6ea73b37fc18297b9c30671f7187dc6805ef0a2,2026-09-13T15:55:27.706017+00:00
c0b224f6e930c0d9ec3c5669af80e179378297925404cedca0d60c18ee21901f,D,5345,1,2,1L1M,3,B,evaluated,False,1,1,62,62,62,62,1.0,0,7f33b7d196ae82aee2824855d6ea73b37fc18297b9c30671f7187dc6805ef0a2,2026-09-13T15:55:27.890274+00:00
1d98e9268f5959b18fd910f59a7b2ff951d37a91d7cf6949de22348edcce48d1,A,5297,1,1,1L2M,1,A,evaluated,False,1,1,118,118,118,118,1.0,0,7f33b7d196ae82aee2824855d6ea73b37fc18297b9c30671f7187dc6805ef0a2,2026-09-13T15:55:28.657222+00:00
1a66a0e495736319ca6555577f08c19b1360d3e0cc703750dcef10ca43bf7fec,A,5297,1,1,1L5I,1,A,evaluated,False,1,1,118,118,118,118,1.0,0,7f33b7d196ae82aee2824855d6ea73b37fc18297b9c30671f7187dc6805ef0a2,2026-09-13T15:55:31.440327+00:00
ab70221debe1ce4b6b0f1ade899149d378496c6c6c23c4c944c2753b8a4cc060,A,5392,1,1,1L8Y,1,A,evaluated,False,1,1,84,84,83,84,0.9880952380952381,1,7f33b7d196ae82aee2824855d6ea73b37fc18297b9c30671f7187dc6805ef0a2,2026-09-13T15:55:34.366723+00:00
c445cde433770c8ca074df9c9e33cd0e58e3a4e599b327d51cbaba28b1810291,A,5392,1,1,1L8Z,1,A,evaluated,False,1,1,84,84,83,84,0.9880952380952381,1,7f33b7d196ae82aee2824855d6ea73b37fc18297b9c30671f7187dc6805ef0a2,2026-09-13T15:55:35.019394+00:00
13319248bb6cd28dbcac088a1c697aaa32bc04866bcc025b75c25094a1e2534e,A,5390,1,1,1LR1,1,A,evaluated,False,1,1,57,57,57,61,0.9344262295081968,0,7f33b7d196ae82aee2824855d6ea73b37fc18297b9c30671f7187dc6805ef0a2,2026-09-13T15:55:37.775143+00:00
6812ba93ac038ee2bda535629b02b7cfda3f80ba62fc1f5a38a092915af3c814,B,5390,1,1,1LR1,1,B,evaluated,False,1,1,57,57,57,61,0.9344262295081968,0,7f33b7d196ae82aee2824855d6ea73b37fc18297b9c30671f7187dc6805ef0a2,2026-09-13T15:55:38.055687+00:00
0fd7a3ee26a84565d3e313ff00f8afd44cc4e97e0dfafe0e154ed983e94c02ca,A,5461,1,1,1LUI,1,A,evaluated,False,1,1,110,108,108,118,0.9152542372881356,0,7f33b7d196ae82aee2824855d6ea73b37fc18297b9c30671f7187dc6805ef0a2,2026-09-13T15:55:41.101653+00:00
01b65aaf1cf675286f4ac6faf6a2ad5edd2de7369a4004a83ceedbc187ecabc8,A,5461,1,2,1LUI,1,A,evaluated,False,1,1,110,108,108,118,0.9152542372881356,0,7f33b7d196ae82aee2824855d6ea73b37fc18297b9c30671f7187dc6805ef0a2,2026-09-13T15:55:41.407872+00:00
d7d2f3ab0a5d7f2af4829f38f6806c570e0fad910a66ece1763acce9fc20026a,A,5461,1,1,1LUK,1,A,evaluated,False,1,1,110,108,108,118,0.9152542372881356,0,7f33b7d196ae82aee2824855d6ea73b37fc18297b9c30671f7187dc6805ef0a2,2026-09-13T15:55:42.066020+00:00
dc85b3a8156a177dbafff25e5d7e2af5bde647ecc451265a5918429ed9983092,A,5461,1,2,1LUK,1,A,evaluated,False,1,1,110,108,108,118,0.9152542372881356,0,7f33b7d196ae82aee2824855d6ea73b37fc18297b9c30671f7187dc6805ef0a2,2026-09-13T15:55:42.322450+00:00
a4148e19dec5c6ab13c64e88c2abd05093b9c345cca1716c38f9c5c43bf3e4ba,A,5461,1,1,1LUM,1,A,evaluated,False,1,1,110,108,108,118,0.9152542372881356,0,7f33b7d196ae82aee2824855d6ea73b37fc18297b9c30671f7187dc6805ef0a2,2026-09-13T15:55:45.178515+00:00
cd5fe27e5a7933173bc14e925b3669e619d4b5152d9993d8afdc1e575a2eef05,A,5461,1,2,1LUM,1,A,evaluated,False,1,1,110,108,108,118,0.9152542372881356,0,7f33b7d196ae82aee2824855d6ea73b37fc18297b9c30671f7187dc6805ef0a2,2026-09-13T15:55:45.458492+00:00
4d5c987309622d37a35ea340d01c859d83670f95cf5c2bb82bce8afa37621900,A,5461,1,1,1LUN,1,A,evaluated,False,1,1,110,108,108,118,0.9152542372881356,0,7f33b7d196ae82aee2824855d6ea73b37fc18297b9c30671f7187dc6805ef0a2,2026-09-13T15:55:47.026339+00:00
de9a10de1acd8c805505fed539877cd7c8e9cbb0ae1971c6535095937c467c6a,A,5461,1,2,1LUN,1,A,evaluated,False,1,1,110,108,108,118,0.9152542372881356,0,7f33b7d196ae82aee2824855d6ea73b37fc18297b9c30671f7187dc6805ef0a2,2026-09-13T15:55:47.245500+00:00
fad6d55c1d06199c8a25c8ec5f97a555b324af7955e917accf666019e6ada5bf,A,5465,1,1,1M12,1,A,evaluated,False,1,1,84,84,84,84,1.0,0,7f33b7d196ae82aee2824855d6ea73b37fc18297b9c30671f7187dc6805ef0a2,2026-09-13T15:55:48.767689+00:00
8699a250bab5edf9107455087bb4bbb0ff4671f287d15c8d7d4e1655c1f562b7,A,5031,1,1,1M2E,1,A,evaluated,False,1,1,135,135,135,135,1.0,0,7f33b7d196ae82aee2824855d6ea73b37fc18297b9c30671f7187dc6805ef0a2,2026-09-13T15:55:49.485509+00:00
750b6fb1a573ba5829f2a200f7400a4574cb68cc9edaae95d59bf07c5adb5b79,A,5031,1,1,1M2F,1,A,evaluated,False,1,1,135,135,135,135,1.0,0,7f33b7d196ae82aee2824855d6ea73b37fc18297b9c30671f7187dc6805ef0a2,2026-09-13T15:55:54.967253+00:00
9f727ae0b28f598ac53f2b3ef9fe10a1630f51d30cad75d938eb41ead6d22df4,A,5532,1,1,1M4P,1,A,evaluated,False,1,1,144,144,144,145,0.993103448275862,0,7f33b7d196ae82aee2824855d6ea73b37fc18297b9c30671f7187dc6805ef0a2,2026-09-13T15:55:58.009026+00:00
322a3c7047ac7cde75a03c29241cc29eb129c83cb76fe10c1c26696660cd81cc,A,5532,1,1,1M4Q,1,A,evaluated,False,1,1,144,144,144,145,0.993103448275862,0,7f33b7d196ae82aee2824855d6ea73b37fc18297b9c30671f7187dc6805ef0a2,2026-09-13T15:56:00.556066+00:00
a0f40eedafed46d312e37f708150bc9038c87fc4091c3015ca0bba09591ba211,A,5472,1,1,1M8B,1,A,evaluated,False,1,1,56,56,56,56,1.0,0,7f33b7d196ae82aee2824855d6ea73b37fc18297b9c30671f7187dc6805ef0a2,2026-09-13T15:56:01.777010+00:00
d0de375fa88ee6b8982c9076a58561931c91fce2cc094af594e54975ea68fa41,A,5473,1,1,1M8B,1,A,evaluated,False,1,1,56,56,56,56,1.0,0,7f33b7d196ae82aee2824855d6ea73b37fc18297b9c30671f7187dc6805ef0a2,2026-09-13T15:56:01.920345+00:00
aae1d3ac3270ec6546f4c53c7b2a8c3a5740627b7efa54f1bd5f8c321ac78ab9,A,5472,1,1,1M8C,1,A,evaluated,False,1,1,56,56,56,56,1.0,0,7f33b7d196ae82aee2824855d6ea73b37fc18297b9c30671f7187dc6805ef0a2,2026-09-13T15:56:03.020308+00:00
33f61a02498995e7ed9af34c1bf8af1b196981ee1e984e0ddf97368d6f0d1679,A,5473,1,1,1M8C,1,A,evaluated,False,1,1,56,56,56,56,1.0,0,7f33b7d196ae82aee2824855d6ea73b37fc18297b9c30671f7187dc6805ef0a2,2026-09-13T15:56:03.185150+00:00
775ba36c60f5c3fc216f591551b6dbcb035659ea4e82b4f75af0cfea56be4401,A,5557,1,2,1MM4,1,A,evaluated,False,1,1,170,170,170,170,1.0,0,7f33b7d196ae82aee2824855d6ea73b37fc18297b9c30671f7187dc6805ef0a2,2026-09-13T15:56:06.483036+00:00
35663a55b66a71aff624cb99f30dd9e6fb5c2d5a8b392ad8aa00e229a3e59f24,A,5557,1,2,1MM5,1,A,evaluated,False,1,1,170,170,170,170,1.0,0,7f33b7d196ae82aee2824855d6ea73b37fc18297b9c30671f7187dc6805ef0a2,2026-09-13T15:56:10.647159+00:00
1f8d30c30ed05d6fd24069ebedfb4142ddcf8253a8c49408bbfe69983b2f66b5,A,5654,1,1,1MPE,1,A,evaluated,False,1,1,56,56,56,56,1.0,0,7f33b7d196ae82aee2824855d6ea73b37fc18297b9c30671f7187dc6805ef0a2,2026-09-13T15:56:13.718266+00:00
b4c831855888578f86158d4033fd66687017154041add1b6e67acbe340bb0ac6,B,5654,1,1,1MPE,1,B,evaluated,False,1,1,56,56,56,56,1.0,0,7f33b7d196ae82aee2824855d6ea73b37fc18297b9c30671f7187dc6805ef0a2,2026-09-13T15:56:13.880549+00:00
e779f8d78f8789901e8d7a5bb360c14b460e25a5fd538a5119010f681ddf9e51,C,5654,1,1,1MPE,1,C,evaluated,False,1,1,56,56,56,56,1.0,0,7f33b7d196ae82aee2824855d6ea73b37fc18297b9c30671f7187dc6805ef0a2,2026-09-13T15:56:14.038874+00:00
f096b9abc1403c5b6ea58119a28ef813d7c401ac2f957981a6d2f9828cfd79ae,D,5654,1,1,1MPE,1,D,evaluated,False,1,1,56,56,56,56,1.0,0,7f33b7d196ae82aee2824855d6ea73b37fc18297b9c30671f7187dc6805ef0a2,2026-09-13T15:56:14.189217+00:00
e0c76b7e42f6ba092e2239b9c50be4deaf39c901f00cd980c19545344b379939,A,5544,1,1,1MWN,1,A,evaluated,False,1,1,91,91,91,92,0.9891304347826086,0,7f33b7d196ae82aee2824855d6ea73b37fc18297b9c30671f7187dc6805ef0a2,2026-09-13T15:56:17.273209+00:00
5dc4641addb6847e8795dbbf7839da318ad0ed2f18dd2e30365f31522ce5cbf8,B,5544,1,1,1MWN,1,B,evaluated,False,1,1,91,91,91,92,0.9891304347826086,0,7f33b7d196ae82aee2824855d6ea73b37fc18297b9c30671f7187dc6805ef0a2,2026-09-13T15:56:17.522239+00:00
8572d1634f54d6a767f5b0e258203f63115f507e99fe3efc535f45587030bd65,A,5604,1,1,1MWY,1,A,evaluated,False,1,1,73,73,73,73,1.0,0,7f33b7d196ae82aee2824855d6ea73b37fc18297b9c30671f7187dc6805ef0a2,2026-09-13T15:56:19.398498+00:00
27f25385cf440e31c1990ce2dc24b36358eef1e07bac4ffbf5667efc119806b3,A,5604,1,1,1MWZ,1,A,evaluated,False,1,1,73,73,73,73,1.0,0,7f33b7d196ae82aee2824855d6ea73b37fc18297b9c30671f7187dc6805ef0a2,2026-09-13T15:56:22.236261+00:00
8b74da65910c85cf786a7b2193668a3a68d171521177b3d4513c304f924e819e,A,5567,1,1,1N3J,1,A,evaluated,False,1,1,119,119,119,119,1.0,0,7f33b7d196ae82aee2824855d6ea73b37fc18297b9c30671f7187dc6805ef0a2,2026-09-13T15:56:23.688657+00:00
92a2535f9b31c6efd5fe3d8dcf778fa6e6737c70b6f0ac14976f74faaa233a56,B,5567,1,1,1N3J,1,B,evaluated,False,1,1,119,119,119,119,1.0,0,7f33b7d196ae82aee2824855d6ea73b37fc18297b9c30671f7187dc6805ef0a2,2026-09-13T15:56:24.039672+00:00
9f0394cbc6c8c8e3ca03004af18eabab3f9ba6b51251ac0799bb4a5653157ed4,A,5688,1,1,1N5H,1,A,evaluated,False,1,1,105,105,105,105,1.0,0,7f33b7d196ae82aee2824855d6ea73b37fc18297b9c30671f7187dc6805ef0a2,2026-09-13T15:56:25.622747+00:00
53d80a56527b51fc95902aceeead5d444b1b721c82b0667149ec06ad425ca841,A,5688,1,2,1N5H,1,A,evaluated,False,1,1,105,105,105,105,1.0,0,7f33b7d196ae82aee2824855d6ea73b37fc18297b9c30671f7187dc6805ef0a2,2026-09-13T15:56:25.866186+00:00
657171c4469407fa5fe7d3bb5b610b5d540297e72fbec2d285bb8b980ac5ee4b,A,5688,1,3,1N5H,1,A,evaluated,False,1,1,105,105,105,105,1.0,0,7f33b7d196ae82aee2824855d6ea73b37fc18297b9c30671f7187dc6805ef0a2,2026-09-13T15:56:26.120299+00:00
d1eaf473f21be2e89898d9e8ff4093580ea1b5213a8324c1458c244b4f36ed4c,A,5688,1,4,1N5H,1,A,evaluated,False,1,1,105,105,105,105,1.0,0,7f33b7d196ae82aee2824855d6ea73b37fc18297b9c30671f7187dc6805ef0a2,2026-09-13T15:56:26.355398+00:00
668d063e5be8166333f9b69697903de88c34c8344be0b88d1db6e33fb3842a9e,A,5688,1,1,1N5P,1,A,evaluated,False,1,1,105,105,105,105,1.0,0,7f33b7d196ae82aee2824855d6ea73b37fc18297b9c30671f7187dc6805ef0a2,2026-09-13T15:56:27.807453+00:00
c264c341b934586d8245135bd626b1258361d92cc0f115a5a4b53cb3cc2e6a57,A,5688,1,2,1N5P,1,A,evaluated,False,1,1,105,105,105,105,1.0,0,7f33b7d196ae82aee2824855d6ea73b37fc18297b9c30671f7187dc6805ef0a2,2026-09-13T15:56:28.067852+00:00
58f7a8bdc8f5adf5a6c253245bf66e7bf095f621bb1215600d9fdb3f41f03fad,A,5688,1,3,1N5P,1,A,evaluated,False,1,1,105,105,105,105,1.0,0,7f33b7d196ae82aee2824855d6ea73b37fc18297b9c30671f7187dc6805ef0a2,2026-09-13T15:56:28.331242+00:00
040398655365e21ed4810cf3b6505cf4f5f18c793ba561d729bbbff6fafd529f,A,5688,1,4,1N5P,1,A,evaluated,False,1,1,105,105,105,105,1.0,0,7f33b7d196ae82aee2824855d6ea73b37fc18297b9c30671f7187dc6805ef0a2,2026-09-13T15:56:28.652664+00:00
b2930ed62bb8a011e82caf0ab3c4c09c524810bc728d768989856c57f9480d68,A,5049,1,1,1N6U,1,A,evaluated,False,1,1,212,212,212,212,1.0,0,7f33b7d196ae82aee2824855d6ea73b37fc18297b9c30671f7187dc6805ef0a2,2026-09-13T15:56:32.485872+00:00
7c6fe57fd669c7c2519210a95d0d8369c4751f1b6f181eacd9560dd4dee9c1a0,A,5049,1,1,1N6V,1,A,evaluated,False,1,1,212,212,212,212,1.0,0,7f33b7d196ae82aee2824855d6ea73b37fc18297b9c30671f7187dc6805ef0a2,2026-09-13T15:56:33.966414+00:00
758bd8601eeae56574b099dc74f7ff3b93ae8ea3ba5c8358b356e293df30d3f9,A,5621,1,1,1NEI,1,A,evaluated,False,1,1,60,60,60,60,1.0,0,7f33b7d196ae82aee2824855d6ea73b37fc18297b9c30671f7187dc6805ef0a2,2026-09-13T15:56:36.617030+00:00
c99a2ec0234897b9e1742792677a402fe8ba542565416c989fde1268b2fa3102,B,5621,1,1,1NEI,1,B,evaluated,False,1,1,60,60,60,60,1.0,0,7f33b7d196ae82aee2824855d6ea73b37fc18297b9c30671f7187dc6805ef0a2,2026-09-13T15:56:36.855401+00:00
e3b7b484bc5b09207deb0494346e20585f9453b7a7f726417eb9c8cd5a11d509,A,5753,1,1,1NG7,1,A,evaluated,False,1,1,60,60,60,60,1.0,0,7f33b7d196ae82aee2824855d6ea73b37fc18297b9c30671f7187dc6805ef0a2,2026-09-13T15:56:38.574334+00:00
f04cbc51990d51f8c89207d5e0a59e0f50ef9b5bb37b1cab40ea7d156c90a588,B,5753,1,1,1NG7,1,B,evaluated,False,1,1,60,60,60,60,1.0,0,7f33b7d196ae82aee2824855d6ea73b37fc18297b9c30671f7187dc6805ef0a2,2026-09-13T15:56:38.737593+00:00
14e7c5c934c36664e80c80ea46f98932138ee734b51d496d06ccd913f00ac8e2,A,5189,1,1,1NSH,1,A,evaluated,False,1,1,101,101,101,102,0.9901960784313726,0,7f33b7d196ae82aee2824855d6ea73b37fc18297b9c30671f7187dc6805ef0a2,2026-09-13T15:56:41.729616+00:00
412dfc2339e89c273cef429349131178c0d78e02564271ca56170637f67443b5,B,5189,1,1,1NSH,1,B,evaluated,False,1,1,101,101,101,102,0.9901960784313726,0,7f33b7d196ae82aee2824855d6ea73b37fc18297b9c30671f7187dc6805ef0a2,2026-09-13T15:56:42.018624+00:00
b9b6eef483ed78c28d570459e38082ad084fc4dec286d736f4f236367bb40409,A,5769,1,1,1OPZ,1,A,evaluated,False,1,1,76,76,76,76,1.0,0,7f33b7d196ae82aee2824855d6ea73b37fc18297b9c30671f7187dc6805ef0a2,2026-09-13T15:56:42.668569+00:00
c9c7b83648cb9d2057dcbefd0a8d2d47fdde85f3e26f32f3867689e9020634eb,A,5769,1,1,1OQ3,1,A,evaluated,False,1,1,76,76,76,76,1.0,0,7f33b7d196ae82aee2824855d6ea73b37fc18297b9c30671f7187dc6805ef0a2,2026-09-13T15:56:44.836406+00:00
ddd87f7b54d8037572d7d921844787d8f1481a3112d6e37bfa58a07566d3fb80,C,5791,1,1,1OSL,2,A,evaluated,False,1,1,62,62,62,62,1.0,0,7f33b7d196ae82aee2824855d6ea73b37fc18297b9c30671f7187dc6805ef0a2,2026-09-13T15:56:47.570540+00:00
f4640714bdd0fd3279c379778bec2bc2db4751129df4ff794b10d6a6fa5bd926,D,5791,1,1,1OSL,2,B,evaluated,False,1,1,62,62,62,62,1.0,0,7f33b7d196ae82aee2824855d6ea73b37fc18297b9c30671f7187dc6805ef0a2,2026-09-13T15:56:47.739125+00:00
8971b44c20930d5521621bde1013cceb79e7920b32220650da2ab8acb9292e8d,A,5873,1,1,1P6R,1,A,evaluated,False,1,1,82,82,82,82,1.0,0,7f33b7d196ae82aee2824855d6ea73b37fc18297b9c30671f7187dc6805ef0a2,2026-09-13T15:56:50.067871+00:00
0cfd514185359597a29b8e3c982ee58a08b510b77b005d0652036960f92e8cee,A,5771,1,1,1PE3,1,1,evaluated,False,1,1,59,59,59,59,1.0,0,7f33b7d196ae82aee2824855d6ea73b37fc18297b9c30671f7187dc6805ef0a2,2026-09-13T15:56:54.663565+00:00
99bda6a219f6b02433746d0ac97fb63a266c32173bba57f6ee0be7f0a0b6c76e,B,5771,1,1,1PE3,1,2,evaluated,False,1,1,59,59,59,59,1.0,0,7f33b7d196ae82aee2824855d6ea73b37fc18297b9c30671f7187dc6805ef0a2,2026-09-13T15:56:54.914861+00:00
10cc67dfd2703ad48a21b37be6a85b3a9f014e46b36decffaad83a4bd8179f50,A,5842,1,1,1Q48,1,A,evaluated,False,1,1,134,134,134,134,1.0,0,7f33b7d196ae82aee2824855d6ea73b37fc18297b9c30671f7187dc6805ef0a2,2026-09-13T15:56:57.262447+00:00
96d0a5874596376cc6696b6611cc96eab48e0c6037aa032a5e2242f82507611d,A,5843,1,1,1Q53,1,A,evaluated,False,1,1,112,112,112,112,1.0,0,7f33b7d196ae82aee2824855d6ea73b37fc18297b9c30671f7187dc6805ef0a2,2026-09-13T15:57:00.461348+00:00
c3a6f8eab3f58e2589c9582e40fa2711258aa55743adb79ddc1dc35933133087,B,5843,1,1,1Q53,1,B,evaluated,False,1,1,112,112,112,112,1.0,0,7f33b7d196ae82aee2824855d6ea73b37fc18297b9c30671f7187dc6805ef0a2,2026-09-13T15:57:00.773511+00:00
55ba1a4770bed28ccd944cd14b9831738526cd00b78be798b92a8883c9b033a6,A,5824,1,1,1Q6A,1,A,evaluated,False,1,1,107,107,107,107,1.0,0,7f33b7d196ae82aee2824855d6ea73b37fc18297b9c30671f7187dc6805ef0a2,2026-09-13T15:57:01.782216+00:00
0f23a8f10acc11b25cd63a22e28b262e6b92cef6f30f461db8127bfca6a653dc,B,5824,1,1,1Q6A,1,B,evaluated,False,1,1,107,107,107,107,1.0,0,7f33b7d196ae82aee2824855d6ea73b37fc18297b9c30671f7187dc6805ef0a2,2026-09-13T15:57:02.000874+00:00
b45759af718c4bca15eeb0044d5100208cd09cba015c75d045cd96c5584204cb,A,5824,1,1,1Q6B,1,A,evaluated,False,1,1,107,107,107,107,1.0,0,7f33b7d196ae82aee2824855d6ea73b37fc18297b9c30671f7187dc6805ef0a2,2026-09-13T15:57:07.846561+00:00
ca2e9a9e04572f038baba4bd067e59e109eab69fbbaa9527a4d3c06eec34994c,B,5824,1,1,1Q6B,1,B,evaluated,False,1,1,107,107,107,107,1.0,0,7f33b7d196ae82aee2824855d6ea73b37fc18297b9c30671f7187dc6805ef0a2,2026-09-13T15:57:08.160753+00:00
9fcdd4dc28da5edcc6e60fc20d2030c63e18c1049ce145841096782474890e91,A,5544,1,1,1QLK,1,A,evaluated,False,1,1,92,92,92,92,1.0,0,7f33b7d196ae82aee2824855d6ea73b37fc18297b9c30671f7187dc6805ef0a2,2026-09-13T15:57:10.851312+00:00
e50a55649b211074ff77bc70317e8e65b87116943557881d942a7c9e87825efa,B,5544,1,1,1QLK,1,B,evaluated,False,1,1,92,92,92,92,1.0,0,7f33b7d196ae82aee2824855d6ea73b37fc18297b9c30671f7187dc6805ef0a2,2026-09-13T15:57:11.116038+00:00
9ea14f9f677bb0fe2b9c810562bca07014fc44eb14e175bad6c3c66ee672441f,A,5689,1,1,1QWV,1,A,evaluated,False,1,1,142,142,142,142,1.0,0,7f33b7d196ae82aee2824855d6ea73b37fc18297b9c30671f7187dc6805ef0a2,2026-09-13T15:57:13.574789+00:00
0810d069570adb24deec83019a90f966b40adc8dca970b9406ac7dfc6b6ce637,A,5956,1,1,1R05,1,A,evaluated,False,1,1,87,87,87,87,1.0,0,7f33b7d196ae82aee2824855d6ea73b37fc18297b9c30671f7187dc6805ef0a2,2026-09-13T15:57:14.761417+00:00
e108ea22043c11e65861c707dc52f275e743bc96fb920ff4b770988409a4d2f4,B,5956,1,1,1R05,1,B,evaluated,False,1,1,87,87,87,87,1.0,0,7f33b7d196ae82aee2824855d6ea73b37fc18297b9c30671f7187dc6805ef0a2,2026-09-13T15:57:14.973482+00:00
b5f00bb1148841831e32d569b6735e9b09734070aea653e85e6cdec855a3873a,A,5975,1,1,1R2U,1,A,evaluated,False,1,1,89,89,89,89,1.0,0,7f33b7d196ae82aee2824855d6ea73b37fc18297b9c30671f7187dc6805ef0a2,2026-09-13T15:57:18.073244+00:00
9dc25177df81808b2691349c68c0d0b08b59544091e7840dcaada6e03d2c6c93,A,5975,1,2,1R2U,1,A,evaluated,False,1,1,89,89,89,89,1.0,0,7f33b7d196ae82aee2824855d6ea73b37fc18297b9c30671f7187dc6805ef0a2,2026-09-13T15:57:18.467664+00:00
a2d8f062507407f9b897db016d29a38feda759b6e49860fcb05d0fc93a39bf31,A,5845,1,1,1R57,1,A,evaluated,False,1,1,102,102,102,102,1.0,0,7f33b7d196ae82aee2824855d6ea73b37fc18297b9c30671f7187dc6805ef0a2,2026-09-13T15:57:21.399141+00:00
c933bf53d374cf05bbd0b0087772162c551b7a80f44230ddbbafd04c1fbd66c0,A,5975,1,1,1R6P,1,A,evaluated,False,1,1,89,89,89,89,1.0,0,7f33b7d196ae82aee2824855d6ea73b37fc18297b9c30671f7187dc6805ef0a2,2026-09-13T15:57:24.154015+00:00
fb230c1f2980c105bd3c77a973b454baa6548183934eb4b0c34b05ca947306f6,A,5975,1,2,1R6P,1,A,evaluated,False,1,1,89,89,89,89,1.0,0,7f33b7d196ae82aee2824855d6ea73b37fc18297b9c30671f7187dc6805ef0a2,2026-09-13T15:57:24.558824+00:00
ff1e6dab84b51c831e541d581f9b963a47d49221d43cacfe19e6658a49768379,A,5842,1,1,1R9P,1,A,evaluated,False,1,1,134,134,134,134,1.0,0,7f33b7d196ae82aee2824855d6ea73b37fc18297b9c30671f7187dc6805ef0a2,2026-09-13T15:57:26.762814+00:00
516bbfdcaeeecf353b53a1b88193b7afeee09b1f8c30dc6136882abed4e3e160,A,6011,1,1,1RJJ,1,A,evaluated,False,1,1,111,111,110,111,0.990990990990991,1,7f33b7d196ae82aee2824855d6ea73b37fc18297b9c30671f7187dc6805ef0a2,2026-09-13T15:57:30.314088+00:00
ddb3a1042d9172410e18ac84ffa3c2c143b376928953c4c2a5adefade648f52a,B,6011,1,1,1RJJ,1,B,evaluated,False,1,1,111,111,110,111,0.990990990990991,1,7f33b7d196ae82aee2824855d6ea73b37fc18297b9c30671f7187dc6805ef0a2,2026-09-13T15:57:30.628482+00:00
3f770718e81a0b0ab951b6e606c0c1af8b45497f3ddd041cc85b575e2bdf083c,A,5905,1,1,1SAP,1,A,evaluated,False,1,1,66,66,66,66,1.0,0,7f33b7d196ae82aee2824855d6ea73b37fc18297b9c30671f7187dc6805ef0a2,2026-09-13T15:57:31.284050+00:00
4437125f0ee1e098a9d8f5cd5fcee4ab14504b4d6898ae9a4300e79912a36964,A,5908,1,1,1SAP,1,A,evaluated,False,1,1,66,65,65,66,0.9848484848484849,0,7f33b7d196ae82aee2824855d6ea73b37fc18297b9c30671f7187dc6805ef0a2,2026-09-13T15:57:31.452503+00:00
d1a3b9fcd1e88ae269db456e9135e21fb36e31d265cc2021518b762b789b1119,A,5465,1,1,1SN6,1,A,evaluated,False,1,1,84,84,84,84,1.0,0,7f33b7d196ae82aee2824855d6ea73b37fc18297b9c30671f7187dc6805ef0a2,2026-09-13T15:57:34.749222+00:00
a1065b34e67047cc6ad30b211a208d3b8b3692925121bec460b222c70d6e33f3,A,6190,1,1,1SO9,1,A,evaluated,False,1,1,131,131,131,164,0.7987804878048781,0,7f33b7d196ae82aee2824855d6ea73b37fc18297b9c30671f7187dc6805ef0a2,2026-09-13T15:57:38.435768+00:00
db7fad6a1157e7cff2a681c82c95e1b94519c500987f0e24f05ef6c6f5b72517,A,6190,1,1,1SP0,1,A,evaluated,False,1,1,131,131,131,164,0.7987804878048781,0,7f33b7d196ae82aee2824855d6ea73b37fc18297b9c30671f7187dc6805ef0a2,2026-09-13T15:57:39.436258+00:00
29699f745d122afd8591b31a5950df05ef39eee479a9779165d6a74d19adc5dc,A,6029,1,1,1SVJ,1,A,evaluated,False,1,1,136,136,136,156,0.8717948717948718,0,7f33b7d196ae82aee2824855d6ea73b37fc18297b9c30671f7187dc6805ef0a2,2026-09-13T15:57:40.366681+00:00
b5b9355928219f9cfa6487183855a7b1dc5cd1ab91c98fb229599689cc618de3,A,5141,1,1,1T4Y,1,A,evaluated,False,1,1,105,105,105,105,1.0,0,7f33b7d196ae82aee2824855d6ea73b37fc18297b9c30671f7187dc6805ef0a2,2026-09-13T15:57:41.154439+00:00
f9e22c52253127412c1a74547c2e116767bae42a5706dac14282da3faeeaf214,A,5141,1,1,1T4Z,1,A,evaluated,False,1,1,105,105,105,105,1.0,0,7f33b7d196ae82aee2824855d6ea73b37fc18297b9c30671f7187dc6805ef0a2,2026-09-13T15:57:43.700386+00:00
9474c65cdf122995c199ab9af4a6c0e4f07f8e05a1b5088371f054f1edbcb84c,A,6201,1,1,1T6W,1,A,evaluated,False,1,1,99,99,99,99,1.0,0,7f33b7d196ae82aee2824855d6ea73b37fc18297b9c30671f7187dc6805ef0a2,2026-09-13T15:57:45.675302+00:00
8aac001378e31198d48d5537bae13fdd2a95704695aa974fed0d32026d842e46,A,6201,1,2,1T6W,1,A,evaluated,False,1,1,99,99,99,99,1.0,0,7f33b7d196ae82aee2824855d6ea73b37fc18297b9c30671f7187dc6805ef0a2,2026-09-13T15:57:45.972567+00:00
d0c44ea40ef6b8a1c67c22b61451c910dcd599dd2598d44d2d360d00632e03d8,A,6298,1,1,1TEY,1,A,evaluated,False,1,1,156,156,156,156,1.0,0,7f33b7d196ae82aee2824855d6ea73b37fc18297b9c30671f7187dc6805ef0a2,2026-09-13T15:57:50.211983+00:00
1b9bffe6e9309103a8c5673f631dfd02a63ecc276c11b5fe74ef1a238db1b17d,A,5935,1,1,1TIP,1,A,evaluated,False,1,1,191,190,190,221,0.8597285067873304,0,7f33b7d196ae82aee2824855d6ea73b37fc18297b9c30671f7187dc6805ef0a2,2026-09-13T15:57:51.351496+00:00
29232672bf8548154d6df90252599952a607a06692235b55966887c8e2a02742,B,5935,1,1,1TIP,1,B,evaluated,False,1,1,191,190,190,221,0.8597285067873304,0,7f33b7d196ae82aee2824855d6ea73b37fc18297b9c30671f7187dc6805ef0a2,2026-09-13T15:57:51.739875+00:00
8be88798612906fe7c885f6a1ebed51dc08cf6805d4e32e1c9f5d1ee8427f72c,A,5689,1,1,1TWO,1,A,evaluated,False,1,1,142,142,142,142,1.0,0,7f33b7d196ae82aee2824855d6ea73b37fc18297b9c30671f7187dc6805ef0a2,2026-09-13T15:57:54.265928+00:00
ca3332f4a1009177c28ff940178d8517e48eb7d2cc3eae4e8c7cccf022a4dc79,A,6029,1,1,1U7Q,1,A,evaluated,False,1,1,136,136,136,156,0.8717948717948718,0,7f33b7d196ae82aee2824855d6ea73b37fc18297b9c30671f7187dc6805ef0a2,2026-09-13T15:57:56.868179+00:00
f7448769c6da01cd8db360763457a0ed48d577fbbe55fa1eaaac5aedcbd9e921,A,5387,1,1,1UBQ,1,A,evaluated,False,1,1,76,76,76,76,1.0,0,7f33b7d196ae82aee2824855d6ea73b37fc18297b9c30671f7187dc6805ef0a2,2026-09-13T15:57:57.559323+00:00
d225ebc7c298fffa0133cea354c5a44c851fce5a0912274ea9176a05761d5136,A,5206,1,1,1UWO,1,A,evaluated,False,1,1,91,91,91,92,0.9891304347826086,0,7f33b7d196ae82aee2824855d6ea73b37fc18297b9c30671f7187dc6805ef0a2,2026-09-13T15:58:00.458472+00:00
7d9b690d6d222d56615ecfa09710c46c000219da5e8e5efaa07926bb15fd83a1,B,5206,1,1,1UWO,1,B,evaluated,False,1,1,91,91,91,92,0.9891304347826086,0,7f33b7d196ae82aee2824855d6ea73b37fc18297b9c30671f7187dc6805ef0a2,2026-09-13T15:58:00.752454+00:00
5fa4211c220f8c37d07e97b38171e11e7b41f09dcc332f9519bb0d6585a496e3,A,5377,1,1,1UWO,1,A,evaluated,False,1,1,91,91,91,91,1.0,0,7f33b7d196ae82aee2824855d6ea73b37fc18297b9c30671f7187dc6805ef0a2,2026-09-13T15:58:01.037780+00:00
c43248cf8cef12778449ebde0cccbff200627aee8240d16af5ebbecce904f563,B,5377,1,1,1UWO,1,B,evaluated,False,1,1,91,91,91,91,1.0,0,7f33b7d196ae82aee2824855d6ea73b37fc18297b9c30671f7187dc6805ef0a2,2026-09-13T15:58:01.512211+00:00
4e781931a8d73ffc7bdf26f273448824c74de62f41613f82be2ada236bb30769,A,5928,1,1,1VDY,1,A,evaluated,False,1,1,140,140,140,140,1.0,0,7f33b7d196ae82aee2824855d6ea73b37fc18297b9c30671f7187dc6805ef0a2,2026-09-13T15:58:05.617812+00:00
3c6cdc5288c546383bd469fbba4bbd4a0770c39d754035897513e4ec9f203e11,A,5929,1,1,1VEE,1,A,evaluated,False,1,1,134,134,134,134,1.0,0,7f33b7d196ae82aee2824855d6ea73b37fc18297b9c30671f7187dc6805ef0a2,2026-09-13T15:58:08.035466+00:00
d70ee299a7f87266f74c309e9c08a03f86a16b6e70d2c583c1579cbe9180c997,A,5238,1,1,1VGH,1,A,evaluated,False,1,1,55,55,55,55,1.0,0,7f33b7d196ae82aee2824855d6ea73b37fc18297b9c30671f7187dc6805ef0a2,2026-09-13T15:58:09.327586+00:00
e5935d677cd636510f60c57b2a9c96e8ea60e35ad3a1a8d6c4e46721a0c8c4b8,A,6331,1,1,1WQU,1,A,evaluated,False,1,1,114,114,114,114,1.0,0,7f33b7d196ae82aee2824855d6ea73b37fc18297b9c30671f7187dc6805ef0a2,2026-09-13T15:58:11.309111+00:00
d8517ccd60185688ed8b86fe7bf7e76ebc4e5f5b0b3ad23ab6b98635e32dceb4,A,6508,1,1,1WUG,1,A,evaluated,False,1,1,118,118,118,118,1.0,0,7f33b7d196ae82aee2824855d6ea73b37fc18297b9c30671f7187dc6805ef0a2,2026-09-13T15:58:12.058213+00:00
49869e5ecfe57bbf829d726679f73997f0e08e402a806d541e2e48796cf64450,A,6507,1,1,1WUM,1,A,evaluated,False,1,1,118,118,117,118,0.9915254237288136,1,7f33b7d196ae82aee2824855d6ea73b37fc18297b9c30671f7187dc6805ef0a2,2026-09-13T15:58:12.906296+00:00
8f57ffd298b6cd493b5f659b919eafd946c2d8701041fcc5679e3e049bfd2903,A,6324,1,1,1X9A,1,A,evaluated,False,1,1,87,87,87,107,0.8130841121495327,0,7f33b7d196ae82aee2824855d6ea73b37fc18297b9c30671f7187dc6805ef0a2,2026-09-13T15:58:14.785734+00:00
c8b1c608727f49c6f2f1e2f3b61112424a7d778e6f8097dcf32cafc66cf8044e,B,6324,1,1,1X9A,1,B,evaluated,False,1,1,87,87,87,107,0.8130841121495327,0,7f33b7d196ae82aee2824855d6ea73b37fc18297b9c30671f7187dc6805ef0a2,2026-09-13T15:58:14.999663+00:00
85f03246f190d9066c0a75ece6432dde825ad6219f00fb5b7ad012ed8954beab,A,5933,1,1,1X9X,1,A,evaluated,False,1,1,62,62,62,68,0.9117647058823529,0,7f33b7d196ae82aee2824855d6ea73b37fc18297b9c30671f7187dc6805ef0a2,2026-09-13T15:58:16.725890+00:00
ab76223c7536a6640a4b57ba5fb258b83a839b49e0015cbf3aa3adb7177c4fc2,B,5933,1,1,1X9X,1,B,evaluated,False,1,1,62,62,62,68,0.9117647058823529,0,7f33b7d196ae82aee2824855d6ea73b37fc18297b9c30671f7187dc6805ef0a2,2026-09-13T15:58:16.979777+00:00
5ad54c23bdd5e6c7373434c846d18fba47fc778c0b94436e5f22b16416a23b21,A,4929,1,1,1XDX,1,A,evaluated,False,1,1,114,114,114,114,1.0,0,7f33b7d196ae82aee2824855d6ea73b37fc18297b9c30671f7187dc6805ef0a2,2026-09-13T15:58:20.819825+00:00
3bff050889c5f71d9cb8badeb7dcdae781be3206f61d480bfa71a4ab4fc61034,B,4929,1,1,1XDX,1,B,evaluated,False,1,1,114,114,114,114,1.0,0,7f33b7d196ae82aee2824855d6ea73b37fc18297b9c30671f7187dc6805ef0a2,2026-09-13T15:58:21.097156+00:00
7b73076a4350235758d62964de188cbefae5eb6e4b4d1f5d119a47c9c5f904a6,A,6362,1,1,1XJS,1,A,evaluated,False,1,1,147,147,147,147,1.0,0,7f33b7d196ae82aee2824855d6ea73b37fc18297b9c30671f7187dc6805ef0a2,2026-09-13T15:58:22.619124+00:00
e4f2c666653d654e44413dc6d7133308712422c674471abcf91e082f8ebdfa5a,A,6342,1,1,1XOX,1,A,evaluated,False,1,1,117,117,117,117,1.0,0,7f33b7d196ae82aee2824855d6ea73b37fc18297b9c30671f7187dc6805ef0a2,2026-09-13T15:58:23.465677+00:00
8c85ad2bc310b9d23263984230c2fcb1499561f85ffa88c9fb4d07f6412fa021,B,6342,1,1,1XOX,1,B,evaluated,False,1,1,117,117,117,117,1.0,0,7f33b7d196ae82aee2824855d6ea73b37fc18297b9c30671f7187dc6805ef0a2,2026-09-13T15:58:23.736194+00:00
16fa8bba41fdd23b41f0f3272c540c28ded8bb2a64b934675dc7bd10a536db75,A,6336,1,1,1XSB,1,A,evaluated,False,1,1,153,153,153,153,1.0,0,7f33b7d196ae82aee2824855d6ea73b37fc18297b9c30671f7187dc6805ef0a2,2026-09-13T15:58:28.130709+00:00
5728c9d779f866252b7a3f7d2cbc149bc7bd838945f1108711063b5f8eefa3e0,A,6336,1,1,1XSC,1,A,evaluated,False,1,1,153,153,152,153,0.9934640522875817,1,7f33b7d196ae82aee2824855d6ea73b37fc18297b9c30671f7187dc6805ef0a2,2026-09-13T15:58:31.868298+00:00
a49e72f09c6fef80e382350532ba61d2d4e2ed2eceb58b3cb3e855f70e41db21,A,5891,1,1,1XSX,1,A,evaluated,False,1,1,95,95,95,95,1.0,0,7f33b7d196ae82aee2824855d6ea73b37fc18297b9c30671f7187dc6805ef0a2,2026-09-13T15:58:34.929085+00:00
0308d853ec1dc4bbd794236a175135ac3d89b936a371237b70bd3fc4f3f44249,B,5891,1,1,1XSX,1,B,evaluated,False,1,1,95,95,95,95,1.0,0,7f33b7d196ae82aee2824855d6ea73b37fc18297b9c30671f7187dc6805ef0a2,2026-09-13T15:58:35.156665+00:00
932acb68916c18b93ff1c4e951931817de3b4c13ab2763c625ad1813684bca46,A,6396,1,1,1Y4O,1,A,evaluated,False,1,1,104,104,103,104,0.9903846153846154,1,7f33b7d196ae82aee2824855d6ea73b37fc18297b9c30671f7187dc6805ef0a2,2026-09-13T15:58:38.416217+00:00
53da8d27c1687441b49356fe757b67218691f350afc904d547320a64f2c7f73c,B,6396,1,1,1Y4O,1,B,evaluated,False,1,1,104,104,103,104,0.9903846153846154,1,7f33b7d196ae82aee2824855d6ea73b37fc18297b9c30671f7187dc6805ef0a2,2026-09-13T15:58:38.734684+00:00
e9ca4cc58c63c94c93f062f03ab1d8b5d3ae4a3deaf931f6b579ed546e8d1b43,A,6444,1,1,1YCM,1,A,evaluated,False,1,1,159,159,159,159,1.0,0,7f33b7d196ae82aee2824855d6ea73b37fc18297b9c30671f7187dc6805ef0a2,2026-09-13T15:58:41.402208+00:00
d676c8b6289026a3eb1b6a658cc8af933c242d4728a920951e3dd855e05ba4c9,A,6478,1,1,1YFB,1,A,evaluated,False,1,1,52,52,52,53,0.9811320754716981,0,7f33b7d196ae82aee2824855d6ea73b37fc18297b9c30671f7187dc6805ef0a2,2026-09-13T15:58:42.053277+00:00
27c2290effb3fc6500512517262ff3534251df8542a4a4e9957549acd21b6a27,B,6478,1,1,1YFB,1,B,evaluated,False,1,1,52,52,52,53,0.9811320754716981,0,7f33b7d196ae82aee2824855d6ea73b37fc18297b9c30671f7187dc6805ef0a2,2026-09-13T15:58:42.177857+00:00
401628d4759c37474c51666673151cd9e700335f0531620aaa92caabd495c7eb,A,6395,1,1,1YR1,1,A,evaluated,False,1,1,119,119,119,119,1.0,0,7f33b7d196ae82aee2824855d6ea73b37fc18297b9c30671f7187dc6805ef0a2,2026-09-13T15:58:44.630951+00:00
8b2411584f79e6ceac7d4563bd72b321d430bc55ddb1b936483320adf9abbb09,A,6395,1,2,1YR1,1,A,evaluated,False,1,1,119,119,119,119,1.0,0,7f33b7d196ae82aee2824855d6ea73b37fc18297b9c30671f7187dc6805ef0a2,2026-09-13T15:58:44.994647+00:00
4029136bf0b6c38bdcd7b58edad994156be190b6baa82d7b11a07895e3d4c40f,A,6532,1,1,1YUR,1,A,evaluated,False,1,1,98,98,98,98,1.0,0,7f33b7d196ae82aee2824855d6ea73b37fc18297b9c30671f7187dc6805ef0a2,2026-09-13T15:58:46.310514+00:00
fbed49b41c3bbc819dc811700b317d11f0bc4547e3e9b91c7c120eb00640db11,B,6532,1,1,1YUR,1,B,evaluated,False,1,1,98,98,98,98,1.0,0,7f33b7d196ae82aee2824855d6ea73b37fc18297b9c30671f7187dc6805ef0a2,2026-09-13T15:58:46.636501+00:00
31f178af438537e51d7cba3487a3586891d43562fa6a044d80c5a0859678ec6d,A,6532,1,1,1YUS,1,A,evaluated,False,1,1,98,98,98,98,1.0,0,7f33b7d196ae82aee2824855d6ea73b37fc18297b9c30671f7187dc6805ef0a2,2026-09-13T15:58:50.997965+00:00
414fac7388c8ef4c6a8847c02a40fcd8f11a8767429e9b1ac5639e01b2b79e97,B,6532,1,1,1YUS,1,B,evaluated,False,1,1,98,98,98,98,1.0,0,7f33b7d196ae82aee2824855d6ea73b37fc18297b9c30671f7187dc6805ef0a2,2026-09-13T15:58:51.315760+00:00
668e5443d737bf285f84b5947580b7ecf65e3adae4519655625a9b8e2d615941,A,6531,1,1,1YUT,1,A,evaluated,False,1,1,98,98,98,98,1.0,0,7f33b7d196ae82aee2824855d6ea73b37fc18297b9c30671f7187dc6805ef0a2,2026-09-13T15:58:52.090530+00:00
5cfb7cf1ce8e6fe0d4600ab28005bca5a1e6ee7b21f1551a9ffabb07be58c8dc,B,6531,1,1,1YUT,1,B,evaluated,False,1,1,98,98,98,98,1.0,0,7f33b7d196ae82aee2824855d6ea73b37fc18297b9c30671f7187dc6805ef0a2,2026-09-13T15:58:52.296747+00:00
d06f84a9bd566437dcaeb21388075ba32646550b5bf60b1c634e20c8cf373e7b,A,6531,1,1,1YUU,1,A,evaluated,False,1,1,98,98,98,98,1.0,0,7f33b7d196ae82aee2824855d6ea73b37fc18297b9c30671f7187dc6805ef0a2,2026-09-13T15:58:56.154135+00:00
ea3a3304e39b496e3d8fc57bfcce1354dd59256e4d127a50585ba77d0c8c0072,B,6531,1,1,1YUU,1,B,evaluated,False,1,1,98,98,98,98,1.0,0,7f33b7d196ae82aee2824855d6ea73b37fc18297b9c30671f7187dc6805ef0a2,2026-09-13T15:58:56.460117+00:00
3c947a7af3eb839a653b1c4d3ff9e66ec58c7ce09b0812d4e65c1c365e6709e4,A,6233,1,1,1YX4,1,A,evaluated,False,1,1,112,111,111,111,1.0,0,7f33b7d196ae82aee2824855d6ea73b37fc18297b9c30671f7187dc6805ef0a2,2026-09-13T15:58:58.110467+00:00
792000f43ce610c5bc889cb909e7f807b795e84ca0e3b9bad801f9d4d6093451,A,6233,1,1,1YX5,1,A,evaluated,False,1,1,112,111,111,111,1.0,0,7f33b7d196ae82aee2824855d6ea73b37fc18297b9c30671f7187dc6805ef0a2,2026-09-13T15:59:02.474797+00:00
523a82dbe065631a7fa2262c141850ed34773933b6cb4b03733be895df5d7821,A,6233,1,1,1YX6,1,A,evaluated,False,1,1,112,111,111,111,1.0,0,7f33b7d196ae82aee2824855d6ea73b37fc18297b9c30671f7187dc6805ef0a2,2026-09-13T15:59:05.473221+00:00
06569920866aea731ebcd32a0bb693d1fbc1e63978cf22766f5f656e603e97dc,A,6519,1,1,1YX7,1,A,evaluated,False,1,1,83,83,83,83,1.0,0,7f33b7d196ae82aee2824855d6ea73b37fc18297b9c30671f7187dc6805ef0a2,2026-09-13T15:59:06.181538+00:00
bded0b5e4a5804618ba54f70a0316452ddc9143d7ba1dd86335da2b4f50f967b,A,6519,1,1,1YX8,1,A,evaluated,False,1,1,83,83,83,83,1.0,0,7f33b7d196ae82aee2824855d6ea73b37fc18297b9c30671f7187dc6805ef0a2,2026-09-13T15:59:07.915273+00:00
f4888fd0ffbf599ee8f29dab3dfe70904e65d96512143e92cd00bc6b2769a4d6,A,6560,1,1,1YYJ,1,A,evaluated,False,1,1,106,106,104,106,0.9811320754716981,4,7f33b7d196ae82aee2824855d6ea73b37fc18297b9c30671f7187dc6805ef0a2,2026-09-13T15:59:09.524330+00:00
324b515f430bb6b20ecb9d8bc47798311e85f02afffaf981090618a275022895,A,6560,1,1,1YYX,1,A,evaluated,False,1,1,106,106,106,106,1.0,0,7f33b7d196ae82aee2824855d6ea73b37fc18297b9c30671f7187dc6805ef0a2,2026-09-13T15:59:11.013834+00:00
669726a109a5502a333d71ebea2cd50816a7a7a0542a0c7de884f449f172737b,B,6551,2,2,1Z00,2,B,evaluated,False,1,1,84,84,84,84,1.0,0,7f33b7d196ae82aee2824855d6ea73b37fc18297b9c30671f7187dc6805ef0a2,2026-09-13T15:59:14.733287+00:00
fa5ac1e920082df2b491961a70b9dc5cb017d0475806f493a6366f9ba0b87627,A,6527,1,1,1Z09,1,A,evaluated,False,1,1,96,96,96,96,1.0,0,7f33b7d196ae82aee2824855d6ea73b37fc18297b9c30671f7187dc6805ef0a2,2026-09-13T15:59:17.268485+00:00
73e616ba31188572a0a7841971651a6cd287bdb55d0eecbf295ab84cb74c64b1,B,6527,1,1,1Z09,1,B,evaluated,False,1,1,96,96,96,96,1.0,0,7f33b7d196ae82aee2824855d6ea73b37fc18297b9c30671f7187dc6805ef0a2,2026-09-13T15:59:17.627190+00:00
14f865777d7b6950f3bb47225ef7654f7a8879a28af576c5de3bc67319eda552,A,6075,1,1,1Z2D,1,A,evaluated,False,1,1,139,139,139,139,1.0,0,7f33b7d196ae82aee2824855d6ea73b37fc18297b9c30671f7187dc6805ef0a2,2026-09-13T15:59:19.881861+00:00
e472d4e73ad04b742f52fac71a6be656f994fbeb5d22c31ed0ac4a7b9b2f6e78,A,6075,1,1,1Z2E,1,A,evaluated,False,1,1,139,139,139,139,1.0,0,7f33b7d196ae82aee2824855d6ea73b37fc18297b9c30671f7187dc6805ef0a2,2026-09-13T15:59:22.720451+00:00
c9b51df07a2e7ec2228b109a690c5154f2fe2fd0a82daf979ca21d47e6f3de85,A,6111,1,1,1Z2F,1,A,evaluated,False,1,1,121,121,121,121,1.0,0,7f33b7d196ae82aee2824855d6ea73b37fc18297b9c30671f7187dc6805ef0a2,2026-09-13T15:59:24.751098+00:00
29b9950d587940c1ca3540db62503a71995951a41e80cb17ebfda9a0e94cb700,A,6111,1,2,1Z2F,1,A,evaluated,False,1,1,121,121,121,121,1.0,0,7f33b7d196ae82aee2824855d6ea73b37fc18297b9c30671f7187dc6805ef0a2,2026-09-13T15:59:25.066039+00:00
e5236a41c67a2e3902b0cad3276e500fa7d2d849fc517297234cc1144fe0393e,A,6444,1,1,1Z3J,1,A,evaluated,False,1,1,159,159,159,159,1.0,0,7f33b7d196ae82aee2824855d6ea73b37fc18297b9c30671f7187dc6805ef0a2,2026-09-13T15:59:25.897179+00:00
241e88e8a669c9953a63e0d6a6bd4e46389d51c89014e785e0d47577d3076076,A,6762,1,1,1Z4H,1,A,evaluated,False,1,1,66,66,66,66,1.0,0,7f33b7d196ae82aee2824855d6ea73b37fc18297b9c30671f7187dc6805ef0a2,2026-09-13T15:59:27.262086+00:00
4773a222bbce46d3eb991206f2f08e9b541401e503b17392a8462b1feeef54f2,A,6762,1,2,1Z4H,1,A,evaluated,False,1,1,66,66,66,66,1.0,0,7f33b7d196ae82aee2824855d6ea73b37fc18297b9c30671f7187dc6805ef0a2,2026-09-13T15:59:27.421799+00:00
c6aa81af552371734479e063a90b342403fe98da32d4971bbb1aad5f46d87339,A,6410,1,1,1Z7P,1,A,evaluated,False,1,1,117,117,117,117,1.0,0,7f33b7d196ae82aee2824855d6ea73b37fc18297b9c30671f7187dc6805ef0a2,2026-09-13T15:59:30.902346+00:00
63fbd562f0c1ad1ea2bd35dd75bb2647e7e8daed453567d3c66828b6df4ebb0e,A,6410,1,1,1Z7R,1,A,evaluated,False,1,1,117,117,117,117,1.0,0,7f33b7d196ae82aee2824855d6ea73b37fc18297b9c30671f7187dc6805ef0a2,2026-09-13T15:59:31.860182+00:00
2524838154ea0997d9c4bf2be3c61c2a8d251a5f998d671661054158aa1c80c3,A,6507,1,1,1ZS5,1,A,evaluated,False,1,1,118,118,118,118,1.0,0,7f33b7d196ae82aee2824855d6ea73b37fc18297b9c30671f7187dc6805ef0a2,2026-09-13T15:59:32.613794+00:00
e3d4175e0b6e6c17adf96fef82eaf43efac2c756510532348d89ffc5e5647635,A,6508,1,1,1ZS5,1,A,evaluated,False,1,1,118,118,118,118,1.0,0,7f33b7d196ae82aee2824855d6ea73b37fc18297b9c30671f7187dc6805ef0a2,2026-09-13T15:59:32.856814+00:00
1d3938cea8658f8f2ad50dcb069024534b476d3b6f8a22c5e45a9504e8897982,A,6726,1,1,1ZXF,1,A,evaluated,False,1,1,155,155,155,155,1.0,0,7f33b7d196ae82aee2824855d6ea73b37fc18297b9c30671f7187dc6805ef0a2,2026-09-13T15:59:36.205859+00:00
60aeab0ccafedbf0a801603f438c6e8098321ed8303884f4f41df2315edb77c3,A,6029,1,1,2A29,1,A,evaluated,False,1,1,136,136,136,156,0.8717948717948718,0,7f33b7d196ae82aee2824855d6ea73b37fc18297b9c30671f7187dc6805ef0a2,2026-09-13T15:59:36.913341+00:00
0f1f76a591c351debdc3844333ba21c10a586eae24f19170c917aa39ee045a6a,A,5892,1,1,2A2Y,1,A,evaluated,False,1,1,89,89,89,89,1.0,0,7f33b7d196ae82aee2824855d6ea73b37fc18297b9c30671f7187dc6805ef0a2,2026-09-13T15:59:38.909617+00:00
97489f71154b95c880f2f73c466b80c9fa6054a5e146b59921305a104c055f7e,B,5892,1,1,2A2Y,1,B,evaluated,False,1,1,89,89,89,89,1.0,0,7f33b7d196ae82aee2824855d6ea73b37fc18297b9c30671f7187dc6805ef0a2,2026-09-13T15:59:39.148720+00:00
92e5a7e184baafe4ab4beda1ae8ee2b80bc718d9ba7d4a97c882a2f96a9e768f,A,5365,1,1,2A3S,1,A,evaluated,False,1,1,101,101,101,114,0.8859649122807017,0,7f33b7d196ae82aee2824855d6ea73b37fc18297b9c30671f7187dc6805ef0a2,2026-09-13T15:59:41.076122+00:00
3bf7cfc2904a1b3a038221249518be33127dfabb24c18b11cd6daf2866048e39,A,6743,1,1,2ADL,1,A,evaluated,False,1,1,72,72,72,72,1.0,0,7f33b7d196ae82aee2824855d6ea73b37fc18297b9c30671f7187dc6805ef0a2,2026-09-13T15:59:42.178061+00:00
e11ae9a9a08f7b0859df9a6a4e54bc6a306d3d8a30b24f716dba86890dde49d4,B,6743,1,1,2ADL,1,B,evaluated,False,1,1,72,72,72,72,1.0,0,7f33b7d196ae82aee2824855d6ea73b37fc18297b9c30671f7187dc6805ef0a2,2026-09-13T15:59:42.424654+00:00
608d265c73960e8c7400a5baf7bd1200ddc3a66dc52a3b3b30ab41f0a4884000,A,6743,1,1,2ADN,1,A,evaluated,False,1,1,72,72,72,72,1.0,0,7f33b7d196ae82aee2824855d6ea73b37fc18297b9c30671f7187dc6805ef0a2,2026-09-13T15:59:43.257466+00:00
1675f0157f92cab2b6ecc95bf5b0b7ff244cfb9c0441389607fb65a8fe1bce4b,B,6743,1,1,2ADN,1,B,evaluated,False,1,1,72,72,72,72,1.0,0,7f33b7d196ae82aee2824855d6ea73b37fc18297b9c30671f7187dc6805ef0a2,2026-09-13T15:59:43.567590+00:00
2336f9f86a707f43a6eafea738cd8714c7d7b7c23f21af9308b0558925c4b1c1,A,6821,1,1,2AF2,1,A,evaluated,False,1,1,153,153,153,153,1.0,0,7f33b7d196ae82aee2824855d6ea73b37fc18297b9c30671f7187dc6805ef0a2,2026-09-13T15:59:50.390203+00:00
aa46145e1ddfec3aa94c69fe699b6f2bb2edfa0e25c6ea4837789939d2179cc0,B,6821,1,1,2AF2,1,B,evaluated,False,1,1,153,153,153,153,1.0,0,7f33b7d196ae82aee2824855d6ea73b37fc18297b9c30671f7187dc6805ef0a2,2026-09-13T15:59:50.826098+00:00
697fedc01188a28d52118f2867188a555865205113b112acb8488fbb6a53cacd,A,6751,1,1,2AFD,1,A,evaluated,False,1,1,88,88,88,88,1.0,0,7f33b7d196ae82aee2824855d6ea73b37fc18297b9c30671f7187dc6805ef0a2,2026-09-13T15:59:53.428851+00:00
3546c9f96a191e99bf5c1453165e46d5596f7cdae4b22c7128d03d15ee14a419,A,6751,1,1,2AFE,1,A,evaluated,False,1,1,88,88,88,88,1.0,0,7f33b7d196ae82aee2824855d6ea73b37fc18297b9c30671f7187dc6805ef0a2,2026-09-13T15:59:54.202711+00:00
dd9d4a0d56637b97c08113a2b9ccdca38b9b5e2593d9ca678e4e99ffac14fae4,A,6625,1,1,2AI6,1,A,evaluated,False,1,1,125,125,125,125,1.0,0,7f33b7d196ae82aee2824855d6ea73b37fc18297b9c30671f7187dc6805ef0a2,2026-09-13T15:59:57.534341+00:00
bca2ee2148bf5b17ab1a9f81dd186b1f5fdaf95887b6509dc8c7ee0faa333d59,A,6395,1,1,2ALJ,1,A,evaluated,False,1,1,119,119,119,119,1.0,0,7f33b7d196ae82aee2824855d6ea73b37fc18297b9c30671f7187dc6805ef0a2,2026-09-13T16:00:01.256603+00:00
6b1647067ff7c08339aceb8a3d6853a5cbfa1c07e92a680d0680d2da12d1ffbd,A,6395,1,2,2ALJ,1,A,evaluated,False,1,1,119,119,119,119,1.0,0,7f33b7d196ae82aee2824855d6ea73b37fc18297b9c30671f7187dc6805ef0a2,2026-09-13T16:00:01.621656+00:00
8630181a79d9523cd5e8585dce2da0d3a4ff629f56a3716689198b2f2450dfd4,A,6551,2,2,2AQ0,1,A,evaluated,False,1,1,84,84,84,84,1.0,0,7f33b7d196ae82aee2824855d6ea73b37fc18297b9c30671f7187dc6805ef0a2,2026-09-13T16:00:04.170842+00:00
27fb68c6f05f0dea773464801f362d5fb66301d7c41dff587c5019187cfc6622,B,6551,2,2,2AQ0,1,B,evaluated,False,1,1,84,84,84,84,1.0,0,7f33b7d196ae82aee2824855d6ea73b37fc18297b9c30671f7187dc6805ef0a2,2026-09-13T16:00:04.391356+00:00
fd9951d684f5cdb3d8f6668705bd2fd42bcfdb363ec2170e1010dc945d20285a,A,6781,1,1,2AQE,1,A,evaluated,False,1,1,90,90,90,90,1.0,0,7f33b7d196ae82aee2824855d6ea73b37fc18297b9c30671f7187dc6805ef0a2,2026-09-13T16:00:06.679781+00:00
1f9bda9f8f7d1ba019812fb48194b158b9c4c568b608816cef009f753b9a8f2e,A,6781,1,1,2AQF,1,A,evaluated,False,1,1,90,90,90,90,1.0,0,7f33b7d196ae82aee2824855d6ea73b37fc18297b9c30671f7187dc6805ef0a2,2026-09-13T16:00:07.276968+00:00
e4ad0d89dc5d73bb2ffd6e3e64e10a522c2e6d1378b525abff2d024c5ac0b1aa,A,6868,1,1,2ASY,1,A,evaluated,False,1,1,101,101,101,123,0.8211382113821138,0,7f33b7d196ae82aee2824855d6ea73b37fc18297b9c30671f7187dc6805ef0a2,2026-09-13T16:00:10.363300+00:00
d84f65a62044ef1d6d91d7f840ecad83cb8c18e2fe1062f26eb9ddab4b5702b3,B,6868,1,1,2ASY,1,B,evaluated,False,1,1,101,101,101,123,0.8211382113821138,0,7f33b7d196ae82aee2824855d6ea73b37fc18297b9c30671f7187dc6805ef0a2,2026-09-13T16:00:10.730168+00:00
e75bdb18438f6867238b099ab53134071c64e59e3a23bdcb0cd5179173ff32cb,A,6362,1,1,2AZH,1,A,evaluated,False,1,1,147,147,147,147,1.0,0,7f33b7d196ae82aee2824855d6ea73b37fc18297b9c30671f7187dc6805ef0a2,2026-09-13T16:00:13.097574+00:00
2ab2bb2c624223882ab92a3e5cc8a884c13472c6b78eff76e4d9abfa19ac0a53,A,6475,1,1,2BGO,1,A,evaluated,False,1,1,116,116,116,132,0.8787878787878788,0,7f33b7d196ae82aee2824855d6ea73b37fc18297b9c30671f7187dc6805ef0a2,2026-09-13T16:00:14.458047+00:00
ab85235b6f30a0374918954d370c100f0acf73d6a429cb08476f9597164ceccc,A,6475,1,1,2BGP,1,A,evaluated,False,1,1,116,116,116,132,0.8787878787878788,0,7f33b7d196ae82aee2824855d6ea73b37fc18297b9c30671f7187dc6805ef0a2,2026-09-13T16:00:15.606728+00:00
e6de0043d648f42f828f70132ac9a613d58945e08e8692238d030a7ef877c422,A,7354,2,1,2BJC,1,A,evaluated,False,1,1,62,62,62,62,1.0,0,7f33b7d196ae82aee2824855d6ea73b37fc18297b9c30671f7187dc6805ef0a2,2026-09-13T16:00:18.318491+00:00
27d2e1da8db8aba8906b21377c05140d0426d2281ee0ef0f08d2d32dc97c6334,B,7354,2,1,2BJC,1,B,evaluated,False,1,1,62,62,62,62,1.0,0,7f33b7d196ae82aee2824855d6ea73b37fc18297b9c30671f7187dc6805ef0a2,2026-09-13T16:00:18.509934+00:00
4829789ff80eb58b8b68548950bc165c5be94a882fec2bd1966744d5010f4107,A,7350,1,1,2BZB,1,A,evaluated,False,1,1,62,54,54,54,1.0,0,7f33b7d196ae82aee2824855d6ea73b37fc18297b9c30671f7187dc6805ef0a2,2026-09-13T16:00:21.729484+00:00
f2fb9897e37342620a8398997857564926c80b0d3a3be1f98eb21778292bcce1,B,7350,1,1,2BZB,1,B,evaluated,False,1,1,62,54,54,54,1.0,0,7f33b7d196ae82aee2824855d6ea73b37fc18297b9c30671f7187dc6805ef0a2,2026-09-13T16:00:21.925976+00:00
d868a29dff8e27597a23bbd54d6d92a49b6b2ff2a6cd893fd60db525815c6cd9,A,6925,1,1,2C06,1,A,evaluated,False,1,1,110,110,110,110,1.0,0,7f33b7d196ae82aee2824855d6ea73b37fc18297b9c30671f7187dc6805ef0a2,2026-09-13T16:00:23.401401+00:00
0a4191141f05448f709f006ca73b70174f1df10e74748b244efafde156da73cc,B,6925,1,1,2C06,1,B,evaluated,False,1,1,110,110,110,110,1.0,0,7f33b7d196ae82aee2824855d6ea73b37fc18297b9c30671f7187dc6805ef0a2,2026-09-13T16:00:23.660597+00:00
399b99e3d69ff8954a461ab6382be37bf2b3bbfbca8d7c7f08807f0c9f802927,A,4430,1,1,2CNP,1,A,evaluated,False,1,1,90,90,90,90,1.0,0,7f33b7d196ae82aee2824855d6ea73b37fc18297b9c30671f7187dc6805ef0a2,2026-09-13T16:00:28.236513+00:00
88ee78d01e920c2822f0ec358b9ead49a113d32aa0bbac2e5e8af366410c3ed1,B,4430,1,1,2CNP,1,B,evaluated,False,1,1,90,90,90,90,1.0,0,7f33b7d196ae82aee2824855d6ea73b37fc18297b9c30671f7187dc6805ef0a2,2026-09-13T16:00:28.666212+00:00
f9e0fdca83c4ae019732efea07c5cabc3291b6c217b90f70a00161c0d1e11223,A,6484,1,1,2CXJ,1,A,evaluated,False,1,1,98,98,98,101,0.9702970297029703,0,7f33b7d196ae82aee2824855d6ea73b37fc18297b9c30671f7187dc6805ef0a2,2026-09-13T16:00:31.672161+00:00
8923044e7eb52ec40c042998ecc109b969fc51ae313a2ce922c074789ed00480,B,6484,1,1,2CXJ,1,B,evaluated,False,1,1,98,98,98,101,0.9702970297029703,0,7f33b7d196ae82aee2824855d6ea73b37fc18297b9c30671f7187dc6805ef0a2,2026-09-13T16:00:31.979672+00:00
8cb5dde204fb77513191424249005dedcdc43b769a3a26fc99a36585844938d9,A,5365,1,1,2D2W,1,A,evaluated,False,1,1,101,101,101,114,0.8859649122807017,0,7f33b7d196ae82aee2824855d6ea73b37fc18297b9c30671f7187dc6805ef0a2,2026-09-13T16:00:33.810941+00:00
a77a126839d252489632b2a19296c77067a7816cbf15ac86473711322ce36b1c,A,5928,1,1,2DCP,1,A,evaluated,False,1,1,140,140,140,140,1.0,0,7f33b7d196ae82aee2824855d6ea73b37fc18297b9c30671f7187dc6805ef0a2,2026-09-13T16:00:36.259513+00:00
51b06e754b52cafb432534d54e8cf1873c1b19e560510198963642c74a8fe5af,A,5929,1,1,2DCQ,1,A,evaluated,False,1,1,134,134,134,134,1.0,0,7f33b7d196ae82aee2824855d6ea73b37fc18297b9c30671f7187dc6805ef0a2,2026-09-13T16:00:38.475423+00:00
54fb6b7e525b76112da0900aedc5ba5a3894ebe74ccfa68105b541cbb13debf1,A,6331,1,1,2DCR,1,A,evaluated,False,1,1,114,114,114,114,1.0,0,7f33b7d196ae82aee2824855d6ea73b37fc18297b9c30671f7187dc6805ef0a2,2026-09-13T16:00:41.139024+00:00
8d4be4e6a3ccece06d1d3b23216f135f2ecd041983a9421716b3bb111bba40ec,A,7315,1,1,2E35,1,A,evaluated,False,1,1,147,147,147,147,1.0,0,7f33b7d196ae82aee2824855d6ea73b37fc18297b9c30671f7187dc6805ef0a2,2026-09-13T16:00:42.152581+00:00
b2d99afc40b594231a6d05ece554367654d88fa2b27741efbde4f649215081a7,A,7315,1,1,2E36,1,A,evaluated,False,1,1,147,147,147,147,1.0,0,7f33b7d196ae82aee2824855d6ea73b37fc18297b9c30671f7187dc6805ef0a2,2026-09-13T16:00:43.267144+00:00
d1ab70321b8e9f735affc76ed86821b9073bc4a1ab13c6fa30f6607b5f7a9240,A,15142,1,1,2E8J,1,A,evaluated,False,1,1,96,96,96,101,0.9504950495049505,0,7f33b7d196ae82aee2824855d6ea73b37fc18297b9c30671f7187dc6805ef0a2,2026-09-13T16:00:44.040038+00:00
8c012f9fc63e04b6d31a6915d2de9004f517464c3d36dce0bdbfe5a5d6c705b9,B,15142,1,1,2E8J,1,B,evaluated,False,1,1,96,96,96,101,0.9504950495049505,0,7f33b7d196ae82aee2824855d6ea73b37fc18297b9c30671f7187dc6805ef0a2,2026-09-13T16:00:44.239425+00:00
3fc99a619b4e2c0f2b1346d45a9773b4cfa09ab1ca16add6331a92e06754d5bb,A,6916,1,1,2EWL,1,A,evaluated,False,1,1,56,56,56,56,1.0,0,7f33b7d196ae82aee2824855d6ea73b37fc18297b9c30671f7187dc6805ef0a2,2026-09-13T16:00:45.296164+00:00
fa5390b64317dbf94ea8a1773418349aff3c0e10a38fa70529cf9029be8f5e6b,A,6916,1,1,2F8B,1,A,evaluated,False,1,1,56,56,56,56,1.0,0,7f33b7d196ae82aee2824855d6ea73b37fc18297b9c30671f7187dc6805ef0a2,2026-09-13T16:00:46.621069+00:00
9ef3931f42bd5ce22a7d1ddb4a61421baca5054cc7c5b678a9a842a20f0d83bd,B,6916,1,1,2F8B,1,B,evaluated,False,1,1,56,56,56,56,1.0,0,7f33b7d196ae82aee2824855d6ea73b37fc18297b9c30671f7187dc6805ef0a2,2026-09-13T16:00:46.765086+00:00
ccd1a010cc999b6c2c7d9085cafa30286587ae4279a2a6d52381e5c60042a1d5,A,6809,1,1,2FFK,1,A,evaluated,False,1,1,242,242,242,242,1.0,0,7f33b7d196ae82aee2824855d6ea73b37fc18297b9c30671f7187dc6805ef0a2,2026-09-13T16:00:47.966724+00:00
8caf066a50d5a3f7c15c6fa90a7b51a84087ed0e42d3b944133486c5e3b016d3,A,6957,1,1,2FI2,1,A,evaluated,False,1,1,94,94,94,94,1.0,0,7f33b7d196ae82aee2824855d6ea73b37fc18297b9c30671f7187dc6805ef0a2,2026-09-13T16:00:51.507295+00:00
427f799a32087739472a6a220a68a1383b67b31460c8ba65fb796bc1a9d28316,B,6957,1,1,2FI2,1,B,evaluated,False,1,1,94,94,94,94,1.0,0,7f33b7d196ae82aee2824855d6ea73b37fc18297b9c30671f7187dc6805ef0a2,2026-09-13T16:00:51.742607+00:00
c4e022b3044533685c0552ab2d2199dd531b07b37b1c5c1e37a064894658d364,A,6809,1,1,2FIN,1,A,evaluated,False,1,1,242,242,242,242,1.0,0,7f33b7d196ae82aee2824855d6ea73b37fc18297b9c30671f7187dc6805ef0a2,2026-09-13T16:00:56.832238+00:00
cb0a337fa3552465fc76a7448778101cf2574668eaf8b19095121dcefc01e34e,A,6516,1,1,2FQ0,1,A,evaluated,False,1,1,79,79,79,79,1.0,0,7f33b7d196ae82aee2824855d6ea73b37fc18297b9c30671f7187dc6805ef0a2,2026-09-13T16:00:58.797947+00:00
23a070ca9b92dd20ff138d3398ab4bec36b4597e8c6faa7dadc923e047043ece,A,6516,1,1,2FQ2,1,A,evaluated,False,1,1,79,79,79,79,1.0,0,7f33b7d196ae82aee2824855d6ea73b37fc18297b9c30671f7187dc6805ef0a2,2026-09-13T16:01:00.734269+00:00
b100d452500172691df58ff7e78ad1adfd050506c5fcb5ba17af577955642527,A,6790,1,1,2FVA,1,A,evaluated,False,1,1,82,82,82,82,1.0,0,7f33b7d196ae82aee2824855d6ea73b37fc18297b9c30671f7187dc6805ef0a2,2026-09-13T16:01:02.239960+00:00
edac47e9043552464d700e76ae1eda0c4292993801b305f2f4234a22d7b9ffd1,A,6790,1,1,2FVF,1,A,evaluated,False,1,1,82,82,82,82,1.0,0,7f33b7d196ae82aee2824855d6ea73b37fc18297b9c30671f7187dc6805ef0a2,2026-09-13T16:01:04.831748+00:00
6366a6b1288bec6a475ebd2e172417d3fa89e1cea03161dda1d95713bca46785,A,6969,1,1,2FXP,1,A,evaluated,False,1,1,55,55,55,55,1.0,0,7f33b7d196ae82aee2824855d6ea73b37fc18297b9c30671f7187dc6805ef0a2,2026-09-13T16:01:05.494715+00:00
b9ce00cecd819794c0bf72aabace8940fff398a69adc6669495a970e7ab31e6e,B,6969,1,1,2FXP,1,B,evaluated,False,1,1,55,55,55,55,1.0,0,7f33b7d196ae82aee2824855d6ea73b37fc18297b9c30671f7187dc6805ef0a2,2026-09-13T16:01:05.689659+00:00
911c991001cafcde6fd3ebe94b88ad29baa26edff0b0c822e7ddcd0ad188a2e2,C,6969,1,1,2FXP,1,C,evaluated,False,1,1,55,55,55,55,1.0,0,7f33b7d196ae82aee2824855d6ea73b37fc18297b9c30671f7187dc6805ef0a2,2026-09-13T16:01:05.848763+00:00
d746f7b28e127aaa8c51b7e33f6a48cc6ea27197361d1c778a19f975da56786b,A,6826,1,1,2FY9,1,A,evaluated,False,1,1,54,54,54,54,1.0,0,7f33b7d196ae82aee2824855d6ea73b37fc18297b9c30671f7187dc6805ef0a2,2026-09-13T16:01:07.400482+00:00
29910b68de0d94dd3232b8e028994a8b7ba6f7fc10c780be27deaff7a5479286,B,6826,1,1,2FY9,1,B,evaluated,False,1,1,54,54,54,54,1.0,0,7f33b7d196ae82aee2824855d6ea73b37fc18297b9c30671f7187dc6805ef0a2,2026-09-13T16:01:07.537770+00:00
933b3a6884c85b2dd52d5aa999038ec3af2a0ccb12555d1399f89310f32e7542,A,5961,1,1,2FYJ,1,A,evaluated,False,1,1,82,82,82,82,1.0,0,7f33b7d196ae82aee2824855d6ea73b37fc18297b9c30671f7187dc6805ef0a2,2026-09-13T16:01:09.429776+00:00
e4bfecbd2911d4749627c48d5a70636bc7020d8a247c34131016ac1124256c4d,B,5961,1,1,2FYL,2,B,evaluated,False,1,1,82,82,82,82,1.0,0,7f33b7d196ae82aee2824855d6ea73b37fc18297b9c30671f7187dc6805ef0a2,2026-09-13T16:01:10.426798+00:00
5468255ed398fe6e9b2e992ba6ef9c0391fe122e0b5b9a6ec608f04a7aa05a81,A,6888,1,1,2G0K,1,A,evaluated,False,1,1,113,113,113,122,0.9262295081967213,0,7f33b7d196ae82aee2824855d6ea73b37fc18297b9c30671f7187dc6805ef0a2,2026-09-13T16:01:14.929247+00:00
dd62773979f990155d6024b7f1119407df154b0eccd93a80f2c16eaefc7e88e6,A,6888,1,1,2G0L,1,A,evaluated,False,1,1,113,113,113,122,0.9262295081967213,0,7f33b7d196ae82aee2824855d6ea73b37fc18297b9c30671f7187dc6805ef0a2,2026-09-13T16:01:19.129425+00:00
d558bb2d4fd1aac823e00aaffbcfc2d2cece22fe34a3065df36ebda4a2bb3ece,A,6997,1,1,2G46,1,A,evaluated,False,1,1,119,119,119,119,1.0,0,7f33b7d196ae82aee2824855d6ea73b37fc18297b9c30671f7187dc6805ef0a2,2026-09-13T16:01:24.816247+00:00
2a0cdf9f7d531d871750fcca97b627843d9b48526752cdbfea23231d6aca08e2,C,6997,1,1,2G46,1,B,evaluated,False,1,1,119,119,119,119,1.0,0,7f33b7d196ae82aee2824855d6ea73b37fc18297b9c30671f7187dc6805ef0a2,2026-09-13T16:01:25.357190+00:00
ff8021d5cca0930777e31bd5969838818a8505667496c537a637f6021289624e,A,7102,1,1,2GJF,1,A,evaluated,False,1,1,72,72,72,78,0.9230769230769231,0,7f33b7d196ae82aee2824855d6ea73b37fc18297b9c30671f7187dc6805ef0a2,2026-09-13T16:01:27.930223+00:00
fe9613c101dc2fea75774487e481e8c48e8924e52ded5c852b04b774172cb5ef,B,7102,1,1,2GJF,1,B,evaluated,False,1,1,72,72,72,78,0.9230769230769231,0,7f33b7d196ae82aee2824855d6ea73b37fc18297b9c30671f7187dc6805ef0a2,2026-09-13T16:01:28.128824+00:00
160579594afa54b3a2f8daff0d3ba210d1f1cb9e9b9017fd1646f08541ee4379,A,7101,1,1,2GJH,1,A,evaluated,False,1,1,57,57,57,62,0.9193548387096774,0,7f33b7d196ae82aee2824855d6ea73b37fc18297b9c30671f7187dc6805ef0a2,2026-09-13T16:01:30.232072+00:00
24d31a5e8a73aaef430840796727a314d649c88270d269dba915f04a66c13e3d,B,7101,1,1,2GJH,1,B,evaluated,False,1,1,57,57,57,62,0.9193548387096774,0,7f33b7d196ae82aee2824855d6ea73b37fc18297b9c30671f7187dc6805ef0a2,2026-09-13T16:01:30.416465+00:00
c475221313b3f26813463c3249230af14deab42fb71629991e3aff7a0a905b6d,C,6726,1,1,2GKD,3,A,evaluated,False,1,1,155,155,155,155,1.0,0,7f33b7d196ae82aee2824855d6ea73b37fc18297b9c30671f7187dc6805ef0a2,2026-09-13T16:01:31.441745+00:00
effe219bcc296de14258f7e1039004cd3b874b82d7090c2896e154eec87130f1,A,7019,1,1,2GRI,1,A,evaluated,False,1,1,112,112,112,112,1.0,0,7f33b7d196ae82aee2824855d6ea73b37fc18297b9c30671f7187dc6805ef0a2,2026-09-13T16:01:33.526360+00:00
7cdc22b7ae5853b0422e19863164fc3459ee60b56054d30fc76d0d312d3ec2d5,A,6860,1,1,2GW6,1,A,evaluated,False,1,1,123,123,123,123,1.0,0,7f33b7d196ae82aee2824855d6ea73b37fc18297b9c30671f7187dc6805ef0a2,2026-09-13T16:01:39.462982+00:00
a34e568a399c0ef2c59e3319a18ba3949a16724cdc42fad83b24ef18e3344619,B,6860,1,1,2GW6,1,B,evaluated,False,1,1,123,123,123,123,1.0,0,7f33b7d196ae82aee2824855d6ea73b37fc18297b9c30671f7187dc6805ef0a2,2026-09-13T16:01:39.916759+00:00
417142c7b59e7908c6a35e96698f085b9f026a579523793a40d8491c55a191ac,A,6317,1,1,2GZU,1,A,evaluated,False,1,1,66,66,66,66,1.0,0,7f33b7d196ae82aee2824855d6ea73b37fc18297b9c30671f7187dc6805ef0a2,2026-09-13T16:01:42.135985+00:00
4bde9c735f2dbcd5b9dda086bac1838bbcf8924f5d1a8b265928be8d42b116fa,B,6317,1,1,2GZU,1,B,evaluated,False,1,1,66,66,66,66,1.0,0,7f33b7d196ae82aee2824855d6ea73b37fc18297b9c30671f7187dc6805ef0a2,2026-09-13T16:01:42.326625+00:00
def381d3d923d38b0fa0ca65588af9626949fee9f8e7ac5f36be255e7a640204,A,7127,1,1,2H41,1,A,evaluated,False,1,1,95,95,95,95,1.0,0,7f33b7d196ae82aee2824855d6ea73b37fc18297b9c30671f7187dc6805ef0a2,2026-09-13T16:01:43.304873+00:00
07354f3f7298d1b6d1c2d07d5b0fa160e758b521b4d5c646d0ce3d44f47d810a,A,7127,1,1,2H45,1,A,evaluated,False,1,1,95,95,95,95,1.0,0,7f33b7d196ae82aee2824855d6ea73b37fc18297b9c30671f7187dc6805ef0a2,2026-09-13T16:01:45.493735+00:00
f7905c55c28e7108c8098e13fd2a95a82e0d1512ced0a092afebcda358c886f7,A,5845,1,1,2H5M,1,A,evaluated,False,1,1,102,102,102,102,1.0,0,7f33b7d196ae82aee2824855d6ea73b37fc18297b9c30671f7187dc6805ef0a2,2026-09-13T16:01:47.580578+00:00
2abbea2f93dd331dc97df2512f73312e01fc8c0dbdb78426fec688d8107fb453,A,7150,1,1,2H7D,1,A,evaluated,False,1,1,101,101,101,102,0.9901960784313726,0,7f33b7d196ae82aee2824855d6ea73b37fc18297b9c30671f7187dc6805ef0a2,2026-09-13T16:01:49.876072+00:00
feabe38a05aafc3a3de0bffd9177807161bd0496660dad60d04df2b48b9bc587,A,7150,1,1,2H7E,1,A,evaluated,False,1,1,101,101,101,102,0.9901960784313726,0,7f33b7d196ae82aee2824855d6ea73b37fc18297b9c30671f7187dc6805ef0a2,2026-09-13T16:01:50.621322+00:00
2127f54e68fbac446471295ad89ecd503033923bac1b6993c204b2f8427b5893,A,15021,1,1,2I7U,1,A,evaluated,False,1,1,62,62,62,62,1.0,0,7f33b7d196ae82aee2824855d6ea73b37fc18297b9c30671f7187dc6805ef0a2,2026-09-13T16:01:52.258277+00:00
82ca3d32b55a068ad3de6fd260cad7ce65d4876b74e594c11d4566cc42f0c065,B,15021,1,1,2I7U,1,B,evaluated,False,1,1,62,62,62,62,1.0,0,7f33b7d196ae82aee2824855d6ea73b37fc18297b9c30671f7187dc6805ef0a2,2026-09-13T16:01:52.459523+00:00
e35883677896b77cb49a141e5b93e89c8416fd5d9065419da35bf32bbb22d68e,A,7019,1,1,2IDY,1,A,evaluated,False,1,1,112,112,112,112,1.0,0,7f33b7d196ae82aee2824855d6ea73b37fc18297b9c30671f7187dc6805ef0a2,2026-09-13T16:01:53.309834+00:00
a7fa5d3759c6cf4e97c4302cc2f332d441d06695daa760aabdb453c84d0be5f0,A,6298,1,1,2IIJ,1,A,evaluated,False,1,1,156,156,156,156,1.0,0,7f33b7d196ae82aee2824855d6ea73b37fc18297b9c30671f7187dc6805ef0a2,2026-09-13T16:01:56.816092+00:00
886cd1f22c24aad8fa359312bc0fb8c107ed7d64a57905df26a45321eb611fd2,A,7285,1,1,2J4M,1,A,evaluated,False,1,1,100,96,96,96,1.0,0,7f33b7d196ae82aee2824855d6ea73b37fc18297b9c30671f7187dc6805ef0a2,2026-09-13T16:01:57.671399+00:00
380d56001620554a4acd9e81381adb19460ac900642b911fb08a60ba199e6a6c,A,7285,1,1,2J4N,1,A,evaluated,False,1,1,100,96,96,96,1.0,0,7f33b7d196ae82aee2824855d6ea73b37fc18297b9c30671f7187dc6805ef0a2,2026-09-13T16:01:58.739946+00:00
812cae84c715a8a538f7fc29d6ed7e33edbd0090a0f7aeb2d00e80fc9c1ee72e,A,7288,1,1,2J5D,1,A,evaluated,False,1,1,45,45,45,45,1.0,0,7f33b7d196ae82aee2824855d6ea73b37fc18297b9c30671f7187dc6805ef0a2,2026-09-13T16:01:59.954393+00:00
6c5392fd10f82377218f118f37425cda1b0959a536f95d60ee70364572b743a5,B,7288,1,1,2J5D,1,B,evaluated,False,1,1,45,45,45,45,1.0,0,7f33b7d196ae82aee2824855d6ea73b37fc18297b9c30671f7187dc6805ef0a2,2026-09-13T16:02:00.098201+00:00
4011bdd8ee3e505d54ec3fde874203189e0830471864784f3fad20987c9e9145,A,7106,1,1,2JM5,1,A,evaluated,False,1,1,134,134,134,151,0.8874172185430463,0,7f33b7d196ae82aee2824855d6ea73b37fc18297b9c30671f7187dc6805ef0a2,2026-09-13T16:02:02.413665+00:00
04b281d5b3a75773c4d54e54d6e9aa6dd5b6c593be22d7c15b5d3756a5e464a3,C,15257,2,1,2JPP,2,A,evaluated,False,1,1,53,53,53,70,0.7571428571428571,0,7f33b7d196ae82aee2824855d6ea73b37fc18297b9c30671f7187dc6805ef0a2,2026-09-13T16:02:04.056968+00:00
bd48b6bbee4e57ee011e7c68c762585ab606b46cdba1aa100be8d4f98a2ac3dd,D,15257,2,1,2JPP,2,B,evaluated,False,1,1,53,53,53,70,0.7571428571428571,0,7f33b7d196ae82aee2824855d6ea73b37fc18297b9c30671f7187dc6805ef0a2,2026-09-13T16:02:04.213671+00:00
39cee27489825dc5de16d227557e893aa1a2e107e5b17ddf9425e18d638e7278,A,15317,1,1,2JR2,1,A,evaluated,False,1,1,76,76,76,76,1.0,0,7f33b7d196ae82aee2824855d6ea73b37fc18297b9c30671f7187dc6805ef0a2,2026-09-13T16:02:07.359351+00:00
c19ecd1053cea65dc26c20384f4c13513bbc215c79344a3d2ff391f6aff2b5f0,B,15317,1,1,2JR2,1,B,evaluated,False,1,1,76,76,76,76,1.0,0,7f33b7d196ae82aee2824855d6ea73b37fc18297b9c30671f7187dc6805ef0a2,2026-09-13T16:02:07.653328+00:00
5588166c5c850d3eb10ca49d8e5a9e46937cb96214ea6845948beaccb6ff3005,A,15324,1,1,2JRA,1,A,evaluated,False,1,1,67,67,67,67,1.0,0,7f33b7d196ae82aee2824855d6ea73b37fc18297b9c30671f7187dc6805ef0a2,2026-09-13T16:02:10.550274+00:00
a465587d3a7ec420351636824629f6378c962571083bdcb5142f6409bcba3801,B,15324,1,1,2JRA,1,B,evaluated,False,1,1,67,67,67,67,1.0,0,7f33b7d196ae82aee2824855d6ea73b37fc18297b9c30671f7187dc6805ef0a2,2026-09-13T16:02:10.724161+00:00
124daf506b22f8374c2ec2c226317fd36638f8cd33a0655935b1d3e3aaba3db1,A,15334,1,1,2JRL,1,A,evaluated,False,1,1,121,121,121,121,1.0,0,7f33b7d196ae82aee2824855d6ea73b37fc18297b9c30671f7187dc6805ef0a2,2026-09-13T16:02:14.419335+00:00
d7642d54a358aa9094de2ffdedfd8d574241ced0a75c7b402b6e997835bffb6e,B,15334,1,1,2JRL,1,B,evaluated,False,1,1,121,121,121,121,1.0,0,7f33b7d196ae82aee2824855d6ea73b37fc18297b9c30671f7187dc6805ef0a2,2026-09-13T16:02:14.756385+00:00
c2c57c3abda5bb6a910768486432a4a0a8e33fa15e88b745bbd828f7cdb6baa7,A,15350,1,1,2JS1,1,A,evaluated,False,1,1,80,80,80,80,1.0,0,7f33b7d196ae82aee2824855d6ea73b37fc18297b9c30671f7187dc6805ef0a2,2026-09-13T16:02:17.206306+00:00
fca590d184437e2e1e9e4f28d926132bbce7d1bd24bc28e97c8c05c92a59daca,B,15350,1,1,2JS1,1,B,evaluated,False,1,1,80,80,80,80,1.0,0,7f33b7d196ae82aee2824855d6ea73b37fc18297b9c30671f7187dc6805ef0a2,2026-09-13T16:02:17.411693+00:00
2489b7fdddfb2528d887464c538d93574e0b23785ea1c566bfc282846c5c205c,A,15384,1,1,2JST,1,A,evaluated,False,1,1,62,62,62,62,1.0,0,7f33b7d196ae82aee2824855d6ea73b37fc18297b9c30671f7187dc6805ef0a2,2026-09-13T16:02:19.557693+00:00
516ab638d2ab883b82164f880c40372575aeddd8e5a2b5c555dc84fa558aa5b4,B,15384,1,1,2JST,1,B,evaluated,False,1,1,62,62,62,62,1.0,0,7f33b7d196ae82aee2824855d6ea73b37fc18297b9c30671f7187dc6805ef0a2,2026-09-13T16:02:19.733931+00:00
262f8e32418b696bafb4a65efa810da421cfeed6a5457e298e45f4cc67962b16,A,15418,1,1,2JTT,1,A,evaluated,False,1,1,90,90,90,90,1.0,0,7f33b7d196ae82aee2824855d6ea73b37fc18297b9c30671f7187dc6805ef0a2,2026-09-13T16:02:24.931581+00:00
e29f2d76f602c037c82924e8d3ea213768ab437862203a61b5b43a13f7a6d98a,B,15418,1,1,2JTT,1,B,evaluated,False,1,1,90,90,90,90,1.0,0,7f33b7d196ae82aee2824855d6ea73b37fc18297b9c30671f7187dc6805ef0a2,2026-09-13T16:02:25.197322+00:00
ee85a7ba2c2ff257c3d7c0e25efe3ad6e236824fda10e87ace72a7197093b1dd,A,15442,1,1,2JUG,1,A,evaluated,False,1,1,78,78,78,78,1.0,0,7f33b7d196ae82aee2824855d6ea73b37fc18297b9c30671f7187dc6805ef0a2,2026-09-13T16:02:27.249613+00:00
3ae4224340e8d4016ca782fc7f8df79481c7cb3b2cf1dd89bda46d6a168ef258,B,15442,1,1,2JUG,1,B,evaluated,False,1,1,78,78,78,78,1.0,0,7f33b7d196ae82aee2824855d6ea73b37fc18297b9c30671f7187dc6805ef0a2,2026-09-13T16:02:27.422414+00:00
5a34417a22f21c4f30635ea568b0ae3a6f5e30618c5a8644e5ab060cc9b81770,A,15456,1,1,2JUW,1,A,evaluated,False,1,1,80,80,80,80,1.0,0,7f33b7d196ae82aee2824855d6ea73b37fc18297b9c30671f7187dc6805ef0a2,2026-09-13T16:02:29.884507+00:00
24d1cab45c77c45b9cd6029f27d622b2d1fa367a531ef313c5d025c05f66c767,B,15456,1,1,2JUW,1,B,evaluated,False,1,1,80,80,80,80,1.0,0,7f33b7d196ae82aee2824855d6ea73b37fc18297b9c30671f7187dc6805ef0a2,2026-09-13T16:02:30.111316+00:00
221d7e8c23c02d06e5933e4dc5d6eb22eb33b8a53ef88ac7d0681132e9c2c2bb,A,15511,1,1,2JW8,1,A,evaluated,False,1,1,118,118,118,128,0.921875,0,7f33b7d196ae82aee2824855d6ea73b37fc18297b9c30671f7187dc6805ef0a2,2026-09-13T16:02:35.381535+00:00
c558d6aee1fe02f6fff0eff489479f07d196b5e42a5e47074e17fd54a5cfbe3e,B,15511,1,1,2JW8,1,B,evaluated,False,1,1,118,118,118,128,0.921875,0,7f33b7d196ae82aee2824855d6ea73b37fc18297b9c30671f7187dc6805ef0a2,2026-09-13T16:02:35.814189+00:00
4d053a167b126a6312d82c151941be1b9c249458c2e54838060b741474584683,A,16871,1,1,2JWE,1,A,evaluated,False,1,1,82,82,82,88,0.9318181818181818,0,7f33b7d196ae82aee2824855d6ea73b37fc18297b9c30671f7187dc6805ef0a2,2026-09-13T16:02:39.528463+00:00
a02ccee919c7056a635550b328cd6979eaaf799ce47eb711720231567f3fe444,B,16871,1,1,2JWE,1,B,evaluated,False,1,1,82,82,82,88,0.9318181818181818,0,7f33b7d196ae82aee2824855d6ea73b37fc18297b9c30671f7187dc6805ef0a2,2026-09-13T16:02:39.731713+00:00
1527ebf8e9ab0907b5317f0ff8ff988010d8c6af44ebe103257fd1f6f287340c,A,15528,1,1,2JWN,1,A,evaluated,False,1,1,124,124,124,124,1.0,0,7f33b7d196ae82aee2824855d6ea73b37fc18297b9c30671f7187dc6805ef0a2,2026-09-13T16:02:43.186928+00:00
5a2aa74f6061059873fd2a687c9ebfea1a05ee52ed219fb2ecb6568ffa57c5e0,B,15528,1,1,2JWN,1,B,evaluated,False,1,1,124,124,124,124,1.0,0,7f33b7d196ae82aee2824855d6ea73b37fc18297b9c30671f7187dc6805ef0a2,2026-09-13T16:02:43.496808+00:00
a9ec79f8e1ed4af9e146768c0796686c541081baf283c25c65636796a8f2ad37,A,15553,1,1,2JX9,1,A,evaluated,False,1,1,106,106,106,106,1.0,0,7f33b7d196ae82aee2824855d6ea73b37fc18297b9c30671f7187dc6805ef0a2,2026-09-13T16:02:45.792803+00:00
7dc69d49ffd8d1df2e29e68ca1c78d1595ac9d321c8a8084bda953a11fb8285a,A,15553,1,1,2JXA,1,A,evaluated,False,1,1,106,106,106,106,1.0,0,7f33b7d196ae82aee2824855d6ea73b37fc18297b9c30671f7187dc6805ef0a2,2026-09-13T16:02:48.559870+00:00
e11d7458146e2426ac6bfe76fa62d8b7b334d2f3f982c6b29df2a370c96b948f,A,15591,1,1,2JY7,1,A,evaluated,False,1,1,52,52,52,52,1.0,0,7f33b7d196ae82aee2824855d6ea73b37fc18297b9c30671f7187dc6805ef0a2,2026-09-13T16:02:50.869243+00:00
56eaa5ddb0295e17bdd9ac932a518edb08413cecf93b0c7c813ec4b5597eae09,A,15633,1,1,2K01,1,A,evaluated,False,1,1,68,68,68,70,0.9714285714285714,0,7f33b7d196ae82aee2824855d6ea73b37fc18297b9c30671f7187dc6805ef0a2,2026-09-13T16:02:53.805447+00:00
d172c1735342b620f8c5d3d347ddf8d0ffa3605ff64bee6bcc7a4ea7c2a52224,B,15633,1,1,2K01,1,C,evaluated,False,1,1,68,68,68,70,0.9714285714285714,0,7f33b7d196ae82aee2824855d6ea73b37fc18297b9c30671f7187dc6805ef0a2,2026-09-13T16:02:54.006678+00:00
8199149e15bdb59cff701ed981476e440692de86e93b76395d0a77a67cb5a75b,A,15635,1,1,2K03,1,A,evaluated,False,1,1,68,68,68,70,0.9714285714285714,0,7f33b7d196ae82aee2824855d6ea73b37fc18297b9c30671f7187dc6805ef0a2,2026-09-13T16:02:57.222074+00:00
573ddf87fb8a7ca720f82117819dac6d800eed1eb0ae7865389410e55f85dbe6,C,15635,1,1,2K03,1,C,evaluated,False,1,1,68,68,68,70,0.9714285714285714,0,7f33b7d196ae82aee2824855d6ea73b37fc18297b9c30671f7187dc6805ef0a2,2026-09-13T16:02:57.418538+00:00
d48470f9ddaa55b66823904ff3be42b9a556c4e4edacb728fe38037483584389,A,15636,1,1,2K04,1,A,evaluated,False,1,1,68,68,68,70,0.9714285714285714,0,7f33b7d196ae82aee2824855d6ea73b37fc18297b9c30671f7187dc6805ef0a2,2026-09-13T16:03:00.226581+00:00
fae8ec4192df38445b852065346bffb31a18c59b5e796b2e02bba0d17140aa7c,C,15636,1,1,2K04,1,C,evaluated,False,1,1,68,68,68,70,0.9714285714285714,0,7f33b7d196ae82aee2824855d6ea73b37fc18297b9c30671f7187dc6805ef0a2,2026-09-13T16:03:00.431300+00:00
aa3d3ddbe9fa4fb3912473e331a96a5bd0668f0ec69d773e08553397786f39e3,A,15637,1,1,2K05,1,A,evaluated,False,1,1,68,68,68,70,0.9714285714285714,0,7f33b7d196ae82aee2824855d6ea73b37fc18297b9c30671f7187dc6805ef0a2,2026-09-13T16:03:03.652591+00:00
1a4ed6ef970fe2afab5b64376efce1f48f94aff2e70eef296bac30fcc036e29f,C,15637,1,1,2K05,1,C,evaluated,False,1,1,68,68,68,70,0.9714285714285714,0,7f33b7d196ae82aee2824855d6ea73b37fc18297b9c30671f7187dc6805ef0a2,2026-09-13T16:03:03.939969+00:00
6489ac9e74debf524b39a825291f0dd9eda14929705624768f5955903c88aede,A,15591,1,1,2K0B,1,X,evaluated,False,1,1,52,52,52,52,1.0,0,7f33b7d196ae82aee2824855d6ea73b37fc18297b9c30671f7187dc6805ef0a2,2026-09-13T16:03:06.119126+00:00
7159377198bcbc8aa1d12ae7b9d25e8d1cbe66a3df6d5f1147bd6da9874719b1,A,15677,1,1,2K1E,1,A,evaluated,False,1,1,103,103,103,103,1.0,0,7f33b7d196ae82aee2824855d6ea73b37fc18297b9c30671f7187dc6805ef0a2,2026-09-13T16:03:12.025833+00:00
7f3716fab2b822e476a96a41415a72a1c4233a13ff915573c5ca79f45d01c3c3,B,15677,1,1,2K1E,1,B,evaluated,False,1,1,103,103,103,103,1.0,0,7f33b7d196ae82aee2824855d6ea73b37fc18297b9c30671f7187dc6805ef0a2,2026-09-13T16:03:12.314326+00:00
bed9545167baa00f4042ced4f006dc9dc1245cf4028b7998b135fb2ac92e1bb9,C,15677,1,1,2K1E,1,C,evaluated,False,1,1,103,103,103,103,1.0,0,7f33b7d196ae82aee2824855d6ea73b37fc18297b9c30671f7187dc6805ef0a2,2026-09-13T16:03:12.606601+00:00
66077210282aa9b206ef9a32be6ffad6690606ba4da745e77d2fd9354ae5d88d,D,15677,1,1,2K1E,1,D,evaluated,False,1,1,103,103,103,103,1.0,0,7f33b7d196ae82aee2824855d6ea73b37fc18297b9c30671f7187dc6805ef0a2,2026-09-13T16:03:12.911353+00:00
f272b39f2b9c17966478561775bc8a981da6e3b9558036bfd2cbe24d69bcc01a,A,15691,1,1,2K29,1,A,evaluated,False,1,1,50,50,50,53,0.9433962264150944,0,7f33b7d196ae82aee2824855d6ea73b37fc18297b9c30671f7187dc6805ef0a2,2026-09-13T16:03:14.691762+00:00
aeae22acb41b1e9c94845e6570f00f9ffa9f356637db99ed360c2f77b26e837a,B,15691,1,1,2K29,1,B,evaluated,False,1,1,50,50,50,53,0.9433962264150944,0,7f33b7d196ae82aee2824855d6ea73b37fc18297b9c30671f7187dc6805ef0a2,2026-09-13T16:03:14.822982+00:00
0d3c38c0bcc0e797a4cd74f4ad8b956328e044a4f35d63042e8cfd9ba477db38,A,15912,1,2,2K79,1,A,evaluated,False,1,1,63,63,63,64,0.984375,0,7f33b7d196ae82aee2824855d6ea73b37fc18297b9c30671f7187dc6805ef0a2,2026-09-13T16:03:15.409795+00:00
c200dcdf54dea0cd642d39bbbdf383deb7e2c06ddbafc04cf5d838f9569ea863,A,15912,1,4,2K79,1,A,evaluated,False,1,1,63,63,63,64,0.984375,0,7f33b7d196ae82aee2824855d6ea73b37fc18297b9c30671f7187dc6805ef0a2,2026-09-13T16:03:15.546172+00:00
04ee589abfab689f0aa1ff3638163f360137283b74f24f3bd94308c1acd9d27b,B,16809,2,1,2K7A,2,B,evaluated,False,1,1,108,108,108,108,1.0,0,7f33b7d196ae82aee2824855d6ea73b37fc18297b9c30671f7187dc6805ef0a2,2026-09-13T16:03:18.813432+00:00
f579f25160fa21f5ed280e6fc0671af7c318a8f3b6dc51e63d9174b70fc3d4e4,B,16809,2,2,2K7A,2,B,evaluated,False,1,1,108,108,108,108,1.0,0,7f33b7d196ae82aee2824855d6ea73b37fc18297b9c30671f7187dc6805ef0a2,2026-09-13T16:03:19.334318+00:00
84f2e6f7ea29ce5f4597857808acdbe1669ec02a52646bc7d474622e21a24c67,A,15916,1,1,2K7I,1,A,evaluated,False,1,1,62,62,62,83,0.7469879518072289,0,7f33b7d196ae82aee2824855d6ea73b37fc18297b9c30671f7187dc6805ef0a2,2026-09-13T16:03:22.351841+00:00
e868ce0ade24d844493ba58d91ecddfb6addbd7716492817b2555ae204865896,B,15916,1,1,2K7I,1,B,evaluated,False,1,1,62,62,62,83,0.7469879518072289,0,7f33b7d196ae82aee2824855d6ea73b37fc18297b9c30671f7187dc6805ef0a2,2026-09-13T16:03:22.525683+00:00
196874736d8df0e80ab679a6ac7c28e9d2799ce8f973706758c9cda17650aa6e,A,15931,1,1,2K7V,1,A,evaluated,False,1,1,85,85,85,85,1.0,0,7f33b7d196ae82aee2824855d6ea73b37fc18297b9c30671f7187dc6805ef0a2,2026-09-13T16:03:25.122181+00:00
68a538d56b676d115dbecad34e5cb5c67607671690c6f4ac33390c5cef038366,B,15931,1,1,2K7V,1,B,evaluated,False,1,1,85,85,85,85,1.0,0,7f33b7d196ae82aee2824855d6ea73b37fc18297b9c30671f7187dc6805ef0a2,2026-09-13T16:03:25.360199+00:00
1fb6dd6d9a8d793768e2acf9b4e379fa8b5d6ed92a13858fff1a8bb41541e970,A,15347,1,1,2K8S,1,A,evaluated,False,1,1,80,78,78,99,0.7878787878787878,0,7f33b7d196ae82aee2824855d6ea73b37fc18297b9c30671f7187dc6805ef0a2,2026-09-13T16:03:27.913792+00:00
f93f784228180cc424aeff04c5e0cc4a29ddee5a31d88c7af6467674f043addd,B,15347,1,1,2K8S,1,B,evaluated,False,1,1,80,78,78,99,0.7878787878787878,0,7f33b7d196ae82aee2824855d6ea73b37fc18297b9c30671f7187dc6805ef0a2,2026-09-13T16:03:28.148105+00:00
ea269cc1b7e35006af3a5e4c053d734effe9e08dbdcb695e3dc853c7b8dd801b,A,15999,1,1,2K9Q,1,A,evaluated,False,1,1,77,77,77,77,1.0,0,7f33b7d196ae82aee2824855d6ea73b37fc18297b9c30671f7187dc6805ef0a2,2026-09-13T16:03:30.809056+00:00
9ba988da019bc21f4fc3d71f670190ff18f8c06e9c7149d04d1d8ff8099ee35d,B,15999,1,1,2K9Q,1,B,evaluated,False,1,1,77,77,77,77,1.0,0,7f33b7d196ae82aee2824855d6ea73b37fc18297b9c30671f7187dc6805ef0a2,2026-09-13T16:03:31.031977+00:00
866935648352722b943188f18d86023e304820a7a3fb704b58f4ce3f0ad34bdf,A,5882,1,1,2KA3,1,A,evaluated,False,2,1,131,130,130,162,0.8024691358024691,0,7f33b7d196ae82aee2824855d6ea73b37fc18297b9c30671f7187dc6805ef0a2,2026-09-13T16:03:35.454267+00:00
77280d07bd4024b721bffb2bd87e1ee31c6bffddffc7551355c0df9aae881830,B,5882,1,1,2KA3,1,B,evaluated,False,2,1,131,130,130,162,0.8024691358024691,0,7f33b7d196ae82aee2824855d6ea73b37fc18297b9c30671f7187dc6805ef0a2,2026-09-13T16:03:35.867768+00:00
b08c4d8f2e665bb2d8721005917b49910cab168faae532445cd9ac63d8826c53,C,5882,1,1,2KA3,1,C,evaluated,False,2,1,131,130,130,162,0.8024691358024691,0,7f33b7d196ae82aee2824855d6ea73b37fc18297b9c30671f7187dc6805ef0a2,2026-09-13T16:03:36.364993+00:00
f1f8df187606c36695e3d2c08cfe15b003e512c913d428a136a2c9920e5edd34,A,16033,1,1,2KAX,1,A,evaluated,False,1,1,92,92,92,92,1.0,0,7f33b7d196ae82aee2824855d6ea73b37fc18297b9c30671f7187dc6805ef0a2,2026-09-13T16:03:40.346462+00:00
0dea5c737799af0c51c5ce3ab5eb89accddad2ccc6dfef9978714e0e4164d1b7,B,16033,1,1,2KAX,1,B,evaluated,False,1,1,92,92,92,92,1.0,0,7f33b7d196ae82aee2824855d6ea73b37fc18297b9c30671f7187dc6805ef0a2,2026-09-13T16:03:40.617695+00:00
a1781dcd3f5fa64e8e383047c020ad69777c13ff010c5b0c758e207bf7cf9ae5,A,16034,1,1,2KAY,1,A,evaluated,False,1,1,92,92,92,92,1.0,0,7f33b7d196ae82aee2824855d6ea73b37fc18297b9c30671f7187dc6805ef0a2,2026-09-13T16:03:44.749400+00:00
0d81de03c04f23b884416b7b2b7709f74521bcf2e2459e656814265d2d8d135e,B,16034,1,1,2KAY,1,B,evaluated,False,1,1,92,92,92,92,1.0,0,7f33b7d196ae82aee2824855d6ea73b37fc18297b9c30671f7187dc6805ef0a2,2026-09-13T16:03:45.076645+00:00
ae173dc171cb740822acfbf1b8ea2c803a275f92c25f870d9facdd918724d7ce,A,15677,1,1,2KB1,1,A,evaluated,False,1,1,103,103,103,103,1.0,0,7f33b7d196ae82aee2824855d6ea73b37fc18297b9c30671f7187dc6805ef0a2,2026-09-13T16:03:52.476930+00:00
853d4c25fe554e8aea8bb3ba81dd74b35104166462fed3e2db9e24beb1d1b717,B,15677,1,1,2KB1,1,B,evaluated,False,1,1,103,103,103,103,1.0,0,7f33b7d196ae82aee2824855d6ea73b37fc18297b9c30671f7187dc6805ef0a2,2026-09-13T16:03:52.735064+00:00
1b1edd8c2c213664702af94127bd5a01d12c5fa7ba1e395ba8b3e0ac84e486dc,C,15677,1,1,2KB1,1,C,evaluated,False,1,1,103,103,103,103,1.0,0,7f33b7d196ae82aee2824855d6ea73b37fc18297b9c30671f7187dc6805ef0a2,2026-09-13T16:03:52.995211+00:00
37fe313205e68f977c0e8ed461c8b71a81db7071458ffdf74f5bc788a4fc7825,D,15677,1,1,2KB1,1,D,evaluated,False,1,1,103,103,103,103,1.0,0,7f33b7d196ae82aee2824855d6ea73b37fc18297b9c30671f7187dc6805ef0a2,2026-09-13T16:03:53.312297+00:00
f9af0771b6820a53d8fd6edbcb9a4bfb9fb6b2687e1238fdb041f7ecbacbb4d7,C,16050,1,1,2KBM,2,A,evaluated,False,1,1,93,93,93,93,1.0,0,7f33b7d196ae82aee2824855d6ea73b37fc18297b9c30671f7187dc6805ef0a2,2026-09-13T16:03:56.647036+00:00
b76a6b7eb20956ddf9f059f8502cd6b3492791d876402e4c7650974b6d748610,D,16050,1,1,2KBM,2,B,evaluated,False,1,1,93,93,93,93,1.0,0,7f33b7d196ae82aee2824855d6ea73b37fc18297b9c30671f7187dc6805ef0a2,2026-09-13T16:03:56.928815+00:00
feb9446da3854919bb2855cba899aa4f194b9714e1a784a6c2905402e2826def,A,16051,1,1,2KBN,1,A,evaluated,False,1,1,109,109,109,109,1.0,0,7f33b7d196ae82aee2824855d6ea73b37fc18297b9c30671f7187dc6805ef0a2,2026-09-13T16:03:59.005394+00:00
4eb64ba92686077d79e4942df5debe2b76a4ee1051287e8ffa048db6d1fe6e37,A,16110,1,1,2KDD,1,A,evaluated,False,1,1,57,57,57,76,0.75,0,7f33b7d196ae82aee2824855d6ea73b37fc18297b9c30671f7187dc6805ef0a2,2026-09-13T16:04:00.258881+00:00
79ddd4a41de2868016f10a7751fd9238007f694ac510be1469b7b8a973e915d6,B,16110,1,1,2KDD,1,B,evaluated,False,1,1,57,57,57,76,0.75,0,7f33b7d196ae82aee2824855d6ea73b37fc18297b9c30671f7187dc6805ef0a2,2026-09-13T16:04:00.392536+00:00
9d034ccba65796d727b8a2a6c8f51a9350dd79480c429fb5355fbe790af3d9df,A,16153,1,1,2KEL,1,A,evaluated,False,1,1,46,46,46,56,0.8214285714285714,0,7f33b7d196ae82aee2824855d6ea73b37fc18297b9c30671f7187dc6805ef0a2,2026-09-13T16:04:01.745707+00:00
753453d33420cf1c7a0b980bd7c3cbd23b5da5ca773a6522ee9da4d06c0a2b12,B,16153,1,1,2KEL,1,B,evaluated,False,1,1,46,46,46,56,0.8214285714285714,0,7f33b7d196ae82aee2824855d6ea73b37fc18297b9c30671f7187dc6805ef0a2,2026-09-13T16:04:01.927696+00:00
c2c11ed4cc2d099b90d6f4dd65bba3ffbb8db2884b1fc44b6cb4b940c6da0d5f,A,16051,1,1,2KEN,1,A,evaluated,False,1,1,109,109,109,109,1.0,0,7f33b7d196ae82aee2824855d6ea73b37fc18297b9c30671f7187dc6805ef0a2,2026-09-13T16:04:05.134639+00:00
bf6bbeb577484d983f4140aa4528f3b2b64878be557e2679a1e881fd803c6865,A,16249,1,1,2KHM,1,A,evaluated,False,1,1,140,140,140,140,1.0,0,7f33b7d196ae82aee2824855d6ea73b37fc18297b9c30671f7187dc6805ef0a2,2026-09-13T16:04:09.413761+00:00
fdb76822ec50fdec2ccf628e7285a33a2ae50e048a6d22613981631a58ec4eb2,B,16249,1,1,2KHM,1,B,evaluated,False,1,1,140,140,140,140,1.0,0,7f33b7d196ae82aee2824855d6ea73b37fc18297b9c30671f7187dc6805ef0a2,2026-09-13T16:04:09.776922+00:00
2ab6c6abf8ee0dbcc7833785ba2315eb19ae28b8dd65da601833db4f09f181c3,A,16258,1,1,2KHZ,1,A,evaluated,False,1,1,163,163,163,165,0.9878787878787879,0,7f33b7d196ae82aee2824855d6ea73b37fc18297b9c30671f7187dc6805ef0a2,2026-09-13T16:04:13.441304+00:00
0619e708e1f4a562e009963a1702de9e841dfaa069b7a882d5ac5aaa0ae1fea2,B,16258,1,1,2KHZ,1,B,evaluated,False,1,1,163,163,163,165,0.9878787878787879,0,7f33b7d196ae82aee2824855d6ea73b37fc18297b9c30671f7187dc6805ef0a2,2026-09-13T16:04:13.910418+00:00
5ef8cac532cfca72679a6c3852cb72f8bdc60bbd7b29e5150fe073f20952d9d1,A,16347,1,1,2KJZ,1,A,evaluated,False,1,1,122,122,122,144,0.8472222222222222,0,7f33b7d196ae82aee2824855d6ea73b37fc18297b9c30671f7187dc6805ef0a2,2026-09-13T16:04:18.749528+00:00
0126914cf2349348e528e2fc6ed5120a9bfc4d8347e578cdcbc24aed0ddac720,B,16347,1,1,2KJZ,1,B,evaluated,False,1,1,122,122,122,144,0.8472222222222222,0,7f33b7d196ae82aee2824855d6ea73b37fc18297b9c30671f7187dc6805ef0a2,2026-09-13T16:04:19.366515+00:00
c86db093de7654e39a30a761010f55a191c4261f6e291ce3b63b1e344db619bf,A,16368,1,1,2KKO,1,A,evaluated,False,1,1,108,108,108,109,0.9908256880733946,0,7f33b7d196ae82aee2824855d6ea73b37fc18297b9c30671f7187dc6805ef0a2,2026-09-13T16:04:22.846402+00:00
87a6d88d1708105de408ea122255f7b66d9e23352b07928918a15391f9dc19ed,B,16368,1,1,2KKO,1,B,evaluated,False,1,1,108,108,108,109,0.9908256880733946,0,7f33b7d196ae82aee2824855d6ea73b37fc18297b9c30671f7187dc6805ef0a2,2026-09-13T16:04:23.190115+00:00
4f5df80a4d5bb149941b155d90059a7009c319fdc83c27ab383981c8c085af16,A,16135,1,1,2KMT,1,A,evaluated,False,1,1,105,105,105,105,1.0,0,7f33b7d196ae82aee2824855d6ea73b37fc18297b9c30671f7187dc6805ef0a2,2026-09-13T16:04:26.450109+00:00
9290398c5a29fc6e001c42e716898371181c2024c7725aff96e4a87473ade0f3,B,16135,1,1,2KMT,1,B,evaluated,False,1,1,105,105,105,105,1.0,0,7f33b7d196ae82aee2824855d6ea73b37fc18297b9c30671f7187dc6805ef0a2,2026-09-13T16:04:26.717455+00:00
0f0311838324a7715ae5158b3039d66d4a394578803fe52e684266b67c0267ca,A,16486,1,1,2KO1,1,A,evaluated,False,1,1,88,88,88,88,1.0,0,7f33b7d196ae82aee2824855d6ea73b37fc18297b9c30671f7187dc6805ef0a2,2026-09-13T16:04:29.536095+00:00
6723a71b7fc1adf6b4e548cecc35de596e008fb56118a1c83899d804e7100bfa,B,16486,1,1,2KO1,1,B,evaluated,False,1,1,88,88,88,88,1.0,0,7f33b7d196ae82aee2824855d6ea73b37fc18297b9c30671f7187dc6805ef0a2,2026-09-13T16:04:29.795243+00:00
1a5b8bddf85eaf44bbc859991aa2671c158d2b93cf707bec8c19131f98586c82,A,16606,1,1,2KQM,1,A,evaluated,False,1,1,108,108,108,110,0.9818181818181818,0,7f33b7d196ae82aee2824855d6ea73b37fc18297b9c30671f7187dc6805ef0a2,2026-09-13T16:04:34.864992+00:00
295ae1b7a776ac5815a2f88b0572a1442da0e662208271c49017c2ec72106fcc,B,16606,1,1,2KQM,1,B,evaluated,False,1,1,108,108,108,110,0.9818181818181818,0,7f33b7d196ae82aee2824855d6ea73b37fc18297b9c30671f7187dc6805ef0a2,2026-09-13T16:04:35.323062+00:00
e1e0e38e2c8a8881c0d835c53b861beaddc9735dfcdda439c382a12e89183b62,A,16607,1,1,2KQN,1,A,evaluated,False,1,1,108,108,108,110,0.9818181818181818,0,7f33b7d196ae82aee2824855d6ea73b37fc18297b9c30671f7187dc6805ef0a2,2026-09-13T16:04:38.277293+00:00
ae5ccf5e3f22deb5d1fd1eba15d1c8c26a74ccba787d8946c6e8864b3986e9dc,B,16607,1,1,2KQN,1,B,evaluated,False,1,1,108,108,108,110,0.9818181818181818,0,7f33b7d196ae82aee2824855d6ea73b37fc18297b9c30671f7187dc6805ef0a2,2026-09-13T16:04:38.591925+00:00
798c2d45fc77110ac595600fa1d63bed98de79fd168ddc94b959c4991015b656,A,16632,1,1,2KR9,1,A,evaluated,False,1,1,190,190,190,190,1.0,0,7f33b7d196ae82aee2824855d6ea73b37fc18297b9c30671f7187dc6805ef0a2,2026-09-13T16:04:41.628274+00:00
9be6520a40c8172ee876529ec64cdc443b6a22a6f65c072435af8b8f0082c668,A,16632,1,2,2KR9,1,A,evaluated,False,1,1,190,190,190,190,1.0,0,7f33b7d196ae82aee2824855d6ea73b37fc18297b9c30671f7187dc6805ef0a2,2026-09-13T16:04:42.185545+00:00
add35345032d0977925a6238635efaf87f78a3adffa441946f3c4a3cc3159a8f,A,16636,1,1,2KRF,1,A,evaluated,False,1,1,69,69,69,73,0.9452054794520548,0,7f33b7d196ae82aee2824855d6ea73b37fc18297b9c30671f7187dc6805ef0a2,2026-09-13T16:04:43.763046+00:00
19447f3b470376c451806ee3b24007368a0263b9b588bd3e0ce8215b3e19ac5c,B,16636,1,1,2KRF,1,B,evaluated,False,1,1,69,69,69,73,0.9452054794520548,0,7f33b7d196ae82aee2824855d6ea73b37fc18297b9c30671f7187dc6805ef0a2,2026-09-13T16:04:43.967721+00:00
dd376180d91e2f44e748886437e56d8cfa1f3b2d2492b0f73fa998ea85ea7992,A,16656,1,1,2KS0,1,A,evaluated,False,1,1,66,66,66,71,0.9295774647887324,0,7f33b7d196ae82aee2824855d6ea73b37fc18297b9c30671f7187dc6805ef0a2,2026-09-13T16:04:48.496961+00:00
c3e20e60bb1ddea8d348027db33de7bb3c1fab866907937233db6b0aca85ff19,B,16656,1,1,2KS0,1,B,evaluated,False,1,1,66,66,66,71,0.9295774647887324,0,7f33b7d196ae82aee2824855d6ea73b37fc18297b9c30671f7187dc6805ef0a2,2026-09-13T16:04:48.852135+00:00
1fb0cbce63af211929f5cf2eae583c45b03f820e97d494887e02efc52c6492ce,A,16808,1,1,2KW6,1,A,evaluated,False,1,1,65,65,65,65,1.0,0,7f33b7d196ae82aee2824855d6ea73b37fc18297b9c30671f7187dc6805ef0a2,2026-09-13T16:04:52.080059+00:00
51136a5932e95ab6d7d7b9071214a4fe31374ca0d5396a7d8fc2a4e377504e77,B,16808,1,1,2KW6,1,B,evaluated,False,1,1,65,65,65,65,1.0,0,7f33b7d196ae82aee2824855d6ea73b37fc18297b9c30671f7187dc6805ef0a2,2026-09-13T16:04:52.256745+00:00
13724d267ecd8424dce07ecb6aa37eeff320abfbe119f13aa1739b9f666df6c6,A,16961,1,1,2KYI,1,A,evaluated,False,1,1,71,71,71,71,1.0,0,7f33b7d196ae82aee2824855d6ea73b37fc18297b9c30671f7187dc6805ef0a2,2026-09-13T16:04:54.409217+00:00
e59bd3b2c02649c11baf356e2c8d91b614751e2b4e0a88a8a856876ec09437c3,B,16961,1,1,2KYI,1,B,evaluated,False,1,1,71,71,71,71,1.0,0,7f33b7d196ae82aee2824855d6ea73b37fc18297b9c30671f7187dc6805ef0a2,2026-09-13T16:04:54.594357+00:00
630ebd4ec34d96df4bdb5ab65f1f0350e26e7509f2d7b4bd9e31b34d13c98568,A,17025,1,1,2L01,1,A,evaluated,False,1,1,77,77,77,77,1.0,0,7f33b7d196ae82aee2824855d6ea73b37fc18297b9c30671f7187dc6805ef0a2,2026-09-13T16:04:57.104082+00:00
52747d6a82bd7db06bc66566f8bd093064bd89094f497eb5005bc49a01a3d97c,B,17025,1,1,2L01,1,B,evaluated,False,1,1,77,77,77,77,1.0,0,7f33b7d196ae82aee2824855d6ea73b37fc18297b9c30671f7187dc6805ef0a2,2026-09-13T16:04:57.310080+00:00
e6e88a270ff90ea5cd1970a70d573df168de144531a7465dedf08e434def3bc9,A,17026,1,1,2L02,1,A,evaluated,False,1,1,82,82,82,82,1.0,0,7f33b7d196ae82aee2824855d6ea73b37fc18297b9c30671f7187dc6805ef0a2,2026-09-13T16:04:59.955553+00:00
6391536b527f9ef73be70417a4875aee0a6d302aced2026a431a6da01ffd565a,B,17026,1,1,2L02,1,B,evaluated,False,1,1,82,82,82,82,1.0,0,7f33b7d196ae82aee2824855d6ea73b37fc18297b9c30671f7187dc6805ef0a2,2026-09-13T16:05:00.246461+00:00
52d5b842a055535defb47a811a651f53bf876fa2edc43d567b3b89ae157fb800,A,17031,1,1,2L06,1,A,evaluated,False,1,1,155,155,155,155,1.0,0,7f33b7d196ae82aee2824855d6ea73b37fc18297b9c30671f7187dc6805ef0a2,2026-09-13T16:05:03.606678+00:00
8eecb2e8a7b7f726bd7a54415abe2f452d5ad886f51b77569b226ad52be85547,A,17175,1,1,2L3A,1,A,evaluated,False,1,1,82,82,82,82,1.0,0,7f33b7d196ae82aee2824855d6ea73b37fc18297b9c30671f7187dc6805ef0a2,2026-09-13T16:05:07.292572+00:00
c49c9f1d6024630f38a4408269b25170e585d1513a6c4f8386f069eae6235457,B,17175,1,1,2L3A,1,B,evaluated,False,1,1,82,82,82,82,1.0,0,7f33b7d196ae82aee2824855d6ea73b37fc18297b9c30671f7187dc6805ef0a2,2026-09-13T16:05:07.563847+00:00
3d9fc1547ef16f8f1cb93b22c42d491d7fe0fc6a79e9f19d29cd477206078dc7,A,17233,1,1,2L48,1,A,evaluated,False,1,1,85,85,85,85,1.0,0,7f33b7d196ae82aee2824855d6ea73b37fc18297b9c30671f7187dc6805ef0a2,2026-09-13T16:05:10.770547+00:00
4b310b656ab37dbbfa619e6e4682ea5d694bf55d29b83de2a37a76d63f2e40fe,B,17233,1,1,2L48,1,B,evaluated,False,1,1,85,85,85,85,1.0,0,7f33b7d196ae82aee2824855d6ea73b37fc18297b9c30671f7187dc6805ef0a2,2026-09-13T16:05:11.029015+00:00
af47c57c66651d91d5b4e125c6706db71fa0e63346d7f08008601a7a0f07c341,A,17261,1,1,2L50,1,A,evaluated,False,1,1,102,102,102,102,1.0,0,7f33b7d196ae82aee2824855d6ea73b37fc18297b9c30671f7187dc6805ef0a2,2026-09-13T16:05:15.512561+00:00
aefb665471aad39008320c0a7a6d1ac0522ecde1d6dee56ef29771eb29a78d2b,B,17261,1,1,2L50,1,B,evaluated,False,1,1,102,102,102,102,1.0,0,7f33b7d196ae82aee2824855d6ea73b37fc18297b9c30671f7187dc6805ef0a2,2026-09-13T16:05:15.813558+00:00
86a820a61cfac61b1c6a4dd58d9b2ffa20b6e0e8186a814ba6be167bcac6aa27,A,17262,1,1,2L51,1,A,evaluated,False,1,1,102,102,102,102,1.0,0,7f33b7d196ae82aee2824855d6ea73b37fc18297b9c30671f7187dc6805ef0a2,2026-09-13T16:05:21.999249+00:00
b1de5cb3b0aedb8f277d4252be420f4d74709298a27ef23aa41040d702995851,B,17262,1,1,2L51,1,B,evaluated,False,1,1,102,102,102,102,1.0,0,7f33b7d196ae82aee2824855d6ea73b37fc18297b9c30671f7187dc6805ef0a2,2026-09-13T16:05:22.315943+00:00
e391f9d78fc3d480c1a0baab142aeda91749fa5d5ce4d8ca4f4f0f3ab11ee314,A,6726,1,1,2L65,1,A,evaluated,False,1,1,155,155,155,155,1.0,0,7f33b7d196ae82aee2824855d6ea73b37fc18297b9c30671f7187dc6805ef0a2,2026-09-13T16:05:23.316004+00:00
35d400f40b653e9f297c32f9fa8faa548a74d2cad0307a101984c5ed66baa09e,A,6822,1,1,2L7H,1,A,evaluated,False,1,1,58,56,56,56,1.0,0,7f33b7d196ae82aee2824855d6ea73b37fc18297b9c30671f7187dc6805ef0a2,2026-09-13T16:05:25.124533+00:00
3aca6c9b16817f59420df943720155fcb8e29cf3d84f99a9626d1d65fdafcf63,B,6822,1,1,2L7H,1,B,evaluated,False,1,1,58,56,56,56,1.0,0,7f33b7d196ae82aee2824855d6ea73b37fc18297b9c30671f7187dc6805ef0a2,2026-09-13T16:05:25.297109+00:00
15fab2f094caf47144190d1b008b5dc7c24e37d883f2350538f53681fad7537d,A,17425,1,1,2L8T,1,A,evaluated,False,1,1,71,71,71,71,1.0,0,7f33b7d196ae82aee2824855d6ea73b37fc18297b9c30671f7187dc6805ef0a2,2026-09-13T16:05:27.614057+00:00
7db8125d9573efe8de7d8820d4f0dfae18af457488238745c5e6c074705978e8,B,17425,1,1,2L8T,1,B,evaluated,False,1,1,71,71,71,71,1.0,0,7f33b7d196ae82aee2824855d6ea73b37fc18297b9c30671f7187dc6805ef0a2,2026-09-13T16:05:27.815846+00:00
b04de16ef1ea9d528d57890cfca4dc46a22ce3f7cd771d08e6db334e30e3cd8a,A,17453,1,1,2L9H,1,A,evaluated,False,1,1,67,67,67,68,0.9852941176470589,0,7f33b7d196ae82aee2824855d6ea73b37fc18297b9c30671f7187dc6805ef0a2,2026-09-13T16:05:28.480607+00:00
b82384415ef8ccdf1561d581e624f076364bc3a0557b7a8d299b831450236490,C,17453,1,1,2L9H,1,C,evaluated,False,1,1,67,67,67,68,0.9852941176470589,0,7f33b7d196ae82aee2824855d6ea73b37fc18297b9c30671f7187dc6805ef0a2,2026-09-13T16:05:28.623298+00:00
b76bd13023b1e9a84b50717bf2b3e145ce81927f887118387154432b63e942c0,A,17488,1,1,2L9U,1,A,evaluated,False,1,1,40,40,40,40,1.0,0,7f33b7d196ae82aee2824855d6ea73b37fc18297b9c30671f7187dc6805ef0a2,2026-09-13T16:05:30.199711+00:00
3144450d422b9714e09084f77e9cc406962de406ea2073bcc78e608a4df9102b,B,17488,1,1,2L9U,1,B,evaluated,False,1,1,40,40,40,40,1.0,0,7f33b7d196ae82aee2824855d6ea73b37fc18297b9c30671f7187dc6805ef0a2,2026-09-13T16:05:30.332025+00:00
51177ee647976ca7f6fbbaea4502dfd640928d2bea4b99035771ea942a139ed9,A,17561,1,1,2LBH,1,A,evaluated,False,1,1,92,92,92,92,1.0,0,7f33b7d196ae82aee2824855d6ea73b37fc18297b9c30671f7187dc6805ef0a2,2026-09-13T16:05:35.974328+00:00
55b32cd8660dea8d841df818ca024f246330077ee92428212eadb85d5c3a6e49,B,17561,1,1,2LBH,1,B,evaluated,False,1,1,92,92,92,92,1.0,0,7f33b7d196ae82aee2824855d6ea73b37fc18297b9c30671f7187dc6805ef0a2,2026-09-13T16:05:36.293847+00:00
6c994f115e2f4cad51b3845ab504296d3ec2671cf45d796fcf6f9d043463460b,A,7205,1,1,2LCX,1,A,evaluated,False,1,1,44,44,44,44,1.0,0,7f33b7d196ae82aee2824855d6ea73b37fc18297b9c30671f7187dc6805ef0a2,2026-09-13T16:05:38.786386+00:00
836ea404cd7861c32cb3c25fefce90c5d12d207575bcae3c6e294d7bf92d034e,B,7205,1,1,2LCX,1,B,evaluated,False,1,1,44,44,44,44,1.0,0,7f33b7d196ae82aee2824855d6ea73b37fc18297b9c30671f7187dc6805ef0a2,2026-09-13T16:05:38.917938+00:00
ae84d35d65c67b81e6416c17422e33c78209f32a22b7a9e21fa7cfd4ce7408f5,A,17689,1,1,2LE2,1,A,evaluated,False,1,1,56,56,56,56,1.0,0,7f33b7d196ae82aee2824855d6ea73b37fc18297b9c30671f7187dc6805ef0a2,2026-09-13T16:05:41.027508+00:00
07afab33a9e63618b815477faae2dd1e08cef1865a323175998428df3aea3e25,B,17689,1,1,2LE2,1,B,evaluated,False,1,1,56,56,56,56,1.0,0,7f33b7d196ae82aee2824855d6ea73b37fc18297b9c30671f7187dc6805ef0a2,2026-09-13T16:05:41.178707+00:00
20b973be3e06084836eb9032f9f05adc6dbb68833d890cd6b59a18daa41f2339,A,17704,1,1,2LE9,1,A,evaluated,False,1,1,93,93,93,93,1.0,0,7f33b7d196ae82aee2824855d6ea73b37fc18297b9c30671f7187dc6805ef0a2,2026-09-13T16:05:42.047735+00:00
e2e56eab7381214427276baae0b70d8c2a252f384832d296ed0a9236605621ff,D,17704,1,1,2LE9,1,D,evaluated,False,1,1,93,93,93,93,1.0,0,7f33b7d196ae82aee2824855d6ea73b37fc18297b9c30671f7187dc6805ef0a2,2026-09-13T16:05:42.261802+00:00
1b96c8c5263077beb8e71be981ad3534755db43f142149eed28cf7f80f4251f4,A,17753,1,1,2LFH,1,A,evaluated,False,1,1,68,68,68,68,1.0,0,7f33b7d196ae82aee2824855d6ea73b37fc18297b9c30671f7187dc6805ef0a2,2026-09-13T16:05:44.472849+00:00
f9061af8f3dd9da9009c168c3808471491178a8422219d226397debf7b26cfbf,B,17753,1,1,2LFH,1,B,evaluated,False,1,1,68,68,68,68,1.0,0,7f33b7d196ae82aee2824855d6ea73b37fc18297b9c30671f7187dc6805ef0a2,2026-09-13T16:05:44.668157+00:00
122357c53fd33205ab27211a156012e3245bc32ebf7b06debf17239bff92d9da,A,17775,1,1,2LFR,1,A,evaluated,False,1,1,111,111,111,112,0.9910714285714286,0,7f33b7d196ae82aee2824855d6ea73b37fc18297b9c30671f7187dc6805ef0a2,2026-09-13T16:05:48.888595+00:00
0f81d7146a734bfb399ec80f2e97149d3174b5c21db2488aec89fa78f72b508f,B,17775,1,1,2LFR,1,B,evaluated,False,1,1,111,111,111,112,0.9910714285714286,0,7f33b7d196ae82aee2824855d6ea73b37fc18297b9c30671f7187dc6805ef0a2,2026-09-13T16:05:49.339405+00:00
c52b7f74ed7e2d5d14547c2d34643be6c5c154884a567211a76d5340bc1aea56,A,17776,1,1,2LFS,1,A,evaluated,False,1,1,111,111,111,112,0.9910714285714286,0,7f33b7d196ae82aee2824855d6ea73b37fc18297b9c30671f7187dc6805ef0a2,2026-09-13T16:05:52.828618+00:00
07c6be967afabd8973ea935fc74a73b79869684e1ed4c538429bfec86a33b03a,B,17776,1,1,2LFS,1,B,evaluated,False,1,1,111,111,111,112,0.9910714285714286,0,7f33b7d196ae82aee2824855d6ea73b37fc18297b9c30671f7187dc6805ef0a2,2026-09-13T16:05:53.158942+00:00
75dbc1b2ca54ca7c106593ea0791658dcd318fb5332bb12fde2b721e77453ee5,A,17832,1,1,2LH0,1,A,evaluated,False,1,1,70,70,70,70,1.0,0,7f33b7d196ae82aee2824855d6ea73b37fc18297b9c30671f7187dc6805ef0a2,2026-09-13T16:05:55.728272+00:00
18f1e7bd68210aa1d496db6ca418e681f9649178d139b0ab6f4cab6f5c83a8a0,B,17832,1,1,2LH0,1,B,evaluated,False,1,1,70,70,70,70,1.0,0,7f33b7d196ae82aee2824855d6ea73b37fc18297b9c30671f7187dc6805ef0a2,2026-09-13T16:05:55.946662+00:00
103681cf104d3cac27e5413bf8ac59c1bcb41ee3c9d6f5f2b84ca5eeefca2694,A,17856,1,1,2LHK,1,A,evaluated,False,1,1,107,107,107,107,1.0,0,7f33b7d196ae82aee2824855d6ea73b37fc18297b9c30671f7187dc6805ef0a2,2026-09-13T16:05:58.520105+00:00
b197acf635c8968e7cd5fcafb700bea206ad95887d589f18d3f264861fab3e35,B,17856,1,1,2LHK,1,B,evaluated,False,1,1,107,107,107,107,1.0,0,7f33b7d196ae82aee2824855d6ea73b37fc18297b9c30671f7187dc6805ef0a2,2026-09-13T16:05:58.781589+00:00
ed223027538081f953b590f5efa877c25a04a854d309ffed2fbed7f7d9aed4a5,A,17968,1,1,2LJY,1,A,evaluated,False,1,1,70,70,70,82,0.8536585365853658,0,7f33b7d196ae82aee2824855d6ea73b37fc18297b9c30671f7187dc6805ef0a2,2026-09-13T16:06:01.583191+00:00
5d566d0839bcbb3260abc7fe02dc5f22cfb772e523ad31fd480ee52a5807102f,B,17968,1,1,2LJY,1,B,evaluated,False,1,1,70,70,70,82,0.8536585365853658,0,7f33b7d196ae82aee2824855d6ea73b37fc18297b9c30671f7187dc6805ef0a2,2026-09-13T16:06:01.888803+00:00
24ade8d938fd04806f90564b6694d336fbce7d0a9e87125dfae7286dfc935f3a,A,18003,1,1,2LKP,1,A,evaluated,False,1,1,119,119,119,119,1.0,0,7f33b7d196ae82aee2824855d6ea73b37fc18297b9c30671f7187dc6805ef0a2,2026-09-13T16:06:06.400845+00:00
1f283bd9ab6ca59ae425047a5028300d388999f7acbac59531d0919aa4c45601,A,18003,1,2,2LKP,1,A,evaluated,False,1,1,119,119,119,119,1.0,0,7f33b7d196ae82aee2824855d6ea73b37fc18297b9c30671f7187dc6805ef0a2,2026-09-13T16:06:06.701469+00:00
93de6c705e02828762b85a62b16a8e8597924f839c506d6e3dc4e26204505797,B,18003,1,1,2LKP,1,B,evaluated,False,1,1,119,119,119,119,1.0,0,7f33b7d196ae82aee2824855d6ea73b37fc18297b9c30671f7187dc6805ef0a2,2026-09-13T16:06:07.014844+00:00
41566aa5c08d5bba675827c581a3e4eae589f3ea5c633afaadcdc077e7d609c5,B,18003,1,2,2LKP,1,B,evaluated,False,1,1,119,119,119,119,1.0,0,7f33b7d196ae82aee2824855d6ea73b37fc18297b9c30671f7187dc6805ef0a2,2026-09-13T16:06:07.305310+00:00
033ace654f1c2d0041c9ad03da33ee485787e9635b845cf7f7c88db9dabbaa95,A,18087,1,1,2LLS,1,A,evaluated,False,1,1,93,93,93,93,1.0,0,7f33b7d196ae82aee2824855d6ea73b37fc18297b9c30671f7187dc6805ef0a2,2026-09-13T16:06:10.049248+00:00
b6db0b7e77afa7778a4972ce40b85c4875c606ad878b46fb9809f6a79c671a2e,B,18087,1,1,2LLS,1,B,evaluated,False,1,1,93,93,93,93,1.0,0,7f33b7d196ae82aee2824855d6ea73b37fc18297b9c30671f7187dc6805ef0a2,2026-09-13T16:06:10.291856+00:00
69b3257c20dffb06c4047faadf590653d7eba4d627311f831a06a95d7258c9df,A,18088,1,1,2LLT,1,A,evaluated,False,1,1,93,92,92,93,0.989247311827957,0,7f33b7d196ae82aee2824855d6ea73b37fc18297b9c30671f7187dc6805ef0a2,2026-09-13T16:06:12.496154+00:00
87201575f21cca2bccb65d2f50091e722181e8c5631a5e4cef1ac0d4e324c23b,B,18088,1,1,2LLT,1,B,evaluated,False,1,1,93,92,92,93,0.989247311827957,0,7f33b7d196ae82aee2824855d6ea73b37fc18297b9c30671f7187dc6805ef0a2,2026-09-13T16:06:12.761062+00:00
39875242618833cf2729a1dbfe7fc181e31c68706c13b12d0ccf0c58eaf5e83a,A,18089,1,1,2LLU,1,A,evaluated,False,1,1,93,93,93,93,1.0,0,7f33b7d196ae82aee2824855d6ea73b37fc18297b9c30671f7187dc6805ef0a2,2026-09-13T16:06:15.628747+00:00
29c18443a40d4ec6458f8b6f4e92374100a4337cf4b32a60a52cb8f0805de9b2,B,18089,1,1,2LLU,1,B,evaluated,False,1,1,93,93,93,93,1.0,0,7f33b7d196ae82aee2824855d6ea73b37fc18297b9c30671f7187dc6805ef0a2,2026-09-13T16:06:15.962622+00:00
2fe329bb32b6a4cf969e0232b02ba23c41f8fb0d956159eff033ccf84691901f,B,18169,2,1,2LNK,2,A,evaluated,False,1,1,101,101,101,101,1.0,0,7f33b7d196ae82aee2824855d6ea73b37fc18297b9c30671f7187dc6805ef0a2,2026-09-13T16:06:20.815048+00:00
b28023c0b72a15867b64e8bbbf6a495459d55a3e81060e6ff6c30585746c22d9,B,18169,2,2,2LNK,2,A,evaluated,False,1,1,101,101,101,101,1.0,0,7f33b7d196ae82aee2824855d6ea73b37fc18297b9c30671f7187dc6805ef0a2,2026-09-13T16:06:21.099231+00:00
53d62540b8962d34336c0114a41ef759ed0b64b2cd29d4479b18a1b3cef73904,C,18169,2,1,2LNK,2,B,evaluated,False,1,1,101,101,101,101,1.0,0,7f33b7d196ae82aee2824855d6ea73b37fc18297b9c30671f7187dc6805ef0a2,2026-09-13T16:06:21.381147+00:00
578bfc99b6a6c27f9aab0a67cf77ec43e20e4f5b1b3f07187d0aceaf576acd8e,C,18169,2,2,2LNK,2,B,evaluated,False,1,1,101,101,101,101,1.0,0,7f33b7d196ae82aee2824855d6ea73b37fc18297b9c30671f7187dc6805ef0a2,2026-09-13T16:06:21.670221+00:00
9a806e869cbae67c9b350177f98d321bd9c3907579183745fdf1b1a42d8ac8f0,A,18178,1,1,2LNS,1,A,evaluated,False,1,1,140,140,140,140,1.0,0,7f33b7d196ae82aee2824855d6ea73b37fc18297b9c30671f7187dc6805ef0a2,2026-09-13T16:06:24.129354+00:00
6b132d801ddbe65e0666d86cb39c2e5e73bd2835a5fb8c41b6164acfbd78830f,B,18178,1,1,2LNS,1,B,evaluated,False,1,1,140,140,140,140,1.0,0,7f33b7d196ae82aee2824855d6ea73b37fc18297b9c30671f7187dc6805ef0a2,2026-09-13T16:06:24.482835+00:00
d869654c43bc0c3ac9ef7985436eb0fb944a5d2b8c27c720b9b217338111a9ac,A,18186,1,1,2LNZ,1,A,evaluated,False,1,1,40,40,40,64,0.625,0,7f33b7d196ae82aee2824855d6ea73b37fc18297b9c30671f7187dc6805ef0a2,2026-09-13T16:06:25.659635+00:00
04af55b57b63005a7a14327d5305e34f908aa9980fe589a61a6ac322960cae1d,B,18186,1,1,2LNZ,1,B,evaluated,False,1,1,40,40,40,64,0.625,0,7f33b7d196ae82aee2824855d6ea73b37fc18297b9c30671f7187dc6805ef0a2,2026-09-13T16:06:25.766052+00:00
31d061757a9ae7408ddeec5e7023035b8d79c4336560b042e74d8577a8264859,A,18230,1,1,2LP2,1,A,evaluated,False,1,1,93,93,93,93,1.0,0,7f33b7d196ae82aee2824855d6ea73b37fc18297b9c30671f7187dc6805ef0a2,2026-09-13T16:06:28.351960+00:00
ae45b349cf07202f201a0551e6822abae1142d86f7daef21fa7f5836a92322ce,B,18230,1,1,2LP2,1,B,evaluated,False,1,1,93,93,93,93,1.0,0,7f33b7d196ae82aee2824855d6ea73b37fc18297b9c30671f7187dc6805ef0a2,2026-09-13T16:06:28.590451+00:00
e1ce17563cbfe1ef564d61609dbde00a855afea5b3b6764bb21e9e907139570c,A,18231,1,1,2LP3,1,A,evaluated,False,1,1,93,93,93,93,1.0,0,7f33b7d196ae82aee2824855d6ea73b37fc18297b9c30671f7187dc6805ef0a2,2026-09-13T16:06:32.424990+00:00
6b2d707a05f419d7e2ffc7d02ba2f2632f1b4c9b2b9eadbe05f9e6512b715cc3,B,18231,1,1,2LP3,1,B,evaluated,False,1,1,93,93,93,93,1.0,0,7f33b7d196ae82aee2824855d6ea73b37fc18297b9c30671f7187dc6805ef0a2,2026-09-13T16:06:32.771250+00:00
0dabb94223e526aa13c01cbf599ce8853fe36af6b223e4f49be26baf3b3e64d1,A,18237,1,1,2LP7,1,A,evaluated,False,1,1,59,59,59,59,1.0,0,7f33b7d196ae82aee2824855d6ea73b37fc18297b9c30671f7187dc6805ef0a2,2026-09-13T16:06:34.929056+00:00
816025c56502b0de71f810d1c7cd09e4cf3e37df9b39e59c62984bd6bbcc66aa,B,18237,1,1,2LP7,1,B,evaluated,False,1,1,59,59,59,59,1.0,0,7f33b7d196ae82aee2824855d6ea73b37fc18297b9c30671f7187dc6805ef0a2,2026-09-13T16:06:35.083896+00:00
c536f76615a81347ad53cdc2c780637e761f37b5c09a09e9c9ea9664f7310e9a,C,18237,1,1,2LP7,1,C,evaluated,False,1,1,59,59,59,59,1.0,0,7f33b7d196ae82aee2824855d6ea73b37fc18297b9c30671f7187dc6805ef0a2,2026-09-13T16:06:35.226532+00:00
251f8a0b614ef5cb9d139311ce64f4fa469befd3a89ad98040c919dc4d069154,A,18263,1,1,2LPK,1,A,evaluated,False,1,1,101,101,101,101,1.0,0,7f33b7d196ae82aee2824855d6ea73b37fc18297b9c30671f7187dc6805ef0a2,2026-09-13T16:06:37.103372+00:00
5d699a4ebe913119b96594ab66929dad9d15bf29d537a7bbd2f88b262bd95647,A,18193,1,1,2LQK,1,A,evaluated,False,1,1,70,70,70,70,1.0,0,7f33b7d196ae82aee2824855d6ea73b37fc18297b9c30671f7187dc6805ef0a2,2026-09-13T16:06:38.785848+00:00
c2de171055aa3cf030d2b1aa6c9a5915d45949f817a3d75f2bb4b2a6e45765b6,A,18193,1,2,2LQK,1,A,evaluated,False,1,1,70,70,70,70,1.0,0,7f33b7d196ae82aee2824855d6ea73b37fc18297b9c30671f7187dc6805ef0a2,2026-09-13T16:06:38.980389+00:00
ad61cbc49aceccce3b1a207372f6c6c6b7af3e91cd9391ee13ac5944ef21c2d4,A,18358,1,1,2LRE,1,A,evaluated,False,1,1,61,61,61,61,1.0,0,7f33b7d196ae82aee2824855d6ea73b37fc18297b9c30671f7187dc6805ef0a2,2026-09-13T16:06:40.482139+00:00
e6b5884415c4bd429230d7abf64ebd71e5e253791a49be89c17c307bb10673e1,B,18358,1,1,2LRE,1,B,evaluated,False,1,1,61,61,61,61,1.0,0,7f33b7d196ae82aee2824855d6ea73b37fc18297b9c30671f7187dc6805ef0a2,2026-09-13T16:06:40.643109+00:00
5120f71982946971040419d5a53ac1ed6cfcb08b5d34d754b6ab059a54bd5b25,A,18379,1,1,2LRL,1,A,evaluated,False,1,1,103,103,103,103,1.0,0,7f33b7d196ae82aee2824855d6ea73b37fc18297b9c30671f7187dc6805ef0a2,2026-09-13T16:06:48.039235+00:00
130c268c4c354b06353c8b3becfb4cc35696c03d7015d9f8ea7cc130807832f2,B,18379,1,1,2LRL,1,B,evaluated,False,1,1,103,103,103,103,1.0,0,7f33b7d196ae82aee2824855d6ea73b37fc18297b9c30671f7187dc6805ef0a2,2026-09-13T16:06:48.487198+00:00
e70b8ab9a25453af7aea9e75d2abf4ec19f7bc8e9701fce25c46422bb8ff6165,C,18379,1,1,2LRL,1,C,evaluated,False,1,1,103,103,103,103,1.0,0,7f33b7d196ae82aee2824855d6ea73b37fc18297b9c30671f7187dc6805ef0a2,2026-09-13T16:06:48.957546+00:00
ed9e70e72199f7cde6bc29f1d2825edf705816dfc6b3e2637edbed988c981bd0,A,18469,1,1,2LTD,1,A,evaluated,False,1,1,80,80,80,80,1.0,0,7f33b7d196ae82aee2824855d6ea73b37fc18297b9c30671f7187dc6805ef0a2,2026-09-13T16:06:51.681408+00:00
15c78efb122cd7eb9824c65636a3f18557b7a0fb53fc7a7e833cacab5283d994,B,18469,1,1,2LTD,1,B,evaluated,False,1,1,80,80,80,80,1.0,0,7f33b7d196ae82aee2824855d6ea73b37fc18297b9c30671f7187dc6805ef0a2,2026-09-13T16:06:51.905624+00:00
58364c88d928d91f9de69f3173389aac0c7d6f84323e1fc292ac0230037099d3,A,18480,1,1,2LTH,1,A,evaluated,False,1,1,137,137,137,137,1.0,0,7f33b7d196ae82aee2824855d6ea73b37fc18297b9c30671f7187dc6805ef0a2,2026-09-13T16:06:55.739277+00:00
82496a9d363c1684709a935e6d0d3e2da1c3b13e1f7f7bc7df164c439ce39780,B,18480,1,1,2LTH,1,B,evaluated,False,1,1,137,137,137,137,1.0,0,7f33b7d196ae82aee2824855d6ea73b37fc18297b9c30671f7187dc6805ef0a2,2026-09-13T16:06:56.134551+00:00
409a860603fa34e9e4d9405d2caac06c92da726489ec9c0ce4ad2ad329a45484,A,18493,1,1,2LTQ,1,A,evaluated,False,1,1,148,148,148,176,0.8409090909090909,0,7f33b7d196ae82aee2824855d6ea73b37fc18297b9c30671f7187dc6805ef0a2,2026-09-13T16:07:05.861678+00:00
66e4cf2284fd1b1497ff83abe4f5db3d5abf461f0137c93c9490cb896123d7cb,D,18493,1,1,2LTQ,1,D,evaluated,False,1,1,148,148,148,176,0.8409090909090909,0,7f33b7d196ae82aee2824855d6ea73b37fc18297b9c30671f7187dc6805ef0a2,2026-09-13T16:07:06.217562+00:00
b24aab80e8ca001aa6cfd74e3e88c58699dbb0361de2d6491966e6ba520172ba,A,18496,1,1,2LTT,1,A,evaluated,False,1,1,74,74,74,74,1.0,0,7f33b7d196ae82aee2824855d6ea73b37fc18297b9c30671f7187dc6805ef0a2,2026-09-13T16:07:09.168996+00:00
90fbf0be08b9651805d585dc778e4bad6a1ec0f5772925466d7e4649333c3267,B,18496,1,1,2LTT,1,B,evaluated,False,1,1,74,74,74,74,1.0,0,7f33b7d196ae82aee2824855d6ea73b37fc18297b9c30671f7187dc6805ef0a2,2026-09-13T16:07:09.382661+00:00
d2a4f8ca469f11f134cb8a3f7072e1cc241f06c213168ec9c77ba58eba4e7be5,A,18425,1,1,2LUC,1,A,evaluated,False,1,1,105,105,105,105,1.0,0,7f33b7d196ae82aee2824855d6ea73b37fc18297b9c30671f7187dc6805ef0a2,2026-09-13T16:07:12.295282+00:00
ae8d52e1aae7e5019b682c6f509479a58516ca27dd0a13915d5f3e3ef5cb1902,B,18425,1,1,2LUC,1,B,evaluated,False,1,1,105,105,105,105,1.0,0,7f33b7d196ae82aee2824855d6ea73b37fc18297b9c30671f7187dc6805ef0a2,2026-09-13T16:07:12.597324+00:00
fbafc621cf98772cf58d80d2f2e3b87035338c72e2e2c1b6aa213b195fb68bbd,A,18545,1,1,2LUX,1,A,evaluated,False,1,1,93,93,93,93,1.0,0,7f33b7d196ae82aee2824855d6ea73b37fc18297b9c30671f7187dc6805ef0a2,2026-09-13T16:07:15.585838+00:00
5567fc44287799a94c3335889bbc22a652e74f4bdc87fe110db6c7ebecc2686a,B,18545,1,1,2LUX,1,B,evaluated,False,1,1,93,93,93,93,1.0,0,7f33b7d196ae82aee2824855d6ea73b37fc18297b9c30671f7187dc6805ef0a2,2026-09-13T16:07:15.970689+00:00
9989b2e8d91b3e8b80536b1200f96d0d0716fccfc1ac3d12c4125d0eb5ac5e8e,A,18583,1,1,2LVP,1,A,evaluated,False,1,1,76,76,76,76,1.0,0,7f33b7d196ae82aee2824855d6ea73b37fc18297b9c30671f7187dc6805ef0a2,2026-09-13T16:07:20.176601+00:00
0e5394e8d166dd80d2fdb7eafe4addd3f8b95dd72ecdae61c6a6e9afbb491e62,B,18583,1,1,2LVP,1,B,evaluated,False,1,1,76,76,76,76,1.0,0,7f33b7d196ae82aee2824855d6ea73b37fc18297b9c30671f7187dc6805ef0a2,2026-09-13T16:07:20.443730+00:00
4b94929fb0ceec49cc4652ecdd4bdbbd41f597c159f78afda9da4ae76d4748f6,A,18584,1,2,2LVQ,1,A,evaluated,False,1,1,76,76,76,76,1.0,0,7f33b7d196ae82aee2824855d6ea73b37fc18297b9c30671f7187dc6805ef0a2,2026-09-13T16:07:24.294553+00:00
a9f23324f9a94bb48e4fe9d24492021069e3d033b7e67732858ac0aab2776b69,B,18584,1,2,2LVQ,1,B,evaluated,False,1,1,76,76,76,76,1.0,0,7f33b7d196ae82aee2824855d6ea73b37fc18297b9c30671f7187dc6805ef0a2,2026-09-13T16:07:24.504378+00:00
ec810058b35ffbaf9fac1ecad4615b3e5cf1f993bb3148b4fef18da4d083e6c4,A,18591,1,1,2LVW,1,A,evaluated,False,1,1,98,98,98,98,1.0,0,7f33b7d196ae82aee2824855d6ea73b37fc18297b9c30671f7187dc6805ef0a2,2026-09-13T16:07:27.541860+00:00
611abf74041a4942ca45c65a9d471166608b4f14792e030c251e31e8c9cdf42b,B,18591,1,1,2LVW,1,B,evaluated,False,1,1,98,98,98,98,1.0,0,7f33b7d196ae82aee2824855d6ea73b37fc18297b9c30671f7187dc6805ef0a2,2026-09-13T16:07:27.825697+00:00
7825990a328b415757ceb9992d614ce92ce0f468ccf3aedbaf4067f4a1c4bc13,A,18614,1,1,2LW9,1,A,evaluated,False,1,1,51,51,51,51,1.0,0,7f33b7d196ae82aee2824855d6ea73b37fc18297b9c30671f7187dc6805ef0a2,2026-09-13T16:07:30.318147+00:00
b2b82818140593919d2d9cd62729fe680a86acc496c56f48735c07526b2386e1,B,18614,1,1,2LW9,1,B,evaluated,False,1,1,51,51,51,51,1.0,0,7f33b7d196ae82aee2824855d6ea73b37fc18297b9c30671f7187dc6805ef0a2,2026-09-13T16:07:30.549694+00:00
531e3a5ce182e7e4a41d9734a7839b437cb433442b2592ea5b0c7952967e1a21,A,18416,1,1,2LWP,1,A,evaluated,False,1,1,97,97,97,97,1.0,0,7f33b7d196ae82aee2824855d6ea73b37fc18297b9c30671f7187dc6805ef0a2,2026-09-13T16:07:32.970437+00:00
9ef3121a187a480d5320efbc3805c33f5f4c30921ab1a0bef647f64548680685,A,18670,1,1,2LXB,1,A,evaluated,False,1,1,74,74,74,74,1.0,0,7f33b7d196ae82aee2824855d6ea73b37fc18297b9c30671f7187dc6805ef0a2,2026-09-13T16:07:34.372762+00:00
35062f76587861c648edcc9fb72311d54391285d6ba019a310d70276adb6d9ed,B,18670,1,1,2LXB,1,B,evaluated,False,1,1,74,74,74,74,1.0,0,7f33b7d196ae82aee2824855d6ea73b37fc18297b9c30671f7187dc6805ef0a2,2026-09-13T16:07:34.541267+00:00
5082f89015c8a1901425066d8d50b2604994e850165b41a8f2e03fed45edcc6a,A,17892,1,1,2LYJ,1,A,evaluated,False,1,1,66,66,66,66,1.0,0,7f33b7d196ae82aee2824855d6ea73b37fc18297b9c30671f7187dc6805ef0a2,2026-09-13T16:07:36.785121+00:00
518d63df1afde280306a67360a322e1b395b0fe94d5a8a7f6b3bede7597a1cec,B,17892,1,1,2LYJ,1,B,evaluated,False,1,1,66,66,66,66,1.0,0,7f33b7d196ae82aee2824855d6ea73b37fc18297b9c30671f7187dc6805ef0a2,2026-09-13T16:07:36.963973+00:00
f8ecede08884c5c76bba63fa84785323650aa19a4bd40caa31424cf124c428a1,A,17893,1,1,2LYK,1,A,evaluated,False,1,1,66,66,66,66,1.0,0,7f33b7d196ae82aee2824855d6ea73b37fc18297b9c30671f7187dc6805ef0a2,2026-09-13T16:07:39.408991+00:00
011d3212e831c658ec5b83af4dfc1ac99850c3d26b564fb4c1428d7defd1e20a,B,17893,1,1,2LYK,1,B,evaluated,False,1,1,66,66,66,66,1.0,0,7f33b7d196ae82aee2824855d6ea73b37fc18297b9c30671f7187dc6805ef0a2,2026-09-13T16:07:39.606866+00:00
9eb6d05e7bcf1acab87fbfb059a2033e65ed0026259aa9435854c81ce08807a5,A,17894,1,1,2LYL,1,A,evaluated,False,1,1,66,66,66,66,1.0,0,7f33b7d196ae82aee2824855d6ea73b37fc18297b9c30671f7187dc6805ef0a2,2026-09-13T16:07:41.654008+00:00
b5b2b39680d72ecedeaf1447adc655d2c6c92158090edbafdc44acec9e4792fa,B,17894,1,1,2LYL,1,B,evaluated,False,1,1,66,66,66,66,1.0,0,7f33b7d196ae82aee2824855d6ea73b37fc18297b9c30671f7187dc6805ef0a2,2026-09-13T16:07:41.857500+00:00
4f07f4f55acd9b1150c4154d0787c3be4ca1b94c24b4391d7fd00a4e9c147269,A,18753,1,1,2LZF,1,A,evaluated,False,1,1,68,68,68,68,1.0,0,7f33b7d196ae82aee2824855d6ea73b37fc18297b9c30671f7187dc6805ef0a2,2026-09-13T16:07:46.325767+00:00
8ed823af59544b734a5a754ec4744349eb71cc7fa737b96d28115c561ae4e410,B,18753,1,1,2LZF,1,B,evaluated,False,1,1,68,68,68,68,1.0,0,7f33b7d196ae82aee2824855d6ea73b37fc18297b9c30671f7187dc6805ef0a2,2026-09-13T16:07:46.611123+00:00
e89465176f0b444d80526068c1a748b1683b7381a7b59fa9ad70fa03f240c4b1,A,18763,1,1,2LZL,1,A,evaluated,False,1,1,43,43,43,43,1.0,0,7f33b7d196ae82aee2824855d6ea73b37fc18297b9c30671f7187dc6805ef0a2,2026-09-13T16:07:48.662351+00:00
349c3164233a99e7736039538d51f48264bc359e2e489d77c7b6ef6d301bb468,B,18763,1,1,2LZL,1,B,evaluated,False,1,1,43,43,43,43,1.0,0,7f33b7d196ae82aee2824855d6ea73b37fc18297b9c30671f7187dc6805ef0a2,2026-09-13T16:07:48.792063+00:00
fd38453be55cee407b48ae756c157942bdbc8adbb5d02acff3e5d2174453a7a3,A,18771,1,1,2LZS,1,A,evaluated,False,1,1,49,48,47,55,0.8545454545454545,1,7f33b7d196ae82aee2824855d6ea73b37fc18297b9c30671f7187dc6805ef0a2,2026-09-13T16:07:49.531434+00:00
d3c14f5ddfdf159b6278d52266809fc5ef6155ed7627dc02024ffa984df61a6d,B,18771,1,1,2LZS,1,B,evaluated,False,1,1,49,48,47,55,0.8545454545454545,1,7f33b7d196ae82aee2824855d6ea73b37fc18297b9c30671f7187dc6805ef0a2,2026-09-13T16:07:49.636112+00:00
63a6e4438a43a5eaa60e050dfed741279758cfc552066c7a10f2a787b872465d,C,18771,1,1,2LZS,1,C,evaluated,False,1,1,49,48,47,55,0.8545454545454545,1,7f33b7d196ae82aee2824855d6ea73b37fc18297b9c30671f7187dc6805ef0a2,2026-09-13T16:07:49.749080+00:00
99dca7d7b66aa9803587765a4526f506272e2414a20f0a53e71dd754719a99ea,D,18771,1,1,2LZS,1,D,evaluated,False,1,1,49,48,47,55,0.8545454545454545,1,7f33b7d196ae82aee2824855d6ea73b37fc18297b9c30671f7187dc6805ef0a2,2026-09-13T16:07:49.882184+00:00
e426d01df0b8f25a4e6634b453c79bd1f2cb348f3f34289ad4b4046628ba45c3,E,18771,1,1,2LZS,1,E,evaluated,False,1,1,49,48,47,55,0.8545454545454545,1,7f33b7d196ae82aee2824855d6ea73b37fc18297b9c30671f7187dc6805ef0a2,2026-09-13T16:07:49.997355+00:00
a84191b4b9a34ee0bc68d8bebf352c18f737fc621f0bec70b632e104da7a71c9,F,18771,1,1,2LZS,1,F,evaluated,False,1,1,49,48,47,55,0.8545454545454545,1,7f33b7d196ae82aee2824855d6ea73b37fc18297b9c30671f7187dc6805ef0a2,2026-09-13T16:07:50.126735+00:00
ec3204a492f290a374b7ef597a3d8192a31ae3cf6ae53332098a7de78e2409b4,G,18771,1,1,2LZS,1,G,evaluated,False,1,1,49,48,47,55,0.8545454545454545,1,7f33b7d196ae82aee2824855d6ea73b37fc18297b9c30671f7187dc6805ef0a2,2026-09-13T16:07:50.252973+00:00
6e2c6570617c1c78e2d7862e0c094f9eaaffabaeb5b06f24f39e8bd8da7e60fa,H,18771,1,1,2LZS,1,H,evaluated,False,1,1,49,48,47,55,0.8545454545454545,1,7f33b7d196ae82aee2824855d6ea73b37fc18297b9c30671f7187dc6805ef0a2,2026-09-13T16:07:50.369607+00:00
899adc96d2120bdb51eacfbec269d31a1ae98c16f435b1d407f2a7075cc8b2de,I,18771,1,1,2LZS,1,I,evaluated,False,1,1,49,48,47,55,0.8545454545454545,1,7f33b7d196ae82aee2824855d6ea73b37fc18297b9c30671f7187dc6805ef0a2,2026-09-13T16:07:50.498105+00:00
fdcc7fe01e846524776641cc716ceee128ce253dcee6367d1317f84b49779ec2,A,18804,1,1,2M0B,1,A,evaluated,False,1,1,44,44,44,44,1.0,0,7f33b7d196ae82aee2824855d6ea73b37fc18297b9c30671f7187dc6805ef0a2,2026-09-13T16:07:51.998254+00:00
61d9ac72f40fa932c7c1e399b8eae0e0cfd089c3ea036a47504b69ab2e714c9a,B,18804,1,1,2M0B,1,B,evaluated,False,1,1,44,44,44,44,1.0,0,7f33b7d196ae82aee2824855d6ea73b37fc18297b9c30671f7187dc6805ef0a2,2026-09-13T16:07:52.133444+00:00
291e763b36bee67826e27d9bbf54496ab6fbf303a3dd68285a44f88bfd05782a,A,17771,1,1,2M0J,1,A,evaluated,False,1,1,148,148,148,148,1.0,0,7f33b7d196ae82aee2824855d6ea73b37fc18297b9c30671f7187dc6805ef0a2,2026-09-13T16:07:54.865351+00:00
ae22b3d8f031ca8af1bf86feec12ee3495689b8ffbebf4ba907e92576e3c01d2,A,17771,1,1,2M0K,1,A,evaluated,False,1,1,148,148,148,148,1.0,0,7f33b7d196ae82aee2824855d6ea73b37fc18297b9c30671f7187dc6805ef0a2,2026-09-13T16:07:57.728588+00:00
794c2adfb97941e7cfa8b0a6bdacd580f5805be0f4f3b50547eae432ddad6afa,A,18811,1,1,2M0M,1,A,evaluated,False,1,1,107,107,107,107,1.0,0,7f33b7d196ae82aee2824855d6ea73b37fc18297b9c30671f7187dc6805ef0a2,2026-09-13T16:08:00.381628+00:00
9b166b2b31d50de8734efa9fd37b73e9cbc058a56885bf0eef2fa87d7efdb946,B,18811,1,1,2M0M,1,B,evaluated,False,1,1,107,107,107,107,1.0,0,7f33b7d196ae82aee2824855d6ea73b37fc18297b9c30671f7187dc6805ef0a2,2026-09-13T16:08:00.778567+00:00
f522f7cb43b1bf7df8ee196fadbcac12a84b7937344494dabd88ca8873deb3b0,A,18818,1,1,2M0R,1,A,evaluated,False,1,1,104,104,104,104,1.0,0,7f33b7d196ae82aee2824855d6ea73b37fc18297b9c30671f7187dc6805ef0a2,2026-09-13T16:08:05.139721+00:00
6c8bd0de98e06c40aae1bba72312e10dcb9acfb8acb6b1e6b084061ea8f941e6,B,18818,1,1,2M0R,1,B,evaluated,False,1,1,104,104,104,104,1.0,0,7f33b7d196ae82aee2824855d6ea73b37fc18297b9c30671f7187dc6805ef0a2,2026-09-13T16:08:05.444947+00:00
c81356a09160b87d3cfd3267d61b50c07289d5752d2d3da4d80ecb73969c4ad6,A,18856,1,1,2M1C,1,A,evaluated,False,1,1,113,113,113,113,1.0,0,7f33b7d196ae82aee2824855d6ea73b37fc18297b9c30671f7187dc6805ef0a2,2026-09-13T16:08:06.832171+00:00
1c2c8f10d1c84064932ea7735062440321ce76ce29266e3be2e66095ad255230,B,18856,1,1,2M1C,1,B,evaluated,False,1,1,113,113,113,113,1.0,0,7f33b7d196ae82aee2824855d6ea73b37fc18297b9c30671f7187dc6805ef0a2,2026-09-13T16:08:07.072187+00:00
add58cbaa0d44b8582ef82fc0a2d27c3307377369533ff287187ed167a0fa974,A,18868,1,1,2M1K,1,B,evaluated,False,1,1,89,89,89,90,0.9888888888888889,0,7f33b7d196ae82aee2824855d6ea73b37fc18297b9c30671f7187dc6805ef0a2,2026-09-13T16:08:12.231413+00:00
c6b568a2b19b557a6f4b68de606cbd14f8b099fdad804eb540f5a52a5ac832ea,B,18868,1,1,2M1K,1,D,evaluated,False,1,1,89,89,89,90,0.9888888888888889,0,7f33b7d196ae82aee2824855d6ea73b37fc18297b9c30671f7187dc6805ef0a2,2026-09-13T16:08:12.580512+00:00
2605d6f443eee1ebab80087c945766aff689f339649b1f5aaebf76e4e25b0a63,A,18869,1,1,2M1L,1,A,evaluated,False,1,1,69,69,69,69,1.0,0,7f33b7d196ae82aee2824855d6ea73b37fc18297b9c30671f7187dc6805ef0a2,2026-09-13T16:08:15.794185+00:00
3c990bcb467308e9e2bb0c0d2c9e5475613c4093560ad6f857ce847dec31642f,B,18869,1,1,2M1L,1,B,evaluated,False,1,1,69,69,69,69,1.0,0,7f33b7d196ae82aee2824855d6ea73b37fc18297b9c30671f7187dc6805ef0a2,2026-09-13T16:08:16.089247+00:00
6fc975fca5412677a73124271fd48be5047b002860459be7e127401eae4486a0,A,18871,1,1,2M1N,1,A,evaluated,False,1,1,107,107,107,107,1.0,0,7f33b7d196ae82aee2824855d6ea73b37fc18297b9c30671f7187dc6805ef0a2,2026-09-13T16:08:19.450533+00:00
75e7db00cd05a2888d941b0442b1119e595312411781dbed84a5e68169304e5a,B,18871,1,1,2M1N,1,B,evaluated,False,1,1,107,107,107,107,1.0,0,7f33b7d196ae82aee2824855d6ea73b37fc18297b9c30671f7187dc6805ef0a2,2026-09-13T16:08:19.740104+00:00
9ac15ac9618591f53468965024b02ec2a8ff4231059c36aa8b9bd2c333e21d59,A,18888,1,1,2M20,1,A,evaluated,False,1,1,60,60,60,60,1.0,0,7f33b7d196ae82aee2824855d6ea73b37fc18297b9c30671f7187dc6805ef0a2,2026-09-13T16:08:20.903097+00:00
2d76887455bcbed1f647fa5760f1cbe57df38e69dadb433aa50d91e64f5214ea,B,18888,1,1,2M20,1,B,evaluated,False,1,1,60,60,60,60,1.0,0,7f33b7d196ae82aee2824855d6ea73b37fc18297b9c30671f7187dc6805ef0a2,2026-09-13T16:08:21.070145+00:00
429bddbcb5da7ff15e936594752e145951eec17b75464be317f3db1fac050ef7,A,18935,1,1,2M2V,1,A,evaluated,False,1,1,174,174,174,174,1.0,0,7f33b7d196ae82aee2824855d6ea73b37fc18297b9c30671f7187dc6805ef0a2,2026-09-13T16:08:24.340441+00:00
e92f021e3547d23a407601482abdb041cecb0624d074b77bb1157688319c7e06,A,18935,1,1,2M2W,1,A,evaluated,False,1,1,174,174,174,174,1.0,0,7f33b7d196ae82aee2824855d6ea73b37fc18297b9c30671f7187dc6805ef0a2,2026-09-13T16:08:26.952362+00:00
9d801b8f6876640e0dac5a18d65d5a01ae5f616dfd9c6b279d08612e5ee0466f,A,7376,1,1,2M30,1,A,evaluated,False,1,1,95,95,95,106,0.8962264150943396,0,7f33b7d196ae82aee2824855d6ea73b37fc18297b9c30671f7187dc6805ef0a2,2026-09-13T16:08:29.651682+00:00
58ca0023309de453213ed752d1f7700eec861718b79f97be39b29ece38122492,B,7376,1,1,2M30,1,B,evaluated,False,1,1,95,95,95,106,0.8962264150943396,0,7f33b7d196ae82aee2824855d6ea73b37fc18297b9c30671f7187dc6805ef0a2,2026-09-13T16:08:29.954722+00:00
76d2adfdd12e4e3806fd7724fbbb1ccae1bf0b6004148d9b6fd35ac5b582e061,A,18952,1,1,2M3B,1,A,evaluated,False,1,1,52,51,51,52,0.9807692307692307,0,7f33b7d196ae82aee2824855d6ea73b37fc18297b9c30671f7187dc6805ef0a2,2026-09-13T16:08:33.333593+00:00
94d1e400f95380b48ca539a8644decd94553969be900bc58b891b90c69700796,B,18952,1,1,2M3B,1,B,evaluated,False,1,1,52,51,51,52,0.9807692307692307,0,7f33b7d196ae82aee2824855d6ea73b37fc18297b9c30671f7187dc6805ef0a2,2026-09-13T16:08:33.481073+00:00
d439dfb1f4942202123a8b98251daa5ec9952da7610b21efa15a93cdd55bf530,C,18952,1,1,2M3B,1,C,evaluated,False,1,1,52,51,51,52,0.9807692307692307,0,7f33b7d196ae82aee2824855d6ea73b37fc18297b9c30671f7187dc6805ef0a2,2026-09-13T16:08:33.647281+00:00
02b9096259b6d0eea4e7da0e0438e7b4c010c26faf4a9fb4589404c70e52bea8,D,18952,1,1,2M3B,1,D,evaluated,False,1,1,52,51,51,52,0.9807692307692307,0,7f33b7d196ae82aee2824855d6ea73b37fc18297b9c30671f7187dc6805ef0a2,2026-09-13T16:08:33.798273+00:00
63a8d3b7941344c2fa6648d6f547db687e62e0ac292032cc996fceed3b604552,E,18952,1,1,2M3B,1,E,evaluated,False,1,1,52,51,51,52,0.9807692307692307,0,7f33b7d196ae82aee2824855d6ea73b37fc18297b9c30671f7187dc6805ef0a2,2026-09-13T16:08:33.960511+00:00
f761f5104088a1b8ed25a33837700a26036a8bae9a3a5f44bd419a84a75dc8cb,A,17857,1,1,2M3W,1,A,evaluated,False,1,1,93,93,93,93,1.0,0,7f33b7d196ae82aee2824855d6ea73b37fc18297b9c30671f7187dc6805ef0a2,2026-09-13T16:08:37.743335+00:00
6a5dccd7a4ab06e28c5573c2200ac3a073de7e1306534254f7dbd397e5f28f79,B,17857,1,1,2M3W,1,B,evaluated,False,1,1,93,93,93,93,1.0,0,7f33b7d196ae82aee2824855d6ea73b37fc18297b9c30671f7187dc6805ef0a2,2026-09-13T16:08:37.982861+00:00
ba73e6c5862e9ec21b6b54a92e88f74dfe888291d82adcb7f86a5e1da883ad39,A,18978,1,1,2M3X,1,A,evaluated,False,1,1,147,147,147,147,1.0,0,7f33b7d196ae82aee2824855d6ea73b37fc18297b9c30671f7187dc6805ef0a2,2026-09-13T16:08:52.444270+00:00
e02285e9e90345981731d45db22b57b3bc16b5e9130f6feafd63d97d650c1f70,B,18978,1,1,2M3X,1,B,evaluated,False,1,1,147,147,147,147,1.0,0,7f33b7d196ae82aee2824855d6ea73b37fc18297b9c30671f7187dc6805ef0a2,2026-09-13T16:08:52.843813+00:00
57cbf329c05504477bc07faf6eb3f28ca2051008922cac2ad9004d2e7f405e7c,C,18978,1,1,2M3X,1,C,evaluated,False,1,1,147,147,147,147,1.0,0,7f33b7d196ae82aee2824855d6ea73b37fc18297b9c30671f7187dc6805ef0a2,2026-09-13T16:08:53.236646+00:00
cccfb3214c74c81a7745da8ee984f7ac5c8db83c2cc4f929ff75b19d20835737,D,18978,1,1,2M3X,1,D,evaluated,False,1,1,147,147,147,147,1.0,0,7f33b7d196ae82aee2824855d6ea73b37fc18297b9c30671f7187dc6805ef0a2,2026-09-13T16:08:53.644136+00:00
df86f915fe512a271a768f1b5cba3ae314321e824bb6c67267ef1ccbe73c79b5,E,18978,1,1,2M3X,1,E,evaluated,False,1,1,147,147,147,147,1.0,0,7f33b7d196ae82aee2824855d6ea73b37fc18297b9c30671f7187dc6805ef0a2,2026-09-13T16:08:54.076866+00:00
ceed04a25e371c64e5e128557474ce145e6bf829b9cd024d83de5e27fb51b578,F,18978,1,1,2M3X,1,F,evaluated,False,1,1,147,147,147,147,1.0,0,7f33b7d196ae82aee2824855d6ea73b37fc18297b9c30671f7187dc6805ef0a2,2026-09-13T16:08:54.507663+00:00
9773d9f91e152ce904e97fdbb3b289eca5212d7a2dcaefd0b51f3c96578d6d06,A,19043,1,1,2M5A,1,A,evaluated,False,1,1,58,58,58,58,1.0,0,7f33b7d196ae82aee2824855d6ea73b37fc18297b9c30671f7187dc6805ef0a2,2026-09-13T16:08:58.055956+00:00
2a1476115acbd92cf30f7d20e97a0c3840cd49994e924febf3d913f348a74fbf,B,19043,2,1,2M5A,2,B,evaluated,False,1,1,58,58,58,58,1.0,0,7f33b7d196ae82aee2824855d6ea73b37fc18297b9c30671f7187dc6805ef0a2,2026-09-13T16:08:58.299039+00:00
3eeb81c02480da18df01c895f17bef8cd7a5f41296b015bf6e362653f644b297,A,19126,1,1,2M6B,1,A,evaluated,False,1,1,150,150,150,150,1.0,0,7f33b7d196ae82aee2824855d6ea73b37fc18297b9c30671f7187dc6805ef0a2,2026-09-13T16:09:01.163416+00:00
abf1ca3f1719fb4f1d53960d57f152d917a8433a716322618773fd73200c5993,A,19126,1,1,2M6I,1,A,evaluated,False,1,1,150,150,150,150,1.0,0,7f33b7d196ae82aee2824855d6ea73b37fc18297b9c30671f7187dc6805ef0a2,2026-09-13T16:09:09.142371+00:00
fdfdebc52dfaf49e93c580e248ae8b7557ebd2410cb97f35ebe5bfc780eba9ee,B,19126,1,1,2M6I,1,B,evaluated,False,1,1,150,150,150,150,1.0,0,7f33b7d196ae82aee2824855d6ea73b37fc18297b9c30671f7187dc6805ef0a2,2026-09-13T16:09:09.517650+00:00
87418439d4d13620c02f7881bb0e3eac205e75807c5e7d93aa3730eddf9f2a36,C,19126,1,1,2M6I,1,C,evaluated,False,1,1,150,150,150,150,1.0,0,7f33b7d196ae82aee2824855d6ea73b37fc18297b9c30671f7187dc6805ef0a2,2026-09-13T16:09:09.902268+00:00
97fd466dc27ba7fa9188faedf495e7e2cb8e877b103205be5183106365edf168,D,19126,1,1,2M6I,1,D,evaluated,False,1,1,150,150,150,150,1.0,0,7f33b7d196ae82aee2824855d6ea73b37fc18297b9c30671f7187dc6805ef0a2,2026-09-13T16:09:10.280488+00:00
69e48de09ec1f2d94e08352879802fd2383650a957effd7db0f2df2b736ac048,E,19126,1,1,2M6I,1,E,evaluated,False,1,1,150,150,150,150,1.0,0,7f33b7d196ae82aee2824855d6ea73b37fc18297b9c30671f7187dc6805ef0a2,2026-09-13T16:09:10.854298+00:00
f7ae6a5795080ad07b0e9b971a71dbf0061b4ae9387d0c09f82ca2a94a13d044,A,5844,1,1,2M6Q,1,A,evaluated,False,1,1,91,91,91,91,1.0,0,7f33b7d196ae82aee2824855d6ea73b37fc18297b9c30671f7187dc6805ef0a2,2026-09-13T16:09:13.086613+00:00
d4d911e1ef659382fa83f442a5e0a089e50c91dab27151e5a506a0a6e4287f49,A,19162,1,1,2M6X,1,A,evaluated,False,1,1,63,63,63,63,1.0,0,7f33b7d196ae82aee2824855d6ea73b37fc18297b9c30671f7187dc6805ef0a2,2026-09-13T16:09:17.430279+00:00
50d25e86a2c0cfbcfa667b9dc210427a419017c2e077a394537e25253bfa0d79,B,19162,1,1,2M6X,1,B,evaluated,False,1,1,63,63,63,63,1.0,0,7f33b7d196ae82aee2824855d6ea73b37fc18297b9c30671f7187dc6805ef0a2,2026-09-13T16:09:17.607448+00:00
0588abf361e29e64e93fc65d84e38fed8f2d63394470ec69204e72d0f5177d26,C,19162,1,1,2M6X,1,C,evaluated,False,1,1,63,63,63,63,1.0,0,7f33b7d196ae82aee2824855d6ea73b37fc18297b9c30671f7187dc6805ef0a2,2026-09-13T16:09:17.787121+00:00
1b2ded8bc45ec2f9d775b0866f9a06698a4fcff4b4afb4d7b71a96b88887da74,D,19162,1,1,2M6X,1,D,evaluated,False,1,1,63,63,63,63,1.0,0,7f33b7d196ae82aee2824855d6ea73b37fc18297b9c30671f7187dc6805ef0a2,2026-09-13T16:09:17.974704+00:00
5fbcf60a3d6ba0cbeaee58736b642a0f08eae0a7af7fb8df5d79f74ffd298009,E,19162,1,1,2M6X,1,E,evaluated,False,1,1,63,63,63,63,1.0,0,7f33b7d196ae82aee2824855d6ea73b37fc18297b9c30671f7187dc6805ef0a2,2026-09-13T16:09:18.159493+00:00
3a4887a504ae635fcd915f4639e1895ef811e808822499b02f60ffed1995be5e,F,19162,1,1,2M6X,1,F,evaluated,False,1,1,63,63,63,63,1.0,0,7f33b7d196ae82aee2824855d6ea73b37fc18297b9c30671f7187dc6805ef0a2,2026-09-13T16:09:18.318309+00:00
1bfd18ff1d344e40c5263113ad6cbc8862aa6d5536e0d592f2418bef433f335e,B,7125,2,1,2M6Z,2,B,evaluated,False,1,1,146,146,146,146,1.0,0,7f33b7d196ae82aee2824855d6ea73b37fc18297b9c30671f7187dc6805ef0a2,2026-09-13T16:09:28.204023+00:00
ce78ae3658e87ab827aef9b88c4501feab264f265c55c43803ecaba01283a719,D,7125,2,1,2M6Z,2,D,evaluated,False,1,1,146,146,146,146,1.0,0,7f33b7d196ae82aee2824855d6ea73b37fc18297b9c30671f7187dc6805ef0a2,2026-09-13T16:09:28.808690+00:00
32bcaf36975e7db1dd3cf6b83c569839976bca82cf52eabad711bde468e76f9e,A,19215,1,1,2M7W,1,A,evaluated,False,1,1,59,59,59,59,1.0,0,7f33b7d196ae82aee2824855d6ea73b37fc18297b9c30671f7187dc6805ef0a2,2026-09-13T16:09:31.420973+00:00
b5630c1ab2ead0e649d2bb2200dc6483d0e1858e555cdde695fd717936092d25,B,19215,1,1,2M7W,1,B,evaluated,False,1,1,59,59,59,59,1.0,0,7f33b7d196ae82aee2824855d6ea73b37fc18297b9c30671f7187dc6805ef0a2,2026-09-13T16:09:31.591628+00:00
831c98efdc2c4f5e1852f59224414a30f79e9199958e76575e7ac784c24614f7,C,19215,1,1,2M7W,1,C,evaluated,False,1,1,59,59,59,59,1.0,0,7f33b7d196ae82aee2824855d6ea73b37fc18297b9c30671f7187dc6805ef0a2,2026-09-13T16:09:31.764703+00:00
fd784477eefe610b0eb71db12a5ca4b6e157b0d8f583a6d3d354fc8beab9e678,A,19235,1,1,2M89,1,A,evaluated,False,1,1,134,134,134,154,0.8701298701298701,0,7f33b7d196ae82aee2824855d6ea73b37fc18297b9c30671f7187dc6805ef0a2,2026-09-13T16:09:34.123607+00:00
20ddb36f80563444929f5c847261e3d41fe439badc17e5ffdc994bd2b079408b,B,19235,1,1,2M89,1,B,evaluated,False,1,1,134,134,134,154,0.8701298701298701,0,7f33b7d196ae82aee2824855d6ea73b37fc18297b9c30671f7187dc6805ef0a2,2026-09-13T16:09:34.437826+00:00
c3e3cc10818cf038284533e917402cbc77f8f6da34b618bbcf17c088e4c4afc5,A,19261,1,1,2M8L,1,A,evaluated,False,1,1,221,221,221,231,0.9567099567099567,0,7f33b7d196ae82aee2824855d6ea73b37fc18297b9c30671f7187dc6805ef0a2,2026-09-13T16:10:08.121975+00:00
c76408d3c597610bc1cab4db2cb0ce35d6e303391e7dba8b38f73e77e7270a69,B,19261,1,1,2M8L,1,B,evaluated,False,1,1,221,221,221,231,0.9567099567099567,0,7f33b7d196ae82aee2824855d6ea73b37fc18297b9c30671f7187dc6805ef0a2,2026-09-13T16:10:09.452873+00:00
d88a1d904313cfc2dd4eeee321d6265b432c40b8d67dc58097fc5af196eb0522,A,18416,1,1,2M8S,1,A,evaluated,False,1,1,97,97,97,97,1.0,0,7f33b7d196ae82aee2824855d6ea73b37fc18297b9c30671f7187dc6805ef0a2,2026-09-13T16:10:12.972464+00:00
d532ca25572ac8af0ea32c53d483534a5307c38dda68e5bc705cd932e17cb6e2,A,5844,1,1,2M8W,1,A,evaluated,False,1,1,91,91,91,91,1.0,0,7f33b7d196ae82aee2824855d6ea73b37fc18297b9c30671f7187dc6805ef0a2,2026-09-13T16:10:14.873192+00:00
ee9890aadccc46880fd14239cf1f8627689f986bcd3a33d76f61c20071b412b7,A,19293,1,1,2M9G,1,A,evaluated,False,1,1,92,92,92,92,1.0,0,7f33b7d196ae82aee2824855d6ea73b37fc18297b9c30671f7187dc6805ef0a2,2026-09-13T16:10:17.646102+00:00
53492ffea6199b46c76960bd41ece58d6544865421aa63489abf49ae6b8e51d4,B,19293,1,1,2M9G,1,B,evaluated,False,1,1,92,92,92,92,1.0,0,7f33b7d196ae82aee2824855d6ea73b37fc18297b9c30671f7187dc6805ef0a2,2026-09-13T16:10:17.877586+00:00
003ca05af486b3b51398fcab6c95b45f22d23d72e3b34279723b6c4f77bb3e95,A,19298,1,1,2M9K,1,A,evaluated,False,1,1,93,93,92,93,0.989247311827957,1,7f33b7d196ae82aee2824855d6ea73b37fc18297b9c30671f7187dc6805ef0a2,2026-09-13T16:10:20.169518+00:00
98b301c7a03d8af99b652224760b3e9c6a0eaffce5b349ee1f02f5e29695a021,B,19298,1,1,2M9K,1,B,evaluated,False,1,1,93,93,92,93,0.989247311827957,1,7f33b7d196ae82aee2824855d6ea73b37fc18297b9c30671f7187dc6805ef0a2,2026-09-13T16:10:20.394884+00:00
f027424383ae26a8b4dffedcce59e36b6d55d876ec42605f4ace6e29754ac733,A,15090,1,1,2MA8,1,A,evaluated,False,1,1,83,83,83,104,0.7980769230769231,0,7f33b7d196ae82aee2824855d6ea73b37fc18297b9c30671f7187dc6805ef0a2,2026-09-13T16:10:22.827274+00:00
87c4fd73fe3b8cfa252bd5d9e1d3efa641aabd055a250edbd880490150d857ea,B,15090,1,1,2MA8,1,B,evaluated,False,1,1,83,83,83,104,0.7980769230769231,0,7f33b7d196ae82aee2824855d6ea73b37fc18297b9c30671f7187dc6805ef0a2,2026-09-13T16:10:23.085769+00:00
1edffafab7501035ee20e92e3f7fe42f4372dd9373c12cd1c8648b45c1488696,A,19340,1,1,2MAB,1,A,evaluated,False,1,1,109,109,109,109,1.0,0,7f33b7d196ae82aee2824855d6ea73b37fc18297b9c30671f7187dc6805ef0a2,2026-09-13T16:10:27.668330+00:00
6d9ee88101317a26c290d4c9e671c8df72173c3afabbe8387c7ee2a0d7838017,B,19340,1,1,2MAB,1,B,evaluated,False,1,1,109,109,109,109,1.0,0,7f33b7d196ae82aee2824855d6ea73b37fc18297b9c30671f7187dc6805ef0a2,2026-09-13T16:10:28.186254+00:00
d5288b1694c484fe055d3f7c5f02772bbcdc6de0d216dd206f8ea226c127fc8c,A,19362,1,1,2MAJ,1,A,evaluated,False,1,1,82,82,82,82,1.0,0,7f33b7d196ae82aee2824855d6ea73b37fc18297b9c30671f7187dc6805ef0a2,2026-09-13T16:10:30.839551+00:00
7b62cea6e7d9569956e3cee15654c8fa6467c3db1cb7d39096ee182df74f81ca,A,19362,1,2,2MAJ,1,A,evaluated,False,1,1,82,82,82,82,1.0,0,7f33b7d196ae82aee2824855d6ea73b37fc18297b9c30671f7187dc6805ef0a2,2026-09-13T16:10:31.070651+00:00
37e122e4146fb8b91a0c8322bdebbdd1d3815c3e602e3a8c0d77781833ad4a9b,B,19362,1,1,2MAJ,1,C,evaluated,False,1,1,82,82,82,82,1.0,0,7f33b7d196ae82aee2824855d6ea73b37fc18297b9c30671f7187dc6805ef0a2,2026-09-13T16:10:31.308771+00:00
8b2581474eb45b08421132adcddf12be2d3dfacf4246fbf4306dc9b06e316753,B,19362,1,2,2MAJ,1,C,evaluated,False,1,1,82,82,82,82,1.0,0,7f33b7d196ae82aee2824855d6ea73b37fc18297b9c30671f7187dc6805ef0a2,2026-09-13T16:10:31.520755+00:00
72c2f92f32dc8c3e57911ff3fcaebb174738b1930086a83ddbaf78287e6881f2,A,19363,1,1,2MAK,1,A,evaluated,False,1,1,82,82,82,82,1.0,0,7f33b7d196ae82aee2824855d6ea73b37fc18297b9c30671f7187dc6805ef0a2,2026-09-13T16:10:34.590349+00:00
fd3e8db62db41382e984ca23619f7051c612de1f31310d3f2d6bdc383dc86603,C,19363,1,1,2MAK,1,C,evaluated,False,1,1,82,82,82,82,1.0,0,7f33b7d196ae82aee2824855d6ea73b37fc18297b9c30671f7187dc6805ef0a2,2026-09-13T16:10:34.806091+00:00
6b39ce98b1cec87d621a5b0f74a07f06eef7f3143de0f761f5cf0bd4168a8969,A,19482,1,1,2MDA,1,A,evaluated,False,1,1,95,93,93,93,1.0,0,7f33b7d196ae82aee2824855d6ea73b37fc18297b9c30671f7187dc6805ef0a2,2026-09-13T16:10:36.973571+00:00
0bd5b68a498abfc046065b2268a7ab2dfa48e2851c38bd4ff7247a24ca751e1c,B,19482,1,1,2MDA,1,B,evaluated,False,1,1,95,93,93,93,1.0,0,7f33b7d196ae82aee2824855d6ea73b37fc18297b9c30671f7187dc6805ef0a2,2026-09-13T16:10:37.197790+00:00
11ed29398600595487567cf5b1d0b76a175d6cae42c67d31c9e2b197ba781cef,A,18276,1,1,2MEX,1,A,evaluated,False,1,1,80,80,80,80,1.0,0,7f33b7d196ae82aee2824855d6ea73b37fc18297b9c30671f7187dc6805ef0a2,2026-09-13T16:10:41.816373+00:00
4cfa64994187cd40d5567f9499def76bbbf90167b9e73a76fc8eab52b984f20c,B,18276,1,1,2MEX,1,B,evaluated,False,1,1,80,80,80,80,1.0,0,7f33b7d196ae82aee2824855d6ea73b37fc18297b9c30671f7187dc6805ef0a2,2026-09-13T16:10:42.263026+00:00
d4aebf28078a20d893b9383d9a2c46e3312ae0c59125080bedaea074d87bdc66,C,18276,1,1,2MEX,1,C,evaluated,False,1,1,80,80,80,80,1.0,0,7f33b7d196ae82aee2824855d6ea73b37fc18297b9c30671f7187dc6805ef0a2,2026-09-13T16:10:42.626480+00:00
387ecdc2a11fc398abeaa3a6edfc7f41a5a16591b6b4d6d9415cb1a4a4b5af39,D,18276,1,1,2MEX,1,D,evaluated,False,1,1,80,80,80,80,1.0,0,7f33b7d196ae82aee2824855d6ea73b37fc18297b9c30671f7187dc6805ef0a2,2026-09-13T16:10:43.024013+00:00
774b92fab441d5f818482ce8114b6cabbeafaeffaea3fd88df2c21197eeaa3db,A,17288,1,1,2MF2,1,A,evaluated,False,1,1,132,132,132,132,1.0,0,7f33b7d196ae82aee2824855d6ea73b37fc18297b9c30671f7187dc6805ef0a2,2026-09-13T16:10:47.709338+00:00
13075ffc572dcb0c6efbb0b2716d5b40b5b18873c3db5a2d2277033ebeb6fab0,B,17288,1,1,2MF2,1,B,evaluated,False,1,1,132,132,132,132,1.0,0,7f33b7d196ae82aee2824855d6ea73b37fc18297b9c30671f7187dc6805ef0a2,2026-09-13T16:10:48.061680+00:00
290d606a9d76e2f2c671b52b25bb7496aa3a9895c0a637c29fd73f3f21efbf50,A,18125,1,1,2MF6,1,A,evaluated,False,1,1,129,129,129,129,1.0,0,7f33b7d196ae82aee2824855d6ea73b37fc18297b9c30671f7187dc6805ef0a2,2026-09-13T16:10:53.207720+00:00
cc0e294b73f472f5cb7d67867108321e44c10f991d44986c37549c6488a97ce5,C,18125,1,1,2MF6,1,B,evaluated,False,1,1,129,129,129,129,1.0,0,7f33b7d196ae82aee2824855d6ea73b37fc18297b9c30671f7187dc6805ef0a2,2026-09-13T16:10:53.688077+00:00
964bb82b3926660c1b1f4f0050fea66bd820900f4b52bc269f22d208a105f4fc,D,18125,1,1,2MF6,1,C,evaluated,False,1,1,129,129,129,129,1.0,0,7f33b7d196ae82aee2824855d6ea73b37fc18297b9c30671f7187dc6805ef0a2,2026-09-13T16:10:54.197335+00:00
e040c089f2b49bcf2e4dbc4106da04e0f716c7adaa883bcfed57d4decbeb1663,B,18125,1,1,2MF6,1,D,evaluated,False,1,1,129,129,129,129,1.0,0,7f33b7d196ae82aee2824855d6ea73b37fc18297b9c30671f7187dc6805ef0a2,2026-09-13T16:10:54.644111+00:00
43147cec99c0dcff3e49ff230fa78b14d8de9bd5fb4f6d62aa506288d847fcdf,A,19544,1,1,2MFC,1,A,evaluated,False,1,1,59,59,59,65,0.9076923076923077,0,7f33b7d196ae82aee2824855d6ea73b37fc18297b9c30671f7187dc6805ef0a2,2026-09-13T16:10:58.974168+00:00
fd9382f657179aa796e8cdd174bdf6d5c5b35a26941da11f2fdff76a773a9e5d,C,19544,1,1,2MFC,1,C,evaluated,False,1,1,59,59,59,65,0.9076923076923077,0,7f33b7d196ae82aee2824855d6ea73b37fc18297b9c30671f7187dc6805ef0a2,2026-09-13T16:10:59.135519+00:00
40e7f96b35142fdc042f80c84e99bfec4a1ef265f437bdbcb3d4d0d0379fc06d,A,19546,1,1,2MFE,1,A,evaluated,False,1,1,59,59,59,65,0.9076923076923077,0,7f33b7d196ae82aee2824855d6ea73b37fc18297b9c30671f7187dc6805ef0a2,2026-09-13T16:11:02.303782+00:00
9bdc5431e9d3c26b6df373a8c1c79abcc5d35bc43631337f700a5f3b9e1e9224,C,19546,1,1,2MFE,1,C,evaluated,False,1,1,59,59,59,65,0.9076923076923077,0,7f33b7d196ae82aee2824855d6ea73b37fc18297b9c30671f7187dc6805ef0a2,2026-09-13T16:11:02.513103+00:00
48bce57098c9c82cf70a7b5f488a599f77ffc4b92a3a6b0df6c450b6a99b9abb,A,19547,1,1,2MFF,1,A,evaluated,False,1,1,59,59,59,65,0.9076923076923077,0,7f33b7d196ae82aee2824855d6ea73b37fc18297b9c30671f7187dc6805ef0a2,2026-09-13T16:11:05.711402+00:00
ba577935fc46198760aa403bae0613e1812984dc11408e8b7c8763b455ed3a51,C,19547,1,1,2MFF,1,C,evaluated,False,1,1,59,59,59,65,0.9076923076923077,0,7f33b7d196ae82aee2824855d6ea73b37fc18297b9c30671f7187dc6805ef0a2,2026-09-13T16:11:05.889749+00:00
a5d9c68cdd0e31f1985fd764016e35016ba58b1fa51d1787255475b1bf8784f9,A,19548,1,1,2MFG,1,A,evaluated,False,1,1,59,59,59,65,0.9076923076923077,0,7f33b7d196ae82aee2824855d6ea73b37fc18297b9c30671f7187dc6805ef0a2,2026-09-13T16:11:09.566660+00:00
764c23bb5010fd9ffcc77b68cd912e6328b154de14bcfe567270cef7904d48f5,C,19548,1,1,2MFG,1,C,evaluated,False,1,1,59,59,59,65,0.9076923076923077,0,7f33b7d196ae82aee2824855d6ea73b37fc18297b9c30671f7187dc6805ef0a2,2026-09-13T16:11:09.872456+00:00
1bce8a499dcd48d14d428c945febb8a3c0eecf97462a19b95bfce94cacf1c42b,A,19549,1,1,2MFH,1,A,evaluated,False,1,1,59,59,59,65,0.9076923076923077,0,7f33b7d196ae82aee2824855d6ea73b37fc18297b9c30671f7187dc6805ef0a2,2026-09-13T16:11:13.236034+00:00
a7750da42fc5b176e036ad9683014ef704698a77393608ff9d5847d6a1a86abe,C,19549,1,1,2MFH,1,C,evaluated,False,1,1,59,59,59,65,0.9076923076923077,0,7f33b7d196ae82aee2824855d6ea73b37fc18297b9c30671f7187dc6805ef0a2,2026-09-13T16:11:13.410826+00:00
70f906b63f48b58f48edfe3127b50d963b4e41d7814d52cd44aa1148110112e3,A,19579,1,1,2MFZ,1,A,evaluated,False,1,1,125,125,125,125,1.0,0,7f33b7d196ae82aee2824855d6ea73b37fc18297b9c30671f7187dc6805ef0a2,2026-09-13T16:11:16.507503+00:00
4737cc58b716c248572871ac07949b32b3b74296fdb6f4b01ad50ff9b10ca4e1,B,19579,1,1,2MFZ,1,B,evaluated,False,1,1,125,125,125,125,1.0,0,7f33b7d196ae82aee2824855d6ea73b37fc18297b9c30671f7187dc6805ef0a2,2026-09-13T16:11:16.835788+00:00
4caca57222abf62745521bdce4fb1c502f420930f1b280734425cf70e5e02e65,A,19585,1,1,2MG4,1,A,evaluated,False,1,1,66,66,66,66,1.0,0,7f33b7d196ae82aee2824855d6ea73b37fc18297b9c30671f7187dc6805ef0a2,2026-09-13T16:11:18.199769+00:00
e61bc2f4588712431591331f8d84ec0e112ef1208aaf5c4a2d1800528158f24f,B,19585,1,1,2MG4,1,B,evaluated,False,1,1,66,66,66,66,1.0,0,7f33b7d196ae82aee2824855d6ea73b37fc18297b9c30671f7187dc6805ef0a2,2026-09-13T16:11:18.366094+00:00
2223c318dffb2ab041143d59e96f4a15c90caf48d0c3fc774adba1506eb98aa3,A,19601,1,1,2MGS,1,A,evaluated,False,1,1,71,71,71,78,0.9102564102564102,0,7f33b7d196ae82aee2824855d6ea73b37fc18297b9c30671f7187dc6805ef0a2,2026-09-13T16:11:20.794837+00:00
82a159176f1043a3624aa8e2f085f6e1b254b3c8c59d1fe0de01579b39c61f1f,B,19601,1,1,2MGS,1,B,evaluated,False,1,1,71,71,71,78,0.9102564102564102,0,7f33b7d196ae82aee2824855d6ea73b37fc18297b9c30671f7187dc6805ef0a2,2026-09-13T16:11:20.983475+00:00
d548ae646d59c3220712d4ac520bf8fc4b5506f61bc7363b1c338611e5f4cc9a,A,19614,1,1,2MH3,1,A,evaluated,False,1,1,70,70,70,70,1.0,0,7f33b7d196ae82aee2824855d6ea73b37fc18297b9c30671f7187dc6805ef0a2,2026-09-13T16:11:24.533191+00:00
dd6e7e1cac92458b6c7699a38e5e32ff6af6ada442fa3f9865b108d2391278bf,B,19614,1,1,2MH3,1,B,evaluated,False,1,1,70,70,70,70,1.0,0,7f33b7d196ae82aee2824855d6ea73b37fc18297b9c30671f7187dc6805ef0a2,2026-09-13T16:11:24.802813+00:00
fbf4caec05d28bfa578a05bd5697aae38c35ef38ef48dcdbace605e0a7df0e8b,A,19628,1,1,2MHE,1,A,evaluated,False,1,1,74,74,74,74,1.0,0,7f33b7d196ae82aee2824855d6ea73b37fc18297b9c30671f7187dc6805ef0a2,2026-09-13T16:11:27.684928+00:00
1dbdac5e9cdde2384986350990fc9a3945ef26eba79ad59474f8b1657671ea3f,B,19628,1,1,2MHE,1,B,evaluated,False,1,1,74,74,74,74,1.0,0,7f33b7d196ae82aee2824855d6ea73b37fc18297b9c30671f7187dc6805ef0a2,2026-09-13T16:11:27.892280+00:00
c13f4c2c707556f28e7e8e0e732e71cd1ec92f4d4fe8e712f525a6cc41121cf6,A,19632,1,1,2MHG,1,A,evaluated,False,1,1,75,75,75,75,1.0,0,7f33b7d196ae82aee2824855d6ea73b37fc18297b9c30671f7187dc6805ef0a2,2026-09-13T16:11:31.146157+00:00
11f25d68a5edd493f280f17f8adf37f8ef1608d647465709be5e9cd8d7bdecb5,B,19632,1,1,2MHG,1,B,evaluated,False,1,1,75,75,75,75,1.0,0,7f33b7d196ae82aee2824855d6ea73b37fc18297b9c30671f7187dc6805ef0a2,2026-09-13T16:11:31.396567+00:00
9d3575ff290e76eb674ae1a69b0e639285334b31b9520ba20ada974d1a6fade4,A,19713,1,1,2MJA,1,A,evaluated,False,1,1,63,63,63,63,1.0,0,7f33b7d196ae82aee2824855d6ea73b37fc18297b9c30671f7187dc6805ef0a2,2026-09-13T16:11:34.209500+00:00
ba1d687f5a8f39aae547eb7413e4dbddbc2cbc787c5eae18f7a130d4a01ee910,B,19713,1,1,2MJA,1,B,evaluated,False,1,1,63,63,63,63,1.0,0,7f33b7d196ae82aee2824855d6ea73b37fc18297b9c30671f7187dc6805ef0a2,2026-09-13T16:11:34.426227+00:00
6b6c5a26cace903f6f8709a93cf44ac0386630bd7d3ffea025812d596a65709e,A,18939,1,1,2MJG,1,A,evaluated,False,1,1,46,46,46,46,1.0,0,7f33b7d196ae82aee2824855d6ea73b37fc18297b9c30671f7187dc6805ef0a2,2026-09-13T16:11:35.626020+00:00
09865a2be3e96a2607b46aebc304345fa5308cceb1bef05918ecfff249f722e9,B,18939,1,1,2MJG,1,B,evaluated,False,1,1,46,46,46,46,1.0,0,7f33b7d196ae82aee2824855d6ea73b37fc18297b9c30671f7187dc6805ef0a2,2026-09-13T16:11:35.770754+00:00
d3437d82927bb50cc170aba1e4f9884977f0812e41ed549ca8c6e8d32f794409,A,19741,1,1,2MJO,1,A,evaluated,False,1,1,41,41,41,41,1.0,0,7f33b7d196ae82aee2824855d6ea73b37fc18297b9c30671f7187dc6805ef0a2,2026-09-13T16:11:37.144575+00:00
1bc4e158c146e4501e881a22800f1d1abcea521ad02c70c308ff81e53507541b,B,19741,1,1,2MJO,1,B,evaluated,False,1,1,41,41,41,41,1.0,0,7f33b7d196ae82aee2824855d6ea73b37fc18297b9c30671f7187dc6805ef0a2,2026-09-13T16:11:37.333405+00:00
c5ad48f7b4e7c5003dd2d465d877317d4f1121216fbb0d4fd9925458fd786d99,A,19739,1,1,2MJW,1,A,evaluated,False,1,1,101,101,101,101,1.0,0,7f33b7d196ae82aee2824855d6ea73b37fc18297b9c30671f7187dc6805ef0a2,2026-09-13T16:11:41.726768+00:00
b0f20b8fdf027b2ea8f91b063b273357f284b23c18e9a2821fb42a22af9d1944,D,19739,1,1,2MJW,1,C,evaluated,False,1,1,101,101,101,101,1.0,0,7f33b7d196ae82aee2824855d6ea73b37fc18297b9c30671f7187dc6805ef0a2,2026-09-13T16:11:41.962881+00:00
11d37c219816929d0e135e710e09de4cab33350b7b88687d1c93661b1924421e,A,19850,1,1,2MMA,1,A,evaluated,False,1,1,107,107,107,109,0.981651376146789,0,7f33b7d196ae82aee2824855d6ea73b37fc18297b9c30671f7187dc6805ef0a2,2026-09-13T16:11:43.348247+00:00
4a1ab4d4a3a6d4e4d8fa90f93c9b438074bfb3e2c0ded1aa3e6e7b6c719194c4,A,19850,1,2,2MMA,1,A,evaluated,False,1,1,107,107,107,109,0.981651376146789,0,7f33b7d196ae82aee2824855d6ea73b37fc18297b9c30671f7187dc6805ef0a2,2026-09-13T16:11:43.564495+00:00
0f76c0015b5aecf1fbdbddb6226be7622dcc8cfbbdbce1354625eae5098ca99c,A,19869,1,1,2MMV,1,A,evaluated,False,1,1,86,86,86,86,1.0,0,7f33b7d196ae82aee2824855d6ea73b37fc18297b9c30671f7187dc6805ef0a2,2026-09-13T16:11:46.457937+00:00
e34aff9f140f61d1fa06b0f7dd1f95234019059cf64a00c3612f8c8cde936fe3,B,19869,1,1,2MMV,1,B,evaluated,False,1,1,86,86,86,86,1.0,0,7f33b7d196ae82aee2824855d6ea73b37fc18297b9c30671f7187dc6805ef0a2,2026-09-13T16:11:46.700613+00:00
4c6d8c3fb1348ab779fc71c18ebaca19bdfdf624371766fe9784fccf0a1155bb,A,19880,1,1,2MN5,1,A,evaluated,False,1,1,57,56,56,57,0.9824561403508771,0,7f33b7d196ae82aee2824855d6ea73b37fc18297b9c30671f7187dc6805ef0a2,2026-09-13T16:11:47.485212+00:00
8175ced66764beffd61eaf82fbb6a7aae520b5a06c89944500928938277d9287,A,19880,1,3,2MN5,1,A,evaluated,False,1,1,57,56,56,57,0.9824561403508771,0,7f33b7d196ae82aee2824855d6ea73b37fc18297b9c30671f7187dc6805ef0a2,2026-09-13T16:11:47.682468+00:00
5b67b6b471c92f026e6c1d7fe03e7f21885d435d23b938fdcbae6e35fd5ca5e1,A,19880,1,4,2MN5,1,A,evaluated,False,1,1,57,56,56,57,0.9824561403508771,0,7f33b7d196ae82aee2824855d6ea73b37fc18297b9c30671f7187dc6805ef0a2,2026-09-13T16:11:47.853742+00:00
e1db1c53bf61903ce8bc5f907da1626055152c6f244b8156537fca2a42d9d590,A,19994,1,1,2MPN,1,A,evaluated,False,1,1,68,68,68,68,1.0,0,7f33b7d196ae82aee2824855d6ea73b37fc18297b9c30671f7187dc6805ef0a2,2026-09-13T16:11:50.171695+00:00
fdc90a433eb223071cc4896ba30ca5a17d0be4e2051726fa71b75acd5fe36740,B,19994,1,1,2MPN,1,B,evaluated,False,1,1,68,68,68,68,1.0,0,7f33b7d196ae82aee2824855d6ea73b37fc18297b9c30671f7187dc6805ef0a2,2026-09-13T16:11:50.352443+00:00
3bc0c9a5a9eebce868e4006a6cc7aff9eccfeb9240662ce2549e36f72ba05496,A,25069,1,1,2MRD,1,A,evaluated,False,1,1,101,101,101,101,1.0,0,7f33b7d196ae82aee2824855d6ea73b37fc18297b9c30671f7187dc6805ef0a2,2026-09-13T16:11:55.481522+00:00
0d0d26440d7c0387b1939a6aee8133580a2bd0502ac7a63f0ebe9040a5a454c7,B,25069,1,1,2MRD,1,B,evaluated,False,1,1,101,101,101,101,1.0,0,7f33b7d196ae82aee2824855d6ea73b37fc18297b9c30671f7187dc6805ef0a2,2026-09-13T16:11:56.038190+00:00
31cad9780192d354db3ecec7df7f460b6eeaf69a521cf0a511f3bb48effc5c5d,A,25086,1,1,2MRN,1,A,evaluated,False,1,1,67,67,67,67,1.0,0,7f33b7d196ae82aee2824855d6ea73b37fc18297b9c30671f7187dc6805ef0a2,2026-09-13T16:11:58.725087+00:00
2b798244f8dfc00c9e64653aaecae28441cd90c9729c70fdd2c652b4ee270b58,B,25086,1,1,2MRN,1,B,evaluated,False,1,1,67,67,67,67,1.0,0,7f33b7d196ae82aee2824855d6ea73b37fc18297b9c30671f7187dc6805ef0a2,2026-09-13T16:11:58.937636+00:00
f4a10f9dfdf4d34a37f7b6e83c671d2f02880c335359dd43ab34b17a8678ca8e,A,25092,1,1,2MRU,1,A,evaluated,False,1,1,50,50,50,67,0.746268656716418,0,7f33b7d196ae82aee2824855d6ea73b37fc18297b9c30671f7187dc6805ef0a2,2026-09-13T16:12:00.094540+00:00
9fa04d97044a11d779d24db7b6751321afb87b277916b24e22c7655edb58b198,B,25092,1,1,2MRU,1,B,evaluated,False,1,1,50,50,50,67,0.746268656716418,0,7f33b7d196ae82aee2824855d6ea73b37fc18297b9c30671f7187dc6805ef0a2,2026-09-13T16:12:00.227109+00:00
8309408a2a8219bbeb5a299ccb5eda8b4d9bd7fce959eedf541e7f252954bb79,A,25139,1,1,2MSX,1,A,evaluated,False,1,1,114,114,114,114,1.0,0,7f33b7d196ae82aee2824855d6ea73b37fc18297b9c30671f7187dc6805ef0a2,2026-09-13T16:12:03.517979+00:00
49838cf94cea18d164c1a75b4f4b45da056e74caa27d6f7c15970819522ee7ab,A,25139,1,2,2MSX,1,A,evaluated,False,1,1,114,114,114,114,1.0,0,7f33b7d196ae82aee2824855d6ea73b37fc18297b9c30671f7187dc6805ef0a2,2026-09-13T16:12:03.885426+00:00
39a59eaa1276187fda561ba0eee0a82a51992449e7c8f3642e5cc1f8c776cd79,A,25192,1,1,2MTZ,1,A,evaluated,False,1,1,169,169,169,169,1.0,0,7f33b7d196ae82aee2824855d6ea73b37fc18297b9c30671f7187dc6805ef0a2,2026-09-13T16:12:05.065299+00:00
5deb909c71f10dbfdbe1759f4297960ddbaac7d40317f1dd690b1c86b3710e6c,A,25192,1,2,2MTZ,1,A,evaluated,False,1,1,169,169,169,169,1.0,0,7f33b7d196ae82aee2824855d6ea73b37fc18297b9c30671f7187dc6805ef0a2,2026-09-13T16:12:05.471126+00:00
8876b9943b6642c07905821f9f5a78c346999e3a13e399ef200ba6459b5ebb3e,A,25288,1,1,2MVW,1,A,evaluated,False,1,1,51,51,51,51,1.0,0,7f33b7d196ae82aee2824855d6ea73b37fc18297b9c30671f7187dc6805ef0a2,2026-09-13T16:12:08.121821+00:00
b3df79418c627c70688e8bd7762f190a75e03788da2848974d8e36dd67a691c6,B,25288,1,1,2MVW,1,B,evaluated,False,1,1,51,51,51,51,1.0,0,7f33b7d196ae82aee2824855d6ea73b37fc18297b9c30671f7187dc6805ef0a2,2026-09-13T16:12:08.364992+00:00
6a08d8251ceea84a999b77a38c1f81e09a58684a4c6afc9066a1d1988d85149a,A,25298,1,1,2MW4,1,A,evaluated,False,1,1,47,47,47,47,1.0,0,7f33b7d196ae82aee2824855d6ea73b37fc18297b9c30671f7187dc6805ef0a2,2026-09-13T16:12:12.240464+00:00
d1eac5b5e84694e2bee98e782492134c5cdc00a951edce27c6ecbea91859d396,B,25298,1,1,2MW4,1,B,evaluated,False,1,1,47,47,47,47,1.0,0,7f33b7d196ae82aee2824855d6ea73b37fc18297b9c30671f7187dc6805ef0a2,2026-09-13T16:12:12.392806+00:00
16a13c7f0f84183fb514ccb97ada390431890de2a96d92807de7b01432006c84,C,25298,1,1,2MW4,1,C,evaluated,False,1,1,47,47,47,47,1.0,0,7f33b7d196ae82aee2824855d6ea73b37fc18297b9c30671f7187dc6805ef0a2,2026-09-13T16:12:12.550073+00:00
06bef1e390e51165b4eff25588ce86e72c4f22005f3ebf90ab3b64b273a6ca1c,D,25298,1,1,2MW4,1,D,evaluated,False,1,1,47,47,47,47,1.0,0,7f33b7d196ae82aee2824855d6ea73b37fc18297b9c30671f7187dc6805ef0a2,2026-09-13T16:12:12.701741+00:00
c2607910c49aaf94cc4c4eea497bbd617ecb32062182fbfe228107b1c5207cbc,A,17643,1,1,2MWG,1,A,evaluated,False,1,1,261,261,261,261,1.0,0,7f33b7d196ae82aee2824855d6ea73b37fc18297b9c30671f7187dc6805ef0a2,2026-09-13T16:12:16.713873+00:00
53f0fc116d7ec1a87b53fb74f60baf8824c420c9ffe54ebac4b759446daa73d8,B,17643,1,1,2MWG,1,B,evaluated,False,1,1,261,261,261,261,1.0,0,7f33b7d196ae82aee2824855d6ea73b37fc18297b9c30671f7187dc6805ef0a2,2026-09-13T16:12:17.394600+00:00
c394f564c8f14930fa37bd8cf2a5d704d539220538ea913479631e6e51ca0591,A,25398,1,1,2MX9,1,A,evaluated,False,1,1,133,133,133,133,1.0,0,7f33b7d196ae82aee2824855d6ea73b37fc18297b9c30671f7187dc6805ef0a2,2026-09-13T16:12:21.013400+00:00
a24141bc23ef29990702e512f6ee1ba80b5956976f0a2f77beaa52169d3b253d,B,25398,1,1,2MX9,1,B,evaluated,False,1,1,133,133,133,133,1.0,0,7f33b7d196ae82aee2824855d6ea73b37fc18297b9c30671f7187dc6805ef0a2,2026-09-13T16:12:21.497741+00:00
fd1284ac3abcdb5208aac2f9e50d0d1108395682e9585dddd64b608de3c7d43b,A,25454,1,1,2MYJ,1,A,evaluated,False,1,1,79,79,79,79,1.0,0,7f33b7d196ae82aee2824855d6ea73b37fc18297b9c30671f7187dc6805ef0a2,2026-09-13T16:12:25.832851+00:00
cb048ce90a01973e44050c97b0d8f67178be6f6955406589c1fcb90efd4e6904,B,25454,1,1,2MYJ,1,B,evaluated,False,1,1,79,79,79,79,1.0,0,7f33b7d196ae82aee2824855d6ea73b37fc18297b9c30671f7187dc6805ef0a2,2026-09-13T16:12:26.046186+00:00
d86cbfee19c43349ea358e5ad13addb59c1948d40534a3366b83ac0407fab59f,A,25483,1,1,2MZC,1,A,evaluated,False,1,1,92,92,92,92,1.0,0,7f33b7d196ae82aee2824855d6ea73b37fc18297b9c30671f7187dc6805ef0a2,2026-09-13T16:12:28.269601+00:00
248d3f1bf52881e57d2d6546590e5887ed091bcf7f6aacf386947f9482981892,B,25483,1,1,2MZC,1,B,evaluated,False,1,1,92,92,92,92,1.0,0,7f33b7d196ae82aee2824855d6ea73b37fc18297b9c30671f7187dc6805ef0a2,2026-09-13T16:12:28.508247+00:00
a21926acb112054b609eeda9d27c7b37a3d48f494e033a8632dea96c5ad28a3f,A,25527,1,1,2N0K,1,A,evaluated,False,1,1,89,89,89,89,1.0,0,7f33b7d196ae82aee2824855d6ea73b37fc18297b9c30671f7187dc6805ef0a2,2026-09-13T16:12:30.194114+00:00
85195722cabda571aabe2306f6fc0d5c703421c968e117e50862a16dff046ef1,B,25527,1,1,2N0K,1,B,evaluated,False,1,1,89,89,89,89,1.0,0,7f33b7d196ae82aee2824855d6ea73b37fc18297b9c30671f7187dc6805ef0a2,2026-09-13T16:12:30.416609+00:00
5413f33542fc686aef51d7200dd660815a5f30756a0a0fe05fa7de84a16ce08c,B,25545,2,1,2N13,2,B,evaluated,False,1,1,76,76,76,76,1.0,0,7f33b7d196ae82aee2824855d6ea73b37fc18297b9c30671f7187dc6805ef0a2,2026-09-13T16:12:33.930029+00:00
c84d7bf15d116d2d43d7cbc872f26bff68baf25d2b03a4951ea1ada32dbad861,C,25545,3,1,2N13,3,C,evaluated,False,1,1,76,76,76,76,1.0,0,7f33b7d196ae82aee2824855d6ea73b37fc18297b9c30671f7187dc6805ef0a2,2026-09-13T16:12:34.203220+00:00
1a241bc534280c34a8eac82fc72e69d1ee4a3171ff2d578842a130ba7394bc92,A,25593,1,1,2N2A,1,A,evaluated,False,1,1,58,58,58,58,1.0,0,7f33b7d196ae82aee2824855d6ea73b37fc18297b9c30671f7187dc6805ef0a2,2026-09-13T16:12:35.571563+00:00
30e09b8f18701edf457c145998b9e4e5855848cce4429cee8c2543a22527a495,B,25593,1,1,2N2A,1,B,evaluated,False,1,1,58,58,58,58,1.0,0,7f33b7d196ae82aee2824855d6ea73b37fc18297b9c30671f7187dc6805ef0a2,2026-09-13T16:12:35.848530+00:00
a956860e479b62e12d05d0d2d7b192d922ae108fc83d20055e1a6e4d15951aca,A,19390,1,1,2N2J,1,A,evaluated,False,1,1,62,62,62,62,1.0,0,7f33b7d196ae82aee2824855d6ea73b37fc18297b9c30671f7187dc6805ef0a2,2026-09-13T16:12:37.645925+00:00
58cce384ab1a1ef0aadd1009684c98e3cc31eead9946ed23bad74c125dcd101a,B,19390,1,1,2N2J,1,B,evaluated,False,1,1,62,62,62,62,1.0,0,7f33b7d196ae82aee2824855d6ea73b37fc18297b9c30671f7187dc6805ef0a2,2026-09-13T16:12:37.861407+00:00
8e3a6fc08a7a4e7debb9bf4f19fe804a7f3568f878c93889841b4cb82427a7df,A,25645,1,1,2N3J,1,A,evaluated,False,1,1,98,98,98,98,1.0,0,7f33b7d196ae82aee2824855d6ea73b37fc18297b9c30671f7187dc6805ef0a2,2026-09-13T16:12:40.288727+00:00
f25206e2f249dffacb4130e9ce471f2b4b044417be961589279d399273200427,B,25645,1,1,2N3J,1,B,evaluated,False,1,1,98,98,98,98,1.0,0,7f33b7d196ae82aee2824855d6ea73b37fc18297b9c30671f7187dc6805ef0a2,2026-09-13T16:12:40.543185+00:00
85a22929bce48b65d42863055e88bb3739c34e2a87d64132df475e8a45f972ca,A,25693,1,1,2N54,1,A,evaluated,False,1,1,66,66,66,93,0.7096774193548387,0,7f33b7d196ae82aee2824855d6ea73b37fc18297b9c30671f7187dc6805ef0a2,2026-09-13T16:12:42.561289+00:00
62b37c5238df13ab9832908abec20d54bdb32ced63a12cd78ff91762ea79caff,B,25693,1,1,2N54,1,B,evaluated,False,1,1,66,66,66,93,0.7096774193548387,0,7f33b7d196ae82aee2824855d6ea73b37fc18297b9c30671f7187dc6805ef0a2,2026-09-13T16:12:42.748143+00:00
0433fca1254aa99766319520e01b7ea09685ab5917b231d86a394b9693857d57,A,25710,1,1,2N5E,1,A,evaluated,False,1,1,167,167,167,167,1.0,0,7f33b7d196ae82aee2824855d6ea73b37fc18297b9c30671f7187dc6805ef0a2,2026-09-13T16:12:45.648300+00:00
f4a5030d1b52968abfedd8f7e2eb65feb30479b82bc49a8539fc92da654e2ea7,B,25710,1,1,2N5E,1,B,evaluated,False,1,1,167,167,167,167,1.0,0,7f33b7d196ae82aee2824855d6ea73b37fc18297b9c30671f7187dc6805ef0a2,2026-09-13T16:12:46.005390+00:00
0b7e8723afefd96f799f57a7928e5c880774dc3cfb75a537b82d7551e86ff8f6,A,6999,1,1,2N5G,1,A,evaluated,False,1,1,101,101,101,101,1.0,0,7f33b7d196ae82aee2824855d6ea73b37fc18297b9c30671f7187dc6805ef0a2,2026-09-13T16:12:49.164792+00:00
46eb448989839eb91800d758194db2a4606e105455404cacfb749de63742e0b2,B,6999,1,1,2N5G,1,B,evaluated,False,1,1,101,101,101,101,1.0,0,7f33b7d196ae82aee2824855d6ea73b37fc18297b9c30671f7187dc6805ef0a2,2026-09-13T16:12:49.437892+00:00
fca0032fc7cc2f8d3513ca962f56af890e35c18bd61c3c36ec477f7ac21ab24a,A,25731,1,1,2N5T,1,A,evaluated,False,1,1,573,573,573,573,1.0,0,7f33b7d196ae82aee2824855d6ea73b37fc18297b9c30671f7187dc6805ef0a2,2026-09-13T16:13:00.009623+00:00
4ba5e31806a9c5f5ee46026ae82faafe72eaf71b8108ad6548763bd09973e238,B,25731,1,1,2N5T,1,B,evaluated,False,1,1,573,573,573,573,1.0,0,7f33b7d196ae82aee2824855d6ea73b37fc18297b9c30671f7187dc6805ef0a2,2026-09-13T16:13:01.393562+00:00
142e5f36d1e2b4ffce51fcc0c92f2f80c4a89eb81fc4593996adb2cd8c1631e1,A,25750,1,1,2N64,1,A,evaluated,False,1,1,75,75,75,75,1.0,0,7f33b7d196ae82aee2824855d6ea73b37fc18297b9c30671f7187dc6805ef0a2,2026-09-13T16:13:06.805094+00:00
5d8d63d409d892f70bdf9c870b8cc05ebca2cf1eda1d353a04be258528d34816,B,25750,1,1,2N64,1,B,evaluated,False,1,1,75,75,75,75,1.0,0,7f33b7d196ae82aee2824855d6ea73b37fc18297b9c30671f7187dc6805ef0a2,2026-09-13T16:13:07.140078+00:00
db1bac58930c326b013bf9aaa7e4272702776ba4c4365a161e51f1a92e584fbe,C,25750,1,1,2N64,1,C,evaluated,False,1,1,75,75,75,75,1.0,0,7f33b7d196ae82aee2824855d6ea73b37fc18297b9c30671f7187dc6805ef0a2,2026-09-13T16:13:07.468017+00:00
a22938796aa537cba34a0003f14c48b6ce2df3bfd5675d1f3b6295f5b1327df1,A,25793,1,1,2N74,1,A,evaluated,False,1,1,73,73,73,73,1.0,0,7f33b7d196ae82aee2824855d6ea73b37fc18297b9c30671f7187dc6805ef0a2,2026-09-13T16:13:10.068897+00:00
a20fdec8156e7e54215e4fc6d59f4c0001854ae1316330b6507aaaf7f578e28a,B,25793,1,1,2N74,1,B,evaluated,False,1,1,73,73,73,73,1.0,0,7f33b7d196ae82aee2824855d6ea73b37fc18297b9c30671f7187dc6805ef0a2,2026-09-13T16:13:10.271538+00:00
54c4d9c3bb9b16ba9344cb2ef4c11c250e5123021b9a24df5f0d869e206696c6,A,25883,1,1,2N97,1,A,evaluated,False,1,1,94,94,94,94,1.0,0,7f33b7d196ae82aee2824855d6ea73b37fc18297b9c30671f7187dc6805ef0a2,2026-09-13T16:13:11.947019+00:00
fc3b8d777afa200be9eede97d4924493ed86e925a13b930e15f10aab331f063f,B,25883,1,1,2N97,1,B,evaluated,False,1,1,94,94,94,94,1.0,0,7f33b7d196ae82aee2824855d6ea73b37fc18297b9c30671f7187dc6805ef0a2,2026-09-13T16:13:12.197764+00:00
28c819b901811629d691965c283b1dc35f9e76f7e9c3b4a1488f6e05336b71bc,A,25899,1,1,2N9B,1,A,evaluated,False,1,1,69,69,69,69,1.0,0,7f33b7d196ae82aee2824855d6ea73b37fc18297b9c30671f7187dc6805ef0a2,2026-09-13T16:13:13.787708+00:00
72eb3f724e4e94b771d2ccbad2a00fbbb8a4465b4cb7d117e27ccdcf66b31b01,B,25899,1,1,2N9B,1,B,evaluated,False,1,1,69,69,69,69,1.0,0,7f33b7d196ae82aee2824855d6ea73b37fc18297b9c30671f7187dc6805ef0a2,2026-09-13T16:13:13.964488+00:00
7b3de701ff5faea6b14abb9730d0b4f533a8791e676d81bca0dcf3cb1713215a,A,25958,1,1,2NB1,1,A,evaluated,False,1,1,60,60,60,60,1.0,0,7f33b7d196ae82aee2824855d6ea73b37fc18297b9c30671f7187dc6805ef0a2,2026-09-13T16:13:17.348131+00:00
0d2aeab91f8807cd69b5a1402a642fe487bdbface23999448aacde3f05cbe00b,C,25958,1,1,2NB1,1,C,evaluated,False,1,1,60,60,60,60,1.0,0,7f33b7d196ae82aee2824855d6ea73b37fc18297b9c30671f7187dc6805ef0a2,2026-09-13T16:13:17.533247+00:00
78bc068adaceb341c3a5166057b7af7ee53aff6d49c61850903dfc49db3208ff,A,26068,1,1,2NDP,1,A,evaluated,False,1,1,99,99,99,99,1.0,0,7f33b7d196ae82aee2824855d6ea73b37fc18297b9c30671f7187dc6805ef0a2,2026-09-13T16:13:20.143496+00:00
d6e5e2769b0763d9f51074e31f8a3144cb9e38d63e18fe488a3dad91f639c850,B,26068,1,1,2NDP,1,B,evaluated,False,1,1,99,99,99,99,1.0,0,7f33b7d196ae82aee2824855d6ea73b37fc18297b9c30671f7187dc6805ef0a2,2026-09-13T16:13:20.590802+00:00
600e5eedf3ac7d84211a35ee1359a9e50f84a79dec46994db378483372bd92df,A,7362,1,1,2NWT,1,A,evaluated,False,1,1,69,69,69,69,1.0,0,7f33b7d196ae82aee2824855d6ea73b37fc18297b9c30671f7187dc6805ef0a2,2026-09-13T16:13:24.071133+00:00
fd9b7d290dd5ce21f571ec22f1c32a3295a8bc1fdb67286b0792ad81702e22e6,B,7362,1,1,2NWT,1,B,evaluated,False,1,1,69,69,69,69,1.0,0,7f33b7d196ae82aee2824855d6ea73b37fc18297b9c30671f7187dc6805ef0a2,2026-09-13T16:13:24.265753+00:00
fda349a45c971513b5320acd03b99cf21fdf7fd99e44327f43fe486f4a42d5f2,C,15083,3,1,2O8K,3,A,evaluated,False,1,1,63,63,63,63,1.0,0,7f33b7d196ae82aee2824855d6ea73b37fc18297b9c30671f7187dc6805ef0a2,2026-09-13T16:13:26.316888+00:00
5911534704facd3ee31da3e2623a751d514300addf58d8065d2ab0419b4a985b,C,15083,3,1,2O9L,3,A,evaluated,False,1,1,63,63,63,63,1.0,0,7f33b7d196ae82aee2824855d6ea73b37fc18297b9c30671f7187dc6805ef0a2,2026-09-13T16:13:28.278170+00:00
26ac78987ca55a62f1b466db6cf20eb431a34ebb220e2f9f3b71775ae96f7f53,A,6581,1,1,2OI3,1,A,evaluated,False,1,1,86,86,86,86,1.0,0,7f33b7d196ae82aee2824855d6ea73b37fc18297b9c30671f7187dc6805ef0a2,2026-09-13T16:13:29.100813+00:00
05ddc3dd19c829f582d40514a24e842735f6cbc009c611b00c7b226441cad883,A,5882,1,1,2OII,1,A,evaluated,False,2,1,131,130,129,162,0.7962962962962963,1,7f33b7d196ae82aee2824855d6ea73b37fc18297b9c30671f7187dc6805ef0a2,2026-09-13T16:13:32.237993+00:00
7bc65f3dfe1faf19d503fb433bc6a17804c175dd0aa311e43632c27bb9c66afb,B,5882,1,1,2OII,1,B,evaluated,False,2,1,131,130,129,162,0.7962962962962963,1,7f33b7d196ae82aee2824855d6ea73b37fc18297b9c30671f7187dc6805ef0a2,2026-09-13T16:13:32.581997+00:00
110cbd6eeaa155de24f517b892802719c58d3586a2d0b3bc27f39b4f81669573,C,5882,1,1,2OII,1,C,evaluated,False,2,1,131,130,129,162,0.7962962962962963,1,7f33b7d196ae82aee2824855d6ea73b37fc18297b9c30671f7187dc6805ef0a2,2026-09-13T16:13:32.910862+00:00
eef5dd705ebc926300c4c88cf060211e2b8518f228f905478a7abdeaedced585,A,6581,1,1,2OJ2,1,A,evaluated,False,1,1,86,86,86,86,1.0,0,7f33b7d196ae82aee2824855d6ea73b37fc18297b9c30671f7187dc6805ef0a2,2026-09-13T16:13:35.303772+00:00
f489aef6632518ac7668611e9bfcf7bf134e436e3f5096f9a1fed7392be21d03,A,7106,1,1,2OWI,1,A,evaluated,False,1,1,134,134,134,151,0.8874172185430463,0,7f33b7d196ae82aee2824855d6ea73b37fc18297b9c30671f7187dc6805ef0a2,2026-09-13T16:13:38.739964+00:00
730f2bec756ea3e651d381f4af720beb556b0564ddb3b229ce4a595ca65d9ef5,A,6625,1,1,2OZW,1,A,evaluated,False,1,1,125,125,125,125,1.0,0,7f33b7d196ae82aee2824855d6ea73b37fc18297b9c30671f7187dc6805ef0a2,2026-09-13T16:13:40.840745+00:00
66cc9ef5efdf4f07d296d85221e4626b266b85266bcf35a3f3772f575ab114b5,A,6625,1,1,2OZX,1,A,evaluated,False,1,1,125,125,125,125,1.0,0,7f33b7d196ae82aee2824855d6ea73b37fc18297b9c30671f7187dc6805ef0a2,2026-09-13T16:13:43.215632+00:00
711a3a019445ce174068e7f6adbfc2537e9809da1728b9f30997ce3a43319fe0,C,5873,1,1,2P7C,3,B,evaluated,False,1,1,82,82,82,82,1.0,0,7f33b7d196ae82aee2824855d6ea73b37fc18297b9c30671f7187dc6805ef0a2,2026-09-13T16:13:45.311444+00:00
aaebe1237f31914416b3c62d65505313675ec7b3395642821d8b192fecd1a5b1,A,5377,1,1,2PRU,1,A,evaluated,False,1,1,91,91,91,91,1.0,0,7f33b7d196ae82aee2824855d6ea73b37fc18297b9c30671f7187dc6805ef0a2,2026-09-13T16:13:49.039775+00:00
f6607a11f2392469f8bfbe8fa816884e6e2a2ec3ab7f0b06228faa13d81264ab,B,5377,1,1,2PRU,1,B,evaluated,False,1,1,91,91,91,91,1.0,0,7f33b7d196ae82aee2824855d6ea73b37fc18297b9c30671f7187dc6805ef0a2,2026-09-13T16:13:49.369379+00:00
25be2b005f62ee7d21b49b2dc82b937d56203afb341520150257aeab794f7dda,A,11030,1,1,2RNO,1,A,evaluated,False,1,1,110,110,110,110,1.0,0,7f33b7d196ae82aee2824855d6ea73b37fc18297b9c30671f7187dc6805ef0a2,2026-09-13T16:13:52.549428+00:00
b29e315a36fbb4ce638d915997935fe64c3002d041cc721f96944c48b7af120c,A,11030,1,2,2RNO,1,A,evaluated,False,1,1,110,110,110,110,1.0,0,7f33b7d196ae82aee2824855d6ea73b37fc18297b9c30671f7187dc6805ef0a2,2026-09-13T16:13:52.908050+00:00
e994b2877755b1dae6e40ee25d92a1aa5a1773c7df90a81f4b291d3459a48bb8,A,11034,1,1,2RO5,1,A,evaluated,False,1,1,55,55,55,55,1.0,0,7f33b7d196ae82aee2824855d6ea73b37fc18297b9c30671f7187dc6805ef0a2,2026-09-13T16:13:54.203292+00:00
24157eecc5b739e0cfbf257ac78e332dd77462adb0b7d57c9f6c9f0e732c159c,B,11034,1,1,2RO5,1,B,evaluated,False,1,1,55,55,55,55,1.0,0,7f33b7d196ae82aee2824855d6ea73b37fc18297b9c30671f7187dc6805ef0a2,2026-09-13T16:13:54.345489+00:00
5877c95137c741d2c37e4dfcacd3f578c96ced7c9ba5bdd2b42e4530e02a36d0,A,5238,1,1,2VGH,1,A,evaluated,False,1,1,55,55,55,55,1.0,0,7f33b7d196ae82aee2824855d6ea73b37fc18297b9c30671f7187dc6805ef0a2,2026-09-13T16:13:54.907326+00:00
415db001c9b047c272983fbdc454df2a820123dec0be270eb9442ebf844c35f2,A,18782,1,1,2YMJ,1,A,evaluated,False,1,1,52,52,52,52,1.0,0,7f33b7d196ae82aee2824855d6ea73b37fc18297b9c30671f7187dc6805ef0a2,2026-09-13T16:13:58.008081+00:00
106b11a2541b6fe1cd7f5ecb35d2b5dfebb0844b75c676b4c2993cdd4956bc2e,B,18782,1,1,2YMJ,1,B,evaluated,False,1,1,52,52,52,52,1.0,0,7f33b7d196ae82aee2824855d6ea73b37fc18297b9c30671f7187dc6805ef0a2,2026-09-13T16:13:58.158824+00:00
9daa6ce0e2e930c51b15eb5b411a473f3106a5df77ef76e6b7b2aefa8e4c02de,A,17772,1,1,3ZTG,1,A,evaluated,False,1,1,92,92,92,92,1.0,0,7f33b7d196ae82aee2824855d6ea73b37fc18297b9c30671f7187dc6805ef0a2,2026-09-13T16:14:02.082146+00:00
79803b3ce98a61e3abbde40726251df2f2dd6b7f33b44cea74c44f5347d18033,B,17772,1,1,3ZTG,1,B,evaluated,False,1,1,92,92,92,92,1.0,0,7f33b7d196ae82aee2824855d6ea73b37fc18297b9c30671f7187dc6805ef0a2,2026-09-13T16:14:02.351091+00:00
17f613f2aca72a625dda4292010f0d4a0346d066df9b52bd11937328d127fa6e,A,18132,1,1,4AAI,1,A,evaluated,False,1,1,73,73,73,73,1.0,0,7f33b7d196ae82aee2824855d6ea73b37fc18297b9c30671f7187dc6805ef0a2,2026-09-13T16:14:06.924780+00:00
48d01ff428580805478b4188c110b7c9713756a4e20014b05060b30d58fddf88,B,18132,1,1,4AAI,1,B,evaluated,False,1,1,73,73,73,73,1.0,0,7f33b7d196ae82aee2824855d6ea73b37fc18297b9c30671f7187dc6805ef0a2,2026-09-13T16:14:07.165893+00:00
b565f61b3171aa6ac31f45b0faa80cc82be833f1420a3091ba4849df51bb8121,A,18341,1,1,4ASV,1,A,evaluated,False,1,1,79,78,78,92,0.8478260869565217,0,7f33b7d196ae82aee2824855d6ea73b37fc18297b9c30671f7187dc6805ef0a2,2026-09-13T16:14:09.987341+00:00
4ce047203704181ce8e1100ca60bba3bfa9accb8f6ec4412f8fc81c8f0497c34,B,18341,1,1,4ASV,1,B,evaluated,False,1,1,79,78,78,92,0.8478260869565217,0,7f33b7d196ae82aee2824855d6ea73b37fc18297b9c30671f7187dc6805ef0a2,2026-09-13T16:14:10.218177+00:00
6f8eeb0ff7112484f3a4ea4b1b024f1823e625c107bd1d3a9171656b20713334,A,19541,1,2,4CA9,1,A,evaluated,False,1,1,98,98,98,98,1.0,0,7f33b7d196ae82aee2824855d6ea73b37fc18297b9c30671f7187dc6805ef0a2,2026-09-13T16:14:16.002224+00:00
5f078bfa0da2cc1bc73992a6c6efc19162431a1513c8e6b5c19fa36365e0c6ca,B,19541,1,2,4CA9,1,B,evaluated,False,1,1,98,98,98,98,1.0,0,7f33b7d196ae82aee2824855d6ea73b37fc18297b9c30671f7187dc6805ef0a2,2026-09-13T16:14:16.298769+00:00
c5492994ddb6e94bd00fe7a66b1f40be11cc895f11d1e6c33445901f0f9c7881,C,19541,1,2,4CA9,1,C,evaluated,False,1,1,98,98,98,98,1.0,0,7f33b7d196ae82aee2824855d6ea73b37fc18297b9c30671f7187dc6805ef0a2,2026-09-13T16:14:16.611275+00:00
7678baa0d7996d51357b3bf9d4c9360518c95dc9b372d69bb48add61aae621c9,D,19541,1,2,4CA9,1,D,evaluated,False,1,1,98,98,98,98,1.0,0,7f33b7d196ae82aee2824855d6ea73b37fc18297b9c30671f7187dc6805ef0a2,2026-09-13T16:14:16.921237+00:00
2c5d9c27c80f65510f51319ee2e3da99bba924a12e4a082fda406662a1e9c4c4,E,19541,1,2,4CA9,1,E,evaluated,False,1,1,98,98,98,98,1.0,0,7f33b7d196ae82aee2824855d6ea73b37fc18297b9c30671f7187dc6805ef0a2,2026-09-13T16:14:17.351355+00:00
bd6206f4277efa53a1af2b581274d021e56d298f2022e7bcd0b0f36054c37da9,A,19779,1,1,4CPG,1,A,evaluated,False,1,1,69,69,69,83,0.8313253012048193,0,7f33b7d196ae82aee2824855d6ea73b37fc18297b9c30671f7187dc6805ef0a2,2026-09-13T16:14:20.807766+00:00
651dc204a6d917ae1b97c4a8fbba6a5bbb30bac19472736dc57094acddcbda2b,B,19779,1,1,4CPG,1,B,evaluated,False,1,1,69,69,69,83,0.8313253012048193,0,7f33b7d196ae82aee2824855d6ea73b37fc18297b9c30671f7187dc6805ef0a2,2026-09-13T16:14:21.085683+00:00
36164fa7c7be2e4a73cd0ae6ae213595e06fd66eed0f749d6620b463d455d9f8,A,25372,1,1,4D7X,1,A,evaluated,False,1,1,86,86,86,86,1.0,0,7f33b7d196ae82aee2824855d6ea73b37fc18297b9c30671f7187dc6805ef0a2,2026-09-13T16:14:22.215757+00:00
0e441e2c38b77fc796587632ec5639be38d430c58c3867f2e86940136172cf55,A,25372,1,3,4D7X,1,A,evaluated,False,1,1,86,86,86,86,1.0,0,7f33b7d196ae82aee2824855d6ea73b37fc18297b9c30671f7187dc6805ef0a2,2026-09-13T16:14:22.430047+00:00
93618197c165337b86c1008e73cd7c3c21279be4d2c90da82206be81445b7cd6,A,25242,1,1,4V10,1,A,evaluated,False,1,1,231,231,231,231,1.0,0,7f33b7d196ae82aee2824855d6ea73b37fc18297b9c30671f7187dc6805ef0a2,2026-09-13T16:14:26.083661+00:00
55d8c914eb4933e8693e343c7a676561a702acd420a346a29c13634fdb866281,A,25242,1,2,4V10,1,A,evaluated,False,1,1,231,231,231,231,1.0,0,7f33b7d196ae82aee2824855d6ea73b37fc18297b9c30671f7187dc6805ef0a2,2026-09-13T16:14:26.720198+00:00
e902a24be51a6705bb6acdbb61ba853071ac4de420dc3f3fc3b813111bf46921,A,30005,1,1,5HUZ,1,A,evaluated,False,1,1,44,44,44,47,0.9361702127659575,0,7f33b7d196ae82aee2824855d6ea73b37fc18297b9c30671f7187dc6805ef0a2,2026-09-13T16:14:29.241172+00:00
5f5ef3e791797b06a8e29e38cf4dbbf83bd227db5fba9b66ba1f6a1ac448d041,B,30005,1,1,5HUZ,1,B,evaluated,False,1,1,44,44,44,47,0.9361702127659575,0,7f33b7d196ae82aee2824855d6ea73b37fc18297b9c30671f7187dc6805ef0a2,2026-09-13T16:14:29.376628+00:00
4e03655be8cde741b1e74297496e499843319e1bd0baab603ea59a5582a2881f,A,30017,1,1,5I8N,1,A,evaluated,False,1,1,114,114,114,114,1.0,0,7f33b7d196ae82aee2824855d6ea73b37fc18297b9c30671f7187dc6805ef0a2,2026-09-13T16:14:31.378456+00:00
c2ee4b76377652080264650d4023a0d6979a4f9a418fd5e3d639ba2edc890cf4,B,30017,1,1,5I8N,1,B,evaluated,False,1,1,114,114,114,114,1.0,0,7f33b7d196ae82aee2824855d6ea73b37fc18297b9c30671f7187dc6805ef0a2,2026-09-13T16:14:31.702925+00:00
d35594cf35e7602e9126576c9f9194366ae30340ef665bc8bac7e97bc48eec6b,A,30021,1,1,5ID3,1,A,evaluated,False,1,1,153,153,153,159,0.9622641509433962,0,7f33b7d196ae82aee2824855d6ea73b37fc18297b9c30671f7187dc6805ef0a2,2026-09-13T16:14:40.720202+00:00
c396efea5dc4135a62928a8e55f3e00adf3676fd17f9301a7d40d6638cd55758,B,30021,1,1,5ID3,1,B,evaluated,False,1,1,153,153,153,159,0.9622641509433962,0,7f33b7d196ae82aee2824855d6ea73b37fc18297b9c30671f7187dc6805ef0a2,2026-09-13T16:14:41.107385+00:00
44d6f40fbaf3a82eaf3768e9e534763fd99c3dfeef5babb080b0975e7bfb4f00,C,30021,1,1,5ID3,1,C,evaluated,False,1,1,153,153,153,159,0.9622641509433962,0,7f33b7d196ae82aee2824855d6ea73b37fc18297b9c30671f7187dc6805ef0a2,2026-09-13T16:14:41.493207+00:00
f991f8e4c5cd364f75d5fe82e1574944ef950831ae83869291c463a52669881c,D,30021,1,1,5ID3,1,D,evaluated,False,1,1,153,153,153,159,0.9622641509433962,0,7f33b7d196ae82aee2824855d6ea73b37fc18297b9c30671f7187dc6805ef0a2,2026-09-13T16:14:41.874562+00:00
3176b88df80a6cc5a92120464f1e7969e76e2da6a032364bc3e6b39ed2ffff08,E,30021,1,1,5ID3,1,E,evaluated,False,1,1,153,153,153,159,0.9622641509433962,0,7f33b7d196ae82aee2824855d6ea73b37fc18297b9c30671f7187dc6805ef0a2,2026-09-13T16:14:42.260893+00:00
2f447952c38be72407b95421b2ca474078cd3d1e24e741bae4d81cb8ea5fc94a,A,30074,1,1,5JPW,1,A,evaluated,False,1,1,143,143,143,143,1.0,0,7f33b7d196ae82aee2824855d6ea73b37fc18297b9c30671f7187dc6805ef0a2,2026-09-13T16:14:46.422165+00:00
d12df651b4036996f7b7bab782ee5194c2e4b193f1137d20af0fde6d1dc96a5e,B,30074,1,1,5JPW,1,B,evaluated,False,1,1,143,143,143,143,1.0,0,7f33b7d196ae82aee2824855d6ea73b37fc18297b9c30671f7187dc6805ef0a2,2026-09-13T16:14:47.109544+00:00
6f47cb95f33bb95a21635fc206807dd9cbfa12bddf639fe2a7560e8305a2eb67,A,30081,1,1,5JTM,1,A,evaluated,False,1,1,155,155,155,155,1.0,0,7f33b7d196ae82aee2824855d6ea73b37fc18297b9c30671f7187dc6805ef0a2,2026-09-13T16:15:00.334086+00:00
dc29306d6f971a1f98aaa38b84cd8ad1a1ec75657b8f817a0a5a4d17c5d20419,A,30081,1,4,5JTM,1,A,evaluated,False,1,1,155,155,155,155,1.0,0,7f33b7d196ae82aee2824855d6ea73b37fc18297b9c30671f7187dc6805ef0a2,2026-09-13T16:15:00.748855+00:00
0a055f7041438188df77114e4816f56ba1365a3029347e847682bdb058ec2a78,B,30081,1,1,5JTM,1,B,evaluated,False,1,1,155,155,155,155,1.0,0,7f33b7d196ae82aee2824855d6ea73b37fc18297b9c30671f7187dc6805ef0a2,2026-09-13T16:15:01.146133+00:00
518a27e23de416a5399df6b83d51a200579c9730cea61e7f709da42b7c3364b5,B,30081,1,4,5JTM,1,B,evaluated,False,1,1,155,155,155,155,1.0,0,7f33b7d196ae82aee2824855d6ea73b37fc18297b9c30671f7187dc6805ef0a2,2026-09-13T16:15:01.555189+00:00
5f7b65202dc8167ac7905bc9cdd55b8ee9ca6c6589ef83ec2e97e9f747fabe32,C,30081,1,1,5JTM,1,C,evaluated,False,1,1,155,155,155,155,1.0,0,7f33b7d196ae82aee2824855d6ea73b37fc18297b9c30671f7187dc6805ef0a2,2026-09-13T16:15:02.196716+00:00
b7b6bf53efe13fcd24cdd1a27a5f7159c22ce10d5684dd9fe42df13ad7d29474,C,30081,1,4,5JTM,1,C,evaluated,False,1,1,155,155,155,155,1.0,0,7f33b7d196ae82aee2824855d6ea73b37fc18297b9c30671f7187dc6805ef0a2,2026-09-13T16:15:02.985461+00:00
694c224c7797ccdce7a72ebf16005132e6ffa30c8b5c524d1154553653756d6f,D,30081,1,1,5JTM,1,D,evaluated,False,1,1,155,155,155,155,1.0,0,7f33b7d196ae82aee2824855d6ea73b37fc18297b9c30671f7187dc6805ef0a2,2026-09-13T16:15:03.662299+00:00
edaea2e121ba72f462abcbd90223063095b2ef663768c680a667a611a7bd04da,D,30081,1,4,5JTM,1,D,evaluated,False,1,1,155,155,155,155,1.0,0,7f33b7d196ae82aee2824855d6ea73b37fc18297b9c30671f7187dc6805ef0a2,2026-09-13T16:15:04.294457+00:00
7e2c707d4bfa1fb64eb63f62c56e92321d68ed04fa898de49e7a54369409a4d6,A,30082,1,1,5JTN,1,A,evaluated,False,1,1,155,155,155,155,1.0,0,7f33b7d196ae82aee2824855d6ea73b37fc18297b9c30671f7187dc6805ef0a2,2026-09-13T16:15:14.397347+00:00
8a592cdfc1009e81bb2e895e9316a446414633851fcf270a3769301184fc6dde,A,30082,1,4,5JTN,1,A,evaluated,False,1,1,155,155,155,155,1.0,0,7f33b7d196ae82aee2824855d6ea73b37fc18297b9c30671f7187dc6805ef0a2,2026-09-13T16:15:14.790192+00:00
7a86332084fd1f9099928489380044a5f7c354ac5baa1ca017b148ef946badc8,B,30082,1,1,5JTN,1,B,evaluated,False,1,1,155,155,155,155,1.0,0,7f33b7d196ae82aee2824855d6ea73b37fc18297b9c30671f7187dc6805ef0a2,2026-09-13T16:15:15.238656+00:00
e722d3ab09e4f7d0cdeb1411a9cb1fc13e846a5a57e5edd65a8ecce918cfb57d,B,30082,1,4,5JTN,1,B,evaluated,False,1,1,155,155,155,155,1.0,0,7f33b7d196ae82aee2824855d6ea73b37fc18297b9c30671f7187dc6805ef0a2,2026-09-13T16:15:15.677471+00:00
4e3e3ae7b4ac5ea4b0ae333c2f3c02b541606861820900787dbc90e624ecfe24,C,30082,1,1,5JTN,1,C,evaluated,False,1,1,155,155,155,155,1.0,0,7f33b7d196ae82aee2824855d6ea73b37fc18297b9c30671f7187dc6805ef0a2,2026-09-13T16:15:16.233204+00:00
3890d965e0067f54121db45fede7f150b912d3d4a378b7fa077404e35d4abd16,C,30082,1,4,5JTN,1,C,evaluated,False,1,1,155,155,155,155,1.0,0,7f33b7d196ae82aee2824855d6ea73b37fc18297b9c30671f7187dc6805ef0a2,2026-09-13T16:15:16.888615+00:00
746b35b721cd94d06de9b3a15393d5753a07f08983e01018714e89b5dbb8454e,D,30082,1,1,5JTN,1,D,evaluated,False,1,1,155,155,155,155,1.0,0,7f33b7d196ae82aee2824855d6ea73b37fc18297b9c30671f7187dc6805ef0a2,2026-09-13T16:15:17.538494+00:00
79ceeac660d4d2fa6f52ef5a0d2d8dc016256729d63d267fe5b82f1463092d82,D,30082,1,4,5JTN,1,D,evaluated,False,1,1,155,155,155,155,1.0,0,7f33b7d196ae82aee2824855d6ea73b37fc18297b9c30671f7187dc6805ef0a2,2026-09-13T16:15:18.160590+00:00
48be4371b1e372e322be4af2778be54592e75a442a442ab026ddd888d4dcf9c0,A,30083,1,1,5JTO,1,A,evaluated,False,1,1,155,155,155,155,1.0,0,7f33b7d196ae82aee2824855d6ea73b37fc18297b9c30671f7187dc6805ef0a2,2026-09-13T16:15:28.478387+00:00
5c64348c908f5863028f8597d99f396fb76f18a09f8ea47c5a33f31a9b79b176,A,30083,1,4,5JTO,1,A,evaluated,False,1,1,155,155,155,155,1.0,0,7f33b7d196ae82aee2824855d6ea73b37fc18297b9c30671f7187dc6805ef0a2,2026-09-13T16:15:28.871999+00:00
e804a6efa251e42fbf2a26d2177631dff305b1fc5ec67f947eff62ce907b0b45,B,30083,1,1,5JTO,1,B,evaluated,False,1,1,155,155,155,155,1.0,0,7f33b7d196ae82aee2824855d6ea73b37fc18297b9c30671f7187dc6805ef0a2,2026-09-13T16:15:29.335093+00:00
43e2945cbdd150a84c576b91f1a74d864e076b9abb69893e060133a28b6de7af,B,30083,1,4,5JTO,1,B,evaluated,False,1,1,155,155,155,155,1.0,0,7f33b7d196ae82aee2824855d6ea73b37fc18297b9c30671f7187dc6805ef0a2,2026-09-13T16:15:29.726894+00:00
8990ff1cd25a315c37d1694a686aaa250a7ed35f6e20ade3163afa0c4a2de8cc,C,30083,1,1,5JTO,1,C,evaluated,False,1,1,155,155,155,155,1.0,0,7f33b7d196ae82aee2824855d6ea73b37fc18297b9c30671f7187dc6805ef0a2,2026-09-13T16:15:30.162430+00:00
4c60dbe3ec54fb4bd95646fca0c5c6f8b987771a8c92fc70ebd04cc4bea8a8c5,C,30083,1,4,5JTO,1,C,evaluated,False,1,1,155,155,155,155,1.0,0,7f33b7d196ae82aee2824855d6ea73b37fc18297b9c30671f7187dc6805ef0a2,2026-09-13T16:15:30.598743+00:00
56c886f883f9fcac5166db42a8d02c7fbc8896a67383987b35802802dc715fda,D,30083,1,1,5JTO,1,D,evaluated,False,1,1,155,155,155,155,1.0,0,7f33b7d196ae82aee2824855d6ea73b37fc18297b9c30671f7187dc6805ef0a2,2026-09-13T16:15:31.303116+00:00
8cf5c1d6d04fb10193b3c82c052be97b13ef19b7af8e96b48310fd2a3968348f,D,30083,1,4,5JTO,1,D,evaluated,False,1,1,155,155,155,155,1.0,0,7f33b7d196ae82aee2824855d6ea73b37fc18297b9c30671f7187dc6805ef0a2,2026-09-13T16:15:31.912714+00:00
5fab55450beb5e22bbee8c0e36eb75e82e0a140329aef16119db907ba61cfc6e,A,30084,1,1,5JTP,1,A,evaluated,False,1,1,155,155,155,155,1.0,0,7f33b7d196ae82aee2824855d6ea73b37fc18297b9c30671f7187dc6805ef0a2,2026-09-13T16:15:42.270254+00:00
0e02585da4f01e3907d67a0767c46d486cb1d122b10ccf7bc12c21987de1e135,A,30084,1,4,5JTP,1,A,evaluated,False,1,1,155,155,155,155,1.0,0,7f33b7d196ae82aee2824855d6ea73b37fc18297b9c30671f7187dc6805ef0a2,2026-09-13T16:15:42.881326+00:00
d055c6ef4dd5be12cd428a10e627d0323a1459e4ceafab31eb081a251e53cbc1,B,30084,1,1,5JTP,1,B,evaluated,False,1,1,155,155,155,155,1.0,0,7f33b7d196ae82aee2824855d6ea73b37fc18297b9c30671f7187dc6805ef0a2,2026-09-13T16:15:43.446114+00:00
93d1b6a31100ab1c887289e4bbfe6c091eea98108d4d2764dccc6cca4f137330,B,30084,1,4,5JTP,1,B,evaluated,False,1,1,155,155,155,155,1.0,0,7f33b7d196ae82aee2824855d6ea73b37fc18297b9c30671f7187dc6805ef0a2,2026-09-13T16:15:43.941446+00:00
5fdb4d5fff3439e7e5627440ed0a5ba2ef64ece7451c379e37cb5a55ea582146,C,30084,1,1,5JTP,1,C,evaluated,False,1,1,155,155,155,155,1.0,0,7f33b7d196ae82aee2824855d6ea73b37fc18297b9c30671f7187dc6805ef0a2,2026-09-13T16:15:44.528863+00:00
85e14244b6b618a786170e95afb5fd68022f966d65b4fbf997ac018891d56e73,C,30084,1,4,5JTP,1,C,evaluated,False,1,1,155,155,155,155,1.0,0,7f33b7d196ae82aee2824855d6ea73b37fc18297b9c30671f7187dc6805ef0a2,2026-09-13T16:15:45.378402+00:00
9230a6d18261e25a05e744ccc188e536a532f6513154ecbefb738b4df0aaf9dd,D,30084,1,1,5JTP,1,D,evaluated,False,1,1,155,155,155,155,1.0,0,7f33b7d196ae82aee2824855d6ea73b37fc18297b9c30671f7187dc6805ef0a2,2026-09-13T16:15:46.093339+00:00
efb27428ee304f9b43f7de3e753280f125e5518318b127487a85c7a101137440,D,30084,1,4,5JTP,1,D,evaluated,False,1,1,155,155,155,155,1.0,0,7f33b7d196ae82aee2824855d6ea73b37fc18297b9c30671f7187dc6805ef0a2,2026-09-13T16:15:46.779349+00:00
0844b53cf17457edf66bf7442076611d2d1ac33544863aa514def8b22acb8cca,A,30085,1,1,5JTQ,1,A,evaluated,False,1,1,155,155,155,155,1.0,0,7f33b7d196ae82aee2824855d6ea73b37fc18297b9c30671f7187dc6805ef0a2,2026-09-13T16:15:57.247274+00:00
9e78a1790b5a2f744d20ace54c4d99ad45ef31c6d3fcbfc07df76a2f4fdc7909,A,30085,1,4,5JTQ,1,A,evaluated,False,1,1,155,155,155,155,1.0,0,7f33b7d196ae82aee2824855d6ea73b37fc18297b9c30671f7187dc6805ef0a2,2026-09-13T16:15:57.693712+00:00
4aad51dfde37e0493c2e159b3a77640dddcc5c4a1b41ea44edaca75fdf14d700,B,30085,1,1,5JTQ,1,B,evaluated,False,1,1,155,155,155,155,1.0,0,7f33b7d196ae82aee2824855d6ea73b37fc18297b9c30671f7187dc6805ef0a2,2026-09-13T16:15:58.132633+00:00
ee188f78f7ebe17223a1877995bdb1ce3caa9a20e020c4f6c1c62d6818c4f593,B,30085,1,4,5JTQ,1,B,evaluated,False,1,1,155,155,155,155,1.0,0,7f33b7d196ae82aee2824855d6ea73b37fc18297b9c30671f7187dc6805ef0a2,2026-09-13T16:15:58.569571+00:00
5bd6e2a488d71b7e074ad34f066859a7fa28d5ba1a0f55106a49f4f4a3fccb7d,C,30085,1,1,5JTQ,1,C,evaluated,False,1,1,155,155,155,155,1.0,0,7f33b7d196ae82aee2824855d6ea73b37fc18297b9c30671f7187dc6805ef0a2,2026-09-13T16:15:58.991092+00:00
4c33540d066ec932d85c20bd5efa2a0dd7cd38b793324ab47944f32cc22e2c5c,C,30085,1,4,5JTQ,1,C,evaluated,False,1,1,155,155,155,155,1.0,0,7f33b7d196ae82aee2824855d6ea73b37fc18297b9c30671f7187dc6805ef0a2,2026-09-13T16:15:59.743669+00:00
6492b6b5a26a36b1c2f180e65184821792997c41933fd5ef9fcea4a8efd5f2cd,D,30085,1,1,5JTQ,1,D,evaluated,False,1,1,155,155,155,155,1.0,0,7f33b7d196ae82aee2824855d6ea73b37fc18297b9c30671f7187dc6805ef0a2,2026-09-13T16:16:00.500022+00:00
6012ed59eee30fa1e66644d254df5aedb4b6f4845a7505bc5bf015e8da85519d,D,30085,1,4,5JTQ,1,D,evaluated,False,1,1,155,155,155,155,1.0,0,7f33b7d196ae82aee2824855d6ea73b37fc18297b9c30671f7187dc6805ef0a2,2026-09-13T16:16:01.284607+00:00
f524a8b9f1657f975e3ff51302f8fe394f6f4f53d83193a48a873aeac3de1f90,A,30086,1,1,5JTR,1,A,evaluated,False,1,1,155,155,155,155,1.0,0,7f33b7d196ae82aee2824855d6ea73b37fc18297b9c30671f7187dc6805ef0a2,2026-09-13T16:16:12.375667+00:00
0173d801e87a5b1e968a562899a6ecac973964f988762487bfdafab0e0275bf8,A,30086,1,4,5JTR,1,A,evaluated,False,1,1,155,155,155,155,1.0,0,7f33b7d196ae82aee2824855d6ea73b37fc18297b9c30671f7187dc6805ef0a2,2026-09-13T16:16:12.841709+00:00
f98e52ec04b480777835049dbc55526ac587310a8922ca3b4dba1fbb55cb2890,B,30086,1,1,5JTR,1,B,evaluated,False,1,1,155,155,155,155,1.0,0,7f33b7d196ae82aee2824855d6ea73b37fc18297b9c30671f7187dc6805ef0a2,2026-09-13T16:16:13.348084+00:00
03ce1e764da0a719c2dd8d99cad64108609df8823a7d4784023952b8be621505,B,30086,1,4,5JTR,1,B,evaluated,False,1,1,155,155,155,155,1.0,0,7f33b7d196ae82aee2824855d6ea73b37fc18297b9c30671f7187dc6805ef0a2,2026-09-13T16:16:14.066449+00:00
6e3e63f25d1402b6ed8c9a2af5e49c81866cb74c5c45d539382381c699c4107c,C,30086,1,1,5JTR,1,C,evaluated,False,1,1,155,155,155,155,1.0,0,7f33b7d196ae82aee2824855d6ea73b37fc18297b9c30671f7187dc6805ef0a2,2026-09-13T16:16:14.783766+00:00
ae9abd2b0ab7096534446524379a2720bbeea67d91c89aef4f98b6fc4a41d30f,C,30086,1,4,5JTR,1,C,evaluated,False,1,1,155,155,155,155,1.0,0,7f33b7d196ae82aee2824855d6ea73b37fc18297b9c30671f7187dc6805ef0a2,2026-09-13T16:16:15.562979+00:00
dcb1d3caafa203c6b52cd9644d4ebb6c82ed27d940a6e13f11ee4738d2d71080,D,30086,1,1,5JTR,1,D,evaluated,False,1,1,155,155,155,155,1.0,0,7f33b7d196ae82aee2824855d6ea73b37fc18297b9c30671f7187dc6805ef0a2,2026-09-13T16:16:16.330521+00:00
e095229242aae0d8953125204ec5a26f523445f384ecbd4ae13dd0f5ffff4477,D,30086,1,4,5JTR,1,D,evaluated,False,1,1,155,155,155,155,1.0,0,7f33b7d196ae82aee2824855d6ea73b37fc18297b9c30671f7187dc6805ef0a2,2026-09-13T16:16:17.032929+00:00
94d2e59426afb06ab8504f8748b69d4eb09effed7c491282972e991e9ad1ca1c,A,30094,1,1,5JZR,1,A,evaluated,False,1,1,131,131,131,131,1.0,0,7f33b7d196ae82aee2824855d6ea73b37fc18297b9c30671f7187dc6805ef0a2,2026-09-13T16:16:21.082777+00:00
8510c6079f79a6283fe223a77801fe265c92dd411650936409b61d2c839ddc0c,B,30094,1,1,5JZR,1,B,evaluated,False,1,1,131,131,131,131,1.0,0,7f33b7d196ae82aee2824855d6ea73b37fc18297b9c30671f7187dc6805ef0a2,2026-09-13T16:16:21.433532+00:00
94547847051aab104b9a3f22439650c49a69164587c32d4a55f680f6345829c8,A,34037,1,1,5LSD,1,A,evaluated,False,1,1,118,118,118,118,1.0,0,7f33b7d196ae82aee2824855d6ea73b37fc18297b9c30671f7187dc6805ef0a2,2026-09-13T16:16:24.903875+00:00
e1670ff4e0df30febf3bd30b85c46ee6f3e52fac448cdb2519b6996ebe3cf5b8,B,34037,1,1,5LSD,1,B,evaluated,False,1,1,118,118,118,118,1.0,0,7f33b7d196ae82aee2824855d6ea73b37fc18297b9c30671f7187dc6805ef0a2,2026-09-13T16:16:25.257770+00:00
121ac1a2799f7c7eef3f479664c0a06d97226fc9296ed7e7667dae37b89f35a3,A,34040,1,1,5LV6,1,A,evaluated,False,1,1,44,44,44,44,1.0,0,7f33b7d196ae82aee2824855d6ea73b37fc18297b9c30671f7187dc6805ef0a2,2026-09-13T16:16:27.331135+00:00
5e70da833e17db6f33e8d7797b0bdeca4d35d54cef922499a00043f2720fe49f,B,34040,1,1,5LV6,1,B,evaluated,False,1,1,44,44,44,44,1.0,0,7f33b7d196ae82aee2824855d6ea73b37fc18297b9c30671f7187dc6805ef0a2,2026-09-13T16:16:27.459492+00:00
5a8437e7056a9b0a675f4ee31202b29f27de47f5b493060c96c73e6a09f54b2d,A,19984,1,1,5LW4,1,A,evaluated,False,1,1,172,172,172,172,1.0,0,7f33b7d196ae82aee2824855d6ea73b37fc18297b9c30671f7187dc6805ef0a2,2026-09-13T16:16:31.914579+00:00
a71a2c1d2991c956289dd786058e67b19c25ba6f3ac9efb908e4914f4d854e9b,A,34049,1,2,5M1G,1,A,evaluated,False,1,1,99,99,99,99,1.0,0,7f33b7d196ae82aee2824855d6ea73b37fc18297b9c30671f7187dc6805ef0a2,2026-09-13T16:16:35.557858+00:00
05e5586232d11b53a8046b5db3b96a849e53abd05a4c2391375f8fd5cafb34c1,B,34049,1,2,5M1G,1,B,evaluated,False,1,1,99,99,99,99,1.0,0,7f33b7d196ae82aee2824855d6ea73b37fc18297b9c30671f7187dc6805ef0a2,2026-09-13T16:16:35.850630+00:00
46b480b80eb46238436bf848597c31a29b043dc3cc7d8ae6f7b8c17b3c559d14,A,34093,1,1,5MYE,1,A,evaluated,False,1,1,212,212,212,218,0.9724770642201835,0,7f33b7d196ae82aee2824855d6ea73b37fc18297b9c30671f7187dc6805ef0a2,2026-09-13T16:16:39.776624+00:00
6c47a95c73f07b5c7cef03008c36e5570e53d3165e4dbf69f4f1695620507297,A,34093,1,2,5MYE,1,A,evaluated,False,1,1,212,212,212,218,0.9724770642201835,0,7f33b7d196ae82aee2824855d6ea73b37fc18297b9c30671f7187dc6805ef0a2,2026-09-13T16:16:40.372000+00:00
03c41dd2e85479bed67f747dcc4d99c2a97995121aeda9d624e84abf0e4de5a9,A,34102,1,1,5N7Y,1,A,evaluated,False,1,1,49,49,49,49,1.0,0,7f33b7d196ae82aee2824855d6ea73b37fc18297b9c30671f7187dc6805ef0a2,2026-09-13T16:16:42.306884+00:00
c45499804f414878e3421544b69f16de60a982ae98190c5bf2facfe207ec8952,B,34102,1,1,5N7Y,1,C,evaluated,False,1,1,49,49,49,49,1.0,0,7f33b7d196ae82aee2824855d6ea73b37fc18297b9c30671f7187dc6805ef0a2,2026-09-13T16:16:42.445066+00:00
136c85d22db95b38d7640fee5be86a5f8b52770467b53ae256e896aa271f3ae3,A,34105,1,1,5N9U,1,A,evaluated,False,1,1,212,212,212,218,0.9724770642201835,0,7f33b7d196ae82aee2824855d6ea73b37fc18297b9c30671f7187dc6805ef0a2,2026-09-13T16:16:45.945074+00:00
88e5bb22327075fe181d130136358cd9b74a57dacfac19061782b271920ba4ba,A,34105,1,2,5N9U,1,A,evaluated,False,1,1,212,212,212,218,0.9724770642201835,0,7f33b7d196ae82aee2824855d6ea73b37fc18297b9c30671f7187dc6805ef0a2,2026-09-13T16:16:46.710989+00:00
51c470b575454ce401c032f489f4ca72317c6ebeba538a65353bbfcd0f56f3a1,A,34108,1,1,5NAM,1,A,evaluated,False,1,1,48,48,48,48,1.0,0,7f33b7d196ae82aee2824855d6ea73b37fc18297b9c30671f7187dc6805ef0a2,2026-09-13T16:16:47.662412+00:00
45e97fe1c43b8cdd3a919c25770aabb341c0696bb76607635c33c1c35891c3ef,A,34108,1,2,5NAM,1,A,evaluated,False,1,1,48,48,48,48,1.0,0,7f33b7d196ae82aee2824855d6ea73b37fc18297b9c30671f7187dc6805ef0a2,2026-09-13T16:16:47.794406+00:00
75e20582996d5808bcfd76e158da75052f83673afb09472beddf438b47691286,A,34108,1,3,5NAM,1,A,evaluated,False,1,1,48,48,48,48,1.0,0,7f33b7d196ae82aee2824855d6ea73b37fc18297b9c30671f7187dc6805ef0a2,2026-09-13T16:16:47.933948+00:00
0d1d81cd743eb5f49625e7f1e91503da25f20a6b9e91cbf89b9eb51801d7eb77,A,34115,1,1,5NF8,1,A,evaluated,False,1,1,159,159,158,174,0.9080459770114943,1,7f33b7d196ae82aee2824855d6ea73b37fc18297b9c30671f7187dc6805ef0a2,2026-09-13T16:16:52.700321+00:00
b53dba711b1616295ddd5ada5f8078ebade5b26f419b7442438fcd24b7096403,B,34115,1,1,5NF8,1,B,evaluated,False,1,1,159,159,158,174,0.9080459770114943,1,7f33b7d196ae82aee2824855d6ea73b37fc18297b9c30671f7187dc6805ef0a2,2026-09-13T16:16:53.155642+00:00
4c85680e8d7e27a0700050b93705c4a0e02a1f6560c17a8d17676b2e265fbaea,A,34120,1,1,5NKO,1,A,evaluated,False,1,1,61,61,61,61,1.0,0,7f33b7d196ae82aee2824855d6ea73b37fc18297b9c30671f7187dc6805ef0a2,2026-09-13T16:16:54.970141+00:00
299b31f7c1ddaf22644e84f65b01a23533e582d30b5ab49248878c3e5e489db3,B,34120,1,1,5NKO,1,B,evaluated,False,1,1,61,61,61,61,1.0,0,7f33b7d196ae82aee2824855d6ea73b37fc18297b9c30671f7187dc6805ef0a2,2026-09-13T16:16:55.159483+00:00
8c8749cf37f84f5c710fbd33c548ce51c2804e0a8731302848799379027fde6e,A,34122,1,1,5NOC,1,A,evaluated,False,1,1,54,54,54,69,0.782608695652174,0,7f33b7d196ae82aee2824855d6ea73b37fc18297b9c30671f7187dc6805ef0a2,2026-09-13T16:16:57.163586+00:00
c5c9c093719e66aecc504e01f9207620f1edaa9383bed57a9f1fa15cdbd53647,B,34122,1,1,5NOC,1,B,evaluated,False,1,1,54,54,54,69,0.782608695652174,0,7f33b7d196ae82aee2824855d6ea73b37fc18297b9c30671f7187dc6805ef0a2,2026-09-13T16:16:57.359545+00:00
b64e826afd5ca2105a14d94f73a87297d131ad6d42a6286266a0e4224ec51fe2,A,34154,1,1,5OB4,1,A,evaluated,False,1,1,44,44,44,44,1.0,0,7f33b7d196ae82aee2824855d6ea73b37fc18297b9c30671f7187dc6805ef0a2,2026-09-13T16:16:59.009400+00:00
9e8fc0fae3a4429095dab5398f65a98c5705b1d16831e5c45c15c1d3bc32a354,B,34154,1,1,5OB4,1,B,evaluated,False,1,1,44,44,44,44,1.0,0,7f33b7d196ae82aee2824855d6ea73b37fc18297b9c30671f7187dc6805ef0a2,2026-09-13T16:16:59.314091+00:00
1ccf602d684f18b86feb8012cd8b3b33b7b561a53499d49f09ee28ec84ea5573,A,34160,1,1,5OEK,1,A,evaluated,False,1,1,43,43,43,43,1.0,0,7f33b7d196ae82aee2824855d6ea73b37fc18297b9c30671f7187dc6805ef0a2,2026-09-13T16:17:01.927132+00:00
6254040cea3b9b8070ec7afdb2ac7c3b5c9b83dda975817e406a0e5652edfe41,B,34160,1,1,5OEK,1,B,evaluated,False,1,1,43,43,43,43,1.0,0,7f33b7d196ae82aee2824855d6ea73b37fc18297b9c30671f7187dc6805ef0a2,2026-09-13T16:17:02.198143+00:00
edbad1bd7c9f4bef423c8cd30c7b887887abc14db4c6c8d8603c7572851afad7,A,34163,1,1,5OGU,1,A,evaluated,False,1,1,95,95,95,95,1.0,0,7f33b7d196ae82aee2824855d6ea73b37fc18297b9c30671f7187dc6805ef0a2,2026-09-13T16:17:04.607324+00:00
dbcc6442792529bc5f309429eac289d308ee60bfbc530eecd89aa23108a0be9c,B,34163,1,1,5OGU,1,B,evaluated,False,1,1,95,95,95,95,1.0,0,7f33b7d196ae82aee2824855d6ea73b37fc18297b9c30671f7187dc6805ef0a2,2026-09-13T16:17:04.850084+00:00
ac2ca21af67991101a8d47d86b676dc6dfc77dcca86b64cdc75c0c1a5f352fc4,A,34164,1,1,5OHD,1,A,evaluated,False,1,1,43,43,43,43,1.0,0,7f33b7d196ae82aee2824855d6ea73b37fc18297b9c30671f7187dc6805ef0a2,2026-09-13T16:17:06.904955+00:00
9da82fefd1a403dc7539b8cec2e30675738a2dd9221b6a03a8d489d0daa373bc,B,34164,1,1,5OHD,1,B,evaluated,False,1,1,43,43,43,43,1.0,0,7f33b7d196ae82aee2824855d6ea73b37fc18297b9c30671f7187dc6805ef0a2,2026-09-13T16:17:07.054801+00:00
7755b18f2eb9231ae3d6dafc0c39942c7435128f044abac95770650d93780fb5,A,27239,1,2,5OWI,1,A,evaluated,False,1,1,432,432,432,432,1.0,0,7f33b7d196ae82aee2824855d6ea73b37fc18297b9c30671f7187dc6805ef0a2,2026-09-13T16:17:14.430618+00:00
873ec8027f5bf7dabc84dce2b4f729dba9c10cecc3c60ebd88f910b124e29a10,B,27239,1,2,5OWI,1,B,evaluated,False,1,1,432,432,432,432,1.0,0,7f33b7d196ae82aee2824855d6ea73b37fc18297b9c30671f7187dc6805ef0a2,2026-09-13T16:17:16.218465+00:00
42dc4929354cd4f6fc47597e0e1fb496603bf43230e1a517e94e1bd3ca17efa1,A,27242,1,1,5OWJ,1,A,evaluated,False,1,1,432,432,432,432,1.0,0,7f33b7d196ae82aee2824855d6ea73b37fc18297b9c30671f7187dc6805ef0a2,2026-09-13T16:17:22.819057+00:00
4be48f99ca05693f7f6176c048c39f66da287f59f678a4a9df1af798a9b46065,B,27242,1,1,5OWJ,1,B,evaluated,False,1,1,432,432,432,432,1.0,0,7f33b7d196ae82aee2824855d6ea73b37fc18297b9c30671f7187dc6805ef0a2,2026-09-13T16:17:23.831566+00:00
b081fbe2277eae70d2694f720877ebdc0497236ee87d42555f5be616fac3ba41,A,26821,1,1,5TM0,1,A,evaluated,False,1,1,108,108,108,108,1.0,0,7f33b7d196ae82aee2824855d6ea73b37fc18297b9c30671f7187dc6805ef0a2,2026-09-13T16:17:30.519093+00:00
8d64991d55ba1be0e4f1aa5b2c1e00dd3a79bf5239994636126467ef487186f0,B,26821,1,1,5TM0,1,B,evaluated,False,1,1,108,108,108,108,1.0,0,7f33b7d196ae82aee2824855d6ea73b37fc18297b9c30671f7187dc6805ef0a2,2026-09-13T16:17:31.069827+00:00
5fb2ba5afc098594277fb5fe4d2bdbe1376be2f2351b364f08328a2069000f07,C,26821,1,1,5TM0,1,C,evaluated,False,1,1,108,108,108,108,1.0,0,7f33b7d196ae82aee2824855d6ea73b37fc18297b9c30671f7187dc6805ef0a2,2026-09-13T16:17:31.586481+00:00
f343b837af1055ae1c5c361d00d0607d65b8c2f581d1a187d05434033f046b51,D,26821,1,1,5TM0,1,D,evaluated,False,1,1,108,108,108,108,1.0,0,7f33b7d196ae82aee2824855d6ea73b37fc18297b9c30671f7187dc6805ef0a2,2026-09-13T16:17:31.975048+00:00
ec0125bf8fcfa05cba74fe791d27df746998df9b862eb1463e3d9d2b09a56490,A,30192,1,1,5TMX,1,A,evaluated,False,1,1,63,63,63,63,1.0,0,7f33b7d196ae82aee2824855d6ea73b37fc18297b9c30671f7187dc6805ef0a2,2026-09-13T16:17:33.524751+00:00
78ac367c969a64bedca1ae5e96364e7f1e785ee5217ef5e842d95383b4015e77,B,30192,1,1,5TMX,1,B,evaluated,False,1,1,63,63,63,63,1.0,0,7f33b7d196ae82aee2824855d6ea73b37fc18297b9c30671f7187dc6805ef0a2,2026-09-13T16:17:33.689146+00:00
b41b805d146a994bea36131a78f729272811e3c261db6c1bb402b7c05aa61a0f,A,30194,1,1,5TN2,1,A,evaluated,False,1,1,47,47,47,47,1.0,0,7f33b7d196ae82aee2824855d6ea73b37fc18297b9c30671f7187dc6805ef0a2,2026-09-13T16:17:35.599234+00:00
e55c8e8ade7be2828134709cdd1069e1f8b52c54bcc50d807ca58238842baf82,B,30194,1,1,5TN2,1,B,evaluated,False,1,1,47,47,47,47,1.0,0,7f33b7d196ae82aee2824855d6ea73b37fc18297b9c30671f7187dc6805ef0a2,2026-09-13T16:17:35.745472+00:00
6e95a45859d153ae3062588adbbaafa390f58876f9929c4ec52104e413e95673,C,30194,1,1,5TN2,1,C,evaluated,False,1,1,47,47,47,47,1.0,0,7f33b7d196ae82aee2824855d6ea73b37fc18297b9c30671f7187dc6805ef0a2,2026-09-13T16:17:35.888098+00:00
adead1a95455d34224b84ecc072d15bf45a10b7b6d64596f65c38961389edd7d,D,30194,1,1,5TN2,1,D,evaluated,False,1,1,47,47,47,47,1.0,0,7f33b7d196ae82aee2824855d6ea73b37fc18297b9c30671f7187dc6805ef0a2,2026-09-13T16:17:36.016594+00:00
3e61ec5ae56e96469be126af929cf814d5116b660aed6a45157144975cc77ab7,A,25485,1,1,5UE2,1,A,evaluated,False,1,1,247,247,247,247,1.0,0,7f33b7d196ae82aee2824855d6ea73b37fc18297b9c30671f7187dc6805ef0a2,2026-09-13T16:17:41.913167+00:00
d8c0709fa7192f27b7a4207ec4955adefb001b16e7df41d66ef206df1133053b,A,25485,1,1,5UE5,1,A,evaluated,False,1,1,247,247,247,247,1.0,0,7f33b7d196ae82aee2824855d6ea73b37fc18297b9c30671f7187dc6805ef0a2,2026-09-13T16:17:47.494803+00:00
4df31ee4b2655b24c7618e5816938bcc0d66f28a0c3138bf632927c427b67c7f,A,30234,1,1,5UJN,1,A,evaluated,False,1,1,76,76,76,76,1.0,0,7f33b7d196ae82aee2824855d6ea73b37fc18297b9c30671f7187dc6805ef0a2,2026-09-13T16:17:50.181930+00:00
df2c913d2e524acc3449897852eaabd7daf5ba36afd302019a6adbee61fedd67,A,30234,1,2,5UJN,1,A,evaluated,False,1,1,76,76,76,76,1.0,0,7f33b7d196ae82aee2824855d6ea73b37fc18297b9c30671f7187dc6805ef0a2,2026-09-13T16:17:50.379524+00:00
5266740e487fb7c24a15dece35d1793b6954a0d2e37ae7b23fd562b928d19718,A,30245,1,1,5US5,1,A,evaluated,False,1,1,89,89,89,89,1.0,0,7f33b7d196ae82aee2824855d6ea73b37fc18297b9c30671f7187dc6805ef0a2,2026-09-13T16:17:53.221267+00:00
54819da5ef07f0f19be6c54bd3ff6df717a26cdb1798a849cc7196439cfc7832,B,30245,1,1,5US5,1,B,evaluated,False,1,1,89,89,89,89,1.0,0,7f33b7d196ae82aee2824855d6ea73b37fc18297b9c30671f7187dc6805ef0a2,2026-09-13T16:17:53.459641+00:00
11ae64984cf240da727fd810ba6ac89f67ee90e9033286b278c450852d3e82fa,A,30295,1,1,5VTO,1,A,evaluated,False,1,1,163,163,163,163,1.0,0,7f33b7d196ae82aee2824855d6ea73b37fc18297b9c30671f7187dc6805ef0a2,2026-09-13T16:17:57.685634+00:00
f4a88f4328e50a6689529e96b0c7306a43c6db6aa04e7a2798eaf4788ae44f69,B,30295,1,1,5VTO,1,B,evaluated,False,1,1,163,163,163,163,1.0,0,7f33b7d196ae82aee2824855d6ea73b37fc18297b9c30671f7187dc6805ef0a2,2026-09-13T16:17:58.289993+00:00
c258e86e3c1cd7e6cfd6a59cd24da8d4987a07d7452e6207cfa83a2238457028,A,30308,1,1,5W88,1,A,evaluated,False,1,1,120,120,120,120,1.0,0,7f33b7d196ae82aee2824855d6ea73b37fc18297b9c30671f7187dc6805ef0a2,2026-09-13T16:18:00.208004+00:00
6c09c88d2efdec94b85bc1458eff1bc4b69635bc0278450a8713b8b046d6f50e,A,30308,1,1,5WCL,1,A,evaluated,False,1,1,120,120,120,120,1.0,0,7f33b7d196ae82aee2824855d6ea73b37fc18297b9c30671f7187dc6805ef0a2,2026-09-13T16:18:01.768990+00:00
9435a785f4e7797f8f78dd4a40541f7442042ed1cdaf5c58ce6b69c4619da157,A,36045,1,1,5WYO,1,A,evaluated,False,1,1,89,89,89,89,1.0,0,7f33b7d196ae82aee2824855d6ea73b37fc18297b9c30671f7187dc6805ef0a2,2026-09-13T16:18:04.465023+00:00
852081319c7e62b95b5614d2df7382578fc1f1fbc58880c48382f1f6c64d6724,B,36045,1,1,5WYO,1,B,evaluated,False,1,1,89,89,89,89,1.0,0,7f33b7d196ae82aee2824855d6ea73b37fc18297b9c30671f7187dc6805ef0a2,2026-09-13T16:18:04.700573+00:00
610ce0c2818ff0f54345d9923e013fc46e7e1790494abf12f9ab3c8b8aed643b,A,36049,1,1,5X29,1,A,evaluated,False,1,1,58,58,58,81,0.7160493827160493,0,7f33b7d196ae82aee2824855d6ea73b37fc18297b9c30671f7187dc6805ef0a2,2026-09-13T16:18:08.225939+00:00
63486d18fc94eb6ff5b53ef57541650f81004bbde3239cb95a6661e55b7439bf,B,36049,1,1,5X29,1,B,evaluated,False,1,1,58,58,58,81,0.7160493827160493,0,7f33b7d196ae82aee2824855d6ea73b37fc18297b9c30671f7187dc6805ef0a2,2026-09-13T16:18:08.396458+00:00
2ba2320ace083c755eb9fa5aec9ad3d1398566dfea78297d7f139cdc2f236ef3,C,36049,1,1,5X29,1,C,evaluated,False,1,1,58,58,58,81,0.7160493827160493,0,7f33b7d196ae82aee2824855d6ea73b37fc18297b9c30671f7187dc6805ef0a2,2026-09-13T16:18:08.551301+00:00
edfd6ed90772cff50b4e8dfa907d5783fa6d60303a2f8b16c20662b7be6f0c3d,D,36049,1,1,5X29,1,D,evaluated,False,1,1,58,58,58,81,0.7160493827160493,0,7f33b7d196ae82aee2824855d6ea73b37fc18297b9c30671f7187dc6805ef0a2,2026-09-13T16:18:08.709398+00:00
c51d8a1f79ad1c0fd8f687e6ca2919c49f12bf9faee8623f5eaa76c7ac992753,E,36049,1,1,5X29,1,E,evaluated,False,1,1,58,58,58,81,0.7160493827160493,0,7f33b7d196ae82aee2824855d6ea73b37fc18297b9c30671f7187dc6805ef0a2,2026-09-13T16:18:08.874446+00:00
f4cb6e8f75d02a0f13e9ebf216ab82ee835e0e0846193f11463f90690339aa7f,A,36064,1,1,5X9X,1,A,evaluated,False,1,1,44,44,44,44,1.0,0,7f33b7d196ae82aee2824855d6ea73b37fc18297b9c30671f7187dc6805ef0a2,2026-09-13T16:18:11.700972+00:00
e36c16932e02360f558238c815a7703b36e65e6f1ec8c81151e5936a04b220cd,B,36064,2,1,5X9X,2,B,evaluated,False,1,1,45,45,45,45,1.0,0,7f33b7d196ae82aee2824855d6ea73b37fc18297b9c30671f7187dc6805ef0a2,2026-09-13T16:18:11.897371+00:00
67642e86eb075d2e71528471522007a9095f84a46936bc8f31247b2d34f1328a,A,30345,1,2,6B1G,1,A,evaluated,False,1,1,80,80,80,83,0.963855421686747,0,7f33b7d196ae82aee2824855d6ea73b37fc18297b9c30671f7187dc6805ef0a2,2026-09-13T16:18:15.373246+00:00
00ac6227336cadadd1ef25ff939187971ac8958e828a6280c6caf25de488edaf,B,30345,2,1,6B1G,2,B,evaluated,False,1,1,80,80,80,83,0.963855421686747,0,7f33b7d196ae82aee2824855d6ea73b37fc18297b9c30671f7187dc6805ef0a2,2026-09-13T16:18:15.589352+00:00
384121a603fd280ab7c7d324bf0837661d6f0306205bef07d4da650b8c478969,B,30353,2,1,6BA6,2,B,evaluated,False,1,1,167,167,167,168,0.9940476190476191,0,7f33b7d196ae82aee2824855d6ea73b37fc18297b9c30671f7187dc6805ef0a2,2026-09-13T16:18:19.289362+00:00
49843d9d6e60157176724a91244e727eef31352bae54e2a6fa64b4642be34225,B,30353,2,3,6BA6,2,B,evaluated,False,1,1,167,167,167,168,0.9940476190476191,0,7f33b7d196ae82aee2824855d6ea73b37fc18297b9c30671f7187dc6805ef0a2,2026-09-13T16:18:19.766314+00:00
5fc40608059250b2cd1d22740f9987a856017702f5e01f94041bbf321011b586,A,30374,1,1,6BP9,1,A,evaluated,False,1,1,89,89,89,89,1.0,0,7f33b7d196ae82aee2824855d6ea73b37fc18297b9c30671f7187dc6805ef0a2,2026-09-13T16:18:21.530500+00:00
d5d8198a97496d4b2d69316a6caa9ba4531c2f698e4cb509be1dfd214eb673ac,B,30374,1,1,6BP9,1,B,evaluated,False,1,1,89,89,89,89,1.0,0,7f33b7d196ae82aee2824855d6ea73b37fc18297b9c30671f7187dc6805ef0a2,2026-09-13T16:18:21.773941+00:00
4c8505df93fb5bea6c252b686a696b04cb96cbd8a62cb18f1c9f1616cce15ad2,A,30375,1,1,6BQI,1,A,evaluated,False,1,1,258,258,258,258,1.0,0,7f33b7d196ae82aee2824855d6ea73b37fc18297b9c30671f7187dc6805ef0a2,2026-09-13T16:18:24.209201+00:00
b60f17598349b4ef11a62112a5fab8f708124cdbf2823f7477cde8670af27b04,A,27313,1,1,6BQS,1,A,evaluated,False,1,1,201,201,201,201,1.0,0,7f33b7d196ae82aee2824855d6ea73b37fc18297b9c30671f7187dc6805ef0a2,2026-09-13T16:18:29.982493+00:00
de941d00186751fef6862ab938750100b71582f8bff7ef133d0cc7aa0a4ed44f,A,30404,1,1,6CE5,1,A,evaluated,False,1,1,87,87,87,87,1.0,0,7f33b7d196ae82aee2824855d6ea73b37fc18297b9c30671f7187dc6805ef0a2,2026-09-13T16:18:31.527343+00:00
012e3742644be3792930bf978622222f4b3fdd60368b351170ed0043c3654064,A,27313,1,1,6CRL,1,A,evaluated,False,1,1,201,201,201,201,1.0,0,7f33b7d196ae82aee2824855d6ea73b37fc18297b9c30671f7187dc6805ef0a2,2026-09-13T16:18:35.543812+00:00
ba9e4cdb482840961c488c0ac3b7fbefcfb26e1ad997ff0cb5cd007601bdcc54,A,30404,1,1,6CUS,1,A,evaluated,False,1,1,87,87,87,87,1.0,0,7f33b7d196ae82aee2824855d6ea73b37fc18297b9c30671f7187dc6805ef0a2,2026-09-13T16:18:37.307928+00:00
263372b8603cc9dc3825224d39e4acad46e738d484bd0111f8636cdfe38cfd36,A,30404,1,1,6CV8,1,A,evaluated,False,1,1,87,87,87,87,1.0,0,7f33b7d196ae82aee2824855d6ea73b37fc18297b9c30671f7187dc6805ef0a2,2026-09-13T16:18:39.521455+00:00
43f53aec8d15b417f2537b4a8879a860f32a8e115fc20fb1c314eba5b941cffc,A,30404,1,1,6CW4,1,A,evaluated,False,1,1,87,87,87,87,1.0,0,7f33b7d196ae82aee2824855d6ea73b37fc18297b9c30671f7187dc6805ef0a2,2026-09-13T16:18:42.740180+00:00
47fd12a431b80487ef7b23c0d34ec0023f136d5fb48ef3a769c15b254f9f38d7,A,30456,1,1,6D6S,1,A,evaluated,False,1,1,432,432,432,443,0.9751693002257337,0,7f33b7d196ae82aee2824855d6ea73b37fc18297b9c30671f7187dc6805ef0a2,2026-09-13T16:18:55.383053+00:00
26340b292f740a5575e4e02222e10887cc0c73808109110771ded6d8701b8c3c,B,30456,1,1,6D6S,1,B,evaluated,False,1,1,432,432,432,443,0.9751693002257337,0,7f33b7d196ae82aee2824855d6ea73b37fc18297b9c30671f7187dc6805ef0a2,2026-09-13T16:18:57.250722+00:00
58c1396d572171b48cc84f4eaa0d27b58a2f6111acd3566ede477c28ec395f58,A,30478,1,1,6DO7,1,A,evaluated,False,1,1,135,135,135,135,1.0,0,7f33b7d196ae82aee2824855d6ea73b37fc18297b9c30671f7187dc6805ef0a2,2026-09-13T16:18:59.262410+00:00
49c3fe7de789ae830d22483783dd683936b877d2768c5ba863dd4ecf19f00277,A,30478,1,1,6DRG,1,A,evaluated,False,1,1,135,135,135,135,1.0,0,7f33b7d196ae82aee2824855d6ea73b37fc18297b9c30671f7187dc6805ef0a2,2026-09-13T16:19:00.868503+00:00
312649fc4b1bfc7401d056ea5df259e76d1021d1112c43bf8c24bcc193b2648f,A,30493,1,1,6E4H,1,A,evaluated,False,1,1,62,62,62,68,0.9117647058823529,0,7f33b7d196ae82aee2824855d6ea73b37fc18297b9c30671f7187dc6805ef0a2,2026-09-13T16:19:03.166876+00:00
7c8ebbd0c3c12c98e5a94dea284bab85cd84ef77a2e936bba1e8e04072debb8e,B,30493,1,1,6E4H,1,B,evaluated,False,1,1,62,62,62,68,0.9117647058823529,0,7f33b7d196ae82aee2824855d6ea73b37fc18297b9c30671f7187dc6805ef0a2,2026-09-13T16:19:03.386982+00:00
c725b0b2a3cb84d19ced52f9209490db6a217cd6a936eb07db9c8afc2ec4706d,A,30503,1,1,6E8W,1,A,evaluated,False,1,1,51,51,51,51,1.0,0,7f33b7d196ae82aee2824855d6ea73b37fc18297b9c30671f7187dc6805ef0a2,2026-09-13T16:19:05.677234+00:00
6f35a53086a64620ceb03fa49748c2bd5a6d2a77486af0066b9f773e1710997d,B,30503,1,1,6E8W,1,B,evaluated,False,1,1,51,51,51,51,1.0,0,7f33b7d196ae82aee2824855d6ea73b37fc18297b9c30671f7187dc6805ef0a2,2026-09-13T16:19:05.811399+00:00
b509233497a258631a35f8385b06889c8ed011885e68664394493ab867010070,C,30503,1,1,6E8W,1,C,evaluated,False,1,1,51,51,51,51,1.0,0,7f33b7d196ae82aee2824855d6ea73b37fc18297b9c30671f7187dc6805ef0a2,2026-09-13T16:19:05.962871+00:00
d4d2ed1cd1c4f6516b167df755989f0adfe0680bafa8039c78a31dd04e21bb15,A,34178,1,1,6EKA,1,A,evaluated,False,1,1,53,53,53,78,0.6794871794871795,0,7f33b7d196ae82aee2824855d6ea73b37fc18297b9c30671f7187dc6805ef0a2,2026-09-13T16:19:08.031276+00:00
63feee20fad4dc506d56d1a06098e73a0ffaed7f0396a905ef981c2ff5080175,B,34178,1,1,6EKA,1,B,evaluated,False,1,1,53,53,53,78,0.6794871794871795,0,7f33b7d196ae82aee2824855d6ea73b37fc18297b9c30671f7187dc6805ef0a2,2026-09-13T16:19:08.181747+00:00
dbf7d1b4b985dcf8c50358fedfcffa7e084d60f97505ca439ba8485a418be15a,C,34178,1,1,6EKA,1,C,evaluated,False,1,1,53,53,53,78,0.6794871794871795,0,7f33b7d196ae82aee2824855d6ea73b37fc18297b9c30671f7187dc6805ef0a2,2026-09-13T16:19:08.318483+00:00
1e3e922359eb98b0cbb95506d12acb71415c8cbd459eb3c85c34a4b073f78a7f,D,34178,1,1,6EKA,1,D,evaluated,False,1,1,53,53,53,78,0.6794871794871795,0,7f33b7d196ae82aee2824855d6ea73b37fc18297b9c30671f7187dc6805ef0a2,2026-09-13T16:19:08.543752+00:00
dc9c1cdf4d3ca174f7e4a38c7232d83d3cc1d3875e9c888c2fae0adf8de39a92,E,34178,1,1,6EKA,1,E,evaluated,False,1,1,53,53,53,78,0.6794871794871795,0,7f33b7d196ae82aee2824855d6ea73b37fc18297b9c30671f7187dc6805ef0a2,2026-09-13T16:19:08.776497+00:00
4a82642c0fe7066a81a3af87dac8df5b9a8e1ba35209b1f5d536f6f119c7b101,A,34188,1,1,6ES6,1,A,evaluated,False,1,1,45,45,45,45,1.0,0,7f33b7d196ae82aee2824855d6ea73b37fc18297b9c30671f7187dc6805ef0a2,2026-09-13T16:19:11.157298+00:00
889e26decb2a326f97994195c968f67772a27edcaf7c3818acc488faaabb71b4,B,34188,2,1,6ES6,2,B,evaluated,False,1,1,50,50,50,50,1.0,0,7f33b7d196ae82aee2824855d6ea73b37fc18297b9c30671f7187dc6805ef0a2,2026-09-13T16:19:11.404342+00:00
a1ee543a1fb5b585bf8b71db2b2d47798d5b09a02ea11e8a5cf0079d95b3ace9,A,27211,1,1,6F3K,1,A,evaluated,False,1,1,353,353,0,353,0.0,1412,7f33b7d196ae82aee2824855d6ea73b37fc18297b9c30671f7187dc6805ef0a2,2026-09-13T16:19:15.401353+00:00
06211aa77d3feff7a6c2b8bae93e95067fe58b746cb27cd3b8e00465ee79e66c,A,27432,1,1,6G8O,1,A,evaluated,False,1,1,69,69,69,69,1.0,0,7f33b7d196ae82aee2824855d6ea73b37fc18297b9c30671f7187dc6805ef0a2,2026-09-13T16:19:17.219788+00:00
aec79b9117c022b428f3f1b4499f75c294db790904eb9d263b64736d4ef8ba98,B,27432,1,1,6G8O,1,B,evaluated,False,1,1,69,69,69,69,1.0,0,7f33b7d196ae82aee2824855d6ea73b37fc18297b9c30671f7187dc6805ef0a2,2026-09-13T16:19:17.396674+00:00
8104adbffdf527e8db942c1f120887ccaa78d306a095d021577fc547abe548a4,A,16879,1,1,6GBD,1,A,evaluated,False,1,1,119,119,119,119,1.0,0,7f33b7d196ae82aee2824855d6ea73b37fc18297b9c30671f7187dc6805ef0a2,2026-09-13T16:19:19.737009+00:00
b79fe2cfcc4a1436bb66f1d304a16bce2c5ab698e7e6ef461ec6e1ca9f12cf6c,A,16879,1,1,6GBE,1,A,evaluated,False,1,1,119,119,119,119,1.0,0,7f33b7d196ae82aee2824855d6ea73b37fc18297b9c30671f7187dc6805ef0a2,2026-09-13T16:19:22.245181+00:00
6d7c230ea31a6ecdf339edbbb2f581f83e54e0bc1b1c2793cb4ce191336dd1f0,B,34290,2,1,6GVQ,2,B,evaluated,False,1,1,115,115,115,115,1.0,0,7f33b7d196ae82aee2824855d6ea73b37fc18297b9c30671f7187dc6805ef0a2,2026-09-13T16:19:25.841314+00:00
8f95b792f534a7529328f84f2973b3887639a2fd5bedeefb3f015114d16275d5,B,34290,2,1,6GVT,2,B,evaluated,False,1,1,115,115,115,115,1.0,0,7f33b7d196ae82aee2824855d6ea73b37fc18297b9c30671f7187dc6805ef0a2,2026-09-13T16:19:28.842556+00:00
322dfa24d7573e397d61e40fa7f4f6426249d3db1f255bc8846c3bbe4164456e,A,18632,1,1,6I9F,1,A,evaluated,False,1,1,155,155,155,155,1.0,0,7f33b7d196ae82aee2824855d6ea73b37fc18297b9c30671f7187dc6805ef0a2,2026-09-13T16:19:32.447331+00:00
95ff41891f3d44e614d9f4aee8517fb5b6cde662c338fe06dc331744ebc31ab9,A,18632,1,2,6I9F,1,A,evaluated,False,1,1,155,155,155,155,1.0,0,7f33b7d196ae82aee2824855d6ea73b37fc18297b9c30671f7187dc6805ef0a2,2026-09-13T16:19:32.921948+00:00
b149387e327905da79f3492327a648dfe686bc6376e43dff3527440e01c6b934,A,36294,1,1,6L8V,1,A,evaluated,False,1,1,81,81,81,81,1.0,0,7f33b7d196ae82aee2824855d6ea73b37fc18297b9c30671f7187dc6805ef0a2,2026-09-13T16:19:35.140778+00:00
f7b173bef0ef4ebacb676ed0cc79e69edfa728c358b7aa38f4340340bca96079,B,36294,1,1,6L8V,1,B,evaluated,False,1,1,81,81,81,81,1.0,0,7f33b7d196ae82aee2824855d6ea73b37fc18297b9c30671f7187dc6805ef0a2,2026-09-13T16:19:35.337863+00:00
138de5df62c79ec7095a6a7ebc3fed768c8c97f4fc9a1d96d913274b31722886,B,36312,1,1,6LUL,1,A,evaluated,False,1,1,224,224,223,239,0.9330543933054394,1,7f33b7d196ae82aee2824855d6ea73b37fc18297b9c30671f7187dc6805ef0a2,2026-09-13T16:19:42.548880+00:00
510b715dd3dcf20b8b98bb66b4891b0b6f5ba9ef07b843e39d7be9e7c3fb60b4,A,36312,1,1,6LUL,1,B,evaluated,False,1,1,224,224,223,239,0.9330543933054394,1,7f33b7d196ae82aee2824855d6ea73b37fc18297b9c30671f7187dc6805ef0a2,2026-09-13T16:19:43.122373+00:00
9cbb67d640e557cd4646755f823c2dcafd3d04b9c39ec21bc26d2091bed5b07d,A,30543,1,1,6N2M,1,A,evaluated,False,1,1,142,142,142,142,1.0,0,7f33b7d196ae82aee2824855d6ea73b37fc18297b9c30671f7187dc6805ef0a2,2026-09-13T16:19:47.453106+00:00
f5d15a13de86d4fc800560959a4fae3c1ff990640a2ed8661a890e70ff39c179,A,30543,1,2,6N2M,1,A,evaluated,False,1,1,142,142,142,142,1.0,0,7f33b7d196ae82aee2824855d6ea73b37fc18297b9c30671f7187dc6805ef0a2,2026-09-13T16:19:47.860974+00:00
13836ff28dffe18e6e45cdb9e8040c22dc4aa3768734b2e31de0dcb19d89b5e8,B,30543,1,1,6N2M,1,B,evaluated,False,1,1,142,142,142,142,1.0,0,7f33b7d196ae82aee2824855d6ea73b37fc18297b9c30671f7187dc6805ef0a2,2026-09-13T16:19:48.261113+00:00
2fc88d200b6f8cd2611fa3b7406d902c42c0366c24985c725a2b7816162a2caf,B,30543,1,2,6N2M,1,B,evaluated,False,1,1,142,142,142,142,1.0,0,7f33b7d196ae82aee2824855d6ea73b37fc18297b9c30671f7187dc6805ef0a2,2026-09-13T16:19:48.646676+00:00
2232f16c67b3a7fde67d844f126f67d99618589c2d6d61fcf92c9744c46fee7c,A,30573,1,1,6O0C,1,A,evaluated,False,1,1,96,96,96,96,1.0,0,7f33b7d196ae82aee2824855d6ea73b37fc18297b9c30671f7187dc6805ef0a2,2026-09-13T16:19:51.130066+00:00
e4f672a5e2d18a935e92dd9794afeb8c03875299298342d418da1ff787fd7716,B,30573,1,1,6O0C,1,B,evaluated,False,1,1,96,96,96,96,1.0,0,7f33b7d196ae82aee2824855d6ea73b37fc18297b9c30671f7187dc6805ef0a2,2026-09-13T16:19:51.376486+00:00
489bf15b12d6d9cb720d5ef92911b674f3be9227799d3edb5499f0cb60ec5490,C,30573,1,1,6O0C,1,C,evaluated,False,1,1,96,96,96,96,1.0,0,7f33b7d196ae82aee2824855d6ea73b37fc18297b9c30671f7187dc6805ef0a2,2026-09-13T16:19:51.642605+00:00
6185b6d29caaf1775593f489d10726d7017c2dae3c3f6c6ba706a0e9c3a4cd8e,A,30574,1,1,6O0I,1,A,evaluated,False,1,1,98,98,98,98,1.0,0,7f33b7d196ae82aee2824855d6ea73b37fc18297b9c30671f7187dc6805ef0a2,2026-09-13T16:19:55.028293+00:00
41dd8333fb2fb0aecfe701bb9e647170ab6fb10a620979c0d58b68dc954eda6f,B,30574,1,1,6O0I,1,B,evaluated,False,1,1,98,98,98,98,1.0,0,7f33b7d196ae82aee2824855d6ea73b37fc18297b9c30671f7187dc6805ef0a2,2026-09-13T16:19:55.453493+00:00
73558a6cd0790a378e712ecd95c9a7a6644b45deca6bb0e1bfab0d275436c259,C,30574,1,1,6O0I,1,C,evaluated,False,1,1,98,98,98,98,1.0,0,7f33b7d196ae82aee2824855d6ea73b37fc18297b9c30671f7187dc6805ef0a2,2026-09-13T16:19:55.849367+00:00
e60c45cba2a7e376fc11bbee8c23fbf2c6f9d6bc386fa5ab6ae8eeaf9918e1e1,A,27284,1,1,6OCV,1,A,evaluated,False,1,1,190,190,190,190,1.0,0,7f33b7d196ae82aee2824855d6ea73b37fc18297b9c30671f7187dc6805ef0a2,2026-09-13T16:19:59.435105+00:00
27330ca552339951153ddedc9623cf30567f076cbaaa026ed6736da66adf44c3,A,30602,1,1,6OQ2,1,B,evaluated,False,1,1,76,76,76,76,1.0,0,7f33b7d196ae82aee2824855d6ea73b37fc18297b9c30671f7187dc6805ef0a2,2026-09-13T16:20:00.938422+00:00
dc4d421037f46421d10cffe0737e5983a62975d718ebeb75352814b6e0d68fd1,B,30602,2,2,6OQ2,2,D,evaluated,False,1,1,76,76,76,76,1.0,0,7f33b7d196ae82aee2824855d6ea73b37fc18297b9c30671f7187dc6805ef0a2,2026-09-13T16:20:01.173537+00:00
618dac20ff6a97b5d8f0df35f54d7238f216dc4e320367cb29d7a21611e7ce62,A,34334,1,1,6Q2Z,1,A,evaluated,False,1,1,60,60,60,60,1.0,0,7f33b7d196ae82aee2824855d6ea73b37fc18297b9c30671f7187dc6805ef0a2,2026-09-13T16:20:03.311721+00:00
349698783d6ffdc883683eea4bd50523420e5bbd465df976fdcb3d4cbc892004,B,34334,1,1,6Q2Z,1,B,evaluated,False,1,1,60,60,60,60,1.0,0,7f33b7d196ae82aee2824855d6ea73b37fc18297b9c30671f7187dc6805ef0a2,2026-09-13T16:20:03.484145+00:00
3b4a13248a3cdff7ccd4754cd7ba6629261cfdbe37d5ea15fb30f8bef7b6f898,A,27211,1,1,6R8N,1,A,evaluated,False,1,1,353,353,353,353,1.0,0,7f33b7d196ae82aee2824855d6ea73b37fc18297b9c30671f7187dc6805ef0a2,2026-09-13T16:20:08.249688+00:00
553b53f8a8a4b8e64a33b3182223955984d1a7b171888d4152fe97fd65944fbb,B,27211,1,1,6R8N,1,B,evaluated,False,1,1,353,353,353,353,1.0,0,7f33b7d196ae82aee2824855d6ea73b37fc18297b9c30671f7187dc6805ef0a2,2026-09-13T16:20:09.478434+00:00
0ebd72fcfab17136703b837fb407ed808e816042e1683d7f7db521d87f9e5dd9,C,27211,1,1,6R8N,1,C,evaluated,False,1,1,353,353,353,353,1.0,0,7f33b7d196ae82aee2824855d6ea73b37fc18297b9c30671f7187dc6805ef0a2,2026-09-13T16:20:10.582364+00:00
12f9b0d0b7b0cc5d324d57ae7f8bd8660501b33bf8ed7f23f30b5366f9146d50,D,27211,1,1,6R8N,1,D,evaluated,False,1,1,353,353,353,353,1.0,0,7f33b7d196ae82aee2824855d6ea73b37fc18297b9c30671f7187dc6805ef0a2,2026-09-13T16:20:11.864545+00:00
62c20f173e96f5df1360b78d56020184882dbe30198c196a2c490b226921a938,E,27211,1,1,6R8N,1,E,evaluated,False,1,1,353,353,353,353,1.0,0,7f33b7d196ae82aee2824855d6ea73b37fc18297b9c30671f7187dc6805ef0a2,2026-09-13T16:20:12.739637+00:00
23c730d98e94ef29f03488fea3733f84f07c57941bfcc246a5e21d88427afe16,F,27211,1,1,6R8N,1,F,evaluated,False,1,1,353,353,353,353,1.0,0,7f33b7d196ae82aee2824855d6ea73b37fc18297b9c30671f7187dc6805ef0a2,2026-09-13T16:20:13.575141+00:00
616e6d028f74584da359265aac0819f377e281758a9519ca6824f8c753fe8d3d,G,27211,1,1,6R8N,1,G,evaluated,False,1,1,353,353,353,353,1.0,0,7f33b7d196ae82aee2824855d6ea73b37fc18297b9c30671f7187dc6805ef0a2,2026-09-13T16:20:14.331213+00:00
1f0b08e9ef1f4ea1f9f0310de135e58fe2d1718a071af4e6fd13f69d0071a043,H,27211,1,1,6R8N,1,H,evaluated,False,1,1,353,353,353,353,1.0,0,7f33b7d196ae82aee2824855d6ea73b37fc18297b9c30671f7187dc6805ef0a2,2026-09-13T16:20:15.052304+00:00
4ca33917cb51bfb86d721afbd79d80975613357364a347f39ed6ea533d30956f,I,27211,1,1,6R8N,1,I,evaluated,False,1,1,353,353,353,353,1.0,0,7f33b7d196ae82aee2824855d6ea73b37fc18297b9c30671f7187dc6805ef0a2,2026-09-13T16:20:15.831777+00:00
d7fb86bd27300ee54b37213075ee80a071cf0e3a9fcacf002a67b90d1e236f44,J,27211,1,1,6R8N,1,J,evaluated,False,1,1,353,353,353,353,1.0,0,7f33b7d196ae82aee2824855d6ea73b37fc18297b9c30671f7187dc6805ef0a2,2026-09-13T16:20:16.632357+00:00
e4f6c642b2820fd9231f4c0afc462faf56a204c86cfbb9806a63c1e81fba19b4,K,27211,1,1,6R8N,1,K,evaluated,False,1,1,353,353,353,353,1.0,0,7f33b7d196ae82aee2824855d6ea73b37fc18297b9c30671f7187dc6805ef0a2,2026-09-13T16:20:17.358667+00:00
f833a28e11f47287605a64a089d42f8ac22cf05f956a832ada3fd737af3fe5c4,L,27211,1,1,6R8N,1,L,evaluated,False,1,1,353,353,353,353,1.0,0,7f33b7d196ae82aee2824855d6ea73b37fc18297b9c30671f7187dc6805ef0a2,2026-09-13T16:20:18.130394+00:00
9915435cf39deea341f5ec069d6c95c847a2f8e7b061418811a1d6251ecd86f7,A,34446,1,1,6TDD,1,A,evaluated,False,1,1,45,45,45,45,1.0,0,7f33b7d196ae82aee2824855d6ea73b37fc18297b9c30671f7187dc6805ef0a2,2026-09-13T16:20:20.274879+00:00
f4384b95db0a2b0e3048180ff496c1d8b3a213e893bf716a057bca44c21e82e5,B,34446,1,1,6TDD,1,B,evaluated,False,1,1,45,45,45,45,1.0,0,7f33b7d196ae82aee2824855d6ea73b37fc18297b9c30671f7187dc6805ef0a2,2026-09-13T16:20:20.448774+00:00
5cb22124be6696005f567c7995522607e96ff8fe11999f1dcf4057578a0d39cc,A,34447,1,1,6TDM,1,A,evaluated,False,1,1,64,64,64,64,1.0,0,7f33b7d196ae82aee2824855d6ea73b37fc18297b9c30671f7187dc6805ef0a2,2026-09-13T16:20:23.494626+00:00
1ba54db877ed8e61d18b0693d70274cfc96f5146834a8753e0afcd24804278c1,B,34447,1,1,6TDM,1,B,evaluated,False,1,1,64,64,64,64,1.0,0,7f33b7d196ae82aee2824855d6ea73b37fc18297b9c30671f7187dc6805ef0a2,2026-09-13T16:20:23.893979+00:00
51e91b24ae5d9ef18c059374888af60c2b1f0df824cbade110a02d8d14aaa618,A,34448,1,1,6TDN,1,A,evaluated,False,1,1,87,87,87,87,1.0,0,7f33b7d196ae82aee2824855d6ea73b37fc18297b9c30671f7187dc6805ef0a2,2026-09-13T16:20:28.331345+00:00
69d935071a363b0adcea658daefbd75dfe5116dee5907441f2ca0bb810637391,B,34448,1,1,6TDN,1,B,evaluated,False,1,1,87,87,87,87,1.0,0,7f33b7d196ae82aee2824855d6ea73b37fc18297b9c30671f7187dc6805ef0a2,2026-09-13T16:20:28.617558+00:00
6c70c4a7ca1bbca2fe2367f48f909858afc56cbaa04ed5079ff6a2ab76952555,A,34457,1,1,6TIQ,1,A,evaluated,False,1,1,285,285,285,291,0.979381443298969,0,7f33b7d196ae82aee2824855d6ea73b37fc18297b9c30671f7187dc6805ef0a2,2026-09-13T16:20:33.257368+00:00
35c1acb475cd9b2b8d07201c0bfc1ac3beeb837e63a709375d85d92df01efdd7,A,34457,1,1,6TIR,1,A,evaluated,False,1,1,285,285,285,291,0.979381443298969,0,7f33b7d196ae82aee2824855d6ea73b37fc18297b9c30671f7187dc6805ef0a2,2026-09-13T16:20:36.310086+00:00
c1922905d52fdb8b95cb55f335ac6556d7a9b1fd06c8501cc7600abf9fdb8752,A,34473,1,1,6TV5,1,A,evaluated,False,1,1,137,137,137,137,1.0,0,7f33b7d196ae82aee2824855d6ea73b37fc18297b9c30671f7187dc6805ef0a2,2026-09-13T16:20:42.268142+00:00
73e2f8293e8f133cf27fd9a2e6803ce80e2c1675f63d22cbfad43bd1d26888f8,B,34473,1,1,6TV5,1,B,evaluated,False,1,1,137,137,137,137,1.0,0,7f33b7d196ae82aee2824855d6ea73b37fc18297b9c30671f7187dc6805ef0a2,2026-09-13T16:20:42.668084+00:00
85774ef853238af89a8827663a3f62ce19f6eb7bc47e737fc56558231247975b,A,34475,1,1,6TVM,1,A,evaluated,False,1,1,128,128,128,128,1.0,0,7f33b7d196ae82aee2824855d6ea73b37fc18297b9c30671f7187dc6805ef0a2,2026-09-13T16:20:48.985483+00:00
30a266158e3ed1dba5254926e73ba5d254b7ff1d14b082c2ebd41416fb79755d,B,34475,1,1,6TVM,1,B,evaluated,False,1,1,128,128,128,128,1.0,0,7f33b7d196ae82aee2824855d6ea73b37fc18297b9c30671f7187dc6805ef0a2,2026-09-13T16:20:49.385519+00:00
7f02c47c8bf53cc508fced2b91d3058bfd102f5eb4c47f4aa0000946c33248ee,A,19984,1,1,6TWE,1,A,evaluated,False,1,1,172,172,172,172,1.0,0,7f33b7d196ae82aee2824855d6ea73b37fc18297b9c30671f7187dc6805ef0a2,2026-09-13T16:20:54.268554+00:00
83f2d1b9e76c3e726910b707f2ba1739fe3c6f526dd2cf957c8a1acbd8e8fde2,A,27893,1,1,6TWR,1,A,evaluated,False,1,1,169,169,169,175,0.9657142857142857,0,7f33b7d196ae82aee2824855d6ea73b37fc18297b9c30671f7187dc6805ef0a2,2026-09-13T16:20:59.811141+00:00
1db5ecb6ba0a06463e89c1190af6fb0f1a0f9fc915a03d8b2b4aa9e82e611503,B,27893,1,1,6TWR,1,B,evaluated,False,1,1,169,169,169,175,0.9657142857142857,0,7f33b7d196ae82aee2824855d6ea73b37fc18297b9c30671f7187dc6805ef0a2,2026-09-13T16:21:00.260369+00:00
cc493185ba5cb834a5b682ead34a06be301f63e7861e392a22d9f69370081227,A,30375,1,1,6U1L,1,A,evaluated,False,1,1,258,258,258,258,1.0,0,7f33b7d196ae82aee2824855d6ea73b37fc18297b9c30671f7187dc6805ef0a2,2026-09-13T16:21:02.746864+00:00
1c88c9d492fb721fc95349bc3692a8a1ba48209defafe23f4ac86827d6b960bd,A,30375,1,1,6U1O,1,A,evaluated,False,1,1,258,258,258,258,1.0,0,7f33b7d196ae82aee2824855d6ea73b37fc18297b9c30671f7187dc6805ef0a2,2026-09-13T16:21:06.581878+00:00
f8801f7da1a8fc4961ee8fbfec8e5427d53867da9c1869592c016a58d13bcc1b,A,30661,1,1,6U6P,1,A,evaluated,False,1,1,81,81,81,81,1.0,0,7f33b7d196ae82aee2824855d6ea73b37fc18297b9c30671f7187dc6805ef0a2,2026-09-13T16:21:09.155923+00:00
a55d65c006dc8cdfba931be53ea30339bfdc066e2b29490128c2abaf85b077db,B,30661,1,1,6U6P,1,B,evaluated,False,1,1,81,81,81,81,1.0,0,7f33b7d196ae82aee2824855d6ea73b37fc18297b9c30671f7187dc6805ef0a2,2026-09-13T16:21:09.478144+00:00
232dc0d4579e239acc52be633d42f5d5a3ed0ede129449d7ed2773927758e77f,A,30662,1,1,6U6Q,1,A,evaluated,False,1,1,66,66,66,85,0.7764705882352941,0,7f33b7d196ae82aee2824855d6ea73b37fc18297b9c30671f7187dc6805ef0a2,2026-09-13T16:21:10.896779+00:00
b4ed69db36f11f96de23a2a3ea72934c353401d95c19cba6abfec559d44eed2d,B,30662,1,1,6U6Q,1,B,evaluated,False,1,1,66,66,66,85,0.7764705882352941,0,7f33b7d196ae82aee2824855d6ea73b37fc18297b9c30671f7187dc6805ef0a2,2026-09-13T16:21:11.068796+00:00
773cf8c81292198759781d0e75723d22da14ef418dfcf1d69f0706f5627bef23,A,30663,1,1,6U6R,1,A,evaluated,False,1,1,44,44,44,65,0.676923076923077,0,7f33b7d196ae82aee2824855d6ea73b37fc18297b9c30671f7187dc6805ef0a2,2026-09-13T16:21:12.242149+00:00
abea75517bc7a037d874239da76028f13d076c0b6a53b5b44128fbe006c4ffc0,B,30663,1,1,6U6R,1,B,evaluated,False,1,1,44,44,44,65,0.676923076923077,0,7f33b7d196ae82aee2824855d6ea73b37fc18297b9c30671f7187dc6805ef0a2,2026-09-13T16:21:12.376113+00:00
ddea739f54ab1f1983dec2fe82ae6dd9499b40367d7648e918d3afc7d5926aa0,A,30664,1,1,6U6S,1,A,evaluated,False,1,1,44,44,44,85,0.5176470588235295,0,7f33b7d196ae82aee2824855d6ea73b37fc18297b9c30671f7187dc6805ef0a2,2026-09-13T16:21:13.427532+00:00
c409500c21cff0e5a72a7ff6d447f1c6ed8726640d6ae25cfb5ab90214093e86,B,30664,1,1,6U6S,1,B,evaluated,False,1,1,44,44,44,85,0.5176470588235295,0,7f33b7d196ae82aee2824855d6ea73b37fc18297b9c30671f7187dc6805ef0a2,2026-09-13T16:21:13.536126+00:00
42469ab3e01fbffbf849a57a2413f6193e91e38ab02e3201572ab60e5481debb,A,50007,1,2,6UCJ,1,A,evaluated,False,1,1,67,67,67,72,0.9305555555555556,0,7f33b7d196ae82aee2824855d6ea73b37fc18297b9c30671f7187dc6805ef0a2,2026-09-13T16:21:16.065755+00:00
a5efd9561eba14394fb171abd93b805cadb843e59e3bc32f79988d112931b20b,A,50007,1,2,6UCK,1,A,evaluated,False,1,1,67,67,67,72,0.9305555555555556,0,7f33b7d196ae82aee2824855d6ea73b37fc18297b9c30671f7187dc6805ef0a2,2026-09-13T16:21:17.522034+00:00
98672e8c3a3caf932f5f6920667c426b20745993b8f5d3be86ed08330c0fd31c,A,30677,1,1,6UHW,1,A,evaluated,False,1,1,139,139,139,139,1.0,0,7f33b7d196ae82aee2824855d6ea73b37fc18297b9c30671f7187dc6805ef0a2,2026-09-13T16:21:21.909337+00:00
c6a2b28a94effac1beed8295c4ea83786ba7818a5abe1d11cc06526dd0abe1d9,B,30677,1,1,6UHW,1,B,evaluated,False,1,1,139,139,139,139,1.0,0,7f33b7d196ae82aee2824855d6ea73b37fc18297b9c30671f7187dc6805ef0a2,2026-09-13T16:21:22.502465+00:00
b5097ecb30a96271b017cdf2c77b321bf2000e90d1363b0da1c1e9f0c85266df,A,30678,1,1,6UJU,1,A,evaluated,False,1,1,90,90,90,112,0.8035714285714286,0,7f33b7d196ae82aee2824855d6ea73b37fc18297b9c30671f7187dc6805ef0a2,2026-09-13T16:21:26.503357+00:00
64b8a1b33dababc82b58248895f5cb34cce1d22a8854491abdcc495afad16ddb,B,30678,1,1,6UJU,1,B,evaluated,False,1,1,90,90,90,112,0.8035714285714286,0,7f33b7d196ae82aee2824855d6ea73b37fc18297b9c30671f7187dc6805ef0a2,2026-09-13T16:21:26.774260+00:00
f1b5e115b723a6b2cadcc944eb1099975618f8dc34e8d03047e29649bd09faa9,C,30678,1,1,6UJU,1,C,evaluated,False,1,1,90,90,90,112,0.8035714285714286,0,7f33b7d196ae82aee2824855d6ea73b37fc18297b9c30671f7187dc6805ef0a2,2026-09-13T16:21:27.045642+00:00
79a56be8d72b3b778bc1f6a2f4b7abf07c4409fcab2ba9954bf0921a558d25db,C,28042,1,1,6UYI,3,A,evaluated,False,1,1,113,113,113,136,0.8308823529411765,0,7f33b7d196ae82aee2824855d6ea73b37fc18297b9c30671f7187dc6805ef0a2,2026-09-13T16:21:30.661022+00:00
96b836f7f52b10742faf705a5243ad36cb5927c2095186b800e75f14a84f5dad,C,28042,1,1,6UYJ,3,A,evaluated,False,1,1,113,113,113,136,0.8308823529411765,0,7f33b7d196ae82aee2824855d6ea73b37fc18297b9c30671f7187dc6805ef0a2,2026-09-13T16:21:33.866153+00:00
813127b11595148dc07f31a30c677d2e5ac311107e1605bde5e49d52144bd8a6,A,30503,1,1,6V4T,1,A,evaluated,False,1,1,51,51,51,51,1.0,0,7f33b7d196ae82aee2824855d6ea73b37fc18297b9c30671f7187dc6805ef0a2,2026-09-13T16:21:37.044927+00:00
2902605b839e39971bb8d4c75ae1e75e66920a6ff717ba30aff281cc5c9f074f,B,30503,1,1,6V4T,1,B,evaluated,False,1,1,51,51,51,51,1.0,0,7f33b7d196ae82aee2824855d6ea73b37fc18297b9c30671f7187dc6805ef0a2,2026-09-13T16:21:37.261993+00:00
917316d5dc44d3e8848ea24c729dd0b2977dc1e03f5196fceb2fe52168df5dcc,C,30503,1,1,6V4T,1,C,evaluated,False,1,1,51,51,51,51,1.0,0,7f33b7d196ae82aee2824855d6ea73b37fc18297b9c30671f7187dc6805ef0a2,2026-09-13T16:21:37.472405+00:00
d52425580b166f03d4cb12b684c5a0379a9abf01ae66230e0664308b15f2cba6,A,30696,1,1,6V88,1,A,evaluated,False,1,1,116,116,116,116,1.0,0,7f33b7d196ae82aee2824855d6ea73b37fc18297b9c30671f7187dc6805ef0a2,2026-09-13T16:21:41.340597+00:00
8e086cc116e7013bc43f2bce9792bf2f6ba62bf87483e876a06881acc6eb8551,B,30696,1,1,6V88,1,B,evaluated,False,1,1,116,116,116,116,1.0,0,7f33b7d196ae82aee2824855d6ea73b37fc18297b9c30671f7187dc6805ef0a2,2026-09-13T16:21:41.660518+00:00
62ea4aa27402e8da5e0b44dd1e707235be08258303ffc2d98f4ac96d243824cc,A,30737,1,1,6WA1,1,A,evaluated,False,1,1,94,94,94,94,1.0,0,7f33b7d196ae82aee2824855d6ea73b37fc18297b9c30671f7187dc6805ef0a2,2026-09-13T16:21:45.373357+00:00
39f84c80216565d490da5ea252aaba72df710efbceba88b547bcaeddc06be4d3,B,30737,1,1,6WA1,1,B,evaluated,False,1,1,94,94,94,94,1.0,0,7f33b7d196ae82aee2824855d6ea73b37fc18297b9c30671f7187dc6805ef0a2,2026-09-13T16:21:45.651268+00:00
bf5e6d667026b6f6019dace79ab68a69b40580d2c769e0f7b91a40620fac98f0,A,27284,1,1,6WQE,1,A,evaluated,False,1,1,190,190,190,190,1.0,0,7f33b7d196ae82aee2824855d6ea73b37fc18297b9c30671f7187dc6805ef0a2,2026-09-13T16:21:48.779660+00:00
46d79fb2094f63e445c5a44c9ef1dfdc5c100f46284875d240990b9601f6ec13,A,30768,1,1,6XOR,1,A,evaluated,False,1,1,71,71,71,71,1.0,0,7f33b7d196ae82aee2824855d6ea73b37fc18297b9c30671f7187dc6805ef0a2,2026-09-13T16:21:52.382878+00:00
06bc7c44b3cc35640f6ec78ae680bc09f1a419fa54a92a1eabc9f79586464bcd,B,30768,1,1,6XOR,1,B,evaluated,False,1,1,71,71,71,71,1.0,0,7f33b7d196ae82aee2824855d6ea73b37fc18297b9c30671f7187dc6805ef0a2,2026-09-13T16:21:52.721254+00:00
8d2d9b19471b46d69e652e8899b6357c41244d07ab3b049f4225a8acc58d17fa,A,34487,1,1,6XYV,1,A,evaluated,False,1,1,54,54,54,54,1.0,0,7f33b7d196ae82aee2824855d6ea73b37fc18297b9c30671f7187dc6805ef0a2,2026-09-13T16:21:54.120925+00:00
6132153ef0ababa18ab49ad07de2827c27212fbcbfba04ffab06b3290ebc1cad,A,34494,1,1,6Y8V,1,A,evaluated,False,1,1,70,70,70,70,1.0,0,7f33b7d196ae82aee2824855d6ea73b37fc18297b9c30671f7187dc6805ef0a2,2026-09-13T16:21:56.209425+00:00
3b5b24806acfb40d4f3c6634e78a7a2e55a793b997abe53e7bdbd1694c4c0ca7,B,34494,1,1,6Y8V,1,B,evaluated,False,1,1,70,70,70,70,1.0,0,7f33b7d196ae82aee2824855d6ea73b37fc18297b9c30671f7187dc6805ef0a2,2026-09-13T16:21:56.416704+00:00
2bcd0e9531e57c7513bfab0f0d045657f20eb6619484bc9d3e95e6ffbb381260,A,34495,1,1,6Y8W,1,A,evaluated,False,1,1,70,70,70,70,1.0,0,7f33b7d196ae82aee2824855d6ea73b37fc18297b9c30671f7187dc6805ef0a2,2026-09-13T16:21:58.443162+00:00
6b7643c606d8180bcb0f1fcf8db6cefc86becb5830336eb6d0a7e815c44f0018,B,34495,1,1,6Y8W,1,B,evaluated,False,1,1,70,70,70,70,1.0,0,7f33b7d196ae82aee2824855d6ea73b37fc18297b9c30671f7187dc6805ef0a2,2026-09-13T16:21:58.677749+00:00
34a8b874b28e573cf8b6b45536b24c95eef8f57ac3b40dd1433ca273d59fe769,A,34511,1,1,6YI3,1,A,evaluated,False,1,1,140,140,140,140,1.0,0,7f33b7d196ae82aee2824855d6ea73b37fc18297b9c30671f7187dc6805ef0a2,2026-09-13T16:22:02.554811+00:00
9c8d86893842297ad0dd9c5053388872bab9c620c15626a60884f67509143161,A,27468,1,1,6YQ5,1,A,evaluated,False,1,1,172,172,172,185,0.9297297297297298,0,7f33b7d196ae82aee2824855d6ea73b37fc18297b9c30671f7187dc6805ef0a2,2026-09-13T16:22:17.298512+00:00
47c3be46c599dac426ee929a1761783796a31bbc7fa1a0b2144603fe84299208,B,27468,1,1,6YQ5,1,B,evaluated,False,1,1,172,172,172,185,0.9297297297297298,0,7f33b7d196ae82aee2824855d6ea73b37fc18297b9c30671f7187dc6805ef0a2,2026-09-13T16:22:17.683941+00:00
e819d319224d0482121d0524567d7b8d5de439eaba55ea96af1c4ea6da779294,C,27468,1,1,6YQ5,1,C,evaluated,False,1,1,172,172,172,185,0.9297297297297298,0,7f33b7d196ae82aee2824855d6ea73b37fc18297b9c30671f7187dc6805ef0a2,2026-09-13T16:22:18.092282+00:00
be97fa8011b62e5811d45b783d2c451f61d95394e8f42c99d77d72a0f80432f4,D,27468,1,1,6YQ5,1,D,evaluated,False,1,1,172,172,172,185,0.9297297297297298,0,7f33b7d196ae82aee2824855d6ea73b37fc18297b9c30671f7187dc6805ef0a2,2026-09-13T16:22:18.473456+00:00
53a9016834b3fd191e480e382191d189799afcca3c0f46cea3e31a073037dc85,E,27468,1,1,6YQ5,1,E,evaluated,False,1,1,172,172,172,185,0.9297297297297298,0,7f33b7d196ae82aee2824855d6ea73b37fc18297b9c30671f7187dc6805ef0a2,2026-09-13T16:22:18.973049+00:00
b610823cb59e336ec90edd46402ea609e4230b832a0abd2120bd5318435921a3,F,27468,1,1,6YQ5,1,F,evaluated,False,1,1,172,172,172,185,0.9297297297297298,0,7f33b7d196ae82aee2824855d6ea73b37fc18297b9c30671f7187dc6805ef0a2,2026-09-13T16:22:19.558249+00:00
9e295cbff992b3c6f2715395e4f82d4f98851c4cc6f0e416c5fa55c4b1f5ccb1,G,27468,1,1,6YQ5,1,G,evaluated,False,1,1,172,172,172,185,0.9297297297297298,0,7f33b7d196ae82aee2824855d6ea73b37fc18297b9c30671f7187dc6805ef0a2,2026-09-13T16:22:20.178817+00:00
a40b85f816b4e67dc85147c6aa8c777e0db39295929efbc2df93b6932b6f687e,H,27468,1,1,6YQ5,1,H,evaluated,False,1,1,172,172,172,185,0.9297297297297298,0,7f33b7d196ae82aee2824855d6ea73b37fc18297b9c30671f7187dc6805ef0a2,2026-09-13T16:22:20.777712+00:00
f48f9a51382a6a3ee7cd9644f8ce331a23bbc32059b7364fcccc6eff9d948eb2,I,27468,1,1,6YQ5,1,I,evaluated,False,1,1,172,172,172,185,0.9297297297297298,0,7f33b7d196ae82aee2824855d6ea73b37fc18297b9c30671f7187dc6805ef0a2,2026-09-13T16:22:21.362839+00:00
4be9927e1decb0cc60ae0cfb6d4176cf59e6700bbb7d49d01452169b290eaaa7,J,27468,1,1,6YQ5,1,J,evaluated,False,1,1,172,172,172,185,0.9297297297297298,0,7f33b7d196ae82aee2824855d6ea73b37fc18297b9c30671f7187dc6805ef0a2,2026-09-13T16:22:21.937181+00:00
dcd2e68bb0a8e6a0e0154932eac9848a31e11f07976b5ae2c794eb0f44908b7d,K,27468,1,1,6YQ5,1,K,evaluated,False,1,1,172,172,172,185,0.9297297297297298,0,7f33b7d196ae82aee2824855d6ea73b37fc18297b9c30671f7187dc6805ef0a2,2026-09-13T16:22:22.549163+00:00
c196c42eb6d7d72cd8f525098cfa312427c839b522e4bc61c480617319f83679,L,27468,1,1,6YQ5,1,L,evaluated,False,1,1,172,172,172,185,0.9297297297297298,0,7f33b7d196ae82aee2824855d6ea73b37fc18297b9c30671f7187dc6805ef0a2,2026-09-13T16:22:23.193419+00:00
8d4423096aade491897bc009114cc78fbc97a8e34397789ed6e66a043c41ab7d,A,34515,1,1,6YW8,1,A,evaluated,False,1,1,118,118,118,118,1.0,0,7f33b7d196ae82aee2824855d6ea73b37fc18297b9c30671f7187dc6805ef0a2,2026-09-13T16:22:27.395501+00:00
736d2e624c75fe7a263c272cd373ffc4ea5448efea68078ddb28295f61e63d09,B,34515,1,1,6YW8,1,B,evaluated,False,1,1,118,118,118,118,1.0,0,7f33b7d196ae82aee2824855d6ea73b37fc18297b9c30671f7187dc6805ef0a2,2026-09-13T16:22:27.678409+00:00
3f7939e6cce39cf951190727295b107b34d09c332a5fb07c1c7803dd387caa7a,A,34522,1,1,6ZDB,1,A,evaluated,False,1,1,129,129,128,129,0.9922480620155039,1,7f33b7d196ae82aee2824855d6ea73b37fc18297b9c30671f7187dc6805ef0a2,2026-09-13T16:22:30.827927+00:00
7d71fa59a3d3d05a7ebe58b80f4d8586338c204e8b56d935f1e3f969115becc2,B,34522,1,1,6ZDB,1,B,evaluated,False,1,1,129,129,129,129,1.0,0,7f33b7d196ae82aee2824855d6ea73b37fc18297b9c30671f7187dc6805ef0a2,2026-09-13T16:22:31.176341+00:00
bdd8e1d624069cd48364059737717d803e57972fa3bc73f0b4e723058091b911,A,34551,1,1,7A0O,1,A,evaluated,False,1,1,135,135,135,135,1.0,0,7f33b7d196ae82aee2824855d6ea73b37fc18297b9c30671f7187dc6805ef0a2,2026-09-13T16:22:35.550687+00:00
6714096db92fe24e74d1ef20f47a061827526008313d8b9a64755d370411dd20,B,34551,1,1,7A0O,1,B,evaluated,False,1,1,135,135,135,135,1.0,0,7f33b7d196ae82aee2824855d6ea73b37fc18297b9c30671f7187dc6805ef0a2,2026-09-13T16:22:36.046665+00:00
7cb0ad0377f4ff24cb71fab4122773f969ce3178328c31dea6dd0474a8fe6eba,A,34487,1,1,7A4L,1,A,evaluated,False,1,1,54,54,54,54,1.0,0,7f33b7d196ae82aee2824855d6ea73b37fc18297b9c30671f7187dc6805ef0a2,2026-09-13T16:22:37.982684+00:00
74157269fe5ec238ac3591ae8a6bd8b4f62c11521044c94dbd882d7316bb3b7d,A,34487,1,1,7A58,1,A,evaluated,False,1,1,54,54,54,54,1.0,0,7f33b7d196ae82aee2824855d6ea73b37fc18297b9c30671f7187dc6805ef0a2,2026-09-13T16:22:39.711576+00:00
34136c186e7cff910ef53ec3fac9d7f3b7271b414c35b0e2fa3a9a5fb54a418a,A,34511,1,1,7ACS,1,A,evaluated,False,1,1,140,140,140,140,1.0,0,7f33b7d196ae82aee2824855d6ea73b37fc18297b9c30671f7187dc6805ef0a2,2026-09-13T16:22:43.114448+00:00
adf4d5feaeb77f2a4cbe0748fd2362dfb5eb90a6ee5cfd6b52d78efee0ae4bf3,A,36395,1,1,7DFE,1,A,evaluated,False,1,1,142,142,142,142,1.0,0,7f33b7d196ae82aee2824855d6ea73b37fc18297b9c30671f7187dc6805ef0a2,2026-09-13T16:22:45.336330+00:00
2221150c3a77768809d7a5fa4cc3ad89f92ce52651895b89b5deede8e365d99f,B,36395,1,1,7DFE,1,B,evaluated,False,1,1,142,142,142,142,1.0,0,7f33b7d196ae82aee2824855d6ea73b37fc18297b9c30671f7187dc6805ef0a2,2026-09-13T16:22:45.675827+00:00
8838835039135d3fe74b8e63732a8c939f4cdc7ef2e734c53a709ec33ddde7e1,A,30855,1,1,7LOH,1,A,evaluated,False,1,1,158,158,158,180,0.8777777777777778,0,7f33b7d196ae82aee2824855d6ea73b37fc18297b9c30671f7187dc6805ef0a2,2026-09-13T16:22:52.580336+00:00
49c44d27e5be000b589b7f4990431db7416e7ef8075e356f5d0f6a6d6bc24620,B,30855,1,1,7LOH,1,B,evaluated,False,1,1,158,158,158,180,0.8777777777777778,0,7f33b7d196ae82aee2824855d6ea73b37fc18297b9c30671f7187dc6805ef0a2,2026-09-13T16:22:52.972069+00:00
a4092d4c659b91314b5a55ceae9099670cd943296153c132cb588d15ac044e7c,C,30855,1,1,7LOH,1,C,evaluated,False,1,1,158,158,158,180,0.8777777777777778,0,7f33b7d196ae82aee2824855d6ea73b37fc18297b9c30671f7187dc6805ef0a2,2026-09-13T16:22:53.357251+00:00
a6424752ccc3e504b886bf8802afef9b698119b931497c436a0b0fb60a885f46,A,30856,1,1,7LOI,1,A,evaluated,False,1,1,175,175,175,197,0.8883248730964467,0,7f33b7d196ae82aee2824855d6ea73b37fc18297b9c30671f7187dc6805ef0a2,2026-09-13T16:22:58.930653+00:00
f01fe1c4ce2757409e46f9d948d2987027639407c342a24774dfe82813a769dc,B,30856,1,1,7LOI,1,B,evaluated,False,1,1,175,175,175,197,0.8883248730964467,0,7f33b7d196ae82aee2824855d6ea73b37fc18297b9c30671f7187dc6805ef0a2,2026-09-13T16:22:59.391653+00:00
24f2080989cf66447b21ed855249f49633680731bdf5faccc1b82912a4bc1633,C,30856,1,1,7LOI,1,C,evaluated,False,1,1,175,175,175,197,0.8883248730964467,0,7f33b7d196ae82aee2824855d6ea73b37fc18297b9c30671f7187dc6805ef0a2,2026-09-13T16:22:59.801091+00:00
bca2636429118768e86679a13aa659d75e4b68f7e6528af7c26daaa570172bce,A,30874,1,1,7LXC,1,A,evaluated,False,1,1,88,88,88,105,0.8380952380952381,0,7f33b7d196ae82aee2824855d6ea73b37fc18297b9c30671f7187dc6805ef0a2,2026-09-13T16:23:01.547154+00:00
547085a1df09f2e2839993f0ac1596374d5d158e07285e5e6680653a81f65d83,A,30874,1,2,7LXC,1,A,evaluated,False,1,1,88,88,88,105,0.8380952380952381,0,7f33b7d196ae82aee2824855d6ea73b37fc18297b9c30671f7187dc6805ef0a2,2026-09-13T16:23:01.793370+00:00
176891885da08757d6f27d2fae5e4d8fd8d185f74aef89e4db9f19f91983e4fe,A,34629,1,1,7OLG,1,A,evaluated,False,1,1,70,70,70,70,1.0,0,7f33b7d196ae82aee2824855d6ea73b37fc18297b9c30671f7187dc6805ef0a2,2026-09-13T16:23:05.705569+00:00
86c2ba4b2db12ac436766bb06e70c65a93492698491a42fa94adc090ff0f6765,B,34629,1,1,7OLG,1,B,evaluated,False,1,1,70,70,70,70,1.0,0,7f33b7d196ae82aee2824855d6ea73b37fc18297b9c30671f7187dc6805ef0a2,2026-09-13T16:23:06.037556+00:00
12f256c47c3c6bbe18c95bc3b6c0115e288d80a3d1d29d05cf7894a815c2197c,A,34698,1,1,7QRI,1,A,evaluated,False,1,1,100,100,100,100,1.0,0,7f33b7d196ae82aee2824855d6ea73b37fc18297b9c30671f7187dc6805ef0a2,2026-09-13T16:23:09.446722+00:00
00f8b42bd0e823b12c9602ef5424220c9e9c18fd6ef7508854b8cc29e8113035,B,34698,1,1,7QRI,1,B,evaluated,False,1,1,100,100,100,100,1.0,0,7f33b7d196ae82aee2824855d6ea73b37fc18297b9c30671f7187dc6805ef0a2,2026-09-13T16:23:09.705397+00:00
565a839897b508966bf1f039e9affc6026b906509913c7352921be2e33d6712e,A,30929,1,1,7R7P,1,G,evaluated,False,1,1,102,102,102,102,1.0,0,7f33b7d196ae82aee2824855d6ea73b37fc18297b9c30671f7187dc6805ef0a2,2026-09-13T16:23:11.986225+00:00
870672a247ad0ecfcb260efb783418d1371ea5c70c86a6d2937bf89489dee91c,B,30929,1,1,7R7P,1,H,evaluated,False,1,1,102,102,102,102,1.0,0,7f33b7d196ae82aee2824855d6ea73b37fc18297b9c30671f7187dc6805ef0a2,2026-09-13T16:23:12.200038+00:00
4b19cc765af6b9d64ca0cf716d7ab6bee180e4975b3d6e4ce51f139cc5b31e31,C,30929,1,1,7R7P,1,I,evaluated,False,1,1,102,102,102,102,1.0,0,7f33b7d196ae82aee2824855d6ea73b37fc18297b9c30671f7187dc6805ef0a2,2026-09-13T16:23:12.402263+00:00
3c00517b927c140568034feaed87b991f2a87b1642a859616deca807b5b74506,D,30929,1,1,7R7P,1,J,evaluated,False,1,1,102,102,102,102,1.0,0,7f33b7d196ae82aee2824855d6ea73b37fc18297b9c30671f7187dc6805ef0a2,2026-09-13T16:23:12.627649+00:00
35106964c156005fe312b6c88d74b32eaa822ebcb9a213fa84cae3bc6d92be39,E,30929,1,1,7R7P,1,K,evaluated,False,1,1,102,102,102,102,1.0,0,7f33b7d196ae82aee2824855d6ea73b37fc18297b9c30671f7187dc6805ef0a2,2026-09-13T16:23:12.895519+00:00
5b0b8304179631431f56dd91a09f006b426df0cb6577eb42febc9a80a812887b,F,30929,1,1,7R7P,1,L,evaluated,False,1,1,102,102,102,102,1.0,0,7f33b7d196ae82aee2824855d6ea73b37fc18297b9c30671f7187dc6805ef0a2,2026-09-13T16:23:13.144079+00:00
d7cd37e92bf917a31f232a073a7b5c0f08020b8f7d216aa235aadef263df5be0,A,30930,1,1,7R7Q,1,G,evaluated,False,1,1,102,102,102,102,1.0,0,7f33b7d196ae82aee2824855d6ea73b37fc18297b9c30671f7187dc6805ef0a2,2026-09-13T16:23:15.575069+00:00
41689812d36a8e797124e4b1483a5e4b861df21dd8b332119aed628642e1ae7c,B,30930,1,1,7R7Q,1,H,evaluated,False,1,1,102,102,102,102,1.0,0,7f33b7d196ae82aee2824855d6ea73b37fc18297b9c30671f7187dc6805ef0a2,2026-09-13T16:23:15.808342+00:00
97e7c29b3b470da430703e9589f241bf5a07e7ea628b509ecf27c9e7c95cc539,C,30930,1,1,7R7Q,1,I,evaluated,False,1,1,102,102,102,102,1.0,0,7f33b7d196ae82aee2824855d6ea73b37fc18297b9c30671f7187dc6805ef0a2,2026-09-13T16:23:16.062805+00:00
194792308e2bdf68bae284a9930620ee3fd6b2be799213261807318abf2d89b0,D,30930,1,1,7R7Q,1,J,evaluated,False,1,1,102,102,102,102,1.0,0,7f33b7d196ae82aee2824855d6ea73b37fc18297b9c30671f7187dc6805ef0a2,2026-09-13T16:23:16.285980+00:00
e7c193ab5f16cbd9a17631b9a115d6e089d1c48f5c8c1890a0174af24a9c60f1,E,30930,1,1,7R7Q,1,K,evaluated,False,1,1,102,102,102,102,1.0,0,7f33b7d196ae82aee2824855d6ea73b37fc18297b9c30671f7187dc6805ef0a2,2026-09-13T16:23:16.504547+00:00
22fb967b948191f8df69cc4b4058645c459d04d571c2e2664d36a7a7d89f7218,F,30930,1,1,7R7Q,1,L,evaluated,False,1,1,102,102,102,102,1.0,0,7f33b7d196ae82aee2824855d6ea73b37fc18297b9c30671f7187dc6805ef0a2,2026-09-13T16:23:16.730078+00:00
5500ecbfdff9d75a1b7111f8086a8a4505e99a2b822f8ee49128f989c7ce4533,A,30939,1,1,7RPM,1,A,evaluated,False,1,1,264,264,264,272,0.9705882352941176,0,7f33b7d196ae82aee2824855d6ea73b37fc18297b9c30671f7187dc6805ef0a2,2026-09-13T16:23:30.476819+00:00
6bde926416f68ace2a0cd3da84d5ac73618598ec2450495e89b071ca20de6f26,B,30939,1,1,7RPM,1,B,evaluated,False,1,1,264,264,264,272,0.9705882352941176,0,7f33b7d196ae82aee2824855d6ea73b37fc18297b9c30671f7187dc6805ef0a2,2026-09-13T16:23:31.172691+00:00
de17d281522c9050ee4a0310b8880cf5b7751eedb15b437d6cefa8d016cdc785,C,30939,1,1,7RPM,1,C,evaluated,False,1,1,264,264,264,272,0.9705882352941176,0,7f33b7d196ae82aee2824855d6ea73b37fc18297b9c30671f7187dc6805ef0a2,2026-09-13T16:23:31.786631+00:00
05bfeea57977b15fc310771b1ad1ca59829c178d8b1e7d551662c90678aa5563,D,30939,1,1,7RPM,1,D,evaluated,False,1,1,264,264,264,272,0.9705882352941176,0,7f33b7d196ae82aee2824855d6ea73b37fc18297b9c30671f7187dc6805ef0a2,2026-09-13T16:23:32.634122+00:00
7bb4be83d850dbe8f57c5481838b6c191c369a03edb081a9bf06762ed1a909f4,E,30939,1,1,7RPM,1,E,evaluated,False,1,1,264,264,264,272,0.9705882352941176,0,7f33b7d196ae82aee2824855d6ea73b37fc18297b9c30671f7187dc6805ef0a2,2026-09-13T16:23:33.703094+00:00
81cf01a59ee298af43b63cd88c9573a388dcc40899e45189868fe195513e44e8,A,30974,1,1,7T2F,1,A,evaluated,False,1,1,53,53,53,64,0.828125,0,7f33b7d196ae82aee2824855d6ea73b37fc18297b9c30671f7187dc6805ef0a2,2026-09-13T16:23:36.817209+00:00
55e14138b1ac45599a28b43edd82f5fcbe04b6daf55b120c945f913621e137e5,B,30974,1,1,7T2F,1,B,evaluated,False,1,1,53,53,53,64,0.828125,0,7f33b7d196ae82aee2824855d6ea73b37fc18297b9c30671f7187dc6805ef0a2,2026-09-13T16:23:36.968714+00:00
919356e58417ef95da0b96ad4610f1f32acbf1612a8e69ea0353d568d71133cb,A,17031,1,1,7TZ8,1,A,evaluated,False,1,1,155,155,155,155,1.0,0,7f33b7d196ae82aee2824855d6ea73b37fc18297b9c30671f7187dc6805ef0a2,2026-09-13T16:23:39.550232+00:00
ccf66b137022672e0aa02f6a37aace8f9dbbc2065444916392dcfb93cbf6a6f2,A,18263,1,1,7TZD,1,A,evaluated,False,1,1,101,101,101,101,1.0,0,7f33b7d196ae82aee2824855d6ea73b37fc18297b9c30671f7187dc6805ef0a2,2026-09-13T16:23:41.467744+00:00
9783fabbc6cca5208af0f5d721abed5a0b74ca93fdd9bca11e26216fa01bb223,A,31007,1,1,7UI5,1,A,evaluated,False,1,1,114,114,114,114,1.0,0,7f33b7d196ae82aee2824855d6ea73b37fc18297b9c30671f7187dc6805ef0a2,2026-09-13T16:23:43.802699+00:00
c9d7c04eada47ffb708fc412a861bde36809220580fc2f7d43ba8f72538de231,B,31007,1,1,7UI5,1,B,evaluated,False,1,1,114,114,114,114,1.0,0,7f33b7d196ae82aee2824855d6ea73b37fc18297b9c30671f7187dc6805ef0a2,2026-09-13T16:23:44.096163+00:00
f1b857fbb2a4bac0a037bd9cae3e3e2fbdd98b264b33a7725124ce95877c8352,A,34709,1,1,7YWQ,1,A,evaluated,False,1,1,79,79,79,79,1.0,0,7f33b7d196ae82aee2824855d6ea73b37fc18297b9c30671f7187dc6805ef0a2,2026-09-13T16:23:46.556580+00:00
d1bd79844bd881bb464f02ee8d1667059ec032eeacb854eee887c50af5b08d49,B,34709,1,1,7YWQ,1,B,evaluated,False,1,1,79,79,79,79,1.0,0,7f33b7d196ae82aee2824855d6ea73b37fc18297b9c30671f7187dc6805ef0a2,2026-09-13T16:23:46.848339+00:00
2c3121271ebcd0bdd04fcbcc139302ff35601d4876fb135bcfcaef9626f7af1c,A,34719,1,1,7ZE0,1,A,evaluated,False,1,1,83,83,83,83,1.0,0,7f33b7d196ae82aee2824855d6ea73b37fc18297b9c30671f7187dc6805ef0a2,2026-09-13T16:23:49.996742+00:00
ce75097e479251b13dde021dbbcde1a8f79d06b5cd847ea72fd58a90f2cbfed2,B,34719,1,1,7ZE0,1,B,evaluated,False,1,1,83,83,83,83,1.0,0,7f33b7d196ae82aee2824855d6ea73b37fc18297b9c30671f7187dc6805ef0a2,2026-09-13T16:23:50.400307+00:00
e60235ff626f758daf35548c9824bc1e74cc36e8a0c135719955c11bbcd45e4e,A,34785,1,1,8CF4,1,A,evaluated,False,1,1,62,62,62,62,1.0,0,7f33b7d196ae82aee2824855d6ea73b37fc18297b9c30671f7187dc6805ef0a2,2026-09-13T16:23:51.464626+00:00
e1c093d179b81ca72cdf4602a9b25624f1ae77eb341c9ca00fe0a0c3cb74e98c,A,34785,1,1,8CHG,1,A,evaluated,False,1,1,62,62,62,62,1.0,0,7f33b7d196ae82aee2824855d6ea73b37fc18297b9c30671f7187dc6805ef0a2,2026-09-13T16:23:52.690128+00:00
7767d7db4eb690912b21db6f8ae823598a7f4f3353c5cbabfb83fefda6e207b5,A,34785,1,1,8CHH,1,A,evaluated,False,1,1,62,62,62,62,1.0,0,7f33b7d196ae82aee2824855d6ea73b37fc18297b9c30671f7187dc6805ef0a2,2026-09-13T16:23:53.746577+00:00
0c652407ae65123869ec0962d8c3b890bbe8f76a1dda76cbb1cfab57fec07089,A,31034,1,1,8DPX,1,A,evaluated,False,1,1,109,109,108,109,0.9908256880733946,1,7f33b7d196ae82aee2824855d6ea73b37fc18297b9c30671f7187dc6805ef0a2,2026-09-13T16:23:57.271305+00:00
87d8e8c2e07d80ec099da76980d253c3bb28f8eed91034d46d4c786e455deaca,B,31034,1,1,8DPX,1,B,evaluated,False,1,1,109,109,108,109,0.9908256880733946,1,7f33b7d196ae82aee2824855d6ea73b37fc18297b9c30671f7187dc6805ef0a2,2026-09-13T16:23:57.562239+00:00
9c0de66f15348a95c3bb89d7c0f45863f4afedb554cc22b6613b64687bb82988,C,31034,1,1,8DPX,1,C,evaluated,False,1,1,109,109,108,109,0.9908256880733946,1,7f33b7d196ae82aee2824855d6ea73b37fc18297b9c30671f7187dc6805ef0a2,2026-09-13T16:23:57.879805+00:00
617b613b7e351a57a4fbd0826fe29572d916ad45e6554d61d47684041b43445e,A,51520,1,1,8DSX,1,A,evaluated,False,1,1,65,65,65,93,0.6989247311827957,0,7f33b7d196ae82aee2824855d6ea73b37fc18297b9c30671f7187dc6805ef0a2,2026-09-13T16:24:00.128213+00:00
72f0ccf01924947c727a8bd0ccb3689e04c1d4cd63c61b05edef446d74b075cc,B,51520,1,1,8DSX,1,B,evaluated,False,1,1,65,65,65,93,0.6989247311827957,0,7f33b7d196ae82aee2824855d6ea73b37fc18297b9c30671f7187dc6805ef0a2,2026-09-13T16:24:00.318857+00:00
d686c296bb84a435c5f398bc09ab4b207372165fd56c937cc09dafca2c9fb5a5,A,31058,1,1,8F4V,1,A,evaluated,False,1,1,264,264,264,272,0.9705882352941176,0,7f33b7d196ae82aee2824855d6ea73b37fc18297b9c30671f7187dc6805ef0a2,2026-09-13T16:24:15.381232+00:00
2aecc4e24619182c1c53be98948041dab585ae57f41d3297a9536f966be86450,B,31058,1,1,8F4V,1,B,evaluated,False,1,1,264,264,264,272,0.9705882352941176,0,7f33b7d196ae82aee2824855d6ea73b37fc18297b9c30671f7187dc6805ef0a2,2026-09-13T16:24:16.057176+00:00
f0f92a90b23de4c92790ea9ff40fa29e20882cc65db8f309faa12d4215cb33b2,C,31058,1,1,8F4V,1,C,evaluated,False,1,1,264,264,264,272,0.9705882352941176,0,7f33b7d196ae82aee2824855d6ea73b37fc18297b9c30671f7187dc6805ef0a2,2026-09-13T16:24:16.941329+00:00
7d85f1c23be815985c7b5aabc7a833edf1a6cbafb8ee154ad993abc1b24f7253,D,31058,1,1,8F4V,1,D,evaluated,False,1,1,264,264,264,272,0.9705882352941176,0,7f33b7d196ae82aee2824855d6ea73b37fc18297b9c30671f7187dc6805ef0a2,2026-09-13T16:24:18.074806+00:00
8ab77c61c6241dfc1d72b2fb10bfef5ad71ec7ca82e766c89054e627a17566c1,E,31058,1,1,8F4V,1,E,evaluated,False,1,1,264,264,264,272,0.9705882352941176,0,7f33b7d196ae82aee2824855d6ea73b37fc18297b9c30671f7187dc6805ef0a2,2026-09-13T16:24:19.048419+00:00
8bc0fcc44185999f59d9f67391cff51dfc23b0913cf5f200e5852bb11f5a3703,A,51723,1,1,8HN2,1,A,evaluated,False,1,1,110,108,108,119,0.907563025210084,0,7f33b7d196ae82aee2824855d6ea73b37fc18297b9c30671f7187dc6805ef0a2,2026-09-13T16:24:20.558670+00:00
50d25df1f584c47782f27240b5ffb0cc888e1f62434ba66fefcb7840b27301a3,A,51723,1,2,8HN2,1,A,evaluated,False,1,1,110,108,108,119,0.907563025210084,0,7f33b7d196ae82aee2824855d6ea73b37fc18297b9c30671f7187dc6805ef0a2,2026-09-13T16:24:20.881984+00:00
12c8e7b9696abbc05fe20faab34dfa06b59dc6c1778bd880534c74b581d03910,A,51723,1,3,8HN2,1,A,evaluated,False,1,1,110,108,108,119,0.907563025210084,0,7f33b7d196ae82aee2824855d6ea73b37fc18297b9c30671f7187dc6805ef0a2,2026-09-13T16:24:21.135033+00:00
376fc341b248520b5e6290d5b4a2cbca8d11b93aca84a1467bb19f7fe51a4705,A,51723,1,4,8HN2,1,A,evaluated,False,1,1,110,108,108,119,0.907563025210084,0,7f33b7d196ae82aee2824855d6ea73b37fc18297b9c30671f7187dc6805ef0a2,2026-09-13T16:24:21.384885+00:00
ecca5cd451484d79153744227c6405ad423148be5d288dad9ca9f694a654d5bb,A,51723,1,5,8HN2,1,A,evaluated,False,1,1,110,108,108,119,0.907563025210084,0,7f33b7d196ae82aee2824855d6ea73b37fc18297b9c30671f7187dc6805ef0a2,2026-09-13T16:24:21.619524+00:00
7e8f0d7f7c5c536eb1b7a9bfc7f49b7e5ebad9f133d1fc16465202f067db9629,A,51723,1,6,8HN2,1,A,evaluated,False,1,1,110,108,108,119,0.907563025210084,0,7f33b7d196ae82aee2824855d6ea73b37fc18297b9c30671f7187dc6805ef0a2,2026-09-13T16:24:21.879702+00:00
eee690c27db1c26e98463f9cefd5ab61a2f88a5fc07b85e8e1204ef0514cd7d9,A,51723,1,7,8HN2,1,A,evaluated,False,1,1,110,108,108,119,0.907563025210084,0,7f33b7d196ae82aee2824855d6ea73b37fc18297b9c30671f7187dc6805ef0a2,2026-09-13T16:24:22.113528+00:00
25582986392824110c5922fb61834bfd7ae751ba96143335b5a4250fe051580a,B,51723,1,1,8HN2,1,B,evaluated,False,1,1,110,108,108,119,0.907563025210084,0,7f33b7d196ae82aee2824855d6ea73b37fc18297b9c30671f7187dc6805ef0a2,2026-09-13T16:24:22.326446+00:00
b5ec70dfb28382cd81725264b76d2cca4505e96b874fedd0cabc9982b30da3e7,B,51723,1,2,8HN2,1,B,evaluated,False,1,1,110,108,108,119,0.907563025210084,0,7f33b7d196ae82aee2824855d6ea73b37fc18297b9c30671f7187dc6805ef0a2,2026-09-13T16:24:22.536823+00:00
d5ad535a15da9dd627e2323292269993ba69bf826b838a084ad229dbf95be598,B,51723,1,3,8HN2,1,B,evaluated,False,1,1,110,108,108,119,0.907563025210084,0,7f33b7d196ae82aee2824855d6ea73b37fc18297b9c30671f7187dc6805ef0a2,2026-09-13T16:24:22.776295+00:00
5e93e82d75c97531cee09ebaba391532c76dbcaddcce904129b515edf84dfd6d,B,51723,1,4,8HN2,1,B,evaluated,False,1,1,110,108,108,119,0.907563025210084,0,7f33b7d196ae82aee2824855d6ea73b37fc18297b9c30671f7187dc6805ef0a2,2026-09-13T16:24:23.027687+00:00
83c60f02ba7c1184f434323e45e2914041cd0237b4d6a56249ae707308393752,B,51723,1,5,8HN2,1,B,evaluated,False,1,1,110,108,108,119,0.907563025210084,0,7f33b7d196ae82aee2824855d6ea73b37fc18297b9c30671f7187dc6805ef0a2,2026-09-13T16:24:23.268400+00:00
4e060604b04f6e67a4486dbefd3e6e4b70e749854ba94cc2cc74637eeaaab7c4,B,51723,1,6,8HN2,1,B,evaluated,False,1,1,110,108,108,119,0.907563025210084,0,7f33b7d196ae82aee2824855d6ea73b37fc18297b9c30671f7187dc6805ef0a2,2026-09-13T16:24:23.502784+00:00
9bf0faf347cffa3d175c828635fdee16e9e226d8676e866050dd40c104074038,B,51723,1,7,8HN2,1,B,evaluated,False,1,1,110,108,108,119,0.907563025210084,0,7f33b7d196ae82aee2824855d6ea73b37fc18297b9c30671f7187dc6805ef0a2,2026-09-13T16:24:23.730834+00:00
3cecf678d4d0493373dd6b179c209e9d0f21e9de9b3feea93cef9dcacb835e65,A,36527,1,1,8HPB,1,A,evaluated,False,1,1,80,80,80,80,1.0,0,7f33b7d196ae82aee2824855d6ea73b37fc18297b9c30671f7187dc6805ef0a2,2026-09-13T16:24:26.800266+00:00
f825c1f0ebe46ec7d325983f3f9c1adadae640cc7565f17138fd60993677a3f9,B,36527,1,1,8HPB,1,B,evaluated,False,1,1,80,80,80,80,1.0,0,7f33b7d196ae82aee2824855d6ea73b37fc18297b9c30671f7187dc6805ef0a2,2026-09-13T16:24:27.075157+00:00
53cefed15767424b66a9e34f871f45543c7b5c1f86013d06f43247c2ea85847f,A,36528,1,1,8HQB,1,A,evaluated,False,1,1,80,80,80,80,1.0,0,7f33b7d196ae82aee2824855d6ea73b37fc18297b9c30671f7187dc6805ef0a2,2026-09-13T16:24:30.596062+00:00
d7495dd7c25f7cf95b41bd1ddc51fa6c13700ecee328d05187ac97ffbc489c47,B,36528,1,1,8HQB,1,B,evaluated,False,1,1,80,80,80,80,1.0,0,7f33b7d196ae82aee2824855d6ea73b37fc18297b9c30671f7187dc6805ef0a2,2026-09-13T16:24:30.934299+00:00
4e8140ff9a772e1d0b504c6609cef6585baf7379ad28623eb2eb8f48458932ef,A,36582,1,1,8K2T,1,A,evaluated,False,1,1,624,624,624,624,1.0,0,7f33b7d196ae82aee2824855d6ea73b37fc18297b9c30671f7187dc6805ef0a2,2026-09-13T16:24:54.060345+00:00
e4bff612e3b490fdcfc9ef524694a0caf8a88ab3c9183e6c2f858f4586f116c2,B,36582,1,1,8K2T,1,B,evaluated,False,1,1,624,624,624,624,1.0,0,7f33b7d196ae82aee2824855d6ea73b37fc18297b9c30671f7187dc6805ef0a2,2026-09-13T16:24:55.636588+00:00
6ffaee7c43bc98ff66785a5f96d9234f17265b09a36eaf1c359a02091b3f40e0,A,34813,1,1,8OX2,1,A,evaluated,False,1,1,114,114,114,114,1.0,0,7f33b7d196ae82aee2824855d6ea73b37fc18297b9c30671f7187dc6805ef0a2,2026-09-13T16:25:00.654568+00:00
f6c2aefcf84032790103996fb4e87b44b5667f67a35aec1bc7a2540ed97b2bd3,B,34813,1,1,8OX2,1,B,evaluated,False,1,1,114,114,114,114,1.0,0,7f33b7d196ae82aee2824855d6ea73b37fc18297b9c30671f7187dc6805ef0a2,2026-09-13T16:25:01.456958+00:00
a2e753187877b26ffaa54727ea5edf6e6e95211beaaa343b2d3de4ab030524e5,C,34813,1,1,8OX2,1,C,evaluated,False,1,1,114,114,114,114,1.0,0,7f33b7d196ae82aee2824855d6ea73b37fc18297b9c30671f7187dc6805ef0a2,2026-09-13T16:25:02.112077+00:00
6a502fa704dd40007c2074413aaf05f6e1a94a7201064fd8e2baf8049ad1daef,A,34814,1,1,8OYD,1,A,evaluated,False,1,1,45,45,45,45,1.0,0,7f33b7d196ae82aee2824855d6ea73b37fc18297b9c30671f7187dc6805ef0a2,2026-09-13T16:25:04.532998+00:00
3b4c29ded68766e3146061079c27093f5f2fda24735f5f69b1ffe1d96fb16b13,B,34814,1,1,8OYD,1,B,evaluated,False,1,1,45,45,45,45,1.0,0,7f33b7d196ae82aee2824855d6ea73b37fc18297b9c30671f7187dc6805ef0a2,2026-09-13T16:25:04.750883+00:00
237d80037921df76a8f23691c77ed76c462bc69fd675d0f221d685bd58f98bbd,A,52075,1,1,8TT7,1,A,evaluated,False,1,1,54,54,54,54,1.0,0,7f33b7d196ae82aee2824855d6ea73b37fc18297b9c30671f7187dc6805ef0a2,2026-09-13T16:25:07.728236+00:00
ded8219f81cd14f52dc6efede3113c02a1938538efbaba915b3ccdf91e5f5d34,B,52075,1,1,8TT7,1,B,evaluated,False,1,1,54,54,54,54,1.0,0,7f33b7d196ae82aee2824855d6ea73b37fc18297b9c30671f7187dc6805ef0a2,2026-09-13T16:25:07.908660+00:00
a902e0d067a1ab58d0217e1fb7843975e16b15f283c24a1aadf831b9fbdf4654,A,36671,1,1,8ZU6,1,A,evaluated,False,1,1,70,70,70,94,0.7446808510638298,0,7f33b7d196ae82aee2824855d6ea73b37fc18297b9c30671f7187dc6805ef0a2,2026-09-13T16:25:10.626159+00:00
8a1eee92907899066540df21b34da83882ab832392b55e40cebb1ce2e6e36b26,B,36671,1,1,8ZU6,1,B,evaluated,False,1,1,70,70,70,94,0.7446808510638298,0,7f33b7d196ae82aee2824855d6ea73b37fc18297b9c30671f7187dc6805ef0a2,2026-09-13T16:25:10.921456+00:00
637ed45e95503ee400ea4326cc84833352bf3a66955d59dd6cf304e76e4d9fe6,A,16492,1,1,9CCH,1,A,evaluated,False,1,1,53,52,52,53,0.9811320754716981,0,7f33b7d196ae82aee2824855d6ea73b37fc18297b9c30671f7187dc6805ef0a2,2026-09-13T16:25:13.078451+00:00
62fc1d87e0001efcb118091d5acd24d97a449ed2b50fe3b6a6d0355ac524051a,B,16492,1,1,9CCH,1,B,evaluated,False,1,1,53,52,52,53,0.9811320754716981,0,7f33b7d196ae82aee2824855d6ea73b37fc18297b9c30671f7187dc6805ef0a2,2026-09-13T16:25:13.224113+00:00
25507e6cffa4dd6420e3dea8663054939ad8bbd3cb4554831cc65315fbe126e5,C,16492,1,1,9CCH,1,C,evaluated,False,1,1,53,52,52,53,0.9811320754716981,0,7f33b7d196ae82aee2824855d6ea73b37fc18297b9c30671f7187dc6805ef0a2,2026-09-13T16:25:13.362292+00:00
84f7d2999a11a5af77fd352072d9b6a587a5d2702cc5b959a25966a7b452fd5c,A,51799,1,1,9EZN,1,A,evaluated,False,1,1,57,57,57,57,1.0,0,7f33b7d196ae82aee2824855d6ea73b37fc18297b9c30671f7187dc6805ef0a2,2026-09-13T16:25:15.370854+00:00
ec3315317fb95d785f5c0386dc4e850ea697814326a3c67109345399b9ad98b6,A,51799,1,1,9EZO,1,A,evaluated,False,1,1,57,57,57,57,1.0,0,7f33b7d196ae82aee2824855d6ea73b37fc18297b9c30671f7187dc6805ef0a2,2026-09-13T16:25:17.391040+00:00
254de69b020452808afa7b17556cceadc209659972e5a75c9c3df49376c4f50a,A,51799,1,1,9EZP,1,A,evaluated,False,1,1,57,57,57,57,1.0,0,7f33b7d196ae82aee2824855d6ea73b37fc18297b9c30671f7187dc6805ef0a2,2026-09-13T16:25:19.399085+00:00
95eddc4f5c059560bf8b0b558152cfe106736b27cbb2b6a097bc728ecbd53959,A,51073,1,1,9MES,1,A,evaluated,False,1,1,82,82,81,82,0.9878048780487805,1,7f33b7d196ae82aee2824855d6ea73b37fc18297b9c30671f7187dc6805ef0a2,2026-09-13T16:25:22.651621+00:00
f38d3c2d37fbc527792a7c18e693e0c2df9d67fa658ecf45dfb930645faa8183,B,51073,1,1,9MES,1,B,evaluated,False,1,1,82,82,82,82,1.0,0,7f33b7d196ae82aee2824855d6ea73b37fc18297b9c30671f7187dc6805ef0a2,2026-09-13T16:25:22.927984+00:00
3049b96177007b827f47640e031e0634aa228792b125e6955ff636de43baab09,A,52953,1,1,9VCD,1,A,evaluated,False,1,1,68,68,68,68,1.0,0,7f33b7d196ae82aee2824855d6ea73b37fc18297b9c30671f7187dc6805ef0a2,2026-09-13T16:25:24.961947+00:00
c84886c12827b0c1044fa24c6a35251b2d2b1f1d3caf90672b04033baa8f484c,B,52953,1,1,9VCD,1,B,evaluated,False,1,1,68,68,68,68,1.0,0,7f33b7d196ae82aee2824855d6ea73b37fc18297b9c30671f7187dc6805ef0a2,2026-09-13T16:25:25.181113+00:00
