bmrb_id,bmrb_entity_id,shift_list_id,pdb_id,pdb_entity_id,auth_chain_id,candidate_id,label_chain_id,validation_source,inspected_model,coordinate_residue_count,minimum_identity,minimum_bmrb_sequence_coverage,strict_paired_targets,unambiguously_mapped_targets,mapped_target_coverage,mapped_targets_with_complete_backbone,mapped_target_missing_backbone_atoms,coordinate_thresholds_pass,passes,entry_maximum_mapped_targets,n_stage1_contenders,stage1_status,selection_status,usable_coordinate_residue_count,bmrb_sequence_length,missing_required_backbone_atom_count,identity_consistent_consensus_residue_count
11030,1,1,2RNO,1,A,25be2b005f62ee7d21b49b2dc82b937d56203afb341520150257aeab794f7dda,A,STEP 65D-3,1,110,1.0,1.0,106,106,1.0,106,0,True,True,106,2,secondary_metrics_required,unresolved_exact_tie,110.0,110.0,0.0,110.0
11030,1,2,2RNO,1,A,b29e315a36fbb4ce638d915997935fe64c3002d041cc721f96944c48b7af120c,A,STEP 65D-3,1,110,1.0,1.0,106,106,1.0,106,0,True,True,106,2,secondary_metrics_required,unresolved_exact_tie,110.0,110.0,0.0,110.0
11034,1,1,2RO5,1,A,e994b2877755b1dae6e40ee25d92a1aa5a1773c7df90a81f4b291d3459a48bb8,A,STEP 65D-3,1,55,1.0,1.0,49,49,1.0,49,0,True,True,49,2,secondary_metrics_required,unresolved_exact_tie,55.0,55.0,0.0,55.0
11034,1,1,2RO5,1,B,24157eecc5b739e0cfbf257ac78e332dd77462adb0b7d57c9f6c9f0e732c159c,B,STEP 65D-3,1,55,1.0,1.0,49,49,1.0,49,0,True,True,49,2,secondary_metrics_required,unresolved_exact_tie,55.0,55.0,0.0,55.0
15021,1,1,2I7U,1,A,2127f54e68fbac446471295ad89ecd503033923bac1b6993c204b2f8427b5893,A,STEP 65D-3,1,62,1.0,1.0,61,61,1.0,61,0,True,True,61,2,secondary_metrics_required,unresolved_exact_tie,62.0,62.0,0.0,62.0
15021,1,1,2I7U,1,B,82ca3d32b55a068ad3de6fd260cad7ce65d4876b74e594c11d4566cc42f0c065,B,STEP 65D-3,1,62,1.0,1.0,61,61,1.0,61,0,True,True,61,2,secondary_metrics_required,unresolved_exact_tie,62.0,62.0,0.0,62.0
15083,3,1,2O8K,3,A,fda349a45c971513b5320acd03b99cf21fdf7fd99e44327f43fe486f4a42d5f2,C,STEP 65D-3,1,63,1.0,1.0,60,60,1.0,60,0,True,True,60,2,secondary_metrics_required,unresolved_exact_tie,63.0,63.0,0.0,63.0
15083,3,1,2O9L,3,A,5911534704facd3ee31da3e2623a751d514300addf58d8065d2ab0419b4a985b,C,STEP 65D-3,1,63,1.0,1.0,60,60,1.0,60,0,True,True,60,2,secondary_metrics_required,unresolved_exact_tie,63.0,63.0,0.0,63.0
15090,1,1,2MA8,1,A,f027424383ae26a8b4dffedcce59e36b6d55d876ec42605f4ace6e29754ac733,A,STEP 65D-3,1,83,1.0,0.7980769230769231,76,76,1.0,76,0,True,True,76,2,secondary_metrics_required,unresolved_exact_tie,83.0,104.0,0.0,83.0
15090,1,1,2MA8,1,B,87c4fd73fe3b8cfa252bd5d9e1d3efa641aabd055a250edbd880490150d857ea,B,STEP 65D-3,1,83,1.0,0.7980769230769231,76,76,1.0,76,0,True,True,76,2,secondary_metrics_required,unresolved_exact_tie,83.0,104.0,0.0,83.0
15142,1,1,2E8J,1,A,d1ab70321b8e9f735affc76ed86821b9073bc4a1ab13c6fa30f6607b5f7a9240,A,STEP 65D-3,1,96,1.0,0.9504950495049505,90,90,1.0,90,0,True,True,90,2,secondary_metrics_required,unresolved_exact_tie,96.0,101.0,0.0,96.0
15142,1,1,2E8J,1,B,8c012f9fc63e04b6d31a6915d2de9004f517464c3d36dce0bdbfe5a5d6c705b9,B,STEP 65D-3,1,96,1.0,0.9504950495049505,90,90,1.0,90,0,True,True,90,2,secondary_metrics_required,unresolved_exact_tie,96.0,101.0,0.0,96.0
15257,2,1,2JPP,2,A,04b281d5b3a75773c4d54e54d6e9aa6dd5b6c593be22d7c15b5d3756a5e464a3,C,STEP 65D-3,1,53,1.0,0.7571428571428571,60,51,0.85,51,0,True,True,51,2,secondary_metrics_required,unresolved_exact_tie,53.0,70.0,0.0,53.0
15257,2,1,2JPP,2,B,bd48b6bbee4e57ee011e7c68c762585ab606b46cdba1aa100be8d4f98a2ac3dd,D,STEP 65D-3,1,53,1.0,0.7571428571428571,60,51,0.85,51,0,True,True,51,2,secondary_metrics_required,unresolved_exact_tie,53.0,70.0,0.0,53.0
15317,1,1,2JR2,1,A,39cee27489825dc5de16d227557e893aa1a2e107e5b17ddf9425e18d638e7278,A,STEP 65D-3,1,76,1.0,1.0,71,71,1.0,71,0,True,True,71,2,secondary_metrics_required,unresolved_exact_tie,76.0,76.0,0.0,76.0
15317,1,1,2JR2,1,B,c19ecd1053cea65dc26c20384f4c13513bbc215c79344a3d2ff391f6aff2b5f0,B,STEP 65D-3,1,76,1.0,1.0,71,71,1.0,71,0,True,True,71,2,secondary_metrics_required,unresolved_exact_tie,76.0,76.0,0.0,76.0
15324,1,1,2JRA,1,A,5588166c5c850d3eb10ca49d8e5a9e46937cb96214ea6845948beaccb6ff3005,A,STEP 65D-3,1,67,1.0,1.0,61,61,1.0,61,0,True,True,61,2,secondary_metrics_required,unresolved_exact_tie,67.0,67.0,0.0,67.0
15324,1,1,2JRA,1,B,a465587d3a7ec420351636824629f6378c962571083bdcb5142f6409bcba3801,B,STEP 65D-3,1,67,1.0,1.0,61,61,1.0,61,0,True,True,61,2,secondary_metrics_required,unresolved_exact_tie,67.0,67.0,0.0,67.0
15334,1,1,2JRL,1,A,124daf506b22f8374c2ec2c226317fd36638f8cd33a0655935b1d3e3aaba3db1,A,STEP 65D-3,1,121,1.0,1.0,112,112,1.0,112,0,True,True,112,2,secondary_metrics_required,unresolved_exact_tie,121.0,121.0,0.0,121.0
15334,1,1,2JRL,1,B,d7642d54a358aa9094de2ffdedfd8d574241ced0a75c7b402b6e997835bffb6e,B,STEP 65D-3,1,121,1.0,1.0,112,112,1.0,112,0,True,True,112,2,secondary_metrics_required,unresolved_exact_tie,121.0,121.0,0.0,121.0
15347,1,1,2K8S,1,A,1fb6dd6d9a8d793768e2acf9b4e379fa8b5d6ed92a13858fff1a8bb41541e970,A,STEP 65D-3,1,80,1.0,0.7878787878787878,73,73,1.0,73,0,True,True,73,2,secondary_metrics_required,unresolved_exact_tie,78.0,99.0,0.0,78.0
15347,1,1,2K8S,1,B,f93f784228180cc424aeff04c5e0cc4a29ddee5a31d88c7af6467674f043addd,B,STEP 65D-3,1,80,1.0,0.7878787878787878,73,73,1.0,73,0,True,True,73,2,secondary_metrics_required,unresolved_exact_tie,78.0,99.0,0.0,78.0
15350,1,1,2JS1,1,A,c2c57c3abda5bb6a910768486432a4a0a8e33fa15e88b745bbd828f7cdb6baa7,A,STEP 65D-3,1,80,1.0,1.0,72,72,1.0,72,0,True,True,72,2,secondary_metrics_required,unresolved_exact_tie,80.0,80.0,0.0,80.0
15350,1,1,2JS1,1,B,fca590d184437e2e1e9e4f28d926132bbce7d1bd24bc28e97c8c05c92a59daca,B,STEP 65D-3,1,80,1.0,1.0,72,72,1.0,72,0,True,True,72,2,secondary_metrics_required,unresolved_exact_tie,80.0,80.0,0.0,80.0
15384,1,1,2JST,1,A,2489b7fdddfb2528d887464c538d93574e0b23785ea1c566bfc282846c5c205c,A,STEP 65D-3,1,62,1.0,1.0,61,61,1.0,61,0,True,True,61,2,secondary_metrics_required,unresolved_exact_tie,62.0,62.0,0.0,62.0
15384,1,1,2JST,1,B,516ab638d2ab883b82164f880c40372575aeddd8e5a2b5c555dc84fa558aa5b4,B,STEP 65D-3,1,62,1.0,1.0,61,61,1.0,61,0,True,True,61,2,secondary_metrics_required,unresolved_exact_tie,62.0,62.0,0.0,62.0
15418,1,1,2JTT,1,A,262f8e32418b696bafb4a65efa810da421cfeed6a5457e298e45f4cc67962b16,A,STEP 65D-3,1,90,1.0,1.0,82,82,1.0,82,0,True,True,82,2,secondary_metrics_required,unresolved_exact_tie,90.0,90.0,0.0,90.0
15418,1,1,2JTT,1,B,e29f2d76f602c037c82924e8d3ea213768ab437862203a61b5b43a13f7a6d98a,B,STEP 65D-3,1,90,1.0,1.0,82,82,1.0,82,0,True,True,82,2,secondary_metrics_required,unresolved_exact_tie,90.0,90.0,0.0,90.0
15442,1,1,2JUG,1,A,ee85a7ba2c2ff257c3d7c0e25efe3ad6e236824fda10e87ace72a7197093b1dd,A,STEP 65D-3,1,78,1.0,1.0,68,68,1.0,68,0,True,True,68,2,secondary_metrics_required,unresolved_exact_tie,78.0,78.0,0.0,78.0
15442,1,1,2JUG,1,B,3ae4224340e8d4016ca782fc7f8df79481c7cb3b2cf1dd89bda46d6a168ef258,B,STEP 65D-3,1,78,1.0,1.0,68,68,1.0,68,0,True,True,68,2,secondary_metrics_required,unresolved_exact_tie,78.0,78.0,0.0,78.0
15456,1,1,2JUW,1,A,5a34417a22f21c4f30635ea568b0ae3a6f5e30618c5a8644e5ab060cc9b81770,A,STEP 65D-3,1,80,1.0,1.0,74,74,1.0,74,0,True,True,74,2,secondary_metrics_required,unresolved_exact_tie,80.0,80.0,0.0,80.0
15456,1,1,2JUW,1,B,24d1cab45c77c45b9cd6029f27d622b2d1fa367a531ef313c5d025c05f66c767,B,STEP 65D-3,1,80,1.0,1.0,74,74,1.0,74,0,True,True,74,2,secondary_metrics_required,unresolved_exact_tie,80.0,80.0,0.0,80.0
15511,1,1,2JW8,1,A,221d7e8c23c02d06e5933e4dc5d6eb22eb33b8a53ef88ac7d0681132e9c2c2bb,A,STEP 65D-3,1,118,1.0,0.921875,110,110,1.0,110,0,True,True,110,2,secondary_metrics_required,unresolved_exact_tie,118.0,128.0,0.0,118.0
15511,1,1,2JW8,1,B,c558d6aee1fe02f6fff0eff489479f07d196b5e42a5e47074e17fd54a5cfbe3e,B,STEP 65D-3,1,118,1.0,0.921875,110,110,1.0,110,0,True,True,110,2,secondary_metrics_required,unresolved_exact_tie,118.0,128.0,0.0,118.0
15528,1,1,2JWN,1,A,1527ebf8e9ab0907b5317f0ff8ff988010d8c6af44ebe103257fd1f6f287340c,A,STEP 65D-3,1,124,1.0,1.0,116,116,1.0,116,0,True,True,116,2,secondary_metrics_required,unresolved_exact_tie,124.0,124.0,0.0,124.0
15528,1,1,2JWN,1,B,5a2aa74f6061059873fd2a687c9ebfea1a05ee52ed219fb2ecb6568ffa57c5e0,B,STEP 65D-3,1,124,1.0,1.0,116,116,1.0,116,0,True,True,116,2,secondary_metrics_required,unresolved_exact_tie,124.0,124.0,0.0,124.0
15553,1,1,2JX9,1,A,a9ec79f8e1ed4af9e146768c0796686c541081baf283c25c65636796a8f2ad37,A,STEP 65D-3,1,106,1.0,1.0,95,95,1.0,95,0,True,True,95,2,secondary_metrics_required,unresolved_exact_tie,106.0,106.0,0.0,106.0
15553,1,1,2JXA,1,A,7dc69d49ffd8d1df2e29e68ca1c78d1595ac9d321c8a8084bda953a11fb8285a,A,STEP 65D-3,1,106,1.0,1.0,95,95,1.0,95,0,True,True,95,2,secondary_metrics_required,unresolved_exact_tie,106.0,106.0,0.0,106.0
15591,1,1,2JY7,1,A,e11d7458146e2426ac6bfe76fa62d8b7b334d2f3f982c6b29df2a370c96b948f,A,STEP 65D-3,1,52,1.0,1.0,47,47,1.0,47,0,True,True,47,2,secondary_metrics_required,unresolved_exact_tie,52.0,52.0,0.0,52.0
15591,1,1,2K0B,1,X,6489ac9e74debf524b39a825291f0dd9eda14929705624768f5955903c88aede,A,STEP 65D-3,1,52,1.0,1.0,47,47,1.0,47,0,True,True,47,2,secondary_metrics_required,unresolved_exact_tie,52.0,52.0,0.0,52.0
15633,1,1,2K01,1,A,56eaa5ddb0295e17bdd9ac932a518edb08413cecf93b0c7c813ec4b5597eae09,A,STEP 65D-3,1,68,1.0,0.9714285714285714,52,52,1.0,52,0,True,True,52,2,secondary_metrics_required,unresolved_exact_tie,68.0,70.0,0.0,68.0
15633,1,1,2K01,1,C,d172c1735342b620f8c5d3d347ddf8d0ffa3605ff64bee6bcc7a4ea7c2a52224,B,STEP 65D-3,1,68,1.0,0.9714285714285714,52,52,1.0,52,0,True,True,52,2,secondary_metrics_required,unresolved_exact_tie,68.0,70.0,0.0,68.0
15635,1,1,2K03,1,A,8199149e15bdb59cff701ed981476e440692de86e93b76395d0a77a67cb5a75b,A,STEP 65D-3,1,68,1.0,0.9714285714285714,61,61,1.0,61,0,True,True,61,2,secondary_metrics_required,unresolved_exact_tie,68.0,70.0,0.0,68.0
15635,1,1,2K03,1,C,573ddf87fb8a7ca720f82117819dac6d800eed1eb0ae7865389410e55f85dbe6,C,STEP 65D-3,1,68,1.0,0.9714285714285714,61,61,1.0,61,0,True,True,61,2,secondary_metrics_required,unresolved_exact_tie,68.0,70.0,0.0,68.0
15636,1,1,2K04,1,A,d48470f9ddaa55b66823904ff3be42b9a556c4e4edacb728fe38037483584389,A,STEP 65D-3,1,68,1.0,0.9714285714285714,61,61,1.0,61,0,True,True,61,2,secondary_metrics_required,unresolved_exact_tie,68.0,70.0,0.0,68.0
15636,1,1,2K04,1,C,fae8ec4192df38445b852065346bffb31a18c59b5e796b2e02bba0d17140aa7c,C,STEP 65D-3,1,68,1.0,0.9714285714285714,61,61,1.0,61,0,True,True,61,2,secondary_metrics_required,unresolved_exact_tie,68.0,70.0,0.0,68.0
15637,1,1,2K05,1,A,aa3d3ddbe9fa4fb3912473e331a96a5bd0668f0ec69d773e08553397786f39e3,A,STEP 65D-3,1,68,1.0,0.9714285714285714,60,60,1.0,60,0,True,True,60,2,secondary_metrics_required,unresolved_exact_tie,68.0,70.0,0.0,68.0
15637,1,1,2K05,1,C,1a4ed6ef970fe2afab5b64376efce1f48f94aff2e70eef296bac30fcc036e29f,C,STEP 65D-3,1,68,1.0,0.9714285714285714,60,60,1.0,60,0,True,True,60,2,secondary_metrics_required,unresolved_exact_tie,68.0,70.0,0.0,68.0
15677,1,1,2K1E,1,A,7159377198bcbc8aa1d12ae7b9d25e8d1cbe66a3df6d5f1147bd6da9874719b1,A,STEP 65D-3,1,103,1.0,1.0,100,100,1.0,100,0,True,True,100,8,secondary_metrics_required,unresolved_exact_tie,103.0,103.0,0.0,103.0
15677,1,1,2K1E,1,B,7f3716fab2b822e476a96a41415a72a1c4233a13ff915573c5ca79f45d01c3c3,B,STEP 65D-3,1,103,1.0,1.0,100,100,1.0,100,0,True,True,100,8,secondary_metrics_required,unresolved_exact_tie,103.0,103.0,0.0,103.0
15677,1,1,2K1E,1,C,bed9545167baa00f4042ced4f006dc9dc1245cf4028b7998b135fb2ac92e1bb9,C,STEP 65D-3,1,103,1.0,1.0,100,100,1.0,100,0,True,True,100,8,secondary_metrics_required,unresolved_exact_tie,103.0,103.0,0.0,103.0
15677,1,1,2K1E,1,D,66077210282aa9b206ef9a32be6ffad6690606ba4da745e77d2fd9354ae5d88d,D,STEP 65D-3,1,103,1.0,1.0,100,100,1.0,100,0,True,True,100,8,secondary_metrics_required,unresolved_exact_tie,103.0,103.0,0.0,103.0
15677,1,1,2KB1,1,A,ae173dc171cb740822acfbf1b8ea2c803a275f92c25f870d9facdd918724d7ce,A,STEP 65D-3,1,103,1.0,1.0,100,100,1.0,100,0,True,True,100,8,secondary_metrics_required,unresolved_exact_tie,103.0,103.0,0.0,103.0
15677,1,1,2KB1,1,B,853d4c25fe554e8aea8bb3ba81dd74b35104166462fed3e2db9e24beb1d1b717,B,STEP 65D-3,1,103,1.0,1.0,100,100,1.0,100,0,True,True,100,8,secondary_metrics_required,unresolved_exact_tie,103.0,103.0,0.0,103.0
15677,1,1,2KB1,1,C,1b1edd8c2c213664702af94127bd5a01d12c5fa7ba1e395ba8b3e0ac84e486dc,C,STEP 65D-3,1,103,1.0,1.0,100,100,1.0,100,0,True,True,100,8,secondary_metrics_required,unresolved_exact_tie,103.0,103.0,0.0,103.0
15677,1,1,2KB1,1,D,37fe313205e68f977c0e8ed461c8b71a81db7071458ffdf74f5bc788a4fc7825,D,STEP 65D-3,1,103,1.0,1.0,100,100,1.0,100,0,True,True,100,8,secondary_metrics_required,unresolved_exact_tie,103.0,103.0,0.0,103.0
15691,1,1,2K29,1,A,f272b39f2b9c17966478561775bc8a981da6e3b9558036bfd2cbe24d69bcc01a,A,STEP 65D-3,1,50,1.0,0.9433962264150944,49,48,0.9795918367346939,48,0,True,True,48,2,secondary_metrics_required,unresolved_exact_tie,50.0,53.0,0.0,50.0
15691,1,1,2K29,1,B,aeae22acb41b1e9c94845e6570f00f9ffa9f356637db99ed360c2f77b26e837a,B,STEP 65D-3,1,50,1.0,0.9433962264150944,49,48,0.9795918367346939,48,0,True,True,48,2,secondary_metrics_required,unresolved_exact_tie,50.0,53.0,0.0,50.0
15912,1,2,2K79,1,A,0d3c38c0bcc0e797a4cd74f4ad8b956328e044a4f35d63042e8cfd9ba477db38,A,STEP 65D-3,1,63,1.0,0.984375,59,58,0.9830508474576272,58,0,True,True,58,2,secondary_metrics_required,unresolved_exact_tie,63.0,64.0,0.0,63.0
15912,1,4,2K79,1,A,c200dcdf54dea0cd642d39bbbdf383deb7e2c06ddbafc04cf5d838f9569ea863,A,STEP 65D-3,1,63,1.0,0.984375,59,58,0.9830508474576272,58,0,True,True,58,2,secondary_metrics_required,unresolved_exact_tie,63.0,64.0,0.0,63.0
15916,1,1,2K7I,1,A,84f2e6f7ea29ce5f4597857808acdbe1669ec02a52646bc7d474622e21a24c67,A,STEP 65D-3,1,62,1.0,0.7469879518072289,56,56,1.0,56,0,True,True,56,2,secondary_metrics_required,unresolved_exact_tie,62.0,83.0,0.0,62.0
15916,1,1,2K7I,1,B,e868ce0ade24d844493ba58d91ecddfb6addbd7716492817b2555ae204865896,B,STEP 65D-3,1,62,1.0,0.7469879518072289,56,56,1.0,56,0,True,True,56,2,secondary_metrics_required,unresolved_exact_tie,62.0,83.0,0.0,62.0
15931,1,1,2K7V,1,A,196874736d8df0e80ab679a6ac7c28e9d2799ce8f973706758c9cda17650aa6e,A,STEP 65D-3,1,85,1.0,1.0,70,70,1.0,70,0,True,True,70,2,secondary_metrics_required,unresolved_exact_tie,85.0,85.0,0.0,85.0
15931,1,1,2K7V,1,B,68a538d56b676d115dbecad34e5cb5c67607671690c6f4ac33390c5cef038366,B,STEP 65D-3,1,85,1.0,1.0,70,70,1.0,70,0,True,True,70,2,secondary_metrics_required,unresolved_exact_tie,85.0,85.0,0.0,85.0
15999,1,1,2K9Q,1,A,ea269cc1b7e35006af3a5e4c053d734effe9e08dbdcb695e3dc853c7b8dd801b,A,STEP 65D-3,1,77,1.0,1.0,71,71,1.0,71,0,True,True,71,2,secondary_metrics_required,unresolved_exact_tie,77.0,77.0,0.0,77.0
15999,1,1,2K9Q,1,B,9ba988da019bc21f4fc3d71f670190ff18f8c06e9c7149d04d1d8ff8099ee35d,B,STEP 65D-3,1,77,1.0,1.0,71,71,1.0,71,0,True,True,71,2,secondary_metrics_required,unresolved_exact_tie,77.0,77.0,0.0,77.0
16033,1,1,2KAX,1,A,f1f8df187606c36695e3d2c08cfe15b003e512c913d428a136a2c9920e5edd34,A,STEP 65D-3,1,92,1.0,1.0,89,89,1.0,89,0,True,True,89,2,secondary_metrics_required,unresolved_exact_tie,92.0,92.0,0.0,92.0
16033,1,1,2KAX,1,B,0dea5c737799af0c51c5ce3ab5eb89accddad2ccc6dfef9978714e0e4164d1b7,B,STEP 65D-3,1,92,1.0,1.0,89,89,1.0,89,0,True,True,89,2,secondary_metrics_required,unresolved_exact_tie,92.0,92.0,0.0,92.0
16034,1,1,2KAY,1,A,a1781dcd3f5fa64e8e383047c020ad69777c13ff010c5b0c758e207bf7cf9ae5,A,STEP 65D-3,1,92,1.0,1.0,89,89,1.0,89,0,True,True,89,2,secondary_metrics_required,unresolved_exact_tie,92.0,92.0,0.0,92.0
16034,1,1,2KAY,1,B,0d81de03c04f23b884416b7b2b7709f74521bcf2e2459e656814265d2d8d135e,B,STEP 65D-3,1,92,1.0,1.0,89,89,1.0,89,0,True,True,89,2,secondary_metrics_required,unresolved_exact_tie,92.0,92.0,0.0,92.0
16050,1,1,2KBM,2,A,f9af0771b6820a53d8fd6edbcb9a4bfb9fb6b2687e1238fdb041f7ecbacbb4d7,C,STEP 65D-3,1,93,1.0,1.0,93,93,1.0,93,0,True,True,93,2,secondary_metrics_required,unresolved_exact_tie,93.0,93.0,0.0,93.0
16050,1,1,2KBM,2,B,b76a6b7eb20956ddf9f059f8502cd6b3492791d876402e4c7650974b6d748610,D,STEP 65D-3,1,93,1.0,1.0,93,93,1.0,93,0,True,True,93,2,secondary_metrics_required,unresolved_exact_tie,93.0,93.0,0.0,93.0
16051,1,1,2KBN,1,A,feb9446da3854919bb2855cba899aa4f194b9714e1a784a6c2905402e2826def,A,STEP 65D-3,1,109,1.0,1.0,100,100,1.0,100,0,True,True,100,2,secondary_metrics_required,unresolved_exact_tie,109.0,109.0,0.0,109.0
16051,1,1,2KEN,1,A,c2c11ed4cc2d099b90d6f4dd65bba3ffbb8db2884b1fc44b6cb4b940c6da0d5f,A,STEP 65D-3,1,109,1.0,1.0,100,100,1.0,100,0,True,True,100,2,secondary_metrics_required,unresolved_exact_tie,109.0,109.0,0.0,109.0
16110,1,1,2KDD,1,A,4eb64ba92686077d79e4942df5debe2b76a4ee1051287e8ffa048db6d1fe6e37,A,STEP 65D-3,1,57,1.0,0.75,63,51,0.8095238095238095,51,0,True,True,51,2,secondary_metrics_required,unresolved_exact_tie,57.0,76.0,0.0,57.0
16110,1,1,2KDD,1,B,79ddd4a41de2868016f10a7751fd9238007f694ac510be1469b7b8a973e915d6,B,STEP 65D-3,1,57,1.0,0.75,63,51,0.8095238095238095,51,0,True,True,51,2,secondary_metrics_required,unresolved_exact_tie,57.0,76.0,0.0,57.0
16135,1,1,2KMT,1,A,4f5df80a4d5bb149941b155d90059a7009c319fdc83c27ab383981c8c085af16,A,STEP 65D-3,1,105,1.0,1.0,94,94,1.0,94,0,True,True,94,2,secondary_metrics_required,unresolved_exact_tie,105.0,105.0,0.0,105.0
16135,1,1,2KMT,1,B,9290398c5a29fc6e001c42e716898371181c2024c7725aff96e4a87473ade0f3,B,STEP 65D-3,1,105,1.0,1.0,94,94,1.0,94,0,True,True,94,2,secondary_metrics_required,unresolved_exact_tie,105.0,105.0,0.0,105.0
16153,1,1,2KEL,1,A,9d034ccba65796d727b8a2a6c8f51a9350dd79480c429fb5355fbe790af3d9df,A,STEP 65D-3,1,46,1.0,0.8214285714285714,54,46,0.8518518518518519,46,0,True,True,46,2,secondary_metrics_required,unresolved_exact_tie,46.0,56.0,0.0,46.0
16153,1,1,2KEL,1,B,753453d33420cf1c7a0b980bd7c3cbd23b5da5ca773a6522ee9da4d06c0a2b12,B,STEP 65D-3,1,46,1.0,0.8214285714285714,54,46,0.8518518518518519,46,0,True,True,46,2,secondary_metrics_required,unresolved_exact_tie,46.0,56.0,0.0,46.0
16249,1,1,2KHM,1,A,bf6bbeb577484d983f4140aa4528f3b2b64878be557e2679a1e881fd803c6865,A,STEP 65D-3,1,140,1.0,1.0,133,133,1.0,133,0,True,True,133,2,secondary_metrics_required,unresolved_exact_tie,140.0,140.0,0.0,140.0
16249,1,1,2KHM,1,B,fdb76822ec50fdec2ccf628e7285a33a2ae50e048a6d22613981631a58ec4eb2,B,STEP 65D-3,1,140,1.0,1.0,133,133,1.0,133,0,True,True,133,2,secondary_metrics_required,unresolved_exact_tie,140.0,140.0,0.0,140.0
16258,1,1,2KHZ,1,A,2ab6c6abf8ee0dbcc7833785ba2315eb19ae28b8dd65da601833db4f09f181c3,A,STEP 65D-3,1,163,1.0,0.9878787878787879,144,144,1.0,144,0,True,True,144,2,secondary_metrics_required,unresolved_exact_tie,163.0,165.0,0.0,163.0
16258,1,1,2KHZ,1,B,0619e708e1f4a562e009963a1702de9e841dfaa069b7a882d5ac5aaa0ae1fea2,B,STEP 65D-3,1,163,1.0,0.9878787878787879,144,144,1.0,144,0,True,True,144,2,secondary_metrics_required,unresolved_exact_tie,163.0,165.0,0.0,163.0
16347,1,1,2KJZ,1,A,5ef8cac532cfca72679a6c3852cb72f8bdc60bbd7b29e5150fe073f20952d9d1,A,STEP 65D-3,1,122,1.0,0.8472222222222222,110,110,1.0,110,0,True,True,110,2,secondary_metrics_required,unresolved_exact_tie,122.0,144.0,0.0,122.0
16347,1,1,2KJZ,1,B,0126914cf2349348e528e2fc6ed5120a9bfc4d8347e578cdcbc24aed0ddac720,B,STEP 65D-3,1,122,1.0,0.8472222222222222,110,110,1.0,110,0,True,True,110,2,secondary_metrics_required,unresolved_exact_tie,122.0,144.0,0.0,122.0
16368,1,1,2KKO,1,A,c86db093de7654e39a30a761010f55a191c4261f6e291ce3b63b1e344db619bf,A,STEP 65D-3,1,108,1.0,0.9908256880733946,103,103,1.0,103,0,True,True,103,2,secondary_metrics_required,unresolved_exact_tie,108.0,109.0,0.0,108.0
16368,1,1,2KKO,1,B,87a6d88d1708105de408ea122255f7b66d9e23352b07928918a15391f9dc19ed,B,STEP 65D-3,1,108,1.0,0.9908256880733946,103,103,1.0,103,0,True,True,103,2,secondary_metrics_required,unresolved_exact_tie,108.0,109.0,0.0,108.0
16486,1,1,2KO1,1,A,0f0311838324a7715ae5158b3039d66d4a394578803fe52e684266b67c0267ca,A,STEP 65D-3,1,88,1.0,1.0,81,81,1.0,81,0,True,True,81,2,secondary_metrics_required,unresolved_exact_tie,88.0,88.0,0.0,88.0
16486,1,1,2KO1,1,B,6723a71b7fc1adf6b4e548cecc35de596e008fb56118a1c83899d804e7100bfa,B,STEP 65D-3,1,88,1.0,1.0,81,81,1.0,81,0,True,True,81,2,secondary_metrics_required,unresolved_exact_tie,88.0,88.0,0.0,88.0
16492,1,1,9CCH,1,A,637ed45e95503ee400ea4326cc84833352bf3a66955d59dd6cf304e76e4d9fe6,A,STEP 65D-6,1,53,1.0,1.0,50,49,0.98,49,0,True,True,49,3,secondary_metrics_required,unresolved_exact_tie,52.0,53.0,0.0,52.0
16492,1,1,9CCH,1,B,62fc1d87e0001efcb118091d5acd24d97a449ed2b50fe3b6a6d0355ac524051a,B,STEP 65D-6,1,53,1.0,1.0,50,49,0.98,49,0,True,True,49,3,secondary_metrics_required,unresolved_exact_tie,52.0,53.0,0.0,52.0
16492,1,1,9CCH,1,C,25507e6cffa4dd6420e3dea8663054939ad8bbd3cb4554831cc65315fbe126e5,C,STEP 65D-6,1,53,1.0,1.0,50,49,0.98,49,0,True,True,49,3,secondary_metrics_required,unresolved_exact_tie,52.0,53.0,0.0,52.0
16606,1,1,2KQM,1,A,1a5b8bddf85eaf44bbc859991aa2671c158d2b93cf707bec8c19131f98586c82,A,STEP 65D-3,1,108,1.0,0.9818181818181818,101,101,1.0,101,0,True,True,101,2,secondary_metrics_required,unresolved_exact_tie,108.0,110.0,0.0,108.0
16606,1,1,2KQM,1,B,295ae1b7a776ac5815a2f88b0572a1442da0e662208271c49017c2ec72106fcc,B,STEP 65D-3,1,108,1.0,0.9818181818181818,101,101,1.0,101,0,True,True,101,2,secondary_metrics_required,unresolved_exact_tie,108.0,110.0,0.0,108.0
16607,1,1,2KQN,1,A,e1e0e38e2c8a8881c0d835c53b861beaddc9735dfcdda439c382a12e89183b62,A,STEP 65D-3,1,108,1.0,0.9818181818181818,100,100,1.0,100,0,True,True,100,2,secondary_metrics_required,unresolved_exact_tie,108.0,110.0,0.0,108.0
16607,1,1,2KQN,1,B,ae5ccf5e3f22deb5d1fd1eba15d1c8c26a74ccba787d8946c6e8864b3986e9dc,B,STEP 65D-3,1,108,1.0,0.9818181818181818,100,100,1.0,100,0,True,True,100,2,secondary_metrics_required,unresolved_exact_tie,108.0,110.0,0.0,108.0
16632,1,1,2KR9,1,A,798c2d45fc77110ac595600fa1d63bed98de79fd168ddc94b959c4991015b656,A,STEP 65D-3,1,190,1.0,1.0,180,180,1.0,180,0,True,True,180,2,secondary_metrics_required,unresolved_exact_tie,190.0,190.0,0.0,190.0
16632,1,2,2KR9,1,A,9be6520a40c8172ee876529ec64cdc443b6a22a6f65c072435af8b8f0082c668,A,STEP 65D-3,1,190,1.0,1.0,180,180,1.0,180,0,True,True,180,2,secondary_metrics_required,unresolved_exact_tie,190.0,190.0,0.0,190.0
16636,1,1,2KRF,1,A,add35345032d0977925a6238635efaf87f78a3adffa441946f3c4a3cc3159a8f,A,STEP 65D-3,1,69,1.0,0.9452054794520548,69,67,0.9710144927536232,67,0,True,True,67,2,secondary_metrics_required,unresolved_exact_tie,69.0,73.0,0.0,69.0
16636,1,1,2KRF,1,B,19447f3b470376c451806ee3b24007368a0263b9b588bd3e0ce8215b3e19ac5c,B,STEP 65D-3,1,69,1.0,0.9452054794520548,69,67,0.9710144927536232,67,0,True,True,67,2,secondary_metrics_required,unresolved_exact_tie,69.0,73.0,0.0,69.0
16656,1,1,2KS0,1,A,dd376180d91e2f44e748886437e56d8cfa1f3b2d2492b0f73fa998ea85ea7992,A,STEP 65D-3,1,66,1.0,0.9295774647887324,63,63,1.0,63,0,True,True,63,2,secondary_metrics_required,unresolved_exact_tie,66.0,71.0,0.0,66.0
16656,1,1,2KS0,1,B,c3e20e60bb1ddea8d348027db33de7bb3c1fab866907937233db6b0aca85ff19,B,STEP 65D-3,1,66,1.0,0.9295774647887324,63,63,1.0,63,0,True,True,63,2,secondary_metrics_required,unresolved_exact_tie,66.0,71.0,0.0,66.0
16808,1,1,2KW6,1,A,1fb0cbce63af211929f5cf2eae583c45b03f820e97d494887e02efc52c6492ce,A,STEP 65D-3,1,65,1.0,1.0,52,52,1.0,52,0,True,True,52,2,secondary_metrics_required,unresolved_exact_tie,65.0,65.0,0.0,65.0
16808,1,1,2KW6,1,B,51136a5932e95ab6d7d7b9071214a4fe31374ca0d5396a7d8fc2a4e377504e77,B,STEP 65D-3,1,65,1.0,1.0,52,52,1.0,52,0,True,True,52,2,secondary_metrics_required,unresolved_exact_tie,65.0,65.0,0.0,65.0
16809,2,1,2K7A,2,B,04ee589abfab689f0aa1ff3638163f360137283b74f24f3bd94308c1acd9d27b,B,STEP 65D-3,1,108,1.0,1.0,101,101,1.0,101,0,True,True,101,2,secondary_metrics_required,unresolved_exact_tie,108.0,108.0,0.0,108.0
16809,2,2,2K7A,2,B,f579f25160fa21f5ed280e6fc0671af7c318a8f3b6dc51e63d9174b70fc3d4e4,B,STEP 65D-3,1,108,1.0,1.0,101,101,1.0,101,0,True,True,101,2,secondary_metrics_required,unresolved_exact_tie,108.0,108.0,0.0,108.0
16871,1,1,2JWE,1,A,4d053a167b126a6312d82c151941be1b9c249458c2e54838060b741474584683,A,STEP 65D-3,1,82,1.0,0.9318181818181818,81,81,1.0,81,0,True,True,81,2,secondary_metrics_required,unresolved_exact_tie,82.0,88.0,0.0,82.0
16871,1,1,2JWE,1,B,a02ccee919c7056a635550b328cd6979eaaf799ce47eb711720231567f3fe444,B,STEP 65D-3,1,82,1.0,0.9318181818181818,81,81,1.0,81,0,True,True,81,2,secondary_metrics_required,unresolved_exact_tie,82.0,88.0,0.0,82.0
16879,1,1,6GBD,1,A,8104adbffdf527e8db942c1f120887ccaa78d306a095d021577fc547abe548a4,A,STEP 65D-3,1,119,1.0,1.0,96,96,1.0,96,0,True,True,96,2,secondary_metrics_required,unresolved_exact_tie,119.0,119.0,0.0,119.0
16879,1,1,6GBE,1,A,b79fe2cfcc4a1436bb66f1d304a16bce2c5ab698e7e6ef461ec6e1ca9f12cf6c,A,STEP 65D-3,1,119,1.0,1.0,96,96,1.0,96,0,True,True,96,2,secondary_metrics_required,unresolved_exact_tie,119.0,119.0,0.0,119.0
16961,1,1,2KYI,1,A,13724d267ecd8424dce07ecb6aa37eeff320abfbe119f13aa1739b9f666df6c6,A,STEP 65D-3,1,71,1.0,1.0,63,63,1.0,63,0,True,True,63,2,secondary_metrics_required,unresolved_exact_tie,71.0,71.0,0.0,71.0
16961,1,1,2KYI,1,B,e59bd3b2c02649c11baf356e2c8d91b614751e2b4e0a88a8a856876ec09437c3,B,STEP 65D-3,1,71,1.0,1.0,63,63,1.0,63,0,True,True,63,2,secondary_metrics_required,unresolved_exact_tie,71.0,71.0,0.0,71.0
17025,1,1,2L01,1,A,630ebd4ec34d96df4bdb5ab65f1f0350e26e7509f2d7b4bd9e31b34d13c98568,A,STEP 65D-3,1,77,1.0,1.0,69,69,1.0,69,0,True,True,69,2,secondary_metrics_required,unresolved_exact_tie,77.0,77.0,0.0,77.0
17025,1,1,2L01,1,B,52747d6a82bd7db06bc66566f8bd093064bd89094f497eb5005bc49a01a3d97c,B,STEP 65D-3,1,77,1.0,1.0,69,69,1.0,69,0,True,True,69,2,secondary_metrics_required,unresolved_exact_tie,77.0,77.0,0.0,77.0
17026,1,1,2L02,1,A,e6e88a270ff90ea5cd1970a70d573df168de144531a7465dedf08e434def3bc9,A,STEP 65D-3,1,82,1.0,1.0,74,74,1.0,74,0,True,True,74,2,secondary_metrics_required,unresolved_exact_tie,82.0,82.0,0.0,82.0
17026,1,1,2L02,1,B,6391536b527f9ef73be70417a4875aee0a6d302aced2026a431a6da01ffd565a,B,STEP 65D-3,1,82,1.0,1.0,74,74,1.0,74,0,True,True,74,2,secondary_metrics_required,unresolved_exact_tie,82.0,82.0,0.0,82.0
17031,1,1,2L06,1,A,52d5b842a055535defb47a811a651f53bf876fa2edc43d567b3b89ae157fb800,A,STEP 65D-3,1,155,1.0,1.0,136,136,1.0,136,0,True,True,136,2,secondary_metrics_required,unresolved_exact_tie,155.0,155.0,0.0,155.0
17031,1,1,7TZ8,1,A,919356e58417ef95da0b96ad4610f1f32acbf1612a8e69ea0353d568d71133cb,A,STEP 65D-3,1,155,1.0,1.0,136,136,1.0,136,0,True,True,136,2,secondary_metrics_required,unresolved_exact_tie,155.0,155.0,0.0,155.0
17175,1,1,2L3A,1,A,8eecb2e8a7b7f726bd7a54415abe2f452d5ad886f51b77569b226ad52be85547,A,STEP 65D-3,1,82,1.0,1.0,79,79,1.0,79,0,True,True,79,2,secondary_metrics_required,unresolved_exact_tie,82.0,82.0,0.0,82.0
17175,1,1,2L3A,1,B,c49c9f1d6024630f38a4408269b25170e585d1513a6c4f8386f069eae6235457,B,STEP 65D-3,1,82,1.0,1.0,79,79,1.0,79,0,True,True,79,2,secondary_metrics_required,unresolved_exact_tie,82.0,82.0,0.0,82.0
17233,1,1,2L48,1,A,3d9fc1547ef16f8f1cb93b22c42d491d7fe0fc6a79e9f19d29cd477206078dc7,A,STEP 65D-3,1,85,1.0,1.0,77,77,1.0,77,0,True,True,77,2,secondary_metrics_required,unresolved_exact_tie,85.0,85.0,0.0,85.0
17233,1,1,2L48,1,B,4b310b656ab37dbbfa619e6e4682ea5d694bf55d29b83de2a37a76d63f2e40fe,B,STEP 65D-3,1,85,1.0,1.0,77,77,1.0,77,0,True,True,77,2,secondary_metrics_required,unresolved_exact_tie,85.0,85.0,0.0,85.0
17261,1,1,2L50,1,A,af47c57c66651d91d5b4e125c6706db71fa0e63346d7f08008601a7a0f07c341,A,STEP 65D-3,1,102,1.0,1.0,97,97,1.0,97,0,True,True,97,2,secondary_metrics_required,unresolved_exact_tie,102.0,102.0,0.0,102.0
17261,1,1,2L50,1,B,aefb665471aad39008320c0a7a6d1ac0522ecde1d6dee56ef29771eb29a78d2b,B,STEP 65D-3,1,102,1.0,1.0,97,97,1.0,97,0,True,True,97,2,secondary_metrics_required,unresolved_exact_tie,102.0,102.0,0.0,102.0
17262,1,1,2L51,1,A,86a820a61cfac61b1c6a4dd58d9b2ffa20b6e0e8186a814ba6be167bcac6aa27,A,STEP 65D-3,1,102,1.0,1.0,98,98,1.0,98,0,True,True,98,2,secondary_metrics_required,unresolved_exact_tie,102.0,102.0,0.0,102.0
17262,1,1,2L51,1,B,b1de5cb3b0aedb8f277d4252be420f4d74709298a27ef23aa41040d702995851,B,STEP 65D-3,1,102,1.0,1.0,98,98,1.0,98,0,True,True,98,2,secondary_metrics_required,unresolved_exact_tie,102.0,102.0,0.0,102.0
17288,1,1,2MF2,1,A,774b92fab441d5f818482ce8114b6cabbeafaeffaea3fd88df2c21197eeaa3db,A,STEP 65D-3,1,132,1.0,1.0,110,110,1.0,110,0,True,True,110,2,secondary_metrics_required,unresolved_exact_tie,132.0,132.0,0.0,132.0
17288,1,1,2MF2,1,B,13075ffc572dcb0c6efbb0b2716d5b40b5b18873c3db5a2d2277033ebeb6fab0,B,STEP 65D-3,1,132,1.0,1.0,110,110,1.0,110,0,True,True,110,2,secondary_metrics_required,unresolved_exact_tie,132.0,132.0,0.0,132.0
17425,1,1,2L8T,1,A,15fab2f094caf47144190d1b008b5dc7c24e37d883f2350538f53681fad7537d,A,STEP 65D-3,1,71,1.0,1.0,63,63,1.0,63,0,True,True,63,2,secondary_metrics_required,unresolved_exact_tie,71.0,71.0,0.0,71.0
17425,1,1,2L8T,1,B,7db8125d9573efe8de7d8820d4f0dfae18af457488238745c5e6c074705978e8,B,STEP 65D-3,1,71,1.0,1.0,63,63,1.0,63,0,True,True,63,2,secondary_metrics_required,unresolved_exact_tie,71.0,71.0,0.0,71.0
17453,1,1,2L9H,1,A,b04de16ef1ea9d528d57890cfca4dc46a22ce3f7cd771d08e6db334e30e3cd8a,A,STEP 65D-3,1,67,1.0,0.9852941176470589,58,58,1.0,58,0,True,True,58,2,secondary_metrics_required,unresolved_exact_tie,67.0,68.0,0.0,67.0
17453,1,1,2L9H,1,C,b82384415ef8ccdf1561d581e624f076364bc3a0557b7a8d299b831450236490,C,STEP 65D-3,1,67,1.0,0.9852941176470589,58,58,1.0,58,0,True,True,58,2,secondary_metrics_required,unresolved_exact_tie,67.0,68.0,0.0,67.0
17488,1,1,2L9U,1,A,b76bd13023b1e9a84b50717bf2b3e145ce81927f887118387154432b63e942c0,A,STEP 65D-3,1,40,1.0,1.0,40,40,1.0,40,0,True,True,40,2,secondary_metrics_required,unresolved_exact_tie,40.0,40.0,0.0,40.0
17488,1,1,2L9U,1,B,3144450d422b9714e09084f77e9cc406962de406ea2073bcc78e608a4df9102b,B,STEP 65D-3,1,40,1.0,1.0,40,40,1.0,40,0,True,True,40,2,secondary_metrics_required,unresolved_exact_tie,40.0,40.0,0.0,40.0
17561,1,1,2LBH,1,A,51177ee647976ca7f6fbbaea4502dfd640928d2bea4b99035771ea942a139ed9,A,STEP 65D-3,1,92,1.0,1.0,68,68,1.0,68,0,True,True,68,2,secondary_metrics_required,unresolved_exact_tie,92.0,92.0,0.0,92.0
17561,1,1,2LBH,1,B,55b32cd8660dea8d841df818ca024f246330077ee92428212eadb85d5c3a6e49,B,STEP 65D-3,1,92,1.0,1.0,68,68,1.0,68,0,True,True,68,2,secondary_metrics_required,unresolved_exact_tie,92.0,92.0,0.0,92.0
17643,1,1,2MWG,1,A,c2607910c49aaf94cc4c4eea497bbd617ecb32062182fbfe228107b1c5207cbc,A,STEP 65D-3,1,261,1.0,1.0,241,241,1.0,241,0,True,True,241,2,secondary_metrics_required,unresolved_exact_tie,261.0,261.0,0.0,261.0
17643,1,1,2MWG,1,B,53f0fc116d7ec1a87b53fb74f60baf8824c420c9ffe54ebac4b759446daa73d8,B,STEP 65D-3,1,261,1.0,1.0,241,241,1.0,241,0,True,True,241,2,secondary_metrics_required,unresolved_exact_tie,261.0,261.0,0.0,261.0
17689,1,1,2LE2,1,A,ae84d35d65c67b81e6416c17422e33c78209f32a22b7a9e21fa7cfd4ce7408f5,A,STEP 65D-3,1,56,1.0,1.0,53,53,1.0,53,0,True,True,53,2,secondary_metrics_required,unresolved_exact_tie,56.0,56.0,0.0,56.0
17689,1,1,2LE2,1,B,07afab33a9e63618b815477faae2dd1e08cef1865a323175998428df3aea3e25,B,STEP 65D-3,1,56,1.0,1.0,53,53,1.0,53,0,True,True,53,2,secondary_metrics_required,unresolved_exact_tie,56.0,56.0,0.0,56.0
17704,1,1,2LE9,1,A,20b973be3e06084836eb9032f9f05adc6dbb68833d890cd6b59a18daa41f2339,A,STEP 65D-3,1,93,1.0,1.0,74,74,1.0,74,0,True,True,74,2,secondary_metrics_required,unresolved_exact_tie,93.0,93.0,0.0,93.0
17704,1,1,2LE9,1,D,e2e56eab7381214427276baae0b70d8c2a252f384832d296ed0a9236605621ff,D,STEP 65D-3,1,93,1.0,1.0,74,74,1.0,74,0,True,True,74,2,secondary_metrics_required,unresolved_exact_tie,93.0,93.0,0.0,93.0
17753,1,1,2LFH,1,A,1b96c8c5263077beb8e71be981ad3534755db43f142149eed28cf7f80f4251f4,A,STEP 65D-3,1,68,1.0,1.0,44,44,1.0,44,0,True,True,44,2,secondary_metrics_required,unresolved_exact_tie,68.0,68.0,0.0,68.0
17753,1,1,2LFH,1,B,f9061af8f3dd9da9009c168c3808471491178a8422219d226397debf7b26cfbf,B,STEP 65D-3,1,68,1.0,1.0,44,44,1.0,44,0,True,True,44,2,secondary_metrics_required,unresolved_exact_tie,68.0,68.0,0.0,68.0
17771,1,1,2M0J,1,A,291e763b36bee67826e27d9bbf54496ab6fbf303a3dd68285a44f88bfd05782a,A,STEP 65D-3,1,148,1.0,1.0,143,143,1.0,143,0,True,True,143,2,secondary_metrics_required,unresolved_exact_tie,148.0,148.0,0.0,148.0
17771,1,1,2M0K,1,A,ae22b3d8f031ca8af1bf86feec12ee3495689b8ffbebf4ba907e92576e3c01d2,A,STEP 65D-3,1,148,1.0,1.0,143,143,1.0,143,0,True,True,143,2,secondary_metrics_required,unresolved_exact_tie,148.0,148.0,0.0,148.0
17772,1,1,3ZTG,1,A,9daa6ce0e2e930c51b15eb5b411a473f3106a5df77ef76e6b7b2aefa8e4c02de,A,STEP 65D-3,1,92,1.0,1.0,83,83,1.0,83,0,True,True,83,2,secondary_metrics_required,unresolved_exact_tie,92.0,92.0,0.0,92.0
17772,1,1,3ZTG,1,B,79803b3ce98a61e3abbde40726251df2f2dd6b7f33b44cea74c44f5347d18033,B,STEP 65D-3,1,92,1.0,1.0,83,83,1.0,83,0,True,True,83,2,secondary_metrics_required,unresolved_exact_tie,92.0,92.0,0.0,92.0
17775,1,1,2LFR,1,A,122357c53fd33205ab27211a156012e3245bc32ebf7b06debf17239bff92d9da,A,STEP 65D-3,1,111,1.0,0.9910714285714286,100,100,1.0,100,0,True,True,100,2,secondary_metrics_required,unresolved_exact_tie,111.0,112.0,0.0,111.0
17775,1,1,2LFR,1,B,0f81d7146a734bfb399ec80f2e97149d3174b5c21db2488aec89fa78f72b508f,B,STEP 65D-3,1,111,1.0,0.9910714285714286,100,100,1.0,100,0,True,True,100,2,secondary_metrics_required,unresolved_exact_tie,111.0,112.0,0.0,111.0
17776,1,1,2LFS,1,A,c52b7f74ed7e2d5d14547c2d34643be6c5c154884a567211a76d5340bc1aea56,A,STEP 65D-3,1,111,1.0,0.9910714285714286,92,92,1.0,92,0,True,True,92,2,secondary_metrics_required,unresolved_exact_tie,111.0,112.0,0.0,111.0
17776,1,1,2LFS,1,B,07c6be967afabd8973ea935fc74a73b79869684e1ed4c538429bfec86a33b03a,B,STEP 65D-3,1,111,1.0,0.9910714285714286,92,92,1.0,92,0,True,True,92,2,secondary_metrics_required,unresolved_exact_tie,111.0,112.0,0.0,111.0
17832,1,1,2LH0,1,A,75dbc1b2ca54ca7c106593ea0791658dcd318fb5332bb12fde2b721e77453ee5,A,STEP 65D-3,1,70,1.0,1.0,63,63,1.0,63,0,True,True,63,2,secondary_metrics_required,unresolved_exact_tie,70.0,70.0,0.0,70.0
17832,1,1,2LH0,1,B,18f1e7bd68210aa1d496db6ca418e681f9649178d139b0ab6f4cab6f5c83a8a0,B,STEP 65D-3,1,70,1.0,1.0,63,63,1.0,63,0,True,True,63,2,secondary_metrics_required,unresolved_exact_tie,70.0,70.0,0.0,70.0
17856,1,1,2LHK,1,A,103681cf104d3cac27e5413bf8ac59c1bcb41ee3c9d6f5f2b84ca5eeefca2694,A,STEP 65D-3,1,107,1.0,1.0,94,94,1.0,94,0,True,True,94,2,secondary_metrics_required,unresolved_exact_tie,107.0,107.0,0.0,107.0
17856,1,1,2LHK,1,B,b197acf635c8968e7cd5fcafb700bea206ad95887d589f18d3f264861fab3e35,B,STEP 65D-3,1,107,1.0,1.0,94,94,1.0,94,0,True,True,94,2,secondary_metrics_required,unresolved_exact_tie,107.0,107.0,0.0,107.0
17857,1,1,2M3W,1,A,f761f5104088a1b8ed25a33837700a26036a8bae9a3a5f44bd419a84a75dc8cb,A,STEP 65D-3,1,93,1.0,1.0,91,91,1.0,91,0,True,True,91,2,secondary_metrics_required,unresolved_exact_tie,93.0,93.0,0.0,93.0
17857,1,1,2M3W,1,B,6a5dccd7a4ab06e28c5573c2200ac3a073de7e1306534254f7dbd397e5f28f79,B,STEP 65D-3,1,93,1.0,1.0,91,91,1.0,91,0,True,True,91,2,secondary_metrics_required,unresolved_exact_tie,93.0,93.0,0.0,93.0
17892,1,1,2LYJ,1,A,5082f89015c8a1901425066d8d50b2604994e850165b41a8f2e03fed45edcc6a,A,STEP 65D-3,1,66,1.0,1.0,62,62,1.0,62,0,True,True,62,2,secondary_metrics_required,unresolved_exact_tie,66.0,66.0,0.0,66.0
17892,1,1,2LYJ,1,B,518d63df1afde280306a67360a322e1b395b0fe94d5a8a7f6b3bede7597a1cec,B,STEP 65D-3,1,66,1.0,1.0,62,62,1.0,62,0,True,True,62,2,secondary_metrics_required,unresolved_exact_tie,66.0,66.0,0.0,66.0
17893,1,1,2LYK,1,A,f8ecede08884c5c76bba63fa84785323650aa19a4bd40caa31424cf124c428a1,A,STEP 65D-3,1,66,1.0,1.0,62,62,1.0,62,0,True,True,62,2,secondary_metrics_required,unresolved_exact_tie,66.0,66.0,0.0,66.0
17893,1,1,2LYK,1,B,011d3212e831c658ec5b83af4dfc1ac99850c3d26b564fb4c1428d7defd1e20a,B,STEP 65D-3,1,66,1.0,1.0,62,62,1.0,62,0,True,True,62,2,secondary_metrics_required,unresolved_exact_tie,66.0,66.0,0.0,66.0
17894,1,1,2LYL,1,A,9eb6d05e7bcf1acab87fbfb059a2033e65ed0026259aa9435854c81ce08807a5,A,STEP 65D-3,1,66,1.0,1.0,61,61,1.0,61,0,True,True,61,2,secondary_metrics_required,unresolved_exact_tie,66.0,66.0,0.0,66.0
17894,1,1,2LYL,1,B,b5b2b39680d72ecedeaf1447adc655d2c6c92158090edbafdc44acec9e4792fa,B,STEP 65D-3,1,66,1.0,1.0,61,61,1.0,61,0,True,True,61,2,secondary_metrics_required,unresolved_exact_tie,66.0,66.0,0.0,66.0
17968,1,1,2LJY,1,A,ed223027538081f953b590f5efa877c25a04a854d309ffed2fbed7f7d9aed4a5,A,STEP 65D-3,1,70,1.0,0.8536585365853658,76,66,0.868421052631579,66,0,True,True,66,2,secondary_metrics_required,unresolved_exact_tie,70.0,82.0,0.0,70.0
17968,1,1,2LJY,1,B,5d566d0839bcbb3260abc7fe02dc5f22cfb772e523ad31fd480ee52a5807102f,B,STEP 65D-3,1,70,1.0,0.8536585365853658,76,66,0.868421052631579,66,0,True,True,66,2,secondary_metrics_required,unresolved_exact_tie,70.0,82.0,0.0,70.0
18003,1,1,2LKP,1,A,24ade8d938fd04806f90564b6694d336fbce7d0a9e87125dfae7286dfc935f3a,A,STEP 65D-3,1,119,1.0,1.0,108,108,1.0,108,0,True,True,108,4,secondary_metrics_required,unresolved_exact_tie,119.0,119.0,0.0,119.0
18003,1,2,2LKP,1,A,1f283bd9ab6ca59ae425047a5028300d388999f7acbac59531d0919aa4c45601,A,STEP 65D-3,1,119,1.0,1.0,108,108,1.0,108,0,True,True,108,4,secondary_metrics_required,unresolved_exact_tie,119.0,119.0,0.0,119.0
18003,1,1,2LKP,1,B,93de6c705e02828762b85a62b16a8e8597924f839c506d6e3dc4e26204505797,B,STEP 65D-3,1,119,1.0,1.0,108,108,1.0,108,0,True,True,108,4,secondary_metrics_required,unresolved_exact_tie,119.0,119.0,0.0,119.0
18003,1,2,2LKP,1,B,41566aa5c08d5bba675827c581a3e4eae589f3ea5c633afaadcdc077e7d609c5,B,STEP 65D-3,1,119,1.0,1.0,108,108,1.0,108,0,True,True,108,4,secondary_metrics_required,unresolved_exact_tie,119.0,119.0,0.0,119.0
18087,1,1,2LLS,1,A,033ace654f1c2d0041c9ad03da33ee485787e9635b845cf7f7c88db9dabbaa95,A,STEP 65D-3,1,93,1.0,1.0,86,86,1.0,86,0,True,True,86,2,secondary_metrics_required,unresolved_exact_tie,93.0,93.0,0.0,93.0
18087,1,1,2LLS,1,B,b6db0b7e77afa7778a4972ce40b85c4875c606ad878b46fb9809f6a79c671a2e,B,STEP 65D-3,1,93,1.0,1.0,86,86,1.0,86,0,True,True,86,2,secondary_metrics_required,unresolved_exact_tie,93.0,93.0,0.0,93.0
18088,1,1,2LLT,1,A,69b3257c20dffb06c4047faadf590653d7eba4d627311f831a06a95d7258c9df,A,STEP 65D-6,1,93,1.0,1.0,91,90,0.989010989010989,90,0,True,True,90,2,secondary_metrics_required,unresolved_exact_tie,92.0,93.0,0.0,92.0
18088,1,1,2LLT,1,B,87201575f21cca2bccb65d2f50091e722181e8c5631a5e4cef1ac0d4e324c23b,B,STEP 65D-6,1,93,1.0,1.0,91,90,0.989010989010989,90,0,True,True,90,2,secondary_metrics_required,unresolved_exact_tie,92.0,93.0,0.0,92.0
18089,1,1,2LLU,1,A,39875242618833cf2729a1dbfe7fc181e31c68706c13b12d0ccf0c58eaf5e83a,A,STEP 65D-3,1,93,1.0,1.0,91,91,1.0,91,0,True,True,91,2,secondary_metrics_required,unresolved_exact_tie,93.0,93.0,0.0,93.0
18089,1,1,2LLU,1,B,29c18443a40d4ec6458f8b6f4e92374100a4337cf4b32a60a52cb8f0805de9b2,B,STEP 65D-3,1,93,1.0,1.0,91,91,1.0,91,0,True,True,91,2,secondary_metrics_required,unresolved_exact_tie,93.0,93.0,0.0,93.0
18125,1,1,2MF6,1,A,290d606a9d76e2f2c671b52b25bb7496aa3a9895c0a637c29fd73f3f21efbf50,A,STEP 65D-3,1,129,1.0,1.0,116,116,1.0,116,0,True,True,116,4,secondary_metrics_required,unresolved_exact_tie,129.0,129.0,0.0,129.0
18125,1,1,2MF6,1,B,cc0e294b73f472f5cb7d67867108321e44c10f991d44986c37549c6488a97ce5,C,STEP 65D-3,1,129,1.0,1.0,116,116,1.0,116,0,True,True,116,4,secondary_metrics_required,unresolved_exact_tie,129.0,129.0,0.0,129.0
18125,1,1,2MF6,1,C,964bb82b3926660c1b1f4f0050fea66bd820900f4b52bc269f22d208a105f4fc,D,STEP 65D-3,1,129,1.0,1.0,116,116,1.0,116,0,True,True,116,4,secondary_metrics_required,unresolved_exact_tie,129.0,129.0,0.0,129.0
18125,1,1,2MF6,1,D,e040c089f2b49bcf2e4dbc4106da04e0f716c7adaa883bcfed57d4decbeb1663,B,STEP 65D-3,1,129,1.0,1.0,116,116,1.0,116,0,True,True,116,4,secondary_metrics_required,unresolved_exact_tie,129.0,129.0,0.0,129.0
18132,1,1,4AAI,1,A,17f613f2aca72a625dda4292010f0d4a0346d066df9b52bd11937328d127fa6e,A,STEP 65D-3,1,73,1.0,1.0,69,69,1.0,69,0,True,True,69,2,secondary_metrics_required,unresolved_exact_tie,73.0,73.0,0.0,73.0
18132,1,1,4AAI,1,B,48d01ff428580805478b4188c110b7c9713756a4e20014b05060b30d58fddf88,B,STEP 65D-3,1,73,1.0,1.0,69,69,1.0,69,0,True,True,69,2,secondary_metrics_required,unresolved_exact_tie,73.0,73.0,0.0,73.0
18169,2,1,2LNK,2,A,2fe329bb32b6a4cf969e0232b02ba23c41f8fb0d956159eff033ccf84691901f,B,STEP 65D-3,1,101,1.0,1.0,96,96,1.0,96,0,True,True,96,4,secondary_metrics_required,unresolved_exact_tie,101.0,101.0,0.0,101.0
18169,2,2,2LNK,2,A,b28023c0b72a15867b64e8bbbf6a495459d55a3e81060e6ff6c30585746c22d9,B,STEP 65D-3,1,101,1.0,1.0,96,96,1.0,96,0,True,True,96,4,secondary_metrics_required,unresolved_exact_tie,101.0,101.0,0.0,101.0
18169,2,1,2LNK,2,B,53d62540b8962d34336c0114a41ef759ed0b64b2cd29d4479b18a1b3cef73904,C,STEP 65D-3,1,101,1.0,1.0,96,96,1.0,96,0,True,True,96,4,secondary_metrics_required,unresolved_exact_tie,101.0,101.0,0.0,101.0
18169,2,2,2LNK,2,B,578bfc99b6a6c27f9aab0a67cf77ec43e20e4f5b1b3f07187d0aceaf576acd8e,C,STEP 65D-3,1,101,1.0,1.0,96,96,1.0,96,0,True,True,96,4,secondary_metrics_required,unresolved_exact_tie,101.0,101.0,0.0,101.0
18178,1,1,2LNS,1,A,9a806e869cbae67c9b350177f98d321bd9c3907579183745fdf1b1a42d8ac8f0,A,STEP 65D-3,1,140,1.0,1.0,128,128,1.0,128,0,True,True,128,2,secondary_metrics_required,unresolved_exact_tie,140.0,140.0,0.0,140.0
18178,1,1,2LNS,1,B,6b132d801ddbe65e0666d86cb39c2e5e73bd2835a5fb8c41b6164acfbd78830f,B,STEP 65D-3,1,140,1.0,1.0,128,128,1.0,128,0,True,True,128,2,secondary_metrics_required,unresolved_exact_tie,140.0,140.0,0.0,140.0
18186,1,1,2LNZ,1,A,d869654c43bc0c3ac9ef7985436eb0fb944a5d2b8c27c720b9b217338111a9ac,A,STEP 65D-3,1,40,1.0,0.625,55,39,0.7090909090909091,39,0,True,True,39,2,secondary_metrics_required,unresolved_exact_tie,40.0,64.0,0.0,40.0
18186,1,1,2LNZ,1,B,04af55b57b63005a7a14327d5305e34f908aa9980fe589a61a6ac322960cae1d,B,STEP 65D-3,1,40,1.0,0.625,55,39,0.7090909090909091,39,0,True,True,39,2,secondary_metrics_required,unresolved_exact_tie,40.0,64.0,0.0,40.0
18193,1,1,2LQK,1,A,5d699a4ebe913119b96594ab66929dad9d15bf29d537a7bbd2f88b262bd95647,A,STEP 65D-3,1,70,1.0,1.0,56,56,1.0,56,0,True,True,56,2,secondary_metrics_required,unresolved_exact_tie,70.0,70.0,0.0,70.0
18193,1,2,2LQK,1,A,c2de171055aa3cf030d2b1aa6c9a5915d45949f817a3d75f2bb4b2a6e45765b6,A,STEP 65D-3,1,70,1.0,1.0,56,56,1.0,56,0,True,True,56,2,secondary_metrics_required,unresolved_exact_tie,70.0,70.0,0.0,70.0
18230,1,1,2LP2,1,A,31d061757a9ae7408ddeec5e7023035b8d79c4336560b042e74d8577a8264859,A,STEP 65D-3,1,93,1.0,1.0,87,87,1.0,87,0,True,True,87,2,secondary_metrics_required,unresolved_exact_tie,93.0,93.0,0.0,93.0
18230,1,1,2LP2,1,B,ae45b349cf07202f201a0551e6822abae1142d86f7daef21fa7f5836a92322ce,B,STEP 65D-3,1,93,1.0,1.0,87,87,1.0,87,0,True,True,87,2,secondary_metrics_required,unresolved_exact_tie,93.0,93.0,0.0,93.0
18231,1,1,2LP3,1,A,e1ce17563cbfe1ef564d61609dbde00a855afea5b3b6764bb21e9e907139570c,A,STEP 65D-3,1,93,1.0,1.0,83,83,1.0,83,0,True,True,83,2,secondary_metrics_required,unresolved_exact_tie,93.0,93.0,0.0,93.0
18231,1,1,2LP3,1,B,6b2d707a05f419d7e2ffc7d02ba2f2632f1b4c9b2b9eadbe05f9e6512b715cc3,B,STEP 65D-3,1,93,1.0,1.0,83,83,1.0,83,0,True,True,83,2,secondary_metrics_required,unresolved_exact_tie,93.0,93.0,0.0,93.0
18237,1,1,2LP7,1,A,0dabb94223e526aa13c01cbf599ce8853fe36af6b223e4f49be26baf3b3e64d1,A,STEP 65D-3,1,59,1.0,1.0,55,55,1.0,55,0,True,True,55,3,secondary_metrics_required,unresolved_exact_tie,59.0,59.0,0.0,59.0
18237,1,1,2LP7,1,B,816025c56502b0de71f810d1c7cd09e4cf3e37df9b39e59c62984bd6bbcc66aa,B,STEP 65D-3,1,59,1.0,1.0,55,55,1.0,55,0,True,True,55,3,secondary_metrics_required,unresolved_exact_tie,59.0,59.0,0.0,59.0
18237,1,1,2LP7,1,C,c536f76615a81347ad53cdc2c780637e761f37b5c09a09e9c9ea9664f7310e9a,C,STEP 65D-3,1,59,1.0,1.0,55,55,1.0,55,0,True,True,55,3,secondary_metrics_required,unresolved_exact_tie,59.0,59.0,0.0,59.0
18263,1,1,2LPK,1,A,251f8a0b614ef5cb9d139311ce64f4fa469befd3a89ad98040c919dc4d069154,A,STEP 65D-3,1,101,1.0,1.0,91,91,1.0,91,0,True,True,91,2,secondary_metrics_required,unresolved_exact_tie,101.0,101.0,0.0,101.0
18263,1,1,7TZD,1,A,ccf66b137022672e0aa02f6a37aace8f9dbbc2065444916392dcfb93cbf6a6f2,A,STEP 65D-3,1,101,1.0,1.0,91,91,1.0,91,0,True,True,91,2,secondary_metrics_required,unresolved_exact_tie,101.0,101.0,0.0,101.0
18276,1,1,2MEX,1,A,11ed29398600595487567cf5b1d0b76a175d6cae42c67d31c9e2b197ba781cef,A,STEP 65D-3,1,80,1.0,1.0,74,74,1.0,74,0,True,True,74,4,secondary_metrics_required,unresolved_exact_tie,80.0,80.0,0.0,80.0
18276,1,1,2MEX,1,B,4cfa64994187cd40d5567f9499def76bbbf90167b9e73a76fc8eab52b984f20c,B,STEP 65D-3,1,80,1.0,1.0,74,74,1.0,74,0,True,True,74,4,secondary_metrics_required,unresolved_exact_tie,80.0,80.0,0.0,80.0
18276,1,1,2MEX,1,C,d4aebf28078a20d893b9383d9a2c46e3312ae0c59125080bedaea074d87bdc66,C,STEP 65D-3,1,80,1.0,1.0,74,74,1.0,74,0,True,True,74,4,secondary_metrics_required,unresolved_exact_tie,80.0,80.0,0.0,80.0
18276,1,1,2MEX,1,D,387ecdc2a11fc398abeaa3a6edfc7f41a5a16591b6b4d6d9415cb1a4a4b5af39,D,STEP 65D-3,1,80,1.0,1.0,74,74,1.0,74,0,True,True,74,4,secondary_metrics_required,unresolved_exact_tie,80.0,80.0,0.0,80.0
18341,1,1,4ASV,1,A,b565f61b3171aa6ac31f45b0faa80cc82be833f1420a3091ba4849df51bb8121,A,STEP 65D-3,1,79,0.9873417721518988,0.8586956521739131,76,76,1.0,76,0,True,True,76,2,secondary_metrics_required,unresolved_exact_tie,78.0,92.0,0.0,78.0
18341,1,1,4ASV,1,B,4ce047203704181ce8e1100ca60bba3bfa9accb8f6ec4412f8fc81c8f0497c34,B,STEP 65D-3,1,79,0.9873417721518988,0.8586956521739131,76,76,1.0,76,0,True,True,76,2,secondary_metrics_required,unresolved_exact_tie,78.0,92.0,0.0,78.0
18358,1,1,2LRE,1,A,ad61cbc49aceccce3b1a207372f6c6c6b7af3e91cd9391ee13ac5944ef21c2d4,A,STEP 65D-3,1,61,1.0,1.0,43,43,1.0,43,0,True,True,43,2,secondary_metrics_required,unresolved_exact_tie,61.0,61.0,0.0,61.0
18358,1,1,2LRE,1,B,e6b5884415c4bd429230d7abf64ebd71e5e253791a49be89c17c307bb10673e1,B,STEP 65D-3,1,61,1.0,1.0,43,43,1.0,43,0,True,True,43,2,secondary_metrics_required,unresolved_exact_tie,61.0,61.0,0.0,61.0
18379,1,1,2LRL,1,A,5120f71982946971040419d5a53ac1ed6cfcb08b5d34d754b6ab059a54bd5b25,A,STEP 65D-3,1,103,1.0,1.0,100,100,1.0,100,0,True,True,100,3,secondary_metrics_required,unresolved_exact_tie,103.0,103.0,0.0,103.0
18379,1,1,2LRL,1,B,130c268c4c354b06353c8b3becfb4cc35696c03d7015d9f8ea7cc130807832f2,B,STEP 65D-3,1,103,1.0,1.0,100,100,1.0,100,0,True,True,100,3,secondary_metrics_required,unresolved_exact_tie,103.0,103.0,0.0,103.0
18379,1,1,2LRL,1,C,e70b8ab9a25453af7aea9e75d2abf4ec19f7bc8e9701fce25c46422bb8ff6165,C,STEP 65D-3,1,103,1.0,1.0,100,100,1.0,100,0,True,True,100,3,secondary_metrics_required,unresolved_exact_tie,103.0,103.0,0.0,103.0
18416,1,1,2LWP,1,A,531e3a5ce182e7e4a41d9734a7839b437cb433442b2592ea5b0c7952967e1a21,A,STEP 65D-3,1,97,1.0,1.0,84,84,1.0,84,0,True,True,84,2,secondary_metrics_required,unresolved_exact_tie,97.0,97.0,0.0,97.0
18416,1,1,2M8S,1,A,d88a1d904313cfc2dd4eeee321d6265b432c40b8d67dc58097fc5af196eb0522,A,STEP 65D-3,1,97,1.0,1.0,84,84,1.0,84,0,True,True,84,2,secondary_metrics_required,unresolved_exact_tie,97.0,97.0,0.0,97.0
18425,1,1,2LUC,1,A,d2a4f8ca469f11f134cb8a3f7072e1cc241f06c213168ec9c77ba58eba4e7be5,A,STEP 65D-3,1,105,1.0,1.0,87,87,1.0,87,0,True,True,87,2,secondary_metrics_required,unresolved_exact_tie,105.0,105.0,0.0,105.0
18425,1,1,2LUC,1,B,ae8d52e1aae7e5019b682c6f509479a58516ca27dd0a13915d5f3e3ef5cb1902,B,STEP 65D-3,1,105,1.0,1.0,87,87,1.0,87,0,True,True,87,2,secondary_metrics_required,unresolved_exact_tie,105.0,105.0,0.0,105.0
18469,1,1,2LTD,1,A,ed9e70e72199f7cde6bc29f1d2825edf705816dfc6b3e2637edbed988c981bd0,A,STEP 65D-3,1,80,1.0,1.0,68,68,1.0,68,0,True,True,68,2,secondary_metrics_required,unresolved_exact_tie,80.0,80.0,0.0,80.0
18469,1,1,2LTD,1,B,15c78efb122cd7eb9824c65636a3f18557b7a0fb53fc7a7e833cacab5283d994,B,STEP 65D-3,1,80,1.0,1.0,68,68,1.0,68,0,True,True,68,2,secondary_metrics_required,unresolved_exact_tie,80.0,80.0,0.0,80.0
18480,1,1,2LTH,1,A,58364c88d928d91f9de69f3173389aac0c7d6f84323e1fc292ac0230037099d3,A,STEP 65D-3,1,137,1.0,1.0,129,129,1.0,129,0,True,True,129,2,secondary_metrics_required,unresolved_exact_tie,137.0,137.0,0.0,137.0
18480,1,1,2LTH,1,B,82496a9d363c1684709a935e6d0d3e2da1c3b13e1f7f7bc7df164c439ce39780,B,STEP 65D-3,1,137,1.0,1.0,129,129,1.0,129,0,True,True,129,2,secondary_metrics_required,unresolved_exact_tie,137.0,137.0,0.0,137.0
18493,1,1,2LTQ,1,A,409a860603fa34e9e4d9405d2caac06c92da726489ec9c0ce4ad2ad329a45484,A,STEP 65D-3,1,148,1.0,0.8409090909090909,67,63,0.9402985074626866,63,0,True,True,63,2,secondary_metrics_required,unresolved_exact_tie,148.0,176.0,0.0,148.0
18493,1,1,2LTQ,1,D,66e4cf2284fd1b1497ff83abe4f5db3d5abf461f0137c93c9490cb896123d7cb,D,STEP 65D-3,1,148,1.0,0.8409090909090909,67,63,0.9402985074626866,63,0,True,True,63,2,secondary_metrics_required,unresolved_exact_tie,148.0,176.0,0.0,148.0
18496,1,1,2LTT,1,A,b24aab80e8ca001aa6cfd74e3e88c58699dbb0361de2d6491966e6ba520172ba,A,STEP 65D-3,1,74,1.0,1.0,63,63,1.0,63,0,True,True,63,2,secondary_metrics_required,unresolved_exact_tie,74.0,74.0,0.0,74.0
18496,1,1,2LTT,1,B,90fbf0be08b9651805d585dc778e4bad6a1ec0f5772925466d7e4649333c3267,B,STEP 65D-3,1,74,1.0,1.0,63,63,1.0,63,0,True,True,63,2,secondary_metrics_required,unresolved_exact_tie,74.0,74.0,0.0,74.0
18545,1,1,2LUX,1,A,fbafc621cf98772cf58d80d2f2e3b87035338c72e2e2c1b6aa213b195fb68bbd,A,STEP 65D-3,1,93,1.0,1.0,86,86,1.0,86,0,True,True,86,2,secondary_metrics_required,unresolved_exact_tie,93.0,93.0,0.0,93.0
18545,1,1,2LUX,1,B,5567fc44287799a94c3335889bbc22a652e74f4bdc87fe110db6c7ebecc2686a,B,STEP 65D-3,1,93,1.0,1.0,86,86,1.0,86,0,True,True,86,2,secondary_metrics_required,unresolved_exact_tie,93.0,93.0,0.0,93.0
18583,1,1,2LVP,1,A,9989b2e8d91b3e8b80536b1200f96d0d0716fccfc1ac3d12c4125d0eb5ac5e8e,A,STEP 65D-3,1,76,1.0,1.0,66,66,1.0,66,0,True,True,66,2,secondary_metrics_required,unresolved_exact_tie,76.0,76.0,0.0,76.0
18583,1,1,2LVP,1,B,0e5394e8d166dd80d2fdb7eafe4addd3f8b95dd72ecdae61c6a6e9afbb491e62,B,STEP 65D-3,1,76,1.0,1.0,66,66,1.0,66,0,True,True,66,2,secondary_metrics_required,unresolved_exact_tie,76.0,76.0,0.0,76.0
18584,1,2,2LVQ,1,A,4b94929fb0ceec49cc4652ecdd4bdbbd41f597c159f78afda9da4ae76d4748f6,A,STEP 65D-3,1,76,1.0,1.0,66,66,1.0,66,0,True,True,66,2,secondary_metrics_required,unresolved_exact_tie,76.0,76.0,0.0,76.0
18584,1,2,2LVQ,1,B,a9f23324f9a94bb48e4fe9d24492021069e3d033b7e67732858ac0aab2776b69,B,STEP 65D-3,1,76,1.0,1.0,66,66,1.0,66,0,True,True,66,2,secondary_metrics_required,unresolved_exact_tie,76.0,76.0,0.0,76.0
18591,1,1,2LVW,1,A,ec810058b35ffbaf9fac1ecad4615b3e5cf1f993bb3148b4fef18da4d083e6c4,A,STEP 65D-3,1,98,1.0,1.0,90,90,1.0,90,0,True,True,90,2,secondary_metrics_required,unresolved_exact_tie,98.0,98.0,0.0,98.0
18591,1,1,2LVW,1,B,611abf74041a4942ca45c65a9d471166608b4f14792e030c251e31e8c9cdf42b,B,STEP 65D-3,1,98,1.0,1.0,90,90,1.0,90,0,True,True,90,2,secondary_metrics_required,unresolved_exact_tie,98.0,98.0,0.0,98.0
18614,1,1,2LW9,1,A,7825990a328b415757ceb9992d614ce92ce0f468ccf3aedbaf4067f4a1c4bc13,A,STEP 65D-3,1,51,1.0,1.0,51,51,1.0,51,0,True,True,51,2,secondary_metrics_required,unresolved_exact_tie,51.0,51.0,0.0,51.0
18614,1,1,2LW9,1,B,b2b82818140593919d2d9cd62729fe680a86acc496c56f48735c07526b2386e1,B,STEP 65D-3,1,51,1.0,1.0,51,51,1.0,51,0,True,True,51,2,secondary_metrics_required,unresolved_exact_tie,51.0,51.0,0.0,51.0
18632,1,1,6I9F,1,A,322dfa24d7573e397d61e40fa7f4f6426249d3db1f255bc8846c3bbe4164456e,A,STEP 65D-3,1,155,1.0,1.0,136,136,1.0,136,0,True,True,136,2,secondary_metrics_required,unresolved_exact_tie,155.0,155.0,0.0,155.0
18632,1,2,6I9F,1,A,95ff41891f3d44e614d9f4aee8517fb5b6cde662c338fe06dc331744ebc31ab9,A,STEP 65D-3,1,155,1.0,1.0,136,136,1.0,136,0,True,True,136,2,secondary_metrics_required,unresolved_exact_tie,155.0,155.0,0.0,155.0
18670,1,1,2LXB,1,A,9ef3121a187a480d5320efbc3805c33f5f4c30921ab1a0bef647f64548680685,A,STEP 65D-3,1,74,1.0,1.0,65,65,1.0,65,0,True,True,65,2,secondary_metrics_required,unresolved_exact_tie,74.0,74.0,0.0,74.0
18670,1,1,2LXB,1,B,35062f76587861c648edcc9fb72311d54391285d6ba019a310d70276adb6d9ed,B,STEP 65D-3,1,74,1.0,1.0,65,65,1.0,65,0,True,True,65,2,secondary_metrics_required,unresolved_exact_tie,74.0,74.0,0.0,74.0
18753,1,1,2LZF,1,A,4f07f4f55acd9b1150c4154d0787c3be4ca1b94c24b4391d7fd00a4e9c147269,A,STEP 65D-3,1,68,1.0,1.0,62,62,1.0,62,0,True,True,62,2,secondary_metrics_required,unresolved_exact_tie,68.0,68.0,0.0,68.0
18753,1,1,2LZF,1,B,8ed823af59544b734a5a754ec4744349eb71cc7fa737b96d28115c561ae4e410,B,STEP 65D-3,1,68,1.0,1.0,62,62,1.0,62,0,True,True,62,2,secondary_metrics_required,unresolved_exact_tie,68.0,68.0,0.0,68.0
18763,1,1,2LZL,1,A,e89465176f0b444d80526068c1a748b1683b7381a7b59fa9ad70fa03f240c4b1,A,STEP 65D-3,1,43,1.0,1.0,41,41,1.0,41,0,True,True,41,2,secondary_metrics_required,unresolved_exact_tie,43.0,43.0,0.0,43.0
18763,1,1,2LZL,1,B,349c3164233a99e7736039538d51f48264bc359e2e489d77c7b6ef6d301bb468,B,STEP 65D-3,1,43,1.0,1.0,41,41,1.0,41,0,True,True,41,2,secondary_metrics_required,unresolved_exact_tie,43.0,43.0,0.0,43.0
18771,1,1,2LZS,1,A,fd38453be55cee407b48ae756c157942bdbc8adbb5d02acff3e5d2174453a7a3,A,STEP 65D-3,1,49,1.0,0.8909090909090909,44,44,1.0,43,1,True,True,44,9,secondary_metrics_required,unresolved_exact_tie,47.0,55.0,1.0,48.0
18771,1,1,2LZS,1,B,d3c14f5ddfdf159b6278d52266809fc5ef6155ed7627dc02024ffa984df61a6d,B,STEP 65D-3,1,49,1.0,0.8909090909090909,44,44,1.0,43,1,True,True,44,9,secondary_metrics_required,unresolved_exact_tie,47.0,55.0,1.0,48.0
18771,1,1,2LZS,1,C,63a6e4438a43a5eaa60e050dfed741279758cfc552066c7a10f2a787b872465d,C,STEP 65D-3,1,49,1.0,0.8909090909090909,44,44,1.0,43,1,True,True,44,9,secondary_metrics_required,unresolved_exact_tie,47.0,55.0,1.0,48.0
18771,1,1,2LZS,1,D,99dca7d7b66aa9803587765a4526f506272e2414a20f0a53e71dd754719a99ea,D,STEP 65D-3,1,49,1.0,0.8909090909090909,44,44,1.0,43,1,True,True,44,9,secondary_metrics_required,unresolved_exact_tie,47.0,55.0,1.0,48.0
18771,1,1,2LZS,1,E,e426d01df0b8f25a4e6634b453c79bd1f2cb348f3f34289ad4b4046628ba45c3,E,STEP 65D-3,1,49,1.0,0.8909090909090909,44,44,1.0,43,1,True,True,44,9,secondary_metrics_required,unresolved_exact_tie,47.0,55.0,1.0,48.0
18771,1,1,2LZS,1,F,a84191b4b9a34ee0bc68d8bebf352c18f737fc621f0bec70b632e104da7a71c9,F,STEP 65D-3,1,49,1.0,0.8909090909090909,44,44,1.0,43,1,True,True,44,9,secondary_metrics_required,unresolved_exact_tie,47.0,55.0,1.0,48.0
18771,1,1,2LZS,1,G,ec3204a492f290a374b7ef597a3d8192a31ae3cf6ae53332098a7de78e2409b4,G,STEP 65D-3,1,49,1.0,0.8909090909090909,44,44,1.0,43,1,True,True,44,9,secondary_metrics_required,unresolved_exact_tie,47.0,55.0,1.0,48.0
18771,1,1,2LZS,1,H,6e2c6570617c1c78e2d7862e0c094f9eaaffabaeb5b06f24f39e8bd8da7e60fa,H,STEP 65D-3,1,49,1.0,0.8909090909090909,44,44,1.0,43,1,True,True,44,9,secondary_metrics_required,unresolved_exact_tie,47.0,55.0,1.0,48.0
18771,1,1,2LZS,1,I,899adc96d2120bdb51eacfbec269d31a1ae98c16f435b1d407f2a7075cc8b2de,I,STEP 65D-3,1,49,1.0,0.8909090909090909,44,44,1.0,43,1,True,True,44,9,secondary_metrics_required,unresolved_exact_tie,47.0,55.0,1.0,48.0
18782,1,1,2YMJ,1,A,415db001c9b047c272983fbdc454df2a820123dec0be270eb9442ebf844c35f2,A,STEP 65D-3,1,52,1.0,1.0,46,46,1.0,46,0,True,True,46,2,secondary_metrics_required,unresolved_exact_tie,52.0,52.0,0.0,52.0
18782,1,1,2YMJ,1,B,106b11a2541b6fe1cd7f5ecb35d2b5dfebb0844b75c676b4c2993cdd4956bc2e,B,STEP 65D-3,1,52,1.0,1.0,46,46,1.0,46,0,True,True,46,2,secondary_metrics_required,unresolved_exact_tie,52.0,52.0,0.0,52.0
18804,1,1,2M0B,1,A,fdcc7fe01e846524776641cc716ceee128ce253dcee6367d1317f84b49779ec2,A,STEP 65D-3,1,44,1.0,1.0,40,40,1.0,40,0,True,True,40,2,secondary_metrics_required,unresolved_exact_tie,44.0,44.0,0.0,44.0
18804,1,1,2M0B,1,B,61d9ac72f40fa932c7c1e399b8eae0e0cfd089c3ea036a47504b69ab2e714c9a,B,STEP 65D-3,1,44,1.0,1.0,40,40,1.0,40,0,True,True,40,2,secondary_metrics_required,unresolved_exact_tie,44.0,44.0,0.0,44.0
18811,1,1,2M0M,1,A,794c2adfb97941e7cfa8b0a6bdacd580f5805be0f4f3b50547eae432ddad6afa,A,STEP 65D-3,1,107,1.0,1.0,105,105,1.0,105,0,True,True,105,2,secondary_metrics_required,unresolved_exact_tie,107.0,107.0,0.0,107.0
18811,1,1,2M0M,1,B,9b166b2b31d50de8734efa9fd37b73e9cbc058a56885bf0eef2fa87d7efdb946,B,STEP 65D-3,1,107,1.0,1.0,105,105,1.0,105,0,True,True,105,2,secondary_metrics_required,unresolved_exact_tie,107.0,107.0,0.0,107.0
18818,1,1,2M0R,1,A,f522f7cb43b1bf7df8ee196fadbcac12a84b7937344494dabd88ca8873deb3b0,A,STEP 65D-3,1,104,1.0,1.0,96,96,1.0,96,0,True,True,96,2,secondary_metrics_required,unresolved_exact_tie,104.0,104.0,0.0,104.0
18818,1,1,2M0R,1,B,6c8bd0de98e06c40aae1bba72312e10dcb9acfb8acb6b1e6b084061ea8f941e6,B,STEP 65D-3,1,104,1.0,1.0,96,96,1.0,96,0,True,True,96,2,secondary_metrics_required,unresolved_exact_tie,104.0,104.0,0.0,104.0
18856,1,1,2M1C,1,A,c81356a09160b87d3cfd3267d61b50c07289d5752d2d3da4d80ecb73969c4ad6,A,STEP 65D-3,1,113,1.0,1.0,108,108,1.0,108,0,True,True,108,2,secondary_metrics_required,unresolved_exact_tie,113.0,113.0,0.0,113.0
18856,1,1,2M1C,1,B,1c2c8f10d1c84064932ea7735062440321ce76ce29266e3be2e66095ad255230,B,STEP 65D-3,1,113,1.0,1.0,108,108,1.0,108,0,True,True,108,2,secondary_metrics_required,unresolved_exact_tie,113.0,113.0,0.0,113.0
18868,1,1,2M1K,1,B,add58cbaa0d44b8582ef82fc0a2d27c3307377369533ff287187ed167a0fa974,A,STEP 65D-3,1,89,1.0,0.9888888888888889,84,84,1.0,84,0,True,True,84,2,secondary_metrics_required,unresolved_exact_tie,89.0,90.0,0.0,89.0
18868,1,1,2M1K,1,D,c6b568a2b19b557a6f4b68de606cbd14f8b099fdad804eb540f5a52a5ac832ea,B,STEP 65D-3,1,89,1.0,0.9888888888888889,84,84,1.0,84,0,True,True,84,2,secondary_metrics_required,unresolved_exact_tie,89.0,90.0,0.0,89.0
18869,1,1,2M1L,1,A,2605d6f443eee1ebab80087c945766aff689f339649b1f5aaebf76e4e25b0a63,A,STEP 65D-3,1,69,1.0,1.0,64,64,1.0,64,0,True,True,64,2,secondary_metrics_required,unresolved_exact_tie,69.0,69.0,0.0,69.0
18869,1,1,2M1L,1,B,3c990bcb467308e9e2bb0c0d2c9e5475613c4093560ad6f857ce847dec31642f,B,STEP 65D-3,1,69,1.0,1.0,64,64,1.0,64,0,True,True,64,2,secondary_metrics_required,unresolved_exact_tie,69.0,69.0,0.0,69.0
18871,1,1,2M1N,1,A,6fc975fca5412677a73124271fd48be5047b002860459be7e127401eae4486a0,A,STEP 65D-3,1,107,1.0,1.0,60,60,1.0,60,0,True,True,60,2,secondary_metrics_required,unresolved_exact_tie,107.0,107.0,0.0,107.0
18871,1,1,2M1N,1,B,75e7db00cd05a2888d941b0442b1119e595312411781dbed84a5e68169304e5a,B,STEP 65D-3,1,107,1.0,1.0,60,60,1.0,60,0,True,True,60,2,secondary_metrics_required,unresolved_exact_tie,107.0,107.0,0.0,107.0
18888,1,1,2M20,1,A,9ac15ac9618591f53468965024b02ec2a8ff4231059c36aa8b9bd2c333e21d59,A,STEP 65D-3,1,60,1.0,1.0,54,54,1.0,54,0,True,True,54,2,secondary_metrics_required,unresolved_exact_tie,60.0,60.0,0.0,60.0
18888,1,1,2M20,1,B,2d76887455bcbed1f647fa5760f1cbe57df38e69dadb433aa50d91e64f5214ea,B,STEP 65D-3,1,60,1.0,1.0,54,54,1.0,54,0,True,True,54,2,secondary_metrics_required,unresolved_exact_tie,60.0,60.0,0.0,60.0
18935,1,1,2M2V,1,A,429bddbcb5da7ff15e936594752e145951eec17b75464be317f3db1fac050ef7,A,STEP 65D-3,1,174,1.0,1.0,165,165,1.0,165,0,True,True,165,2,secondary_metrics_required,unresolved_exact_tie,174.0,174.0,0.0,174.0
18935,1,1,2M2W,1,A,e92f021e3547d23a407601482abdb041cecb0624d074b77bb1157688319c7e06,A,STEP 65D-3,1,174,1.0,1.0,165,165,1.0,165,0,True,True,165,2,secondary_metrics_required,unresolved_exact_tie,174.0,174.0,0.0,174.0
18939,1,1,2MJG,1,A,6b6c5a26cace903f6f8709a93cf44ac0386630bd7d3ffea025812d596a65709e,A,STEP 65D-3,1,46,1.0,1.0,43,43,1.0,43,0,True,True,43,2,secondary_metrics_required,unresolved_exact_tie,46.0,46.0,0.0,46.0
18939,1,1,2MJG,1,B,09865a2be3e96a2607b46aebc304345fa5308cceb1bef05918ecfff249f722e9,B,STEP 65D-3,1,46,1.0,1.0,43,43,1.0,43,0,True,True,43,2,secondary_metrics_required,unresolved_exact_tie,46.0,46.0,0.0,46.0
18952,1,1,2M3B,1,A,76d2adfdd12e4e3806fd7724fbbb1ccae1bf0b6004148d9b6fd35ac5b582e061,A,STEP 65D-6,1,52,1.0,1.0,49,48,0.9795918367346939,48,0,True,True,48,5,secondary_metrics_required,unresolved_exact_tie,51.0,52.0,0.0,51.0
18952,1,1,2M3B,1,B,94d1e400f95380b48ca539a8644decd94553969be900bc58b891b90c69700796,B,STEP 65D-6,1,52,1.0,1.0,49,48,0.9795918367346939,48,0,True,True,48,5,secondary_metrics_required,unresolved_exact_tie,51.0,52.0,0.0,51.0
18952,1,1,2M3B,1,C,d439dfb1f4942202123a8b98251daa5ec9952da7610b21efa15a93cdd55bf530,C,STEP 65D-6,1,52,1.0,1.0,49,48,0.9795918367346939,48,0,True,True,48,5,secondary_metrics_required,unresolved_exact_tie,51.0,52.0,0.0,51.0
18952,1,1,2M3B,1,D,02b9096259b6d0eea4e7da0e0438e7b4c010c26faf4a9fb4589404c70e52bea8,D,STEP 65D-6,1,52,1.0,1.0,49,48,0.9795918367346939,48,0,True,True,48,5,secondary_metrics_required,unresolved_exact_tie,51.0,52.0,0.0,51.0
18952,1,1,2M3B,1,E,63a8d3b7941344c2fa6648d6f547db687e62e0ac292032cc996fceed3b604552,E,STEP 65D-6,1,52,1.0,1.0,49,48,0.9795918367346939,48,0,True,True,48,5,secondary_metrics_required,unresolved_exact_tie,51.0,52.0,0.0,51.0
18978,1,1,2M3X,1,A,ba73e6c5862e9ec21b6b54a92e88f74dfe888291d82adcb7f86a5e1da883ad39,A,STEP 65D-3,1,147,1.0,1.0,128,128,1.0,128,0,True,True,128,6,secondary_metrics_required,unresolved_exact_tie,147.0,147.0,0.0,147.0
18978,1,1,2M3X,1,B,e02285e9e90345981731d45db22b57b3bc16b5e9130f6feafd63d97d650c1f70,B,STEP 65D-3,1,147,1.0,1.0,128,128,1.0,128,0,True,True,128,6,secondary_metrics_required,unresolved_exact_tie,147.0,147.0,0.0,147.0
18978,1,1,2M3X,1,C,57cbf329c05504477bc07faf6eb3f28ca2051008922cac2ad9004d2e7f405e7c,C,STEP 65D-3,1,147,1.0,1.0,128,128,1.0,128,0,True,True,128,6,secondary_metrics_required,unresolved_exact_tie,147.0,147.0,0.0,147.0
18978,1,1,2M3X,1,D,cccfb3214c74c81a7745da8ee984f7ac5c8db83c2cc4f929ff75b19d20835737,D,STEP 65D-3,1,147,1.0,1.0,128,128,1.0,128,0,True,True,128,6,secondary_metrics_required,unresolved_exact_tie,147.0,147.0,0.0,147.0
18978,1,1,2M3X,1,E,df86f915fe512a271a768f1b5cba3ae314321e824bb6c67267ef1ccbe73c79b5,E,STEP 65D-3,1,147,1.0,1.0,128,128,1.0,128,0,True,True,128,6,secondary_metrics_required,unresolved_exact_tie,147.0,147.0,0.0,147.0
18978,1,1,2M3X,1,F,ceed04a25e371c64e5e128557474ce145e6bf829b9cd024d83de5e27fb51b578,F,STEP 65D-3,1,147,1.0,1.0,128,128,1.0,128,0,True,True,128,6,secondary_metrics_required,unresolved_exact_tie,147.0,147.0,0.0,147.0
19043,1,1,2M5A,1,A,9773d9f91e152ce904e97fdbb3b289eca5212d7a2dcaefd0b51f3c96578d6d06,A,STEP 65D-3,1,58,1.0,1.0,54,54,1.0,54,0,True,True,54,2,secondary_metrics_required,unresolved_exact_tie,58.0,58.0,0.0,58.0
19043,2,1,2M5A,2,B,2a1476115acbd92cf30f7d20e97a0c3840cd49994e924febf3d913f348a74fbf,B,STEP 65D-3,1,58,1.0,1.0,54,54,1.0,54,0,True,True,54,2,secondary_metrics_required,unresolved_exact_tie,58.0,58.0,0.0,58.0
19126,1,1,2M6B,1,A,3eeb81c02480da18df01c895f17bef8cd7a5f41296b015bf6e362653f644b297,A,STEP 65D-3,1,150,1.0,1.0,146,146,1.0,146,0,True,True,146,6,secondary_metrics_required,unresolved_exact_tie,150.0,150.0,0.0,150.0
19126,1,1,2M6I,1,A,abf1ca3f1719fb4f1d53960d57f152d917a8433a716322618773fd73200c5993,A,STEP 65D-3,1,150,1.0,1.0,146,146,1.0,146,0,True,True,146,6,secondary_metrics_required,unresolved_exact_tie,150.0,150.0,0.0,150.0
19126,1,1,2M6I,1,B,fdfdebc52dfaf49e93c580e248ae8b7557ebd2410cb97f35ebe5bfc780eba9ee,B,STEP 65D-3,1,150,1.0,1.0,146,146,1.0,146,0,True,True,146,6,secondary_metrics_required,unresolved_exact_tie,150.0,150.0,0.0,150.0
19126,1,1,2M6I,1,C,87418439d4d13620c02f7881bb0e3eac205e75807c5e7d93aa3730eddf9f2a36,C,STEP 65D-3,1,150,1.0,1.0,146,146,1.0,146,0,True,True,146,6,secondary_metrics_required,unresolved_exact_tie,150.0,150.0,0.0,150.0
19126,1,1,2M6I,1,D,97fd466dc27ba7fa9188faedf495e7e2cb8e877b103205be5183106365edf168,D,STEP 65D-3,1,150,1.0,1.0,146,146,1.0,146,0,True,True,146,6,secondary_metrics_required,unresolved_exact_tie,150.0,150.0,0.0,150.0
19126,1,1,2M6I,1,E,69e48de09ec1f2d94e08352879802fd2383650a957effd7db0f2df2b736ac048,E,STEP 65D-3,1,150,1.0,1.0,146,146,1.0,146,0,True,True,146,6,secondary_metrics_required,unresolved_exact_tie,150.0,150.0,0.0,150.0
19162,1,1,2M6X,1,A,d4d911e1ef659382fa83f442a5e0a089e50c91dab27151e5a506a0a6e4287f49,A,STEP 65D-3,1,63,1.0,1.0,58,58,1.0,58,0,True,True,58,6,secondary_metrics_required,unresolved_exact_tie,63.0,63.0,0.0,63.0
19162,1,1,2M6X,1,B,50d25e86a2c0cfbcfa667b9dc210427a419017c2e077a394537e25253bfa0d79,B,STEP 65D-3,1,63,1.0,1.0,58,58,1.0,58,0,True,True,58,6,secondary_metrics_required,unresolved_exact_tie,63.0,63.0,0.0,63.0
19162,1,1,2M6X,1,C,0588abf361e29e64e93fc65d84e38fed8f2d63394470ec69204e72d0f5177d26,C,STEP 65D-3,1,63,1.0,1.0,58,58,1.0,58,0,True,True,58,6,secondary_metrics_required,unresolved_exact_tie,63.0,63.0,0.0,63.0
19162,1,1,2M6X,1,D,1b2ded8bc45ec2f9d775b0866f9a06698a4fcff4b4afb4d7b71a96b88887da74,D,STEP 65D-3,1,63,1.0,1.0,58,58,1.0,58,0,True,True,58,6,secondary_metrics_required,unresolved_exact_tie,63.0,63.0,0.0,63.0
19162,1,1,2M6X,1,E,5fbcf60a3d6ba0cbeaee58736b642a0f08eae0a7af7fb8df5d79f74ffd298009,E,STEP 65D-3,1,63,1.0,1.0,58,58,1.0,58,0,True,True,58,6,secondary_metrics_required,unresolved_exact_tie,63.0,63.0,0.0,63.0
19162,1,1,2M6X,1,F,3a4887a504ae635fcd915f4639e1895ef811e808822499b02f60ffed1995be5e,F,STEP 65D-3,1,63,1.0,1.0,58,58,1.0,58,0,True,True,58,6,secondary_metrics_required,unresolved_exact_tie,63.0,63.0,0.0,63.0
19215,1,1,2M7W,1,A,32bcaf36975e7db1dd3cf6b83c569839976bca82cf52eabad711bde468e76f9e,A,STEP 65D-3,1,59,1.0,1.0,55,55,1.0,55,0,True,True,55,3,secondary_metrics_required,unresolved_exact_tie,59.0,59.0,0.0,59.0
19215,1,1,2M7W,1,B,b5630c1ab2ead0e649d2bb2200dc6483d0e1858e555cdde695fd717936092d25,B,STEP 65D-3,1,59,1.0,1.0,55,55,1.0,55,0,True,True,55,3,secondary_metrics_required,unresolved_exact_tie,59.0,59.0,0.0,59.0
19215,1,1,2M7W,1,C,831c98efdc2c4f5e1852f59224414a30f79e9199958e76575e7ac784c24614f7,C,STEP 65D-3,1,59,1.0,1.0,55,55,1.0,55,0,True,True,55,3,secondary_metrics_required,unresolved_exact_tie,59.0,59.0,0.0,59.0
19235,1,1,2M89,1,A,fd784477eefe610b0eb71db12a5ca4b6e157b0d8f583a6d3d354fc8beab9e678,A,STEP 65D-3,1,134,1.0,0.8701298701298701,131,125,0.9541984732824428,125,0,True,True,125,2,secondary_metrics_required,unresolved_exact_tie,134.0,154.0,0.0,134.0
19235,1,1,2M89,1,B,20ddb36f80563444929f5c847261e3d41fe439badc17e5ffdc994bd2b079408b,B,STEP 65D-3,1,134,1.0,0.8701298701298701,131,125,0.9541984732824428,125,0,True,True,125,2,secondary_metrics_required,unresolved_exact_tie,134.0,154.0,0.0,134.0
19261,1,1,2M8L,1,A,c3e3cc10818cf038284533e917402cbc77f8f6da34b618bbcf17c088e4c4afc5,A,STEP 65D-3,1,221,1.0,0.9567099567099567,178,169,0.949438202247191,169,0,True,True,169,2,secondary_metrics_required,unresolved_exact_tie,221.0,231.0,0.0,221.0
19261,1,1,2M8L,1,B,c76408d3c597610bc1cab4db2cb0ce35d6e303391e7dba8b38f73e77e7270a69,B,STEP 65D-3,1,221,1.0,0.9567099567099567,178,169,0.949438202247191,169,0,True,True,169,2,secondary_metrics_required,unresolved_exact_tie,221.0,231.0,0.0,221.0
19293,1,1,2M9G,1,A,ee9890aadccc46880fd14239cf1f8627689f986bcd3a33d76f61c20071b412b7,A,STEP 65D-3,1,92,1.0,1.0,75,75,1.0,75,0,True,True,75,2,secondary_metrics_required,unresolved_exact_tie,92.0,92.0,0.0,92.0
19293,1,1,2M9G,1,B,53492ffea6199b46c76960bd41ece58d6544865421aa63489abf49ae6b8e51d4,B,STEP 65D-3,1,92,1.0,1.0,75,75,1.0,75,0,True,True,75,2,secondary_metrics_required,unresolved_exact_tie,92.0,92.0,0.0,92.0
19298,1,1,2M9K,1,A,003ca05af486b3b51398fcab6c95b45f22d23d72e3b34279723b6c4f77bb3e95,A,STEP 65D-3,1,93,1.0,1.0,85,85,1.0,84,1,True,True,85,2,secondary_metrics_required,unresolved_exact_tie,92.0,93.0,1.0,93.0
19298,1,1,2M9K,1,B,98b301c7a03d8af99b652224760b3e9c6a0eaffce5b349ee1f02f5e29695a021,B,STEP 65D-3,1,93,1.0,1.0,85,85,1.0,84,1,True,True,85,2,secondary_metrics_required,unresolved_exact_tie,92.0,93.0,1.0,93.0
19340,1,1,2MAB,1,A,1edffafab7501035ee20e92e3f7fe42f4372dd9373c12cd1c8648b45c1488696,A,STEP 65D-3,1,109,1.0,1.0,105,105,1.0,105,0,True,True,105,2,secondary_metrics_required,unresolved_exact_tie,109.0,109.0,0.0,109.0
19340,1,1,2MAB,1,B,6d9ee88101317a26c290d4c9e671c8df72173c3afabbe8387c7ee2a0d7838017,B,STEP 65D-3,1,109,1.0,1.0,105,105,1.0,105,0,True,True,105,2,secondary_metrics_required,unresolved_exact_tie,109.0,109.0,0.0,109.0
19362,1,1,2MAJ,1,A,d5288b1694c484fe055d3f7c5f02772bbcdc6de0d216dd206f8ea226c127fc8c,A,STEP 65D-3,1,82,1.0,1.0,76,76,1.0,76,0,True,True,76,4,secondary_metrics_required,unresolved_exact_tie,82.0,82.0,0.0,82.0
19362,1,2,2MAJ,1,A,7b62cea6e7d9569956e3cee15654c8fa6467c3db1cb7d39096ee182df74f81ca,A,STEP 65D-3,1,82,1.0,1.0,76,76,1.0,76,0,True,True,76,4,secondary_metrics_required,unresolved_exact_tie,82.0,82.0,0.0,82.0
19362,1,1,2MAJ,1,C,37e122e4146fb8b91a0c8322bdebbdd1d3815c3e602e3a8c0d77781833ad4a9b,B,STEP 65D-3,1,82,1.0,1.0,76,76,1.0,76,0,True,True,76,4,secondary_metrics_required,unresolved_exact_tie,82.0,82.0,0.0,82.0
19362,1,2,2MAJ,1,C,8b2581474eb45b08421132adcddf12be2d3dfacf4246fbf4306dc9b06e316753,B,STEP 65D-3,1,82,1.0,1.0,76,76,1.0,76,0,True,True,76,4,secondary_metrics_required,unresolved_exact_tie,82.0,82.0,0.0,82.0
19363,1,1,2MAK,1,A,72c2f92f32dc8c3e57911ff3fcaebb174738b1930086a83ddbaf78287e6881f2,A,STEP 65D-3,1,82,1.0,1.0,77,77,1.0,77,0,True,True,77,2,secondary_metrics_required,unresolved_exact_tie,82.0,82.0,0.0,82.0
19363,1,1,2MAK,1,C,fd3e8db62db41382e984ca23619f7051c612de1f31310d3f2d6bdc383dc86603,C,STEP 65D-3,1,82,1.0,1.0,77,77,1.0,77,0,True,True,77,2,secondary_metrics_required,unresolved_exact_tie,82.0,82.0,0.0,82.0
19390,1,1,2N2J,1,A,a956860e479b62e12d05d0d2d7b192d922ae108fc83d20055e1a6e4d15951aca,A,STEP 65D-3,1,62,1.0,1.0,52,52,1.0,52,0,True,True,52,2,secondary_metrics_required,unresolved_exact_tie,62.0,62.0,0.0,62.0
19390,1,1,2N2J,1,B,58cce384ab1a1ef0aadd1009684c98e3cc31eead9946ed23bad74c125dcd101a,B,STEP 65D-3,1,62,1.0,1.0,52,52,1.0,52,0,True,True,52,2,secondary_metrics_required,unresolved_exact_tie,62.0,62.0,0.0,62.0
19482,1,1,2MDA,1,A,6b39ce98b1cec87d621a5b0f74a07f06eef7f3143de0f761f5cf0bd4168a8969,A,STEP 65D-3,1,95,1.0,1.0,84,84,1.0,84,0,True,True,84,2,secondary_metrics_required,unresolved_exact_tie,93.0,93.0,0.0,93.0
19482,1,1,2MDA,1,B,0bd5b68a498abfc046065b2268a7ab2dfa48e2851c38bd4ff7247a24ca751e1c,B,STEP 65D-3,1,95,1.0,1.0,84,84,1.0,84,0,True,True,84,2,secondary_metrics_required,unresolved_exact_tie,93.0,93.0,0.0,93.0
19541,1,2,4CA9,1,A,6f8eeb0ff7112484f3a4ea4b1b024f1823e625c107bd1d3a9171656b20713334,A,STEP 65D-3,1,98,1.0,1.0,86,86,1.0,86,0,True,True,86,5,secondary_metrics_required,unresolved_exact_tie,98.0,98.0,0.0,98.0
19541,1,2,4CA9,1,B,5f078bfa0da2cc1bc73992a6c6efc19162431a1513c8e6b5c19fa36365e0c6ca,B,STEP 65D-3,1,98,1.0,1.0,86,86,1.0,86,0,True,True,86,5,secondary_metrics_required,unresolved_exact_tie,98.0,98.0,0.0,98.0
19541,1,2,4CA9,1,C,c5492994ddb6e94bd00fe7a66b1f40be11cc895f11d1e6c33445901f0f9c7881,C,STEP 65D-3,1,98,1.0,1.0,86,86,1.0,86,0,True,True,86,5,secondary_metrics_required,unresolved_exact_tie,98.0,98.0,0.0,98.0
19541,1,2,4CA9,1,D,7678baa0d7996d51357b3bf9d4c9360518c95dc9b372d69bb48add61aae621c9,D,STEP 65D-3,1,98,1.0,1.0,86,86,1.0,86,0,True,True,86,5,secondary_metrics_required,unresolved_exact_tie,98.0,98.0,0.0,98.0
19541,1,2,4CA9,1,E,2c5d9c27c80f65510f51319ee2e3da99bba924a12e4a082fda406662a1e9c4c4,E,STEP 65D-3,1,98,1.0,1.0,86,86,1.0,86,0,True,True,86,5,secondary_metrics_required,unresolved_exact_tie,98.0,98.0,0.0,98.0
19544,1,1,2MFC,1,A,43147cec99c0dcff3e49ff230fa78b14d8de9bd5fb4f6d62aa506288d847fcdf,A,STEP 65D-3,1,59,1.0,0.9076923076923077,60,56,0.9333333333333333,56,0,True,True,56,2,secondary_metrics_required,unresolved_exact_tie,59.0,65.0,0.0,59.0
19544,1,1,2MFC,1,C,fd9382f657179aa796e8cdd174bdf6d5c5b35a26941da11f2fdff76a773a9e5d,C,STEP 65D-3,1,59,1.0,0.9076923076923077,60,56,0.9333333333333333,56,0,True,True,56,2,secondary_metrics_required,unresolved_exact_tie,59.0,65.0,0.0,59.0
19546,1,1,2MFE,1,A,40e7f96b35142fdc042f80c84e99bfec4a1ef265f437bdbcb3d4d0d0379fc06d,A,STEP 65D-3,1,59,1.0,0.9076923076923077,60,56,0.9333333333333333,56,0,True,True,56,2,secondary_metrics_required,unresolved_exact_tie,59.0,65.0,0.0,59.0
19546,1,1,2MFE,1,C,9bdc5431e9d3c26b6df373a8c1c79abcc5d35bc43631337f700a5f3b9e1e9224,C,STEP 65D-3,1,59,1.0,0.9076923076923077,60,56,0.9333333333333333,56,0,True,True,56,2,secondary_metrics_required,unresolved_exact_tie,59.0,65.0,0.0,59.0
19547,1,1,2MFF,1,A,48bce57098c9c82cf70a7b5f488a599f77ffc4b92a3a6b0df6c450b6a99b9abb,A,STEP 65D-3,1,59,1.0,0.9076923076923077,59,55,0.9322033898305084,55,0,True,True,55,2,secondary_metrics_required,unresolved_exact_tie,59.0,65.0,0.0,59.0
19547,1,1,2MFF,1,C,ba577935fc46198760aa403bae0613e1812984dc11408e8b7c8763b455ed3a51,C,STEP 65D-3,1,59,1.0,0.9076923076923077,59,55,0.9322033898305084,55,0,True,True,55,2,secondary_metrics_required,unresolved_exact_tie,59.0,65.0,0.0,59.0
19548,1,1,2MFG,1,A,a5d9c68cdd0e31f1985fd764016e35016ba58b1fa51d1787255475b1bf8784f9,A,STEP 65D-3,1,59,1.0,0.9076923076923077,59,55,0.9322033898305084,55,0,True,True,55,2,secondary_metrics_required,unresolved_exact_tie,59.0,65.0,0.0,59.0
19548,1,1,2MFG,1,C,764c23bb5010fd9ffcc77b68cd912e6328b154de14bcfe567270cef7904d48f5,C,STEP 65D-3,1,59,1.0,0.9076923076923077,59,55,0.9322033898305084,55,0,True,True,55,2,secondary_metrics_required,unresolved_exact_tie,59.0,65.0,0.0,59.0
19549,1,1,2MFH,1,A,1bce8a499dcd48d14d428c945febb8a3c0eecf97462a19b95bfce94cacf1c42b,A,STEP 65D-3,1,59,1.0,0.9076923076923077,60,56,0.9333333333333333,56,0,True,True,56,2,secondary_metrics_required,unresolved_exact_tie,59.0,65.0,0.0,59.0
19549,1,1,2MFH,1,C,a7750da42fc5b176e036ad9683014ef704698a77393608ff9d5847d6a1a86abe,C,STEP 65D-3,1,59,1.0,0.9076923076923077,60,56,0.9333333333333333,56,0,True,True,56,2,secondary_metrics_required,unresolved_exact_tie,59.0,65.0,0.0,59.0
19579,1,1,2MFZ,1,A,70f906b63f48b58f48edfe3127b50d963b4e41d7814d52cd44aa1148110112e3,A,STEP 65D-3,1,125,1.0,1.0,119,119,1.0,119,0,True,True,119,2,secondary_metrics_required,unresolved_exact_tie,125.0,125.0,0.0,125.0
19579,1,1,2MFZ,1,B,4737cc58b716c248572871ac07949b32b3b74296fdb6f4b01ad50ff9b10ca4e1,B,STEP 65D-3,1,125,1.0,1.0,119,119,1.0,119,0,True,True,119,2,secondary_metrics_required,unresolved_exact_tie,125.0,125.0,0.0,125.0
19585,1,1,2MG4,1,A,4caca57222abf62745521bdce4fb1c502f420930f1b280734425cf70e5e02e65,A,STEP 65D-3,1,66,1.0,1.0,59,59,1.0,59,0,True,True,59,2,secondary_metrics_required,unresolved_exact_tie,66.0,66.0,0.0,66.0
19585,1,1,2MG4,1,B,e61bc2f4588712431591331f8d84ec0e112ef1208aaf5c4a2d1800528158f24f,B,STEP 65D-3,1,66,1.0,1.0,59,59,1.0,59,0,True,True,59,2,secondary_metrics_required,unresolved_exact_tie,66.0,66.0,0.0,66.0
19601,1,1,2MGS,1,A,2223c318dffb2ab041143d59e96f4a15c90caf48d0c3fc774adba1506eb98aa3,A,STEP 65D-3,1,71,1.0,0.9102564102564102,70,65,0.9285714285714286,65,0,True,True,65,2,secondary_metrics_required,unresolved_exact_tie,71.0,78.0,0.0,71.0
19601,1,1,2MGS,1,B,82a159176f1043a3624aa8e2f085f6e1b254b3c8c59d1fe0de01579b39c61f1f,B,STEP 65D-3,1,71,1.0,0.9102564102564102,70,65,0.9285714285714286,65,0,True,True,65,2,secondary_metrics_required,unresolved_exact_tie,71.0,78.0,0.0,71.0
19614,1,1,2MH3,1,A,d548ae646d59c3220712d4ac520bf8fc4b5506f61bc7363b1c338611e5f4cc9a,A,STEP 65D-3,1,70,1.0,1.0,66,66,1.0,66,0,True,True,66,2,secondary_metrics_required,unresolved_exact_tie,70.0,70.0,0.0,70.0
19614,1,1,2MH3,1,B,dd6e7e1cac92458b6c7699a38e5e32ff6af6ada442fa3f9865b108d2391278bf,B,STEP 65D-3,1,70,1.0,1.0,66,66,1.0,66,0,True,True,66,2,secondary_metrics_required,unresolved_exact_tie,70.0,70.0,0.0,70.0
19628,1,1,2MHE,1,A,fbf4caec05d28bfa578a05bd5697aae38c35ef38ef48dcdbace605e0a7df0e8b,A,STEP 65D-3,1,74,1.0,1.0,70,70,1.0,70,0,True,True,70,2,secondary_metrics_required,unresolved_exact_tie,74.0,74.0,0.0,74.0
19628,1,1,2MHE,1,B,1dbdac5e9cdde2384986350990fc9a3945ef26eba79ad59474f8b1657671ea3f,B,STEP 65D-3,1,74,1.0,1.0,70,70,1.0,70,0,True,True,70,2,secondary_metrics_required,unresolved_exact_tie,74.0,74.0,0.0,74.0
19632,1,1,2MHG,1,A,c13f4c2c707556f28e7e8e0e732e71cd1ec92f4d4fe8e712f525a6cc41121cf6,A,STEP 65D-3,1,75,1.0,1.0,65,65,1.0,65,0,True,True,65,2,secondary_metrics_required,unresolved_exact_tie,75.0,75.0,0.0,75.0
19632,1,1,2MHG,1,B,11f25d68a5edd493f280f17f8adf37f8ef1608d647465709be5e9cd8d7bdecb5,B,STEP 65D-3,1,75,1.0,1.0,65,65,1.0,65,0,True,True,65,2,secondary_metrics_required,unresolved_exact_tie,75.0,75.0,0.0,75.0
19713,1,1,2MJA,1,A,9d3575ff290e76eb674ae1a69b0e639285334b31b9520ba20ada974d1a6fade4,A,STEP 65D-3,1,63,1.0,1.0,59,59,1.0,59,0,True,True,59,2,secondary_metrics_required,unresolved_exact_tie,63.0,63.0,0.0,63.0
19713,1,1,2MJA,1,B,ba1d687f5a8f39aae547eb7413e4dbddbc2cbc787c5eae18f7a130d4a01ee910,B,STEP 65D-3,1,63,1.0,1.0,59,59,1.0,59,0,True,True,59,2,secondary_metrics_required,unresolved_exact_tie,63.0,63.0,0.0,63.0
19739,1,1,2MJW,1,A,c5ad48f7b4e7c5003dd2d465d877317d4f1121216fbb0d4fd9925458fd786d99,A,STEP 65D-3,1,101,1.0,1.0,81,81,1.0,81,0,True,True,81,2,secondary_metrics_required,unresolved_exact_tie,101.0,101.0,0.0,101.0
19739,1,1,2MJW,1,C,b0f20b8fdf027b2ea8f91b063b273357f284b23c18e9a2821fb42a22af9d1944,D,STEP 65D-3,1,101,1.0,1.0,81,81,1.0,81,0,True,True,81,2,secondary_metrics_required,unresolved_exact_tie,101.0,101.0,0.0,101.0
19741,1,1,2MJO,1,A,d3437d82927bb50cc170aba1e4f9884977f0812e41ed549ca8c6e8d32f794409,A,STEP 65D-3,1,41,1.0,1.0,40,40,1.0,40,0,True,True,40,2,secondary_metrics_required,unresolved_exact_tie,41.0,41.0,0.0,41.0
19741,1,1,2MJO,1,B,1bc4e158c146e4501e881a22800f1d1abcea521ad02c70c308ff81e53507541b,B,STEP 65D-3,1,41,1.0,1.0,40,40,1.0,40,0,True,True,40,2,secondary_metrics_required,unresolved_exact_tie,41.0,41.0,0.0,41.0
19779,1,1,4CPG,1,A,bd6206f4277efa53a1af2b581274d021e56d298f2022e7bcd0b0f36054c37da9,A,STEP 65D-3,1,69,1.0,0.8313253012048193,67,67,1.0,67,0,True,True,67,2,secondary_metrics_required,unresolved_exact_tie,69.0,83.0,0.0,69.0
19779,1,1,4CPG,1,B,651dc204a6d917ae1b97c4a8fbba6a5bbb30bac19472736dc57094acddcbda2b,B,STEP 65D-3,1,69,1.0,0.8313253012048193,67,67,1.0,67,0,True,True,67,2,secondary_metrics_required,unresolved_exact_tie,69.0,83.0,0.0,69.0
19850,1,1,2MMA,1,A,11d37c219816929d0e135e710e09de4cab33350b7b88687d1c93661b1924421e,A,STEP 65D-3,1,107,1.0,0.981651376146789,101,99,0.9801980198019802,99,0,True,True,99,2,secondary_metrics_required,unresolved_exact_tie,107.0,109.0,0.0,107.0
19850,1,2,2MMA,1,A,4a1ab4d4a3a6d4e4d8fa90f93c9b438074bfb3e2c0ded1aa3e6e7b6c719194c4,A,STEP 65D-3,1,107,1.0,0.981651376146789,101,99,0.9801980198019802,99,0,True,True,99,2,secondary_metrics_required,unresolved_exact_tie,107.0,109.0,0.0,107.0
19869,1,1,2MMV,1,A,0f76c0015b5aecf1fbdbddb6226be7622dcc8cfbbdbce1354625eae5098ca99c,A,STEP 65D-3,1,86,1.0,1.0,74,74,1.0,74,0,True,True,74,2,secondary_metrics_required,unresolved_exact_tie,86.0,86.0,0.0,86.0
19869,1,1,2MMV,1,B,e34aff9f140f61d1fa06b0f7dd1f95234019059cf64a00c3612f8c8cde936fe3,B,STEP 65D-3,1,86,1.0,1.0,74,74,1.0,74,0,True,True,74,2,secondary_metrics_required,unresolved_exact_tie,86.0,86.0,0.0,86.0
19880,1,1,2MN5,1,A,4c6d8c3fb1348ab779fc71c18ebaca19bdfdf624371766fe9784fccf0a1155bb,A,STEP 65D-6,1,57,1.0,1.0,54,53,0.9814814814814815,53,0,True,True,53,3,secondary_metrics_required,unresolved_exact_tie,56.0,57.0,0.0,56.0
19880,1,3,2MN5,1,A,8175ced66764beffd61eaf82fbb6a7aae520b5a06c89944500928938277d9287,A,STEP 65D-6,1,57,1.0,1.0,54,53,0.9814814814814815,53,0,True,True,53,3,secondary_metrics_required,unresolved_exact_tie,56.0,57.0,0.0,56.0
19880,1,4,2MN5,1,A,5b67b6b471c92f026e6c1d7fe03e7f21885d435d23b938fdcbae6e35fd5ca5e1,A,STEP 65D-6,1,57,1.0,1.0,54,53,0.9814814814814815,53,0,True,True,53,3,secondary_metrics_required,unresolved_exact_tie,56.0,57.0,0.0,56.0
19984,1,1,5LW4,1,A,5a8437e7056a9b0a675f4ee31202b29f27de47f5b493060c96c73e6a09f54b2d,A,STEP 65D-3,1,172,1.0,1.0,161,161,1.0,161,0,True,True,161,2,secondary_metrics_required,unresolved_exact_tie,172.0,172.0,0.0,172.0
19984,1,1,6TWE,1,A,7f02c47c8bf53cc508fced2b91d3058bfd102f5eb4c47f4aa0000946c33248ee,A,STEP 65D-3,1,172,1.0,1.0,161,161,1.0,161,0,True,True,161,2,secondary_metrics_required,unresolved_exact_tie,172.0,172.0,0.0,172.0
19994,1,1,2MPN,1,A,e1db1c53bf61903ce8bc5f907da1626055152c6f244b8156537fca2a42d9d590,A,STEP 65D-3,1,68,1.0,1.0,58,58,1.0,58,0,True,True,58,2,secondary_metrics_required,unresolved_exact_tie,68.0,68.0,0.0,68.0
19994,1,1,2MPN,1,B,fdc90a433eb223071cc4896ba30ca5a17d0be4e2051726fa71b75acd5fe36740,B,STEP 65D-3,1,68,1.0,1.0,58,58,1.0,58,0,True,True,58,2,secondary_metrics_required,unresolved_exact_tie,68.0,68.0,0.0,68.0
25069,1,1,2MRD,1,A,3bc0c9a5a9eebce868e4006a6cc7aff9eccfeb9240662ce2549e36f72ba05496,A,STEP 65D-3,1,101,1.0,1.0,95,95,1.0,95,0,True,True,95,2,secondary_metrics_required,unresolved_exact_tie,101.0,101.0,0.0,101.0
25069,1,1,2MRD,1,B,0d0d26440d7c0387b1939a6aee8133580a2bd0502ac7a63f0ebe9040a5a454c7,B,STEP 65D-3,1,101,1.0,1.0,95,95,1.0,95,0,True,True,95,2,secondary_metrics_required,unresolved_exact_tie,101.0,101.0,0.0,101.0
25086,1,1,2MRN,1,A,31cad9780192d354db3ecec7df7f460b6eeaf69a521cf0a511f3bb48effc5c5d,A,STEP 65D-3,1,67,1.0,1.0,57,57,1.0,57,0,True,True,57,2,secondary_metrics_required,unresolved_exact_tie,67.0,67.0,0.0,67.0
25086,1,1,2MRN,1,B,2b798244f8dfc00c9e64653aaecae28441cd90c9729c70fdd2c652b4ee270b58,B,STEP 65D-3,1,67,1.0,1.0,57,57,1.0,57,0,True,True,57,2,secondary_metrics_required,unresolved_exact_tie,67.0,67.0,0.0,67.0
25092,1,1,2MRU,1,A,f4a10f9dfdf4d34a37f7b6e83c671d2f02880c335359dd43ab34b17a8678ca8e,A,STEP 65D-3,1,50,1.0,0.746268656716418,53,43,0.8113207547169812,43,0,True,True,43,2,secondary_metrics_required,unresolved_exact_tie,50.0,67.0,0.0,50.0
25092,1,1,2MRU,1,B,9fa04d97044a11d779d24db7b6751321afb87b277916b24e22c7655edb58b198,B,STEP 65D-3,1,50,1.0,0.746268656716418,53,43,0.8113207547169812,43,0,True,True,43,2,secondary_metrics_required,unresolved_exact_tie,50.0,67.0,0.0,50.0
25139,1,1,2MSX,1,A,8309408a2a8219bbeb5a299ccb5eda8b4d9bd7fce959eedf541e7f252954bb79,A,STEP 65D-3,1,114,1.0,1.0,99,99,1.0,99,0,True,True,99,2,secondary_metrics_required,unresolved_exact_tie,114.0,114.0,0.0,114.0
25139,1,2,2MSX,1,A,49838cf94cea18d164c1a75b4f4b45da056e74caa27d6f7c15970819522ee7ab,A,STEP 65D-3,1,114,1.0,1.0,99,99,1.0,99,0,True,True,99,2,secondary_metrics_required,unresolved_exact_tie,114.0,114.0,0.0,114.0
25192,1,1,2MTZ,1,A,39a59eaa1276187fda561ba0eee0a82a51992449e7c8f3642e5cc1f8c776cd79,A,STEP 65D-3,1,169,1.0,1.0,96,96,1.0,96,0,True,True,96,2,secondary_metrics_required,unresolved_exact_tie,169.0,169.0,0.0,169.0
25192,1,2,2MTZ,1,A,5deb909c71f10dbfdbe1759f4297960ddbaac7d40317f1dd690b1c86b3710e6c,A,STEP 65D-3,1,169,1.0,1.0,96,96,1.0,96,0,True,True,96,2,secondary_metrics_required,unresolved_exact_tie,169.0,169.0,0.0,169.0
25242,1,1,4V10,1,A,93618197c165337b86c1008e73cd7c3c21279be4d2c90da82206be81445b7cd6,A,STEP 65D-3,1,231,1.0,1.0,205,205,1.0,205,0,True,True,205,2,secondary_metrics_required,unresolved_exact_tie,231.0,231.0,0.0,231.0
25242,1,2,4V10,1,A,55d8c914eb4933e8693e343c7a676561a702acd420a346a29c13634fdb866281,A,STEP 65D-3,1,231,1.0,1.0,205,205,1.0,205,0,True,True,205,2,secondary_metrics_required,unresolved_exact_tie,231.0,231.0,0.0,231.0
25288,1,1,2MVW,1,A,8876b9943b6642c07905821f9f5a78c346999e3a13e399ef200ba6459b5ebb3e,A,STEP 65D-3,1,51,1.0,1.0,47,47,1.0,47,0,True,True,47,2,secondary_metrics_required,unresolved_exact_tie,51.0,51.0,0.0,51.0
25288,1,1,2MVW,1,B,b3df79418c627c70688e8bd7762f190a75e03788da2848974d8e36dd67a691c6,B,STEP 65D-3,1,51,1.0,1.0,47,47,1.0,47,0,True,True,47,2,secondary_metrics_required,unresolved_exact_tie,51.0,51.0,0.0,51.0
25298,1,1,2MW4,1,A,6a08d8251ceea84a999b77a38c1f81e09a58684a4c6afc9066a1d1988d85149a,A,STEP 65D-3,1,47,1.0,1.0,45,45,1.0,45,0,True,True,45,4,secondary_metrics_required,unresolved_exact_tie,47.0,47.0,0.0,47.0
25298,1,1,2MW4,1,B,d1eac5b5e84694e2bee98e782492134c5cdc00a951edce27c6ecbea91859d396,B,STEP 65D-3,1,47,1.0,1.0,45,45,1.0,45,0,True,True,45,4,secondary_metrics_required,unresolved_exact_tie,47.0,47.0,0.0,47.0
25298,1,1,2MW4,1,C,16a13c7f0f84183fb514ccb97ada390431890de2a96d92807de7b01432006c84,C,STEP 65D-3,1,47,1.0,1.0,45,45,1.0,45,0,True,True,45,4,secondary_metrics_required,unresolved_exact_tie,47.0,47.0,0.0,47.0
25298,1,1,2MW4,1,D,06bef1e390e51165b4eff25588ce86e72c4f22005f3ebf90ab3b64b273a6ca1c,D,STEP 65D-3,1,47,1.0,1.0,45,45,1.0,45,0,True,True,45,4,secondary_metrics_required,unresolved_exact_tie,47.0,47.0,0.0,47.0
25372,1,1,4D7X,1,A,36164fa7c7be2e4a73cd0ae6ae213595e06fd66eed0f749d6620b463d455d9f8,A,STEP 65D-3,1,86,1.0,1.0,82,82,1.0,82,0,True,True,82,2,secondary_metrics_required,unresolved_exact_tie,86.0,86.0,0.0,86.0
25372,1,3,4D7X,1,A,0e441e2c38b77fc796587632ec5639be38d430c58c3867f2e86940136172cf55,A,STEP 65D-3,1,86,1.0,1.0,82,82,1.0,82,0,True,True,82,2,secondary_metrics_required,unresolved_exact_tie,86.0,86.0,0.0,86.0
25398,1,1,2MX9,1,A,c394f564c8f14930fa37bd8cf2a5d704d539220538ea913479631e6e51ca0591,A,STEP 65D-3,1,133,1.0,1.0,122,122,1.0,122,0,True,True,122,2,secondary_metrics_required,unresolved_exact_tie,133.0,133.0,0.0,133.0
25398,1,1,2MX9,1,B,a24141bc23ef29990702e512f6ee1ba80b5956976f0a2f77beaa52169d3b253d,B,STEP 65D-3,1,133,1.0,1.0,122,122,1.0,122,0,True,True,122,2,secondary_metrics_required,unresolved_exact_tie,133.0,133.0,0.0,133.0
25454,1,1,2MYJ,1,A,fd1284ac3abcdb5208aac2f9e50d0d1108395682e9585dddd64b608de3c7d43b,A,STEP 65D-3,1,79,1.0,1.0,73,73,1.0,73,0,True,True,73,2,secondary_metrics_required,unresolved_exact_tie,79.0,79.0,0.0,79.0
25454,1,1,2MYJ,1,B,cb048ce90a01973e44050c97b0d8f67178be6f6955406589c1fcb90efd4e6904,B,STEP 65D-3,1,79,1.0,1.0,73,73,1.0,73,0,True,True,73,2,secondary_metrics_required,unresolved_exact_tie,79.0,79.0,0.0,79.0
25483,1,1,2MZC,1,A,d86cbfee19c43349ea358e5ad13addb59c1948d40534a3366b83ac0407fab59f,A,STEP 65D-3,1,92,1.0,1.0,85,85,1.0,85,0,True,True,85,2,secondary_metrics_required,unresolved_exact_tie,92.0,92.0,0.0,92.0
25483,1,1,2MZC,1,B,248d3f1bf52881e57d2d6546590e5887ed091bcf7f6aacf386947f9482981892,B,STEP 65D-3,1,92,1.0,1.0,85,85,1.0,85,0,True,True,85,2,secondary_metrics_required,unresolved_exact_tie,92.0,92.0,0.0,92.0
25485,1,1,5UE2,1,A,3e61ec5ae56e96469be126af929cf814d5116b660aed6a45157144975cc77ab7,A,STEP 65D-3,1,247,1.0,1.0,220,220,1.0,220,0,True,True,220,2,secondary_metrics_required,unresolved_exact_tie,247.0,247.0,0.0,247.0
25485,1,1,5UE5,1,A,d8c0709fa7192f27b7a4207ec4955adefb001b16e7df41d66ef206df1133053b,A,STEP 65D-3,1,247,1.0,1.0,220,220,1.0,220,0,True,True,220,2,secondary_metrics_required,unresolved_exact_tie,247.0,247.0,0.0,247.0
25527,1,1,2N0K,1,A,a21926acb112054b609eeda9d27c7b37a3d48f494e033a8632dea96c5ad28a3f,A,STEP 65D-3,1,89,1.0,1.0,82,82,1.0,82,0,True,True,82,2,secondary_metrics_required,unresolved_exact_tie,89.0,89.0,0.0,89.0
25527,1,1,2N0K,1,B,85195722cabda571aabe2306f6fc0d5c703421c968e117e50862a16dff046ef1,B,STEP 65D-3,1,89,1.0,1.0,82,82,1.0,82,0,True,True,82,2,secondary_metrics_required,unresolved_exact_tie,89.0,89.0,0.0,89.0
25545,2,1,2N13,2,B,5413f33542fc686aef51d7200dd660815a5f30756a0a0fe05fa7de84a16ce08c,B,STEP 65D-3,1,76,1.0,1.0,70,70,1.0,70,0,True,True,70,2,secondary_metrics_required,unresolved_exact_tie,76.0,76.0,0.0,76.0
25545,3,1,2N13,3,C,c84d7bf15d116d2d43d7cbc872f26bff68baf25d2b03a4951ea1ada32dbad861,C,STEP 65D-3,1,76,1.0,1.0,70,70,1.0,70,0,True,True,70,2,secondary_metrics_required,unresolved_exact_tie,76.0,76.0,0.0,76.0
25593,1,1,2N2A,1,A,1a241bc534280c34a8eac82fc72e69d1ee4a3171ff2d578842a130ba7394bc92,A,STEP 65D-3,1,58,1.0,1.0,54,54,1.0,54,0,True,True,54,2,secondary_metrics_required,unresolved_exact_tie,58.0,58.0,0.0,58.0
25593,1,1,2N2A,1,B,30e09b8f18701edf457c145998b9e4e5855848cce4429cee8c2543a22527a495,B,STEP 65D-3,1,58,1.0,1.0,54,54,1.0,54,0,True,True,54,2,secondary_metrics_required,unresolved_exact_tie,58.0,58.0,0.0,58.0
25645,1,1,2N3J,1,A,8e3a6fc08a7a4e7debb9bf4f19fe804a7f3568f878c93889841b4cb82427a7df,A,STEP 65D-3,1,98,1.0,1.0,70,70,1.0,70,0,True,True,70,2,secondary_metrics_required,unresolved_exact_tie,98.0,98.0,0.0,98.0
25645,1,1,2N3J,1,B,f25206e2f249dffacb4130e9ce471f2b4b044417be961589279d399273200427,B,STEP 65D-3,1,98,1.0,1.0,70,70,1.0,70,0,True,True,70,2,secondary_metrics_required,unresolved_exact_tie,98.0,98.0,0.0,98.0
25693,1,1,2N54,1,A,85a22929bce48b65d42863055e88bb3739c34e2a87d64132df475e8a45f972ca,A,STEP 65D-3,1,66,1.0,0.7096774193548387,61,61,1.0,61,0,True,True,61,2,secondary_metrics_required,unresolved_exact_tie,66.0,93.0,0.0,66.0
25693,1,1,2N54,1,B,62b37c5238df13ab9832908abec20d54bdb32ced63a12cd78ff91762ea79caff,B,STEP 65D-3,1,66,1.0,0.7096774193548387,61,61,1.0,61,0,True,True,61,2,secondary_metrics_required,unresolved_exact_tie,66.0,93.0,0.0,66.0
25710,1,1,2N5E,1,A,0433fca1254aa99766319520e01b7ea09685ab5917b231d86a394b9693857d57,A,STEP 65D-3,1,167,1.0,1.0,149,149,1.0,149,0,True,True,149,2,secondary_metrics_required,unresolved_exact_tie,167.0,167.0,0.0,167.0
25710,1,1,2N5E,1,B,f4a5030d1b52968abfedd8f7e2eb65feb30479b82bc49a8539fc92da654e2ea7,B,STEP 65D-3,1,167,1.0,1.0,149,149,1.0,149,0,True,True,149,2,secondary_metrics_required,unresolved_exact_tie,167.0,167.0,0.0,167.0
25731,1,1,2N5T,1,A,fca0032fc7cc2f8d3513ca962f56af890e35c18bd61c3c36ec477f7ac21ab24a,A,STEP 65D-3,1,573,1.0,1.0,95,95,1.0,95,0,True,True,95,2,secondary_metrics_required,unresolved_exact_tie,573.0,573.0,0.0,573.0
25731,1,1,2N5T,1,B,4ba5e31806a9c5f5ee46026ae82faafe72eaf71b8108ad6548763bd09973e238,B,STEP 65D-3,1,573,1.0,1.0,95,95,1.0,95,0,True,True,95,2,secondary_metrics_required,unresolved_exact_tie,573.0,573.0,0.0,573.0
25750,1,1,2N64,1,A,142e5f36d1e2b4ffce51fcc0c92f2f80c4a89eb81fc4593996adb2cd8c1631e1,A,STEP 65D-3,1,75,1.0,1.0,71,71,1.0,71,0,True,True,71,3,secondary_metrics_required,unresolved_exact_tie,75.0,75.0,0.0,75.0
25750,1,1,2N64,1,B,5d8d63d409d892f70bdf9c870b8cc05ebca2cf1eda1d353a04be258528d34816,B,STEP 65D-3,1,75,1.0,1.0,71,71,1.0,71,0,True,True,71,3,secondary_metrics_required,unresolved_exact_tie,75.0,75.0,0.0,75.0
25750,1,1,2N64,1,C,db1bac58930c326b013bf9aaa7e4272702776ba4c4365a161e51f1a92e584fbe,C,STEP 65D-3,1,75,1.0,1.0,71,71,1.0,71,0,True,True,71,3,secondary_metrics_required,unresolved_exact_tie,75.0,75.0,0.0,75.0
25793,1,1,2N74,1,A,a22938796aa537cba34a0003f14c48b6ce2df3bfd5675d1f3b6295f5b1327df1,A,STEP 65D-3,1,73,1.0,1.0,70,70,1.0,70,0,True,True,70,2,secondary_metrics_required,unresolved_exact_tie,73.0,73.0,0.0,73.0
25793,1,1,2N74,1,B,a20fdec8156e7e54215e4fc6d59f4c0001854ae1316330b6507aaaf7f578e28a,B,STEP 65D-3,1,73,1.0,1.0,70,70,1.0,70,0,True,True,70,2,secondary_metrics_required,unresolved_exact_tie,73.0,73.0,0.0,73.0
25883,1,1,2N97,1,A,54c4d9c3bb9b16ba9344cb2ef4c11c250e5123021b9a24df5f0d869e206696c6,A,STEP 65D-3,1,94,1.0,1.0,89,89,1.0,89,0,True,True,89,2,secondary_metrics_required,unresolved_exact_tie,94.0,94.0,0.0,94.0
25883,1,1,2N97,1,B,fc3b8d777afa200be9eede97d4924493ed86e925a13b930e15f10aab331f063f,B,STEP 65D-3,1,94,1.0,1.0,89,89,1.0,89,0,True,True,89,2,secondary_metrics_required,unresolved_exact_tie,94.0,94.0,0.0,94.0
25899,1,1,2N9B,1,A,28c819b901811629d691965c283b1dc35f9e76f7e9c3b4a1488f6e05336b71bc,A,STEP 65D-3,1,69,1.0,1.0,65,65,1.0,65,0,True,True,65,2,secondary_metrics_required,unresolved_exact_tie,69.0,69.0,0.0,69.0
25899,1,1,2N9B,1,B,72eb3f724e4e94b771d2ccbad2a00fbbb8a4465b4cb7d117e27ccdcf66b31b01,B,STEP 65D-3,1,69,1.0,1.0,65,65,1.0,65,0,True,True,65,2,secondary_metrics_required,unresolved_exact_tie,69.0,69.0,0.0,69.0
25958,1,1,2NB1,1,A,7b3de701ff5faea6b14abb9730d0b4f533a8791e676d81bca0dcf3cb1713215a,A,STEP 65D-3,1,60,1.0,1.0,55,55,1.0,55,0,True,True,55,2,secondary_metrics_required,unresolved_exact_tie,60.0,60.0,0.0,60.0
25958,1,1,2NB1,1,C,0d2aeab91f8807cd69b5a1402a642fe487bdbface23999448aacde3f05cbe00b,C,STEP 65D-3,1,60,1.0,1.0,55,55,1.0,55,0,True,True,55,2,secondary_metrics_required,unresolved_exact_tie,60.0,60.0,0.0,60.0
26068,1,1,2NDP,1,A,78bc068adaceb341c3a5166057b7af7ee53aff6d49c61850903dfc49db3208ff,A,STEP 65D-3,1,99,1.0,1.0,92,92,1.0,92,0,True,True,92,2,secondary_metrics_required,unresolved_exact_tie,99.0,99.0,0.0,99.0
26068,1,1,2NDP,1,B,d6e5e2769b0763d9f51074e31f8a3144cb9e38d63e18fe488a3dad91f639c850,B,STEP 65D-3,1,99,1.0,1.0,92,92,1.0,92,0,True,True,92,2,secondary_metrics_required,unresolved_exact_tie,99.0,99.0,0.0,99.0
26821,1,1,5TM0,1,A,b081fbe2277eae70d2694f720877ebdc0497236ee87d42555f5be616fac3ba41,A,STEP 65D-3,1,108,1.0,1.0,88,88,1.0,88,0,True,True,88,4,secondary_metrics_required,unresolved_exact_tie,108.0,108.0,0.0,108.0
26821,1,1,5TM0,1,B,8d64991d55ba1be0e4f1aa5b2c1e00dd3a79bf5239994636126467ef487186f0,B,STEP 65D-3,1,108,1.0,1.0,88,88,1.0,88,0,True,True,88,4,secondary_metrics_required,unresolved_exact_tie,108.0,108.0,0.0,108.0
26821,1,1,5TM0,1,C,5fb2ba5afc098594277fb5fe4d2bdbe1376be2f2351b364f08328a2069000f07,C,STEP 65D-3,1,108,1.0,1.0,88,88,1.0,88,0,True,True,88,4,secondary_metrics_required,unresolved_exact_tie,108.0,108.0,0.0,108.0
26821,1,1,5TM0,1,D,f343b837af1055ae1c5c361d00d0607d65b8c2f581d1a187d05434033f046b51,D,STEP 65D-3,1,108,1.0,1.0,88,88,1.0,88,0,True,True,88,4,secondary_metrics_required,unresolved_exact_tie,108.0,108.0,0.0,108.0
27211,1,1,6R8N,1,A,3b4a13248a3cdff7ccd4754cd7ba6629261cfdbe37d5ea15fb30f8bef7b6f898,A,STEP 65D-3,1,353,1.0,1.0,138,138,1.0,138,0,True,True,138,13,secondary_metrics_required,unresolved_exact_tie,353.0,353.0,0.0,353.0
27211,1,1,6R8N,1,B,553b53f8a8a4b8e64a33b3182223955984d1a7b171888d4152fe97fd65944fbb,B,STEP 65D-3,1,353,1.0,1.0,138,138,1.0,138,0,True,True,138,13,secondary_metrics_required,unresolved_exact_tie,353.0,353.0,0.0,353.0
27211,1,1,6R8N,1,C,0ebd72fcfab17136703b837fb407ed808e816042e1683d7f7db521d87f9e5dd9,C,STEP 65D-3,1,353,1.0,1.0,138,138,1.0,138,0,True,True,138,13,secondary_metrics_required,unresolved_exact_tie,353.0,353.0,0.0,353.0
27211,1,1,6R8N,1,D,12f9b0d0b7b0cc5d324d57ae7f8bd8660501b33bf8ed7f23f30b5366f9146d50,D,STEP 65D-3,1,353,1.0,1.0,138,138,1.0,138,0,True,True,138,13,secondary_metrics_required,unresolved_exact_tie,353.0,353.0,0.0,353.0
27211,1,1,6R8N,1,E,62c20f173e96f5df1360b78d56020184882dbe30198c196a2c490b226921a938,E,STEP 65D-3,1,353,1.0,1.0,138,138,1.0,138,0,True,True,138,13,secondary_metrics_required,unresolved_exact_tie,353.0,353.0,0.0,353.0
27211,1,1,6R8N,1,F,23c730d98e94ef29f03488fea3733f84f07c57941bfcc246a5e21d88427afe16,F,STEP 65D-3,1,353,1.0,1.0,138,138,1.0,138,0,True,True,138,13,secondary_metrics_required,unresolved_exact_tie,353.0,353.0,0.0,353.0
27211,1,1,6R8N,1,G,616e6d028f74584da359265aac0819f377e281758a9519ca6824f8c753fe8d3d,G,STEP 65D-3,1,353,1.0,1.0,138,138,1.0,138,0,True,True,138,13,secondary_metrics_required,unresolved_exact_tie,353.0,353.0,0.0,353.0
27211,1,1,6R8N,1,H,1f0b08e9ef1f4ea1f9f0310de135e58fe2d1718a071af4e6fd13f69d0071a043,H,STEP 65D-3,1,353,1.0,1.0,138,138,1.0,138,0,True,True,138,13,secondary_metrics_required,unresolved_exact_tie,353.0,353.0,0.0,353.0
27211,1,1,6R8N,1,I,4ca33917cb51bfb86d721afbd79d80975613357364a347f39ed6ea533d30956f,I,STEP 65D-3,1,353,1.0,1.0,138,138,1.0,138,0,True,True,138,13,secondary_metrics_required,unresolved_exact_tie,353.0,353.0,0.0,353.0
27211,1,1,6R8N,1,J,d7fb86bd27300ee54b37213075ee80a071cf0e3a9fcacf002a67b90d1e236f44,J,STEP 65D-3,1,353,1.0,1.0,138,138,1.0,138,0,True,True,138,13,secondary_metrics_required,unresolved_exact_tie,353.0,353.0,0.0,353.0
27211,1,1,6R8N,1,K,e4f6c642b2820fd9231f4c0afc462faf56a204c86cfbb9806a63c1e81fba19b4,K,STEP 65D-3,1,353,1.0,1.0,138,138,1.0,138,0,True,True,138,13,secondary_metrics_required,unresolved_exact_tie,353.0,353.0,0.0,353.0
27211,1,1,6R8N,1,L,f833a28e11f47287605a64a089d42f8ac22cf05f956a832ada3fd737af3fe5c4,L,STEP 65D-3,1,353,1.0,1.0,138,138,1.0,138,0,True,True,138,13,secondary_metrics_required,unresolved_exact_tie,353.0,353.0,0.0,353.0
27239,1,2,5OWI,1,A,7755b18f2eb9231ae3d6dafc0c39942c7435128f044abac95770650d93780fb5,A,STEP 65D-3,1,432,1.0,1.0,309,309,1.0,309,0,True,True,309,2,secondary_metrics_required,unresolved_exact_tie,432.0,432.0,0.0,432.0
27239,1,2,5OWI,1,B,873ec8027f5bf7dabc84dce2b4f729dba9c10cecc3c60ebd88f910b124e29a10,B,STEP 65D-3,1,432,1.0,1.0,309,309,1.0,309,0,True,True,309,2,secondary_metrics_required,unresolved_exact_tie,432.0,432.0,0.0,432.0
27242,1,1,5OWJ,1,A,42dc4929354cd4f6fc47597e0e1fb496603bf43230e1a517e94e1bd3ca17efa1,A,STEP 65D-3,1,432,1.0,1.0,180,180,1.0,180,0,True,True,180,2,secondary_metrics_required,unresolved_exact_tie,432.0,432.0,0.0,432.0
27242,1,1,5OWJ,1,B,4be48f99ca05693f7f6176c048c39f66da287f59f678a4a9df1af798a9b46065,B,STEP 65D-3,1,432,1.0,1.0,180,180,1.0,180,0,True,True,180,2,secondary_metrics_required,unresolved_exact_tie,432.0,432.0,0.0,432.0
27284,1,1,6OCV,1,A,e60c45cba2a7e376fc11bbee8c23fbf2c6f9d6bc386fa5ab6ae8eeaf9918e1e1,A,STEP 65D-3,1,190,1.0,1.0,179,179,1.0,179,0,True,True,179,2,secondary_metrics_required,unresolved_exact_tie,190.0,190.0,0.0,190.0
27284,1,1,6WQE,1,A,bf5e6d667026b6f6019dace79ab68a69b40580d2c769e0f7b91a40620fac98f0,A,STEP 65D-3,1,190,1.0,1.0,179,179,1.0,179,0,True,True,179,2,secondary_metrics_required,unresolved_exact_tie,190.0,190.0,0.0,190.0
27313,1,1,6BQS,1,A,b60f17598349b4ef11a62112a5fab8f708124cdbf2823f7477cde8670af27b04,A,STEP 65D-3,1,201,1.0,1.0,181,181,1.0,181,0,True,True,181,2,secondary_metrics_required,unresolved_exact_tie,201.0,201.0,0.0,201.0
27313,1,1,6CRL,1,A,012e3742644be3792930bf978622222f4b3fdd60368b351170ed0043c3654064,A,STEP 65D-3,1,201,1.0,1.0,181,181,1.0,181,0,True,True,181,2,secondary_metrics_required,unresolved_exact_tie,201.0,201.0,0.0,201.0
27432,1,1,6G8O,1,A,06211aa77d3feff7a6c2b8bae93e95067fe58b746cb27cd3b8e00465ee79e66c,A,STEP 65D-3,1,69,1.0,1.0,66,66,1.0,66,0,True,True,66,2,secondary_metrics_required,unresolved_exact_tie,69.0,69.0,0.0,69.0
27432,1,1,6G8O,1,B,aec79b9117c022b428f3f1b4499f75c294db790904eb9d263b64736d4ef8ba98,B,STEP 65D-3,1,69,1.0,1.0,66,66,1.0,66,0,True,True,66,2,secondary_metrics_required,unresolved_exact_tie,69.0,69.0,0.0,69.0
27468,1,1,6YQ5,1,A,9c8d86893842297ad0dd9c5053388872bab9c620c15626a60884f67509143161,A,STEP 65D-3,1,172,1.0,0.9297297297297298,151,151,1.0,151,0,True,True,151,12,secondary_metrics_required,unresolved_exact_tie,172.0,185.0,0.0,172.0
27468,1,1,6YQ5,1,B,47c3be46c599dac426ee929a1761783796a31bbc7fa1a0b2144603fe84299208,B,STEP 65D-3,1,172,1.0,0.9297297297297298,151,151,1.0,151,0,True,True,151,12,secondary_metrics_required,unresolved_exact_tie,172.0,185.0,0.0,172.0
27468,1,1,6YQ5,1,C,e819d319224d0482121d0524567d7b8d5de439eaba55ea96af1c4ea6da779294,C,STEP 65D-3,1,172,1.0,0.9297297297297298,151,151,1.0,151,0,True,True,151,12,secondary_metrics_required,unresolved_exact_tie,172.0,185.0,0.0,172.0
27468,1,1,6YQ5,1,D,be97fa8011b62e5811d45b783d2c451f61d95394e8f42c99d77d72a0f80432f4,D,STEP 65D-3,1,172,1.0,0.9297297297297298,151,151,1.0,151,0,True,True,151,12,secondary_metrics_required,unresolved_exact_tie,172.0,185.0,0.0,172.0
27468,1,1,6YQ5,1,E,53a9016834b3fd191e480e382191d189799afcca3c0f46cea3e31a073037dc85,E,STEP 65D-3,1,172,1.0,0.9297297297297298,151,151,1.0,151,0,True,True,151,12,secondary_metrics_required,unresolved_exact_tie,172.0,185.0,0.0,172.0
27468,1,1,6YQ5,1,F,b610823cb59e336ec90edd46402ea609e4230b832a0abd2120bd5318435921a3,F,STEP 65D-3,1,172,1.0,0.9297297297297298,151,151,1.0,151,0,True,True,151,12,secondary_metrics_required,unresolved_exact_tie,172.0,185.0,0.0,172.0
27468,1,1,6YQ5,1,G,9e295cbff992b3c6f2715395e4f82d4f98851c4cc6f0e416c5fa55c4b1f5ccb1,G,STEP 65D-3,1,172,1.0,0.9297297297297298,151,151,1.0,151,0,True,True,151,12,secondary_metrics_required,unresolved_exact_tie,172.0,185.0,0.0,172.0
27468,1,1,6YQ5,1,H,a40b85f816b4e67dc85147c6aa8c777e0db39295929efbc2df93b6932b6f687e,H,STEP 65D-3,1,172,1.0,0.9297297297297298,151,151,1.0,151,0,True,True,151,12,secondary_metrics_required,unresolved_exact_tie,172.0,185.0,0.0,172.0
27468,1,1,6YQ5,1,I,f48f9a51382a6a3ee7cd9644f8ce331a23bbc32059b7364fcccc6eff9d948eb2,I,STEP 65D-3,1,172,1.0,0.9297297297297298,151,151,1.0,151,0,True,True,151,12,secondary_metrics_required,unresolved_exact_tie,172.0,185.0,0.0,172.0
27468,1,1,6YQ5,1,J,4be9927e1decb0cc60ae0cfb6d4176cf59e6700bbb7d49d01452169b290eaaa7,J,STEP 65D-3,1,172,1.0,0.9297297297297298,151,151,1.0,151,0,True,True,151,12,secondary_metrics_required,unresolved_exact_tie,172.0,185.0,0.0,172.0
27468,1,1,6YQ5,1,K,dcd2e68bb0a8e6a0e0154932eac9848a31e11f07976b5ae2c794eb0f44908b7d,K,STEP 65D-3,1,172,1.0,0.9297297297297298,151,151,1.0,151,0,True,True,151,12,secondary_metrics_required,unresolved_exact_tie,172.0,185.0,0.0,172.0
27468,1,1,6YQ5,1,L,c196c42eb6d7d72cd8f525098cfa312427c839b522e4bc61c480617319f83679,L,STEP 65D-3,1,172,1.0,0.9297297297297298,151,151,1.0,151,0,True,True,151,12,secondary_metrics_required,unresolved_exact_tie,172.0,185.0,0.0,172.0
27893,1,1,6TWR,1,A,83f2d1b9e76c3e726910b707f2ba1739fe3c6f526dd2cf957c8a1acbd8e8fde2,A,STEP 65D-3,1,169,1.0,0.9657142857142857,163,163,1.0,163,0,True,True,163,2,secondary_metrics_required,unresolved_exact_tie,169.0,175.0,0.0,169.0
27893,1,1,6TWR,1,B,1db5ecb6ba0a06463e89c1190af6fb0f1a0f9fc915a03d8b2b4aa9e82e611503,B,STEP 65D-3,1,169,1.0,0.9657142857142857,163,163,1.0,163,0,True,True,163,2,secondary_metrics_required,unresolved_exact_tie,169.0,175.0,0.0,169.0
28042,1,1,6UYI,3,A,79a56be8d72b3b778bc1f6a2f4b7abf07c4409fcab2ba9954bf0921a558d25db,C,STEP 65D-3,1,113,1.0,0.8308823529411765,85,85,1.0,85,0,True,True,85,2,secondary_metrics_required,unresolved_exact_tie,113.0,136.0,0.0,113.0
28042,1,1,6UYJ,3,A,96b836f7f52b10742faf705a5243ad36cb5927c2095186b800e75f14a84f5dad,C,STEP 65D-3,1,113,1.0,0.8308823529411765,85,85,1.0,85,0,True,True,85,2,secondary_metrics_required,unresolved_exact_tie,113.0,136.0,0.0,113.0
30005,1,1,5HUZ,1,A,e902a24be51a6705bb6acdbb61ba853071ac4de420dc3f3fc3b813111bf46921,A,STEP 65D-3,1,44,1.0,0.9361702127659575,46,44,0.9565217391304348,44,0,True,True,44,2,secondary_metrics_required,unresolved_exact_tie,44.0,47.0,0.0,44.0
30005,1,1,5HUZ,1,B,5f5ef3e791797b06a8e29e38cf4dbbf83bd227db5fba9b66ba1f6a1ac448d041,B,STEP 65D-3,1,44,1.0,0.9361702127659575,46,44,0.9565217391304348,44,0,True,True,44,2,secondary_metrics_required,unresolved_exact_tie,44.0,47.0,0.0,44.0
30017,1,1,5I8N,1,A,4e03655be8cde741b1e74297496e499843319e1bd0baab603ea59a5582a2881f,A,STEP 65D-3,1,114,1.0,1.0,98,98,1.0,98,0,True,True,98,2,secondary_metrics_required,unresolved_exact_tie,114.0,114.0,0.0,114.0
30017,1,1,5I8N,1,B,c2ee4b76377652080264650d4023a0d6979a4f9a418fd5e3d639ba2edc890cf4,B,STEP 65D-3,1,114,1.0,1.0,98,98,1.0,98,0,True,True,98,2,secondary_metrics_required,unresolved_exact_tie,114.0,114.0,0.0,114.0
30021,1,1,5ID3,1,A,d35594cf35e7602e9126576c9f9194366ae30340ef665bc8bac7e97bc48eec6b,A,STEP 65D-3,1,153,1.0,0.9622641509433962,136,136,1.0,136,0,True,True,136,5,secondary_metrics_required,unresolved_exact_tie,153.0,159.0,0.0,153.0
30021,1,1,5ID3,1,B,c396efea5dc4135a62928a8e55f3e00adf3676fd17f9301a7d40d6638cd55758,B,STEP 65D-3,1,153,1.0,0.9622641509433962,136,136,1.0,136,0,True,True,136,5,secondary_metrics_required,unresolved_exact_tie,153.0,159.0,0.0,153.0
30021,1,1,5ID3,1,C,44d6f40fbaf3a82eaf3768e9e534763fd99c3dfeef5babb080b0975e7bfb4f00,C,STEP 65D-3,1,153,1.0,0.9622641509433962,136,136,1.0,136,0,True,True,136,5,secondary_metrics_required,unresolved_exact_tie,153.0,159.0,0.0,153.0
30021,1,1,5ID3,1,D,f991f8e4c5cd364f75d5fe82e1574944ef950831ae83869291c463a52669881c,D,STEP 65D-3,1,153,1.0,0.9622641509433962,136,136,1.0,136,0,True,True,136,5,secondary_metrics_required,unresolved_exact_tie,153.0,159.0,0.0,153.0
30021,1,1,5ID3,1,E,3176b88df80a6cc5a92120464f1e7969e76e2da6a032364bc3e6b39ed2ffff08,E,STEP 65D-3,1,153,1.0,0.9622641509433962,136,136,1.0,136,0,True,True,136,5,secondary_metrics_required,unresolved_exact_tie,153.0,159.0,0.0,153.0
30074,1,1,5JPW,1,A,2f447952c38be72407b95421b2ca474078cd3d1e24e741bae4d81cb8ea5fc94a,A,STEP 65D-3,1,143,1.0,1.0,131,131,1.0,131,0,True,True,131,2,secondary_metrics_required,unresolved_exact_tie,143.0,143.0,0.0,143.0
30074,1,1,5JPW,1,B,d12df651b4036996f7b7bab782ee5194c2e4b193f1137d20af0fde6d1dc96a5e,B,STEP 65D-3,1,143,1.0,1.0,131,131,1.0,131,0,True,True,131,2,secondary_metrics_required,unresolved_exact_tie,143.0,143.0,0.0,143.0
30081,1,1,5JTM,1,A,6f47cb95f33bb95a21635fc206807dd9cbfa12bddf639fe2a7560e8305a2eb67,A,STEP 65D-3,1,155,1.0,1.0,133,133,1.0,133,0,True,True,133,8,secondary_metrics_required,unresolved_exact_tie,155.0,155.0,0.0,155.0
30081,1,4,5JTM,1,A,dc29306d6f971a1f98aaa38b84cd8ad1a1ec75657b8f817a0a5a4d17c5d20419,A,STEP 65D-3,1,155,1.0,1.0,133,133,1.0,133,0,True,True,133,8,secondary_metrics_required,unresolved_exact_tie,155.0,155.0,0.0,155.0
30081,1,1,5JTM,1,B,0a055f7041438188df77114e4816f56ba1365a3029347e847682bdb058ec2a78,B,STEP 65D-3,1,155,1.0,1.0,133,133,1.0,133,0,True,True,133,8,secondary_metrics_required,unresolved_exact_tie,155.0,155.0,0.0,155.0
30081,1,4,5JTM,1,B,518a27e23de416a5399df6b83d51a200579c9730cea61e7f709da42b7c3364b5,B,STEP 65D-3,1,155,1.0,1.0,133,133,1.0,133,0,True,True,133,8,secondary_metrics_required,unresolved_exact_tie,155.0,155.0,0.0,155.0
30081,1,1,5JTM,1,C,5f7b65202dc8167ac7905bc9cdd55b8ee9ca6c6589ef83ec2e97e9f747fabe32,C,STEP 65D-3,1,155,1.0,1.0,133,133,1.0,133,0,True,True,133,8,secondary_metrics_required,unresolved_exact_tie,155.0,155.0,0.0,155.0
30081,1,4,5JTM,1,C,b7b6bf53efe13fcd24cdd1a27a5f7159c22ce10d5684dd9fe42df13ad7d29474,C,STEP 65D-3,1,155,1.0,1.0,133,133,1.0,133,0,True,True,133,8,secondary_metrics_required,unresolved_exact_tie,155.0,155.0,0.0,155.0
30081,1,1,5JTM,1,D,694c224c7797ccdce7a72ebf16005132e6ffa30c8b5c524d1154553653756d6f,D,STEP 65D-3,1,155,1.0,1.0,133,133,1.0,133,0,True,True,133,8,secondary_metrics_required,unresolved_exact_tie,155.0,155.0,0.0,155.0
30081,1,4,5JTM,1,D,edaea2e121ba72f462abcbd90223063095b2ef663768c680a667a611a7bd04da,D,STEP 65D-3,1,155,1.0,1.0,133,133,1.0,133,0,True,True,133,8,secondary_metrics_required,unresolved_exact_tie,155.0,155.0,0.0,155.0
30082,1,1,5JTN,1,A,7e2c707d4bfa1fb64eb63f62c56e92321d68ed04fa898de49e7a54369409a4d6,A,STEP 65D-3,1,155,1.0,1.0,133,133,1.0,133,0,True,True,133,8,secondary_metrics_required,unresolved_exact_tie,155.0,155.0,0.0,155.0
30082,1,4,5JTN,1,A,8a592cdfc1009e81bb2e895e9316a446414633851fcf270a3769301184fc6dde,A,STEP 65D-3,1,155,1.0,1.0,133,133,1.0,133,0,True,True,133,8,secondary_metrics_required,unresolved_exact_tie,155.0,155.0,0.0,155.0
30082,1,1,5JTN,1,B,7a86332084fd1f9099928489380044a5f7c354ac5baa1ca017b148ef946badc8,B,STEP 65D-3,1,155,1.0,1.0,133,133,1.0,133,0,True,True,133,8,secondary_metrics_required,unresolved_exact_tie,155.0,155.0,0.0,155.0
30082,1,4,5JTN,1,B,e722d3ab09e4f7d0cdeb1411a9cb1fc13e846a5a57e5edd65a8ecce918cfb57d,B,STEP 65D-3,1,155,1.0,1.0,133,133,1.0,133,0,True,True,133,8,secondary_metrics_required,unresolved_exact_tie,155.0,155.0,0.0,155.0
30082,1,1,5JTN,1,C,4e3e3ae7b4ac5ea4b0ae333c2f3c02b541606861820900787dbc90e624ecfe24,C,STEP 65D-3,1,155,1.0,1.0,133,133,1.0,133,0,True,True,133,8,secondary_metrics_required,unresolved_exact_tie,155.0,155.0,0.0,155.0
30082,1,4,5JTN,1,C,3890d965e0067f54121db45fede7f150b912d3d4a378b7fa077404e35d4abd16,C,STEP 65D-3,1,155,1.0,1.0,133,133,1.0,133,0,True,True,133,8,secondary_metrics_required,unresolved_exact_tie,155.0,155.0,0.0,155.0
30082,1,1,5JTN,1,D,746b35b721cd94d06de9b3a15393d5753a07f08983e01018714e89b5dbb8454e,D,STEP 65D-3,1,155,1.0,1.0,133,133,1.0,133,0,True,True,133,8,secondary_metrics_required,unresolved_exact_tie,155.0,155.0,0.0,155.0
30082,1,4,5JTN,1,D,79ceeac660d4d2fa6f52ef5a0d2d8dc016256729d63d267fe5b82f1463092d82,D,STEP 65D-3,1,155,1.0,1.0,133,133,1.0,133,0,True,True,133,8,secondary_metrics_required,unresolved_exact_tie,155.0,155.0,0.0,155.0
30083,1,1,5JTO,1,A,48be4371b1e372e322be4af2778be54592e75a442a442ab026ddd888d4dcf9c0,A,STEP 65D-3,1,155,1.0,1.0,133,133,1.0,133,0,True,True,133,8,secondary_metrics_required,unresolved_exact_tie,155.0,155.0,0.0,155.0
30083,1,4,5JTO,1,A,5c64348c908f5863028f8597d99f396fb76f18a09f8ea47c5a33f31a9b79b176,A,STEP 65D-3,1,155,1.0,1.0,133,133,1.0,133,0,True,True,133,8,secondary_metrics_required,unresolved_exact_tie,155.0,155.0,0.0,155.0
30083,1,1,5JTO,1,B,e804a6efa251e42fbf2a26d2177631dff305b1fc5ec67f947eff62ce907b0b45,B,STEP 65D-3,1,155,1.0,1.0,133,133,1.0,133,0,True,True,133,8,secondary_metrics_required,unresolved_exact_tie,155.0,155.0,0.0,155.0
30083,1,4,5JTO,1,B,43e2945cbdd150a84c576b91f1a74d864e076b9abb69893e060133a28b6de7af,B,STEP 65D-3,1,155,1.0,1.0,133,133,1.0,133,0,True,True,133,8,secondary_metrics_required,unresolved_exact_tie,155.0,155.0,0.0,155.0
30083,1,1,5JTO,1,C,8990ff1cd25a315c37d1694a686aaa250a7ed35f6e20ade3163afa0c4a2de8cc,C,STEP 65D-3,1,155,1.0,1.0,133,133,1.0,133,0,True,True,133,8,secondary_metrics_required,unresolved_exact_tie,155.0,155.0,0.0,155.0
30083,1,4,5JTO,1,C,4c60dbe3ec54fb4bd95646fca0c5c6f8b987771a8c92fc70ebd04cc4bea8a8c5,C,STEP 65D-3,1,155,1.0,1.0,133,133,1.0,133,0,True,True,133,8,secondary_metrics_required,unresolved_exact_tie,155.0,155.0,0.0,155.0
30083,1,1,5JTO,1,D,56c886f883f9fcac5166db42a8d02c7fbc8896a67383987b35802802dc715fda,D,STEP 65D-3,1,155,1.0,1.0,133,133,1.0,133,0,True,True,133,8,secondary_metrics_required,unresolved_exact_tie,155.0,155.0,0.0,155.0
30083,1,4,5JTO,1,D,8cf5c1d6d04fb10193b3c82c052be97b13ef19b7af8e96b48310fd2a3968348f,D,STEP 65D-3,1,155,1.0,1.0,133,133,1.0,133,0,True,True,133,8,secondary_metrics_required,unresolved_exact_tie,155.0,155.0,0.0,155.0
30084,1,1,5JTP,1,A,5fab55450beb5e22bbee8c0e36eb75e82e0a140329aef16119db907ba61cfc6e,A,STEP 65D-3,1,155,1.0,1.0,133,133,1.0,133,0,True,True,133,8,secondary_metrics_required,unresolved_exact_tie,155.0,155.0,0.0,155.0
30084,1,4,5JTP,1,A,0e02585da4f01e3907d67a0767c46d486cb1d122b10ccf7bc12c21987de1e135,A,STEP 65D-3,1,155,1.0,1.0,133,133,1.0,133,0,True,True,133,8,secondary_metrics_required,unresolved_exact_tie,155.0,155.0,0.0,155.0
30084,1,1,5JTP,1,B,d055c6ef4dd5be12cd428a10e627d0323a1459e4ceafab31eb081a251e53cbc1,B,STEP 65D-3,1,155,1.0,1.0,133,133,1.0,133,0,True,True,133,8,secondary_metrics_required,unresolved_exact_tie,155.0,155.0,0.0,155.0
30084,1,4,5JTP,1,B,93d1b6a31100ab1c887289e4bbfe6c091eea98108d4d2764dccc6cca4f137330,B,STEP 65D-3,1,155,1.0,1.0,133,133,1.0,133,0,True,True,133,8,secondary_metrics_required,unresolved_exact_tie,155.0,155.0,0.0,155.0
30084,1,1,5JTP,1,C,5fdb4d5fff3439e7e5627440ed0a5ba2ef64ece7451c379e37cb5a55ea582146,C,STEP 65D-3,1,155,1.0,1.0,133,133,1.0,133,0,True,True,133,8,secondary_metrics_required,unresolved_exact_tie,155.0,155.0,0.0,155.0
30084,1,4,5JTP,1,C,85e14244b6b618a786170e95afb5fd68022f966d65b4fbf997ac018891d56e73,C,STEP 65D-3,1,155,1.0,1.0,133,133,1.0,133,0,True,True,133,8,secondary_metrics_required,unresolved_exact_tie,155.0,155.0,0.0,155.0
30084,1,1,5JTP,1,D,9230a6d18261e25a05e744ccc188e536a532f6513154ecbefb738b4df0aaf9dd,D,STEP 65D-3,1,155,1.0,1.0,133,133,1.0,133,0,True,True,133,8,secondary_metrics_required,unresolved_exact_tie,155.0,155.0,0.0,155.0
30084,1,4,5JTP,1,D,efb27428ee304f9b43f7de3e753280f125e5518318b127487a85c7a101137440,D,STEP 65D-3,1,155,1.0,1.0,133,133,1.0,133,0,True,True,133,8,secondary_metrics_required,unresolved_exact_tie,155.0,155.0,0.0,155.0
30085,1,1,5JTQ,1,A,0844b53cf17457edf66bf7442076611d2d1ac33544863aa514def8b22acb8cca,A,STEP 65D-3,1,155,1.0,1.0,133,133,1.0,133,0,True,True,133,8,secondary_metrics_required,unresolved_exact_tie,155.0,155.0,0.0,155.0
30085,1,4,5JTQ,1,A,9e78a1790b5a2f744d20ace54c4d99ad45ef31c6d3fcbfc07df76a2f4fdc7909,A,STEP 65D-3,1,155,1.0,1.0,133,133,1.0,133,0,True,True,133,8,secondary_metrics_required,unresolved_exact_tie,155.0,155.0,0.0,155.0
30085,1,1,5JTQ,1,B,4aad51dfde37e0493c2e159b3a77640dddcc5c4a1b41ea44edaca75fdf14d700,B,STEP 65D-3,1,155,1.0,1.0,133,133,1.0,133,0,True,True,133,8,secondary_metrics_required,unresolved_exact_tie,155.0,155.0,0.0,155.0
30085,1,4,5JTQ,1,B,ee188f78f7ebe17223a1877995bdb1ce3caa9a20e020c4f6c1c62d6818c4f593,B,STEP 65D-3,1,155,1.0,1.0,133,133,1.0,133,0,True,True,133,8,secondary_metrics_required,unresolved_exact_tie,155.0,155.0,0.0,155.0
30085,1,1,5JTQ,1,C,5bd6e2a488d71b7e074ad34f066859a7fa28d5ba1a0f55106a49f4f4a3fccb7d,C,STEP 65D-3,1,155,1.0,1.0,133,133,1.0,133,0,True,True,133,8,secondary_metrics_required,unresolved_exact_tie,155.0,155.0,0.0,155.0
30085,1,4,5JTQ,1,C,4c33540d066ec932d85c20bd5efa2a0dd7cd38b793324ab47944f32cc22e2c5c,C,STEP 65D-3,1,155,1.0,1.0,133,133,1.0,133,0,True,True,133,8,secondary_metrics_required,unresolved_exact_tie,155.0,155.0,0.0,155.0
30085,1,1,5JTQ,1,D,6492b6b5a26a36b1c2f180e65184821792997c41933fd5ef9fcea4a8efd5f2cd,D,STEP 65D-3,1,155,1.0,1.0,133,133,1.0,133,0,True,True,133,8,secondary_metrics_required,unresolved_exact_tie,155.0,155.0,0.0,155.0
30085,1,4,5JTQ,1,D,6012ed59eee30fa1e66644d254df5aedb4b6f4845a7505bc5bf015e8da85519d,D,STEP 65D-3,1,155,1.0,1.0,133,133,1.0,133,0,True,True,133,8,secondary_metrics_required,unresolved_exact_tie,155.0,155.0,0.0,155.0
30086,1,1,5JTR,1,A,f524a8b9f1657f975e3ff51302f8fe394f6f4f53d83193a48a873aeac3de1f90,A,STEP 65D-3,1,155,1.0,1.0,133,133,1.0,133,0,True,True,133,8,secondary_metrics_required,unresolved_exact_tie,155.0,155.0,0.0,155.0
30086,1,4,5JTR,1,A,0173d801e87a5b1e968a562899a6ecac973964f988762487bfdafab0e0275bf8,A,STEP 65D-3,1,155,1.0,1.0,133,133,1.0,133,0,True,True,133,8,secondary_metrics_required,unresolved_exact_tie,155.0,155.0,0.0,155.0
30086,1,1,5JTR,1,B,f98e52ec04b480777835049dbc55526ac587310a8922ca3b4dba1fbb55cb2890,B,STEP 65D-3,1,155,1.0,1.0,133,133,1.0,133,0,True,True,133,8,secondary_metrics_required,unresolved_exact_tie,155.0,155.0,0.0,155.0
30086,1,4,5JTR,1,B,03ce1e764da0a719c2dd8d99cad64108609df8823a7d4784023952b8be621505,B,STEP 65D-3,1,155,1.0,1.0,133,133,1.0,133,0,True,True,133,8,secondary_metrics_required,unresolved_exact_tie,155.0,155.0,0.0,155.0
30086,1,1,5JTR,1,C,6e3e63f25d1402b6ed8c9a2af5e49c81866cb74c5c45d539382381c699c4107c,C,STEP 65D-3,1,155,1.0,1.0,133,133,1.0,133,0,True,True,133,8,secondary_metrics_required,unresolved_exact_tie,155.0,155.0,0.0,155.0
30086,1,4,5JTR,1,C,ae9abd2b0ab7096534446524379a2720bbeea67d91c89aef4f98b6fc4a41d30f,C,STEP 65D-3,1,155,1.0,1.0,133,133,1.0,133,0,True,True,133,8,secondary_metrics_required,unresolved_exact_tie,155.0,155.0,0.0,155.0
30086,1,1,5JTR,1,D,dcb1d3caafa203c6b52cd9644d4ebb6c82ed27d940a6e13f11ee4738d2d71080,D,STEP 65D-3,1,155,1.0,1.0,133,133,1.0,133,0,True,True,133,8,secondary_metrics_required,unresolved_exact_tie,155.0,155.0,0.0,155.0
30086,1,4,5JTR,1,D,e095229242aae0d8953125204ec5a26f523445f384ecbd4ae13dd0f5ffff4477,D,STEP 65D-3,1,155,1.0,1.0,133,133,1.0,133,0,True,True,133,8,secondary_metrics_required,unresolved_exact_tie,155.0,155.0,0.0,155.0
30094,1,1,5JZR,1,A,94d2e59426afb06ab8504f8748b69d4eb09effed7c491282972e991e9ad1ca1c,A,STEP 65D-3,1,131,1.0,1.0,93,93,1.0,93,0,True,True,93,2,secondary_metrics_required,unresolved_exact_tie,131.0,131.0,0.0,131.0
30094,1,1,5JZR,1,B,8510c6079f79a6283fe223a77801fe265c92dd411650936409b61d2c839ddc0c,B,STEP 65D-3,1,131,1.0,1.0,93,93,1.0,93,0,True,True,93,2,secondary_metrics_required,unresolved_exact_tie,131.0,131.0,0.0,131.0
30192,1,1,5TMX,1,A,ec0125bf8fcfa05cba74fe791d27df746998df9b862eb1463e3d9d2b09a56490,A,STEP 65D-3,1,63,1.0,1.0,51,51,1.0,51,0,True,True,51,2,secondary_metrics_required,unresolved_exact_tie,63.0,63.0,0.0,63.0
30192,1,1,5TMX,1,B,78ac367c969a64bedca1ae5e96364e7f1e785ee5217ef5e842d95383b4015e77,B,STEP 65D-3,1,63,1.0,1.0,51,51,1.0,51,0,True,True,51,2,secondary_metrics_required,unresolved_exact_tie,63.0,63.0,0.0,63.0
30194,1,1,5TN2,1,A,b41b805d146a994bea36131a78f729272811e3c261db6c1bb402b7c05aa61a0f,A,STEP 65D-3,1,47,1.0,1.0,45,45,1.0,45,0,True,True,45,4,secondary_metrics_required,unresolved_exact_tie,47.0,47.0,0.0,47.0
30194,1,1,5TN2,1,B,e55c8e8ade7be2828134709cdd1069e1f8b52c54bcc50d807ca58238842baf82,B,STEP 65D-3,1,47,1.0,1.0,45,45,1.0,45,0,True,True,45,4,secondary_metrics_required,unresolved_exact_tie,47.0,47.0,0.0,47.0
30194,1,1,5TN2,1,C,6e95a45859d153ae3062588adbbaafa390f58876f9929c4ec52104e413e95673,C,STEP 65D-3,1,47,1.0,1.0,45,45,1.0,45,0,True,True,45,4,secondary_metrics_required,unresolved_exact_tie,47.0,47.0,0.0,47.0
30194,1,1,5TN2,1,D,adead1a95455d34224b84ecc072d15bf45a10b7b6d64596f65c38961389edd7d,D,STEP 65D-3,1,47,1.0,1.0,45,45,1.0,45,0,True,True,45,4,secondary_metrics_required,unresolved_exact_tie,47.0,47.0,0.0,47.0
30234,1,1,5UJN,1,A,4df31ee4b2655b24c7618e5816938bcc0d66f28a0c3138bf632927c427b67c7f,A,STEP 65D-3,1,76,1.0,1.0,70,70,1.0,70,0,True,True,70,2,secondary_metrics_required,unresolved_exact_tie,76.0,76.0,0.0,76.0
30234,1,2,5UJN,1,A,df2c913d2e524acc3449897852eaabd7daf5ba36afd302019a6adbee61fedd67,A,STEP 65D-3,1,76,1.0,1.0,70,70,1.0,70,0,True,True,70,2,secondary_metrics_required,unresolved_exact_tie,76.0,76.0,0.0,76.0
30245,1,1,5US5,1,A,5266740e487fb7c24a15dece35d1793b6954a0d2e37ae7b23fd562b928d19718,A,STEP 65D-3,1,89,1.0,1.0,81,81,1.0,81,0,True,True,81,2,secondary_metrics_required,unresolved_exact_tie,89.0,89.0,0.0,89.0
30245,1,1,5US5,1,B,54819da5ef07f0f19be6c54bd3ff6df717a26cdb1798a849cc7196439cfc7832,B,STEP 65D-3,1,89,1.0,1.0,81,81,1.0,81,0,True,True,81,2,secondary_metrics_required,unresolved_exact_tie,89.0,89.0,0.0,89.0
30295,1,1,5VTO,1,A,11ae64984cf240da727fd810ba6ac89f67ee90e9033286b278c450852d3e82fa,A,STEP 65D-3,1,163,1.0,1.0,138,138,1.0,138,0,True,True,138,2,secondary_metrics_required,unresolved_exact_tie,163.0,163.0,0.0,163.0
30295,1,1,5VTO,1,B,f4a88f4328e50a6689529e96b0c7306a43c6db6aa04e7a2798eaf4788ae44f69,B,STEP 65D-3,1,163,1.0,1.0,138,138,1.0,138,0,True,True,138,2,secondary_metrics_required,unresolved_exact_tie,163.0,163.0,0.0,163.0
30308,1,1,5W88,1,A,c258e86e3c1cd7e6cfd6a59cd24da8d4987a07d7452e6207cfa83a2238457028,A,STEP 65D-3,1,120,1.0,1.0,111,111,1.0,111,0,True,True,111,2,secondary_metrics_required,unresolved_exact_tie,120.0,120.0,0.0,120.0
30308,1,1,5WCL,1,A,6c09c88d2efdec94b85bc1458eff1bc4b69635bc0278450a8713b8b046d6f50e,A,STEP 65D-3,1,120,1.0,1.0,111,111,1.0,111,0,True,True,111,2,secondary_metrics_required,unresolved_exact_tie,120.0,120.0,0.0,120.0
30345,1,2,6B1G,1,A,67642e86eb075d2e71528471522007a9095f84a46936bc8f31247b2d34f1328a,A,STEP 65D-3,1,80,1.0,0.963855421686747,74,74,1.0,74,0,True,True,74,2,secondary_metrics_required,unresolved_exact_tie,80.0,83.0,0.0,80.0
30345,2,1,6B1G,2,B,00ac6227336cadadd1ef25ff939187971ac8958e828a6280c6caf25de488edaf,B,STEP 65D-3,1,80,1.0,0.963855421686747,74,74,1.0,74,0,True,True,74,2,secondary_metrics_required,unresolved_exact_tie,80.0,83.0,0.0,80.0
30353,2,1,6BA6,2,B,384121a603fd280ab7c7d324bf0837661d6f0306205bef07d4da650b8c478969,B,STEP 65D-3,1,167,1.0,0.9940476190476191,153,153,1.0,153,0,True,True,153,2,secondary_metrics_required,unresolved_exact_tie,167.0,168.0,0.0,167.0
30353,2,3,6BA6,2,B,49843d9d6e60157176724a91244e727eef31352bae54e2a6fa64b4642be34225,B,STEP 65D-3,1,167,1.0,0.9940476190476191,153,153,1.0,153,0,True,True,153,2,secondary_metrics_required,unresolved_exact_tie,167.0,168.0,0.0,167.0
30374,1,1,6BP9,1,A,5fc40608059250b2cd1d22740f9987a856017702f5e01f94041bbf321011b586,A,STEP 65D-3,1,89,1.0,1.0,84,84,1.0,84,0,True,True,84,2,secondary_metrics_required,unresolved_exact_tie,89.0,89.0,0.0,89.0
30374,1,1,6BP9,1,B,d5d8198a97496d4b2d69316a6caa9ba4531c2f698e4cb509be1dfd214eb673ac,B,STEP 65D-3,1,89,1.0,1.0,84,84,1.0,84,0,True,True,84,2,secondary_metrics_required,unresolved_exact_tie,89.0,89.0,0.0,89.0
30375,1,1,6BQI,1,A,4c8505df93fb5bea6c252b686a696b04cb96cbd8a62cb18f1c9f1616cce15ad2,A,STEP 65D-3,1,258,1.0,1.0,238,238,1.0,238,0,True,True,238,3,secondary_metrics_required,unresolved_exact_tie,258.0,258.0,0.0,258.0
30375,1,1,6U1L,1,A,cc493185ba5cb834a5b682ead34a06be301f63e7861e392a22d9f69370081227,A,STEP 65D-3,1,258,1.0,1.0,238,238,1.0,238,0,True,True,238,3,secondary_metrics_required,unresolved_exact_tie,258.0,258.0,0.0,258.0
30375,1,1,6U1O,1,A,1c88c9d492fb721fc95349bc3692a8a1ba48209defafe23f4ac86827d6b960bd,A,STEP 65D-3,1,258,1.0,1.0,238,238,1.0,238,0,True,True,238,3,secondary_metrics_required,unresolved_exact_tie,258.0,258.0,0.0,258.0
30404,1,1,6CE5,1,A,de941d00186751fef6862ab938750100b71582f8bff7ef133d0cc7aa0a4ed44f,A,STEP 65D-3,1,87,1.0,1.0,81,81,1.0,81,0,True,True,81,4,secondary_metrics_required,unresolved_exact_tie,87.0,87.0,0.0,87.0
30404,1,1,6CUS,1,A,ba9e4cdb482840961c488c0ac3b7fbefcfb26e1ad997ff0cb5cd007601bdcc54,A,STEP 65D-3,1,87,1.0,1.0,81,81,1.0,81,0,True,True,81,4,secondary_metrics_required,unresolved_exact_tie,87.0,87.0,0.0,87.0
30404,1,1,6CV8,1,A,263372b8603cc9dc3825224d39e4acad46e738d484bd0111f8636cdfe38cfd36,A,STEP 65D-3,1,87,1.0,1.0,81,81,1.0,81,0,True,True,81,4,secondary_metrics_required,unresolved_exact_tie,87.0,87.0,0.0,87.0
30404,1,1,6CW4,1,A,43f53aec8d15b417f2537b4a8879a860f32a8e115fc20fb1c314eba5b941cffc,A,STEP 65D-3,1,87,1.0,1.0,81,81,1.0,81,0,True,True,81,4,secondary_metrics_required,unresolved_exact_tie,87.0,87.0,0.0,87.0
30456,1,1,6D6S,1,A,47fd12a431b80487ef7b23c0d34ec0023f136d5fb48ef3a769c15b254f9f38d7,A,STEP 65D-3,1,432,1.0,0.9751693002257337,331,331,1.0,331,0,True,True,331,2,secondary_metrics_required,unresolved_exact_tie,432.0,443.0,0.0,432.0
30456,1,1,6D6S,1,B,26340b292f740a5575e4e02222e10887cc0c73808109110771ded6d8701b8c3c,B,STEP 65D-3,1,432,1.0,0.9751693002257337,331,331,1.0,331,0,True,True,331,2,secondary_metrics_required,unresolved_exact_tie,432.0,443.0,0.0,432.0
30478,1,1,6DO7,1,A,58c1396d572171b48cc84f4eaa0d27b58a2f6111acd3566ede477c28ec395f58,A,STEP 65D-3,1,135,1.0,1.0,127,127,1.0,127,0,True,True,127,2,secondary_metrics_required,unresolved_exact_tie,135.0,135.0,0.0,135.0
30478,1,1,6DRG,1,A,49c3fe7de789ae830d22483783dd683936b877d2768c5ba863dd4ecf19f00277,A,STEP 65D-3,1,135,1.0,1.0,127,127,1.0,127,0,True,True,127,2,secondary_metrics_required,unresolved_exact_tie,135.0,135.0,0.0,135.0
30493,1,1,6E4H,1,A,312649fc4b1bfc7401d056ea5df259e76d1021d1112c43bf8c24bcc193b2648f,A,STEP 65D-3,1,62,1.0,0.9117647058823529,56,56,1.0,56,0,True,True,56,2,secondary_metrics_required,unresolved_exact_tie,62.0,68.0,0.0,62.0
30493,1,1,6E4H,1,B,7c8ebbd0c3c12c98e5a94dea284bab85cd84ef77a2e936bba1e8e04072debb8e,B,STEP 65D-3,1,62,1.0,0.9117647058823529,56,56,1.0,56,0,True,True,56,2,secondary_metrics_required,unresolved_exact_tie,62.0,68.0,0.0,62.0
30503,1,1,6E8W,1,A,c725b0b2a3cb84d19ced52f9209490db6a217cd6a936eb07db9c8afc2ec4706d,A,STEP 65D-3,1,51,1.0,1.0,49,49,1.0,49,0,True,True,49,6,secondary_metrics_required,unresolved_exact_tie,51.0,51.0,0.0,51.0
30503,1,1,6E8W,1,B,6f35a53086a64620ceb03fa49748c2bd5a6d2a77486af0066b9f773e1710997d,B,STEP 65D-3,1,51,1.0,1.0,49,49,1.0,49,0,True,True,49,6,secondary_metrics_required,unresolved_exact_tie,51.0,51.0,0.0,51.0
30503,1,1,6E8W,1,C,b509233497a258631a35f8385b06889c8ed011885e68664394493ab867010070,C,STEP 65D-3,1,51,1.0,1.0,49,49,1.0,49,0,True,True,49,6,secondary_metrics_required,unresolved_exact_tie,51.0,51.0,0.0,51.0
30503,1,1,6V4T,1,A,813127b11595148dc07f31a30c677d2e5ac311107e1605bde5e49d52144bd8a6,A,STEP 65D-3,1,51,1.0,1.0,49,49,1.0,49,0,True,True,49,6,secondary_metrics_required,unresolved_exact_tie,51.0,51.0,0.0,51.0
30503,1,1,6V4T,1,B,2902605b839e39971bb8d4c75ae1e75e66920a6ff717ba30aff281cc5c9f074f,B,STEP 65D-3,1,51,1.0,1.0,49,49,1.0,49,0,True,True,49,6,secondary_metrics_required,unresolved_exact_tie,51.0,51.0,0.0,51.0
30503,1,1,6V4T,1,C,917316d5dc44d3e8848ea24c729dd0b2977dc1e03f5196fceb2fe52168df5dcc,C,STEP 65D-3,1,51,1.0,1.0,49,49,1.0,49,0,True,True,49,6,secondary_metrics_required,unresolved_exact_tie,51.0,51.0,0.0,51.0
30543,1,1,6N2M,1,A,9cbb67d640e557cd4646755f823c2dcafd3d04b9c39ec21bc26d2091bed5b07d,A,STEP 65D-3,1,142,1.0,1.0,129,129,1.0,129,0,True,True,129,4,secondary_metrics_required,unresolved_exact_tie,142.0,142.0,0.0,142.0
30543,1,2,6N2M,1,A,f5d15a13de86d4fc800560959a4fae3c1ff990640a2ed8661a890e70ff39c179,A,STEP 65D-3,1,142,1.0,1.0,129,129,1.0,129,0,True,True,129,4,secondary_metrics_required,unresolved_exact_tie,142.0,142.0,0.0,142.0
30543,1,1,6N2M,1,B,13836ff28dffe18e6e45cdb9e8040c22dc4aa3768734b2e31de0dcb19d89b5e8,B,STEP 65D-3,1,142,1.0,1.0,129,129,1.0,129,0,True,True,129,4,secondary_metrics_required,unresolved_exact_tie,142.0,142.0,0.0,142.0
30543,1,2,6N2M,1,B,2fc88d200b6f8cd2611fa3b7406d902c42c0366c24985c725a2b7816162a2caf,B,STEP 65D-3,1,142,1.0,1.0,129,129,1.0,129,0,True,True,129,4,secondary_metrics_required,unresolved_exact_tie,142.0,142.0,0.0,142.0
30573,1,1,6O0C,1,A,2232f16c67b3a7fde67d844f126f67d99618589c2d6d61fcf92c9744c46fee7c,A,STEP 65D-3,1,96,1.0,1.0,91,91,1.0,91,0,True,True,91,3,secondary_metrics_required,unresolved_exact_tie,96.0,96.0,0.0,96.0
30573,1,1,6O0C,1,B,e4f672a5e2d18a935e92dd9794afeb8c03875299298342d418da1ff787fd7716,B,STEP 65D-3,1,96,1.0,1.0,91,91,1.0,91,0,True,True,91,3,secondary_metrics_required,unresolved_exact_tie,96.0,96.0,0.0,96.0
30573,1,1,6O0C,1,C,489bf15b12d6d9cb720d5ef92911b674f3be9227799d3edb5499f0cb60ec5490,C,STEP 65D-3,1,96,1.0,1.0,91,91,1.0,91,0,True,True,91,3,secondary_metrics_required,unresolved_exact_tie,96.0,96.0,0.0,96.0
30574,1,1,6O0I,1,A,6185b6d29caaf1775593f489d10726d7017c2dae3c3f6c6ba706a0e9c3a4cd8e,A,STEP 65D-3,1,98,1.0,1.0,87,87,1.0,87,0,True,True,87,3,secondary_metrics_required,unresolved_exact_tie,98.0,98.0,0.0,98.0
30574,1,1,6O0I,1,B,41dd8333fb2fb0aecfe701bb9e647170ab6fb10a620979c0d58b68dc954eda6f,B,STEP 65D-3,1,98,1.0,1.0,87,87,1.0,87,0,True,True,87,3,secondary_metrics_required,unresolved_exact_tie,98.0,98.0,0.0,98.0
30574,1,1,6O0I,1,C,73558a6cd0790a378e712ecd95c9a7a6644b45deca6bb0e1bfab0d275436c259,C,STEP 65D-3,1,98,1.0,1.0,87,87,1.0,87,0,True,True,87,3,secondary_metrics_required,unresolved_exact_tie,98.0,98.0,0.0,98.0
30602,1,1,6OQ2,1,B,27330ca552339951153ddedc9623cf30567f076cbaaa026ed6736da66adf44c3,A,STEP 65D-3,1,76,1.0,1.0,70,70,1.0,70,0,True,True,70,2,secondary_metrics_required,unresolved_exact_tie,76.0,76.0,0.0,76.0
30602,2,2,6OQ2,2,D,dc4d421037f46421d10cffe0737e5983a62975d718ebeb75352814b6e0d68fd1,B,STEP 65D-3,1,76,1.0,1.0,70,70,1.0,70,0,True,True,70,2,secondary_metrics_required,unresolved_exact_tie,76.0,76.0,0.0,76.0
30661,1,1,6U6P,1,A,f8801f7da1a8fc4961ee8fbfec8e5427d53867da9c1869592c016a58d13bcc1b,A,STEP 65D-3,1,81,1.0,1.0,77,77,1.0,77,0,True,True,77,2,secondary_metrics_required,unresolved_exact_tie,81.0,81.0,0.0,81.0
30661,1,1,6U6P,1,B,a55d65c006dc8cdfba931be53ea30339bfdc066e2b29490128c2abaf85b077db,B,STEP 65D-3,1,81,1.0,1.0,77,77,1.0,77,0,True,True,77,2,secondary_metrics_required,unresolved_exact_tie,81.0,81.0,0.0,81.0
30662,1,1,6U6Q,1,A,232dc0d4579e239acc52be633d42f5d5a3ed0ede129449d7ed2773927758e77f,A,STEP 65D-3,1,66,1.0,0.7764705882352941,76,64,0.8421052631578947,64,0,True,True,64,2,secondary_metrics_required,unresolved_exact_tie,66.0,85.0,0.0,66.0
30662,1,1,6U6Q,1,B,b4ed69db36f11f96de23a2a3ea72934c353401d95c19cba6abfec559d44eed2d,B,STEP 65D-3,1,66,1.0,0.7764705882352941,76,64,0.8421052631578947,64,0,True,True,64,2,secondary_metrics_required,unresolved_exact_tie,66.0,85.0,0.0,66.0
30663,1,1,6U6R,1,A,773cf8c81292198759781d0e75723d22da14ef418dfcf1d69f0706f5627bef23,A,STEP 65D-3,1,44,1.0,0.676923076923077,51,43,0.8431372549019608,43,0,True,True,43,2,secondary_metrics_required,unresolved_exact_tie,44.0,65.0,0.0,44.0
30663,1,1,6U6R,1,B,abea75517bc7a037d874239da76028f13d076c0b6a53b5b44128fbe006c4ffc0,B,STEP 65D-3,1,44,1.0,0.676923076923077,51,43,0.8431372549019608,43,0,True,True,43,2,secondary_metrics_required,unresolved_exact_tie,44.0,65.0,0.0,44.0
30664,1,1,6U6S,1,A,ddea739f54ab1f1983dec2fe82ae6dd9499b40367d7648e918d3afc7d5926aa0,A,STEP 65D-3,1,44,1.0,0.5176470588235295,46,42,0.9130434782608695,42,0,True,True,42,2,secondary_metrics_required,unresolved_exact_tie,44.0,85.0,0.0,44.0
30664,1,1,6U6S,1,B,c409500c21cff0e5a72a7ff6d447f1c6ed8726640d6ae25cfb5ab90214093e86,B,STEP 65D-3,1,44,1.0,0.5176470588235295,46,42,0.9130434782608695,42,0,True,True,42,2,secondary_metrics_required,unresolved_exact_tie,44.0,85.0,0.0,44.0
30677,1,1,6UHW,1,A,98672e8c3a3caf932f5f6920667c426b20745993b8f5d3be86ed08330c0fd31c,A,STEP 65D-3,1,139,1.0,1.0,128,128,1.0,128,0,True,True,128,2,secondary_metrics_required,unresolved_exact_tie,139.0,139.0,0.0,139.0
30677,1,1,6UHW,1,B,c6a2b28a94effac1beed8295c4ea83786ba7818a5abe1d11cc06526dd0abe1d9,B,STEP 65D-3,1,139,1.0,1.0,128,128,1.0,128,0,True,True,128,2,secondary_metrics_required,unresolved_exact_tie,139.0,139.0,0.0,139.0
30678,1,1,6UJU,1,A,b5097ecb30a96271b017cdf2c77b321bf2000e90d1363b0da1c1e9f0c85266df,A,STEP 65D-3,1,90,1.0,0.8035714285714286,99,82,0.8282828282828283,82,0,True,True,82,3,secondary_metrics_required,unresolved_exact_tie,90.0,112.0,0.0,90.0
30678,1,1,6UJU,1,B,64b8a1b33dababc82b58248895f5cb34cce1d22a8854491abdcc495afad16ddb,B,STEP 65D-3,1,90,1.0,0.8035714285714286,99,82,0.8282828282828283,82,0,True,True,82,3,secondary_metrics_required,unresolved_exact_tie,90.0,112.0,0.0,90.0
30678,1,1,6UJU,1,C,f1b5e115b723a6b2cadcc944eb1099975618f8dc34e8d03047e29649bd09faa9,C,STEP 65D-3,1,90,1.0,0.8035714285714286,99,82,0.8282828282828283,82,0,True,True,82,3,secondary_metrics_required,unresolved_exact_tie,90.0,112.0,0.0,90.0
30696,1,1,6V88,1,A,d52425580b166f03d4cb12b684c5a0379a9abf01ae66230e0664308b15f2cba6,A,STEP 65D-3,1,116,1.0,1.0,107,107,1.0,107,0,True,True,107,2,secondary_metrics_required,unresolved_exact_tie,116.0,116.0,0.0,116.0
30696,1,1,6V88,1,B,8e086cc116e7013bc43f2bce9792bf2f6ba62bf87483e876a06881acc6eb8551,B,STEP 65D-3,1,116,1.0,1.0,107,107,1.0,107,0,True,True,107,2,secondary_metrics_required,unresolved_exact_tie,116.0,116.0,0.0,116.0
30737,1,1,6WA1,1,A,62ea4aa27402e8da5e0b44dd1e707235be08258303ffc2d98f4ac96d243824cc,A,STEP 65D-3,1,94,1.0,1.0,91,91,1.0,91,0,True,True,91,2,secondary_metrics_required,unresolved_exact_tie,94.0,94.0,0.0,94.0
30737,1,1,6WA1,1,B,39f84c80216565d490da5ea252aaba72df710efbceba88b547bcaeddc06be4d3,B,STEP 65D-3,1,94,1.0,1.0,91,91,1.0,91,0,True,True,91,2,secondary_metrics_required,unresolved_exact_tie,94.0,94.0,0.0,94.0
30768,1,1,6XOR,1,A,46d79fb2094f63e445c5a44c9ef1dfdc5c100f46284875d240990b9601f6ec13,A,STEP 65D-3,1,71,1.0,1.0,70,70,1.0,70,0,True,True,70,2,secondary_metrics_required,unresolved_exact_tie,71.0,71.0,0.0,71.0
30768,1,1,6XOR,1,B,06bc7c44b3cc35640f6ec78ae680bc09f1a419fa54a92a1eabc9f79586464bcd,B,STEP 65D-3,1,71,1.0,1.0,70,70,1.0,70,0,True,True,70,2,secondary_metrics_required,unresolved_exact_tie,71.0,71.0,0.0,71.0
30855,1,1,7LOH,1,A,8838835039135d3fe74b8e63732a8c939f4cdc7ef2e734c53a709ec33ddde7e1,A,STEP 65D-3,1,158,1.0,0.8777777777777778,147,139,0.9455782312925171,139,0,True,True,139,3,secondary_metrics_required,unresolved_exact_tie,158.0,180.0,0.0,158.0
30855,1,1,7LOH,1,B,49c44d27e5be000b589b7f4990431db7416e7ef8075e356f5d0f6a6d6bc24620,B,STEP 65D-3,1,158,1.0,0.8777777777777778,147,139,0.9455782312925171,139,0,True,True,139,3,secondary_metrics_required,unresolved_exact_tie,158.0,180.0,0.0,158.0
30855,1,1,7LOH,1,C,a4092d4c659b91314b5a55ceae9099670cd943296153c132cb588d15ac044e7c,C,STEP 65D-3,1,158,1.0,0.8777777777777778,147,139,0.9455782312925171,139,0,True,True,139,3,secondary_metrics_required,unresolved_exact_tie,158.0,180.0,0.0,158.0
30856,1,1,7LOI,1,A,a6424752ccc3e504b886bf8802afef9b698119b931497c436a0b0fb60a885f46,A,STEP 65D-3,1,175,1.0,0.8883248730964467,164,156,0.9512195121951219,156,0,True,True,156,3,secondary_metrics_required,unresolved_exact_tie,175.0,197.0,0.0,175.0
30856,1,1,7LOI,1,B,f01fe1c4ce2757409e46f9d948d2987027639407c342a24774dfe82813a769dc,B,STEP 65D-3,1,175,1.0,0.8883248730964467,164,156,0.9512195121951219,156,0,True,True,156,3,secondary_metrics_required,unresolved_exact_tie,175.0,197.0,0.0,175.0
30856,1,1,7LOI,1,C,24f2080989cf66447b21ed855249f49633680731bdf5faccc1b82912a4bc1633,C,STEP 65D-3,1,175,1.0,0.8883248730964467,164,156,0.9512195121951219,156,0,True,True,156,3,secondary_metrics_required,unresolved_exact_tie,175.0,197.0,0.0,175.0
30874,1,1,7LXC,1,A,bca2636429118768e86679a13aa659d75e4b68f7e6528af7c26daaa570172bce,A,STEP 65D-3,1,88,1.0,0.8380952380952381,90,81,0.9,81,0,True,True,81,2,secondary_metrics_required,unresolved_exact_tie,88.0,105.0,0.0,88.0
30874,1,2,7LXC,1,A,547085a1df09f2e2839993f0ac1596374d5d158e07285e5e6680653a81f65d83,A,STEP 65D-3,1,88,1.0,0.8380952380952381,90,81,0.9,81,0,True,True,81,2,secondary_metrics_required,unresolved_exact_tie,88.0,105.0,0.0,88.0
30929,1,1,7R7P,1,G,565a839897b508966bf1f039e9affc6026b906509913c7352921be2e33d6712e,A,STEP 65D-3,1,102,1.0,1.0,83,83,1.0,83,0,True,True,83,6,secondary_metrics_required,unresolved_exact_tie,102.0,102.0,0.0,102.0
30929,1,1,7R7P,1,H,870672a247ad0ecfcb260efb783418d1371ea5c70c86a6d2937bf89489dee91c,B,STEP 65D-3,1,102,1.0,1.0,83,83,1.0,83,0,True,True,83,6,secondary_metrics_required,unresolved_exact_tie,102.0,102.0,0.0,102.0
30929,1,1,7R7P,1,I,4b19cc765af6b9d64ca0cf716d7ab6bee180e4975b3d6e4ce51f139cc5b31e31,C,STEP 65D-3,1,102,1.0,1.0,83,83,1.0,83,0,True,True,83,6,secondary_metrics_required,unresolved_exact_tie,102.0,102.0,0.0,102.0
30929,1,1,7R7P,1,J,3c00517b927c140568034feaed87b991f2a87b1642a859616deca807b5b74506,D,STEP 65D-3,1,102,1.0,1.0,83,83,1.0,83,0,True,True,83,6,secondary_metrics_required,unresolved_exact_tie,102.0,102.0,0.0,102.0
30929,1,1,7R7P,1,K,35106964c156005fe312b6c88d74b32eaa822ebcb9a213fa84cae3bc6d92be39,E,STEP 65D-3,1,102,1.0,1.0,83,83,1.0,83,0,True,True,83,6,secondary_metrics_required,unresolved_exact_tie,102.0,102.0,0.0,102.0
30929,1,1,7R7P,1,L,5b0b8304179631431f56dd91a09f006b426df0cb6577eb42febc9a80a812887b,F,STEP 65D-3,1,102,1.0,1.0,83,83,1.0,83,0,True,True,83,6,secondary_metrics_required,unresolved_exact_tie,102.0,102.0,0.0,102.0
30930,1,1,7R7Q,1,G,d7cd37e92bf917a31f232a073a7b5c0f08020b8f7d216aa235aadef263df5be0,A,STEP 65D-3,1,102,1.0,1.0,83,83,1.0,83,0,True,True,83,6,secondary_metrics_required,unresolved_exact_tie,102.0,102.0,0.0,102.0
30930,1,1,7R7Q,1,H,41689812d36a8e797124e4b1483a5e4b861df21dd8b332119aed628642e1ae7c,B,STEP 65D-3,1,102,1.0,1.0,83,83,1.0,83,0,True,True,83,6,secondary_metrics_required,unresolved_exact_tie,102.0,102.0,0.0,102.0
30930,1,1,7R7Q,1,I,97e7c29b3b470da430703e9589f241bf5a07e7ea628b509ecf27c9e7c95cc539,C,STEP 65D-3,1,102,1.0,1.0,83,83,1.0,83,0,True,True,83,6,secondary_metrics_required,unresolved_exact_tie,102.0,102.0,0.0,102.0
30930,1,1,7R7Q,1,J,194792308e2bdf68bae284a9930620ee3fd6b2be799213261807318abf2d89b0,D,STEP 65D-3,1,102,1.0,1.0,83,83,1.0,83,0,True,True,83,6,secondary_metrics_required,unresolved_exact_tie,102.0,102.0,0.0,102.0
30930,1,1,7R7Q,1,K,e7c193ab5f16cbd9a17631b9a115d6e089d1c48f5c8c1890a0174af24a9c60f1,E,STEP 65D-3,1,102,1.0,1.0,83,83,1.0,83,0,True,True,83,6,secondary_metrics_required,unresolved_exact_tie,102.0,102.0,0.0,102.0
30930,1,1,7R7Q,1,L,22fb967b948191f8df69cc4b4058645c459d04d571c2e2664d36a7a7d89f7218,F,STEP 65D-3,1,102,1.0,1.0,83,83,1.0,83,0,True,True,83,6,secondary_metrics_required,unresolved_exact_tie,102.0,102.0,0.0,102.0
30939,1,1,7RPM,1,A,5500ecbfdff9d75a1b7111f8086a8a4505e99a2b822f8ee49128f989c7ce4533,A,STEP 65D-3,1,264,1.0,0.9705882352941176,230,230,1.0,230,0,True,True,230,5,secondary_metrics_required,unresolved_exact_tie,264.0,272.0,0.0,264.0
30939,1,1,7RPM,1,B,6bde926416f68ace2a0cd3da84d5ac73618598ec2450495e89b071ca20de6f26,B,STEP 65D-3,1,264,1.0,0.9705882352941176,230,230,1.0,230,0,True,True,230,5,secondary_metrics_required,unresolved_exact_tie,264.0,272.0,0.0,264.0
30939,1,1,7RPM,1,C,de17d281522c9050ee4a0310b8880cf5b7751eedb15b437d6cefa8d016cdc785,C,STEP 65D-3,1,264,1.0,0.9705882352941176,230,230,1.0,230,0,True,True,230,5,secondary_metrics_required,unresolved_exact_tie,264.0,272.0,0.0,264.0
30939,1,1,7RPM,1,D,05bfeea57977b15fc310771b1ad1ca59829c178d8b1e7d551662c90678aa5563,D,STEP 65D-3,1,264,1.0,0.9705882352941176,230,230,1.0,230,0,True,True,230,5,secondary_metrics_required,unresolved_exact_tie,264.0,272.0,0.0,264.0
30939,1,1,7RPM,1,E,7bb4be83d850dbe8f57c5481838b6c191c369a03edb081a9bf06762ed1a909f4,E,STEP 65D-3,1,264,1.0,0.9705882352941176,230,230,1.0,230,0,True,True,230,5,secondary_metrics_required,unresolved_exact_tie,264.0,272.0,0.0,264.0
30974,1,1,7T2F,1,A,81cf01a59ee298af43b63cd88c9573a388dcc40899e45189868fe195513e44e8,A,STEP 65D-3,1,53,1.0,0.828125,48,48,1.0,48,0,True,True,48,2,secondary_metrics_required,unresolved_exact_tie,53.0,64.0,0.0,53.0
30974,1,1,7T2F,1,B,55e14138b1ac45599a28b43edd82f5fcbe04b6daf55b120c945f913621e137e5,B,STEP 65D-3,1,53,1.0,0.828125,48,48,1.0,48,0,True,True,48,2,secondary_metrics_required,unresolved_exact_tie,53.0,64.0,0.0,53.0
31007,1,1,7UI5,1,A,9783fabbc6cca5208af0f5d721abed5a0b74ca93fdd9bca11e26216fa01bb223,A,STEP 65D-3,1,114,1.0,1.0,85,85,1.0,85,0,True,True,85,2,secondary_metrics_required,unresolved_exact_tie,114.0,114.0,0.0,114.0
31007,1,1,7UI5,1,B,c9d7c04eada47ffb708fc412a861bde36809220580fc2f7d43ba8f72538de231,B,STEP 65D-3,1,114,1.0,1.0,85,85,1.0,85,0,True,True,85,2,secondary_metrics_required,unresolved_exact_tie,114.0,114.0,0.0,114.0
31034,1,1,8DPX,1,A,0c652407ae65123869ec0962d8c3b890bbe8f76a1dda76cbb1cfab57fec07089,A,STEP 65D-3,1,109,1.0,1.0,94,94,1.0,94,0,True,True,94,3,secondary_metrics_required,unresolved_exact_tie,108.0,109.0,1.0,109.0
31034,1,1,8DPX,1,B,87d8e8c2e07d80ec099da76980d253c3bb28f8eed91034d46d4c786e455deaca,B,STEP 65D-3,1,109,1.0,1.0,94,94,1.0,94,0,True,True,94,3,secondary_metrics_required,unresolved_exact_tie,108.0,109.0,1.0,109.0
31034,1,1,8DPX,1,C,9c0de66f15348a95c3bb89d7c0f45863f4afedb554cc22b6613b64687bb82988,C,STEP 65D-3,1,109,1.0,1.0,94,94,1.0,94,0,True,True,94,3,secondary_metrics_required,unresolved_exact_tie,108.0,109.0,1.0,109.0
31058,1,1,8F4V,1,A,d686c296bb84a435c5f398bc09ab4b207372165fd56c937cc09dafca2c9fb5a5,A,STEP 65D-3,1,264,1.0,0.9705882352941176,230,230,1.0,230,0,True,True,230,5,secondary_metrics_required,unresolved_exact_tie,264.0,272.0,0.0,264.0
31058,1,1,8F4V,1,B,2aecc4e24619182c1c53be98948041dab585ae57f41d3297a9536f966be86450,B,STEP 65D-3,1,264,1.0,0.9705882352941176,230,230,1.0,230,0,True,True,230,5,secondary_metrics_required,unresolved_exact_tie,264.0,272.0,0.0,264.0
31058,1,1,8F4V,1,C,f0f92a90b23de4c92790ea9ff40fa29e20882cc65db8f309faa12d4215cb33b2,C,STEP 65D-3,1,264,1.0,0.9705882352941176,230,230,1.0,230,0,True,True,230,5,secondary_metrics_required,unresolved_exact_tie,264.0,272.0,0.0,264.0
31058,1,1,8F4V,1,D,7d85f1c23be815985c7b5aabc7a833edf1a6cbafb8ee154ad993abc1b24f7253,D,STEP 65D-3,1,264,1.0,0.9705882352941176,230,230,1.0,230,0,True,True,230,5,secondary_metrics_required,unresolved_exact_tie,264.0,272.0,0.0,264.0
31058,1,1,8F4V,1,E,8ab77c61c6241dfc1d72b2fb10bfef5ad71ec7ca82e766c89054e627a17566c1,E,STEP 65D-3,1,264,1.0,0.9705882352941176,230,230,1.0,230,0,True,True,230,5,secondary_metrics_required,unresolved_exact_tie,264.0,272.0,0.0,264.0
34037,1,1,5LSD,1,A,94547847051aab104b9a3f22439650c49a69164587c32d4a55f680f6345829c8,A,STEP 65D-3,1,118,1.0,1.0,112,112,1.0,112,0,True,True,112,2,secondary_metrics_required,unresolved_exact_tie,118.0,118.0,0.0,118.0
34037,1,1,5LSD,1,B,e1670ff4e0df30febf3bd30b85c46ee6f3e52fac448cdb2519b6996ebe3cf5b8,B,STEP 65D-3,1,118,1.0,1.0,112,112,1.0,112,0,True,True,112,2,secondary_metrics_required,unresolved_exact_tie,118.0,118.0,0.0,118.0
34040,1,1,5LV6,1,A,121ac1a2799f7c7eef3f479664c0a06d97226fc9296ed7e7667dae37b89f35a3,A,STEP 65D-3,1,44,1.0,1.0,40,40,1.0,40,0,True,True,40,2,secondary_metrics_required,unresolved_exact_tie,44.0,44.0,0.0,44.0
34040,1,1,5LV6,1,B,5e70da833e17db6f33e8d7797b0bdeca4d35d54cef922499a00043f2720fe49f,B,STEP 65D-3,1,44,1.0,1.0,40,40,1.0,40,0,True,True,40,2,secondary_metrics_required,unresolved_exact_tie,44.0,44.0,0.0,44.0
34049,1,2,5M1G,1,A,a71a2c1d2991c956289dd786058e67b19c25ba6f3ac9efb908e4914f4d854e9b,A,STEP 65D-3,1,99,1.0,1.0,79,79,1.0,79,0,True,True,79,2,secondary_metrics_required,unresolved_exact_tie,99.0,99.0,0.0,99.0
34049,1,2,5M1G,1,B,05e5586232d11b53a8046b5db3b96a849e53abd05a4c2391375f8fd5cafb34c1,B,STEP 65D-3,1,99,1.0,1.0,79,79,1.0,79,0,True,True,79,2,secondary_metrics_required,unresolved_exact_tie,99.0,99.0,0.0,99.0
34093,1,1,5MYE,1,A,46b480b80eb46238436bf848597c31a29b043dc3cc7d8ae6f7b8c17b3c559d14,A,STEP 65D-3,1,212,1.0,0.9724770642201835,187,187,1.0,187,0,True,True,187,2,secondary_metrics_required,unresolved_exact_tie,212.0,218.0,0.0,212.0
34093,1,2,5MYE,1,A,6c47a95c73f07b5c7cef03008c36e5570e53d3165e4dbf69f4f1695620507297,A,STEP 65D-3,1,212,1.0,0.9724770642201835,187,187,1.0,187,0,True,True,187,2,secondary_metrics_required,unresolved_exact_tie,212.0,218.0,0.0,212.0
34102,1,1,5N7Y,1,A,03c41dd2e85479bed67f747dcc4d99c2a97995121aeda9d624e84abf0e4de5a9,A,STEP 65D-3,1,49,1.0,1.0,44,44,1.0,44,0,True,True,44,2,secondary_metrics_required,unresolved_exact_tie,49.0,49.0,0.0,49.0
34102,1,1,5N7Y,1,C,c45499804f414878e3421544b69f16de60a982ae98190c5bf2facfe207ec8952,B,STEP 65D-3,1,49,1.0,1.0,44,44,1.0,44,0,True,True,44,2,secondary_metrics_required,unresolved_exact_tie,49.0,49.0,0.0,49.0
34105,1,1,5N9U,1,A,136c85d22db95b38d7640fee5be86a5f8b52770467b53ae256e896aa271f3ae3,A,STEP 65D-3,1,212,1.0,0.9724770642201835,188,188,1.0,188,0,True,True,188,2,secondary_metrics_required,unresolved_exact_tie,212.0,218.0,0.0,212.0
34105,1,2,5N9U,1,A,88e5bb22327075fe181d130136358cd9b74a57dacfac19061782b271920ba4ba,A,STEP 65D-3,1,212,1.0,0.9724770642201835,188,188,1.0,188,0,True,True,188,2,secondary_metrics_required,unresolved_exact_tie,212.0,218.0,0.0,212.0
34108,1,1,5NAM,1,A,51c470b575454ce401c032f489f4ca72317c6ebeba538a65353bbfcd0f56f3a1,A,STEP 65D-3,1,48,1.0,1.0,48,48,1.0,48,0,True,True,48,3,secondary_metrics_required,unresolved_exact_tie,48.0,48.0,0.0,48.0
34108,1,2,5NAM,1,A,45e97fe1c43b8cdd3a919c25770aabb341c0696bb76607635c33c1c35891c3ef,A,STEP 65D-3,1,48,1.0,1.0,48,48,1.0,48,0,True,True,48,3,secondary_metrics_required,unresolved_exact_tie,48.0,48.0,0.0,48.0
34108,1,3,5NAM,1,A,75e20582996d5808bcfd76e158da75052f83673afb09472beddf438b47691286,A,STEP 65D-3,1,48,1.0,1.0,48,48,1.0,48,0,True,True,48,3,secondary_metrics_required,unresolved_exact_tie,48.0,48.0,0.0,48.0
34115,1,1,5NF8,1,A,0d1d81cd743eb5f49625e7f1e91503da25f20a6b9e91cbf89b9eb51801d7eb77,A,STEP 65D-3,1,159,1.0,0.9137931034482759,148,148,1.0,147,1,True,True,148,2,secondary_metrics_required,unresolved_exact_tie,158.0,174.0,1.0,159.0
34115,1,1,5NF8,1,B,b53dba711b1616295ddd5ada5f8078ebade5b26f419b7442438fcd24b7096403,B,STEP 65D-3,1,159,1.0,0.9137931034482759,148,148,1.0,147,1,True,True,148,2,secondary_metrics_required,unresolved_exact_tie,158.0,174.0,1.0,159.0
34120,1,1,5NKO,1,A,4c85680e8d7e27a0700050b93705c4a0e02a1f6560c17a8d17676b2e265fbaea,A,STEP 65D-3,1,61,1.0,1.0,55,55,1.0,55,0,True,True,55,2,secondary_metrics_required,unresolved_exact_tie,61.0,61.0,0.0,61.0
34120,1,1,5NKO,1,B,299b31f7c1ddaf22644e84f65b01a23533e582d30b5ab49248878c3e5e489db3,B,STEP 65D-3,1,61,1.0,1.0,55,55,1.0,55,0,True,True,55,2,secondary_metrics_required,unresolved_exact_tie,61.0,61.0,0.0,61.0
34122,1,1,5NOC,1,A,8c8749cf37f84f5c710fbd33c548ce51c2804e0a8731302848799379027fde6e,A,STEP 65D-3,1,54,1.0,0.782608695652174,64,53,0.828125,53,0,True,True,53,2,secondary_metrics_required,unresolved_exact_tie,54.0,69.0,0.0,54.0
34122,1,1,5NOC,1,B,c5c9c093719e66aecc504e01f9207620f1edaa9383bed57a9f1fa15cdbd53647,B,STEP 65D-3,1,54,1.0,0.782608695652174,64,53,0.828125,53,0,True,True,53,2,secondary_metrics_required,unresolved_exact_tie,54.0,69.0,0.0,54.0
34154,1,1,5OB4,1,A,b64e826afd5ca2105a14d94f73a87297d131ad6d42a6286266a0e4224ec51fe2,A,STEP 65D-3,1,44,1.0,1.0,41,41,1.0,41,0,True,True,41,2,secondary_metrics_required,unresolved_exact_tie,44.0,44.0,0.0,44.0
34154,1,1,5OB4,1,B,9e8fc0fae3a4429095dab5398f65a98c5705b1d16831e5c45c15c1d3bc32a354,B,STEP 65D-3,1,44,1.0,1.0,41,41,1.0,41,0,True,True,41,2,secondary_metrics_required,unresolved_exact_tie,44.0,44.0,0.0,44.0
34160,1,1,5OEK,1,A,1ccf602d684f18b86feb8012cd8b3b33b7b561a53499d49f09ee28ec84ea5573,A,STEP 65D-3,1,43,1.0,1.0,40,40,1.0,40,0,True,True,40,2,secondary_metrics_required,unresolved_exact_tie,43.0,43.0,0.0,43.0
34160,1,1,5OEK,1,B,6254040cea3b9b8070ec7afdb2ac7c3b5c9b83dda975817e406a0e5652edfe41,B,STEP 65D-3,1,43,1.0,1.0,40,40,1.0,40,0,True,True,40,2,secondary_metrics_required,unresolved_exact_tie,43.0,43.0,0.0,43.0
34163,1,1,5OGU,1,A,edbad1bd7c9f4bef423c8cd30c7b887887abc14db4c6c8d8603c7572851afad7,A,STEP 65D-3,1,95,1.0,1.0,78,78,1.0,78,0,True,True,78,2,secondary_metrics_required,unresolved_exact_tie,95.0,95.0,0.0,95.0
34163,1,1,5OGU,1,B,dbcc6442792529bc5f309429eac289d308ee60bfbc530eecd89aa23108a0be9c,B,STEP 65D-3,1,95,1.0,1.0,78,78,1.0,78,0,True,True,78,2,secondary_metrics_required,unresolved_exact_tie,95.0,95.0,0.0,95.0
34164,1,1,5OHD,1,A,ac2ca21af67991101a8d47d86b676dc6dfc77dcca86b64cdc75c0c1a5f352fc4,A,STEP 65D-3,1,43,1.0,1.0,40,40,1.0,40,0,True,True,40,2,secondary_metrics_required,unresolved_exact_tie,43.0,43.0,0.0,43.0
34164,1,1,5OHD,1,B,9da82fefd1a403dc7539b8cec2e30675738a2dd9221b6a03a8d489d0daa373bc,B,STEP 65D-3,1,43,1.0,1.0,40,40,1.0,40,0,True,True,40,2,secondary_metrics_required,unresolved_exact_tie,43.0,43.0,0.0,43.0
34178,1,1,6EKA,1,A,d4d2ed1cd1c4f6516b167df755989f0adfe0680bafa8039c78a31dd04e21bb15,A,STEP 65D-3,1,53,1.0,0.6794871794871795,44,44,1.0,44,0,True,True,44,5,secondary_metrics_required,unresolved_exact_tie,53.0,78.0,0.0,53.0
34178,1,1,6EKA,1,B,63feee20fad4dc506d56d1a06098e73a0ffaed7f0396a905ef981c2ff5080175,B,STEP 65D-3,1,53,1.0,0.6794871794871795,44,44,1.0,44,0,True,True,44,5,secondary_metrics_required,unresolved_exact_tie,53.0,78.0,0.0,53.0
34178,1,1,6EKA,1,C,dbf7d1b4b985dcf8c50358fedfcffa7e084d60f97505ca439ba8485a418be15a,C,STEP 65D-3,1,53,1.0,0.6794871794871795,44,44,1.0,44,0,True,True,44,5,secondary_metrics_required,unresolved_exact_tie,53.0,78.0,0.0,53.0
34178,1,1,6EKA,1,D,1e3e922359eb98b0cbb95506d12acb71415c8cbd459eb3c85c34a4b073f78a7f,D,STEP 65D-3,1,53,1.0,0.6794871794871795,44,44,1.0,44,0,True,True,44,5,secondary_metrics_required,unresolved_exact_tie,53.0,78.0,0.0,53.0
34178,1,1,6EKA,1,E,dc9c1cdf4d3ca174f7e4a38c7232d83d3cc1d3875e9c888c2fae0adf8de39a92,E,STEP 65D-3,1,53,1.0,0.6794871794871795,44,44,1.0,44,0,True,True,44,5,secondary_metrics_required,unresolved_exact_tie,53.0,78.0,0.0,53.0
34188,1,1,6ES6,1,A,4a82642c0fe7066a81a3af87dac8df5b9a8e1ba35209b1f5d536f6f119c7b101,A,STEP 65D-3,1,45,1.0,1.0,43,43,1.0,43,0,True,True,43,2,secondary_metrics_required,unresolved_exact_tie,45.0,45.0,0.0,45.0
34188,2,1,6ES6,2,B,889e26decb2a326f97994195c968f67772a27edcaf7c3818acc488faaabb71b4,B,STEP 65D-3,1,50,1.0,1.0,43,43,1.0,43,0,True,True,43,2,secondary_metrics_required,unresolved_exact_tie,50.0,50.0,0.0,50.0
34290,2,1,6GVQ,2,B,6d7c230ea31a6ecdf339edbbb2f581f83e54e0bc1b1c2793cb4ce191336dd1f0,B,STEP 65D-3,1,115,1.0,1.0,97,97,1.0,97,0,True,True,97,2,secondary_metrics_required,unresolved_exact_tie,115.0,115.0,0.0,115.0
34290,2,1,6GVT,2,B,8f95b792f534a7529328f84f2973b3887639a2fd5bedeefb3f015114d16275d5,B,STEP 65D-3,1,115,1.0,1.0,97,97,1.0,97,0,True,True,97,2,secondary_metrics_required,unresolved_exact_tie,115.0,115.0,0.0,115.0
34334,1,1,6Q2Z,1,A,618dac20ff6a97b5d8f0df35f54d7238f216dc4e320367cb29d7a21611e7ce62,A,STEP 65D-3,1,60,1.0,1.0,56,56,1.0,56,0,True,True,56,2,secondary_metrics_required,unresolved_exact_tie,60.0,60.0,0.0,60.0
34334,1,1,6Q2Z,1,B,349698783d6ffdc883683eea4bd50523420e5bbd465df976fdcb3d4cbc892004,B,STEP 65D-3,1,60,1.0,1.0,56,56,1.0,56,0,True,True,56,2,secondary_metrics_required,unresolved_exact_tie,60.0,60.0,0.0,60.0
34446,1,1,6TDD,1,A,9915435cf39deea341f5ec069d6c95c847a2f8e7b061418811a1d6251ecd86f7,A,STEP 65D-3,1,45,1.0,1.0,42,42,1.0,42,0,True,True,42,2,secondary_metrics_required,unresolved_exact_tie,45.0,45.0,0.0,45.0
34446,1,1,6TDD,1,B,f4384b95db0a2b0e3048180ff496c1d8b3a213e893bf716a057bca44c21e82e5,B,STEP 65D-3,1,45,1.0,1.0,42,42,1.0,42,0,True,True,42,2,secondary_metrics_required,unresolved_exact_tie,45.0,45.0,0.0,45.0
34447,1,1,6TDM,1,A,5cb22124be6696005f567c7995522607e96ff8fe11999f1dcf4057578a0d39cc,A,STEP 65D-3,1,64,1.0,1.0,61,61,1.0,61,0,True,True,61,2,secondary_metrics_required,unresolved_exact_tie,64.0,64.0,0.0,64.0
34447,1,1,6TDM,1,B,1ba54db877ed8e61d18b0693d70274cfc96f5146834a8753e0afcd24804278c1,B,STEP 65D-3,1,64,1.0,1.0,61,61,1.0,61,0,True,True,61,2,secondary_metrics_required,unresolved_exact_tie,64.0,64.0,0.0,64.0
34448,1,1,6TDN,1,A,51e91b24ae5d9ef18c059374888af60c2b1f0df824cbade110a02d8d14aaa618,A,STEP 65D-3,1,87,1.0,1.0,77,77,1.0,77,0,True,True,77,2,secondary_metrics_required,unresolved_exact_tie,87.0,87.0,0.0,87.0
34448,1,1,6TDN,1,B,69d935071a363b0adcea658daefbd75dfe5116dee5907441f2ca0bb810637391,B,STEP 65D-3,1,87,1.0,1.0,77,77,1.0,77,0,True,True,77,2,secondary_metrics_required,unresolved_exact_tie,87.0,87.0,0.0,87.0
34457,1,1,6TIQ,1,A,6c70c4a7ca1bbca2fe2367f48f909858afc56cbaa04ed5079ff6a2ab76952555,A,STEP 65D-3,1,285,1.0,0.979381443298969,249,248,0.9959839357429718,248,0,True,True,248,2,secondary_metrics_required,unresolved_exact_tie,285.0,291.0,0.0,285.0
34457,1,1,6TIR,1,A,35c1acb475cd9b2b8d07201c0bfc1ac3beeb837e63a709375d85d92df01efdd7,A,STEP 65D-3,1,285,1.0,0.979381443298969,249,248,0.9959839357429718,248,0,True,True,248,2,secondary_metrics_required,unresolved_exact_tie,285.0,291.0,0.0,285.0
34473,1,1,6TV5,1,A,c1922905d52fdb8b95cb55f335ac6556d7a9b1fd06c8501cc7600abf9fdb8752,A,STEP 65D-3,1,137,1.0,1.0,131,131,1.0,131,0,True,True,131,2,secondary_metrics_required,unresolved_exact_tie,137.0,137.0,0.0,137.0
34473,1,1,6TV5,1,B,73e2f8293e8f133cf27fd9a2e6803ce80e2c1675f63d22cbfad43bd1d26888f8,B,STEP 65D-3,1,137,1.0,1.0,131,131,1.0,131,0,True,True,131,2,secondary_metrics_required,unresolved_exact_tie,137.0,137.0,0.0,137.0
34475,1,1,6TVM,1,A,85774ef853238af89a8827663a3f62ce19f6eb7bc47e737fc56558231247975b,A,STEP 65D-3,1,128,1.0,1.0,122,122,1.0,122,0,True,True,122,2,secondary_metrics_required,unresolved_exact_tie,128.0,128.0,0.0,128.0
34475,1,1,6TVM,1,B,30a266158e3ed1dba5254926e73ba5d254b7ff1d14b082c2ebd41416fb79755d,B,STEP 65D-3,1,128,1.0,1.0,122,122,1.0,122,0,True,True,122,2,secondary_metrics_required,unresolved_exact_tie,128.0,128.0,0.0,128.0
34487,1,1,6XYV,1,A,8d2d9b19471b46d69e652e8899b6357c41244d07ab3b049f4225a8acc58d17fa,A,STEP 65D-3,1,54,1.0,1.0,49,49,1.0,49,0,True,True,49,3,secondary_metrics_required,unresolved_exact_tie,54.0,54.0,0.0,54.0
34487,1,1,7A4L,1,A,7cb0ad0377f4ff24cb71fab4122773f969ce3178328c31dea6dd0474a8fe6eba,A,STEP 65D-3,1,54,1.0,1.0,49,49,1.0,49,0,True,True,49,3,secondary_metrics_required,unresolved_exact_tie,54.0,54.0,0.0,54.0
34487,1,1,7A58,1,A,74157269fe5ec238ac3591ae8a6bd8b4f62c11521044c94dbd882d7316bb3b7d,A,STEP 65D-3,1,54,1.0,1.0,49,49,1.0,49,0,True,True,49,3,secondary_metrics_required,unresolved_exact_tie,54.0,54.0,0.0,54.0
34494,1,1,6Y8V,1,A,6132153ef0ababa18ab49ad07de2827c27212fbcbfba04ffab06b3290ebc1cad,A,STEP 65D-3,1,70,1.0,1.0,67,67,1.0,67,0,True,True,67,2,secondary_metrics_required,unresolved_exact_tie,70.0,70.0,0.0,70.0
34494,1,1,6Y8V,1,B,3b5b24806acfb40d4f3c6634e78a7a2e55a793b997abe53e7bdbd1694c4c0ca7,B,STEP 65D-3,1,70,1.0,1.0,67,67,1.0,67,0,True,True,67,2,secondary_metrics_required,unresolved_exact_tie,70.0,70.0,0.0,70.0
34495,1,1,6Y8W,1,A,2bcd0e9531e57c7513bfab0f0d045657f20eb6619484bc9d3e95e6ffbb381260,A,STEP 65D-3,1,70,1.0,1.0,68,68,1.0,68,0,True,True,68,2,secondary_metrics_required,unresolved_exact_tie,70.0,70.0,0.0,70.0
34495,1,1,6Y8W,1,B,6b7643c606d8180bcb0f1fcf8db6cefc86becb5830336eb6d0a7e815c44f0018,B,STEP 65D-3,1,70,1.0,1.0,68,68,1.0,68,0,True,True,68,2,secondary_metrics_required,unresolved_exact_tie,70.0,70.0,0.0,70.0
34511,1,1,6YI3,1,A,34a8b874b28e573cf8b6b45536b24c95eef8f57ac3b40dd1433ca273d59fe769,A,STEP 65D-3,1,140,1.0,1.0,127,127,1.0,127,0,True,True,127,2,secondary_metrics_required,unresolved_exact_tie,140.0,140.0,0.0,140.0
34511,1,1,7ACS,1,A,34136c186e7cff910ef53ec3fac9d7f3b7271b414c35b0e2fa3a9a5fb54a418a,A,STEP 65D-3,1,140,1.0,1.0,127,127,1.0,127,0,True,True,127,2,secondary_metrics_required,unresolved_exact_tie,140.0,140.0,0.0,140.0
34515,1,1,6YW8,1,A,8d4423096aade491897bc009114cc78fbc97a8e34397789ed6e66a043c41ab7d,A,STEP 65D-3,1,118,1.0,1.0,105,105,1.0,105,0,True,True,105,2,secondary_metrics_required,unresolved_exact_tie,118.0,118.0,0.0,118.0
34515,1,1,6YW8,1,B,736d2e624c75fe7a263c272cd373ffc4ea5448efea68078ddb28295f61e63d09,B,STEP 65D-3,1,118,1.0,1.0,105,105,1.0,105,0,True,True,105,2,secondary_metrics_required,unresolved_exact_tie,118.0,118.0,0.0,118.0
34551,1,1,7A0O,1,A,bdd8e1d624069cd48364059737717d803e57972fa3bc73f0b4e723058091b911,A,STEP 65D-3,1,135,1.0,1.0,131,131,1.0,131,0,True,True,131,2,secondary_metrics_required,unresolved_exact_tie,135.0,135.0,0.0,135.0
34551,1,1,7A0O,1,B,6714096db92fe24e74d1ef20f47a061827526008313d8b9a64755d370411dd20,B,STEP 65D-3,1,135,1.0,1.0,131,131,1.0,131,0,True,True,131,2,secondary_metrics_required,unresolved_exact_tie,135.0,135.0,0.0,135.0
34629,1,1,7OLG,1,A,176891885da08757d6f27d2fae5e4d8fd8d185f74aef89e4db9f19f91983e4fe,A,STEP 65D-3,1,70,1.0,1.0,65,65,1.0,65,0,True,True,65,2,secondary_metrics_required,unresolved_exact_tie,70.0,70.0,0.0,70.0
34629,1,1,7OLG,1,B,86c2ba4b2db12ac436766bb06e70c65a93492698491a42fa94adc090ff0f6765,B,STEP 65D-3,1,70,1.0,1.0,65,65,1.0,65,0,True,True,65,2,secondary_metrics_required,unresolved_exact_tie,70.0,70.0,0.0,70.0
34698,1,1,7QRI,1,A,12f256c47c3c6bbe18c95bc3b6c0115e288d80a3d1d29d05cf7894a815c2197c,A,STEP 65D-3,1,100,1.0,1.0,75,75,1.0,75,0,True,True,75,2,secondary_metrics_required,unresolved_exact_tie,100.0,100.0,0.0,100.0
34698,1,1,7QRI,1,B,00f8b42bd0e823b12c9602ef5424220c9e9c18fd6ef7508854b8cc29e8113035,B,STEP 65D-3,1,100,1.0,1.0,75,75,1.0,75,0,True,True,75,2,secondary_metrics_required,unresolved_exact_tie,100.0,100.0,0.0,100.0
34709,1,1,7YWQ,1,A,f1b857fbb2a4bac0a037bd9cae3e3e2fbdd98b264b33a7725124ce95877c8352,A,STEP 65D-3,1,79,1.0,1.0,58,58,1.0,58,0,True,True,58,2,secondary_metrics_required,unresolved_exact_tie,79.0,79.0,0.0,79.0
34709,1,1,7YWQ,1,B,d1bd79844bd881bb464f02ee8d1667059ec032eeacb854eee887c50af5b08d49,B,STEP 65D-3,1,79,1.0,1.0,58,58,1.0,58,0,True,True,58,2,secondary_metrics_required,unresolved_exact_tie,79.0,79.0,0.0,79.0
34719,1,1,7ZE0,1,A,2c3121271ebcd0bdd04fcbcc139302ff35601d4876fb135bcfcaef9626f7af1c,A,STEP 65D-3,1,83,1.0,1.0,72,72,1.0,72,0,True,True,72,2,secondary_metrics_required,unresolved_exact_tie,83.0,83.0,0.0,83.0
34719,1,1,7ZE0,1,B,ce75097e479251b13dde021dbbcde1a8f79d06b5cd847ea72fd58a90f2cbfed2,B,STEP 65D-3,1,83,1.0,1.0,72,72,1.0,72,0,True,True,72,2,secondary_metrics_required,unresolved_exact_tie,83.0,83.0,0.0,83.0
34785,1,1,8CF4,1,A,e60235ff626f758daf35548c9824bc1e74cc36e8a0c135719955c11bbcd45e4e,A,STEP 65D-3,1,62,1.0,1.0,52,52,1.0,52,0,True,True,52,3,secondary_metrics_required,unresolved_exact_tie,62.0,62.0,0.0,62.0
34785,1,1,8CHG,1,A,e1c093d179b81ca72cdf4602a9b25624f1ae77eb341c9ca00fe0a0c3cb74e98c,A,STEP 65D-3,1,62,1.0,1.0,52,52,1.0,52,0,True,True,52,3,secondary_metrics_required,unresolved_exact_tie,62.0,62.0,0.0,62.0
34785,1,1,8CHH,1,A,7767d7db4eb690912b21db6f8ae823598a7f4f3353c5cbabfb83fefda6e207b5,A,STEP 65D-3,1,62,1.0,1.0,52,52,1.0,52,0,True,True,52,3,secondary_metrics_required,unresolved_exact_tie,62.0,62.0,0.0,62.0
34813,1,1,8OX2,1,A,6ffaee7c43bc98ff66785a5f96d9234f17265b09a36eaf1c359a02091b3f40e0,A,STEP 65D-3,1,114,1.0,1.0,98,98,1.0,98,0,True,True,98,3,secondary_metrics_required,unresolved_exact_tie,114.0,114.0,0.0,114.0
34813,1,1,8OX2,1,B,f6c2aefcf84032790103996fb4e87b44b5667f67a35aec1bc7a2540ed97b2bd3,B,STEP 65D-3,1,114,1.0,1.0,98,98,1.0,98,0,True,True,98,3,secondary_metrics_required,unresolved_exact_tie,114.0,114.0,0.0,114.0
34813,1,1,8OX2,1,C,a2e753187877b26ffaa54727ea5edf6e6e95211beaaa343b2d3de4ab030524e5,C,STEP 65D-3,1,114,1.0,1.0,98,98,1.0,98,0,True,True,98,3,secondary_metrics_required,unresolved_exact_tie,114.0,114.0,0.0,114.0
34814,1,1,8OYD,1,A,6a502fa704dd40007c2074413aaf05f6e1a94a7201064fd8e2baf8049ad1daef,A,STEP 65D-3,1,45,1.0,1.0,45,45,1.0,45,0,True,True,45,2,secondary_metrics_required,unresolved_exact_tie,45.0,45.0,0.0,45.0
34814,1,1,8OYD,1,B,3b4c29ded68766e3146061079c27093f5f2fda24735f5f69b1ffe1d96fb16b13,B,STEP 65D-3,1,45,1.0,1.0,45,45,1.0,45,0,True,True,45,2,secondary_metrics_required,unresolved_exact_tie,45.0,45.0,0.0,45.0
36045,1,1,5WYO,1,A,9435a785f4e7797f8f78dd4a40541f7442042ed1cdaf5c58ce6b69c4619da157,A,STEP 65D-3,1,89,1.0,1.0,84,84,1.0,84,0,True,True,84,2,secondary_metrics_required,unresolved_exact_tie,89.0,89.0,0.0,89.0
36045,1,1,5WYO,1,B,852081319c7e62b95b5614d2df7382578fc1f1fbc58880c48382f1f6c64d6724,B,STEP 65D-3,1,89,1.0,1.0,84,84,1.0,84,0,True,True,84,2,secondary_metrics_required,unresolved_exact_tie,89.0,89.0,0.0,89.0
36049,1,1,5X29,1,A,610ce0c2818ff0f54345d9923e013fc46e7e1790494abf12f9ab3c8b8aed643b,A,STEP 65D-3,1,58,1.0,0.7160493827160493,57,57,1.0,57,0,True,True,57,5,secondary_metrics_required,unresolved_exact_tie,58.0,81.0,0.0,58.0
36049,1,1,5X29,1,B,63486d18fc94eb6ff5b53ef57541650f81004bbde3239cb95a6661e55b7439bf,B,STEP 65D-3,1,58,1.0,0.7160493827160493,57,57,1.0,57,0,True,True,57,5,secondary_metrics_required,unresolved_exact_tie,58.0,81.0,0.0,58.0
36049,1,1,5X29,1,C,2ba2320ace083c755eb9fa5aec9ad3d1398566dfea78297d7f139cdc2f236ef3,C,STEP 65D-3,1,58,1.0,0.7160493827160493,57,57,1.0,57,0,True,True,57,5,secondary_metrics_required,unresolved_exact_tie,58.0,81.0,0.0,58.0
36049,1,1,5X29,1,D,edfd6ed90772cff50b4e8dfa907d5783fa6d60303a2f8b16c20662b7be6f0c3d,D,STEP 65D-3,1,58,1.0,0.7160493827160493,57,57,1.0,57,0,True,True,57,5,secondary_metrics_required,unresolved_exact_tie,58.0,81.0,0.0,58.0
36049,1,1,5X29,1,E,c51d8a1f79ad1c0fd8f687e6ca2919c49f12bf9faee8623f5eaa76c7ac992753,E,STEP 65D-3,1,58,1.0,0.7160493827160493,57,57,1.0,57,0,True,True,57,5,secondary_metrics_required,unresolved_exact_tie,58.0,81.0,0.0,58.0
36064,1,1,5X9X,1,A,f4cb6e8f75d02a0f13e9ebf216ab82ee835e0e0846193f11463f90690339aa7f,A,STEP 65D-3,1,44,1.0,1.0,42,42,1.0,42,0,True,True,42,2,secondary_metrics_required,unresolved_exact_tie,44.0,44.0,0.0,44.0
36064,2,1,5X9X,2,B,e36c16932e02360f558238c815a7703b36e65e6f1ec8c81151e5936a04b220cd,B,STEP 65D-3,1,45,1.0,1.0,42,42,1.0,42,0,True,True,42,2,secondary_metrics_required,unresolved_exact_tie,45.0,45.0,0.0,45.0
36294,1,1,6L8V,1,A,b149387e327905da79f3492327a648dfe686bc6376e43dff3527440e01c6b934,A,STEP 65D-3,1,81,1.0,1.0,77,77,1.0,77,0,True,True,77,2,secondary_metrics_required,unresolved_exact_tie,81.0,81.0,0.0,81.0
36294,1,1,6L8V,1,B,f7b173bef0ef4ebacb676ed0cc79e69edfa728c358b7aa38f4340340bca96079,B,STEP 65D-3,1,81,1.0,1.0,77,77,1.0,77,0,True,True,77,2,secondary_metrics_required,unresolved_exact_tie,81.0,81.0,0.0,81.0
36312,1,1,6LUL,1,A,138de5df62c79ec7095a6a7ebc3fed768c8c97f4fc9a1d96d913274b31722886,B,STEP 65D-3,1,224,1.0,0.9372384937238494,206,206,1.0,205,1,True,True,206,2,secondary_metrics_required,unresolved_exact_tie,223.0,239.0,1.0,224.0
36312,1,1,6LUL,1,B,510b715dd3dcf20b8b98bb66b4891b0b6f5ba9ef07b843e39d7be9e7c3fb60b4,A,STEP 65D-3,1,224,1.0,0.9372384937238494,206,206,1.0,205,1,True,True,206,2,secondary_metrics_required,unresolved_exact_tie,223.0,239.0,1.0,224.0
36395,1,1,7DFE,1,A,adf4d5feaeb77f2a4cbe0748fd2362dfb5eb90a6ee5cfd6b52d78efee0ae4bf3,A,STEP 65D-3,1,142,1.0,1.0,132,132,1.0,132,0,True,True,132,2,secondary_metrics_required,unresolved_exact_tie,142.0,142.0,0.0,142.0
36395,1,1,7DFE,1,B,2221150c3a77768809d7a5fa4cc3ad89f92ce52651895b89b5deede8e365d99f,B,STEP 65D-3,1,142,1.0,1.0,132,132,1.0,132,0,True,True,132,2,secondary_metrics_required,unresolved_exact_tie,142.0,142.0,0.0,142.0
36527,1,1,8HPB,1,A,3cecf678d4d0493373dd6b179c209e9d0f21e9de9b3feea93cef9dcacb835e65,A,STEP 65D-3,1,80,1.0,1.0,65,65,1.0,65,0,True,True,65,2,secondary_metrics_required,unresolved_exact_tie,80.0,80.0,0.0,80.0
36527,1,1,8HPB,1,B,f825c1f0ebe46ec7d325983f3f9c1adadae640cc7565f17138fd60993677a3f9,B,STEP 65D-3,1,80,1.0,1.0,65,65,1.0,65,0,True,True,65,2,secondary_metrics_required,unresolved_exact_tie,80.0,80.0,0.0,80.0
36528,1,1,8HQB,1,A,53cefed15767424b66a9e34f871f45543c7b5c1f86013d06f43247c2ea85847f,A,STEP 65D-3,1,80,1.0,1.0,67,67,1.0,67,0,True,True,67,2,secondary_metrics_required,unresolved_exact_tie,80.0,80.0,0.0,80.0
36528,1,1,8HQB,1,B,d7495dd7c25f7cf95b41bd1ddc51fa6c13700ecee328d05187ac97ffbc489c47,B,STEP 65D-3,1,80,1.0,1.0,67,67,1.0,67,0,True,True,67,2,secondary_metrics_required,unresolved_exact_tie,80.0,80.0,0.0,80.0
36582,1,1,8K2T,1,A,4e8140ff9a772e1d0b504c6609cef6585baf7379ad28623eb2eb8f48458932ef,A,STEP 65D-3,1,624,1.0,1.0,414,414,1.0,414,0,True,True,414,2,secondary_metrics_required,unresolved_exact_tie,624.0,624.0,0.0,624.0
36582,1,1,8K2T,1,B,e4bff612e3b490fdcfc9ef524694a0caf8a88ab3c9183e6c2f858f4586f116c2,B,STEP 65D-3,1,624,1.0,1.0,414,414,1.0,414,0,True,True,414,2,secondary_metrics_required,unresolved_exact_tie,624.0,624.0,0.0,624.0
36671,1,1,8ZU6,1,A,a902e0d067a1ab58d0217e1fb7843975e16b15f283c24a1aadf831b9fbdf4654,A,STEP 65D-3,1,70,1.0,0.7446808510638298,63,63,1.0,63,0,True,True,63,2,secondary_metrics_required,unresolved_exact_tie,70.0,94.0,0.0,70.0
36671,1,1,8ZU6,1,B,8a1eee92907899066540df21b34da83882ab832392b55e40cebb1ce2e6e36b26,B,STEP 65D-3,1,70,1.0,0.7446808510638298,63,63,1.0,63,0,True,True,63,2,secondary_metrics_required,unresolved_exact_tie,70.0,94.0,0.0,70.0
4430,1,1,1JWD,1,A,7073b0dbdbbd952ffdd580e3d331833a4a4b66cb9684ecfbc400d6530cb4555f,A,STEP 65D-3,1,90,1.0,1.0,86,86,1.0,86,0,True,True,86,4,secondary_metrics_required,unresolved_exact_tie,90.0,90.0,0.0,90.0
4430,1,1,1JWD,1,B,b0660252839d715864da338e7720e0a903fbf3c0fc3a224ea516a0aff6ec61f4,B,STEP 65D-3,1,90,1.0,1.0,86,86,1.0,86,0,True,True,86,4,secondary_metrics_required,unresolved_exact_tie,90.0,90.0,0.0,90.0
4430,1,1,2CNP,1,A,399b99e3d69ff8954a461ab6382be37bf2b3bbfbca8d7c7f08807f0c9f802927,A,STEP 65D-3,1,90,1.0,1.0,86,86,1.0,86,0,True,True,86,4,secondary_metrics_required,unresolved_exact_tie,90.0,90.0,0.0,90.0
4430,1,1,2CNP,1,B,88ee78d01e920c2822f0ec358b9ead49a113d32aa0bbac2e5e8af366410c3ed1,B,STEP 65D-3,1,90,1.0,1.0,86,86,1.0,86,0,True,True,86,4,secondary_metrics_required,unresolved_exact_tie,90.0,90.0,0.0,90.0
4590,1,1,1EIG,1,A,c374273d152f2a27f585e1ef9e94467bd5e3e942c47809b495b34c7a9722800b,A,STEP 65D-3,1,73,1.0,1.0,67,67,1.0,67,0,True,True,67,2,secondary_metrics_required,unresolved_exact_tie,73.0,73.0,0.0,73.0
4590,1,1,1EIH,1,A,c08369bbddf61f6e5e636dcb93577bee4cf2acae5eabd3cd600e3ed4728b3d6d,A,STEP 65D-3,1,73,1.0,1.0,67,67,1.0,67,0,True,True,67,2,secondary_metrics_required,unresolved_exact_tie,73.0,73.0,0.0,73.0
4679,1,1,1FLS,1,A,31095967a43ee0935ce482b4532857192aefeb086b3e674f1a029cf67faa357e,A,STEP 65D-3,1,158,1.0,0.9575757575757575,137,133,0.9708029197080292,133,0,True,True,133,2,secondary_metrics_required,unresolved_exact_tie,158.0,165.0,0.0,158.0
4679,1,1,1FM1,1,A,832e76da5b3ef27c0a52a57e17bf57716d368afa94df5eee45548068d98ebb85,A,STEP 65D-3,1,158,1.0,0.9575757575757575,137,133,0.9708029197080292,133,0,True,True,133,2,secondary_metrics_required,unresolved_exact_tie,158.0,165.0,0.0,158.0
4682,1,2,1EII,1,A,dafcdb54af7d46f11a598b47d85c16fd5365b10998c22373ce4abb1aa5a2a2a5,A,STEP 65D-3,1,134,1.0,1.0,132,132,1.0,132,0,True,True,132,2,secondary_metrics_required,unresolved_exact_tie,134.0,134.0,0.0,134.0
4682,1,3,1EII,1,A,c9e45f2b4e1337c3027758f2d2184e3c40e26a3899e1de7094492b965e05ea6d,A,STEP 65D-3,1,134,1.0,1.0,132,132,1.0,132,0,True,True,132,2,secondary_metrics_required,unresolved_exact_tie,134.0,134.0,0.0,134.0
4900,1,1,1HEH,1,C,b7e5a125fe4dd7ca5ab54a26ae510dd9af2423fbfe80aa63b966ec37cb8d2826,A,STEP 65D-3,1,88,1.0,1.0,83,83,1.0,83,0,True,True,83,2,secondary_metrics_required,unresolved_exact_tie,88.0,88.0,0.0,88.0
4900,1,1,1HEJ,1,C,a6af2074e6ccd80ffe4582085478bc1cc9cdc16c40c9ada28a13a1c526a86c1c,A,STEP 65D-3,1,88,1.0,1.0,83,83,1.0,83,0,True,True,83,2,secondary_metrics_required,unresolved_exact_tie,88.0,88.0,0.0,88.0
4906,1,1,1HF9,1,A,ddf8374bd77292c820308788f7d9cddc7fbf472729f12f0da9a41d3ab317d698,A,STEP 65D-3,1,41,1.0,1.0,40,40,1.0,40,0,True,True,40,2,secondary_metrics_required,unresolved_exact_tie,41.0,41.0,0.0,41.0
4906,1,1,1HF9,1,B,2520e6eec677b6073b1dafb591bcf40d90b4285a9f9cb71db6b00a7da189ee36,B,STEP 65D-3,1,41,1.0,1.0,40,40,1.0,40,0,True,True,40,2,secondary_metrics_required,unresolved_exact_tie,41.0,41.0,0.0,41.0
4911,1,1,1F96,1,A,cb3fd8b09c302087056dc06819c00e019aa8774a7e3ded3f053f7fe0683b8bae,A,STEP 65D-3,1,89,1.0,1.0,88,88,1.0,88,0,True,True,88,2,secondary_metrics_required,unresolved_exact_tie,89.0,89.0,0.0,89.0
4911,1,1,1F96,1,B,ea84d137ca936754af6be1c0f5274539dc6c7deb59b55975d30c5f86adcad2c7,B,STEP 65D-3,1,89,1.0,1.0,88,88,1.0,88,0,True,True,88,2,secondary_metrics_required,unresolved_exact_tie,89.0,89.0,0.0,89.0
4912,1,1,1F3C,1,A,4c824452815aef4855f6599d45d3d4a9c7dd992b989a743b4567d70b7723b77f,A,STEP 65D-3,1,89,1.0,1.0,87,87,1.0,87,0,True,True,87,2,secondary_metrics_required,unresolved_exact_tie,89.0,89.0,0.0,89.0
4912,1,1,1F3C,1,B,698d88e2cf795e611ad131148d26efab813edffb1b846dbefa06719ea5c8eb5b,B,STEP 65D-3,1,89,1.0,1.0,87,87,1.0,87,0,True,True,87,2,secondary_metrics_required,unresolved_exact_tie,89.0,89.0,0.0,89.0
4929,1,1,1XDX,1,A,5ad54c23bdd5e6c7373434c846d18fba47fc778c0b94436e5f22b16416a23b21,A,STEP 65D-3,1,114,1.0,1.0,110,110,1.0,110,0,True,True,110,2,secondary_metrics_required,unresolved_exact_tie,114.0,114.0,0.0,114.0
4929,1,1,1XDX,1,B,3bff050889c5f71d9cb8badeb7dcdae781be3206f61d480bfa71a4ab4fc61034,B,STEP 65D-3,1,114,1.0,1.0,110,110,1.0,110,0,True,True,110,2,secondary_metrics_required,unresolved_exact_tie,114.0,114.0,0.0,114.0
4935,1,1,1KVN,1,A,131db925fd1cb94d874fa85646249c5e5d5b9a243a1fd407f210f0f764f8027f,A,STEP 65D-3,1,104,1.0,1.0,90,90,1.0,90,0,True,True,90,2,secondary_metrics_required,unresolved_exact_tie,104.0,104.0,0.0,104.0
4935,1,1,1KVV,1,A,380bd14f02e692bdabf2c9cf1e6ee4e2497d1b948bcd386c60f3e2d0ceb77c8b,A,STEP 65D-3,1,104,1.0,1.0,90,90,1.0,90,0,True,True,90,2,secondary_metrics_required,unresolved_exact_tie,104.0,104.0,0.0,104.0
4954,1,1,1HZE,1,A,6b50be7300102c371e5f90ae1d8f67470d398656fff00f3211a02392c24d2525,A,STEP 65D-3,1,97,1.0,1.0,94,94,1.0,94,0,True,True,94,4,secondary_metrics_required,unresolved_exact_tie,97.0,97.0,0.0,97.0
4954,1,1,1HZE,1,B,6b082a784b9abf0a0314884d3024bb7d08f932c22661fcdc604cd83185fb58bc,B,STEP 65D-3,1,97,1.0,1.0,94,94,1.0,94,0,True,True,94,4,secondary_metrics_required,unresolved_exact_tie,97.0,97.0,0.0,97.0
4954,1,1,1I18,1,A,65313bfd624e60fd54984fb358f3bc809c9858dee791941a5eea0ef843dda98e,A,STEP 65D-3,1,97,1.0,1.0,94,94,1.0,94,0,True,True,94,4,secondary_metrics_required,unresolved_exact_tie,97.0,97.0,0.0,97.0
4954,1,1,1I18,1,B,e95eafc8ac301077ff18f00c2f51b00c20db009a80ac5f78e866b74a04a70558,B,STEP 65D-3,1,97,1.0,1.0,94,94,1.0,94,0,True,True,94,4,secondary_metrics_required,unresolved_exact_tie,97.0,97.0,0.0,97.0
50007,1,2,6UCJ,1,A,42469ab3e01fbffbf849a57a2413f6193e91e38ab02e3201572ab60e5481debb,A,STEP 65D-3,1,67,1.0,0.9305555555555556,67,62,0.9253731343283582,62,0,True,True,62,2,secondary_metrics_required,unresolved_exact_tie,67.0,72.0,0.0,67.0
50007,1,2,6UCK,1,A,a5efd9561eba14394fb171abd93b805cadb843e59e3bc32f79988d112931b20b,A,STEP 65D-3,1,67,1.0,0.9305555555555556,67,62,0.9253731343283582,62,0,True,True,62,2,secondary_metrics_required,unresolved_exact_tie,67.0,72.0,0.0,67.0
5022,1,1,1I4V,1,A,1dfba379477d75c48bd3d92ed057a9ab384be3112c3f03cb5a9f136a68014880,A,STEP 65D-3,1,115,1.0,1.0,106,106,1.0,106,0,True,True,106,2,secondary_metrics_required,unresolved_exact_tie,115.0,115.0,0.0,115.0
5022,1,1,1I4V,1,B,683cff9d4cdbc37f29190455c3fda0fb1ab699ff8d56470ad520b4ec0cd28918,B,STEP 65D-3,1,115,1.0,1.0,106,106,1.0,106,0,True,True,106,2,secondary_metrics_required,unresolved_exact_tie,115.0,115.0,0.0,115.0
5031,1,1,1M2E,1,A,8699a250bab5edf9107455087bb4bbb0ff4671f287d15c8d7d4e1655c1f562b7,A,STEP 65D-3,1,135,1.0,1.0,127,127,1.0,127,0,True,True,127,2,secondary_metrics_required,unresolved_exact_tie,135.0,135.0,0.0,135.0
5031,1,1,1M2F,1,A,750b6fb1a573ba5829f2a200f7400a4574cb68cc9edaae95d59bf07c5adb5b79,A,STEP 65D-3,1,135,1.0,1.0,127,127,1.0,127,0,True,True,127,2,secondary_metrics_required,unresolved_exact_tie,135.0,135.0,0.0,135.0
5041,1,1,1IMO,1,A,cfad5fd45bcec1c3affe5d7583aedb7bd441943fee6b2173b96ccf86e0e25091,A,STEP 65D-3,1,88,1.0,1.0,81,81,1.0,81,0,True,True,81,2,secondary_metrics_required,unresolved_exact_tie,88.0,88.0,0.0,88.0
5041,1,1,1IN1,1,A,a25ef1e3d565a2552fdfee655007d21e3a67fd6a22153f080f27dd09c516e0ed,A,STEP 65D-3,1,88,1.0,1.0,81,81,1.0,81,0,True,True,81,2,secondary_metrics_required,unresolved_exact_tie,88.0,88.0,0.0,88.0
5042,1,1,1J8I,1,A,b823a162becc9ce8fe878b8742703bf3449f4a45dff0b1c84cd65b5b07ed0af7,A,STEP 65D-3,1,93,1.0,1.0,89,89,1.0,89,0,True,True,89,2,secondary_metrics_required,unresolved_exact_tie,93.0,93.0,0.0,93.0
5042,1,1,1J9O,1,A,7e0bd0ecb7724d84beb2a93d1eab3b502c0d2707ded9902f9c2b4c1a1f199226,A,STEP 65D-3,1,93,1.0,1.0,89,89,1.0,89,0,True,True,89,2,secondary_metrics_required,unresolved_exact_tie,93.0,93.0,0.0,93.0
5049,1,1,1N6U,1,A,b2930ed62bb8a011e82caf0ab3c4c09c524810bc728d768989856c57f9480d68,A,STEP 65D-3,1,212,1.0,1.0,183,183,1.0,183,0,True,True,183,2,secondary_metrics_required,unresolved_exact_tie,212.0,212.0,0.0,212.0
5049,1,1,1N6V,1,A,7c6fe57fd669c7c2519210a95d0d8369c4751f1b6f181eacd9560dd4dee9c1a0,A,STEP 65D-3,1,212,1.0,1.0,183,183,1.0,183,0,True,True,183,2,secondary_metrics_required,unresolved_exact_tie,212.0,212.0,0.0,212.0
5078,1,1,1K8M,1,A,b45284bf7d69f38fdf4e7f8728141c1ee4a00d2a56f09a44d9db699e32607cf6,A,STEP 65D-3,1,87,1.0,0.9354838709677419,79,79,1.0,79,0,True,True,79,2,secondary_metrics_required,unresolved_exact_tie,87.0,93.0,0.0,87.0
5078,1,1,1K8O,1,A,529bee052032f2d40514df2b98e1137b6d73d75a82ea8606d122fe88c64e9d53,A,STEP 65D-3,1,87,1.0,0.9354838709677419,79,79,1.0,79,0,True,True,79,2,secondary_metrics_required,unresolved_exact_tie,87.0,93.0,0.0,87.0
5101,1,1,1GJZ,1,A,e895b5db698bfcc3e79615f408e9318100f96fa29880133b22c15e80c7e70d37,A,STEP 65D-3,1,53,1.0,1.0,48,48,1.0,48,0,True,True,48,2,secondary_metrics_required,unresolved_exact_tie,53.0,53.0,0.0,53.0
5101,1,1,1GJZ,1,B,04d033a87ecd5af31d9152a02ca010b2f9a1a3dcf94f6719c7861fdc0f174478,B,STEP 65D-3,1,53,1.0,1.0,48,48,1.0,48,0,True,True,48,2,secondary_metrics_required,unresolved_exact_tie,53.0,53.0,0.0,53.0
5129,1,1,1IQO,1,A,812661e87b98d3cd4432c5c4e3d98f87cc8a32b9ae25d4d4215cb2ad72d2c02b,A,STEP 65D-3,1,88,1.0,1.0,85,85,1.0,85,0,True,True,85,2,secondary_metrics_required,unresolved_exact_tie,88.0,88.0,0.0,88.0
5129,1,1,1IQS,1,A,183907a152fb2de1803960c14363059129523ef2efe8a4164cda2ef79a0a0cca,A,STEP 65D-3,1,88,1.0,1.0,85,85,1.0,85,0,True,True,85,2,secondary_metrics_required,unresolved_exact_tie,88.0,88.0,0.0,88.0
5141,1,1,1T4Y,1,A,b5b9355928219f9cfa6487183855a7b1dc5cd1ab91c98fb229599689cc618de3,A,STEP 65D-3,1,105,1.0,1.0,94,94,1.0,94,0,True,True,94,2,secondary_metrics_required,unresolved_exact_tie,105.0,105.0,0.0,105.0
5141,1,1,1T4Z,1,A,f9e22c52253127412c1a74547c2e116767bae42a5706dac14282da3faeeaf214,A,STEP 65D-3,1,105,1.0,1.0,94,94,1.0,94,0,True,True,94,2,secondary_metrics_required,unresolved_exact_tie,105.0,105.0,0.0,105.0
51520,1,1,8DSX,1,A,617b613b7e351a57a4fbd0826fe29572d916ad45e6554d61d47684041b43445e,A,STEP 65D-3,1,65,1.0,0.6989247311827957,59,46,0.7796610169491526,46,0,True,True,46,2,secondary_metrics_required,unresolved_exact_tie,65.0,93.0,0.0,65.0
51520,1,1,8DSX,1,B,72f0ccf01924947c727a8bd0ccb3689e04c1d4cd63c61b05edef446d74b075cc,B,STEP 65D-3,1,65,1.0,0.6989247311827957,59,46,0.7796610169491526,46,0,True,True,46,2,secondary_metrics_required,unresolved_exact_tie,65.0,93.0,0.0,65.0
5172,1,1,1K3G,1,A,b7a54dd4417a7a19258d0cb55f2c916994a2d7c1ed086a12812af91d5e2ffc6f,A,STEP 65D-3,1,71,1.0,1.0,67,67,1.0,67,0,True,True,67,2,secondary_metrics_required,unresolved_exact_tie,71.0,71.0,0.0,71.0
5172,1,1,1K3H,1,A,ce18833e758161415f3431f09ab482d22453e31210722b1cd369f34ec3f9b84f,A,STEP 65D-3,1,71,1.0,1.0,67,67,1.0,67,0,True,True,67,2,secondary_metrics_required,unresolved_exact_tie,71.0,71.0,0.0,71.0
51723,1,1,8HN2,1,A,8bc0fcc44185999f59d9f67391cff51dfc23b0913cf5f200e5852bb11f5a3703,A,STEP 65D-3,1,110,0.9908256880733946,0.9243697478991597,86,83,0.9651162790697675,83,0,True,True,83,14,secondary_metrics_required,unresolved_exact_tie,108.0,119.0,0.0,108.0
51723,1,2,8HN2,1,A,50d25df1f584c47782f27240b5ffb0cc888e1f62434ba66fefcb7840b27301a3,A,STEP 65D-3,1,110,0.9908256880733946,0.9243697478991597,86,83,0.9651162790697675,83,0,True,True,83,14,secondary_metrics_required,unresolved_exact_tie,108.0,119.0,0.0,108.0
51723,1,3,8HN2,1,A,12c8e7b9696abbc05fe20faab34dfa06b59dc6c1778bd880534c74b581d03910,A,STEP 65D-3,1,110,0.9908256880733946,0.9243697478991597,86,83,0.9651162790697675,83,0,True,True,83,14,secondary_metrics_required,unresolved_exact_tie,108.0,119.0,0.0,108.0
51723,1,4,8HN2,1,A,376fc341b248520b5e6290d5b4a2cbca8d11b93aca84a1467bb19f7fe51a4705,A,STEP 65D-3,1,110,0.9908256880733946,0.9243697478991597,86,83,0.9651162790697675,83,0,True,True,83,14,secondary_metrics_required,unresolved_exact_tie,108.0,119.0,0.0,108.0
51723,1,5,8HN2,1,A,ecca5cd451484d79153744227c6405ad423148be5d288dad9ca9f694a654d5bb,A,STEP 65D-3,1,110,0.9908256880733946,0.9243697478991597,86,83,0.9651162790697675,83,0,True,True,83,14,secondary_metrics_required,unresolved_exact_tie,108.0,119.0,0.0,108.0
51723,1,6,8HN2,1,A,7e8f0d7f7c5c536eb1b7a9bfc7f49b7e5ebad9f133d1fc16465202f067db9629,A,STEP 65D-3,1,110,0.9908256880733946,0.9243697478991597,86,83,0.9651162790697675,83,0,True,True,83,14,secondary_metrics_required,unresolved_exact_tie,108.0,119.0,0.0,108.0
51723,1,7,8HN2,1,A,eee690c27db1c26e98463f9cefd5ab61a2f88a5fc07b85e8e1204ef0514cd7d9,A,STEP 65D-3,1,110,0.9908256880733946,0.9243697478991597,86,83,0.9651162790697675,83,0,True,True,83,14,secondary_metrics_required,unresolved_exact_tie,108.0,119.0,0.0,108.0
51723,1,1,8HN2,1,B,25582986392824110c5922fb61834bfd7ae751ba96143335b5a4250fe051580a,B,STEP 65D-3,1,110,0.9908256880733946,0.9243697478991597,86,83,0.9651162790697675,83,0,True,True,83,14,secondary_metrics_required,unresolved_exact_tie,108.0,119.0,0.0,108.0
51723,1,2,8HN2,1,B,b5ec70dfb28382cd81725264b76d2cca4505e96b874fedd0cabc9982b30da3e7,B,STEP 65D-3,1,110,0.9908256880733946,0.9243697478991597,86,83,0.9651162790697675,83,0,True,True,83,14,secondary_metrics_required,unresolved_exact_tie,108.0,119.0,0.0,108.0
51723,1,3,8HN2,1,B,d5ad535a15da9dd627e2323292269993ba69bf826b838a084ad229dbf95be598,B,STEP 65D-3,1,110,0.9908256880733946,0.9243697478991597,86,83,0.9651162790697675,83,0,True,True,83,14,secondary_metrics_required,unresolved_exact_tie,108.0,119.0,0.0,108.0
51723,1,4,8HN2,1,B,5e93e82d75c97531cee09ebaba391532c76dbcaddcce904129b515edf84dfd6d,B,STEP 65D-3,1,110,0.9908256880733946,0.9243697478991597,86,83,0.9651162790697675,83,0,True,True,83,14,secondary_metrics_required,unresolved_exact_tie,108.0,119.0,0.0,108.0
51723,1,5,8HN2,1,B,83c60f02ba7c1184f434323e45e2914041cd0237b4d6a56249ae707308393752,B,STEP 65D-3,1,110,0.9908256880733946,0.9243697478991597,86,83,0.9651162790697675,83,0,True,True,83,14,secondary_metrics_required,unresolved_exact_tie,108.0,119.0,0.0,108.0
51723,1,6,8HN2,1,B,4e060604b04f6e67a4486dbefd3e6e4b70e749854ba94cc2cc74637eeaaab7c4,B,STEP 65D-3,1,110,0.9908256880733946,0.9243697478991597,86,83,0.9651162790697675,83,0,True,True,83,14,secondary_metrics_required,unresolved_exact_tie,108.0,119.0,0.0,108.0
51723,1,7,8HN2,1,B,9bf0faf347cffa3d175c828635fdee16e9e226d8676e866050dd40c104074038,B,STEP 65D-3,1,110,0.9908256880733946,0.9243697478991597,86,83,0.9651162790697675,83,0,True,True,83,14,secondary_metrics_required,unresolved_exact_tie,108.0,119.0,0.0,108.0
51799,1,1,9EZN,1,A,84f7d2999a11a5af77fd352072d9b6a587a5d2702cc5b959a25966a7b452fd5c,A,STEP 65D-3,1,57,1.0,1.0,55,55,1.0,55,0,True,True,55,3,secondary_metrics_required,unresolved_exact_tie,57.0,57.0,0.0,57.0
51799,1,1,9EZO,1,A,ec3315317fb95d785f5c0386dc4e850ea697814326a3c67109345399b9ad98b6,A,STEP 65D-3,1,57,1.0,1.0,55,55,1.0,55,0,True,True,55,3,secondary_metrics_required,unresolved_exact_tie,57.0,57.0,0.0,57.0
51799,1,1,9EZP,1,A,254de69b020452808afa7b17556cceadc209659972e5a75c9c3df49376c4f50a,A,STEP 65D-3,1,57,1.0,1.0,55,55,1.0,55,0,True,True,55,3,secondary_metrics_required,unresolved_exact_tie,57.0,57.0,0.0,57.0
5181,1,1,1K42,1,A,9d01d13cf84b408fa9780b706c9bcc56af89c0ade1d4d14b24d6a866b6b59fe6,A,STEP 65D-3,1,168,1.0,1.0,156,156,1.0,156,0,True,True,156,2,secondary_metrics_required,unresolved_exact_tie,168.0,168.0,0.0,168.0
5181,1,1,1K45,1,A,44b676dcd292d629dc4c2b5262aac3f974e05b03934cacefbfc34425705e65cd,A,STEP 65D-3,1,168,1.0,1.0,156,156,1.0,156,0,True,True,156,2,secondary_metrics_required,unresolved_exact_tie,168.0,168.0,0.0,168.0
5185,1,1,1KAT,1,V,99af7277b93dd5f935123819d3cdbef4e449e952c351964f8db469d6c5006f10,A,STEP 65D-3,1,99,1.0,1.0,88,88,1.0,88,0,True,True,88,2,secondary_metrics_required,unresolved_exact_tie,99.0,99.0,0.0,99.0
5185,1,1,1KAT,1,W,5c83a014b033125bb84655b0f1391ee93cfd1bee58f1418a3364adfc475fa2b1,B,STEP 65D-3,1,99,1.0,1.0,88,88,1.0,88,0,True,True,88,2,secondary_metrics_required,unresolved_exact_tie,99.0,99.0,0.0,99.0
5189,1,1,1NSH,1,A,14e7c5c934c36664e80c80ea46f98932138ee734b51d496d06ccd913f00ac8e2,A,STEP 65D-3,1,101,1.0,0.9901960784313726,96,96,1.0,96,0,True,True,96,2,secondary_metrics_required,unresolved_exact_tie,101.0,102.0,0.0,101.0
5189,1,1,1NSH,1,B,412dfc2339e89c273cef429349131178c0d78e02564271ca56170637f67443b5,B,STEP 65D-3,1,101,1.0,0.9901960784313726,96,96,1.0,96,0,True,True,96,2,secondary_metrics_required,unresolved_exact_tie,101.0,102.0,0.0,101.0
5203,1,1,1KBE,1,A,cffa0d77842ae507234f736331ebf388984c06a2362dddf60c0cc326e2f1169e,A,STEP 65D-3,1,49,1.0,1.0,44,44,1.0,44,0,True,True,44,2,secondary_metrics_required,unresolved_exact_tie,49.0,49.0,0.0,49.0
5203,1,1,1KBF,1,A,82cb30ba56e949563639a2fa12ef45cb59ed0c44e4a0e79b4a21498812523d3c,A,STEP 65D-3,1,49,1.0,1.0,44,44,1.0,44,0,True,True,44,2,secondary_metrics_required,unresolved_exact_tie,49.0,49.0,0.0,49.0
5206,1,1,1UWO,1,A,d225ebc7c298fffa0133cea354c5a44c851fce5a0912274ea9176a05761d5136,A,STEP 65D-3,1,91,1.0,0.9891304347826086,87,87,1.0,87,0,True,True,87,2,secondary_metrics_required,unresolved_exact_tie,91.0,92.0,0.0,91.0
5206,1,1,1UWO,1,B,7d9b690d6d222d56615ecfa09710c46c000219da5e8e5efaa07926bb15fd83a1,B,STEP 65D-3,1,91,1.0,0.9891304347826086,87,87,1.0,87,0,True,True,87,2,secondary_metrics_required,unresolved_exact_tie,91.0,92.0,0.0,91.0
52075,1,1,8TT7,1,A,237d80037921df76a8f23691c77ed76c462bc69fd675d0f221d685bd58f98bbd,A,STEP 65D-3,1,54,1.0,1.0,53,53,1.0,53,0,True,True,53,2,secondary_metrics_required,unresolved_exact_tie,54.0,54.0,0.0,54.0
52075,1,1,8TT7,1,B,ded8219f81cd14f52dc6efede3113c02a1938538efbaba915b3ccdf91e5f5d34,B,STEP 65D-3,1,54,1.0,1.0,53,53,1.0,53,0,True,True,53,2,secondary_metrics_required,unresolved_exact_tie,54.0,54.0,0.0,54.0
5208,1,1,1BPD,1,A,65aeb476ed2cdfe5fbcc32a69ac13ef27d8370ae7f1d49fed4763bce21419ceb,A,STEP 65D-3,1,324,0.9893048128342246,0.9842105263157894,168,163,0.9702380952380952,163,0,True,True,163,2,secondary_metrics_required,unresolved_exact_tie,183.0,190.0,0.0,183.0
5208,1,1,1BPE,1,A,0237fd86cfc8773ae6734fd3d911801f43cd2588670708de560ded79d3ee445a,A,STEP 65D-3,1,284,0.9893048128342246,0.9842105263157894,168,163,0.9702380952380952,163,0,True,True,163,2,secondary_metrics_required,unresolved_exact_tie,183.0,190.0,0.0,183.0
5209,1,1,1BPD,1,A,447b217e14df612142f1c8ce4a3032b817f25092a4c053c2339c6d18e81d1ac3,A,STEP 65D-3,1,324,0.9893048128342246,0.9842105263157894,164,159,0.9695121951219512,159,0,True,True,159,2,secondary_metrics_required,unresolved_exact_tie,183.0,190.0,0.0,183.0
5209,1,1,1BPE,1,A,a11867a3b35a3f207c12d1e10f147f55cab97dab4121c0e091f0048ba5667f9d,A,STEP 65D-3,1,284,0.9893048128342246,0.9842105263157894,164,159,0.9695121951219512,159,0,True,True,159,2,secondary_metrics_required,unresolved_exact_tie,183.0,190.0,0.0,183.0
5225,1,1,1JNS,1,A,2bf07eea59e98e7a9090e316aa2f2aa76c7adc1a73d99ed38f0d1296ffa110e5,A,STEP 65D-3,1,92,1.0,1.0,86,86,1.0,86,0,True,True,86,2,secondary_metrics_required,unresolved_exact_tie,92.0,92.0,0.0,92.0
5225,1,1,1JNT,1,A,ad35cb7d00bd80589a0898f2e8788b74b532c780900c22abd8afc69400722196,A,STEP 65D-3,1,92,1.0,1.0,86,86,1.0,86,0,True,True,86,2,secondary_metrics_required,unresolved_exact_tie,92.0,92.0,0.0,92.0
5238,1,1,1VGH,1,A,d70ee299a7f87266f74c309e9c08a03f86a16b6e70d2c583c1579cbe9180c997,A,STEP 65D-3,1,55,1.0,1.0,50,50,1.0,50,0,True,True,50,3,secondary_metrics_required,unresolved_exact_tie,55.0,55.0,0.0,55.0
5238,1,1,2VGH,1,A,5877c95137c741d2c37e4dfcacd3f578c96ced7c9ba5bdd2b42e4530e02a36d0,A,STEP 65D-3,1,55,1.0,1.0,50,50,1.0,50,0,True,True,50,3,secondary_metrics_required,unresolved_exact_tie,55.0,55.0,0.0,55.0
5261,1,1,1J57,1,A,7f7798d95d233ddae0ec6acb6ea06d0abc94692e8c3c30678bb6225b2055b7ba,A,STEP 65D-3,1,143,1.0,1.0,126,126,1.0,126,0,True,True,126,2,secondary_metrics_required,unresolved_exact_tie,143.0,143.0,0.0,143.0
5261,1,1,1KTU,1,A,ada276625163754e11fc72834a328faa3a487b309a354c65faf5c5dbb165a63c,A,STEP 65D-3,1,143,1.0,1.0,126,126,1.0,126,0,True,True,126,2,secondary_metrics_required,unresolved_exact_tie,143.0,143.0,0.0,143.0
52953,1,1,9VCD,1,A,3049b96177007b827f47640e031e0634aa228792b125e6955ff636de43baab09,A,STEP 65D-3,1,68,1.0,1.0,52,52,1.0,52,0,True,True,52,2,secondary_metrics_required,unresolved_exact_tie,68.0,68.0,0.0,68.0
52953,1,1,9VCD,1,B,c84886c12827b0c1044fa24c6a35251b2d2b1f1d3caf90672b04033baa8f484c,B,STEP 65D-3,1,68,1.0,1.0,52,52,1.0,52,0,True,True,52,2,secondary_metrics_required,unresolved_exact_tie,68.0,68.0,0.0,68.0
5297,1,1,1L2M,1,A,1d98e9268f5959b18fd910f59a7b2ff951d37a91d7cf6949de22348edcce48d1,A,STEP 65D-3,1,118,1.0,1.0,107,107,1.0,107,0,True,True,107,2,secondary_metrics_required,unresolved_exact_tie,118.0,118.0,0.0,118.0
5297,1,1,1L5I,1,A,1a66a0e495736319ca6555577f08c19b1360d3e0cc703750dcef10ca43bf7fec,A,STEP 65D-3,1,118,1.0,1.0,107,107,1.0,107,0,True,True,107,2,secondary_metrics_required,unresolved_exact_tie,118.0,118.0,0.0,118.0
5303,1,1,1J56,1,A,e977e4adbe707ad80fdf5c0cdd823e90a76b0a25753ad59a36a14da573ec95ca,A,STEP 65D-3,1,124,1.0,1.0,111,111,1.0,111,0,True,True,111,3,secondary_metrics_required,unresolved_exact_tie,124.0,124.0,0.0,124.0
5303,1,1,1KRW,1,A,aaf89c61dc6b175335425884b902477499617c84e38ce6bac88f8ed979d70542,A,STEP 65D-3,1,124,1.0,1.0,111,111,1.0,111,0,True,True,111,3,secondary_metrics_required,unresolved_exact_tie,124.0,124.0,0.0,124.0
5303,1,1,1KRX,1,A,c0af407536f92d1a8a4f289973c5195a485cf821cecabe5993aac6f5a6aeabc8,A,STEP 65D-3,1,124,1.0,1.0,111,111,1.0,111,0,True,True,111,3,secondary_metrics_required,unresolved_exact_tie,124.0,124.0,0.0,124.0
5304,1,1,1KX2,1,A,b6744de26172126965b955ec9d972d2b95a1f9621a96cf866320af64a3a52125,A,STEP 65D-3,1,81,1.0,1.0,76,76,1.0,76,0,True,True,76,2,secondary_metrics_required,unresolved_exact_tie,81.0,81.0,0.0,81.0
5304,1,1,1KX7,1,A,f950529e6d4324803b764929b6d76f0f41b0d5e66d69c95bdee11ac59fab2d66,A,STEP 65D-3,1,81,1.0,1.0,76,76,1.0,76,0,True,True,76,2,secondary_metrics_required,unresolved_exact_tie,81.0,81.0,0.0,81.0
5319,1,1,1JBH,1,A,3f18121aeae41b944c2f4755efd77557b34b963e3db1b3eb73790c57826ffa8d,A,STEP 65D-3,1,135,1.0,1.0,132,132,1.0,132,0,True,True,132,2,secondary_metrics_required,unresolved_exact_tie,135.0,135.0,0.0,135.0
5319,1,1,1KGL,1,A,3f188235f2f700e28ea5af3029c93dddecad374cc06fab37cd4320f2255ac4ba,A,STEP 65D-3,1,135,1.0,1.0,132,132,1.0,132,0,True,True,132,2,secondary_metrics_required,unresolved_exact_tie,135.0,135.0,0.0,135.0
5345,1,1,1L1M,3,A,1376f7fb9672b208d0a2b922083af3ea288be86575c6850faece9a5ef403339f,C,STEP 65D-3,1,62,1.0,1.0,58,58,1.0,58,0,True,True,58,4,secondary_metrics_required,unresolved_exact_tie,62.0,62.0,0.0,62.0
5345,1,2,1L1M,3,A,7b225d06e39774020d508132bfa3b3276093d0f7a30c828fa6525302be466a5d,C,STEP 65D-3,1,62,1.0,1.0,58,58,1.0,58,0,True,True,58,4,secondary_metrics_required,unresolved_exact_tie,62.0,62.0,0.0,62.0
5345,1,1,1L1M,3,B,d2e5999c5d3400c12d9643734949677e3231a16fccabe032e62615aac6d7b090,D,STEP 65D-3,1,62,1.0,1.0,58,58,1.0,58,0,True,True,58,4,secondary_metrics_required,unresolved_exact_tie,62.0,62.0,0.0,62.0
5345,1,2,1L1M,3,B,c0b224f6e930c0d9ec3c5669af80e179378297925404cedca0d60c18ee21901f,D,STEP 65D-3,1,62,1.0,1.0,58,58,1.0,58,0,True,True,58,4,secondary_metrics_required,unresolved_exact_tie,62.0,62.0,0.0,62.0
5365,1,1,2A3S,1,A,92e5a7e184baafe4ab4beda1ae8ee2b80bc718d9ba7d4a97c882a2f96a9e768f,A,STEP 65D-3,1,101,1.0,0.8859649122807017,89,89,1.0,89,0,True,True,89,2,secondary_metrics_required,unresolved_exact_tie,101.0,114.0,0.0,101.0
5365,1,1,2D2W,1,A,8cb5dde204fb77513191424249005dedcdc43b769a3a26fc99a36585844938d9,A,STEP 65D-3,1,101,1.0,0.8859649122807017,89,89,1.0,89,0,True,True,89,2,secondary_metrics_required,unresolved_exact_tie,101.0,114.0,0.0,101.0
5377,1,1,1UWO,1,A,5fa4211c220f8c37d07e97b38171e11e7b41f09dcc332f9519bb0d6585a496e3,A,STEP 65D-3,1,91,1.0,1.0,89,89,1.0,89,0,True,True,89,4,secondary_metrics_required,unresolved_exact_tie,91.0,91.0,0.0,91.0
5377,1,1,1UWO,1,B,c43248cf8cef12778449ebde0cccbff200627aee8240d16af5ebbecce904f563,B,STEP 65D-3,1,91,1.0,1.0,89,89,1.0,89,0,True,True,89,4,secondary_metrics_required,unresolved_exact_tie,91.0,91.0,0.0,91.0
5377,1,1,2PRU,1,A,aaebe1237f31914416b3c62d65505313675ec7b3395642821d8b192fecd1a5b1,A,STEP 65D-3,1,91,1.0,1.0,89,89,1.0,89,0,True,True,89,4,secondary_metrics_required,unresolved_exact_tie,91.0,91.0,0.0,91.0
5377,1,1,2PRU,1,B,f6607a11f2392469f8bfbe8fa816884e6e2a2ec3ab7f0b06228faa13d81264ab,B,STEP 65D-3,1,91,1.0,1.0,89,89,1.0,89,0,True,True,89,4,secondary_metrics_required,unresolved_exact_tie,91.0,91.0,0.0,91.0
5387,1,1,1D3Z,1,A,aee1ae0cd6525ecdd48447209d1f193c428e80c451034265c2d43350613025d6,A,STEP 65D-3,1,76,1.0,1.0,70,70,1.0,70,0,True,True,70,3,secondary_metrics_required,unresolved_exact_tie,76.0,76.0,0.0,76.0
5387,1,1,1G6J,1,A,71b3f24e1bc7aa2ecb17fd88e4de142ffe691f1498e84b6f0cb5fc6ddfd3aac7,A,STEP 65D-3,1,76,1.0,1.0,70,70,1.0,70,0,True,True,70,3,secondary_metrics_required,unresolved_exact_tie,76.0,76.0,0.0,76.0
5387,1,1,1UBQ,1,A,f7448769c6da01cd8db360763457a0ed48d577fbbe55fa1eaaac5aedcbd9e921,A,STEP 65D-3,1,76,1.0,1.0,70,70,1.0,70,0,True,True,70,3,secondary_metrics_required,unresolved_exact_tie,76.0,76.0,0.0,76.0
5390,1,1,1LR1,1,A,13319248bb6cd28dbcac088a1c697aaa32bc04866bcc025b75c25094a1e2534e,A,STEP 65D-3,1,57,1.0,0.9344262295081968,57,57,1.0,57,0,True,True,57,2,secondary_metrics_required,unresolved_exact_tie,57.0,61.0,0.0,57.0
5390,1,1,1LR1,1,B,6812ba93ac038ee2bda535629b02b7cfda3f80ba62fc1f5a38a092915af3c814,B,STEP 65D-3,1,57,1.0,0.9344262295081968,57,57,1.0,57,0,True,True,57,2,secondary_metrics_required,unresolved_exact_tie,57.0,61.0,0.0,57.0
5392,1,1,1L8Y,1,A,ab70221debe1ce4b6b0f1ade899149d378496c6c6c23c4c944c2753b8a4cc060,A,STEP 65D-3,1,84,1.0,1.0,79,79,1.0,78,1,True,True,79,2,secondary_metrics_required,unresolved_exact_tie,83.0,84.0,1.0,84.0
5392,1,1,1L8Z,1,A,c445cde433770c8ca074df9c9e33cd0e58e3a4e599b327d51cbaba28b1810291,A,STEP 65D-3,1,84,1.0,1.0,79,79,1.0,78,1,True,True,79,2,secondary_metrics_required,unresolved_exact_tie,83.0,84.0,1.0,84.0
5403,1,1,1C9S,2,M,e8bf978a372280b3c2834ceb589410aef219061ccc825de93adebacaa59ecc21,N,STEP 65D-3,1,71,1.0,0.9594594594594594,56,56,1.0,56,0,True,True,56,66,secondary_metrics_required,unresolved_exact_tie,71.0,74.0,0.0,71.0
5403,1,1,1C9S,2,O,d254d6cae6adcbd562f0f80d1967b65e4a9c1c6238bce716d11185ce712784fe,P,STEP 65D-3,1,71,1.0,0.9594594594594594,56,56,1.0,56,0,True,True,56,66,secondary_metrics_required,unresolved_exact_tie,71.0,74.0,0.0,71.0
5403,1,1,1GTF,1,M,5dc9b34ec2d3302da65355b01a92dd523519d0bd4dee7fcbf5191ab904c9d154,M,STEP 65D-3,1,71,1.0,0.9594594594594594,56,56,1.0,56,0,True,True,56,66,secondary_metrics_required,unresolved_exact_tie,71.0,74.0,0.0,71.0
5403,1,1,1GTN,1,M,59075a493e1d2d9aa038ae8cf13bf878eef46a7c6efcfd37098e54b747448a26,M,STEP 65D-3,1,71,1.0,0.9594594594594594,56,56,1.0,56,0,True,True,56,66,secondary_metrics_required,unresolved_exact_tie,71.0,74.0,0.0,71.0
5403,1,1,1GTN,1,O,ef78bd20a445188c46b4d8476ad1f49cee1caf9b6a4f1f8f8a270e1744551ba8,O,STEP 65D-3,1,71,1.0,0.9594594594594594,56,56,1.0,56,0,True,True,56,66,secondary_metrics_required,unresolved_exact_tie,71.0,74.0,0.0,71.0
5461,1,1,1LUI,1,A,0fd7a3ee26a84565d3e313ff00f8afd44cc4e97e0dfafe0e154ed983e94c02ca,A,STEP 65D-3,1,110,1.0,0.9322033898305084,107,101,0.9439252336448598,101,0,True,True,101,8,secondary_metrics_required,unresolved_exact_tie,108.0,118.0,0.0,108.0
5461,1,2,1LUI,1,A,01b65aaf1cf675286f4ac6faf6a2ad5edd2de7369a4004a83ceedbc187ecabc8,A,STEP 65D-3,1,110,1.0,0.9322033898305084,107,101,0.9439252336448598,101,0,True,True,101,8,secondary_metrics_required,unresolved_exact_tie,108.0,118.0,0.0,108.0
5461,1,1,1LUK,1,A,d7d2f3ab0a5d7f2af4829f38f6806c570e0fad910a66ece1763acce9fc20026a,A,STEP 65D-3,1,110,1.0,0.9322033898305084,107,101,0.9439252336448598,101,0,True,True,101,8,secondary_metrics_required,unresolved_exact_tie,108.0,118.0,0.0,108.0
5461,1,2,1LUK,1,A,dc85b3a8156a177dbafff25e5d7e2af5bde647ecc451265a5918429ed9983092,A,STEP 65D-3,1,110,1.0,0.9322033898305084,107,101,0.9439252336448598,101,0,True,True,101,8,secondary_metrics_required,unresolved_exact_tie,108.0,118.0,0.0,108.0
5461,1,1,1LUM,1,A,a4148e19dec5c6ab13c64e88c2abd05093b9c345cca1716c38f9c5c43bf3e4ba,A,STEP 65D-3,1,110,1.0,0.9322033898305084,107,101,0.9439252336448598,101,0,True,True,101,8,secondary_metrics_required,unresolved_exact_tie,108.0,118.0,0.0,108.0
5461,1,2,1LUM,1,A,cd5fe27e5a7933173bc14e925b3669e619d4b5152d9993d8afdc1e575a2eef05,A,STEP 65D-3,1,110,1.0,0.9322033898305084,107,101,0.9439252336448598,101,0,True,True,101,8,secondary_metrics_required,unresolved_exact_tie,108.0,118.0,0.0,108.0
5461,1,1,1LUN,1,A,4d5c987309622d37a35ea340d01c859d83670f95cf5c2bb82bce8afa37621900,A,STEP 65D-3,1,110,1.0,0.9322033898305084,107,101,0.9439252336448598,101,0,True,True,101,8,secondary_metrics_required,unresolved_exact_tie,108.0,118.0,0.0,108.0
5461,1,2,1LUN,1,A,de9a10de1acd8c805505fed539877cd7c8e9cbb0ae1971c6535095937c467c6a,A,STEP 65D-3,1,110,1.0,0.9322033898305084,107,101,0.9439252336448598,101,0,True,True,101,8,secondary_metrics_required,unresolved_exact_tie,108.0,118.0,0.0,108.0
5465,1,1,1M12,1,A,fad6d55c1d06199c8a25c8ec5f97a555b324af7955e917accf666019e6ada5bf,A,STEP 65D-3,1,84,1.0,1.0,80,80,1.0,80,0,True,True,80,2,secondary_metrics_required,unresolved_exact_tie,84.0,84.0,0.0,84.0
5465,1,1,1SN6,1,A,d1a3b9fcd1e88ae269db456e9135e21fb36e31d265cc2021518b762b789b1119,A,STEP 65D-3,1,84,1.0,1.0,80,80,1.0,80,0,True,True,80,2,secondary_metrics_required,unresolved_exact_tie,84.0,84.0,0.0,84.0
5472,1,1,1M8B,1,A,a0f40eedafed46d312e37f708150bc9038c87fc4091c3015ca0bba09591ba211,A,STEP 65D-3,1,56,1.0,1.0,53,53,1.0,53,0,True,True,53,2,secondary_metrics_required,unresolved_exact_tie,56.0,56.0,0.0,56.0
5472,1,1,1M8C,1,A,aae1d3ac3270ec6546f4c53c7b2a8c3a5740627b7efa54f1bd5f8c321ac78ab9,A,STEP 65D-3,1,56,1.0,1.0,53,53,1.0,53,0,True,True,53,2,secondary_metrics_required,unresolved_exact_tie,56.0,56.0,0.0,56.0
5473,1,1,1M8B,1,A,d0de375fa88ee6b8982c9076a58561931c91fce2cc094af594e54975ea68fa41,A,STEP 65D-3,1,56,1.0,1.0,53,53,1.0,53,0,True,True,53,2,secondary_metrics_required,unresolved_exact_tie,56.0,56.0,0.0,56.0
5473,1,1,1M8C,1,A,33f61a02498995e7ed9af34c1bf8af1b196981ee1e984e0ddf97368d6f0d1679,A,STEP 65D-3,1,56,1.0,1.0,53,53,1.0,53,0,True,True,53,2,secondary_metrics_required,unresolved_exact_tie,56.0,56.0,0.0,56.0
5511,1,1,1FOE,2,B,f13ab98aa7e93d7e8eee849a0b066fe28603d91b71e0582ce06c4141dff6609c,B,STEP 65D-3,1,177,1.0,0.9414893617021277,138,130,0.9420289855072463,130,0,True,True,130,4,secondary_metrics_required,unresolved_exact_tie,177.0,188.0,0.0,177.0
5511,1,1,1FOE,2,D,a58886ba658e1bc2d88c743ed0c122f7a1a0f5291eb58a0e3438dbd8f218c11e,D,STEP 65D-3,1,177,1.0,0.9414893617021277,138,130,0.9420289855072463,130,0,True,True,130,4,secondary_metrics_required,unresolved_exact_tie,177.0,188.0,0.0,177.0
5511,1,1,1FOE,2,F,28e7d455d75de4c483f244a6e9928f824024de1f5d6c863051f99796b002976e,F,STEP 65D-3,1,177,1.0,0.9414893617021277,138,130,0.9420289855072463,130,0,True,True,130,4,secondary_metrics_required,unresolved_exact_tie,177.0,188.0,0.0,177.0
5511,1,1,1FOE,2,H,f84572fb6438ca39d412459044985bf92984b421daf0d4b73e3538517e261065,H,STEP 65D-3,1,177,1.0,0.9414893617021277,138,130,0.9420289855072463,130,0,True,True,130,4,secondary_metrics_required,unresolved_exact_tie,177.0,188.0,0.0,177.0
5532,1,1,1M4P,1,A,9f727ae0b28f598ac53f2b3ef9fe10a1630f51d30cad75d938eb41ead6d22df4,A,STEP 65D-3,1,144,1.0,0.993103448275862,130,130,1.0,130,0,True,True,130,2,secondary_metrics_required,unresolved_exact_tie,144.0,145.0,0.0,144.0
5532,1,1,1M4Q,1,A,322a3c7047ac7cde75a03c29241cc29eb129c83cb76fe10c1c26696660cd81cc,A,STEP 65D-3,1,144,1.0,0.993103448275862,130,130,1.0,130,0,True,True,130,2,secondary_metrics_required,unresolved_exact_tie,144.0,145.0,0.0,144.0
5544,1,1,1B4C,1,A,62ea461b473c8e90210870aa6ab5af659547ead385f16e8ef69d4a0ca6735546,A,STEP 65D-3,1,92,1.0,1.0,87,87,1.0,87,0,True,True,87,8,secondary_metrics_required,unresolved_exact_tie,92.0,92.0,0.0,92.0
5544,1,1,1B4C,1,B,a7597f5f5d0565cf4dbd741fda7401f1c69b5f78c025c17638aaf7a709a0e69a,B,STEP 65D-3,1,92,1.0,1.0,87,87,1.0,87,0,True,True,87,8,secondary_metrics_required,unresolved_exact_tie,92.0,92.0,0.0,92.0
5544,1,1,1QLK,1,A,9fcdd4dc28da5edcc6e60fc20d2030c63e18c1049ce145841096782474890e91,A,STEP 65D-3,1,92,1.0,1.0,87,87,1.0,87,0,True,True,87,8,secondary_metrics_required,unresolved_exact_tie,92.0,92.0,0.0,92.0
5544,1,1,1QLK,1,B,e50a55649b211074ff77bc70317e8e65b87116943557881d942a7c9e87825efa,B,STEP 65D-3,1,92,1.0,1.0,87,87,1.0,87,0,True,True,87,8,secondary_metrics_required,unresolved_exact_tie,92.0,92.0,0.0,92.0
5557,1,2,1MM4,1,A,775ba36c60f5c3fc216f591551b6dbcb035659ea4e82b4f75af0cfea56be4401,A,STEP 65D-3,1,170,1.0,1.0,148,148,1.0,148,0,True,True,148,2,secondary_metrics_required,unresolved_exact_tie,170.0,170.0,0.0,170.0
5557,1,2,1MM5,1,A,35663a55b66a71aff624cb99f30dd9e6fb5c2d5a8b392ad8aa00e229a3e59f24,A,STEP 65D-3,1,170,1.0,1.0,148,148,1.0,148,0,True,True,148,2,secondary_metrics_required,unresolved_exact_tie,170.0,170.0,0.0,170.0
5567,1,1,1N3J,1,A,8b74da65910c85cf786a7b2193668a3a68d171521177b3d4513c304f924e819e,A,STEP 65D-3,1,119,1.0,1.0,110,110,1.0,110,0,True,True,110,2,secondary_metrics_required,unresolved_exact_tie,119.0,119.0,0.0,119.0
5567,1,1,1N3J,1,B,92a2535f9b31c6efd5fe3d8dcf778fa6e6737c70b6f0ac14976f74faaa233a56,B,STEP 65D-3,1,119,1.0,1.0,110,110,1.0,110,0,True,True,110,2,secondary_metrics_required,unresolved_exact_tie,119.0,119.0,0.0,119.0
5604,1,1,1MWY,1,A,8572d1634f54d6a767f5b0e258203f63115f507e99fe3efc535f45587030bd65,A,STEP 65D-3,1,73,1.0,1.0,71,71,1.0,71,0,True,True,71,2,secondary_metrics_required,unresolved_exact_tie,73.0,73.0,0.0,73.0
5604,1,1,1MWZ,1,A,27f25385cf440e31c1990ce2dc24b36358eef1e07bac4ffbf5667efc119806b3,A,STEP 65D-3,1,73,1.0,1.0,71,71,1.0,71,0,True,True,71,2,secondary_metrics_required,unresolved_exact_tie,73.0,73.0,0.0,73.0
5621,1,1,1NEI,1,A,758bd8601eeae56574b099dc74f7ff3b93ae8ea3ba5c8358b356e293df30d3f9,A,STEP 65D-3,1,60,1.0,1.0,58,58,1.0,58,0,True,True,58,2,secondary_metrics_required,unresolved_exact_tie,60.0,60.0,0.0,60.0
5621,1,1,1NEI,1,B,c99a2ec0234897b9e1742792677a402fe8ba542565416c989fde1268b2fa3102,B,STEP 65D-3,1,60,1.0,1.0,58,58,1.0,58,0,True,True,58,2,secondary_metrics_required,unresolved_exact_tie,60.0,60.0,0.0,60.0
5654,1,1,1MPE,1,A,1f8d30c30ed05d6fd24069ebedfb4142ddcf8253a8c49408bbfe69983b2f66b5,A,STEP 65D-3,1,56,1.0,1.0,55,55,1.0,55,0,True,True,55,4,secondary_metrics_required,unresolved_exact_tie,56.0,56.0,0.0,56.0
5654,1,1,1MPE,1,B,b4c831855888578f86158d4033fd66687017154041add1b6e67acbe340bb0ac6,B,STEP 65D-3,1,56,1.0,1.0,55,55,1.0,55,0,True,True,55,4,secondary_metrics_required,unresolved_exact_tie,56.0,56.0,0.0,56.0
5654,1,1,1MPE,1,C,e779f8d78f8789901e8d7a5bb360c14b460e25a5fd538a5119010f681ddf9e51,C,STEP 65D-3,1,56,1.0,1.0,55,55,1.0,55,0,True,True,55,4,secondary_metrics_required,unresolved_exact_tie,56.0,56.0,0.0,56.0
5654,1,1,1MPE,1,D,f096b9abc1403c5b6ea58119a28ef813d7c401ac2f957981a6d2f9828cfd79ae,D,STEP 65D-3,1,56,1.0,1.0,55,55,1.0,55,0,True,True,55,4,secondary_metrics_required,unresolved_exact_tie,56.0,56.0,0.0,56.0
5688,1,1,1N5H,1,A,9f0394cbc6c8c8e3ca03004af18eabab3f9ba6b51251ac0799bb4a5653157ed4,A,STEP 65D-3,1,105,1.0,1.0,93,93,1.0,93,0,True,True,93,8,secondary_metrics_required,unresolved_exact_tie,105.0,105.0,0.0,105.0
5688,1,2,1N5H,1,A,53d80a56527b51fc95902aceeead5d444b1b721c82b0667149ec06ad425ca841,A,STEP 65D-3,1,105,1.0,1.0,93,93,1.0,93,0,True,True,93,8,secondary_metrics_required,unresolved_exact_tie,105.0,105.0,0.0,105.0
5688,1,3,1N5H,1,A,657171c4469407fa5fe7d3bb5b610b5d540297e72fbec2d285bb8b980ac5ee4b,A,STEP 65D-3,1,105,1.0,1.0,93,93,1.0,93,0,True,True,93,8,secondary_metrics_required,unresolved_exact_tie,105.0,105.0,0.0,105.0
5688,1,4,1N5H,1,A,d1eaf473f21be2e89898d9e8ff4093580ea1b5213a8324c1458c244b4f36ed4c,A,STEP 65D-3,1,105,1.0,1.0,93,93,1.0,93,0,True,True,93,8,secondary_metrics_required,unresolved_exact_tie,105.0,105.0,0.0,105.0
5688,1,1,1N5P,1,A,668d063e5be8166333f9b69697903de88c34c8344be0b88d1db6e33fb3842a9e,A,STEP 65D-3,1,105,1.0,1.0,93,93,1.0,93,0,True,True,93,8,secondary_metrics_required,unresolved_exact_tie,105.0,105.0,0.0,105.0
5688,1,2,1N5P,1,A,c264c341b934586d8245135bd626b1258361d92cc0f115a5a4b53cb3cc2e6a57,A,STEP 65D-3,1,105,1.0,1.0,93,93,1.0,93,0,True,True,93,8,secondary_metrics_required,unresolved_exact_tie,105.0,105.0,0.0,105.0
5688,1,3,1N5P,1,A,58f7a8bdc8f5adf5a6c253245bf66e7bf095f621bb1215600d9fdb3f41f03fad,A,STEP 65D-3,1,105,1.0,1.0,93,93,1.0,93,0,True,True,93,8,secondary_metrics_required,unresolved_exact_tie,105.0,105.0,0.0,105.0
5688,1,4,1N5P,1,A,040398655365e21ed4810cf3b6505cf4f5f18c793ba561d729bbbff6fafd529f,A,STEP 65D-3,1,105,1.0,1.0,93,93,1.0,93,0,True,True,93,8,secondary_metrics_required,unresolved_exact_tie,105.0,105.0,0.0,105.0
5689,1,1,1QWV,1,A,9ea14f9f677bb0fe2b9c810562bca07014fc44eb14e175bad6c3c66ee672441f,A,STEP 65D-3,1,142,1.0,1.0,133,133,1.0,133,0,True,True,133,2,secondary_metrics_required,unresolved_exact_tie,142.0,142.0,0.0,142.0
5689,1,1,1TWO,1,A,8be88798612906fe7c885f6a1ebed51dc08cf6805d4e32e1c9f5d1ee8427f72c,A,STEP 65D-3,1,142,1.0,1.0,133,133,1.0,133,0,True,True,133,2,secondary_metrics_required,unresolved_exact_tie,142.0,142.0,0.0,142.0
5720,1,1,1AKE,1,A,a03c3b34ce52fe8a9e71475cc0663284f9281d1124d6e3e6f848fc93445dc4a8,A,STEP 65D-3,1,214,1.0,1.0,191,191,1.0,191,0,True,True,191,2,secondary_metrics_required,unresolved_exact_tie,214.0,214.0,0.0,214.0
5720,1,1,1AKE,1,B,0371589b3344c8a670079a1e4cca3d0484415ff0fe49f56a28b105e2efb37ef5,B,STEP 65D-3,1,214,1.0,1.0,191,191,1.0,191,0,True,True,191,2,secondary_metrics_required,unresolved_exact_tie,214.0,214.0,0.0,214.0
5746,1,1,1AKE,1,A,37f9d296909b981fc9e4e7d9420a97ede35f2389a1b9650e4b8a0466f8af6254,A,STEP 65D-3,1,214,1.0,1.0,202,202,1.0,202,0,True,True,202,2,secondary_metrics_required,unresolved_exact_tie,214.0,214.0,0.0,214.0
5746,1,1,1AKE,1,B,4b277eeac33f26ec79cc6282183e16c7344b938954780d8e972326e9f6264259,B,STEP 65D-3,1,214,1.0,1.0,202,202,1.0,202,0,True,True,202,2,secondary_metrics_required,unresolved_exact_tie,214.0,214.0,0.0,214.0
5753,1,1,1NG7,1,A,e3b7b484bc5b09207deb0494346e20585f9453b7a7f726417eb9c8cd5a11d509,A,STEP 65D-3,1,60,1.0,1.0,54,54,1.0,54,0,True,True,54,2,secondary_metrics_required,unresolved_exact_tie,60.0,60.0,0.0,60.0
5753,1,1,1NG7,1,B,f04cbc51990d51f8c89207d5e0a59e0f50ef9b5bb37b1cab40ea7d156c90a588,B,STEP 65D-3,1,60,1.0,1.0,54,54,1.0,54,0,True,True,54,2,secondary_metrics_required,unresolved_exact_tie,60.0,60.0,0.0,60.0
5769,1,1,1OPZ,1,A,b9b6eef483ed78c28d570459e38082ad084fc4dec286d736f4f236367bb40409,A,STEP 65D-3,1,76,1.0,1.0,71,71,1.0,71,0,True,True,71,2,secondary_metrics_required,unresolved_exact_tie,76.0,76.0,0.0,76.0
5769,1,1,1OQ3,1,A,c9c7b83648cb9d2057dcbefd0a8d2d47fdde85f3e26f32f3867689e9020634eb,A,STEP 65D-3,1,76,1.0,1.0,71,71,1.0,71,0,True,True,71,2,secondary_metrics_required,unresolved_exact_tie,76.0,76.0,0.0,76.0
5771,1,1,1E9T,1,A,7343977d61ab044f9bc7933a6e0bb5749e426b194c11588d62c1f609e4e3c4a5,A,STEP 65D-3,1,59,1.0,1.0,50,50,1.0,50,0,True,True,50,3,secondary_metrics_required,unresolved_exact_tie,59.0,59.0,0.0,59.0
5771,1,1,1PE3,1,1,0cfd514185359597a29b8e3c982ee58a08b510b77b005d0652036960f92e8cee,A,STEP 65D-3,1,59,1.0,1.0,50,50,1.0,50,0,True,True,50,3,secondary_metrics_required,unresolved_exact_tie,59.0,59.0,0.0,59.0
5771,1,1,1PE3,1,2,99bda6a219f6b02433746d0ac97fb63a266c32173bba57f6ee0be7f0a0b6c76e,B,STEP 65D-3,1,59,1.0,1.0,50,50,1.0,50,0,True,True,50,3,secondary_metrics_required,unresolved_exact_tie,59.0,59.0,0.0,59.0
5791,1,1,1OSL,2,A,ddd87f7b54d8037572d7d921844787d8f1481a3112d6e37bfa58a07566d3fb80,C,STEP 65D-3,1,62,1.0,1.0,57,57,1.0,57,0,True,True,57,2,secondary_metrics_required,unresolved_exact_tie,62.0,62.0,0.0,62.0
5791,1,1,1OSL,2,B,f4640714bdd0fd3279c379778bec2bc2db4751129df4ff794b10d6a6fa5bd926,D,STEP 65D-3,1,62,1.0,1.0,57,57,1.0,57,0,True,True,57,2,secondary_metrics_required,unresolved_exact_tie,62.0,62.0,0.0,62.0
5824,1,1,1Q6A,1,A,55ba1a4770bed28ccd944cd14b9831738526cd00b78be798b92a8883c9b033a6,A,STEP 65D-3,1,107,1.0,1.0,95,95,1.0,95,0,True,True,95,4,secondary_metrics_required,unresolved_exact_tie,107.0,107.0,0.0,107.0
5824,1,1,1Q6A,1,B,0f23a8f10acc11b25cd63a22e28b262e6b92cef6f30f461db8127bfca6a653dc,B,STEP 65D-3,1,107,1.0,1.0,95,95,1.0,95,0,True,True,95,4,secondary_metrics_required,unresolved_exact_tie,107.0,107.0,0.0,107.0
5824,1,1,1Q6B,1,A,b45759af718c4bca15eeb0044d5100208cd09cba015c75d045cd96c5584204cb,A,STEP 65D-3,1,107,1.0,1.0,95,95,1.0,95,0,True,True,95,4,secondary_metrics_required,unresolved_exact_tie,107.0,107.0,0.0,107.0
5824,1,1,1Q6B,1,B,ca2e9a9e04572f038baba4bd067e59e109eab69fbbaa9527a4d3c06eec34994c,B,STEP 65D-3,1,107,1.0,1.0,95,95,1.0,95,0,True,True,95,4,secondary_metrics_required,unresolved_exact_tie,107.0,107.0,0.0,107.0
5842,1,1,1Q48,1,A,10cc67dfd2703ad48a21b37be6a85b3a9f014e46b36decffaad83a4bd8179f50,A,STEP 65D-3,1,134,1.0,1.0,105,105,1.0,105,0,True,True,105,2,secondary_metrics_required,unresolved_exact_tie,134.0,134.0,0.0,134.0
5842,1,1,1R9P,1,A,ff1e6dab84b51c831e541d581f9b963a47d49221d43cacfe19e6658a49768379,A,STEP 65D-3,1,134,1.0,1.0,105,105,1.0,105,0,True,True,105,2,secondary_metrics_required,unresolved_exact_tie,134.0,134.0,0.0,134.0
5843,1,1,1Q53,1,A,96d0a5874596376cc6696b6611cc96eab48e0c6037aa032a5e2242f82507611d,A,STEP 65D-3,1,112,1.0,1.0,105,105,1.0,105,0,True,True,105,2,secondary_metrics_required,unresolved_exact_tie,112.0,112.0,0.0,112.0
5843,1,1,1Q53,1,B,c3a6f8eab3f58e2589c9582e40fa2711258aa55743adb79ddc1dc35933133087,B,STEP 65D-3,1,112,1.0,1.0,105,105,1.0,105,0,True,True,105,2,secondary_metrics_required,unresolved_exact_tie,112.0,112.0,0.0,112.0
5844,1,1,2M6Q,1,A,f7ae6a5795080ad07b0e9b971a71dbf0061b4ae9387d0c09f82ca2a94a13d044,A,STEP 65D-3,1,91,1.0,1.0,82,82,1.0,82,0,True,True,82,2,secondary_metrics_required,unresolved_exact_tie,91.0,91.0,0.0,91.0
5844,1,1,2M8W,1,A,d532ca25572ac8af0ea32c53d483534a5307c38dda68e5bc705cd932e17cb6e2,A,STEP 65D-3,1,91,1.0,1.0,82,82,1.0,82,0,True,True,82,2,secondary_metrics_required,unresolved_exact_tie,91.0,91.0,0.0,91.0
5845,1,1,1R57,1,A,a2d8f062507407f9b897db016d29a38feda759b6e49860fcb05d0fc93a39bf31,A,STEP 65D-3,1,102,1.0,1.0,96,96,1.0,96,0,True,True,96,2,secondary_metrics_required,unresolved_exact_tie,102.0,102.0,0.0,102.0
5845,1,1,2H5M,1,A,f7905c55c28e7108c8098e13fd2a95a82e0d1512ced0a092afebcda358c886f7,A,STEP 65D-3,1,102,1.0,1.0,96,96,1.0,96,0,True,True,96,2,secondary_metrics_required,unresolved_exact_tie,102.0,102.0,0.0,102.0
5873,1,1,1P6R,1,A,8971b44c20930d5521621bde1013cceb79e7920b32220650da2ab8acb9292e8d,A,STEP 65D-3,1,82,1.0,1.0,74,74,1.0,74,0,True,True,74,2,secondary_metrics_required,unresolved_exact_tie,82.0,82.0,0.0,82.0
5873,1,1,2P7C,3,B,711a3a019445ce174068e7f6adbfc2537e9809da1728b9f30997ce3a43319fe0,C,STEP 65D-3,1,82,1.0,1.0,74,74,1.0,74,0,True,True,74,2,secondary_metrics_required,unresolved_exact_tie,82.0,82.0,0.0,82.0
5882,1,1,2KA3,1,A,866935648352722b943188f18d86023e304820a7a3fb704b58f4ce3f0ad34bdf,A,STEP 65D-3,1,131,1.0,0.808641975308642,132,118,0.8939393939393939,118,0,True,True,118,6,secondary_metrics_required,unresolved_exact_tie,130.0,162.0,0.0,130.0
5882,1,1,2KA3,1,B,77280d07bd4024b721bffb2bd87e1ee31c6bffddffc7551355c0df9aae881830,B,STEP 65D-3,1,131,1.0,0.808641975308642,132,118,0.8939393939393939,118,0,True,True,118,6,secondary_metrics_required,unresolved_exact_tie,130.0,162.0,0.0,130.0
5882,1,1,2KA3,1,C,b08c4d8f2e665bb2d8721005917b49910cab168faae532445cd9ac63d8826c53,C,STEP 65D-3,1,131,1.0,0.808641975308642,132,118,0.8939393939393939,118,0,True,True,118,6,secondary_metrics_required,unresolved_exact_tie,130.0,162.0,0.0,130.0
5891,1,1,1XSX,1,A,a49e72f09c6fef80e382350532ba61d2d4e2ed2eceb58b3cb3e855f70e41db21,A,STEP 65D-3,1,95,1.0,1.0,93,93,1.0,93,0,True,True,93,2,secondary_metrics_required,unresolved_exact_tie,95.0,95.0,0.0,95.0
5891,1,1,1XSX,1,B,0308d853ec1dc4bbd794236a175135ac3d89b936a371237b70bd3fc4f3f44249,B,STEP 65D-3,1,95,1.0,1.0,93,93,1.0,93,0,True,True,93,2,secondary_metrics_required,unresolved_exact_tie,95.0,95.0,0.0,95.0
5892,1,1,2A2Y,1,A,0f1f76a591c351debdc3844333ba21c10a586eae24f19170c917aa39ee045a6a,A,STEP 65D-3,1,89,1.0,1.0,87,87,1.0,87,0,True,True,87,2,secondary_metrics_required,unresolved_exact_tie,89.0,89.0,0.0,89.0
5892,1,1,2A2Y,1,B,97489f71154b95c880f2f73c466b80c9fa6054a5e146b59921305a104c055f7e,B,STEP 65D-3,1,89,1.0,1.0,87,87,1.0,87,0,True,True,87,2,secondary_metrics_required,unresolved_exact_tie,89.0,89.0,0.0,89.0
5905,1,1,1AZP,2,A,5d655182c185e0f3a4886e3fef48186ffdf7bbce51fa4610aa694201c9c28773,C,STEP 65D-3,1,66,1.0,1.0,64,64,1.0,64,0,True,True,64,5,secondary_metrics_required,unresolved_exact_tie,66.0,66.0,0.0,66.0
5905,1,1,1AZQ,2,A,f03c8af15cfecf992ce306a75444723657fd02e20a004f0e6c21de90e7c6b177,C,STEP 65D-3,1,66,1.0,1.0,64,64,1.0,64,0,True,True,64,5,secondary_metrics_required,unresolved_exact_tie,66.0,66.0,0.0,66.0
5905,1,1,1CA6,2,A,3b67a7b8bda9f9529456e1a8e2d9db42a46aae93a3c54b201d2fd1feee9ccd77,C,STEP 65D-3,1,66,1.0,1.0,64,64,1.0,64,0,True,True,64,5,secondary_metrics_required,unresolved_exact_tie,66.0,66.0,0.0,66.0
5905,1,1,1SAP,1,A,3f770718e81a0b0ab951b6e606c0c1af8b45497f3ddd041cc85b575e2bdf083c,A,STEP 65D-3,1,66,1.0,1.0,64,64,1.0,64,0,True,True,64,5,secondary_metrics_required,unresolved_exact_tie,66.0,66.0,0.0,66.0
5908,1,1,1AZP,2,A,bf2433e236e7adacc509fc46432a67ac7ef2738dd8afcc19a6b5136ba2f68f38,C,STEP 65D-3,1,66,0.9848484848484849,1.0,64,63,0.984375,63,0,True,True,63,5,secondary_metrics_required,unresolved_exact_tie,65.0,66.0,0.0,65.0
5908,1,1,1AZQ,2,A,5110788bb1775cf4a73bd5ed904b2675e32da0e759dc4384d9559ea0e7f59f78,C,STEP 65D-3,1,66,0.9848484848484849,1.0,64,63,0.984375,63,0,True,True,63,5,secondary_metrics_required,unresolved_exact_tie,65.0,66.0,0.0,65.0
5908,1,1,1CA6,2,A,6758d51a631390caade6c5f1b2b495f555b269440231cdba23ba5ee1047bf90f,C,STEP 65D-3,1,66,0.9848484848484849,1.0,64,63,0.984375,63,0,True,True,63,5,secondary_metrics_required,unresolved_exact_tie,65.0,66.0,0.0,65.0
5908,1,1,1SAP,1,A,4437125f0ee1e098a9d8f5cd5fcee4ab14504b4d6898ae9a4300e79912a36964,A,STEP 65D-3,1,66,0.9848484848484849,1.0,64,63,0.984375,63,0,True,True,63,5,secondary_metrics_required,unresolved_exact_tie,65.0,66.0,0.0,65.0
5909,1,1,1BBX,2,C,1dfdf098bbcccab95941866ecee36c11e3bd83efa3ce68fef0f9f2c687e39000,C,STEP 65D-3,1,63,1.0,0.984375,61,61,1.0,61,0,True,True,61,2,secondary_metrics_required,unresolved_exact_tie,63.0,64.0,0.0,63.0
5909,1,1,1BBX,2,D,673be5112ce4db3635e526ea44d243a05aa29698fa3e992579f922506f39222d,D,STEP 65D-3,1,63,1.0,0.984375,61,61,1.0,61,0,True,True,61,2,secondary_metrics_required,unresolved_exact_tie,63.0,64.0,0.0,63.0
5910,1,1,1BBX,2,C,868180501940cdf04781a5b0943fa7b822808d733f8d4f2ca9e8fd5d73508652,C,STEP 65D-3,1,63,0.9841269841269841,0.984375,61,60,0.9836065573770492,60,0,True,True,60,2,secondary_metrics_required,unresolved_exact_tie,62.0,64.0,0.0,62.0
5910,1,1,1BBX,2,D,ae6cc9d379ec54c7687f6621fc7856cc8d2c1572c035a3170afd346fc8b7431c,D,STEP 65D-3,1,63,0.9841269841269841,0.984375,61,60,0.9836065573770492,60,0,True,True,60,2,secondary_metrics_required,unresolved_exact_tie,62.0,64.0,0.0,62.0
5928,1,1,1VDY,1,A,4e781931a8d73ffc7bdf26f273448824c74de62f41613f82be2ada236bb30769,A,STEP 65D-3,1,140,1.0,1.0,121,121,1.0,121,0,True,True,121,2,secondary_metrics_required,unresolved_exact_tie,140.0,140.0,0.0,140.0
5928,1,1,2DCP,1,A,a77a126839d252489632b2a19296c77067a7816cbf15ac86473711322ce36b1c,A,STEP 65D-3,1,140,1.0,1.0,121,121,1.0,121,0,True,True,121,2,secondary_metrics_required,unresolved_exact_tie,140.0,140.0,0.0,140.0
5929,1,1,1VEE,1,A,3c6cdc5288c546383bd469fbba4bbd4a0770c39d754035897513e4ec9f203e11,A,STEP 65D-3,1,134,1.0,1.0,126,126,1.0,126,0,True,True,126,2,secondary_metrics_required,unresolved_exact_tie,134.0,134.0,0.0,134.0
5929,1,1,2DCQ,1,A,51b06e754b52cafb432534d54e8cf1873c1b19e560510198963642c74a8fe5af,A,STEP 65D-3,1,134,1.0,1.0,126,126,1.0,126,0,True,True,126,2,secondary_metrics_required,unresolved_exact_tie,134.0,134.0,0.0,134.0
5933,1,1,1X9X,1,A,85f03246f190d9066c0a75ece6432dde825ad6219f00fb5b7ad012ed8954beab,A,STEP 65D-3,1,62,1.0,0.9117647058823529,65,60,0.9230769230769231,60,0,True,True,60,2,secondary_metrics_required,unresolved_exact_tie,62.0,68.0,0.0,62.0
5933,1,1,1X9X,1,B,ab76223c7536a6640a4b57ba5fb258b83a839b49e0015cbf3aa3adb7177c4fc2,B,STEP 65D-3,1,62,1.0,0.9117647058823529,65,60,0.9230769230769231,60,0,True,True,60,2,secondary_metrics_required,unresolved_exact_tie,62.0,68.0,0.0,62.0
5935,1,1,1TIP,1,A,1b9bffe6e9309103a8c5673f631dfd02a63ecc276c11b5fe74ef1a238db1b17d,A,STEP 65D-3,1,191,1.0,0.8642533936651584,163,135,0.8282208588957055,135,0,True,True,135,2,secondary_metrics_required,unresolved_exact_tie,190.0,221.0,0.0,190.0
5935,1,1,1TIP,1,B,29232672bf8548154d6df90252599952a607a06692235b55966887c8e2a02742,B,STEP 65D-3,1,191,1.0,0.8642533936651584,163,135,0.8282208588957055,135,0,True,True,135,2,secondary_metrics_required,unresolved_exact_tie,190.0,221.0,0.0,190.0
5956,1,1,1R05,1,A,0810d069570adb24deec83019a90f966b40adc8dca970b9406ac7dfc6b6ce637,A,STEP 65D-3,1,87,1.0,1.0,69,69,1.0,69,0,True,True,69,2,secondary_metrics_required,unresolved_exact_tie,87.0,87.0,0.0,87.0
5956,1,1,1R05,1,B,e108ea22043c11e65861c707dc52f275e743bc96fb920ff4b770988409a4d2f4,B,STEP 65D-3,1,87,1.0,1.0,69,69,1.0,69,0,True,True,69,2,secondary_metrics_required,unresolved_exact_tie,87.0,87.0,0.0,87.0
5961,1,1,2FYJ,1,A,933b3a6884c85b2dd52d5aa999038ec3af2a0ccb12555d1399f89310f32e7542,A,STEP 65D-3,1,82,1.0,1.0,68,68,1.0,68,0,True,True,68,2,secondary_metrics_required,unresolved_exact_tie,82.0,82.0,0.0,82.0
5961,1,1,2FYL,2,B,e4bfecbd2911d4749627c48d5a70636bc7020d8a247c34131016ac1124256c4d,B,STEP 65D-3,1,82,1.0,1.0,68,68,1.0,68,0,True,True,68,2,secondary_metrics_required,unresolved_exact_tie,82.0,82.0,0.0,82.0
5975,1,1,1R2U,1,A,b5f00bb1148841831e32d569b6735e9b09734070aea653e85e6cdec855a3873a,A,STEP 65D-3,1,89,1.0,1.0,85,85,1.0,85,0,True,True,85,4,secondary_metrics_required,unresolved_exact_tie,89.0,89.0,0.0,89.0
5975,1,2,1R2U,1,A,9dc25177df81808b2691349c68c0d0b08b59544091e7840dcaada6e03d2c6c93,A,STEP 65D-3,1,89,1.0,1.0,85,85,1.0,85,0,True,True,85,4,secondary_metrics_required,unresolved_exact_tie,89.0,89.0,0.0,89.0
5975,1,1,1R6P,1,A,c933bf53d374cf05bbd0b0087772162c551b7a80f44230ddbbafd04c1fbd66c0,A,STEP 65D-3,1,89,1.0,1.0,85,85,1.0,85,0,True,True,85,4,secondary_metrics_required,unresolved_exact_tie,89.0,89.0,0.0,89.0
5975,1,2,1R6P,1,A,fb230c1f2980c105bd3c77a973b454baa6548183934eb4b0c34b05ca947306f6,A,STEP 65D-3,1,89,1.0,1.0,85,85,1.0,85,0,True,True,85,4,secondary_metrics_required,unresolved_exact_tie,89.0,89.0,0.0,89.0
6011,1,1,1RJJ,1,A,516bbfdcaeeecf353b53a1b88193b7afeee09b1f8c30dc6136882abed4e3e160,A,STEP 65D-3,1,111,1.0,1.0,107,107,1.0,107,0,True,True,107,2,secondary_metrics_required,unresolved_exact_tie,110.0,111.0,1.0,111.0
6011,1,1,1RJJ,1,B,ddb3a1042d9172410e18ac84ffa3c2c143b376928953c4c2a5adefade648f52a,B,STEP 65D-3,1,111,1.0,1.0,107,107,1.0,107,0,True,True,107,2,secondary_metrics_required,unresolved_exact_tie,110.0,111.0,1.0,111.0
6029,1,1,1SVJ,1,A,29699f745d122afd8591b31a5950df05ef39eee479a9779165d6a74d19adc5dc,A,STEP 65D-3,1,136,1.0,0.8717948717948718,130,130,1.0,130,0,True,True,130,3,secondary_metrics_required,unresolved_exact_tie,136.0,156.0,0.0,136.0
6029,1,1,1U7Q,1,A,ca3332f4a1009177c28ff940178d8517e48eb7d2cc3eae4e8c7cccf022a4dc79,A,STEP 65D-3,1,136,1.0,0.8717948717948718,130,130,1.0,130,0,True,True,130,3,secondary_metrics_required,unresolved_exact_tie,136.0,156.0,0.0,136.0
6029,1,1,2A29,1,A,60aeab0ccafedbf0a801603f438c6e8098321ed8303884f4f41df2315edb77c3,A,STEP 65D-3,1,136,1.0,0.8717948717948718,130,130,1.0,130,0,True,True,130,3,secondary_metrics_required,unresolved_exact_tie,136.0,156.0,0.0,136.0
6075,1,1,1Z2D,1,A,14f865777d7b6950f3bb47225ef7654f7a8879a28af576c5de3bc67319eda552,A,STEP 65D-3,1,139,1.0,1.0,130,130,1.0,130,0,True,True,130,2,secondary_metrics_required,unresolved_exact_tie,139.0,139.0,0.0,139.0
6075,1,1,1Z2E,1,A,e472d4e73ad04b742f52fac71a6be656f994fbeb5d22c31ed0ac4a7b9b2f6e78,A,STEP 65D-3,1,139,1.0,1.0,130,130,1.0,130,0,True,True,130,2,secondary_metrics_required,unresolved_exact_tie,139.0,139.0,0.0,139.0
6111,1,1,1Z2F,1,A,c9b51df07a2e7ec2228b109a690c5154f2fe2fd0a82daf979ca21d47e6f3de85,A,STEP 65D-3,1,121,1.0,1.0,115,115,1.0,115,0,True,True,115,2,secondary_metrics_required,unresolved_exact_tie,121.0,121.0,0.0,121.0
6111,1,2,1Z2F,1,A,29b9950d587940c1ca3540db62503a71995951a41e80cb17ebfda9a0e94cb700,A,STEP 65D-3,1,121,1.0,1.0,115,115,1.0,115,0,True,True,115,2,secondary_metrics_required,unresolved_exact_tie,121.0,121.0,0.0,121.0
6190,1,1,1SO9,1,A,a1065b34e67047cc6ad30b211a208d3b8b3692925121bec460b222c70d6e33f3,A,STEP 65D-3,1,131,1.0,0.7987804878048781,122,110,0.9016393442622951,110,0,True,True,110,2,secondary_metrics_required,unresolved_exact_tie,131.0,164.0,0.0,131.0
6190,1,1,1SP0,1,A,db7fad6a1157e7cff2a681c82c95e1b94519c500987f0e24f05ef6c6f5b72517,A,STEP 65D-3,1,131,1.0,0.7987804878048781,122,110,0.9016393442622951,110,0,True,True,110,2,secondary_metrics_required,unresolved_exact_tie,131.0,164.0,0.0,131.0
6201,1,1,1T6W,1,A,9474c65cdf122995c199ab9af4a6c0e4f07f8e05a1b5088371f054f1edbcb84c,A,STEP 65D-3,1,99,1.0,1.0,91,91,1.0,91,0,True,True,91,2,secondary_metrics_required,unresolved_exact_tie,99.0,99.0,0.0,99.0
6201,1,2,1T6W,1,A,8aac001378e31198d48d5537bae13fdd2a95704695aa974fed0d32026d842e46,A,STEP 65D-3,1,99,1.0,1.0,91,91,1.0,91,0,True,True,91,2,secondary_metrics_required,unresolved_exact_tie,99.0,99.0,0.0,99.0
6233,1,1,1YX4,1,A,3c947a7af3eb839a653b1c4d3ff9e66ec58c7ce09b0812d4e65c1c365e6709e4,A,STEP 65D-3,1,112,1.0,1.0,108,108,1.0,108,0,True,True,108,3,secondary_metrics_required,unresolved_exact_tie,111.0,111.0,0.0,111.0
6233,1,1,1YX5,1,A,792000f43ce610c5bc889cb909e7f807b795e84ca0e3b9bad801f9d4d6093451,A,STEP 65D-3,1,112,1.0,1.0,108,108,1.0,108,0,True,True,108,3,secondary_metrics_required,unresolved_exact_tie,111.0,111.0,0.0,111.0
6233,1,1,1YX6,1,A,523a82dbe065631a7fa2262c141850ed34773933b6cb4b03733be895df5d7821,A,STEP 65D-3,1,112,1.0,1.0,108,108,1.0,108,0,True,True,108,3,secondary_metrics_required,unresolved_exact_tie,111.0,111.0,0.0,111.0
6298,1,1,1TEY,1,A,d0c44ea40ef6b8a1c67c22b61451c910dcd599dd2598d44d2d360d00632e03d8,A,STEP 65D-3,1,156,1.0,1.0,143,143,1.0,143,0,True,True,143,2,secondary_metrics_required,unresolved_exact_tie,156.0,156.0,0.0,156.0
6298,1,1,2IIJ,1,A,a7fa5d3759c6cf4e97c4302cc2f332d441d06695daa760aabdb453c84d0be5f0,A,STEP 65D-3,1,156,1.0,1.0,143,143,1.0,143,0,True,True,143,2,secondary_metrics_required,unresolved_exact_tie,156.0,156.0,0.0,156.0
6317,1,1,2GZU,1,A,417142c7b59e7908c6a35e96698f085b9f026a579523793a40d8491c55a191ac,A,STEP 65D-3,1,66,1.0,1.0,62,62,1.0,62,0,True,True,62,2,secondary_metrics_required,unresolved_exact_tie,66.0,66.0,0.0,66.0
6317,1,1,2GZU,1,B,4bde9c735f2dbcd5b9dda086bac1838bbcf8924f5d1a8b265928be8d42b116fa,B,STEP 65D-3,1,66,1.0,1.0,62,62,1.0,62,0,True,True,62,2,secondary_metrics_required,unresolved_exact_tie,66.0,66.0,0.0,66.0
6324,1,1,1X9A,1,A,8f57ffd298b6cd493b5f659b919eafd946c2d8701041fcc5679e3e049bfd2903,A,STEP 65D-3,1,87,1.0,0.8130841121495327,84,84,1.0,84,0,True,True,84,2,secondary_metrics_required,unresolved_exact_tie,87.0,107.0,0.0,87.0
6324,1,1,1X9A,1,B,c8b1c608727f49c6f2f1e2f3b61112424a7d778e6f8097dcf32cafc66cf8044e,B,STEP 65D-3,1,87,1.0,0.8130841121495327,84,84,1.0,84,0,True,True,84,2,secondary_metrics_required,unresolved_exact_tie,87.0,107.0,0.0,87.0
6331,1,1,1WQU,1,A,e5935d677cd636510f60c57b2a9c96e8ea60e35ad3a1a8d6c4e46721a0c8c4b8,A,STEP 65D-3,1,114,1.0,1.0,98,98,1.0,98,0,True,True,98,2,secondary_metrics_required,unresolved_exact_tie,114.0,114.0,0.0,114.0
6331,1,1,2DCR,1,A,54fb6b7e525b76112da0900aedc5ba5a3894ebe74ccfa68105b541cbb13debf1,A,STEP 65D-3,1,114,1.0,1.0,98,98,1.0,98,0,True,True,98,2,secondary_metrics_required,unresolved_exact_tie,114.0,114.0,0.0,114.0
6342,1,1,1XOX,1,A,e4f2c666653d654e44413dc6d7133308712422c674471abcf91e082f8ebdfa5a,A,STEP 65D-3,1,117,1.0,1.0,96,96,1.0,96,0,True,True,96,2,secondary_metrics_required,unresolved_exact_tie,117.0,117.0,0.0,117.0
6342,1,1,1XOX,1,B,8c85ad2bc310b9d23263984230c2fcb1499561f85ffa88c9fb4d07f6412fa021,B,STEP 65D-3,1,117,1.0,1.0,96,96,1.0,96,0,True,True,96,2,secondary_metrics_required,unresolved_exact_tie,117.0,117.0,0.0,117.0
6362,1,1,1XJS,1,A,7b73076a4350235758d62964de188cbefae5eb6e4b4d1f5d119a47c9c5f904a6,A,STEP 65D-3,1,147,1.0,1.0,136,136,1.0,136,0,True,True,136,2,secondary_metrics_required,unresolved_exact_tie,147.0,147.0,0.0,147.0
6362,1,1,2AZH,1,A,e75bdb18438f6867238b099ab53134071c64e59e3a23bdcb0cd5179173ff32cb,A,STEP 65D-3,1,147,1.0,1.0,136,136,1.0,136,0,True,True,136,2,secondary_metrics_required,unresolved_exact_tie,147.0,147.0,0.0,147.0
6395,1,1,1YR1,1,A,401628d4759c37474c51666673151cd9e700335f0531620aaa92caabd495c7eb,A,STEP 65D-3,1,119,1.0,1.0,110,110,1.0,110,0,True,True,110,4,secondary_metrics_required,unresolved_exact_tie,119.0,119.0,0.0,119.0
6395,1,2,1YR1,1,A,8b2411584f79e6ceac7d4563bd72b321d430bc55ddb1b936483320adf9abbb09,A,STEP 65D-3,1,119,1.0,1.0,110,110,1.0,110,0,True,True,110,4,secondary_metrics_required,unresolved_exact_tie,119.0,119.0,0.0,119.0
6395,1,1,2ALJ,1,A,bca2ee2148bf5b17ab1a9f81dd186b1f5fdaf95887b6509dc8c7ee0faa333d59,A,STEP 65D-3,1,119,1.0,1.0,110,110,1.0,110,0,True,True,110,4,secondary_metrics_required,unresolved_exact_tie,119.0,119.0,0.0,119.0
6395,1,2,2ALJ,1,A,6b1647067ff7c08339aceb8a3d6853a5cbfa1c07e92a680d0680d2da12d1ffbd,A,STEP 65D-3,1,119,1.0,1.0,110,110,1.0,110,0,True,True,110,4,secondary_metrics_required,unresolved_exact_tie,119.0,119.0,0.0,119.0
6396,1,1,1Y4O,1,A,932acb68916c18b93ff1c4e951931817de3b4c13ab2763c625ad1813684bca46,A,STEP 65D-3,1,104,1.0,1.0,93,93,1.0,92,1,True,True,93,2,secondary_metrics_required,unresolved_exact_tie,103.0,104.0,1.0,104.0
6396,1,1,1Y4O,1,B,53da8d27c1687441b49356fe757b67218691f350afc904d547320a64f2c7f73c,B,STEP 65D-3,1,104,1.0,1.0,93,93,1.0,92,1,True,True,93,2,secondary_metrics_required,unresolved_exact_tie,103.0,104.0,1.0,104.0
6410,1,1,1Z7P,1,A,c6aa81af552371734479e063a90b342403fe98da32d4971bbb1aad5f46d87339,A,STEP 65D-3,1,117,1.0,1.0,110,110,1.0,110,0,True,True,110,2,secondary_metrics_required,unresolved_exact_tie,117.0,117.0,0.0,117.0
6410,1,1,1Z7R,1,A,63fbd562f0c1ad1ea2bd35dd75bb2647e7e8daed453567d3c66828b6df4ebb0e,A,STEP 65D-3,1,117,1.0,1.0,110,110,1.0,110,0,True,True,110,2,secondary_metrics_required,unresolved_exact_tie,117.0,117.0,0.0,117.0
6444,1,1,1YCM,1,A,e9ca4cc58c63c94c93f062f03ab1d8b5d3ae4a3deaf931f6b579ed546e8d1b43,A,STEP 65D-3,1,159,1.0,1.0,145,145,1.0,145,0,True,True,145,2,secondary_metrics_required,unresolved_exact_tie,159.0,159.0,0.0,159.0
6444,1,1,1Z3J,1,A,e5236a41c67a2e3902b0cad3276e500fa7d2d849fc517297234cc1144fe0393e,A,STEP 65D-3,1,159,1.0,1.0,145,145,1.0,145,0,True,True,145,2,secondary_metrics_required,unresolved_exact_tie,159.0,159.0,0.0,159.0
6475,1,1,2BGO,1,A,2ab2bb2c624223882ab92a3e5cc8a884c13472c6b78eff76e4d9abfa19ac0a53,A,STEP 65D-3,1,116,1.0,0.8787878787878788,119,112,0.9411764705882353,112,0,True,True,112,2,secondary_metrics_required,unresolved_exact_tie,116.0,132.0,0.0,116.0
6475,1,1,2BGP,1,A,ab85235b6f30a0374918954d370c100f0acf73d6a429cb08476f9597164ceccc,A,STEP 65D-3,1,116,1.0,0.8787878787878788,119,112,0.9411764705882353,112,0,True,True,112,2,secondary_metrics_required,unresolved_exact_tie,116.0,132.0,0.0,116.0
6478,1,1,1YFB,1,A,d676c8b6289026a3eb1b6a658cc8af933c242d4728a920951e3dd855e05ba4c9,A,STEP 65D-3,1,52,1.0,0.9811320754716981,50,50,1.0,50,0,True,True,50,2,secondary_metrics_required,unresolved_exact_tie,52.0,53.0,0.0,52.0
6478,1,1,1YFB,1,B,27c2290effb3fc6500512517262ff3534251df8542a4a4e9957549acd21b6a27,B,STEP 65D-3,1,52,1.0,0.9811320754716981,50,50,1.0,50,0,True,True,50,2,secondary_metrics_required,unresolved_exact_tie,52.0,53.0,0.0,52.0
6484,1,1,2CXJ,1,A,f9e0fdca83c4ae019732efea07c5cabc3291b6c217b90f70a00161c0d1e11223,A,STEP 65D-3,1,98,1.0,0.9702970297029703,97,94,0.9690721649484536,94,0,True,True,94,2,secondary_metrics_required,unresolved_exact_tie,98.0,101.0,0.0,98.0
6484,1,1,2CXJ,1,B,8923044e7eb52ec40c042998ecc109b969fc51ae313a2ce922c074789ed00480,B,STEP 65D-3,1,98,1.0,0.9702970297029703,97,94,0.9690721649484536,94,0,True,True,94,2,secondary_metrics_required,unresolved_exact_tie,98.0,101.0,0.0,98.0
6508,1,1,1WUG,1,A,d8517ccd60185688ed8b86fe7bf7e76ebc4e5f5b0b3ad23ab6b98635e32dceb4,A,STEP 65D-3,1,118,1.0,1.0,102,102,1.0,102,0,True,True,102,2,secondary_metrics_required,unresolved_exact_tie,118.0,118.0,0.0,118.0
6508,1,1,1ZS5,1,A,e3d4175e0b6e6c17adf96fef82eaf43efac2c756510532348d89ffc5e5647635,A,STEP 65D-3,1,118,1.0,1.0,102,102,1.0,102,0,True,True,102,2,secondary_metrics_required,unresolved_exact_tie,118.0,118.0,0.0,118.0
6516,1,1,2FQ0,1,A,cb0a337fa3552465fc76a7448778101cf2574668eaf8b19095121dcefc01e34e,A,STEP 65D-3,1,79,1.0,1.0,76,76,1.0,76,0,True,True,76,2,secondary_metrics_required,unresolved_exact_tie,79.0,79.0,0.0,79.0
6516,1,1,2FQ2,1,A,23a070ca9b92dd20ff138d3398ab4bec36b4597e8c6faa7dadc923e047043ece,A,STEP 65D-3,1,79,1.0,1.0,76,76,1.0,76,0,True,True,76,2,secondary_metrics_required,unresolved_exact_tie,79.0,79.0,0.0,79.0
6519,1,1,1YX7,1,A,06569920866aea731ebcd32a0bb693d1fbc1e63978cf22766f5f656e603e97dc,A,STEP 65D-3,1,83,1.0,1.0,74,74,1.0,74,0,True,True,74,2,secondary_metrics_required,unresolved_exact_tie,83.0,83.0,0.0,83.0
6519,1,1,1YX8,1,A,bded0b5e4a5804618ba54f70a0316452ddc9143d7ba1dd86335da2b4f50f967b,A,STEP 65D-3,1,83,1.0,1.0,74,74,1.0,74,0,True,True,74,2,secondary_metrics_required,unresolved_exact_tie,83.0,83.0,0.0,83.0
6527,1,1,1Z09,1,A,fa5ac1e920082df2b491961a70b9dc5cb017d0475806f493a6366f9ba0b87627,A,STEP 65D-3,1,96,1.0,1.0,89,89,1.0,89,0,True,True,89,2,secondary_metrics_required,unresolved_exact_tie,96.0,96.0,0.0,96.0
6527,1,1,1Z09,1,B,73e616ba31188572a0a7841971651a6cd287bdb55d0eecbf295ab84cb74c64b1,B,STEP 65D-3,1,96,1.0,1.0,89,89,1.0,89,0,True,True,89,2,secondary_metrics_required,unresolved_exact_tie,96.0,96.0,0.0,96.0
6531,1,1,1YUT,1,A,668e5443d737bf285f84b5947580b7ecf65e3adae4519655625a9b8e2d615941,A,STEP 65D-3,1,98,1.0,1.0,88,88,1.0,88,0,True,True,88,4,secondary_metrics_required,unresolved_exact_tie,98.0,98.0,0.0,98.0
6531,1,1,1YUT,1,B,5cfb7cf1ce8e6fe0d4600ab28005bca5a1e6ee7b21f1551a9ffabb07be58c8dc,B,STEP 65D-3,1,98,1.0,1.0,88,88,1.0,88,0,True,True,88,4,secondary_metrics_required,unresolved_exact_tie,98.0,98.0,0.0,98.0
6531,1,1,1YUU,1,A,d06f84a9bd566437dcaeb21388075ba32646550b5bf60b1c634e20c8cf373e7b,A,STEP 65D-3,1,98,1.0,1.0,88,88,1.0,88,0,True,True,88,4,secondary_metrics_required,unresolved_exact_tie,98.0,98.0,0.0,98.0
6531,1,1,1YUU,1,B,ea3a3304e39b496e3d8fc57bfcce1354dd59256e4d127a50585ba77d0c8c0072,B,STEP 65D-3,1,98,1.0,1.0,88,88,1.0,88,0,True,True,88,4,secondary_metrics_required,unresolved_exact_tie,98.0,98.0,0.0,98.0
6532,1,1,1YUR,1,A,4029136bf0b6c38bdcd7b58edad994156be190b6baa82d7b11a07895e3d4c40f,A,STEP 65D-3,1,98,1.0,1.0,84,84,1.0,84,0,True,True,84,4,secondary_metrics_required,unresolved_exact_tie,98.0,98.0,0.0,98.0
6532,1,1,1YUR,1,B,fbed49b41c3bbc819dc811700b317d11f0bc4547e3e9b91c7c120eb00640db11,B,STEP 65D-3,1,98,1.0,1.0,84,84,1.0,84,0,True,True,84,4,secondary_metrics_required,unresolved_exact_tie,98.0,98.0,0.0,98.0
6532,1,1,1YUS,1,A,31f178af438537e51d7cba3487a3586891d43562fa6a044d80c5a0859678ec6d,A,STEP 65D-3,1,98,1.0,1.0,84,84,1.0,84,0,True,True,84,4,secondary_metrics_required,unresolved_exact_tie,98.0,98.0,0.0,98.0
6532,1,1,1YUS,1,B,414fac7388c8ef4c6a8847c02a40fcd8f11a8767429e9b1ac5639e01b2b79e97,B,STEP 65D-3,1,98,1.0,1.0,84,84,1.0,84,0,True,True,84,4,secondary_metrics_required,unresolved_exact_tie,98.0,98.0,0.0,98.0
6551,2,2,1Z00,2,B,669726a109a5502a333d71ebea2cd50816a7a7a0542a0c7de884f449f172737b,B,STEP 65D-3,1,84,1.0,1.0,77,77,1.0,77,0,True,True,77,3,secondary_metrics_required,unresolved_exact_tie,84.0,84.0,0.0,84.0
6551,2,2,2AQ0,1,A,8630181a79d9523cd5e8585dce2da0d3a4ff629f56a3716689198b2f2450dfd4,A,STEP 65D-3,1,84,1.0,1.0,77,77,1.0,77,0,True,True,77,3,secondary_metrics_required,unresolved_exact_tie,84.0,84.0,0.0,84.0
6551,2,2,2AQ0,1,B,27fb68c6f05f0dea773464801f362d5fb66301d7c41dff587c5019187cfc6622,B,STEP 65D-3,1,84,1.0,1.0,77,77,1.0,77,0,True,True,77,3,secondary_metrics_required,unresolved_exact_tie,84.0,84.0,0.0,84.0
6581,1,1,2OI3,1,A,26ac78987ca55a62f1b466db6cf20eb431a34ebb220e2f9f3b71775ae96f7f53,A,STEP 65D-3,1,86,1.0,1.0,79,79,1.0,79,0,True,True,79,2,secondary_metrics_required,unresolved_exact_tie,86.0,86.0,0.0,86.0
6581,1,1,2OJ2,1,A,eef5dd705ebc926300c4c88cf060211e2b8518f228f905478a7abdeaedced585,A,STEP 65D-3,1,86,1.0,1.0,79,79,1.0,79,0,True,True,79,2,secondary_metrics_required,unresolved_exact_tie,86.0,86.0,0.0,86.0
6625,1,1,2AI6,1,A,dd9d4a0d56637b97c08113a2b9ccdca38b9b5e2593d9ca678e4e99ffac14fae4,A,STEP 65D-3,1,125,1.0,1.0,103,103,1.0,103,0,True,True,103,3,secondary_metrics_required,unresolved_exact_tie,125.0,125.0,0.0,125.0
6625,1,1,2OZW,1,A,730f2bec756ea3e651d381f4af720beb556b0564ddb3b229ce4a595ca65d9ef5,A,STEP 65D-3,1,125,1.0,1.0,103,103,1.0,103,0,True,True,103,3,secondary_metrics_required,unresolved_exact_tie,125.0,125.0,0.0,125.0
6625,1,1,2OZX,1,A,66cc9ef5efdf4f07d296d85221e4626b266b85266bcf35a3f3772f575ab114b5,A,STEP 65D-3,1,125,1.0,1.0,103,103,1.0,103,0,True,True,103,3,secondary_metrics_required,unresolved_exact_tie,125.0,125.0,0.0,125.0
6726,1,1,1ZXF,1,A,1d3938cea8658f8f2ad50dcb069024534b476d3b6f8a22c5e45a9504e8897982,A,STEP 65D-3,1,155,1.0,1.0,143,143,1.0,143,0,True,True,143,3,secondary_metrics_required,unresolved_exact_tie,155.0,155.0,0.0,155.0
6726,1,1,2GKD,3,A,c475221313b3f26813463c3249230af14deab42fb71629991e3aff7a0a905b6d,C,STEP 65D-3,1,155,1.0,1.0,143,143,1.0,143,0,True,True,143,3,secondary_metrics_required,unresolved_exact_tie,155.0,155.0,0.0,155.0
6726,1,1,2L65,1,A,e391f9d78fc3d480c1a0baab142aeda91749fa5d5ce4d8ca4f4f0f3ab11ee314,A,STEP 65D-3,1,155,1.0,1.0,143,143,1.0,143,0,True,True,143,3,secondary_metrics_required,unresolved_exact_tie,155.0,155.0,0.0,155.0
6743,1,1,2ADL,1,A,3bf7cfc2904a1b3a038221249518be33127dfabb24c18b11cd6daf2866048e39,A,STEP 65D-3,1,72,1.0,1.0,55,55,1.0,55,0,True,True,55,4,secondary_metrics_required,unresolved_exact_tie,72.0,72.0,0.0,72.0
6743,1,1,2ADL,1,B,e11ae9a9a08f7b0859df9a6a4e54bc6a306d3d8a30b24f716dba86890dde49d4,B,STEP 65D-3,1,72,1.0,1.0,55,55,1.0,55,0,True,True,55,4,secondary_metrics_required,unresolved_exact_tie,72.0,72.0,0.0,72.0
6743,1,1,2ADN,1,A,608d265c73960e8c7400a5baf7bd1200ddc3a66dc52a3b3b30ab41f0a4884000,A,STEP 65D-3,1,72,1.0,1.0,55,55,1.0,55,0,True,True,55,4,secondary_metrics_required,unresolved_exact_tie,72.0,72.0,0.0,72.0
6743,1,1,2ADN,1,B,1675f0157f92cab2b6ecc95bf5b0b7ff244cfb9c0441389607fb65a8fe1bce4b,B,STEP 65D-3,1,72,1.0,1.0,55,55,1.0,55,0,True,True,55,4,secondary_metrics_required,unresolved_exact_tie,72.0,72.0,0.0,72.0
6751,1,1,2AFD,1,A,697fedc01188a28d52118f2867188a555865205113b112acb8488fbb6a53cacd,A,STEP 65D-3,1,88,1.0,1.0,80,80,1.0,80,0,True,True,80,2,secondary_metrics_required,unresolved_exact_tie,88.0,88.0,0.0,88.0
6751,1,1,2AFE,1,A,3546c9f96a191e99bf5c1453165e46d5596f7cdae4b22c7128d03d15ee14a419,A,STEP 65D-3,1,88,1.0,1.0,80,80,1.0,80,0,True,True,80,2,secondary_metrics_required,unresolved_exact_tie,88.0,88.0,0.0,88.0
6762,1,1,1Z4H,1,A,241e88e8a669c9953a63e0d6a6bd4e46389d51c89014e785e0d47577d3076076,A,STEP 65D-3,1,66,1.0,1.0,62,62,1.0,62,0,True,True,62,2,secondary_metrics_required,unresolved_exact_tie,66.0,66.0,0.0,66.0
6762,1,2,1Z4H,1,A,4773a222bbce46d3eb991206f2f08e9b541401e503b17392a8462b1feeef54f2,A,STEP 65D-3,1,66,1.0,1.0,62,62,1.0,62,0,True,True,62,2,secondary_metrics_required,unresolved_exact_tie,66.0,66.0,0.0,66.0
6781,1,1,2AQE,1,A,fd9951d684f5cdb3d8f6668705bd2fd42bcfdb363ec2170e1010dc945d20285a,A,STEP 65D-3,1,90,1.0,1.0,83,83,1.0,83,0,True,True,83,2,secondary_metrics_required,unresolved_exact_tie,90.0,90.0,0.0,90.0
6781,1,1,2AQF,1,A,1f9bda9f8f7d1ba019812fb48194b158b9c4c568b608816cef009f753b9a8f2e,A,STEP 65D-3,1,90,1.0,1.0,83,83,1.0,83,0,True,True,83,2,secondary_metrics_required,unresolved_exact_tie,90.0,90.0,0.0,90.0
6790,1,1,2FVA,1,A,b100d452500172691df58ff7e78ad1adfd050506c5fcb5ba17af577955642527,A,STEP 65D-3,1,82,1.0,1.0,76,76,1.0,76,0,True,True,76,2,secondary_metrics_required,unresolved_exact_tie,82.0,82.0,0.0,82.0
6790,1,1,2FVF,1,A,edac47e9043552464d700e76ae1eda0c4292993801b305f2f4234a22d7b9ffd1,A,STEP 65D-3,1,82,1.0,1.0,76,76,1.0,76,0,True,True,76,2,secondary_metrics_required,unresolved_exact_tie,82.0,82.0,0.0,82.0
6809,1,1,2FFK,1,A,ccd1a010cc999b6c2c7d9085cafa30286587ae4279a2a6d52381e5c60042a1d5,A,STEP 65D-3,1,242,1.0,1.0,195,195,1.0,195,0,True,True,195,2,secondary_metrics_required,unresolved_exact_tie,242.0,242.0,0.0,242.0
6809,1,1,2FIN,1,A,c4e022b3044533685c0552ab2d2199dd531b07b37b1c5c1e37a064894658d364,A,STEP 65D-3,1,242,1.0,1.0,195,195,1.0,195,0,True,True,195,2,secondary_metrics_required,unresolved_exact_tie,242.0,242.0,0.0,242.0
6821,1,1,2AF2,1,A,2336f9f86a707f43a6eafea738cd8714c7d7b7c23f21af9308b0558925c4b1c1,A,STEP 65D-3,1,153,1.0,1.0,147,147,1.0,147,0,True,True,147,2,secondary_metrics_required,unresolved_exact_tie,153.0,153.0,0.0,153.0
6821,1,1,2AF2,1,B,aa46145e1ddfec3aa94c69fe699b6f2bb2edfa0e25c6ea4837789939d2179cc0,B,STEP 65D-3,1,153,1.0,1.0,147,147,1.0,147,0,True,True,147,2,secondary_metrics_required,unresolved_exact_tie,153.0,153.0,0.0,153.0
6822,1,1,2L7H,1,A,35d400f40b653e9f297c32f9fa8faa548a74d2cad0307a101984c5ed66baa09e,A,STEP 65D-3,1,58,1.0,1.0,49,49,1.0,49,0,True,True,49,2,secondary_metrics_required,unresolved_exact_tie,56.0,56.0,0.0,56.0
6822,1,1,2L7H,1,B,3aca6c9b16817f59420df943720155fcb8e29cf3d84f99a9626d1d65fdafcf63,B,STEP 65D-3,1,58,1.0,1.0,49,49,1.0,49,0,True,True,49,2,secondary_metrics_required,unresolved_exact_tie,56.0,56.0,0.0,56.0
6826,1,1,2FY9,1,A,d746f7b28e127aaa8c51b7e33f6a48cc6ea27197361d1c778a19f975da56786b,A,STEP 65D-3,1,54,1.0,1.0,50,50,1.0,50,0,True,True,50,2,secondary_metrics_required,unresolved_exact_tie,54.0,54.0,0.0,54.0
6826,1,1,2FY9,1,B,29910b68de0d94dd3232b8e028994a8b7ba6f7fc10c780be27deaff7a5479286,B,STEP 65D-3,1,54,1.0,1.0,50,50,1.0,50,0,True,True,50,2,secondary_metrics_required,unresolved_exact_tie,54.0,54.0,0.0,54.0
6860,1,1,2GW6,1,A,7cdc22b7ae5853b0422e19863164fc3459ee60b56054d30fc76d0d312d3ec2d5,A,STEP 65D-3,1,123,1.0,1.0,116,116,1.0,116,0,True,True,116,2,secondary_metrics_required,unresolved_exact_tie,123.0,123.0,0.0,123.0
6860,1,1,2GW6,1,B,a34e568a399c0ef2c59e3319a18ba3949a16724cdc42fad83b24ef18e3344619,B,STEP 65D-3,1,123,1.0,1.0,116,116,1.0,116,0,True,True,116,2,secondary_metrics_required,unresolved_exact_tie,123.0,123.0,0.0,123.0
6868,1,1,2ASY,1,A,e4ad0d89dc5d73bb2ffd6e3e64e10a522c2e6d1378b525abff2d024c5ac0b1aa,A,STEP 65D-3,1,101,1.0,0.8211382113821138,96,96,1.0,96,0,True,True,96,2,secondary_metrics_required,unresolved_exact_tie,101.0,123.0,0.0,101.0
6868,1,1,2ASY,1,B,d84f65a62044ef1d6d91d7f840ecad83cb8c18e2fe1062f26eb9ddab4b5702b3,B,STEP 65D-3,1,101,1.0,0.8211382113821138,96,96,1.0,96,0,True,True,96,2,secondary_metrics_required,unresolved_exact_tie,101.0,123.0,0.0,101.0
6888,1,1,2G0K,1,A,5468255ed398fe6e9b2e992ba6ef9c0391fe122e0b5b9a6ec608f04a7aa05a81,A,STEP 65D-3,1,113,1.0,0.9262295081967213,106,106,1.0,106,0,True,True,106,2,secondary_metrics_required,unresolved_exact_tie,113.0,122.0,0.0,113.0
6888,1,1,2G0L,1,A,dd62773979f990155d6024b7f1119407df154b0eccd93a80f2c16eaefc7e88e6,A,STEP 65D-3,1,113,1.0,0.9262295081967213,106,106,1.0,106,0,True,True,106,2,secondary_metrics_required,unresolved_exact_tie,113.0,122.0,0.0,113.0
6916,1,1,2EWL,1,A,3fc99a619b4e2c0f2b1346d45a9773b4cfa09ab1ca16add6331a92e06754d5bb,A,STEP 65D-3,1,56,1.0,1.0,50,50,1.0,50,0,True,True,50,3,secondary_metrics_required,unresolved_exact_tie,56.0,56.0,0.0,56.0
6916,1,1,2F8B,1,A,fa5390b64317dbf94ea8a1773418349aff3c0e10a38fa70529cf9029be8f5e6b,A,STEP 65D-3,1,56,1.0,1.0,50,50,1.0,50,0,True,True,50,3,secondary_metrics_required,unresolved_exact_tie,56.0,56.0,0.0,56.0
6916,1,1,2F8B,1,B,9ef3931f42bd5ce22a7d1ddb4a61421baca5054cc7c5b678a9a842a20f0d83bd,B,STEP 65D-3,1,56,1.0,1.0,50,50,1.0,50,0,True,True,50,3,secondary_metrics_required,unresolved_exact_tie,56.0,56.0,0.0,56.0
6925,1,1,2C06,1,A,d868a29dff8e27597a23bbd54d6d92a49b6b2ff2a6cd893fd60db525815c6cd9,A,STEP 65D-3,1,110,1.0,1.0,102,102,1.0,102,0,True,True,102,2,secondary_metrics_required,unresolved_exact_tie,110.0,110.0,0.0,110.0
6925,1,1,2C06,1,B,0a4191141f05448f709f006ca73b70174f1df10e74748b244efafde156da73cc,B,STEP 65D-3,1,110,1.0,1.0,102,102,1.0,102,0,True,True,102,2,secondary_metrics_required,unresolved_exact_tie,110.0,110.0,0.0,110.0
6957,1,1,2FI2,1,A,8caf066a50d5a3f7c15c6fa90a7b51a84087ed0e42d3b944133486c5e3b016d3,A,STEP 65D-3,1,94,1.0,1.0,82,82,1.0,82,0,True,True,82,2,secondary_metrics_required,unresolved_exact_tie,94.0,94.0,0.0,94.0
6957,1,1,2FI2,1,B,427f799a32087739472a6a220a68a1383b67b31460c8ba65fb796bc1a9d28316,B,STEP 65D-3,1,94,1.0,1.0,82,82,1.0,82,0,True,True,82,2,secondary_metrics_required,unresolved_exact_tie,94.0,94.0,0.0,94.0
6969,1,1,2FXP,1,A,6366a6b1288bec6a475ebd2e172417d3fa89e1cea03161dda1d95713bca46785,A,STEP 65D-3,1,55,1.0,1.0,50,50,1.0,50,0,True,True,50,3,secondary_metrics_required,unresolved_exact_tie,55.0,55.0,0.0,55.0
6969,1,1,2FXP,1,B,b9ce00cecd819794c0bf72aabace8940fff398a69adc6669495a970e7ab31e6e,B,STEP 65D-3,1,55,1.0,1.0,50,50,1.0,50,0,True,True,50,3,secondary_metrics_required,unresolved_exact_tie,55.0,55.0,0.0,55.0
6969,1,1,2FXP,1,C,911c991001cafcde6fd3ebe94b88ad29baa26edff0b0c822e7ddcd0ad188a2e2,C,STEP 65D-3,1,55,1.0,1.0,50,50,1.0,50,0,True,True,50,3,secondary_metrics_required,unresolved_exact_tie,55.0,55.0,0.0,55.0
6997,1,1,2G46,1,A,d558bb2d4fd1aac823e00aaffbcfc2d2cece22fe34a3065df36ebda4a2bb3ece,A,STEP 65D-3,1,119,1.0,1.0,110,110,1.0,110,0,True,True,110,2,secondary_metrics_required,unresolved_exact_tie,119.0,119.0,0.0,119.0
6997,1,1,2G46,1,B,2a0cdf9f7d531d871750fcca97b627843d9b48526752cdbfea23231d6aca08e2,C,STEP 65D-3,1,119,1.0,1.0,110,110,1.0,110,0,True,True,110,2,secondary_metrics_required,unresolved_exact_tie,119.0,119.0,0.0,119.0
6999,1,1,2N5G,1,A,0b7e8723afefd96f799f57a7928e5c880774dc3cfb75a537b82d7551e86ff8f6,A,STEP 65D-3,1,101,1.0,1.0,95,95,1.0,95,0,True,True,95,2,secondary_metrics_required,unresolved_exact_tie,101.0,101.0,0.0,101.0
6999,1,1,2N5G,1,B,46eb448989839eb91800d758194db2a4606e105455404cacfb749de63742e0b2,B,STEP 65D-3,1,101,1.0,1.0,95,95,1.0,95,0,True,True,95,2,secondary_metrics_required,unresolved_exact_tie,101.0,101.0,0.0,101.0
7019,1,1,2GRI,1,A,effe219bcc296de14258f7e1039004cd3b874b82d7090c2896e154eec87130f1,A,STEP 65D-3,1,112,1.0,1.0,106,106,1.0,106,0,True,True,106,2,secondary_metrics_required,unresolved_exact_tie,112.0,112.0,0.0,112.0
7019,1,1,2IDY,1,A,e35883677896b77cb49a141e5b93e89c8416fd5d9065419da35bf32bbb22d68e,A,STEP 65D-3,1,112,1.0,1.0,106,106,1.0,106,0,True,True,106,2,secondary_metrics_required,unresolved_exact_tie,112.0,112.0,0.0,112.0
7101,1,1,2GJH,1,A,160579594afa54b3a2f8daff0d3ba210d1f1cb9e9b9017fd1646f08541ee4379,A,STEP 65D-3,1,57,1.0,0.9193548387096774,55,55,1.0,55,0,True,True,55,2,secondary_metrics_required,unresolved_exact_tie,57.0,62.0,0.0,57.0
7101,1,1,2GJH,1,B,24d31a5e8a73aaef430840796727a314d649c88270d269dba915f04a66c13e3d,B,STEP 65D-3,1,57,1.0,0.9193548387096774,55,55,1.0,55,0,True,True,55,2,secondary_metrics_required,unresolved_exact_tie,57.0,62.0,0.0,57.0
7102,1,1,2GJF,1,A,ff8021d5cca0930777e31bd5969838818a8505667496c537a637f6021289624e,A,STEP 65D-3,1,72,1.0,0.9230769230769231,65,65,1.0,65,0,True,True,65,2,secondary_metrics_required,unresolved_exact_tie,72.0,78.0,0.0,72.0
7102,1,1,2GJF,1,B,fe9613c101dc2fea75774487e481e8c48e8924e52ded5c852b04b774172cb5ef,B,STEP 65D-3,1,72,1.0,0.9230769230769231,65,65,1.0,65,0,True,True,65,2,secondary_metrics_required,unresolved_exact_tie,72.0,78.0,0.0,72.0
7106,1,1,2JM5,1,A,4011bdd8ee3e505d54ec3fde874203189e0830471864784f3fad20987c9e9145,A,STEP 65D-3,1,134,1.0,0.8874172185430463,128,128,1.0,128,0,True,True,128,2,secondary_metrics_required,unresolved_exact_tie,134.0,151.0,0.0,134.0
7106,1,1,2OWI,1,A,f489aef6632518ac7668611e9bfcf7bf134e436e3f5096f9a1fed7392be21d03,A,STEP 65D-3,1,134,1.0,0.8874172185430463,128,128,1.0,128,0,True,True,128,2,secondary_metrics_required,unresolved_exact_tie,134.0,151.0,0.0,134.0
7125,2,1,2M6Z,2,B,1bfd18ff1d344e40c5263113ad6cbc8862aa6d5536e0d592f2418bef433f335e,B,STEP 65D-3,1,146,1.0,1.0,136,136,1.0,136,0,True,True,136,2,secondary_metrics_required,unresolved_exact_tie,146.0,146.0,0.0,146.0
7125,2,1,2M6Z,2,D,ce78ae3658e87ab827aef9b88c4501feab264f265c55c43803ecaba01283a719,D,STEP 65D-3,1,146,1.0,1.0,136,136,1.0,136,0,True,True,136,2,secondary_metrics_required,unresolved_exact_tie,146.0,146.0,0.0,146.0
7127,1,1,2H41,1,A,def381d3d923d38b0fa0ca65588af9626949fee9f8e7ac5f36be255e7a640204,A,STEP 65D-3,1,95,1.0,1.0,88,88,1.0,88,0,True,True,88,2,secondary_metrics_required,unresolved_exact_tie,95.0,95.0,0.0,95.0
7127,1,1,2H45,1,A,07354f3f7298d1b6d1c2d07d5b0fa160e758b521b4d5c646d0ce3d44f47d810a,A,STEP 65D-3,1,95,1.0,1.0,88,88,1.0,88,0,True,True,88,2,secondary_metrics_required,unresolved_exact_tie,95.0,95.0,0.0,95.0
7150,1,1,2H7D,1,A,2abbea2f93dd331dc97df2512f73312e01fc8c0dbdb78426fec688d8107fb453,A,STEP 65D-3,1,101,1.0,0.9901960784313726,97,97,1.0,97,0,True,True,97,2,secondary_metrics_required,unresolved_exact_tie,101.0,102.0,0.0,101.0
7150,1,1,2H7E,1,A,feabe38a05aafc3a3de0bffd9177807161bd0496660dad60d04df2b48b9bc587,A,STEP 65D-3,1,101,1.0,0.9901960784313726,97,97,1.0,97,0,True,True,97,2,secondary_metrics_required,unresolved_exact_tie,101.0,102.0,0.0,101.0
7205,1,1,2LCX,1,A,6c994f115e2f4cad51b3845ab504296d3ec2671cf45d796fcf6f9d043463460b,A,STEP 65D-3,1,44,1.0,1.0,40,40,1.0,40,0,True,True,40,2,secondary_metrics_required,unresolved_exact_tie,44.0,44.0,0.0,44.0
7205,1,1,2LCX,1,B,836ea404cd7861c32cb3c25fefce90c5d12d207575bcae3c6e294d7bf92d034e,B,STEP 65D-3,1,44,1.0,1.0,40,40,1.0,40,0,True,True,40,2,secondary_metrics_required,unresolved_exact_tie,44.0,44.0,0.0,44.0
7285,1,1,2J4M,1,A,886cd1f22c24aad8fa359312bc0fb8c107ed7d64a57905df26a45321eb611fd2,A,STEP 65D-3,1,100,1.0,1.0,93,93,1.0,93,0,True,True,93,2,secondary_metrics_required,unresolved_exact_tie,96.0,96.0,0.0,96.0
7285,1,1,2J4N,1,A,380d56001620554a4acd9e81381adb19460ac900642b911fb08a60ba199e6a6c,A,STEP 65D-3,1,100,1.0,1.0,93,93,1.0,93,0,True,True,93,2,secondary_metrics_required,unresolved_exact_tie,96.0,96.0,0.0,96.0
7288,1,1,2J5D,1,A,812cae84c715a8a538f7fc29d6ed7e33edbd0090a0f7aeb2d00e80fc9c1ee72e,A,STEP 65D-3,1,45,1.0,1.0,42,42,1.0,42,0,True,True,42,2,secondary_metrics_required,unresolved_exact_tie,45.0,45.0,0.0,45.0
7288,1,1,2J5D,1,B,6c5392fd10f82377218f118f37425cda1b0959a536f95d60ee70364572b743a5,B,STEP 65D-3,1,45,1.0,1.0,42,42,1.0,42,0,True,True,42,2,secondary_metrics_required,unresolved_exact_tie,45.0,45.0,0.0,45.0
7315,1,1,2E35,1,A,8d4be4e6a3ccece06d1d3b23216f135f2ecd041983a9421716b3bb111bba40ec,A,STEP 65D-3,1,147,1.0,1.0,134,134,1.0,134,0,True,True,134,2,secondary_metrics_required,unresolved_exact_tie,147.0,147.0,0.0,147.0
7315,1,1,2E36,1,A,b2d99afc40b594231a6d05ece554367654d88fa2b27741efbde4f649215081a7,A,STEP 65D-3,1,147,1.0,1.0,134,134,1.0,134,0,True,True,134,2,secondary_metrics_required,unresolved_exact_tie,147.0,147.0,0.0,147.0
7350,1,1,2BZB,1,A,4829789ff80eb58b8b68548950bc165c5be94a882fec2bd1966744d5010f4107,A,STEP 65D-3,1,62,1.0,1.0,52,52,1.0,52,0,True,True,52,2,secondary_metrics_required,unresolved_exact_tie,54.0,54.0,0.0,54.0
7350,1,1,2BZB,1,B,f2fb9897e37342620a8398997857564926c80b0d3a3be1f98eb21778292bcce1,B,STEP 65D-3,1,62,1.0,1.0,52,52,1.0,52,0,True,True,52,2,secondary_metrics_required,unresolved_exact_tie,54.0,54.0,0.0,54.0
7354,2,1,2BJC,1,A,e6de0043d648f42f828f70132ac9a613d58945e08e8692238d030a7ef877c422,A,STEP 65D-3,1,62,1.0,1.0,59,59,1.0,59,0,True,True,59,2,secondary_metrics_required,unresolved_exact_tie,62.0,62.0,0.0,62.0
7354,2,1,2BJC,1,B,27d2e1da8db8aba8906b21377c05140d0426d2281ee0ef0f08d2d32dc97c6334,B,STEP 65D-3,1,62,1.0,1.0,59,59,1.0,59,0,True,True,59,2,secondary_metrics_required,unresolved_exact_tie,62.0,62.0,0.0,62.0
7362,1,1,2NWT,1,A,600e5eedf3ac7d84211a35ee1359a9e50f84a79dec46994db378483372bd92df,A,STEP 65D-3,1,69,1.0,1.0,57,57,1.0,57,0,True,True,57,2,secondary_metrics_required,unresolved_exact_tie,69.0,69.0,0.0,69.0
7362,1,1,2NWT,1,B,fd9b7d290dd5ce21f571ec22f1c32a3295a8bc1fdb67286b0792ad81702e22e6,B,STEP 65D-3,1,69,1.0,1.0,57,57,1.0,57,0,True,True,57,2,secondary_metrics_required,unresolved_exact_tie,69.0,69.0,0.0,69.0
7376,1,1,2M30,1,A,9d801b8f6876640e0dac5a18d65d5a01ae5f616dfd9c6b279d08612e5ee0466f,A,STEP 65D-3,1,95,1.0,0.8962264150943396,103,94,0.912621359223301,94,0,True,True,94,2,secondary_metrics_required,unresolved_exact_tie,95.0,106.0,0.0,95.0
7376,1,1,2M30,1,B,58ca0023309de453213ed752d1f7700eec861718b79f97be39b29ece38122492,B,STEP 65D-3,1,95,1.0,0.8962264150943396,103,94,0.912621359223301,94,0,True,True,94,2,secondary_metrics_required,unresolved_exact_tie,95.0,106.0,0.0,95.0
