request_rank,bmrb_id,n_candidate_pdb_ids,candidate_pdb_ids,request_status,shift_screen_eligible,n_paired_hn_targets,failure_reason
1,4020,1,1BRV,pending,,,
2,4120,1,1A60,pending,,,
3,4148,1,4BMF,pending,,,
4,4157,1,1LFC,pending,,,
5,4172,1,1BN9,pending,,,
6,4175,1,1BN0,pending,,,
7,4176,1,1BJD,pending,,,
8,4181,1,1PFD,pending,,,
9,4182,1,1BFY,pending,,,
10,4187,1,1SKP,pending,,,
11,4189,1,1GIW,pending,,,
12,4190,1,1BIG,pending,,,
13,4191,1,2BMT,pending,,,
14,4192,1,1BDE,pending,,,
15,4194,1,1BH1,pending,,,
16,4195,1,2BTX,pending,,,
17,4200,1,1A93,pending,,,
18,4201,1,1A3P,pending,,,
19,4204,1,1BQT,pending,,,
20,4208,1,2DVH,pending,,,
21,4210,1,1BA5,pending,,,
22,4211,1,1BBG,pending,,,
23,4212,1,1BCV,pending,,,
24,4213,1,1BFW,pending,,,
25,4218,1,1CN2,pending,,,
26,4219,1,1BKU,pending,,,
27,4220,1,1BMX,pending,,,
28,4221,1,1BM4,pending,,,
29,4226,1,1LDZ,pending,,,
30,4229,1,1BQX,pending,,,
31,4231,1,1BWE,pending,,,
32,4235,1,1BWT,pending,,,
33,4243,1,1C11,pending,,,
34,4244,1,1BX5,pending,,,
35,4246,1,2V1V,pending,,,
36,4250,1,3PHP,pending,,,
37,4257,2,1VPC;1X9V,pending,,,
38,4260,1,1BYV,pending,,,
39,4261,1,1BZB,pending,,,
40,4268,1,1BD6,pending,,,
41,4292,1,1B1V,pending,,,
42,4347,1,1QP6,pending,,,
43,4351,1,1QGM,pending,,,
44,4372,2,1C32;1C34,pending,,,
45,4378,1,2LCP,pending,,,
46,4387,1,8TFV,pending,,,
47,4392,2,1B0S;1CYZ,pending,,,
48,4398,1,1QFA,pending,,,
49,4399,1,1CNL,pending,,,
50,4400,1,1B4Y,pending,,,
51,4401,1,1BLQ,pending,,,
52,4406,1,1QFB,pending,,,
53,4407,1,1CMZ,pending,,,
54,4409,1,1QKG,pending,,,
55,4412,1,1QL5,pending,,,
56,4414,1,1B3I,pending,,,
57,4415,1,1TTD,pending,,,
58,4416,1,1COC,pending,,,
59,4418,1,1CCQ,pending,,,
60,4419,1,1CB9,pending,,,
61,4420,1,1IM1,pending,,,
62,4422,1,1CCV,pending,,,
63,4426,1,2BDO,pending,,,
64,4427,1,1QKY,pending,,,
65,4430,2,1JWD;2CNP,pending,,,
66,4461,1,1DF6,pending,,,
67,4475,1,1CR8,pending,,,
68,4476,1,1B4G,pending,,,
69,4477,1,1B4I,pending,,,
70,4481,1,1B9P,pending,,,
71,4483,1,1CB3,pending,,,
72,4486,1,2MOB,pending,,,
73,4487,1,1CE3,pending,,,
74,4488,1,1CFL,pending,,,
75,4490,1,1QFD,pending,,,
76,4498,1,1CL4,pending,,,
77,4500,1,1CNN,pending,,,
78,4503,1,1QMW,pending,,,
79,4506,1,1CW5,pending,,,
80,4507,1,1CW6,pending,,,
81,4509,1,1CXR,pending,,,
82,4522,1,1D8V,pending,,,
83,4526,1,1DC2,pending,,,
84,4527,1,1DC7,pending,,,
85,4536,1,1DGO,pending,,,
86,4541,1,1QUZ,pending,,,
87,4542,1,1QE7,pending,,,
88,4547,1,1C2Q,pending,,,
89,4550,1,1CQO,pending,,,
90,4551,1,1CQU,pending,,,
91,4552,1,1G8C,pending,,,
92,4557,1,1QLO,pending,,,
93,4570,1,1B4O,pending,,,
94,4581,1,1D1O,pending,,,
95,4585,1,1DU9,pending,,,
96,4587,1,1ED0,pending,,,
97,4590,2,1EIG;1EIH,pending,,,
98,4591,1,1EJP,pending,,,
99,4592,1,1EJQ,pending,,,
100,4595,1,1CKW,pending,,,
101,4596,1,1CKX,pending,,,
102,4597,1,1CKY,pending,,,
103,4598,1,1CKZ,pending,,,
104,4600,1,1CL4,pending,,,
105,4601,1,1DLZ,pending,,,
106,4604,1,1EE7,pending,,,
107,4607,1,1EQX,pending,,,
108,4609,1,1EMQ,pending,,,
109,4610,1,1EVM,pending,,,
110,4612,1,1EVO,pending,,,
111,4614,1,1F5G,pending,,,
112,4615,1,1DKC,pending,,,
113,4616,1,1DX7,pending,,,
114,4617,1,1DXW,pending,,,
115,4618,1,1DXN,pending,,,
116,4620,1,1E1U,pending,,,
117,4623,1,1E5C,pending,,,
118,4628,1,1G9E,pending,,,
119,4630,1,1DQB,pending,,,
120,4631,1,1DU1,pending,,,
121,4633,1,1FUW,pending,,,
122,4634,1,1FYJ,pending,,,
123,4635,3,1G1E;1S5Q;1S5R,pending,,,
124,4638,1,1FA3,pending,,,
125,4639,1,1FEX,pending,,,
126,4640,1,1FJN,pending,,,
127,4642,1,1FQQ,pending,,,
128,4643,1,1FRY,pending,,,
129,4644,1,1FV5,pending,,,
130,4645,1,1FWO,pending,,,
131,4646,1,1FYI,pending,,,
132,4647,1,1FYY,pending,,,
133,4650,1,1G04,pending,,,
134,4651,1,1FDF,pending,,,
135,4652,1,1EDX,pending,,,
136,4653,1,1EDW,pending,,,
137,4654,1,1EDV,pending,,,
138,4655,1,1EDS,pending,,,
139,4656,1,1G26,pending,,,
140,4663,1,1C3T,pending,,,
141,4667,1,1DEY,pending,,,
142,4669,1,1CWX,pending,,,
143,4679,2,1FLS;1FM1,pending,,,
144,4682,1,1EII,pending,,,
145,4692,1,1EL2,pending,,,
146,4725,1,1J5M,pending,,,
147,4738,2,1FA4;1FAF,pending,,,
148,4743,2,1EHJ;1LM2,pending,,,
149,4745,1,1K8S,pending,,,
150,4754,1,1J5L,pending,,,
151,4760,1,1C49,pending,,,
152,4776,1,1QXN,pending,,,
153,4778,1,1FI6,pending,,,
154,4798,1,1FPW,pending,,,
155,4815,1,1FFJ,pending,,,
156,4816,1,1JO7,pending,,,
157,4837,1,1E8E,pending,,,
158,4838,2,1L4W;1LJZ,pending,,,
159,4845,1,1E74,pending,,,
160,4846,1,1E75,pending,,,
161,4847,1,1E76,pending,,,
162,4850,1,1FOV,pending,,,
163,4862,2,1F8P;1FVN,pending,,,
164,4869,1,1LWM,pending,,,
165,4872,1,1FMH,pending,,,
166,4879,1,1IJA,pending,,,
167,4880,1,1H67,pending,,,
168,4884,1,1G47,pending,,,
169,4890,1,1G25,pending,,,
170,4891,1,1G6M,pending,,,
171,4892,1,1M31,pending,,,
172,4893,1,1KVZ,pending,,,
173,4894,1,1EKZ,pending,,,
174,4895,1,1G6P,pending,,,
175,4899,1,1G5V,pending,,,
176,4900,2,1HEH;1HEJ,pending,,,
177,4902,1,1RJA,pending,,,
178,4906,1,1HF9,pending,,,
179,4907,1,1FJP,pending,,,
180,4910,1,1HDL,pending,,,
181,4911,1,1F96,pending,,,
182,4912,1,1F3C,pending,,,
183,4914,3,1HFF;1HFG;1HFN,pending,,,
184,4915,1,1G9L,pending,,,
185,4916,1,1GEA,pending,,,
186,4917,1,1BV2,pending,,,
187,4919,1,1G7E,pending,,,
188,4920,1,2M66,pending,,,
189,4921,1,1G92,pending,,,
190,4923,1,1G9P,pending,,,
191,4924,1,1HP2,pending,,,
192,4925,1,1EYF,pending,,,
193,4927,1,1N02,pending,,,
194,4929,1,1XDX,pending,,,
195,4930,1,1PS2,pending,,,
196,4933,1,1PS2,pending,,,
197,4935,2,1KVN;1KVV,pending,,,
198,4938,1,1I17,pending,,,
199,4939,1,1FU9,pending,,,
200,4941,1,1JJR,pending,,,
201,4945,1,1HS7,pending,,,
202,4946,1,1HZK,pending,,,
203,4947,1,1HZL,pending,,,
204,4948,1,1HOY,pending,,,
205,4950,1,1QA4,pending,,,
206,4951,1,1QA5,pending,,,
207,4954,2,1HZE;1I18,pending,,,
208,4957,1,1I1S,pending,,,
209,4958,1,2NBI,pending,,,
210,4959,1,1INZ,pending,,,
211,4960,1,1FI3,pending,,,
212,4966,1,1I02,pending,,,
213,4972,1,1K1C,pending,,,
214,4977,1,1N89,pending,,,
215,4979,1,1HA8,pending,,,
216,4980,1,1QWQ,pending,,,
217,4984,1,1KOS,pending,,,
218,4986,1,9PGN,pending,,,
219,4988,1,1I25,pending,,,
220,4989,1,1HY8,pending,,,
221,4991,1,1ILO,pending,,,
222,4993,1,1IH9,pending,,,
223,4994,1,1IH0,pending,,,
224,4995,1,1IHQ,pending,,,
225,4996,1,1IIO,pending,,,
226,4997,1,1JCO,pending,,,
227,5004,1,1IK0,pending,,,
228,5006,1,1JBD,pending,,,
229,5007,2,1HWQ;1J6Q,pending,,,
230,5010,1,1JAJ,pending,,,
231,5012,1,1J7M,pending,,,
232,5018,1,1ICH,pending,,,
233,5020,1,1I98,pending,,,
234,5021,1,1I8E,pending,,,
235,5022,1,1I4V,pending,,,
236,5023,1,1I4C,pending,,,
237,5024,1,1IDL,pending,,,
238,5025,1,1IDH,pending,,,
239,5026,2,1I5T;1M60,pending,,,
240,5027,1,1J8K,pending,,,
241,5028,1,1IB9,pending,,,
242,5030,1,1TUJ,pending,,,
243,5031,2,1M2E;1M2F,pending,,,
244,5033,2,1I2U;1I2V,pending,,,
245,5034,2,1HU6;1HU7,pending,,,
246,5036,1,1I11,pending,,,
247,5037,1,1HU5,pending,,,
248,5038,1,1JAS,pending,,,
249,5041,2,1IMO;1IN1,pending,,,
250,5042,2,1J8I;1J9O,pending,,,
251,5043,1,1H9F,pending,,,
252,5044,1,1IE5,pending,,,
253,5046,1,1IDV,pending,,,
254,5047,1,1JBI,pending,,,
255,5048,1,1JBH,pending,,,
256,5049,2,1N6U;1N6V,pending,,,
257,5050,1,1JC6,pending,,,
258,5051,1,1JCU,pending,,,
259,5052,1,1JE9,pending,,,
260,5053,1,1IFW,pending,,,
261,5054,1,1JKN,pending,,,
262,5055,1,1IMU,pending,,,
263,5059,1,1JE3,pending,,,
264,5060,1,1JDQ,pending,,,
265,5065,1,1IBI,pending,,,
266,5066,1,1JI9,pending,,,
267,5070,1,1JH3,pending,,,
268,5071,1,1JC2,pending,,,
269,5072,1,1JBJ,pending,,,
270,5073,1,1JE4,pending,,,
271,5074,1,1JEI,pending,,,
272,5075,1,1JFN,pending,,,
273,5077,1,1JJG,pending,,,
274,5078,2,1K8M;1K8O,pending,,,
275,5082,1,1JLZ,pending,,,
276,5083,1,1JJJ,pending,,,
277,5084,1,1JH4,pending,,,
278,5085,1,1JGN,pending,,,
279,5086,1,1AYG,pending,,,
280,5091,1,1JEX,pending,,,
281,5092,1,1JO6,pending,,,
282,5094,2,1JJL;1K19,pending,,,
283,5096,1,1JN7,pending,,,
284,5097,1,1IJC,pending,,,
285,5100,1,1J2O,pending,,,
286,5101,1,1GJZ,pending,,,
287,5104,1,1JRM,pending,,,
288,5106,1,1RYJ,pending,,,
289,5108,1,1JAA,pending,,,
290,5109,1,1J9V,pending,,,
291,5110,1,1J8Z,pending,,,
292,5111,1,1J8N,pending,,,
293,5112,1,1JLP,pending,,,
294,5113,1,1JLO,pending,,,
295,5114,2,1JJZ;1K48,pending,,,
296,5115,1,1JI8,pending,,,
297,5116,1,1JI8,pending,,,
298,5117,1,2PJF,pending,,,
299,5120,1,1GK5,pending,,,
300,5122,1,1JWE,pending,,,
301,5129,2,1IQO;1IQS,pending,,,
302,5130,1,1IY4,pending,,,
303,5131,1,1GM1,pending,,,
304,5134,2,1JS5;1JS7,pending,,,
305,5135,2,1JRV;1JRW,pending,,,
306,5136,1,1JDK,pending,,,
307,5137,1,1JD8,pending,,,
308,5138,1,1JCP,pending,,,
309,5139,1,1JC8,pending,,,
310,5140,1,1JAR,pending,,,
311,5141,2,1T4Y;1T4Z,pending,,,
312,5142,1,1IY3,pending,,,
313,5145,1,1LG4,pending,,,
314,5147,1,1JJD,pending,,,
315,5148,1,1JQ4,pending,,,
316,5151,1,1FD6,pending,,,
317,5152,1,1FCL,pending,,,
318,5154,1,1D2B,pending,,,
319,5155,1,1JRU,pending,,,
320,5157,1,1J5B,pending,,,
321,5159,1,1XKE,pending,,,
322,5162,1,1MP1,pending,,,
323,5164,1,1JUU,pending,,,
324,5165,1,1JW3,pending,,,
325,5166,1,1JW2,pending,,,
326,5167,1,1JVE,pending,,,
327,5169,1,1JNJ,pending,,,
328,5170,2,1JU7;1JWC,pending,,,
329,5171,2,1JV8;1JV9,pending,,,
330,5172,2,1K3G;1K3H,pending,,,
331,5173,2,1K36;1K37,pending,,,
332,5174,1,1IRZ,pending,,,
333,5175,1,1K5O,pending,,,
334,5176,1,1HA9,pending,,,
335,5177,1,1TVJ,pending,,,
336,5178,1,1K85,pending,,,
337,5179,1,1K1Z,pending,,,
338,5180,1,1HBW,pending,,,
339,5181,2,1K42;1K45,pending,,,
340,5183,1,1K09,pending,,,
341,5184,2,1J5J;1LGL,pending,,,
342,5185,1,1KAT,pending,,,
343,5187,1,1V4R,pending,,,
344,5188,1,1IRR,pending,,,
345,5189,1,1NSH,pending,,,
346,5192,1,1K8V,pending,,,
347,5193,1,1JZC,pending,,,
348,5194,1,1K5W,pending,,,
349,5196,1,1JZP,pending,,,
350,5199,1,1KG1,pending,,,
351,5201,1,1I6Y,pending,,,
352,5202,1,2ILX,pending,,,
353,5203,2,1KBE;1KBF,pending,,,
354,5204,1,1K9C,pending,,,
355,5205,1,1K91,pending,,,
356,5206,1,1UWO,pending,,,
357,5207,1,1KCY,pending,,,
358,5208,4,1BNP;1BPD;1BPE;1BPX,pending,,,
359,5209,5,1BNP;1BPD;1BPE;1BPX;1XNT,pending,,,
360,5210,1,1K7B,pending,,,
361,5211,1,1KA7,pending,,,
362,5212,1,1KA6,pending,,,
363,5213,1,1K0V,pending,,,
364,5214,1,1D0W,pending,,,
365,5215,1,1D1E,pending,,,
366,5216,1,1D1F,pending,,,
367,5217,1,1KFT,pending,,,
368,5220,1,1K0X,pending,,,
369,5225,2,1JNS;1JNT,pending,,,
370,5232,1,1KXL,pending,,,
371,5236,1,1KN7,pending,,,
372,5238,3,1KMX;1VGH;2VGH,pending,,,
373,5241,1,1RQM,pending,,,
374,5242,1,1KN6,pending,,,
375,5243,1,1IR5,pending,,,
376,5245,1,1K1R,pending,,,
377,5246,1,1KMF,pending,,,
378,5252,1,1KKV,pending,,,
379,5253,1,1KKW,pending,,,
380,5255,1,1WKT,pending,,,
381,5256,1,1KKA,pending,,,
382,5257,1,1HJ0,pending,,,
383,5259,1,1KKA,pending,,,
384,5261,2,1J57;1KTU,pending,,,
385,5262,2,1CK7;1KS0,pending,,,
386,5264,1,1KJ6,pending,,,
387,5265,1,1KV4,pending,,,
388,5266,1,1KTM,pending,,,
389,5268,1,1CIX,pending,,,
390,5272,1,1KGM,pending,,,
391,5273,1,1KIO,pending,,,
392,5275,2,1KQR;1KRI,pending,,,
393,5276,1,1KMA,pending,,,
394,5277,1,1KMR,pending,,,
395,5278,2,1KPY;1KPZ,pending,,,
396,5279,2,1KWJ;1L3O,pending,,,
397,5282,2,1KR8;1PQT,pending,,,
398,5283,3,1KZS;1KZT;1KZV,pending,,,
399,5284,1,1KZW,pending,,,
400,5285,1,1KZX,pending,,,
401,5289,1,1KZ0,pending,,,
402,5290,1,1KZ2,pending,,,
403,5291,1,1KZ5,pending,,,
404,5292,1,1L2Y,pending,,,
405,5293,2,1BTA;1L1K,pending,,,
406,5294,2,1K81;1K8B,pending,,,
407,5297,2,1L2M;1L5I,pending,,,
408,5298,1,1L1P,pending,,,
409,5299,1,1KLQ,pending,,,
410,5301,1,1KYJ,pending,,,
411,5302,1,1KUW,pending,,,
412,5303,3,1J56;1KRW;1KRX,pending,,,
413,5304,2,1KX2;1KX7,pending,,,
414,5306,1,1L3E,pending,,,
415,5308,1,1M7T,pending,,,
416,5309,1,1M3V,pending,,,
417,5310,1,2PLD,pending,,,
418,5312,1,1NEE,pending,,,
419,5315,1,1L4S,pending,,,
420,5316,1,1L6N,pending,,,
421,5317,1,1ITY,pending,,,
422,5318,1,2PLD,pending,,,
423,5319,2,1JBH;1KGL,pending,,,
424,5320,1,1JJX,pending,,,
425,5321,1,1L1W,pending,,,
426,5323,1,1L1I,pending,,,
427,5326,1,1L6T,pending,,,
428,5327,1,1L8C,pending,,,
429,5328,1,1L7B,pending,,,
430,5329,1,1L7Y,pending,,,
431,5330,2,1JBH;1KGL,pending,,,
432,5331,2,1JBH;1KGL,pending,,,
433,5332,2,1JSA;1LA3,pending,,,
434,5333,2,1IT1;2CDV,pending,,,
435,5335,1,1LV3,pending,,,
436,5337,1,1CJE,pending,,,
437,5338,1,1L3Y,pending,,,
438,5339,1,1K2K,pending,,,
439,5340,1,2BID,pending,,,
440,5345,1,1L1M,pending,,,
441,5346,1,1L3X,pending,,,
442,5347,1,1O1W,pending,,,
443,5348,1,1IW4,pending,,,
444,5349,1,1LFU,pending,,,
445,5353,1,1LKJ,pending,,,
446,5354,1,1LL8,pending,,,
447,5356,1,1LQ7,pending,,,
448,5357,1,1LKN,pending,,,
449,5361,1,1IV6,pending,,,
450,5363,1,1LO1,pending,,,
451,5364,1,1GO5,pending,,,
452,5365,2,2A3S;2D2W,pending,,,
453,5366,1,1KMD,pending,,,
454,5369,1,1LIQ,pending,,,
455,5370,1,1LEJ,pending,,,
456,5371,1,1LC6,pending,,,
457,5372,2,1LC1;1LC2,pending,,,
458,5375,1,1LD6,pending,,,
459,5376,1,1LVZ,pending,,,
460,5377,2,1UWO;2PRU,pending,,,
461,5379,1,1LJV,pending,,,
462,5381,1,1LD5,pending,,,
463,5383,1,1LV9,pending,,,
464,5385,1,1N2W,pending,,,
465,5386,1,1LXF,pending,,,
466,5387,3,1D3Z;1G6J;1UBQ,pending,,,
467,5389,1,1N3G,pending,,,
468,5390,1,1LR1,pending,,,
469,5392,2,1L8Y;1L8Z,pending,,,
470,5394,1,1LPW,pending,,,
471,5395,1,1LMV,pending,,,
472,5396,1,1LUD,pending,,,
473,5398,1,1LMZ,pending,,,
474,5399,1,1SXE,pending,,,
475,5401,1,1SXD,pending,,,
476,5403,3,1C9S;1GTF;1GTN,pending,,,
477,5405,1,1M25,pending,,,
478,5407,1,1LM0,pending,,,
479,5409,1,1QM9,pending,,,
480,5410,1,1MPZ,pending,,,
481,5454,1,1LBJ,pending,,,
482,5457,1,1PD7,pending,,,
483,5459,1,1IYM,pending,,,
484,5461,4,1LUI;1LUK;1LUM;1LUN,pending,,,
485,5463,1,1LV4,pending,,,
486,5464,1,1M36,pending,,,
487,5465,2,1M12;1SN6,pending,,,
488,5466,1,1LMS,pending,,,
489,5467,1,1RI9,pending,,,
490,5469,1,1IY5,pending,,,
491,5470,1,1IY6,pending,,,
492,5472,2,1M8B;1M8C,pending,,,
493,5473,2,1M8B;1M8C,pending,,,
494,5475,1,1M9W,pending,,,
495,5480,1,1SY9,pending,,,
496,5481,1,1M94,pending,,,
497,5482,1,1MJD,pending,,,
498,5485,1,1GO0,pending,,,
499,5486,4,1MA2;1MA4;1MA5;1MA6,pending,,,
500,5487,4,1MA2;1MA4;1MA5;1MA6,pending,,,
501,5488,4,1MA2;1MA4;1MA5;1MA6,pending,,,
502,5489,4,1MA2;1MA4;1MA5;1MA6,pending,,,
503,5491,1,1IYC,pending,,,
504,5494,1,1M02,pending,,,
505,5495,1,1LMM,pending,,,
506,5498,1,1K4U,pending,,,
507,5499,1,1M5Z,pending,,,
508,5500,1,1IYF,pending,,,
509,5501,1,1M4F,pending,,,
510,5502,1,1M4E,pending,,,
511,5503,1,1M39,pending,,,
512,5506,1,1NWV,pending,,,
513,5511,7,1E96;1FOE;1G4U;1HE1;1HH4;1I4D;1I4T,pending,,,
514,5516,1,1RSF,pending,,,
515,5525,1,1M9O,pending,,,
516,5527,1,1MB6,pending,,,
517,5528,1,1M82,pending,,,
518,5529,1,1M9G,pending,,,
519,5530,1,1LUX,pending,,,
520,5531,1,1LUU,pending,,,
521,5532,2,1M4P;1M4Q,pending,,,
522,5535,1,1MSZ,pending,,,
523,5536,1,1RKN,pending,,,
524,5538,1,1H3Z,pending,,,
525,5542,1,1OMQ,pending,,,
526,5544,4,1B4C;1DT7;1MWN;1QLK,pending,,,
527,5545,1,1RMJ,pending,,,
528,5551,1,1H0Z,pending,,,
529,5552,1,1M3G,pending,,,
530,5553,1,1MFY,pending,,,
531,5554,1,1MKE,pending,,,
532,5555,1,1MM2,pending,,,
533,5556,1,1MM3,pending,,,
534,5557,2,1MM4;1MM5,pending,,,
535,5558,1,1H5P,pending,,,
536,5560,1,1RDU,pending,,,
537,5561,1,1O6X,pending,,,
538,5562,1,1N1K,pending,,,
539,5564,1,1MZK,pending,,,
540,5565,1,1XHH,pending,,,
541,5566,1,1N3H,pending,,,
542,5567,1,1N3J,pending,,,
543,5570,1,1Q27,pending,,,
544,5574,1,1MYU,pending,,,
545,5575,1,1MXQ,pending,,,
546,5576,1,1MO8,pending,,,
547,5577,1,1MO7,pending,,,
548,5578,1,1MX8,pending,,,
549,5579,1,1MX7,pending,,,
550,5580,1,1MQZ,pending,,,
551,5581,1,1MQX,pending,,,
552,5582,1,1MQY,pending,,,
553,5583,1,1L3H,pending,,,
554,5585,1,1MTQ,pending,,,
555,5586,1,1MV1,pending,,,
556,5587,1,1MV2,pending,,,
557,5588,1,1MV1,pending,,,
558,5589,1,1NXI,pending,,,
559,5596,1,1N91,pending,,,
560,5597,1,1N9C,pending,,,
561,5598,2,1OP1;1OV2,pending,,,
562,5599,1,1RW5,pending,,,
563,5601,1,1ZRP,pending,,,
564,5604,2,1MWY;1MWZ,pending,,,
565,5607,1,1MOT,pending,,,
566,5608,1,1NXN,pending,,,
567,5609,1,1N1U,pending,,,
568,5610,1,1MV4,pending,,,
569,5611,1,1N6T,pending,,,
570,5612,1,1N4N,pending,,,
571,5613,1,1N09,pending,,,
572,5614,1,1MUV,pending,,,
573,5616,1,1O6W,pending,,,
574,5617,1,1MVZ,pending,,,
575,5620,1,1NE3,pending,,,
576,5621,1,1NEI,pending,,,
577,5622,1,1NHO,pending,,,
578,5624,1,1ND9,pending,,,
579,5625,3,1A2I;2BPN;2CTH,pending,,,
580,5631,1,1N7T,pending,,,
581,5632,1,1NA2,pending,,,
582,5633,1,1J0T,pending,,,
583,5652,1,1NE5,pending,,,
584,5653,1,1J0T,pending,,,
585,5654,1,1MPE,pending,,,
586,5655,1,1NC0,pending,,,
587,5657,1,1NR3,pending,,,
588,5659,1,2IN2,pending,,,
589,5660,1,1AKK,pending,,,
590,5664,1,1NQ4,pending,,,
591,5667,1,1N0Z,pending,,,
592,5668,1,1NKU,pending,,,
593,5669,1,1NJ3,pending,,,
594,5670,1,1NBL,pending,,,
595,5671,1,1NAJ,pending,,,
596,5672,1,1NH5,pending,,,
597,5673,1,1NAU,pending,,,
598,5674,1,1NIY,pending,,,
599,5675,1,1NIX,pending,,,
600,5676,1,1N8M,pending,,,
601,5677,3,1K05;1K40;1KTM,pending,,,
602,5678,1,1S7E,pending,,,
603,5681,1,1N96,pending,,,
604,5683,1,1NWB,pending,,,
605,5688,2,1N5H;1N5P,pending,,,
606,5689,2,1QWV;1TWO,pending,,,
607,5690,2,1JE9;1NOR,pending,,,
608,5691,1,1NY4,pending,,,
609,5694,1,1UAO,pending,,,
610,5695,1,1NYN,pending,,,
611,5696,1,1RGW,pending,,,
612,5698,1,1NMR,pending,,,
613,5701,2,1R6E;1R9K,pending,,,
614,5702,1,1AXH,pending,,,
615,5705,1,2KOC,pending,,,
616,5706,1,1NY9,pending,,,
617,5708,1,1O53,pending,,,
618,5710,1,1OQK,pending,,,
619,5713,1,1HJM,pending,,,
620,5714,1,1ONM,pending,,,
621,5716,3,1K8J;1K8L;1K8N,pending,,,
622,5717,3,1K8J;1K8L;1K8N,pending,,,
623,5718,3,1K8J;1K8L;1K8N,pending,,,
624,5719,1,1S79,pending,,,
625,5720,1,1AKE,pending,,,
626,5722,1,1OQP,pending,,,
627,5729,2,1K76;1KFZ,pending,,,
628,5730,1,1N8C,pending,,,
629,5735,1,1NMJ,pending,,,
630,5737,1,1NP9,pending,,,
631,5738,1,1NPQ,pending,,,
632,5739,1,1N1N,pending,,,
633,5742,1,1ON4,pending,,,
634,5744,1,1XQ8,pending,,,
635,5745,1,1HKO,pending,,,
636,5746,1,1AKE,pending,,,
637,5747,1,1NVO,pending,,,
638,5748,1,1RYU,pending,,,
639,5750,1,1OSX,pending,,,
640,5753,1,1NG7,pending,,,
641,5757,1,1K1C,pending,,,
642,5758,1,1OVQ,pending,,,
643,5764,1,1NO8,pending,,,
644,5765,1,1SU4,pending,,,
645,5766,1,1NZP,pending,,,
646,5767,1,1ORL,pending,,,
647,5768,1,1OQ6,pending,,,
648,5769,2,1OPZ;1OQ3,pending,,,
649,5770,1,1NWD,pending,,,
650,5771,2,1E9T;1PE3,pending,,,
651,5773,1,1N8X,pending,,,
652,5775,1,1NTQ,pending,,,
653,5776,1,1NTS,pending,,,
654,5777,1,1NTT,pending,,,
655,5779,1,1NNV,pending,,,
656,5780,1,1UCP,pending,,,
657,5781,1,1OO7,pending,,,
658,5785,1,1OO9,pending,,,
659,5786,1,1OP4,pending,,,
660,5787,1,1Z5F,pending,,,
661,5790,1,1NWB,pending,,,
662,5791,1,1OSL,pending,,,
663,5796,1,1PA4,pending,,,
664,5798,1,1NY8,pending,,,
665,5801,1,1P9J,pending,,,
666,5807,1,1VD0,pending,,,
667,5808,1,1PD7,pending,,,
668,5813,1,1P6T,pending,,,
669,5815,1,1NH4,pending,,,
670,5817,1,1PB5,pending,,,
671,5818,1,1P9K,pending,,,
672,5820,1,1PJZ,pending,,,
673,5821,1,1JMC,pending,,,
674,5822,1,1JMC,pending,,,
675,5823,1,1JMC,pending,,,
676,5824,2,1Q6A;1Q6B,pending,,,
677,5833,1,1R3B,pending,,,
678,5834,1,1PJY,pending,,,
679,5836,1,1POQ,pending,,,
680,5839,2,2IGD;2IGH,pending,,,
681,5841,1,1MZK,pending,,,
682,5842,2,1Q48;1R9P,pending,,,
683,5843,1,1Q53,pending,,,
684,5844,2,2M6Q;2M8W,pending,,,
685,5845,2,1R57;2H5M,pending,,,
686,5847,1,1PV0,pending,,,
687,5848,1,1UGL,pending,,,
688,5849,1,1UFM,pending,,,
689,5850,1,1P8A,pending,,,
690,5851,1,1P7A,pending,,,
691,5852,1,1OW9,pending,,,
692,5859,1,1PP5,pending,,,
693,5860,1,1PXQ,pending,,,
694,5861,1,1RFL,pending,,,
695,5864,1,1P9F,pending,,,
696,5865,1,1PVZ,pending,,,
697,5866,1,1PPX,pending,,,
698,5867,1,1UHF,pending,,,
699,5868,1,1PVE,pending,,,
700,5869,1,1PQR,pending,,,
701,5870,1,1UGT,pending,,,
702,5873,2,1P6R;2P7C,pending,,,
703,5874,2,1JRU;1VAZ,pending,,,
704,5875,1,1Q1O,pending,,,
705,5876,2,1JRU;1V92,pending,,,
706,5877,2,1PJF;1ZN5,pending,,,
707,5878,1,1SSF,pending,,,
708,5879,1,1Q5F,pending,,,
709,5880,1,1UHU,pending,,,
710,5881,1,1Q2J,pending,,,
711,5882,2,2KA3;2OII,pending,,,
712,5885,2,1PZQ;1PZR,pending,,,
713,5891,1,1XSX,pending,,,
714,5892,1,2A2Y,pending,,,
715,5899,1,1PUX,pending,,,
716,5900,1,1PPQ,pending,,,
717,5901,1,1PXE,pending,,,
718,5902,3,1H3Z;1RI0;2NLU,pending,,,
719,5903,1,2I83,pending,,,
720,5905,6,1AZP;1AZQ;1C8C;1CA5;1CA6;1SAP,pending,,,
721,5907,1,1RW2,pending,,,
722,5908,6,1AZP;1AZQ;1C8C;1CA5;1CA6;1SAP,pending,,,
723,5909,8,1BBX;1BF4;1BNZ;1C8C;1CA5;1CA6;1JIC;1SSO,pending,,,
724,5910,8,1BBX;1BF4;1BNZ;1C8C;1CA5;1CA6;1JIC;1SSO,pending,,,
725,5911,2,1Q2F;1Q2I,pending,,,
726,5912,1,1Q2Z,pending,,,
727,5913,1,1PE4,pending,,,
728,5914,1,1PLX,pending,,,
729,5915,1,1PLW,pending,,,
730,5917,1,1Q8K,pending,,,
731,5919,1,1MNX,pending,,,
732,5920,1,1UMQ,pending,,,
733,5922,1,1UJL,pending,,,
734,5923,1,2A37,pending,,,
735,5924,1,1QVX,pending,,,
736,5925,1,2A36,pending,,,
737,5926,1,1RWD,pending,,,
738,5927,1,1PQQ,pending,,,
739,5928,2,1VDY;2DCP,pending,,,
740,5929,2,1VEE;2DCQ,pending,,,
741,5932,1,1Q75,pending,,,
742,5933,1,1X9X,pending,,,
743,5934,1,1Q7O,pending,,,
744,5935,2,1BIF;1TIP,pending,,,
745,5937,1,1Q7X,pending,,,
746,5938,3,1G89;1QX9;1QXQ,pending,,,
747,5939,1,2JP2,pending,,,
748,5940,1,2ARW,pending,,,
749,5941,3,1G89;1QX9;1QXQ,pending,,,
750,5944,1,1Q68,pending,,,
751,5945,1,1Q69,pending,,,
752,5946,1,2FVN,pending,,,
753,5947,1,1RXL,pending,,,
754,5948,1,1Q7J,pending,,,
755,5949,1,1Q7I,pending,,,
756,5950,1,2BN8,pending,,,
757,5956,1,1R05,pending,,,
758,5958,1,1V49,pending,,,
759,5960,1,2H3Q,pending,,,
760,5961,2,2FYJ;2FYL,pending,,,
761,5962,1,1R2P,pending,,,
762,5963,1,2APN,pending,,,
763,5964,1,1UNC,pending,,,
764,5965,1,1UNC,pending,,,
765,5966,1,1UND,pending,,,
766,5967,1,1Q9P,pending,,,
767,5968,1,1QZP,pending,,,
768,5969,1,1O5P,pending,,,
769,5970,1,1OVY,pending,,,
770,5971,1,1Z66,pending,,,
771,5972,1,1R48,pending,,,
772,5975,2,1R2U;1R6P,pending,,,
773,5977,1,1R73,pending,,,
774,5978,5,1R7C;1R7D;1R7E;1R7F;1R7G,pending,,,
775,5979,1,1R2L,pending,,,
776,5981,1,1YHO,pending,,,
777,5985,1,1UL2,pending,,,
778,5986,1,1V28,pending,,,
779,5987,1,1R8U,pending,,,
780,5988,1,1RGJ,pending,,,
781,5989,1,5NPN,pending,,,
782,5991,1,1R36,pending,,,
783,5992,1,2A4J,pending,,,
784,5994,2,1R02;1WSO,pending,,,
785,5998,1,2F1E,pending,,,
786,6001,1,1XWE,pending,,,
787,6002,1,1RG6,pending,,,
788,6004,1,1Q8G,pending,,,
789,6005,1,1RGO,pending,,,
790,6006,1,1V46,pending,,,
791,6007,1,1RJH,pending,,,
792,6009,1,1RDE,pending,,,
793,6010,1,1RHX,pending,,,
794,6011,1,1RJJ,pending,,,
795,6012,1,1RL1,pending,,,
796,6014,1,2DDY,pending,,,
797,6015,1,2AVG,pending,,,
798,6017,1,1V4Z,pending,,,
799,6018,1,1V50,pending,,,
800,6020,1,1RKK,pending,,,
801,6022,1,1Q8L,pending,,,
802,6024,2,1ERM;1ERO,pending,,,
803,6027,1,1R9I,pending,,,
804,6028,1,1RQ6,pending,,,
805,6029,3,1SVJ;1U7Q;2A29,pending,,,
806,6030,1,2A29,pending,,,
807,6032,1,1WM4,pending,,,
808,6034,1,1QTS,pending,,,
809,6037,2,1RJI;1WT8,pending,,,
810,6038,1,1RJT,pending,,,
811,6039,1,1R9V,pending,,,
812,6040,2,1RG3;1RG4,pending,,,
813,6041,2,1QVK;1QVL,pending,,,
814,6042,1,1RFR,pending,,,
815,6043,1,2P80,pending,,,
816,6044,1,1S7A,pending,,,
817,6045,1,1S04,pending,,,
818,6046,1,1S6N,pending,,,
819,6047,1,1S6L,pending,,,
820,6049,1,1RK9,pending,,,
821,6052,1,1SGO,pending,,,
822,6053,1,1ADN,pending,,,
823,6054,1,1ADN,pending,,,
824,6056,1,1RKL,pending,,,
825,6058,1,1RZW,pending,,,
826,6059,1,1RFH,pending,,,
827,6060,2,1GM1;1VJ6,pending,,,
828,6062,2,1S2F;1S34,pending,,,
829,6063,1,1RIM,pending,,,
830,6064,1,1RIK,pending,,,
831,6066,1,1RYV,pending,,,
832,6067,1,1RYG,pending,,,
833,6068,2,1RU5;1RUU,pending,,,
834,6069,1,1RY3,pending,,,
835,6070,1,1V6R,pending,,,
836,6072,1,1V66,pending,,,
837,6073,1,1U3N,pending,,,
838,6075,2,1Z2D;1Z2E,pending,,,
839,6076,1,1R7W,pending,,,
840,6077,1,1R7Z,pending,,,
841,6079,1,1TI3,pending,,,
842,6081,1,2JNF,pending,,,
843,6082,1,1S6D,pending,,,
844,6083,1,1S4T,pending,,,
845,6084,1,1SQ8,pending,,,
846,6085,1,1S6W,pending,,,
847,6088,1,1RIJ,pending,,,
848,6089,1,1SIY,pending,,,
849,6090,1,2GT3,pending,,,
850,6091,1,1GM1,pending,,,
851,6092,1,1GM1,pending,,,
852,6093,1,1POZ,pending,,,
853,6095,1,1SB0,pending,,,
854,6096,1,1RHW,pending,,,
855,6101,1,1S1O,pending,,,
856,6102,1,1RWU,pending,,,
857,6103,1,1S6J,pending,,,
858,6104,1,1S6I,pending,,,
859,6105,1,1S4A,pending,,,
860,6106,1,1S4J,pending,,,
861,6107,1,1S4H,pending,,,
862,6108,1,1RRZ,pending,,,
863,6109,1,1S8K,pending,,,
864,6110,1,1UUC,pending,,,
865,6111,1,1Z2F,pending,,,
866,6114,1,1OQA,pending,,,
867,6120,1,1T17,pending,,,
868,6121,1,2DHS,pending,,,
869,6122,2,1SLJ;1SMX,pending,,,
870,6123,3,1HEV;1Q9B;1T0W,pending,,,
871,6126,1,1RY4,pending,,,
872,6127,1,1SE7,pending,,,
873,6128,1,1SE9,pending,,,
874,6129,1,1S6U,pending,,,
875,6130,1,1S6O,pending,,,
876,6131,1,1SH4,pending,,,
877,6134,1,1SA8,pending,,,
878,6135,1,1RMK,pending,,,
879,6137,1,1SM7,pending,,,
880,6138,1,1T0G,pending,,,
881,6139,1,1SS3,pending,,,
882,6150,1,2POA,pending,,,
883,6151,1,1SMZ,pending,,,
884,6152,1,1SJ6,pending,,,
885,6154,1,1VD9,pending,,,
886,6155,1,1VDA,pending,,,
887,6156,2,1VD7;1VDB,pending,,,
888,6157,1,1VD8,pending,,,
889,6158,1,1SN6,pending,,,
890,6159,1,2B1O,pending,,,
891,6160,1,1SSU,pending,,,
892,6161,1,1UST,pending,,,
893,6162,1,1USS,pending,,,
894,6165,1,1SSL,pending,,,
895,6166,1,1SS2,pending,,,
896,6167,1,1SNL,pending,,,
897,6168,1,1SKL,pending,,,
898,6169,1,1SKK,pending,,,
899,6170,1,1SKI,pending,,,
900,6171,1,1SRZ,pending,,,
901,6172,1,1SB6,pending,,,
902,6173,1,2LP6,pending,,,
903,6175,1,1SZL,pending,,,
904,6176,1,1T0Y,pending,,,
905,6177,1,1SJR,pending,,,
906,6178,1,1SJQ,pending,,,
907,6179,1,1UVF,pending,,,
908,6180,1,1UVG,pending,,,
909,6185,1,1RZS,pending,,,
910,6186,1,1SY8,pending,,,
911,6187,1,1SF0,pending,,,
912,6188,1,1ST7,pending,,,
913,6189,1,1SS6,pending,,,
914,6190,2,1SO9;1SP0,pending,,,
915,6191,2,1SX0;1SX1,pending,,,
916,6192,1,1AXH,pending,,,
917,6194,1,1AXH,pending,,,
918,6197,1,2BTT,pending,,,
919,6198,1,1T3V,pending,,,
920,6200,1,1SP7,pending,,,
921,6201,1,1T6W,pending,,,
922,6203,1,1T1P,pending,,,
923,6204,1,1T1K,pending,,,
924,6205,1,1T1Q,pending,,,
925,6208,1,1TUZ,pending,,,
926,6209,1,1TIZ,pending,,,
927,6211,1,1TDP,pending,,,
928,6216,1,1SRK,pending,,,
929,6217,1,1T55,pending,,,
930,6218,1,1T54,pending,,,
931,6219,1,1T52,pending,,,
932,6220,1,1T51,pending,,,
933,6221,1,1XSF,pending,,,
934,6222,1,1T1T,pending,,,
935,6225,1,2GS0,pending,,,
936,6226,1,2RST,pending,,,
937,6227,1,1BTA,pending,,,
938,6231,1,2GO0,pending,,,
939,6233,3,1YX4;1YX5;1YX6,pending,,,
940,6235,1,2N1T,pending,,,
941,6236,1,1TKN,pending,,,
942,6238,1,1TOT,pending,,,
943,6241,1,1YZB,pending,,,
944,6244,1,1TM9,pending,,,
945,6245,1,1T5Q,pending,,,
946,6246,1,1T5M,pending,,,
947,6247,1,1TH5,pending,,,
948,6248,1,1TTV,pending,,,
949,6254,1,1TXE,pending,,,
950,6259,1,1TVM,pending,,,
951,6260,1,1U0I,pending,,,
952,6261,1,1W1F,pending,,,
953,6262,1,1TK7,pending,,,
954,6263,1,1SPW,pending,,,
955,6264,2,1TV0;2GW9,pending,,,
956,6265,1,1T1H,pending,,,
957,6266,1,1TL4,pending,,,
958,6268,1,1U2N,pending,,,
959,6269,1,1U3M,pending,,,
960,6272,1,1Z9V,pending,,,
961,6282,1,1U5L,pending,,,
962,6284,1,2HAJ,pending,,,
963,6285,1,1U89,pending,,,
964,6286,1,1XC5,pending,,,
965,6287,1,1SXD,pending,,,
966,6289,1,1TM6,pending,,,
967,6290,1,1T2Y,pending,,,
968,6293,1,1WNM,pending,,,
969,6294,1,1WNN,pending,,,
970,6295,1,1TVC,pending,,,
971,6296,1,1WNK,pending,,,
972,6298,2,1TEY;2IIJ,pending,,,
973,6299,1,1U5M,pending,,,
974,6300,1,1U3O,pending,,,
975,6301,1,1U2U,pending,,,
976,6302,1,1U7M,pending,,,
977,6303,1,1U7J,pending,,,
978,6307,1,1U64,pending,,,
979,6311,1,2AFJ,pending,,,
980,6312,1,1W7D,pending,,,
981,6313,3,1GM0;1LS8;1XFR,pending,,,
982,6315,1,1U6F,pending,,,
983,6317,1,2GZU,pending,,,
984,6318,1,1XFL,pending,,,
985,6320,1,1XHP,pending,,,
986,6321,1,1XFN,pending,,,
987,6322,1,1XFQ,pending,,,
988,6324,1,1X9A,pending,,,
989,6325,1,1WO7,pending,,,
990,6326,1,1WO6,pending,,,
991,6327,1,1WO5,pending,,,
992,6328,1,1WO4,pending,,,
993,6329,1,1WO3,pending,,,
994,6330,1,1XSA,pending,,,
995,6331,2,1WQU;2DCR,pending,,,
996,6333,1,2XV9,pending,,,
997,6335,1,1XJH,pending,,,
998,6336,2,1XSB;1XSC,pending,,,
999,6337,1,1XO3,pending,,,
1000,6338,1,2EVN,pending,,,
1001,6339,1,1XO8,pending,,,
1002,6341,1,1XOY,pending,,,
1003,6342,1,1XOX,pending,,,
1004,6343,1,1XPN,pending,,,
1005,6344,1,1XPW,pending,,,
1006,6347,1,1WPD,pending,,,
1007,6349,1,1XRD,pending,,,
1008,6350,1,1WRG,pending,,,
1009,6354,1,1TQZ,pending,,,
1010,6355,1,1XHJ,pending,,,
1011,6356,1,2GA5,pending,,,
1012,6357,2,1ERM;1ERO,pending,,,
1013,6358,1,1XS3,pending,,,
1014,6359,1,1XS8,pending,,,
1015,6362,2,1XJS;2AZH,pending,,,
1016,6365,1,1XN6,pending,,,
1017,6366,1,1ZTS,pending,,,
1018,6367,1,1XN7,pending,,,
1019,6369,1,1XN5,pending,,,
1020,6370,1,1WQK,pending,,,
1021,6374,1,1XWH,pending,,,
1022,6376,1,2BVB,pending,,,
1023,6377,1,1XYJ,pending,,,
1024,6378,1,1XYK,pending,,,
1025,6380,1,1XYQ,pending,,,
1026,6381,1,1XYU,pending,,,
1027,6382,1,1XU0,pending,,,
1028,6383,1,1XYW,pending,,,
1029,6384,1,1XUT,pending,,,
1030,6386,1,1Y1B,pending,,,
1031,6387,1,1Y1C,pending,,,
1032,6388,1,1XV3,pending,,,
1033,6389,1,1WT7,pending,,,
1034,6390,1,2AGM,pending,,,
1035,6392,1,1O7B,pending,,,
1036,6393,1,1O7C,pending,,,
1037,6395,2,1YR1;2ALJ,pending,,,
1038,6396,1,1Y4O,pending,,,
1039,6398,1,1Y9O,pending,,,
1040,6399,1,1HH8,pending,,,
1041,6400,1,2F76,pending,,,
1042,6401,1,2F77,pending,,,
1043,6402,1,1Y00,pending,,,
1044,6403,1,1Y2S,pending,,,
1045,6407,1,2FK4,pending,,,
1046,6410,2,1Z7P;1Z7R,pending,,,
1047,6416,1,1UIV,pending,,,
1048,6419,1,1XU6,pending,,,
1049,6420,1,1XT7,pending,,,
1050,6421,1,1XXZ,pending,,,
1051,6422,1,1XY4,pending,,,
1052,6423,1,1XY5,pending,,,
1053,6424,1,1XY6,pending,,,
1054,6425,1,1XY8,pending,,,
1055,6426,1,1XY9,pending,,,
1056,6427,2,1Y03;1Y04,pending,,,
1057,6434,1,1Z1Z,pending,,,
1058,6437,2,2GMC;2GMD,pending,,,
1059,6438,1,2J48,pending,,,
1060,6443,1,1YDU,pending,,,
1061,6444,2,1YCM;1Z3J,pending,,,
1062,6446,1,1Y4E,pending,,,
1063,6447,1,1Y7X,pending,,,
1064,6448,1,1XHS,pending,,,
1065,6454,1,2AVX,pending,,,
1066,6456,1,1WA7,pending,,,
1067,6457,1,2MOR,pending,,,
1068,6459,1,1YIU,pending,,,
1069,6462,1,1Y5C,pending,,,
1070,6463,1,1Y58,pending,,,
1071,6464,1,1YEL,pending,,,
1072,6465,1,2AIZ,pending,,,
1073,6467,1,1WXN,pending,,,
1074,6468,1,2LGC,pending,,,
1075,6474,1,1MZK,pending,,,
1076,6475,2,2BGO;2BGP,pending,,,
1077,6476,1,1YQA,pending,,,
1078,6477,1,1YMO,pending,,,
1079,6478,1,1YFB,pending,,,
1080,6479,1,1Y6U,pending,,,
1081,6480,1,1YJV,pending,,,
1082,6481,1,1YJU,pending,,,
1083,6482,1,1YJT,pending,,,
1084,6483,1,1YJR,pending,,,
1085,6484,1,2CXJ,pending,,,
1086,6489,1,1WU0,pending,,,
1087,6493,1,2A3J,pending,,,
1088,6498,1,1YSM,pending,,,
1089,6499,1,1XKM,pending,,,
1090,6505,1,1YEZ,pending,,,
1091,6506,1,2CA7,pending,,,
1092,6507,2,1WUM;1ZS5,pending,,,
1093,6508,2,1WUG;1ZS5,pending,,,
1094,6509,2,1YG3;1YG4,pending,,,
1095,6510,1,1YXE,pending,,,
1096,6511,1,1YT6,pending,,,
1097,6516,2,2FQ0;2FQ2,pending,,,
1098,6519,2,1YX7;1YX8,pending,,,
1099,6520,1,2BIC,pending,,,
1100,6527,1,1Z09,pending,,,
1101,6529,1,2LVF,pending,,,
1102,6530,1,1YMZ,pending,,,
1103,6531,2,1YUT;1YUU,pending,,,
1104,6532,2,1YUR;1YUS,pending,,,
1105,6536,1,2GTJ,pending,,,
1106,6539,1,2GTO,pending,,,
1107,6540,1,2AXL,pending,,,
1108,6543,1,1Z2J,pending,,,
1109,6549,1,2QMV,pending,,,
1110,6551,2,1Z00;2AQ0,pending,,,
1111,6552,1,1YZC,pending,,,
1112,6553,1,1YZA,pending,,,
1113,6554,1,1Z0Q,pending,,,
1114,6555,1,1YWS,pending,,,
1115,6556,1,1YYB,pending,,,
1116,6557,1,1WZ4,pending,,,
1117,6558,1,1YWJ,pending,,,
1118,6559,1,1YWI,pending,,,
1119,6560,2,1YYJ;1YYX,pending,,,
1120,6561,1,1YTR,pending,,,
1121,6562,1,1Z30,pending,,,
1122,6564,1,2BO5,pending,,,
1123,6570,1,1ZZP,pending,,,
1124,6573,1,1YXR,pending,,,
1125,6574,1,1YVC,pending,,,
1126,6580,1,2BBU,pending,,,
1127,6581,2,2OI3;2OJ2,pending,,,
1128,6589,1,1X32,pending,,,
1129,6591,1,1MMC,pending,,,
1130,6594,1,1Z2Q,pending,,,
1131,6596,1,1ZA8,pending,,,
1132,6597,3,1X0O;2A24;2HV1,pending,,,
1133,6598,1,1Z65,pending,,,
1134,6599,1,1Z6H,pending,,,
1135,6600,1,1Z7T,pending,,,
1136,6609,1,1TTN,pending,,,
1137,6612,1,1Z1M,pending,,,
1138,6613,1,1Z8R,pending,,,
1139,6615,1,1X37,pending,,,
1140,6620,1,2GOV,pending,,,
1141,6624,1,2BYE,pending,,,
1142,6625,3,2AI6;2OZW;2OZX,pending,,,
1143,6627,1,1ZNU,pending,,,
1144,6629,1,1ZDV,pending,,,
1145,6631,1,1ZKH,pending,,,
1146,6633,1,1ZC5,pending,,,
1147,6635,1,2BYF,pending,,,
1148,6636,1,1X5V,pending,,,
1149,6637,1,1MMC,pending,,,
1150,6639,1,1MMC,pending,,,
1151,6644,1,2MUI,pending,,,
1152,6645,1,2ITH,pending,,,
1153,6647,1,1MMC,pending,,,
1154,6649,1,1X60,pending,,,
1155,6652,1,2ADT,pending,,,
1156,6654,2,1ZJQ;2AAP,pending,,,
1157,6655,1,1ZU1,pending,,,
1158,6656,1,1ZNT,pending,,,
1159,6681,1,2OBU,pending,,,
1160,6682,1,1ZR9,pending,,,
1161,6690,1,2BN5,pending,,,
1162,6692,1,2BUN,pending,,,
1163,6696,1,2BUG,pending,,,
1164,6699,1,2MAZ,pending,,,
1165,6714,1,2A1C,pending,,,
1166,6715,1,1ZZA,pending,,,
1167,6716,1,1Z8S,pending,,,
1168,6717,1,1ZG2,pending,,,
1169,6718,1,1ZV6,pending,,,
1170,6720,1,1ZLC,pending,,,
1171,6721,2,1ZR7;2DYF,pending,,,
1172,6726,3,1ZXF;2GKD;2L65,pending,,,
1173,6727,1,2AJE,pending,,,
1174,6728,1,2A9H,pending,,,
1175,6729,1,2E2F,pending,,,
1176,6730,1,2AAV,pending,,,
1177,6731,1,2BW2,pending,,,
1178,6737,1,2A2B,pending,,,
1179,6738,1,2A4H,pending,,,
1180,6739,1,2A2P,pending,,,
1181,6740,1,2A05,pending,,,
1182,6741,2,2DWF;2JOU,pending,,,
1183,6742,1,2AGA,pending,,,
1184,6743,2,2ADL;2ADN,pending,,,
1185,6746,1,2AKK,pending,,,
1186,6748,1,2AFF,pending,,,
1187,6749,1,2CZY,pending,,,
1188,6750,1,2AGH,pending,,,
1189,6751,2,2AFD;2AFE,pending,,,
1190,6752,1,1Z87,pending,,,
1191,6753,1,2ADZ,pending,,,
1192,6755,1,2ABY,pending,,,
1193,6757,4,2AJJ;2AJM;2AJN;2AJO,pending,,,
1194,6759,1,2H3K,pending,,,
1195,6760,1,2NPU,pending,,,
1196,6761,1,2AL3,pending,,,
1197,6762,1,1Z4H,pending,,,
1198,6763,1,2HST,pending,,,
1199,6766,1,2AKL,pending,,,
1200,6769,1,2LKI,pending,,,
1201,6771,1,2A63,pending,,,
1202,6774,1,2AP7,pending,,,
1203,6775,1,2AP8,pending,,,
1204,6776,1,2BZT,pending,,,
1205,6779,1,1ZDX,pending,,,
1206,6780,1,2OUT,pending,,,
1207,6781,2,2AQE;2AQF,pending,,,
1208,6786,1,2IEM,pending,,,
1209,6790,2,2FVA;2FVF,pending,,,
1210,6794,1,2C34,pending,,,
1211,6797,1,2PXG,pending,,,
1212,6800,1,2GG1,pending,,,
1213,6801,1,2AWT,pending,,,
1214,6803,2,2D1U;2K1X,pending,,,
1215,6804,2,2B88;2K1W,pending,,,
1216,6805,1,2B89,pending,,,
1217,6806,1,2B87,pending,,,
1218,6809,2,2FFK;2FIN,pending,,,
1219,6810,1,2AYX,pending,,,
1220,6811,1,2AJ0,pending,,,
1221,6812,1,2FQH,pending,,,
1222,6814,1,2AU4,pending,,,
1223,6815,1,2ATG,pending,,,
1224,6816,1,2AHQ,pending,,,
1225,6817,1,2AK0,pending,,,
1226,6818,1,2AJW,pending,,,
1227,6820,1,2AMI,pending,,,
1228,6821,1,2AF2,pending,,,
1229,6822,1,2L7H,pending,,,
1230,6826,1,2FY9,pending,,,
1231,6829,1,2CZN,pending,,,
1232,6835,1,2AMN,pending,,,
1233,6841,1,2B1U,pending,,,
1234,6843,1,2B1W,pending,,,
1235,6844,1,2AYM,pending,,,
1236,6845,1,2AQC,pending,,,
1237,6846,1,2AQA,pending,,,
1238,6849,1,2B68,pending,,,
1239,6850,1,2B7E,pending,,,
1240,6856,1,2AIZ,pending,,,
1241,6858,1,2AIZ,pending,,,
1242,6860,1,2GW6,pending,,,
1243,6863,1,2BAI,pending,,,
1244,6865,1,2BBX,pending,,,
1245,6867,1,2ARI,pending,,,
1246,6868,1,2ASY,pending,,,
1247,6869,1,2AYA,pending,,,
1248,6872,1,2B38,pending,,,
1249,6874,1,2C52,pending,,,
1250,6876,1,2FO8,pending,,,
1251,6882,1,2ERS,pending,,,
1252,6884,1,2FHM,pending,,,
1253,6885,1,2CKN,pending,,,
1254,6888,2,2G0K;2G0L,pending,,,
1255,6891,1,2EW4,pending,,,
1256,6892,1,2ESY,pending,,,
1257,6893,1,2BAF,pending,,,
1258,6894,1,2B3A,pending,,,
1259,6895,1,2ERR,pending,,,
1260,6896,1,2BC8,pending,,,
1261,6897,1,2BC7,pending,,,
1262,6898,2,2BBL;2BBP,pending,,,
1263,6907,1,2F3V,pending,,,
1264,6908,1,2F3W,pending,,,
1265,6910,1,2FE0,pending,,,
1266,6912,1,2I9H,pending,,,
1267,6914,1,2ARF,pending,,,
1268,6915,1,2LA1,pending,,,
1269,6916,2,2EWL;2F8B,pending,,,
1270,6919,1,2CH0,pending,,,
1271,6920,1,2FFW,pending,,,
1272,6921,1,2I96,pending,,,
1273,6922,1,2FE9,pending,,,
1274,6923,1,2MF9,pending,,,
1275,6924,1,2AXK,pending,,,
1276,6925,1,2C06,pending,,,
1277,6926,1,2FFT,pending,,,
1278,6927,1,2G5M,pending,,,
1279,6929,1,2FGX,pending,,,
1280,6931,1,2FLJ,pending,,,
1281,6933,1,2FN5,pending,,,
1282,6934,1,2FEK,pending,,,
1283,6938,1,2V1N,pending,,,
1284,6943,1,2JNT,pending,,,
1285,6945,1,2FS1,pending,,,
1286,6946,1,2LKC,pending,,,
1287,6951,1,2FQC,pending,,,
1288,6952,1,2FQA,pending,,,
1289,6953,1,2FJ3,pending,,,
1290,6954,1,2DCI,pending,,,
1291,6955,1,2F09,pending,,,
1292,6956,1,2B6G,pending,,,
1293,6957,1,2FI2,pending,,,
1294,6960,1,2D82,pending,,,
1295,6962,1,2FVE,pending,,,
1296,6963,2,2DDI;2DDJ,pending,,,
1297,6964,1,2FVT,pending,,,
1298,6965,1,2FWL,pending,,,
1299,6969,1,2FXP,pending,,,
1300,6971,1,2DJK,pending,,,
1301,6972,1,2DJJ,pending,,,
1302,6975,1,2F8U,pending,,,
1303,6976,1,2FJ6,pending,,,
1304,6979,2,2DD2;2DD3,pending,,,
1305,6980,1,2G2B,pending,,,
1306,6981,1,2G0U,pending,,,
1307,6982,1,2G1E,pending,,,
1308,6986,1,2GJY,pending,,,
1309,6988,1,2DEN,pending,,,
1310,6989,1,2G1D,pending,,,
1311,6991,1,2CEH,pending,,,
1312,6993,1,2CEF,pending,,,
1313,6995,1,2LKD,pending,,,
1314,6996,1,2CEZ,pending,,,
1315,6997,1,2G46,pending,,,
1316,6998,1,2CFJ,pending,,,
1317,6999,1,2N5G,pending,,,
1318,7000,1,2A7Y,pending,,,
1319,7001,1,2G57,pending,,,
1320,7002,1,2G3Q,pending,,,
1321,7005,1,2DF0,pending,,,
1322,7006,1,2DEZ,pending,,,
1323,7007,1,2G0Q,pending,,,
1324,7008,1,2FWU,pending,,,
1325,7009,1,2FWS,pending,,,
1326,7010,1,2FLG,pending,,,
1327,7011,1,2FXZ,pending,,,
1328,7012,1,2FXY,pending,,,
1329,7014,1,2GDT,pending,,,
1330,7019,2,2GRI;2IDY,pending,,,
1331,7033,1,3THK,pending,,,
1332,7034,1,2GHF,pending,,,
1333,7035,1,2FRW,pending,,,
1334,7036,1,2FRY,pending,,,
1335,7050,1,2DJ9,pending,,,
1336,7051,1,2DJC,pending,,,
1337,7053,1,2V31,pending,,,
1338,7054,1,2GM2,pending,,,
1339,7056,1,2GMO,pending,,,
1340,7058,1,2DK9,pending,,,
1341,7061,1,2G35,pending,,,
1342,7063,1,2G7J,pending,,,
1343,7064,1,2GJ0,pending,,,
1344,7065,1,2G9L,pending,,,
1345,7067,1,2G31,pending,,,
1346,7068,1,2GA7,pending,,,
1347,7069,1,2G9O,pending,,,
1348,7070,1,2GO9,pending,,,
1349,7074,1,2GMG,pending,,,
1350,7075,1,2GPF,pending,,,
1351,7078,1,2AIH,pending,,,
1352,7079,1,2GQB,pending,,,
1353,7080,1,2G9J,pending,,,
1354,7083,1,2DJM,pending,,,
1355,7085,1,2GRG,pending,,,
1356,7087,1,2H0P,pending,,,
1357,7089,1,2MLS,pending,,,
1358,7092,1,2GL1,pending,,,
1359,7093,1,2GTV,pending,,,
1360,7095,1,2GOW,pending,,,
1361,7097,1,2GLO,pending,,,
1362,7098,1,2GM0,pending,,,
1363,7099,1,2GJI,pending,,,
1364,7101,1,2GJH,pending,,,
1365,7102,1,2GJF,pending,,,
1366,7103,1,2HJI,pending,,,
1367,7106,2,2JM5;2OWI,pending,,,
1368,7108,1,2GZY,pending,,,
1369,7109,1,2GZZ,pending,,,
1370,7111,1,2JZZ,pending,,,
1371,7112,1,2HWT,pending,,,
1372,7114,1,2H25,pending,,,
1373,7116,1,2GLW,pending,,,
1374,7117,1,2H1Z,pending,,,
1375,7119,1,2I3B,pending,,,
1376,7120,1,2GYT,pending,,,
1377,7121,1,2DO8,pending,,,
1378,7122,1,2G7H,pending,,,
1379,7124,1,2DQ5,pending,,,
1380,7125,1,2M6Z,pending,,,
1381,7127,2,2H41;2H45,pending,,,
1382,7128,1,2HA1,pending,,,
1383,7129,1,2GGR,pending,,,
1384,7137,1,2H7T,pending,,,
1385,7147,1,2H7B,pending,,,
1386,7150,2,2H7D;2H7E,pending,,,
1387,7151,1,2H80,pending,,,
1388,7158,1,2GQE,pending,,,
1389,7166,1,2H9X,pending,,,
1390,7167,1,2I3E,pending,,,
1391,7170,1,2HC5,pending,,,
1392,7177,1,2H8S,pending,,,
1393,7178,1,2GZP,pending,,,
1394,7180,1,2GZO,pending,,,
1395,7181,1,2H3J,pending,,,
1396,7182,1,2H7A,pending,,,
1397,7184,1,2GVS,pending,,,
1398,7185,1,2GUT,pending,,,
1399,7186,1,2GX1,pending,,,
1400,7189,1,2GI4,pending,,,
1401,7194,1,2HGH,pending,,,
1402,7201,1,2HJQ,pending,,,
1403,7205,1,2LCX,pending,,,
1404,7209,1,2IVW,pending,,,
1405,7220,1,2I85,pending,,,
1406,7223,1,2HJ8,pending,,,
1407,7224,1,2HG7,pending,,,
1408,7225,1,2HEP,pending,,,
1409,7226,1,2HGA,pending,,,
1410,7227,1,2HFI,pending,,,
1411,7228,1,2HI6,pending,,,
1412,7229,1,2HDL,pending,,,
1413,7230,1,2H49,pending,,,
1414,7232,1,2H3T,pending,,,
1415,7233,2,2H3S;2H4B,pending,,,
1416,7241,1,2HUG,pending,,,
1417,7243,1,2IZ4,pending,,,
1418,7251,1,2J0Z,pending,,,
1419,7252,2,2J10;2J11,pending,,,
1420,7256,1,2HFD,pending,,,
1421,7257,1,2HVZ,pending,,,
1422,7258,1,2HN8,pending,,,
1423,7259,1,2HTF,pending,,,
1424,7260,1,2HGC,pending,,,
1425,7261,1,2HJJ,pending,,,
1426,7262,1,2JM2,pending,,,
1427,7263,1,2I1P,pending,,,
1428,7266,1,2HFQ,pending,,,
1429,7268,1,2V37,pending,,,
1430,7269,1,2JNK,pending,,,
1431,7270,1,2O4E,pending,,,
1432,7271,1,2NNZ,pending,,,
1433,7272,1,2I59,pending,,,
1434,7273,1,2I1T,pending,,,
1435,7274,1,2HH8,pending,,,
1436,7276,1,2MEY,pending,,,
1437,7282,1,2I9M,pending,,,
1438,7283,1,2I9N,pending,,,
1439,7284,1,2I9O,pending,,,
1440,7285,2,2J4M;2J4N,pending,,,
1441,7287,1,2I7K,pending,,,
1442,7288,1,2J5D,pending,,,
1443,7291,1,2NPL,pending,,,
1444,7293,1,2I94,pending,,,
1445,7294,1,2IGZ,pending,,,
1446,7295,1,2IGZ,pending,,,
1447,7296,1,2I8F,pending,,,
1448,7297,1,2IDA,pending,,,
1449,7298,1,2I50,pending,,,
1450,7299,1,2J5H,pending,,,
1451,7301,1,2O3D,pending,,,
1452,7302,1,2I4K,pending,,,
1453,7305,1,2JM8,pending,,,
1454,7306,2,2JM9;2JMA,pending,,,
1455,7313,1,2IUE,pending,,,
1456,7314,1,2E34,pending,,,
1457,7315,2,2E35;2E36,pending,,,
1458,7320,2,2ITA;2NRG,pending,,,
1459,7322,1,2NLN,pending,,,
1460,7323,1,2NO8,pending,,,
1461,7324,1,2NPB,pending,,,
1462,7326,1,2NSV,pending,,,
1463,7327,1,2NSW,pending,,,
1464,7330,1,2E0H,pending,,,
1465,7339,1,2I9Y,pending,,,
1466,7341,1,2J15,pending,,,
1467,7342,1,2IWJ,pending,,,
1468,7349,1,2C0S,pending,,,
1469,7350,1,2BZB,pending,,,
1470,7351,1,2BZE,pending,,,
1471,7352,1,2BL6,pending,,,
1472,7354,1,2BJC,pending,,,
1473,7360,1,2IJY,pending,,,
1474,7361,1,2IT8,pending,,,
1475,7362,1,2NWT,pending,,,
1476,7364,1,2E5E,pending,,,
1477,7365,1,2E45,pending,,,
1478,7366,1,2NOC,pending,,,
1479,7367,1,2NS4,pending,,,
1480,7371,1,2OA4,pending,,,
1481,7376,1,2M30,pending,,,
1482,7381,1,2P0P,pending,,,
1483,7382,1,2OSR,pending,,,
1484,7383,1,2OSQ,pending,,,
1485,7384,1,2EC7,pending,,,
1486,7386,1,2P81,pending,,,
1487,7388,1,2P5J,pending,,,
1488,7389,1,2P5H,pending,,,
1489,7390,1,2JQR,pending,,,
1490,7392,1,2Z2G,pending,,,
1491,7395,1,2YZ0,pending,,,
1492,7396,1,2PP4,pending,,,
1493,7397,1,2YYF,pending,,,
1494,7399,1,2PJG,pending,,,
1495,7400,1,2PJI,pending,,,
1496,7401,1,2P6J,pending,,,
1497,7402,1,2PCO,pending,,,
1498,7403,1,2QH2,pending,,,
1499,7404,1,2QH3,pending,,,
1500,7405,1,2QH4,pending,,,
1501,7414,1,2JXY,pending,,,
1502,7415,1,2JXY,pending,,,
1503,7419,1,2V6Z,pending,,,
1504,7420,1,2JGW,pending,,,
1505,7421,1,2JGX,pending,,,
1506,7423,1,2K61,pending,,,
1507,7424,1,2K61,pending,,,
1508,7425,1,2K61,pending,,,
1509,7430,1,2K8V,pending,,,
1510,9500,1,1VDJ,pending,,,
1511,10001,1,2CZP,pending,,,
1512,10002,1,1VEX,pending,,,
1513,10006,1,1WFU,pending,,,
1514,10008,1,1WFT,pending,,,
1515,10009,1,1WFW,pending,,,
1516,10011,1,2COM,pending,,,
1517,10012,1,1VDI,pending,,,
1518,10013,1,1WIL,pending,,,
1519,10014,1,2F87,pending,,,
1520,10018,1,2FDT,pending,,,
1521,10019,1,2RQG,pending,,,
1522,10022,1,2E8D,pending,,,
1523,10024,1,2DW3,pending,,,
1524,10025,1,1UL7,pending,,,
1525,10026,1,1V5S,pending,,,
1526,10027,1,2E0G,pending,,,
1527,10028,1,2DWV,pending,,,
1528,10029,1,1WFV,pending,,,
1529,10030,1,1WJO,pending,,,
1530,10031,1,1WJR,pending,,,
1531,10032,1,1WJS,pending,,,
1532,10033,1,1WJZ,pending,,,
1533,10034,1,1WK0,pending,,,
1534,10035,1,1WK1,pending,,,
1535,10036,1,1WLM,pending,,,
1536,10037,1,1WJQ,pending,,,
1537,10038,1,1WJP,pending,,,
1538,10039,1,1WGQ,pending,,,
1539,10040,1,1WGR,pending,,,
1540,10041,1,1WGS,pending,,,
1541,10042,1,1WGV,pending,,,
1542,10043,1,1WGW,pending,,,
1543,10044,1,1WH5,pending,,,
1544,10045,1,1WH7,pending,,,
1545,10046,1,1WI0,pending,,,
1546,10047,1,2ECC,pending,,,
1547,10048,1,1WJI,pending,,,
1548,10049,1,1WJT,pending,,,
1549,10050,1,1WJU,pending,,,
1550,10054,1,1WFQ,pending,,,
1551,10055,1,1WFS,pending,,,
1552,10056,1,1WFY,pending,,,
1553,10057,1,1WFZ,pending,,,
1554,10058,1,1WIK,pending,,,
1555,10059,1,1WIN,pending,,,
1556,10060,1,1WJK,pending,,,
1557,10061,1,1WJL,pending,,,
1558,10063,1,1UE9,pending,,,
1559,10064,1,1UEW,pending,,,
1560,10065,1,1UFN,pending,,,
1561,10066,1,1UFX,pending,,,
1562,10067,1,1UHT,pending,,,
1563,10068,1,1UJO,pending,,,
1564,10069,1,1UJS,pending,,,
1565,10070,1,1WEZ,pending,,,
1566,10071,1,1WF1,pending,,,
1567,10072,1,1WF2,pending,,,
1568,10073,1,1WFJ,pending,,,
1569,10074,1,1WFM,pending,,,
1570,10075,1,1WFN,pending,,,
1571,10076,1,1WFO,pending,,,
1572,10077,1,1WI8,pending,,,
1573,10079,1,1V9V,pending,,,
1574,10080,1,1V9W,pending,,,
1575,10081,1,1VAE,pending,,,
1576,10082,1,1WEY,pending,,,
1577,10083,1,1WFG,pending,,,
1578,10084,1,1WFI,pending,,,
1579,10085,1,1WG5,pending,,,
1580,10086,1,1WGY,pending,,,
1581,10087,1,1WH3,pending,,,
1582,10088,1,1WHA,pending,,,
1583,10089,1,1WJ1,pending,,,
1584,10090,1,1WJJ,pending,,,
1585,10091,1,1WJN,pending,,,
1586,10092,1,1WH4,pending,,,
1587,10093,1,1WH6,pending,,,
1588,10094,1,1WH8,pending,,,
1589,10095,1,1WH9,pending,,,
1590,10097,1,1J0F,pending,,,
1591,10098,1,1R79,pending,,,
1592,10099,1,1UEM,pending,,,
1593,10100,1,1UEP,pending,,,
1594,10101,1,1UG7,pending,,,
1595,10102,1,1UJT,pending,,,
1596,10103,1,1UJU,pending,,,
1597,10104,1,1UJX,pending,,,
1598,10105,1,1V31,pending,,,
1599,10106,1,1V32,pending,,,
1600,10107,1,1V5K,pending,,,
1601,10108,1,1V5N,pending,,,
1602,10109,1,1V5Q,pending,,,
1603,10110,1,1V5R,pending,,,
1604,10111,1,1V63,pending,,,
1605,10112,1,1V86,pending,,,
1606,10113,1,1V5M,pending,,,
1607,10114,1,1V5U,pending,,,
1608,10115,1,1V88,pending,,,
1609,10118,1,2EXD,pending,,,
1610,10119,1,1IUR,pending,,,
1611,10120,1,1UFG,pending,,,
1612,10121,1,1J26,pending,,,
1613,10122,1,1J3T,pending,,,
1614,10123,1,1N27,pending,,,
1615,10124,1,1UJV,pending,,,
1616,10125,1,1WHN,pending,,,
1617,10126,1,1WHR,pending,,,
1618,10127,1,1WHU,pending,,,
1619,10128,1,1VA9,pending,,,
1620,10129,1,1WF5,pending,,,
1621,10130,1,1WF9,pending,,,
1622,10131,1,1V5P,pending,,,
1623,10132,1,2PAC,pending,,,
1624,10133,1,2PAC,pending,,,
1625,10136,1,1UFF,pending,,,
1626,10137,1,2E4J,pending,,,
1627,10138,1,2DOG,pending,,,
1628,10141,1,2E9G,pending,,,
1629,10142,1,2E9I,pending,,,
1630,10143,1,2E9J,pending,,,
1631,10144,1,2EE4,pending,,,
1632,10145,1,2EE5,pending,,,
1633,10146,1,2EE6,pending,,,
1634,10147,1,2EE7,pending,,,
1635,10148,1,2EE8,pending,,,
1636,10149,1,2E9K,pending,,,
1637,10150,1,2ELK,pending,,,
1638,10151,1,2EN6,pending,,,
1639,10152,1,2EN7,pending,,,
1640,10153,1,2EOV,pending,,,
1641,10154,1,2EOY,pending,,,
1642,10155,1,2EP2,pending,,,
1643,10156,1,2YTS,pending,,,
1644,10157,1,2EOS,pending,,,
1645,10158,1,2EOU,pending,,,
1646,10159,1,2EE9,pending,,,
1647,10160,1,2EEA,pending,,,
1648,10161,1,2EEB,pending,,,
1649,10162,1,2EEC,pending,,,
1650,10163,1,2EED,pending,,,
1651,10164,1,2EEE,pending,,,
1652,10165,1,2EEF,pending,,,
1653,10166,1,2EM1,pending,,,
1654,10167,1,2EM2,pending,,,
1655,10168,1,2EM3,pending,,,
1656,10169,1,2EN8,pending,,,
1657,10170,1,2EN9,pending,,,
1658,10171,1,2ENA,pending,,,
1659,10172,1,2ENC,pending,,,
1660,10173,1,2ENE,pending,,,
1661,10174,1,2ENF,pending,,,
1662,10175,1,2ENH,pending,,,
1663,10176,1,2YTM,pending,,,
1664,10177,1,2YTP,pending,,,
1665,10178,1,2YTT,pending,,,
1666,10179,1,2EM4,pending,,,
1667,10180,1,2EM7,pending,,,
1668,10181,1,2EM9,pending,,,
1669,10182,1,2EME,pending,,,
1670,10183,1,2EMF,pending,,,
1671,10184,1,2EMG,pending,,,
1672,10185,1,2YTF,pending,,,
1673,10186,1,2YTG,pending,,,
1674,10187,1,2YTH,pending,,,
1675,10188,1,2YTI,pending,,,
1676,10189,1,2EOM,pending,,,
1677,10191,1,2EOP,pending,,,
1678,10192,1,2EOQ,pending,,,
1679,10193,1,2YUM,pending,,,
1680,10194,1,2YUO,pending,,,
1681,10195,1,2YUP,pending,,,
1682,10196,1,2EM5,pending,,,
1683,10197,1,2EM6,pending,,,
1684,10198,1,2EM8,pending,,,
1685,10199,1,2EMA,pending,,,
1686,10200,1,2EMB,pending,,,
1687,10201,1,2EMC,pending,,,
1688,10202,1,2EMH,pending,,,
1689,10203,1,2EMI,pending,,,
1690,10204,1,2EMJ,pending,,,
1691,10205,1,2EMK,pending,,,
1692,10206,1,2EOH,pending,,,
1693,10207,1,2EOW,pending,,,
1694,10208,1,2EOX,pending,,,
1695,10209,1,2EOZ,pending,,,
1696,10210,1,2EP0,pending,,,
1697,10211,1,2YUQ,pending,,,
1698,10212,1,2CUD,pending,,,
1699,10213,1,2E29,pending,,,
1700,10214,1,2YSE,pending,,,
1701,10215,1,2ZAJ,pending,,,
1702,10216,1,2EOF,pending,,,
1703,10217,1,2EOG,pending,,,
1704,10218,1,2EOJ,pending,,,
1705,10219,1,2EOK,pending,,,
1706,10220,1,2EON,pending,,,
1707,10221,1,2EOR,pending,,,
1708,10222,1,2YTQ,pending,,,
1709,10223,1,2YTR,pending,,,
1710,10224,1,2EMV,pending,,,
1711,10225,1,2EMW,pending,,,
1712,10226,1,2EMX,pending,,,
1713,10227,1,2EMY,pending,,,
1714,10228,1,2EMZ,pending,,,
1715,10229,1,2EN0,pending,,,
1716,10230,1,2EN1,pending,,,
1717,10231,1,2EN2,pending,,,
1718,10232,1,2EN3,pending,,,
1719,10233,1,2EN4,pending,,,
1720,10234,1,2YU8,pending,,,
1721,10235,1,1WGU,pending,,,
1722,10236,1,2ROZ,pending,,,
1723,10237,1,2YSZ,pending,,,
1724,10238,1,2YT0,pending,,,
1725,10239,1,2YT1,pending,,,
1726,10240,1,1X69,pending,,,
1727,10241,1,1X6B,pending,,,
1728,10242,1,1X6D,pending,,,
1729,10243,1,1X6E,pending,,,
1730,10244,1,1X6F,pending,,,
1731,10245,1,1X6G,pending,,,
1732,10246,1,1X6H,pending,,,
1733,10247,1,2CO8,pending,,,
1734,10248,1,1WZ6,pending,,,
1735,10249,1,1X05,pending,,,
1736,10250,1,1X1F,pending,,,
1737,10251,1,1X1G,pending,,,
1738,10252,1,2CO9,pending,,,
1739,10253,1,2COA,pending,,,
1740,10254,1,2COC,pending,,,
1741,10255,1,2COD,pending,,,
1742,10256,1,2COF,pending,,,
1743,10257,1,2DJR,pending,,,
1744,10258,1,2DJS,pending,,,
1745,10259,1,2DJT,pending,,,
1746,10260,1,2DJU,pending,,,
1747,10261,1,2DJV,pending,,,
1748,10262,1,2DKM,pending,,,
1749,10263,1,2DN7,pending,,,
1750,10264,1,1X5B,pending,,,
1751,10265,1,2EDX,pending,,,
1752,10266,1,2EDY,pending,,,
1753,10267,1,2EDZ,pending,,,
1754,10268,1,2EE0,pending,,,
1755,10269,1,2EE1,pending,,,
1756,10270,1,2EE2,pending,,,
1757,10271,1,2EE3,pending,,,
1758,10272,1,2EKH,pending,,,
1759,10273,1,2EKI,pending,,,
1760,10274,1,2EKJ,pending,,,
1761,10275,1,2YU0,pending,,,
1762,10276,1,2D9T,pending,,,
1763,10277,1,2D9U,pending,,,
1764,10278,1,2D9V,pending,,,
1765,10279,1,2D9W,pending,,,
1766,10280,1,2D9X,pending,,,
1767,10281,1,2CUE,pending,,,
1768,10282,1,2CUF,pending,,,
1769,10283,1,2DA1,pending,,,
1770,10284,1,2DA2,pending,,,
1771,10285,1,2DA3,pending,,,
1772,10286,1,2DA4,pending,,,
1773,10287,1,2DA5,pending,,,
1774,10288,1,2DA6,pending,,,
1775,10289,1,2DA7,pending,,,
1776,10290,1,2DJN,pending,,,
1777,10291,1,2DMN,pending,,,
1778,10292,1,2DMP,pending,,,
1779,10293,1,2DMQ,pending,,,
1780,10294,1,2DMS,pending,,,
1781,10295,1,2DMT,pending,,,
1782,10296,1,2DMU,pending,,,
1783,10297,1,2E19,pending,,,
1784,10298,1,2YS9,pending,,,
1785,10299,1,2DB8,pending,,,
1786,10300,1,2DBJ,pending,,,
1787,10301,1,2DBK,pending,,,
1788,10302,1,2DBM,pending,,,
1789,10303,1,2EML,pending,,,
1790,10304,1,2EMM,pending,,,
1791,10305,1,2EMP,pending,,,
1792,10306,1,2YRM,pending,,,
1793,10307,1,2YTD,pending,,,
1794,10308,1,2YTE,pending,,,
1795,10309,1,2YTJ,pending,,,
1796,10310,1,2YTK,pending,,,
1797,10311,1,2D9Y,pending,,,
1798,10312,1,2D9Z,pending,,,
1799,10313,1,2DA0,pending,,,
1800,10314,1,2DHI,pending,,,
1801,10315,1,2DHJ,pending,,,
1802,10316,1,2DHK,pending,,,
1803,10317,1,2DKP,pending,,,
1804,10318,1,2DKQ,pending,,,
1805,10319,1,2DN6,pending,,,
1806,10320,1,2DI9,pending,,,
1807,10321,1,2DIB,pending,,,
1808,10322,1,2DIC,pending,,,
1809,10323,1,2DJ4,pending,,,
1810,10324,1,2DLG,pending,,,
1811,10325,1,2DMB,pending,,,
1812,10326,1,2DMC,pending,,,
1813,10327,1,2DS4,pending,,,
1814,10328,1,2D7M,pending,,,
1815,10329,1,2D7N,pending,,,
1816,10330,1,2D7O,pending,,,
1817,10331,1,2D7P,pending,,,
1818,10332,1,2D7Q,pending,,,
1819,10333,1,2DI7,pending,,,
1820,10334,1,2DI8,pending,,,
1821,10335,1,2DIA,pending,,,
1822,10336,1,1WWY,pending,,,
1823,10337,1,2E5K,pending,,,
1824,11002,1,2RLG,pending,,,
1825,11003,1,2RLH,pending,,,
1826,11004,1,2RLJ,pending,,,
1827,11006,1,2RQZ,pending,,,
1828,11007,1,2RLY,pending,,,
1829,11008,1,2RM0,pending,,,
1830,11009,1,2RM4,pending,,,
1831,11010,1,2RMK,pending,,,
1832,11011,1,2RML,pending,,,
1833,11012,1,2RMN,pending,,,
1834,11014,1,2RN1,pending,,,
1835,11016,1,2RN5,pending,,,
1836,11017,1,2RN7,pending,,,
1837,11018,1,2RN8,pending,,,
1838,11019,1,2RN9,pending,,,
1839,11020,1,2RNB,pending,,,
1840,11022,1,2RNG,pending,,,
1841,11024,1,2RNJ,pending,,,
1842,11026,1,2RMO,pending,,,
1843,11029,1,2RNN,pending,,,
1844,11030,1,2RNO,pending,,,
1845,11032,1,2RO0,pending,,,
1846,11033,1,2RNZ,pending,,,
1847,11034,1,2RO5,pending,,,
1848,11038,1,2ROH,pending,,,
1849,11040,1,2ROL,pending,,,
1850,11041,1,2ROP,pending,,,
1851,11042,1,2KHE,pending,,,
1852,11043,1,2ROT,pending,,,
1853,11044,1,2ROO,pending,,,
1854,11045,1,2RPD,pending,,,
1855,11046,1,2RPE,pending,,,
1856,11048,1,2RPH,pending,,,
1857,11049,1,2RND,pending,,,
1858,11050,1,2RMY,pending,,,
1859,11054,1,2RPS,pending,,,
1860,11060,1,2RPB,pending,,,
1861,11061,1,2RPZ,pending,,,
1862,11062,1,2RQ0,pending,,,
1863,11064,1,2MUS,pending,,,
1864,11065,1,2RQ1,pending,,,
1865,11072,1,2RQ2,pending,,,
1866,11073,1,2RQF,pending,,,
1867,11076,1,2RQK,pending,,,
1868,11077,1,2RQL,pending,,,
1869,11078,1,2Z5V,pending,,,
1870,11080,1,2RQS,pending,,,
1871,11081,1,2RQT,pending,,,
1872,11082,1,2RQU,pending,,,
1873,11083,1,2ELL,pending,,,
1874,11084,1,1WYN,pending,,,
1875,11085,1,1WYL,pending,,,
1876,11086,1,1WYO,pending,,,
1877,11087,1,2YS3,pending,,,
1878,11088,1,2YS1,pending,,,
1879,11089,1,2YRY,pending,,,
1880,11090,1,2YS4,pending,,,
1881,11091,1,2E6J,pending,,,
1882,11092,1,2EFI,pending,,,
1883,11093,1,2E6I,pending,,,
1884,11094,1,2YS5,pending,,,
1885,11095,1,2YT2,pending,,,
1886,11096,1,2ED7,pending,,,
1887,11097,1,2EDD,pending,,,
1888,11098,1,2EDE,pending,,,
1889,11099,1,2EDB,pending,,,
1890,11100,1,2DML,pending,,,
1891,11101,1,2DJ1,pending,,,
1892,11102,1,2DMM,pending,,,
1893,11103,1,2ED8,pending,,,
1894,11104,1,2DJ2,pending,,,
1895,11105,1,2DJ0,pending,,,
1896,11106,1,2DMK,pending,,,
1897,11107,1,2DIZ,pending,,,
1898,11108,1,2DIY,pending,,,
1899,11109,1,2DJ3,pending,,,
1900,11110,1,2CUM,pending,,,
1901,11111,1,1X5K,pending,,,
1902,11112,1,1X5I,pending,,,
1903,11113,1,1X5E,pending,,,
1904,11114,1,1X5C,pending,,,
1905,11115,1,2RR4,pending,,,
1906,11116,1,1X5D,pending,,,
1907,11117,1,1X5A,pending,,,
1908,11118,1,1X5J,pending,,,
1909,11119,1,1X5F,pending,,,
1910,11120,1,1X5H,pending,,,
1911,11121,1,1X5G,pending,,,
1912,11122,1,2DBA,pending,,,
1913,11123,1,2YUS,pending,,,
1914,11124,1,1WYP,pending,,,
1915,11125,1,1X4X,pending,,,
1916,11126,1,1WYQ,pending,,,
1917,11127,1,1X4Z,pending,,,
1918,11128,1,1X4Y,pending,,,
1919,11129,1,1WYR,pending,,,
1920,11130,1,2CTD,pending,,,
1921,11131,1,1X4U,pending,,,
1922,11132,1,2CTO,pending,,,
1923,11133,1,2D85,pending,,,
1924,11134,1,2D7L,pending,,,
1925,11135,1,2CTJ,pending,,,
1926,11136,1,2CTK,pending,,,
1927,11137,1,2CTM,pending,,,
1928,11138,1,2CTL,pending,,,
1929,11139,1,2CTE,pending,,,
1930,11140,1,2CTF,pending,,,
1931,11141,1,2D86,pending,,,
1932,11142,1,2D87,pending,,,
1933,11143,1,2D88,pending,,,
1934,11144,1,2YUA,pending,,,
1935,11145,1,2D89,pending,,,
1936,11146,1,2E9H,pending,,,
1937,11147,1,2YRQ,pending,,,
1938,11148,1,2YRP,pending,,,
1939,11150,1,2YS0,pending,,,
1940,11151,1,2YUU,pending,,,
1941,11152,1,2YRZ,pending,,,
1942,11153,1,2ED1,pending,,,
1943,11154,1,2ECZ,pending,,,
1944,11155,1,2ED0,pending,,,
1945,11156,1,2YUN,pending,,,
1946,11157,1,2YS2,pending,,,
1947,11158,1,2YUL,pending,,,
1948,11159,1,2YUR,pending,,,
1949,11160,1,2YUK,pending,,,
1950,11161,1,2ECW,pending,,,
1951,11162,1,2ECT,pending,,,
1952,11163,1,2ECV,pending,,,
1953,11164,1,2ECY,pending,,,
1954,11165,1,2EOI,pending,,,
1955,11166,1,2EOL,pending,,,
1956,11167,1,2EOE,pending,,,
1957,11168,1,2YTN,pending,,,
1958,11169,1,2EP1,pending,,,
1959,11170,1,2EP3,pending,,,
1960,11171,1,2YTO,pending,,,
1961,11173,1,2DAG,pending,,,
1962,11175,1,2RR8,pending,,,
1963,11176,1,2RRC,pending,,,
1964,11178,1,1UGV,pending,,,
1965,11179,1,1WI7,pending,,,
1966,11180,1,1WIE,pending,,,
1967,11181,1,1WJ3,pending,,,
1968,11182,1,2CSS,pending,,,
1969,11183,1,2CSP,pending,,,
1970,11184,1,2CSQ,pending,,,
1971,11185,1,2CSI,pending,,,
1972,11186,1,2D92,pending,,,
1973,11187,1,2DAZ,pending,,,
1974,11188,1,2DB5,pending,,,
1975,11189,1,2DLU,pending,,,
1976,11190,1,2DMZ,pending,,,
1977,11191,1,2DM8,pending,,,
1978,11192,1,2DLT,pending,,,
1979,11193,1,2EGA,pending,,,
1980,11194,1,2EGC,pending,,,
1981,11195,1,2DLS,pending,,,
1982,11196,1,2EGE,pending,,,
1983,11197,1,2EHR,pending,,,
1984,11198,1,1UM7,pending,,,
1985,11199,1,1WF7,pending,,,
1986,11200,1,1VA8,pending,,,
1987,11201,1,1WH1,pending,,,
1988,11202,1,1WF8,pending,,,
1989,11203,1,1X5M,pending,,,
1990,11204,1,1X5N,pending,,,
1991,11205,1,2COT,pending,,,
1992,11206,1,1X5R,pending,,,
1993,11207,1,1X5Q,pending,,,
1994,11208,1,1X5L,pending,,,
1995,11209,1,1X43,pending,,,
1996,11210,1,1X45,pending,,,
1997,11211,1,1X44,pending,,,
1998,11212,1,2DAV,pending,,,
1999,11213,1,2D8H,pending,,,
2000,11214,1,2D8J,pending,,,
2001,11215,1,2D8I,pending,,,
2002,11216,1,2D90,pending,,,
2003,11217,1,2DL4,pending,,,
2004,11218,1,2EEL,pending,,,
2005,11219,1,2DL3,pending,,,
2006,11220,1,2DL7,pending,,,
2007,11221,1,2E6Q,pending,,,
2008,11222,1,2DL5,pending,,,
2009,11223,1,2DL9,pending,,,
2010,11224,1,2EQI,pending,,,
2011,11225,1,2DL8,pending,,,
2012,11226,1,2E7K,pending,,,
2013,11227,1,2E7H,pending,,,
2014,11228,1,2YSQ,pending,,,
2015,11229,1,2E6P,pending,,,
2016,11230,1,2E7B,pending,,,
2017,11231,1,2YRL,pending,,,
2018,11232,1,2E7M,pending,,,
2019,11233,1,2DLP,pending,,,
2020,11234,1,2YSL,pending,,,
2021,11235,1,2E7C,pending,,,
2022,11236,1,2YR3,pending,,,
2023,11237,1,2YSM,pending,,,
2024,11238,1,2YRH,pending,,,
2025,11239,1,2YRJ,pending,,,
2026,11240,1,2COO,pending,,,
2027,11242,1,2DLM,pending,,,
2028,11244,1,2EQR,pending,,,
2029,11245,1,1UH6,pending,,,
2030,11246,1,1WLN,pending,,,
2031,11247,1,2CSW,pending,,,
2032,11248,1,2YUB,pending,,,
2033,11250,1,2RRE,pending,,,
2034,11251,1,2RRF,pending,,,
2035,11252,1,2RRD,pending,,,
2036,11253,1,1V5O,pending,,,
2037,11254,1,1V6E,pending,,,
2038,11255,1,1V95,pending,,,
2039,11256,1,1WGG,pending,,,
2040,11257,1,1WGH,pending,,,
2041,11258,1,1WGK,pending,,,
2042,11259,1,1WGL,pending,,,
2043,11260,1,1WGN,pending,,,
2044,11261,1,1WX7,pending,,,
2045,11262,1,1WX8,pending,,,
2046,11263,1,1WX9,pending,,,
2047,11264,1,1WXA,pending,,,
2048,11265,1,1WXM,pending,,,
2049,11266,1,1WY8,pending,,,
2050,11267,1,1WZ0,pending,,,
2051,11268,1,1X1M,pending,,,
2052,11269,1,2DAE,pending,,,
2053,11270,1,2DAF,pending,,,
2054,11271,1,2DAH,pending,,,
2055,11272,1,2DAJ,pending,,,
2056,11273,1,2DAL,pending,,,
2057,11274,1,2DAM,pending,,,
2058,11275,1,2DHX,pending,,,
2059,11276,1,2DHY,pending,,,
2060,11277,1,2DHZ,pending,,,
2061,11278,1,2DI0,pending,,,
2062,11279,1,2DZI,pending,,,
2063,11280,1,2DZJ,pending,,,
2064,11281,1,2DZK,pending,,,
2065,11282,1,2DZL,pending,,,
2066,11283,1,2DZM,pending,,,
2067,11284,1,1WXT,pending,,,
2068,11285,1,1WXU,pending,,,
2069,11286,1,1X3A,pending,,,
2070,11287,1,1X3C,pending,,,
2071,11288,1,1X3D,pending,,,
2072,11289,1,1X3H,pending,,,
2073,11290,1,1X5X,pending,,,
2074,11291,1,1X5Y,pending,,,
2075,11292,1,1X5Z,pending,,,
2076,11293,1,2CU8,pending,,,
2077,11294,1,2DAW,pending,,,
2078,11295,1,2DAX,pending,,,
2079,11296,1,2DAY,pending,,,
2080,11297,1,2DIG,pending,,,
2081,11298,1,2DII,pending,,,
2082,11299,1,2DIL,pending,,,
2083,11300,1,2DIM,pending,,,
2084,11301,1,2DIN,pending,,,
2085,11302,1,2DMD,pending,,,
2086,11303,1,2DMF,pending,,,
2087,11304,1,2DOC,pending,,,
2088,11305,1,1V6G,pending,,,
2089,11306,1,1V87,pending,,,
2090,11307,1,1WIM,pending,,,
2091,11308,1,1WIR,pending,,,
2092,11309,1,1WJV,pending,,,
2093,11310,1,1WJW,pending,,,
2094,11311,1,1X3B,pending,,,
2095,11312,1,1X5W,pending,,,
2096,11313,1,2CSY,pending,,,
2097,11314,1,2CSZ,pending,,,
2098,11315,1,2CT0,pending,,,
2099,11316,1,2CT1,pending,,,
2100,11317,1,2CT2,pending,,,
2101,11318,1,2CT4,pending,,,
2102,11319,1,2CT5,pending,,,
2103,11320,1,2CT6,pending,,,
2104,11321,1,2CT7,pending,,,
2105,11322,1,2CU7,pending,,,
2106,11323,1,2D8Q,pending,,,
2107,11324,1,2D8R,pending,,,
2108,11325,1,2D8S,pending,,,
2109,11326,1,2D8T,pending,,,
2110,11327,1,2D8U,pending,,,
2111,11328,1,2D8V,pending,,,
2112,11329,1,2DAT,pending,,,
2113,11330,1,2DB9,pending,,,
2114,11331,1,2DJA,pending,,,
2115,11332,1,2DJB,pending,,,
2116,11333,1,2DKT,pending,,,
2117,11334,1,2DME,pending,,,
2118,11335,1,2EA5,pending,,,
2119,11336,1,2EA6,pending,,,
2120,11337,1,2EBK,pending,,,
2121,11338,1,2EBM,pending,,,
2122,11339,1,2ECG,pending,,,
2123,11340,1,2ECI,pending,,,
2124,11341,1,2ECJ,pending,,,
2125,11342,1,2ECL,pending,,,
2126,11343,1,2ECM,pending,,,
2127,11344,1,2ECN,pending,,,
2128,11345,1,2ELJ,pending,,,
2129,11346,1,2RPJ,pending,,,
2130,11347,1,2YQL,pending,,,
2131,11348,1,2E63,pending,,,
2132,11349,1,1X4K,pending,,,
2133,11350,1,1X4L,pending,,,
2134,11351,1,2YUE,pending,,,
2135,11352,1,1WES,pending,,,
2136,11353,1,1X4I,pending,,,
2137,11354,1,1WEN,pending,,,
2138,11355,1,2DK4,pending,,,
2139,11356,1,1UJY,pending,,,
2140,11357,1,2DK7,pending,,,
2141,11358,1,2E61,pending,,,
2142,11359,1,2E61,pending,,,
2143,11360,1,2E61,pending,,,
2144,11361,1,2E61,pending,,,
2145,11362,1,2E61,pending,,,
2146,11363,1,1X4S,pending,,,
2147,11364,1,2DT6,pending,,,
2148,11365,1,2DT7,pending,,,
2149,11366,1,2FHO,pending,,,
2150,11367,1,2FHO,pending,,,
2151,11368,1,2YSO,pending,,,
2152,11369,1,2YSP,pending,,,
2153,11370,1,2RNE,pending,,,
2154,11371,1,2RNE,pending,,,
2155,11372,1,2RNE,pending,,,
2156,11373,1,2RNE,pending,,,
2157,11374,1,2RNE,pending,,,
2158,11375,1,2RNE,pending,,,
2159,11376,1,2RNE,pending,,,
2160,11377,1,2EPP,pending,,,
2161,11378,1,2EPQ,pending,,,
2162,11379,1,2EPR,pending,,,
2163,11380,1,2EPS,pending,,,
2164,11417,1,2DMX,pending,,,
2165,11419,1,2RRH,pending,,,
2166,11420,1,2RRI,pending,,,
2167,11422,1,2RRK,pending,,,
2168,11423,1,2RRL,pending,,,
2169,11424,1,2RRM,pending,,,
2170,11426,1,2RRN,pending,,,
2171,11437,1,2RRQ,pending,,,
2172,11438,1,2RRR,pending,,,
2173,11439,1,2RRS,pending,,,
2174,11440,1,2RRT,pending,,,
2175,11443,1,2RRU,pending,,,
2176,11450,1,2RS2,pending,,,
2177,11451,1,2RS4,pending,,,
2178,11452,1,2LIY,pending,,,
2179,11456,1,2RS6,pending,,,
2180,11457,1,2RS7,pending,,,
2181,11458,1,2RS8,pending,,,
2182,11463,1,2RS9,pending,,,
2183,11468,1,2RSC,pending,,,
2184,11469,1,2RSD,pending,,,
2185,11471,1,2RSE,pending,,,
2186,11472,1,2RSF,pending,,,
2187,11473,1,2RSG,pending,,,
2188,11474,1,2RUT,pending,,,
2189,11475,1,2RUU,pending,,,
2190,11476,1,2RUW,pending,,,
2191,11477,1,2RUX,pending,,,
2192,11478,1,2RUY,pending,,,
2193,11479,1,2RUZ,pending,,,
2194,11480,1,2RV0,pending,,,
2195,11481,1,2RV1,pending,,,
2196,11482,1,2RV2,pending,,,
2197,11483,1,2RV3,pending,,,
2198,11484,1,2RV4,pending,,,
2199,11485,1,2RV5,pending,,,
2200,11486,1,2RUV,pending,,,
2201,11487,1,2RV7,pending,,,
2202,11488,1,2RV6,pending,,,
2203,11489,1,2RU7,pending,,,
2204,11491,1,2RSM,pending,,,
2205,11496,1,2RSN,pending,,,
2206,11497,1,2RSO,pending,,,
2207,11502,1,2RSQ,pending,,,
2208,11504,1,2RT5,pending,,,
2209,11505,1,2RSU,pending,,,
2210,11506,1,2RSV,pending,,,
2211,11507,1,2RSX,pending,,,
2212,11508,1,2RSY,pending,,,
2213,11523,1,2RT3,pending,,,
2214,11524,1,2RT4,pending,,,
2215,11525,1,2RT6,pending,,,
2216,11528,1,2RT8,pending,,,
2217,11529,1,2RT9,pending,,,
2218,11530,1,2RTS,pending,,,
2219,11531,1,2RTT,pending,,,
2220,11532,1,2RTU,pending,,,
2221,11534,1,2RTX,pending,,,
2222,11535,1,2RTY,pending,,,
2223,11536,1,2RTZ,pending,,,
2224,11537,1,2RU0,pending,,,
2225,11538,1,2MDB,pending,,,
2226,11539,1,2RTV,pending,,,
2227,11540,1,2RU1,pending,,,
2228,11541,1,2RU3,pending,,,
2229,11543,1,2RU2,pending,,,
2230,11544,1,2RU4,pending,,,
2231,11546,1,2RVK,pending,,,
2232,11547,1,2RU6,pending,,,
2233,11548,1,2RU5,pending,,,
2234,11549,1,2RU8,pending,,,
2235,11551,1,2MJQ,pending,,,
2236,11552,1,2MJR,pending,,,
2237,11553,1,2MJS,pending,,,
2238,11554,1,2MJT,pending,,,
2239,11555,1,2RU9,pending,,,
2240,11559,1,2RUC,pending,,,
2241,11560,1,2RUD,pending,,,
2242,11561,1,2RUE,pending,,,
2243,11562,1,2RUF,pending,,,
2244,11563,1,2RUG,pending,,,
2245,11569,1,2RUH,pending,,,
2246,11570,1,2RUI,pending,,,
2247,11578,1,2RUK,pending,,,
2248,11580,1,2RUM,pending,,,
2249,11581,1,2RUN,pending,,,
2250,11582,1,2RUO,pending,,,
2251,11583,1,2RUP,pending,,,
2252,11587,1,2RUQ,pending,,,
2253,11588,1,2RUR,pending,,,
2254,11590,1,2RV8,pending,,,
2255,11591,1,2RV9,pending,,,
2256,11592,1,2RVA,pending,,,
2257,11594,1,2RVB,pending,,,
2258,11595,1,2RVC,pending,,,
2259,11597,1,2RVF,pending,,,
2260,11599,1,2RVH,pending,,,
2261,11601,1,2RVJ,pending,,,
2262,11604,1,2RVL,pending,,,
2263,11605,1,2RVM,pending,,,
2264,11606,1,2RVN,pending,,,
2265,11607,1,2RVO,pending,,,
2266,11608,1,2RVP,pending,,,
2267,11609,1,2RVQ,pending,,,
2268,12032,1,6NU0,pending,,,
2269,15000,1,2JM0,pending,,,
2270,15001,1,2LD1,pending,,,
2271,15007,1,2NPR,pending,,,
2272,15013,1,2JMC,pending,,,
2273,15016,1,2JMF,pending,,,
2274,15020,1,2IFS,pending,,,
2275,15021,1,2I7U,pending,,,
2276,15023,1,2JML,pending,,,
2277,15025,1,2NVJ,pending,,,
2278,15028,1,2IPA,pending,,,
2279,15032,1,2JMR,pending,,,
2280,15037,1,2IZ3,pending,,,
2281,15038,1,2OFN,pending,,,
2282,15039,1,2JMK,pending,,,
2283,15040,1,2I1E,pending,,,
2284,15041,1,2I1F,pending,,,
2285,15042,1,2I1G,pending,,,
2286,15043,1,2I1H,pending,,,
2287,15044,1,2I1I,pending,,,
2288,15045,1,2JMM,pending,,,
2289,15046,1,2OV6,pending,,,
2290,15051,1,2I1D,pending,,,
2291,15055,1,2JMP,pending,,,
2292,15058,1,2JMS,pending,,,
2293,15059,2,2O10;2O13,pending,,,
2294,15063,1,2JMU,pending,,,
2295,15068,1,2I2J,pending,,,
2296,15069,1,2I2H,pending,,,
2297,15072,1,2JMX,pending,,,
2298,15074,1,2JMO,pending,,,
2299,15079,1,2JN0,pending,,,
2300,15080,2,2O32;2O33,pending,,,
2301,15081,2,2O32;2O33,pending,,,
2302,15083,2,2O8K;2O9L,pending,,,
2303,15084,1,2JN3,pending,,,
2304,15085,1,2JN4,pending,,,
2305,15086,1,2JN6,pending,,,
2306,15088,1,2JN7,pending,,,
2307,15089,1,2JN8,pending,,,
2308,15090,1,2MA8,pending,,,
2309,15095,1,2JN5,pending,,,
2310,15098,1,2CKA,pending,,,
2311,15099,1,2JMY,pending,,,
2312,15103,1,2NX6,pending,,,
2313,15104,1,2NX7,pending,,,
2314,15105,1,2IKD,pending,,,
2315,15106,1,2IKE,pending,,,
2316,15107,1,2E4E,pending,,,
2317,15108,1,2IMU,pending,,,
2318,15109,1,2JNG,pending,,,
2319,15110,1,2HDM,pending,,,
2320,15111,1,2JNH,pending,,,
2321,15112,1,2K4W,pending,,,
2322,15113,1,2IHX,pending,,,
2323,15115,1,2JNI,pending,,,
2324,15120,1,2JNP,pending,,,
2325,15124,1,2JNR,pending,,,
2326,15125,1,2JNS,pending,,,
2327,15126,1,2OQ3,pending,,,
2328,15128,1,2JNU,pending,,,
2329,15133,1,2JNY,pending,,,
2330,15134,1,2JNZ,pending,,,
2331,15137,1,2JO0,pending,,,
2332,15139,1,2JO6,pending,,,
2333,15140,1,2EEM,pending,,,
2334,15142,1,2E8J,pending,,,
2335,15145,2,2OYV;2OYW,pending,,,
2336,15152,1,2OT2,pending,,,
2337,15153,1,2JO9,pending,,,
2338,15154,1,2JOA,pending,,,
2339,15157,2,2OJ7;2OJ8,pending,,,
2340,15158,1,2JO7,pending,,,
2341,15159,1,2JOC,pending,,,
2342,15160,1,2I5O,pending,,,
2343,15166,1,2JOD,pending,,,
2344,15167,1,2JOE,pending,,,
2345,15169,1,2JOF,pending,,,
2346,15174,1,2P4L,pending,,,
2347,15189,1,2JOP,pending,,,
2348,15190,1,2JOQ,pending,,,
2349,15192,1,2JOR,pending,,,
2350,15195,1,2EFZ,pending,,,
2351,15197,2,2K7B;2K7C,pending,,,
2352,15203,1,2JOV,pending,,,
2353,15206,1,2JOW,pending,,,
2354,15208,1,2JOX,pending,,,
2355,15210,1,2JOY,pending,,,
2356,15211,1,2JOZ,pending,,,
2357,15215,1,2JP1,pending,,,
2358,15218,1,2JP5,pending,,,
2359,15226,1,2UVS,pending,,,
2360,15229,1,2NXU,pending,,,
2361,15232,1,2PQE,pending,,,
2362,15240,1,2JPD,pending,,,
2363,15242,1,2JPE,pending,,,
2364,15245,1,2PPZ,pending,,,
2365,15246,1,2JPI,pending,,,
2366,15247,1,2V9H,pending,,,
2367,15252,1,2JPN,pending,,,
2368,15256,1,2JPO,pending,,,
2369,15257,1,2JPP,pending,,,
2370,15258,1,2JPQ,pending,,,
2371,15259,2,2JPJ;2JPL,pending,,,
2372,15261,2,2JPK;2JPM,pending,,,
2373,15265,1,2JPU,pending,,,
2374,15267,1,2JQ2,pending,,,
2375,15268,1,2JQ3,pending,,,
2376,15269,1,2JQ4,pending,,,
2377,15270,1,2JQ5,pending,,,
2378,15271,1,2JQ8,pending,,,
2379,15272,1,2JQB,pending,,,
2380,15273,1,2JQC,pending,,,
2381,15275,1,2JQE,pending,,,
2382,15277,1,2JQF,pending,,,
2383,15278,1,2JQG,pending,,,
2384,15279,1,2JQ6,pending,,,
2385,15281,1,2JQN,pending,,,
2386,15288,1,2JQO,pending,,,
2387,15290,1,2JQQ,pending,,,
2388,15295,1,2JQV,pending,,,
2389,15299,1,2Z3S,pending,,,
2390,15301,1,2JQR,pending,,,
2391,15302,1,2JQW,pending,,,
2392,15306,1,2JQZ,pending,,,
2393,15312,1,2JR0,pending,,,
2394,15313,1,2KN6,pending,,,
2395,15314,1,2JR1,pending,,,
2396,15315,1,2Z4F,pending,,,
2397,15317,1,2JR2,pending,,,
2398,15318,1,2JR3,pending,,,
2399,15319,1,2JR4,pending,,,
2400,15320,1,2JR5,pending,,,
2401,15323,1,2JR8,pending,,,
2402,15324,1,2JRA,pending,,,
2403,15325,1,2JRB,pending,,,
2404,15327,1,2HGK,pending,,,
2405,15329,1,2JRF,pending,,,
2406,15331,1,2JRG,pending,,,
2407,15332,1,2JRH,pending,,,
2408,15334,1,2JRL,pending,,,
2409,15337,1,2JRO,pending,,,
2410,15338,1,2JRP,pending,,,
2411,15339,1,2JRM,pending,,,
2412,15341,1,2JRR,pending,,,
2413,15342,1,2JRQ,pending,,,
2414,15343,1,2JRS,pending,,,
2415,15344,1,2JRT,pending,,,
2416,15345,1,2JRK,pending,,,
2417,15347,1,2K8S,pending,,,
2418,15348,1,2JRZ,pending,,,
2419,15349,1,2JS0,pending,,,
2420,15350,1,2JS1,pending,,,
2421,15351,1,2JS2,pending,,,
2422,15352,1,2JS3,pending,,,
2423,15353,1,2JS4,pending,,,
2424,15354,1,2JS5,pending,,,
2425,15356,1,2JS7,pending,,,
2426,15357,1,2KHS,pending,,,
2427,15358,1,2JSA,pending,,,
2428,15359,1,2JSB,pending,,,
2429,15361,1,2JSD,pending,,,
2430,15362,1,2JSG,pending,,,
2431,15370,1,2JSN,pending,,,
2432,15371,1,2JSO,pending,,,
2433,15373,1,2JSP,pending,,,
2434,15374,1,2QL0,pending,,,
2435,15375,1,2KKD,pending,,,
2436,15377,1,2JR7,pending,,,
2437,15381,1,2JSX,pending,,,
2438,15382,1,2JOT,pending,,,
2439,15384,1,2JST,pending,,,
2440,15385,1,2JT0,pending,,,
2441,15386,1,2JT1,pending,,,
2442,15388,1,2JT3,pending,,,
2443,15390,1,2JRD,pending,,,
2444,15392,1,2JO5,pending,,,
2445,15393,1,2JSS,pending,,,
2446,15394,1,2JOH,pending,,,
2447,15395,1,2JT5,pending,,,
2448,15396,1,2JT6,pending,,,
2449,15399,1,2JOM,pending,,,
2450,15400,1,2JT8,pending,,,
2451,15405,1,2JOO,pending,,,
2452,15407,1,2JTE,pending,,,
2453,15410,1,2LD9,pending,,,
2454,15411,1,2JSW,pending,,,
2455,15415,1,2JTM,pending,,,
2456,15417,1,2JTP,pending,,,
2457,15418,1,2JTT,pending,,,
2458,15419,1,2JTV,pending,,,
2459,15423,1,2JTY,pending,,,
2460,15427,1,2JTZ,pending,,,
2461,15429,1,2JU3,pending,,,
2462,15430,1,2JU4,pending,,,
2463,15431,1,2JU5,pending,,,
2464,15433,1,2JU7,pending,,,
2465,15434,1,2JU8,pending,,,
2466,15437,1,2JUA,pending,,,
2467,15438,1,2JUB,pending,,,
2468,15439,1,2JUC,pending,,,
2469,15440,1,2M2K,pending,,,
2470,15442,1,2JUG,pending,,,
2471,15444,1,2JUH,pending,,,
2472,15449,1,2PNG,pending,,,
2473,15450,1,2JUM,pending,,,
2474,15451,1,2JUO,pending,,,
2475,15453,1,2JUP,pending,,,
2476,15454,1,2JUU,pending,,,
2477,15455,1,2JUV,pending,,,
2478,15456,1,2JUW,pending,,,
2479,15457,1,2KBB,pending,,,
2480,15462,1,2JUZ,pending,,,
2481,15464,1,2JV1,pending,,,
2482,15465,1,2JV2,pending,,,
2483,15466,1,2JV4,pending,,,
2484,15471,1,2JVA,pending,,,
2485,15476,1,2JVD,pending,,,
2486,15477,1,2JVE,pending,,,
2487,15478,1,2JVF,pending,,,
2488,15480,1,2VB5,pending,,,
2489,15485,1,2JVO,pending,,,
2490,15487,1,2JVR,pending,,,
2491,15490,1,2JVV,pending,,,
2492,15491,1,2JVW,pending,,,
2493,15499,1,2JVX,pending,,,
2494,15500,1,2JVY,pending,,,
2495,15504,1,2JW1,pending,,,
2496,15507,1,2VCD,pending,,,
2497,15509,1,2JUF,pending,,,
2498,15511,1,2JW8,pending,,,
2499,15512,1,2LQR,pending,,,
2500,15524,1,2KWH,pending,,,
2501,15528,1,2JWN,pending,,,
2502,15532,1,2JP9,pending,,,
2503,15533,1,2JPA,pending,,,
2504,15535,1,2JWS,pending,,,
2505,15536,1,2JWT,pending,,,
2506,15537,1,2JWU,pending,,,
2507,15538,1,2JWV,pending,,,
2508,15542,1,2JWY,pending,,,
2509,15543,1,2JX2,pending,,,
2510,15547,1,2JX5,pending,,,
2511,15550,1,2JX8,pending,,,
2512,15553,2,2JX9;2JXA,pending,,,
2513,15554,1,2JXC,pending,,,
2514,15555,1,2JXD,pending,,,
2515,15559,1,2JXF,pending,,,
2516,15562,1,2JXN,pending,,,
2517,15567,1,2JXO,pending,,,
2518,15568,1,2JXP,pending,,,
2519,15571,1,2JXQ,pending,,,
2520,15572,1,2JXS,pending,,,
2521,15573,1,2JXT,pending,,,
2522,15574,1,2JXU,pending,,,
2523,15575,1,2JXW,pending,,,
2524,15576,1,2JXX,pending,,,
2525,15578,1,2JXY,pending,,,
2526,15579,1,2JY0,pending,,,
2527,15584,1,2JY9,pending,,,
2528,15585,1,2JYA,pending,,,
2529,15591,2,2JY7;2K0B,pending,,,
2530,15592,1,2JY8,pending,,,
2531,15593,1,2LGR,pending,,,
2532,15596,1,2JYO,pending,,,
2533,15601,1,2KPH,pending,,,
2534,15603,1,2K1G,pending,,,
2535,15604,1,2JZ2,pending,,,
2536,15607,1,2JZ4,pending,,,
2537,15608,1,2JZ5,pending,,,
2538,15609,1,2JZ6,pending,,,
2539,15610,1,2JZ8,pending,,,
2540,15611,1,2JZA,pending,,,
2541,15613,1,2K4L,pending,,,
2542,15614,1,2JZB,pending,,,
2543,15615,1,2KMA,pending,,,
2544,15617,1,2JZC,pending,,,
2545,15618,1,2JZD,pending,,,
2546,15622,1,2JOB,pending,,,
2547,15623,1,2K7D,pending,,,
2548,15624,1,2JZI,pending,,,
2549,15632,1,2JZY,pending,,,
2550,15633,1,2K01,pending,,,
2551,15634,1,2K02,pending,,,
2552,15635,1,2K03,pending,,,
2553,15636,1,2K04,pending,,,
2554,15637,1,2K05,pending,,,
2555,15638,1,2N48,pending,,,
2556,15642,1,2K06,pending,,,
2557,15644,1,2K0A,pending,,,
2558,15645,1,2K0D,pending,,,
2559,15651,1,2K0L,pending,,,
2560,15652,1,2K0M,pending,,,
2561,15655,1,2K0Q,pending,,,
2562,15658,1,2K0X,pending,,,
2563,15659,1,2K0Y,pending,,,
2564,15660,1,2M1S,pending,,,
2565,15661,1,2K0Z,pending,,,
2566,15663,1,2LC5,pending,,,
2567,15665,1,2K10,pending,,,
2568,15670,1,2K16,pending,,,
2569,15671,1,2K17,pending,,,
2570,15673,1,2K19,pending,,,
2571,15674,1,2K1B,pending,,,
2572,15676,1,2K1D,pending,,,
2573,15677,2,2K1E;2KB1,pending,,,
2574,15678,1,2K1H,pending,,,
2575,15679,1,2K1M,pending,,,
2576,15683,1,2K1S,pending,,,
2577,15687,1,2K22,pending,,,
2578,15688,1,2K24,pending,,,
2579,15689,1,2K25,pending,,,
2580,15691,1,2K29,pending,,,
2581,15693,1,2K27,pending,,,
2582,15695,1,2K28,pending,,,
2583,15698,1,2K2A,pending,,,
2584,15700,1,2K2C,pending,,,
2585,15701,1,2K2D,pending,,,
2586,15702,1,2K2E,pending,,,
2587,15704,1,2K2F,pending,,,
2588,15707,1,2K2J,pending,,,
2589,15710,1,2K2M,pending,,,
2590,15716,1,2ML1,pending,,,
2591,15717,1,2LB9,pending,,,
2592,15718,1,2K2O,pending,,,
2593,15721,1,2N4D,pending,,,
2594,15723,1,2K87,pending,,,
2595,15728,1,2K1K,pending,,,
2596,15729,1,2K2X,pending,,,
2597,15730,1,2K2Y,pending,,,
2598,15731,1,2K2Z,pending,,,
2599,15734,1,2K31,pending,,,
2600,15735,1,2K32,pending,,,
2601,15737,1,2K33,pending,,,
2602,15740,1,2K36,pending,,,
2603,15742,1,2K37,pending,,,
2604,15743,1,2KP5,pending,,,
2605,15744,1,2L7B,pending,,,
2606,15745,1,2JYM,pending,,,
2607,15746,1,2JPF,pending,,,
2608,15747,1,2K3C,pending,,,
2609,15750,1,2K3D,pending,,,
2610,15752,1,2JWH,pending,,,
2611,15753,1,2JWG,pending,,,
2612,15762,1,2K3I,pending,,,
2613,15763,1,2K3J,pending,,,
2614,15765,1,2K3V,pending,,,
2615,15774,1,2K3M,pending,,,
2616,15775,1,2LP1,pending,,,
2617,15776,1,2K3R,pending,,,
2618,15777,1,2K3T,pending,,,
2619,15778,1,2K3U,pending,,,
2620,15780,1,2K3Z,pending,,,
2621,15781,1,2K41,pending,,,
2622,15783,1,2K43,pending,,,
2623,15785,1,2K45,pending,,,
2624,15790,1,2K48,pending,,,
2625,15791,1,2K49,pending,,,
2626,15793,1,2K4B,pending,,,
2627,15796,1,2K4D,pending,,,
2628,15797,1,2JSZ,pending,,,
2629,15798,1,2JSY,pending,,,
2630,15801,1,2K4J,pending,,,
2631,15804,1,2K4M,pending,,,
2632,15805,1,2K4N,pending,,,
2633,15807,1,2K4Q,pending,,,
2634,15810,1,2K4V,pending,,,
2635,15811,1,2K4X,pending,,,
2636,15812,1,2K4Y,pending,,,
2637,15816,1,2K4Z,pending,,,
2638,15819,1,2K50,pending,,,
2639,15821,1,2K52,pending,,,
2640,15823,1,2K54,pending,,,
2641,15825,1,2K57,pending,,,
2642,15828,1,2K5C,pending,,,
2643,15829,1,2K5D,pending,,,
2644,15833,1,2K5E,pending,,,
2645,15834,1,2K5F,pending,,,
2646,15835,1,2K5G,pending,,,
2647,15836,1,2K5H,pending,,,
2648,15837,1,2K5I,pending,,,
2649,15839,1,2K5J,pending,,,
2650,15841,1,2K5L,pending,,,
2651,15843,1,2N49,pending,,,
2652,15844,1,2K5P,pending,,,
2653,15845,1,2K5O,pending,,,
2654,15847,1,2K5R,pending,,,
2655,15849,1,2K5V,pending,,,
2656,15850,1,2K5W,pending,,,
2657,15851,1,2K60,pending,,,
2658,15852,1,2K61,pending,,,
2659,15854,1,2K62,pending,,,
2660,15855,1,2KG4,pending,,,
2661,15858,1,2K65,pending,,,
2662,15859,1,2K66,pending,,,
2663,15860,3,2K67;2K68;2K69,pending,,,
2664,15863,1,2K6A,pending,,,
2665,15864,1,2K6B,pending,,,
2666,15866,1,2K6D,pending,,,
2667,15870,1,2K6I,pending,,,
2668,15873,1,2K6M,pending,,,
2669,15874,1,2K6N,pending,,,
2670,15876,1,2K6O,pending,,,
2671,15877,1,2K6Q,pending,,,
2672,15879,1,2K6R,pending,,,
2673,15880,1,2K6S,pending,,,
2674,15893,1,2K6V,pending,,,
2675,15894,1,2K6W,pending,,,
2676,15896,1,2K6Z,pending,,,
2677,15897,1,2K70,pending,,,
2678,15900,1,2K72,pending,,,
2679,15902,1,2K75,pending,,,
2680,15910,1,2K77,pending,,,
2681,15912,1,2K79,pending,,,
2682,15913,1,2K78,pending,,,
2683,15915,1,2K7E,pending,,,
2684,15916,1,2K7I,pending,,,
2685,15919,1,2K7L,pending,,,
2686,15922,1,2K7N,pending,,,
2687,15923,1,2K7O,pending,,,
2688,15924,1,2K7P,pending,,,
2689,15925,1,2K7Q,pending,,,
2690,15926,1,2K7R,pending,,,
2691,15928,1,2K7S,pending,,,
2692,15931,1,2K7V,pending,,,
2693,15932,1,2K7Z,pending,,,
2694,15938,1,2K85,pending,,,
2695,15939,1,2K86,pending,,,
2696,15941,1,2K8D,pending,,,
2697,15943,1,2K8E,pending,,,
2698,15944,1,2K8F,pending,,,
2699,15946,1,2K76,pending,,,
2700,15948,1,2KIZ,pending,,,
2701,15950,1,2K8I,pending,,,
2702,15951,1,2K8J,pending,,,
2703,15956,1,2K3G,pending,,,
2704,15958,1,2K8Q,pending,,,
2705,15961,1,2MPO,pending,,,
2706,15964,1,2K8V,pending,,,
2707,15965,1,2K8X,pending,,,
2708,15966,1,2K73,pending,,,
2709,15977,1,2LT3,pending,,,
2710,15981,1,2K8Y,pending,,,
2711,15983,1,2K9E,pending,,,
2712,15987,1,2K9I,pending,,,
2713,15988,1,2K9K,pending,,,
2714,15989,1,2K9N,pending,,,
2715,15992,1,2K9O,pending,,,
2716,15995,1,2K9P,pending,,,
2717,15996,1,2WCY,pending,,,
2718,15999,1,2K9Q,pending,,,
2719,16001,1,2K9S,pending,,,
2720,16002,1,2K9U,pending,,,
2721,16005,1,2K9Y,pending,,,
2722,16006,1,2K9Z,pending,,,
2723,16007,1,2KA0,pending,,,
2724,16012,1,2KA1,pending,,,
2725,16014,1,2KA4,pending,,,
2726,16015,1,2KA6,pending,,,
2727,16016,1,2KA7,pending,,,
2728,16019,1,2KA5,pending,,,
2729,16020,1,2KAD,pending,,,
2730,16024,1,2KAJ,pending,,,
2731,16025,1,2KAK,pending,,,
2732,16027,1,2K91,pending,,,
2733,16028,1,2KAM,pending,,,
2734,16029,1,2N4F,pending,,,
2735,16030,1,2KAT,pending,,,
2736,16032,1,2KAV,pending,,,
2737,16033,1,2KAX,pending,,,
2738,16034,1,2KAY,pending,,,
2739,16037,1,2KB2,pending,,,
2740,16038,1,2KB3,pending,,,
2741,16039,1,2KB4,pending,,,
2742,16040,1,2KB6,pending,,,
2743,16045,1,2KBI,pending,,,
2744,16050,1,2KBM,pending,,,
2745,16051,2,2KBN;2KEN,pending,,,
2746,16053,1,2KBT,pending,,,
2747,16054,1,2K90,pending,,,
2748,16055,1,2K97,pending,,,
2749,16056,1,2KBV,pending,,,
2750,16057,1,2KBZ,pending,,,
2751,16058,1,2KC0,pending,,,
2752,16061,1,2KC5,pending,,,
2753,16062,1,2KC6,pending,,,
2754,16063,1,2KBX,pending,,,
2755,16064,1,2KC7,pending,,,
2756,16065,1,2KC8,pending,,,
2757,16066,1,2KC9,pending,,,
2758,16068,1,2KCA,pending,,,
2759,16072,1,2KCD,pending,,,
2760,16073,1,2KCG,pending,,,
2761,16074,1,2KCH,pending,,,
2762,16082,1,2KCJ,pending,,,
2763,16083,1,2KCK,pending,,,
2764,16084,1,2KCL,pending,,,
2765,16085,1,2ML8,pending,,,
2766,16087,1,2KCN,pending,,,
2767,16089,1,2KCO,pending,,,
2768,16090,1,2KBL,pending,,,
2769,16091,1,2KCP,pending,,,
2770,16093,1,2KCQ,pending,,,
2771,16094,1,2KCR,pending,,,
2772,16096,1,2KCT,pending,,,
2773,16097,1,2KCU,pending,,,
2774,16098,1,2KCW,pending,,,
2775,16099,1,2KCX,pending,,,
2776,16100,1,2KCZ,pending,,,
2777,16101,1,2KD0,pending,,,
2778,16102,1,2KD1,pending,,,
2779,16103,1,2KD2,pending,,,
2780,16107,1,2KD7,pending,,,
2781,16109,1,2KDB,pending,,,
2782,16110,1,2KDD,pending,,,
2783,16111,1,2KPY,pending,,,
2784,16114,1,2KDI,pending,,,
2785,16116,1,2KDL,pending,,,
2786,16117,1,2KDM,pending,,,
2787,16118,1,2KDN,pending,,,
2788,16119,1,2KDO,pending,,,
2789,16122,1,2KDR,pending,,,
2790,16126,1,2KDX,pending,,,
2791,16127,1,2KDP,pending,,,
2792,16129,1,2KE4,pending,,,
2793,16135,1,2KMT,pending,,,
2794,16136,1,2W9O,pending,,,
2795,16137,1,2KE7,pending,,,
2796,16138,1,2M54,pending,,,
2797,16139,1,2KE9,pending,,,
2798,16141,1,6UZJ,pending,,,
2799,16142,1,2KEC,pending,,,
2800,16143,1,2KED,pending,,,
2801,16145,1,2KEE,pending,,,
2802,16147,1,2MMO,pending,,,
2803,16148,1,2KEG,pending,,,
2804,16149,1,2KEH,pending,,,
2805,16150,1,2W9U,pending,,,
2806,16151,1,2W9V,pending,,,
2807,16152,1,2W9W,pending,,,
2808,16153,1,2KEL,pending,,,
2809,16154,1,2KEN,pending,,,
2810,16155,1,2KEO,pending,,,
2811,16156,1,2KES,pending,,,
2812,16157,1,2KER,pending,,,
2813,16161,1,2KEY,pending,,,
2814,16164,1,2KEP,pending,,,
2815,16168,1,2JO1,pending,,,
2816,16170,1,2KF4,pending,,,
2817,16171,1,2KF5,pending,,,
2818,16172,1,2KF6,pending,,,
2819,16173,1,2KFB,pending,,,
2820,16176,1,2KFD,pending,,,
2821,16178,1,2KFE,pending,,,
2822,16179,1,2KFF,pending,,,
2823,16180,1,2KFG,pending,,,
2824,16181,1,2KFH,pending,,,
2825,16183,1,2KFL,pending,,,
2826,16184,1,2KFM,pending,,,
2827,16185,1,2KFO,pending,,,
2828,16186,1,2KFP,pending,,,
2829,16187,1,2KFQ,pending,,,
2830,16188,1,2KFS,pending,,,
2831,16189,1,2KFV,pending,,,
2832,16190,1,2KFX,pending,,,
2833,16191,1,2KLE,pending,,,
2834,16193,1,2KG0,pending,,,
2835,16194,1,2KG1,pending,,,
2836,16195,1,2LG1,pending,,,
2837,16196,1,2KG6,pending,,,
2838,16197,1,2KG8,pending,,,
2839,16199,1,2KG9,pending,,,
2840,16200,1,2KGA,pending,,,
2841,16201,1,2KGC,pending,,,
2842,16202,1,2KGD,pending,,,
2843,16203,1,2KGE,pending,,,
2844,16207,1,2KT2,pending,,,
2845,16208,1,2KT3,pending,,,
2846,16209,1,2KGG,pending,,,
2847,16210,1,2KGI,pending,,,
2848,16211,1,2KGJ,pending,,,
2849,16212,1,2K8Z,pending,,,
2850,16214,1,2KGO,pending,,,
2851,16215,1,2LY5,pending,,,
2852,16219,1,2KGT,pending,,,
2853,16222,1,2KH3,pending,,,
2854,16223,1,2KH4,pending,,,
2855,16225,1,2KH6,pending,,,
2856,16226,2,2KH7;2KH8,pending,,,
2857,16230,1,2KH9,pending,,,
2858,16231,1,2KHA,pending,,,
2859,16233,1,2LBO,pending,,,
2860,16235,1,2KHB,pending,,,
2861,16236,1,2KHC,pending,,,
2862,16237,1,2KGS,pending,,,
2863,16238,1,2KHD,pending,,,
2864,16239,1,2KHF,pending,,,
2865,16240,1,2KFW,pending,,,
2866,16241,1,2KHG,pending,,,
2867,16243,1,2KH9,pending,,,
2868,16244,1,2KH9,pending,,,
2869,16246,1,2KH9,pending,,,
2870,16247,1,2KHK,pending,,,
2871,16248,1,2KFU,pending,,,
2872,16249,1,2KHM,pending,,,
2873,16250,1,2KHN,pending,,,
2874,16251,1,2KHQ,pending,,,
2875,16252,1,2L7Z,pending,,,
2876,16253,1,2KHR,pending,,,
2877,16254,1,2KHT,pending,,,
2878,16255,1,2KHV,pending,,,
2879,16256,1,2KHX,pending,,,
2880,16258,1,2KHZ,pending,,,
2881,16260,1,2KI3,pending,,,
2882,16263,1,2KM6,pending,,,
2883,16264,1,2KHP,pending,,,
2884,16267,1,2KI8,pending,,,
2885,16268,1,2KI9,pending,,,
2886,16269,1,2KIC,pending,,,
2887,16270,1,2KID,pending,,,
2888,16271,1,2KIE,pending,,,
2889,16272,1,2KIF,pending,,,
2890,16273,1,2KIG,pending,,,
2891,16276,1,2KII,pending,,,
2892,16277,1,2KIJ,pending,,,
2893,16278,1,2KIL,pending,,,
2894,16283,1,2KIM,pending,,,
2895,16284,1,2KIO,pending,,,
2896,16285,1,2KG2,pending,,,
2897,16293,1,2KIS,pending,,,
2898,16295,1,2KIT,pending,,,
2899,16297,1,2KIV,pending,,,
2900,16298,1,2KIW,pending,,,
2901,16306,1,2KSC,pending,,,
2902,16311,1,2KJ4,pending,,,
2903,16312,1,2KJ5,pending,,,
2904,16315,1,2KJ8,pending,,,
2905,16316,1,2KJ9,pending,,,
2906,16317,1,2KLL,pending,,,
2907,16318,1,2KJE,pending,,,
2908,16319,1,2KJF,pending,,,
2909,16320,1,2KJG,pending,,,
2910,16321,1,2KJH,pending,,,
2911,16325,1,2KJK,pending,,,
2912,16332,1,2KJN,pending,,,
2913,16333,1,2KJO,pending,,,
2914,16335,1,2KJP,pending,,,
2915,16336,1,2KJQ,pending,,,
2916,16338,1,2KJR,pending,,,
2917,16339,1,2KJL,pending,,,
2918,16344,1,2KJV,pending,,,
2919,16345,1,2KJW,pending,,,
2920,16347,1,2KJZ,pending,,,
2921,16348,1,2KK0,pending,,,
2922,16349,1,2KK1,pending,,,
2923,16350,1,2KK2,pending,,,
2924,16352,1,2KK4,pending,,,
2925,16353,1,2KK6,pending,,,
2926,16354,1,2KK7,pending,,,
2927,16355,1,2KK8,pending,,,
2928,16356,1,2KKA,pending,,,
2929,16357,1,2KKE,pending,,,
2930,16361,1,2KKC,pending,,,
2931,16363,1,2KKJ,pending,,,
2932,16364,1,2KKL,pending,,,
2933,16365,1,2KKM,pending,,,
2934,16366,1,2KKN,pending,,,
2935,16368,1,2KKO,pending,,,
2936,16370,1,2KKQ,pending,,,
2937,16371,1,2KKS,pending,,,
2938,16372,1,2KKU,pending,,,
2939,16373,1,2KKV,pending,,,
2940,16374,1,2KKX,pending,,,
2941,16375,1,2KKY,pending,,,
2942,16376,1,2KKZ,pending,,,
2943,16377,1,2LEK,pending,,,
2944,16378,1,2KL1,pending,,,
2945,16380,1,2KL2,pending,,,
2946,16381,1,2K4T,pending,,,
2947,16382,1,2KL3,pending,,,
2948,16384,1,2KL5,pending,,,
2949,16385,1,2KL6,pending,,,
2950,16386,1,2KL7,pending,,,
2951,16387,1,2KL8,pending,,,
2952,16388,1,2KLB,pending,,,
2953,16389,1,2KLA,pending,,,
2954,16390,1,2KLC,pending,,,
2955,16396,1,2KLQ,pending,,,
2956,16397,1,2KKR,pending,,,
2957,16400,1,2KLW,pending,,,
2958,16403,1,2KLX,pending,,,
2959,16404,1,2KLY,pending,,,
2960,16405,1,2KLZ,pending,,,
2961,16408,1,2KM0,pending,,,
2962,16411,1,2KM4,pending,,,
2963,16413,1,2LJK,pending,,,
2964,16425,1,2KM8,pending,,,
2965,16426,1,2KMD,pending,,,
2966,16428,1,2KMG,pending,,,
2967,16431,1,2KMJ,pending,,,
2968,16436,1,2KMO,pending,,,
2969,16437,1,2KMP,pending,,,
2970,16438,1,2KMP,pending,,,
2971,16439,1,2KMS,pending,,,
2972,16440,1,2KMV,pending,,,
2973,16441,1,2KMX,pending,,,
2974,16442,1,2KMW,pending,,,
2975,16443,1,2KMY,pending,,,
2976,16449,1,2KN7,pending,,,
2977,16452,1,2KN8,pending,,,
2978,16465,1,2KNE,pending,,,
2979,16466,1,2KNF,pending,,,
2980,16467,1,2KNH,pending,,,
2981,16468,1,2KNI,pending,,,
2982,16472,1,2KNO,pending,,,
2983,16476,1,2KNR,pending,,,
2984,16477,1,2KNU,pending,,,
2985,16478,1,2KNA,pending,,,
2986,16480,1,2LGP,pending,,,
2987,16482,1,2KNX,pending,,,
2988,16483,1,2KNY,pending,,,
2989,16484,1,2KNZ,pending,,,
2990,16485,1,2KO0,pending,,,
2991,16486,1,2KO1,pending,,,
2992,16490,1,2KO6,pending,,,
2993,16491,1,2KO7,pending,,,
2994,16492,2,2KO8;9CCH,pending,,,
2995,16496,1,2KNC,pending,,,
2996,16497,1,2K9J,pending,,,
2997,16498,1,2KOB,pending,,,
2998,16504,1,2KOE,pending,,,
2999,16505,1,2KKG,pending,,,
3000,16507,1,2KOH,pending,,,
3001,16510,1,2KE1,pending,,,
3002,16515,1,2KOJ,pending,,,
3003,16517,1,2KOK,pending,,,
3004,16519,1,2KOL,pending,,,
3005,16520,1,2KOM,pending,,,
3006,16521,1,2KON,pending,,,
3007,16524,1,2KOO,pending,,,
3008,16525,1,2KOP,pending,,,
3009,16526,1,2KOQ,pending,,,
3010,16527,1,2KOR,pending,,,
3011,16528,1,2KOS,pending,,,
3012,16534,1,2KOU,pending,,,
3013,16536,1,2KOY,pending,,,
3014,16539,1,2KOZ,pending,,,
3015,16540,1,2KP0,pending,,,
3016,16544,1,2KMU,pending,,,
3017,16545,1,2KP6,pending,,,
3018,16549,1,2KP7,pending,,,
3019,16550,1,2KPA,pending,,,
3020,16551,1,2KPB,pending,,,
3021,16556,1,2KPI,pending,,,
3022,16557,1,2KPJ,pending,,,
3023,16558,1,2KPK,pending,,,
3024,16559,1,2KPL,pending,,,
3025,16560,1,2KPM,pending,,,
3026,16561,1,2KPN,pending,,,
3027,16562,1,2KPO,pending,,,
3028,16563,1,2KPP,pending,,,
3029,16564,1,2KPQ,pending,,,
3030,16569,1,2KPT,pending,,,
3031,16570,1,2KPU,pending,,,
3032,16572,1,2KPW,pending,,,
3033,16574,1,2KPZ,pending,,,
3034,16575,1,2KQ0,pending,,,
3035,16576,1,2KQ1,pending,,,
3036,16577,1,2LD5,pending,,,
3037,16578,1,2KQ2,pending,,,
3038,16585,1,2KQ3,pending,,,
3039,16589,1,2KQ5,pending,,,
3040,16590,1,2KQ6,pending,,,
3041,16592,1,2KQ8,pending,,,
3042,16594,1,2KQ9,pending,,,
3043,16596,4,2KQB;2KQC;2KQD;2KQE,pending,,,
3044,16603,1,2KQK,pending,,,
3045,16605,1,2KQL,pending,,,
3046,16606,1,2KQM,pending,,,
3047,16607,1,2KQN,pending,,,
3048,16608,1,2KQP,pending,,,
3049,16610,1,2KQR,pending,,,
3050,16612,1,2KQT,pending,,,
3051,16617,1,2KQY,pending,,,
3052,16620,1,2KR1,pending,,,
3053,16621,1,2NDJ,pending,,,
3054,16624,1,2KR5,pending,,,
3055,16629,1,2KR7,pending,,,
3056,16632,1,2KR9,pending,,,
3057,16633,1,2KRA,pending,,,
3058,16636,1,2KRF,pending,,,
3059,16637,1,2KJD,pending,,,
3060,16638,1,2KRG,pending,,,
3061,16639,1,2KRI,pending,,,
3062,16640,1,2KRK,pending,,,
3063,16641,1,2KRM,pending,,,
3064,16642,1,2KRN,pending,,,
3065,16643,1,2KRO,pending,,,
3066,16646,1,2KRR,pending,,,
3067,16647,1,2KRS,pending,,,
3068,16648,1,2KRT,pending,,,
3069,16649,1,2KRU,pending,,,
3070,16652,1,2KRX,pending,,,
3071,16653,1,2L97,pending,,,
3072,16654,1,2KRY,pending,,,
3073,16655,1,2KRZ,pending,,,
3074,16656,1,2KS0,pending,,,
3075,16660,1,2KS9,pending,,,
3076,16662,1,2KSH,pending,,,
3077,16663,1,2KQQ,pending,,,
3078,16665,1,2KSI,pending,,,
3079,16667,1,6URP,pending,,,
3080,16671,1,2KSP,pending,,,
3081,16672,1,2KSR,pending,,,
3082,16674,1,2KSU,pending,,,
3083,16675,1,2KSV,pending,,,
3084,16676,1,2KSW,pending,,,
3085,16677,1,2LAG,pending,,,
3086,16678,1,2KSY,pending,,,
3087,16679,1,2LFU,pending,,,
3088,16680,1,2KT0,pending,,,
3089,16681,1,2KT1,pending,,,
3090,16682,1,2KT4,pending,,,
3091,16683,1,2KT5,pending,,,
3092,16684,1,2KT6,pending,,,
3093,16686,1,2KT7,pending,,,
3094,16688,1,2KT8,pending,,,
3095,16691,1,2KT9,pending,,,
3096,16692,1,2KTA,pending,,,
3097,16693,1,2KTC,pending,,,
3098,16694,1,2KTB,pending,,,
3099,16701,1,2LGZ,pending,,,
3100,16707,1,8C5J,pending,,,
3101,16709,2,2KTN;8C5J,pending,,,
3102,16711,1,2KTS,pending,,,
3103,16714,1,2Y95,pending,,,
3104,16715,1,2LAV,pending,,,
3105,16719,1,2L95,pending,,,
3106,16720,1,2KU4,pending,,,
3107,16721,1,2KU3,pending,,,
3108,16722,1,2KU5,pending,,,
3109,16723,1,2KU6,pending,,,
3110,16731,1,2KUC,pending,,,
3111,16732,1,2KUD,pending,,,
3112,16733,1,2KUE,pending,,,
3113,16734,1,2KUF,pending,,,
3114,16737,1,2KXI,pending,,,
3115,16738,1,2KUL,pending,,,
3116,16743,1,2KUN,pending,,,
3117,16744,1,2KUO,pending,,,
3118,16745,1,2KUS,pending,,,
3119,16746,1,2KUT,pending,,,
3120,16747,1,2KUY,pending,,,
3121,16764,2,2KUG;2KUH,pending,,,
3122,16767,1,2KV3,pending,,,
3123,16768,1,2KV4,pending,,,
3124,16770,1,2KV7,pending,,,
3125,16771,1,2KV9,pending,,,
3126,16772,1,2KVA,pending,,,
3127,16773,1,2KVB,pending,,,
3128,16774,1,2KVC,pending,,,
3129,16775,1,2KVD,pending,,,
3130,16776,1,2KVE,pending,,,
3131,16778,1,2KVM,pending,,,
3132,16779,1,2LXD,pending,,,
3133,16782,1,2KVO,pending,,,
3134,16788,1,2KVQ,pending,,,
3135,16789,1,2KVR,pending,,,
3136,16790,1,2X8N,pending,,,
3137,16791,1,2KVT,pending,,,
3138,16792,1,2KVU,pending,,,
3139,16794,1,2KVS,pending,,,
3140,16795,1,2KVV,pending,,,
3141,16797,1,2KVH,pending,,,
3142,16801,1,2KVZ,pending,,,
3143,16802,1,2KW0,pending,,,
3144,16805,1,2KW2,pending,,,
3145,16806,1,2N47,pending,,,
3146,16807,1,2KW4,pending,,,
3147,16808,1,2KW6,pending,,,
3148,16809,1,2K7A,pending,,,
3149,16810,1,2KW7,pending,,,
3150,16811,1,2KW8,pending,,,
3151,16812,1,2KAE,pending,,,
3152,16813,1,2KNB,pending,,,
3153,16816,1,2KW9,pending,,,
3154,16817,1,2KSG,pending,,,
3155,16818,1,2K8A,pending,,,
3156,16820,1,2KCY,pending,,,
3157,16821,1,2KCV,pending,,,
3158,16822,1,2KGK,pending,,,
3159,16824,1,2K42,pending,,,
3160,16831,1,2KNG,pending,,,
3161,16832,1,2KTL,pending,,,
3162,16833,1,2LOY,pending,,,
3163,16834,1,2KAL,pending,,,
3164,16835,1,2KWC,pending,,,
3165,16839,1,2KUM,pending,,,
3166,16840,1,2L9C,pending,,,
3167,16842,1,2LDO,pending,,,
3168,16843,1,2K3B,pending,,,
3169,16846,1,2KSM,pending,,,
3170,16849,1,2KKD,pending,,,
3171,16851,1,2KWF,pending,,,
3172,16852,1,2KWG,pending,,,
3173,16853,1,2KLU,pending,,,
3174,16856,1,2KWL,pending,,,
3175,16857,1,2KB9,pending,,,
3176,16860,1,2LML,pending,,,
3177,16861,1,2KWN,pending,,,
3178,16862,1,2LAN,pending,,,
3179,16864,1,5ZB6,pending,,,
3180,16865,1,2KWO,pending,,,
3181,16868,1,2KWP,pending,,,
3182,16871,1,2JWE,pending,,,
3183,16872,1,2KWQ,pending,,,
3184,16878,1,2KFT,pending,,,
3185,16879,2,6GBD;6GBE,pending,,,
3186,16880,1,2KWU,pending,,,
3187,16881,1,2KF2,pending,,,
3188,16882,1,2KHU,pending,,,
3189,16884,1,2MY8,pending,,,
3190,16885,1,2KWV,pending,,,
3191,16886,1,2KWT,pending,,,
3192,16887,1,2K4E,pending,,,
3193,16888,1,2K4H,pending,,,
3194,16889,1,2K4I,pending,,,
3195,16892,1,2KWZ,pending,,,
3196,16895,1,2KX0,pending,,,
3197,16897,1,2KX2,pending,,,
3198,16899,1,2KX3,pending,,,
3199,16901,1,2K6T,pending,,,
3200,16905,1,2LPM,pending,,,
3201,16907,1,2KXA,pending,,,
3202,16909,1,2KXC,pending,,,
3203,16911,1,2LKL,pending,,,
3204,16912,1,2M4K,pending,,,
3205,16913,1,2KXG,pending,,,
3206,16915,1,2KXK,pending,,,
3207,16920,1,2KXN,pending,,,
3208,16922,1,2KSF,pending,,,
3209,16923,1,2KXQ,pending,,,
3210,16926,1,2KXX,pending,,,
3211,16927,1,2KXY,pending,,,
3212,16929,1,2KXV,pending,,,
3213,16934,1,2KY4,pending,,,
3214,16935,1,2KY5,pending,,,
3215,16936,1,2KY8,pending,,,
3216,16941,1,2KX5,pending,,,
3217,16942,1,2KY9,pending,,,
3218,16943,1,2KYA,pending,,,
3219,16944,1,2KYB,pending,,,
3220,16945,1,2KYC,pending,,,
3221,16947,1,2KSD,pending,,,
3222,16950,1,2KXZ,pending,,,
3223,16951,1,2KY0,pending,,,
3224,16952,1,2KY1,pending,,,
3225,16953,1,2KY2,pending,,,
3226,16954,1,2KYG,pending,,,
3227,16955,1,2KYF,pending,,,
3228,16956,1,2ML3,pending,,,
3229,16957,1,2KYH,pending,,,
3230,16960,1,2WH9,pending,,,
3231,16961,1,2KYI,pending,,,
3232,16963,1,2KYJ,pending,,,
3233,16967,1,2KYL,pending,,,
3234,16968,1,2K6U,pending,,,
3235,16969,1,2XA6,pending,,,
3236,16970,1,2KYM,pending,,,
3237,16971,1,2L8B,pending,,,
3238,16977,1,2L8K,pending,,,
3239,16978,1,2KYQ,pending,,,
3240,16979,1,2KYR,pending,,,
3241,16980,1,2KYD,pending,,,
3242,16981,1,2KYS,pending,,,
3243,16983,1,2KYU,pending,,,
3244,16986,1,2KXE,pending,,,
3245,16988,1,2KYW,pending,,,
3246,16989,1,2KYX,pending,,,
3247,16991,1,2KYY,pending,,,
3248,16994,1,2KZ2,pending,,,
3249,16995,1,2KZ0,pending,,,
3250,16996,1,2KZ3,pending,,,
3251,16997,1,2KZ4,pending,,,
3252,16998,1,2KZ5,pending,,,
3253,16999,1,2KZ6,pending,,,
3254,17000,1,2KZ9,pending,,,
3255,17001,1,2KZA,pending,,,
3256,17002,1,2KZC,pending,,,
3257,17005,1,2KZH,pending,,,
3258,17006,1,2KZB,pending,,,
3259,17007,1,2KZK,pending,,,
3260,17008,1,2KZN,pending,,,
3261,17011,1,2KZQ,pending,,,
3262,17014,1,2M1B,pending,,,
3263,17015,1,2K38,pending,,,
3264,17016,1,2KZ7,pending,,,
3265,17017,1,2KZR,pending,,,
3266,17018,1,2KZS,pending,,,
3267,17019,1,2KZU,pending,,,
3268,17020,1,2KZV,pending,,,
3269,17021,1,2KZW,pending,,,
3270,17022,1,2KZX,pending,,,
3271,17023,1,2KZY,pending,,,
3272,17024,1,2L00,pending,,,
3273,17025,1,2L01,pending,,,
3274,17026,1,2L02,pending,,,
3275,17028,1,2L04,pending,,,
3276,17030,1,2L05,pending,,,
3277,17031,2,2L06;7TZ8,pending,,,
3278,17032,1,2L07,pending,,,
3279,17033,1,2L08,pending,,,
3280,17035,1,2L09,pending,,,
3281,17038,1,2L0C,pending,,,
3282,17039,1,2L0D,pending,,,
3283,17040,1,2L0E,pending,,,
3284,17044,1,2L0I,pending,,,
3285,17045,1,2LPE,pending,,,
3286,17050,1,2XK0,pending,,,
3287,17062,1,2L0S,pending,,,
3288,17066,1,2L0W,pending,,,
3289,17067,1,2L0Y,pending,,,
3290,17070,1,2L10,pending,,,
3291,17071,1,2L11,pending,,,
3292,17072,1,2L12,pending,,,
3293,17073,1,2L14,pending,,,
3294,17074,1,2MYP,pending,,,
3295,17076,1,2MYN,pending,,,
3296,17077,1,2MYT,pending,,,
3297,17079,1,2L1B,pending,,,
3298,17080,1,2L1C,pending,,,
3299,17081,1,2L1D,pending,,,
3300,17082,1,2L1E,pending,,,
3301,17083,1,2L1F,pending,,,
3302,17086,1,2L1J,pending,,,
3303,17087,1,2L1K,pending,,,
3304,17088,1,2KYE,pending,,,
3305,17089,1,2KXD,pending,,,
3306,17090,1,2L1N,pending,,,
3307,17091,1,2L1O,pending,,,
3308,17092,1,2L1P,pending,,,
3309,17103,1,2L1R,pending,,,
3310,17104,1,2L1S,pending,,,
3311,17105,1,2L1T,pending,,,
3312,17106,1,2L1V,pending,,,
3313,17107,1,2L1Y,pending,,,
3314,17108,1,2L1Z,pending,,,
3315,17110,1,2L21,pending,,,
3316,17111,1,2L22,pending,,,
3317,17124,1,2L25,pending,,,
3318,17125,1,2L28,pending,,,
3319,17127,1,2L29,pending,,,
3320,17132,1,2L2D,pending,,,
3321,17138,1,2L2L,pending,,,
3322,17143,1,2L2N,pending,,,
3323,17145,1,2L7M,pending,,,
3324,17147,1,2L7F,pending,,,
3325,17149,2,2L2P;2LP5,pending,,,
3326,17150,1,2L2Q,pending,,,
3327,17151,1,2L2S,pending,,,
3328,17152,1,2L2R,pending,,,
3329,17153,1,2L2W,pending,,,
3330,17154,1,2L2X,pending,,,
3331,17155,1,2L2Y,pending,,,
3332,17156,1,2L2Z,pending,,,
3333,17157,1,2L30,pending,,,
3334,17158,1,2L31,pending,,,
3335,17160,1,2LHS,pending,,,
3336,17161,1,2L9B,pending,,,
3337,17165,1,2XKS,pending,,,
3338,17166,1,2XKU,pending,,,
3339,17169,1,2L33,pending,,,
3340,17173,1,2LO6,pending,,,
3341,17174,1,2L39,pending,,,
3342,17175,1,2L3A,pending,,,
3343,17176,1,2L3B,pending,,,
3344,17188,1,2L3E,pending,,,
3345,17191,1,2L3F,pending,,,
3346,17193,1,2L3H,pending,,,
3347,17194,1,2L3I,pending,,,
3348,17196,1,2L3M,pending,,,
3349,17199,1,2L3N,pending,,,
3350,17200,1,2L3R,pending,,,
3351,17202,1,2L3T,pending,,,
3352,17203,1,2N57,pending,,,
3353,17213,1,2L40,pending,,,
3354,17227,1,2KY3,pending,,,
3355,17228,1,2L44,pending,,,
3356,17229,1,2L45,pending,,,
3357,17232,1,2L47,pending,,,
3358,17233,1,2L48,pending,,,
3359,17234,1,2L4A,pending,,,
3360,17235,1,2L4B,pending,,,
3361,17236,1,2L4D,pending,,,
3362,17237,1,2KMZ,pending,,,
3363,17238,1,2L4E,pending,,,
3364,17239,1,2L4F,pending,,,
3365,17240,1,2L4G,pending,,,
3366,17241,1,2L4J,pending,,,
3367,17242,1,2L4Q,pending,,,
3368,17243,1,2KDH,pending,,,
3369,17244,1,2L43,pending,,,
3370,17245,1,2L4N,pending,,,
3371,17246,1,2L4O,pending,,,
3372,17247,1,2KN0,pending,,,
3373,17249,1,2ML2,pending,,,
3374,17252,1,2KN1,pending,,,
3375,17254,1,2L4S,pending,,,
3376,17255,1,2L4T,pending,,,
3377,17256,1,2L4U,pending,,,
3378,17257,1,2L4W,pending,,,
3379,17258,1,2L4V,pending,,,
3380,17260,1,2LEN,pending,,,
3381,17261,1,2L50,pending,,,
3382,17262,1,2L51,pending,,,
3383,17263,1,2L52,pending,,,
3384,17264,1,2L53,pending,,,
3385,17265,1,2L4Z,pending,,,
3386,17266,1,2L55,pending,,,
3387,17267,1,2L57,pending,,,
3388,17268,1,2L59,pending,,,
3389,17270,1,2L5E,pending,,,
3390,17271,1,2L5G,pending,,,
3391,17272,1,2L5C,pending,,,
3392,17273,1,2L5D,pending,,,
3393,17275,1,2L5L,pending,,,
3394,17277,1,2L5O,pending,,,
3395,17278,1,2MOT,pending,,,
3396,17279,1,2L5P,pending,,,
3397,17280,1,2L5Q,pending,,,
3398,17281,1,2L5R,pending,,,
3399,17282,1,2L4X,pending,,,
3400,17283,1,2LJ6,pending,,,
3401,17284,1,2L5T,pending,,,
3402,17286,1,2L5V,pending,,,
3403,17287,1,2LLA,pending,,,
3404,17288,1,2MF2,pending,,,
3405,17289,1,2L5Y,pending,,,
3406,17291,1,2L60,pending,,,
3407,17292,1,2L5Z,pending,,,
3408,17294,1,2L61,pending,,,
3409,17295,1,2L62,pending,,,
3410,17296,1,2L63,pending,,,
3411,17297,1,2L64,pending,,,
3412,17298,1,2MDT,pending,,,
3413,17299,1,6ZOM,pending,,,
3414,17300,1,6ZOM,pending,,,
3415,17302,1,2L67,pending,,,
3416,17303,1,2LKK,pending,,,
3417,17304,1,2L69,pending,,,
3418,17305,1,2L6A,pending,,,
3419,17306,1,2L6B,pending,,,
3420,17307,1,2L6E,pending,,,
3421,17309,1,2L6I,pending,,,
3422,17311,1,2LF1,pending,,,
3423,17312,1,2L6J,pending,,,
3424,17314,1,2L6K,pending,,,
3425,17315,1,2L6M,pending,,,
3426,17316,1,2KZL,pending,,,
3427,17318,1,2L6N,pending,,,
3428,17319,1,2L6P,pending,,,
3429,17320,1,2L6O,pending,,,
3430,17321,1,2L6Q,pending,,,
3431,17322,1,2L6R,pending,,,
3432,17323,1,2L6U,pending,,,
3433,17324,1,2MC3,pending,,,
3434,17327,1,2L6X,pending,,,
3435,17329,1,2L4H,pending,,,
3436,17330,1,2L70,pending,,,
3437,17331,1,2L71,pending,,,
3438,17343,1,2L73,pending,,,
3439,17344,1,2L75,pending,,,
3440,17345,1,2L76,pending,,,
3441,17346,1,2L77,pending,,,
3442,17347,1,2L79,pending,,,
3443,17351,1,2L7D,pending,,,
3444,17352,1,2L7E,pending,,,
3445,17353,1,2LMT,pending,,,
3446,17354,1,2LMV,pending,,,
3447,17355,1,2L9F,pending,,,
3448,17356,1,2L7C,pending,,,
3449,17358,1,2L7J,pending,,,
3450,17359,1,2L7K,pending,,,
3451,17360,1,2L7L,pending,,,
3452,17363,1,2L7N,pending,,,
3453,17364,1,2LOZ,pending,,,
3454,17365,1,2L7P,pending,,,
3455,17368,1,2MQI,pending,,,
3456,17370,1,2L7Q,pending,,,
3457,17371,1,2L7R,pending,,,
3458,17374,1,2LJ8,pending,,,
3459,17377,1,2L7T,pending,,,
3460,17378,1,2L7U,pending,,,
3461,17379,1,2L7V,pending,,,
3462,17381,1,2L7Y,pending,,,
3463,17382,1,2L7W,pending,,,
3464,17383,1,2L7X,pending,,,
3465,17388,1,2L80,pending,,,
3466,17389,1,2L81,pending,,,
3467,17390,1,2L82,pending,,,
3468,17391,1,2L83,pending,,,
3469,17392,1,2L84,pending,,,
3470,17393,1,2L85,pending,,,
3471,17394,1,2L86,pending,,,
3472,17395,1,2L87,pending,,,
3473,17396,1,2L8E,pending,,,
3474,17397,1,2L88,pending,,,
3475,17398,1,2L89,pending,,,
3476,17399,1,2L8A,pending,,,
3477,17401,2,2L8U;2L8W,pending,,,
3478,17402,1,2L8D,pending,,,
3479,17403,1,3ZUA,pending,,,
3480,17405,1,4AKA,pending,,,
3481,17406,1,2L8F,pending,,,
3482,17407,1,2LP0,pending,,,
3483,17408,1,2L8H,pending,,,
3484,17409,1,2L8I,pending,,,
3485,17412,1,2L8J,pending,,,
3486,17414,1,2L8L,pending,,,
3487,17415,1,2LQD,pending,,,
3488,17418,1,2LCJ,pending,,,
3489,17419,1,2L8N,pending,,,
3490,17420,1,2L8O,pending,,,
3491,17421,1,2L8R,pending,,,
3492,17422,1,2L8P,pending,,,
3493,17423,1,2L8Q,pending,,,
3494,17424,1,2L8S,pending,,,
3495,17425,1,2L8T,pending,,,
3496,17429,1,2L8V,pending,,,
3497,17430,1,2L8X,pending,,,
3498,17431,1,2L8Y,pending,,,
3499,17432,1,2L90,pending,,,
3500,17433,1,2L91,pending,,,
3501,17434,1,2L92,pending,,,
3502,17435,1,2L93,pending,,,
3503,17436,1,2L94,pending,,,
3504,17438,1,2L96,pending,,,
3505,17440,1,2L98,pending,,,
3506,17441,1,2L99,pending,,,
3507,17442,1,2L9A,pending,,,
3508,17443,1,2Y4W,pending,,,
3509,17447,1,2LB6,pending,,,
3510,17448,1,2L9D,pending,,,
3511,17449,1,2L9E,pending,,,
3512,17450,1,2L9G,pending,,,
3513,17451,1,2L9J,pending,,,
3514,17453,1,2L9H,pending,,,
3515,17456,1,2LAU,pending,,,
3516,17458,1,2L9I,pending,,,
3517,17475,1,2Y9T,pending,,,
3518,17477,1,2L9L,pending,,,
3519,17478,1,2L9M,pending,,,
3520,17479,1,2L9N,pending,,,
3521,17481,1,2L9P,pending,,,
3522,17482,1,2L9Q,pending,,,
3523,17484,1,2L9R,pending,,,
3524,17485,1,2L9S,pending,,,
3525,17488,1,2L9U,pending,,,
3526,17489,1,2L9V,pending,,,
3527,17490,1,2L9W,pending,,,
3528,17492,1,2L9X,pending,,,
3529,17493,1,2L9Y,pending,,,
3530,17494,1,2L9Z,pending,,,
3531,17495,1,2LA0,pending,,,
3532,17500,1,2LA2,pending,,,
3533,17501,1,2LA3,pending,,,
3534,17502,1,2LA4,pending,,,
3535,17504,1,2LA5,pending,,,
3536,17508,1,2LA6,pending,,,
3537,17509,1,2LA7,pending,,,
3538,17512,1,2LZN,pending,,,
3539,17515,1,2LA8,pending,,,
3540,17517,1,2LA9,pending,,,
3541,17518,1,2LAA,pending,,,
3542,17519,1,2LAB,pending,,,
3543,17520,1,2LAC,pending,,,
3544,17521,1,2LAE,pending,,,
3545,17523,1,2LNC,pending,,,
3546,17524,1,2LAH,pending,,,
3547,17525,1,2LAI,pending,,,
3548,17529,1,2LAJ,pending,,,
3549,17530,1,2LAK,pending,,,
3550,17531,1,2LAM,pending,,,
3551,17532,1,2LAP,pending,,,
3552,17533,1,2LAQ,pending,,,
3553,17534,1,2LVL,pending,,,
3554,17535,1,2LAR,pending,,,
3555,17536,1,2LAS,pending,,,
3556,17537,1,2LAT,pending,,,
3557,17538,1,2LAW,pending,,,
3558,17539,1,2LAX,pending,,,
3559,17540,1,2LAY,pending,,,
3560,17541,1,2LAZ,pending,,,
3561,17542,1,2LB0,pending,,,
3562,17543,1,2LB1,pending,,,
3563,17544,1,2LB2,pending,,,
3564,17545,1,2LB3,pending,,,
3565,17546,1,2LB5,pending,,,
3566,17547,1,2LB7,pending,,,
3567,17551,1,2LBA,pending,,,
3568,17553,1,2LBB,pending,,,
3569,17554,1,2LBC,pending,,,
3570,17557,1,2LBF,pending,,,
3571,17558,1,2LBG,pending,,,
3572,17561,1,2LBH,pending,,,
3573,17562,1,2LBI,pending,,,
3574,17563,1,2LBJ,pending,,,
3575,17564,1,2LBK,pending,,,
3576,17565,1,2LBL,pending,,,
3577,17569,1,2LBM,pending,,,
3578,17571,1,2LBN,pending,,,
3579,17572,1,2LBQ,pending,,,
3580,17573,1,2LBR,pending,,,
3581,17574,1,2LBS,pending,,,
3582,17575,1,2LBT,pending,,,
3583,17576,1,2M3T,pending,,,
3584,17577,1,2LBV,pending,,,
3585,17578,1,2LBW,pending,,,
3586,17579,1,2LBX,pending,,,
3587,17580,1,2LBY,pending,,,
3588,17582,1,2M3U,pending,,,
3589,17583,1,2LBZ,pending,,,
3590,17584,1,2LMA,pending,,,
3591,17585,1,2LC0,pending,,,
3592,17586,1,2LC1,pending,,,
3593,17588,1,2LC2,pending,,,
3594,17594,1,2LC3,pending,,,
3595,17595,1,2LCQ,pending,,,
3596,17596,1,2LSH,pending,,,
3597,17598,1,2LC4,pending,,,
3598,17599,1,2LC6,pending,,,
3599,17600,1,2LC7,pending,,,
3600,17601,1,2LC8,pending,,,
3601,17603,1,2LC9,pending,,,
3602,17604,1,2LCB,pending,,,
3603,17606,1,2LCC,pending,,,
3604,17607,1,2MAM,pending,,,
3605,17608,1,2MBG,pending,,,
3606,17609,1,2LCE,pending,,,
3607,17610,1,2N46,pending,,,
3608,17611,1,2N4B,pending,,,
3609,17612,1,2LCH,pending,,,
3610,17613,1,2LCI,pending,,,
3611,17614,1,2LCK,pending,,,
3612,17615,1,2LCL,pending,,,
3613,17617,1,2LCM,pending,,,
3614,17618,1,2LCN,pending,,,
3615,17619,1,2LCO,pending,,,
3616,17621,1,2Y4Q,pending,,,
3617,17622,1,2YH0,pending,,,
3618,17623,1,2YH1,pending,,,
3619,17625,1,2YHH,pending,,,
3620,17628,1,2LCR,pending,,,
3621,17629,1,2LCS,pending,,,
3622,17632,1,2LCT,pending,,,
3623,17633,1,2LCU,pending,,,
3624,17634,1,2LCV,pending,,,
3625,17635,1,2LCW,pending,,,
3626,17636,1,2LV3,pending,,,
3627,17638,1,2LCY,pending,,,
3628,17639,1,2LCZ,pending,,,
3629,17642,1,2LD0,pending,,,
3630,17643,1,2MWG,pending,,,
3631,17644,1,2LD2,pending,,,
3632,17645,1,2LD3,pending,,,
3633,17646,1,2LD4,pending,,,
3634,17651,1,2LD6,pending,,,
3635,17653,1,2LD7,pending,,,
3636,17655,1,2LD8,pending,,,
3637,17657,1,2LDA,pending,,,
3638,17658,1,2LDC,pending,,,
3639,17659,1,2LDD,pending,,,
3640,17661,1,2LDE,pending,,,
3641,17662,1,2LDF,pending,,,
3642,17667,1,2LL4,pending,,,
3643,17668,1,2LDI,pending,,,
3644,17669,1,2LDJ,pending,,,
3645,17670,1,2LDK,pending,,,
3646,17671,1,2LDL,pending,,,
3647,17673,1,2LDM,pending,,,
3648,17679,1,2MKN,pending,,,
3649,17680,1,2LDR,pending,,,
3650,17681,1,2LDS,pending,,,
3651,17682,1,2LDT,pending,,,
3652,17683,1,2LDU,pending,,,
3653,17685,1,2LWX,pending,,,
3654,17686,1,2LDY,pending,,,
3655,17687,1,2LE0,pending,,,
3656,17688,1,2LE1,pending,,,
3657,17689,1,2LE2,pending,,,
3658,17690,1,2LE3,pending,,,
3659,17691,1,2LE4,pending,,,
3660,17693,1,2YKA,pending,,,
3661,17694,1,2LS6,pending,,,
3662,17697,1,2LE6,pending,,,
3663,17699,1,2LE7,pending,,,
3664,17701,1,3ZQD,pending,,,
3665,17702,1,2LE8,pending,,,
3666,17703,2,2LTR;2LTS,pending,,,
3667,17704,1,2LE9,pending,,,
3668,17705,1,2LEA,pending,,,
3669,17706,1,2LEB,pending,,,
3670,17707,1,2LEC,pending,,,
3671,17708,1,2LED,pending,,,
3672,17709,1,2LEE,pending,,,
3673,17710,1,2LEG,pending,,,
3674,17711,1,2LEH,pending,,,
3675,17713,1,4BF8,pending,,,
3676,17714,1,2LEJ,pending,,,
3677,17716,1,2LEL,pending,,,
3678,17717,1,2LEM,pending,,,
3679,17719,1,2LEO,pending,,,
3680,17720,1,2LEP,pending,,,
3681,17723,1,2LEQ,pending,,,
3682,17726,1,2LER,pending,,,
3683,17727,1,2LES,pending,,,
3684,17729,1,2LEV,pending,,,
3685,17731,1,2LEW,pending,,,
3686,17732,1,2LEX,pending,,,
3687,17733,1,2LEY,pending,,,
3688,17734,1,2LEZ,pending,,,
3689,17735,1,2LF0,pending,,,
3690,17736,1,2LF2,pending,,,
3691,17737,1,2LF3,pending,,,
3692,17738,1,2LF4,pending,,,
3693,17739,1,2LF6,pending,,,
3694,17741,1,2LF7,pending,,,
3695,17742,1,2LF8,pending,,,
3696,17745,1,2LSN,pending,,,
3697,17746,1,2LFA,pending,,,
3698,17747,1,2LFC,pending,,,
3699,17749,1,2LFD,pending,,,
3700,17750,1,2LFE,pending,,,
3701,17751,1,2LFF,pending,,,
3702,17752,1,2LFG,pending,,,
3703,17753,1,2LFH,pending,,,
3704,17754,1,2LFI,pending,,,
3705,17762,1,2LFJ,pending,,,
3706,17763,1,2LFK,pending,,,
3707,17764,1,2LFM,pending,,,
3708,17765,1,2LFN,pending,,,
3709,17767,1,2LFO,pending,,,
3710,17768,1,2LFP,pending,,,
3711,17771,2,2M0J;2M0K,pending,,,
3712,17772,1,3ZTG,pending,,,
3713,17775,1,2LFR,pending,,,
3714,17776,1,2LFS,pending,,,
3715,17779,1,2LFL,pending,,,
3716,17780,1,2LFT,pending,,,
3717,17783,1,2LFV,pending,,,
3718,17784,1,2LFW,pending,,,
3719,17786,1,2LFX,pending,,,
3720,17787,1,2LFY,pending,,,
3721,17789,1,2LG0,pending,,,
3722,17790,1,2LG2,pending,,,
3723,17791,1,2LG3,pending,,,
3724,17792,1,2LG4,pending,,,
3725,17797,1,2LG5,pending,,,
3726,17798,1,2LG6,pending,,,
3727,17799,1,2LG7,pending,,,
3728,17803,1,2LGB,pending,,,
3729,17805,1,2LGD,pending,,,
3730,17806,1,2LGE,pending,,,
3731,17807,1,2LGF,pending,,,
3732,17808,1,2LGG,pending,,,
3733,17809,1,2LGH,pending,,,
3734,17810,1,2LGI,pending,,,
3735,17811,1,2LGJ,pending,,,
3736,17812,1,2LGK,pending,,,
3737,17813,1,2LGL,pending,,,
3738,17814,1,2LGM,pending,,,
3739,17816,1,2LGN,pending,,,
3740,17818,1,2LGO,pending,,,
3741,17821,1,2LGQ,pending,,,
3742,17822,1,2LGT,pending,,,
3743,17824,1,2LGV,pending,,,
3744,17825,1,2LGW,pending,,,
3745,17827,1,2LGX,pending,,,
3746,17828,1,2LGY,pending,,,
3747,17832,1,2LH0,pending,,,
3748,17833,1,2N4I,pending,,,
3749,17834,1,2LH8,pending,,,
3750,17835,1,2LH9,pending,,,
3751,17838,1,2LHA,pending,,,
3752,17839,1,2LHC,pending,,,
3753,17840,1,2LHD,pending,,,
3754,17841,1,2LHE,pending,,,
3755,17842,1,2LHF,pending,,,
3756,17843,1,2LHG,pending,,,
3757,17849,1,2LHH,pending,,,
3758,17850,1,2LHI,pending,,,
3759,17855,1,2LHJ,pending,,,
3760,17856,1,2LHK,pending,,,
3761,17857,1,2M3W,pending,,,
3762,17858,1,2LHN,pending,,,
3763,17859,1,2LHO,pending,,,
3764,17860,1,2LHP,pending,,,
3765,17862,1,2LHR,pending,,,
3766,17865,1,2LHT,pending,,,
3767,17867,1,2LHU,pending,,,
3768,17868,1,2LHV,pending,,,
3769,17869,1,2LHW,pending,,,
3770,17870,1,2LHX,pending,,,
3771,17871,1,2LHY,pending,,,
3772,17872,1,2LHZ,pending,,,
3773,17873,1,2LI0,pending,,,
3774,17874,1,2LI1,pending,,,
3775,17875,1,2LI2,pending,,,
3776,17877,1,2LI4,pending,,,
3777,17879,1,2LI5,pending,,,
3778,17880,1,2LI6,pending,,,
3779,17882,1,2LI7,pending,,,
3780,17883,1,2LI8,pending,,,
3781,17884,1,2LI9,pending,,,
3782,17885,1,2LIA,pending,,,
3783,17886,1,2M5R,pending,,,
3784,17887,1,2LIB,pending,,,
3785,17888,1,2LIC,pending,,,
3786,17889,1,2LID,pending,,,
3787,17890,1,2LIE,pending,,,
3788,17891,1,2LIF,pending,,,
3789,17892,1,2LYJ,pending,,,
3790,17893,1,2LYK,pending,,,
3791,17894,1,2LYL,pending,,,
3792,17895,1,2LYP,pending,,,
3793,17896,1,2LYQ,pending,,,
3794,17897,1,2LYR,pending,,,
3795,17898,1,2LYS,pending,,,
3796,17899,1,2MU3,pending,,,
3797,17900,1,2LIO,pending,,,
3798,17902,1,2LIQ,pending,,,
3799,17903,1,2LIR,pending,,,
3800,17904,1,2LIT,pending,,,
3801,17906,1,2LIU,pending,,,
3802,17907,1,2LIW,pending,,,
3803,17908,1,2LIX,pending,,,
3804,17911,1,2LIZ,pending,,,
3805,17912,1,2LJ0,pending,,,
3806,17913,1,2LJ1,pending,,,
3807,17914,1,2LJ2,pending,,,
3808,17915,1,2LJ3,pending,,,
3809,17918,1,2LJ4,pending,,,
3810,17919,1,2LJ5,pending,,,
3811,17923,1,2LJ7,pending,,,
3812,17926,1,2LJ9,pending,,,
3813,17927,1,2LJA,pending,,,
3814,17928,1,2LJB,pending,,,
3815,17929,1,2LJC,pending,,,
3816,17930,1,2LJD,pending,,,
3817,17931,1,2LJE,pending,,,
3818,17932,1,2LJF,pending,,,
3819,17934,1,2M38,pending,,,
3820,17935,1,2LXN,pending,,,
3821,17936,1,2LJH,pending,,,
3822,17937,1,2M02,pending,,,
3823,17939,1,2LJI,pending,,,
3824,17941,1,2LJJ,pending,,,
3825,17942,1,2M3M,pending,,,
3826,17948,1,2LJL,pending,,,
3827,17949,1,2LJM,pending,,,
3828,17952,1,2LJP,pending,,,
3829,17953,1,4A1M,pending,,,
3830,17955,1,2LJQ,pending,,,
3831,17956,1,2LJS,pending,,,
3832,17957,1,2LT2,pending,,,
3833,17958,1,2LJT,pending,,,
3834,17961,1,2LKR,pending,,,
3835,17962,1,2LJU,pending,,,
3836,17963,1,2LJV,pending,,,
3837,17965,1,2LJW,pending,,,
3838,17967,1,2LJX,pending,,,
3839,17968,1,2LJY,pending,,,
3840,17969,1,2LK0,pending,,,
3841,17970,1,2LK1,pending,,,
3842,17971,1,2LK2,pending,,,
3843,17972,1,2LK3,pending,,,
3844,17973,1,2LT5,pending,,,
3845,17974,1,2LK4,pending,,,
3846,17978,1,2N4O,pending,,,
3847,17979,1,2LK5,pending,,,
3848,17980,1,2LK7,pending,,,
3849,17985,1,2LK9,pending,,,
3850,17987,1,2LO7,pending,,,
3851,17988,1,2LKB,pending,,,
3852,17989,1,2LW1,pending,,,
3853,17990,1,2LKJ,pending,,,
3854,17991,1,2LKG,pending,,,
3855,17992,1,2LKH,pending,,,
3856,17993,1,2LQ4,pending,,,
3857,17995,1,2LKI,pending,,,
3858,17997,1,2LK6,pending,,,
3859,18000,1,2LKM,pending,,,
3860,18001,1,2LKN,pending,,,
3861,18002,1,2LKO,pending,,,
3862,18003,1,2LKP,pending,,,
3863,18004,1,4A24,pending,,,
3864,18005,1,4A4E,pending,,,
3865,18006,1,4A4F,pending,,,
3866,18007,1,4A4G,pending,,,
3867,18008,1,4A4H,pending,,,
3868,18009,1,2LKQ,pending,,,
3869,18010,1,2LKS,pending,,,
3870,18011,1,2LVV,pending,,,
3871,18012,1,2LKT,pending,,,
3872,18013,1,2LKV,pending,,,
3873,18014,1,2LKW,pending,,,
3874,18015,1,2LKX,pending,,,
3875,18016,1,2LKY,pending,,,
3876,18017,1,2LKZ,pending,,,
3877,18018,1,2LL0,pending,,,
3878,18019,1,2LL1,pending,,,
3879,18022,1,2LL2,pending,,,
3880,18023,1,2LL5,pending,,,
3881,18027,1,2LL6,pending,,,
3882,18028,1,2LL7,pending,,,
3883,18032,1,2LL8,pending,,,
3884,18034,1,4A4T,pending,,,
3885,18035,1,4A4U,pending,,,
3886,18036,1,4A4S,pending,,,
3887,18037,1,4A52,pending,,,
3888,18039,1,4A5V,pending,,,
3889,18040,1,2LL9,pending,,,
3890,18041,1,4A53,pending,,,
3891,18042,1,4A54,pending,,,
3892,18043,1,2LLD,pending,,,
3893,18044,1,2LLE,pending,,,
3894,18045,1,8ONG,pending,,,
3895,18046,1,2LLF,pending,,,
3896,18047,1,2LLG,pending,,,
3897,18048,1,2LLH,pending,,,
3898,18049,1,2LLI,pending,,,
3899,18050,1,2LLJ,pending,,,
3900,18051,1,2LLK,pending,,,
3901,18053,1,2LLL,pending,,,
3902,18079,1,4A4R,pending,,,
3903,18080,1,2LLM,pending,,,
3904,18081,1,2LLN,pending,,,
3905,18082,1,2LLO,pending,,,
3906,18083,1,2LLP,pending,,,
3907,18084,1,2LLQ,pending,,,
3908,18085,1,2LLR,pending,,,
3909,18086,1,2LLZ,pending,,,
3910,18087,1,2LLS,pending,,,
3911,18088,1,2LLT,pending,,,
3912,18089,1,2LLU,pending,,,
3913,18090,1,2LLV,pending,,,
3914,18091,1,2LLW,pending,,,
3915,18092,1,2LLX,pending,,,
3916,18093,1,2LLY,pending,,,
3917,18094,1,2LM0,pending,,,
3918,18095,1,2LM1,pending,,,
3919,18096,1,2LM2,pending,,,
3920,18097,1,2LM3,pending,,,
3921,18098,1,2LM4,pending,,,
3922,18099,1,2LM5,pending,,,
3923,18102,1,2LM8,pending,,,
3924,18107,1,2LM9,pending,,,
3925,18108,1,2LME,pending,,,
3926,18110,1,2LMB,pending,,,
3927,18111,1,2LMC,pending,,,
3928,18112,1,2LMD,pending,,,
3929,18113,1,2MBX,pending,,,
3930,18114,1,2LMF,pending,,,
3931,18115,1,2LMG,pending,,,
3932,18118,1,2LMI,pending,,,
3933,18119,1,2LMJ,pending,,,
3934,18121,1,2LT4,pending,,,
3935,18125,1,2MF6,pending,,,
3936,18126,1,2LR2,pending,,,
3937,18127,1,2LMN,pending,,,
3938,18128,1,2LMO,pending,,,
3939,18129,1,2LMP,pending,,,
3940,18130,1,2LRC,pending,,,
3941,18131,1,2LMQ,pending,,,
3942,18132,1,4AAI,pending,,,
3943,18134,1,2LMR,pending,,,
3944,18135,1,2LMS,pending,,,
3945,18141,1,2LMZ,pending,,,
3946,18142,1,2LN0,pending,,,
3947,18145,1,2LN3,pending,,,
3948,18146,1,2LN4,pending,,,
3949,18151,1,2LWJ,pending,,,
3950,18152,1,2LN7,pending,,,
3951,18153,1,2LN8,pending,,,
3952,18156,1,2LNA,pending,,,
3953,18158,1,2LNB,pending,,,
3954,18159,1,2YOM,pending,,,
3955,18160,1,2YON,pending,,,
3956,18161,1,2LND,pending,,,
3957,18162,1,2LNE,pending,,,
3958,18163,1,2LNF,pending,,,
3959,18164,1,2LNG,pending,,,
3960,18165,1,2LNH,pending,,,
3961,18166,1,2LNI,pending,,,
3962,18167,1,2LNJ,pending,,,
3963,18169,1,2LNK,pending,,,
3964,18170,1,2LNL,pending,,,
3965,18171,1,2LNM,pending,,,
3966,18175,1,2LNQ,pending,,,
3967,18178,1,2LNS,pending,,,
3968,18179,1,2LNT,pending,,,
3969,18180,1,2LNU,pending,,,
3970,18181,1,2LNV,pending,,,
3971,18182,1,2LNW,pending,,,
3972,18183,1,2LNX,pending,,,
3973,18184,1,2LNY,pending,,,
3974,18186,1,2LNZ,pending,,,
3975,18187,1,2LO0,pending,,,
3976,18190,1,2LO1,pending,,,
3977,18191,1,2LO2,pending,,,
3978,18192,1,2LO3,pending,,,
3979,18193,1,2LQK,pending,,,
3980,18194,1,2LT1,pending,,,
3981,18195,1,2LO4,pending,,,
3982,18199,3,2LO5;2LO8;2LOA,pending,,,
3983,18200,1,2MLK,pending,,,
3984,18201,1,2M5J,pending,,,
3985,18203,1,2LO9,pending,,,
3986,18205,1,2LOB,pending,,,
3987,18206,1,2LOC,pending,,,
3988,18209,1,2LOD,pending,,,
3989,18210,1,2LOE,pending,,,
3990,18211,1,2LY2,pending,,,
3991,18214,1,2LOJ,pending,,,
3992,18215,1,2LOK,pending,,,
3993,18216,1,2LOL,pending,,,
3994,18217,1,2LOM,pending,,,
3995,18218,1,2LON,pending,,,
3996,18219,1,2LOO,pending,,,
3997,18220,1,2LOP,pending,,,
3998,18221,1,2LOQ,pending,,,
3999,18222,1,2LOR,pending,,,
4000,18223,1,2LOS,pending,,,
4001,18224,1,2LOT,pending,,,
4002,18225,1,2LOU,pending,,,
4003,18226,1,2LOV,pending,,,
4004,18227,1,2LOW,pending,,,
4005,18228,1,2M3V,pending,,,
4006,18229,1,2LOX,pending,,,
4007,18230,1,2LP2,pending,,,
4008,18231,1,2LP3,pending,,,
4009,18234,1,2LP4,pending,,,
4010,18237,1,2LP7,pending,,,
4011,18238,1,2LP8,pending,,,
4012,18239,1,2LP9,pending,,,
4013,18240,1,2LPA,pending,,,
4014,18242,1,2M5V,pending,,,
4015,18244,1,2LPB,pending,,,
4016,18250,1,2LPC,pending,,,
4017,18255,1,2LPD,pending,,,
4018,18256,1,2LPF,pending,,,
4019,18261,1,2LPI,pending,,,
4020,18262,1,2LPJ,pending,,,
4021,18263,2,2LPK;7TZD,pending,,,
4022,18269,1,2LPN,pending,,,
4023,18276,1,2MEX,pending,,,
4024,18277,1,2LPU,pending,,,
4025,18278,1,2LPV,pending,,,
4026,18279,1,2LPW,pending,,,
4027,18281,1,2LPX,pending,,,
4028,18283,1,2LRV,pending,,,
4029,18284,1,2LQ0,pending,,,
4030,18286,1,2LQ1,pending,,,
4031,18289,1,2LQ2,pending,,,
4032,18290,1,2LQ3,pending,,,
4033,18292,1,2LQ5,pending,,,
4034,18296,1,2LQ6,pending,,,
4035,18297,1,2LQ7,pending,,,
4036,18298,1,2LQ8,pending,,,
4037,18299,1,2LQ9,pending,,,
4038,18300,1,2LQA,pending,,,
4039,18301,1,2LQB,pending,,,
4040,18302,1,2LQC,pending,,,
4041,18313,1,2LQG,pending,,,
4042,18314,1,2LQH,pending,,,
4043,18315,1,2LQI,pending,,,
4044,18316,1,2LQJ,pending,,,
4045,18318,1,2LQL,pending,,,
4046,18320,1,2LQM,pending,,,
4047,18321,1,2LQN,pending,,,
4048,18322,1,2LQO,pending,,,
4049,18323,1,2LQP,pending,,,
4050,18325,1,2LQQ,pending,,,
4051,18328,1,2LQT,pending,,,
4052,18329,1,2LQU,pending,,,
4053,18332,1,2LQV,pending,,,
4054,18333,1,2LQW,pending,,,
4055,18334,1,2LQX,pending,,,
4056,18335,1,2LQY,pending,,,
4057,18336,1,2LQZ,pending,,,
4058,18337,1,2LR0,pending,,,
4059,18338,1,2LUW,pending,,,
4060,18340,1,2LR1,pending,,,
4061,18341,1,4ASV,pending,,,
4062,18342,1,4ASW,pending,,,
4063,18345,1,2LR3,pending,,,
4064,18346,1,2LR4,pending,,,
4065,18347,1,2LR5,pending,,,
4066,18349,1,2LR6,pending,,,
4067,18350,1,2LR7,pending,,,
4068,18351,1,4AOG,pending,,,
4069,18352,1,2LR8,pending,,,
4070,18354,1,2LR9,pending,,,
4071,18355,1,2LRA,pending,,,
4072,18356,1,2MP4,pending,,,
4073,18357,1,2LRD,pending,,,
4074,18358,1,2LRE,pending,,,
4075,18363,1,2MDL,pending,,,
4076,18364,1,2LRG,pending,,,
4077,18372,1,2LRH,pending,,,
4078,18374,1,2LRI,pending,,,
4079,18375,1,2LRJ,pending,,,
4080,18378,1,4APD,pending,,,
4081,18379,2,2LRK;2LRL,pending,,,
4082,18387,1,2LRN,pending,,,
4083,18388,1,2LRO,pending,,,
4084,18389,1,2LRP,pending,,,
4085,18390,1,2LRQ,pending,,,
4086,18391,1,2LRR,pending,,,
4087,18393,1,2LRS,pending,,,
4088,18394,1,2LRT,pending,,,
4089,18398,1,2LRU,pending,,,
4090,18399,1,2LRW,pending,,,
4091,18400,1,2LRX,pending,,,
4092,18404,1,2LS0,pending,,,
4093,18405,1,2LS1,pending,,,
4094,18408,1,2LS2,pending,,,
4095,18409,1,2LS3,pending,,,
4096,18410,1,2LS4,pending,,,
4097,18411,1,2LS5,pending,,,
4098,18412,1,2LS7,pending,,,
4099,18415,1,2LS8,pending,,,
4100,18416,2,2LWP;2M8S,pending,,,
4101,18418,1,2LS9,pending,,,
4102,18420,1,2LSA,pending,,,
4103,18425,1,2LUC,pending,,,
4104,18426,1,2LSB,pending,,,
4105,18427,1,2LSC,pending,,,
4106,18429,1,2LSE,pending,,,
4107,18430,1,2LSF,pending,,,
4108,18431,1,2LSG,pending,,,
4109,18432,1,2LSI,pending,,,
4110,18433,1,2LSJ,pending,,,
4111,18434,1,2LSK,pending,,,
4112,18435,1,2LSL,pending,,,
4113,18437,1,2LSM,pending,,,
4114,18438,1,2LSO,pending,,,
4115,18439,1,2LSP,pending,,,
4116,18440,1,2LSQ,pending,,,
4117,18441,1,2LSR,pending,,,
4118,18442,1,2LSS,pending,,,
4119,18443,1,2LST,pending,,,
4120,18445,1,2LSU,pending,,,
4121,18447,1,2LSV,pending,,,
4122,18449,1,2LSW,pending,,,
4123,18452,1,2LSX,pending,,,
4124,18453,1,2LSZ,pending,,,
4125,18454,1,2LT0,pending,,,
4126,18455,1,2LSY,pending,,,
4127,18459,1,4AR0,pending,,,
4128,18462,1,2LT7,pending,,,
4129,18463,1,2LT8,pending,,,
4130,18464,1,2LT9,pending,,,
4131,18465,1,2LTA,pending,,,
4132,18466,1,2LTB,pending,,,
4133,18467,1,2LTC,pending,,,
4134,18468,1,2LTE,pending,,,
4135,18469,1,2LTD,pending,,,
4136,18471,1,2NAS,pending,,,
4137,18474,1,2M1H,pending,,,
4138,18475,1,2LTF,pending,,,
4139,18478,1,2M16,pending,,,
4140,18480,1,2LTH,pending,,,
4141,18481,1,2LTI,pending,,,
4142,18484,1,2LTJ,pending,,,
4143,18485,1,2LTK,pending,,,
4144,18487,1,2LTL,pending,,,
4145,18489,1,2LTM,pending,,,
4146,18490,1,2LTO,pending,,,
4147,18492,1,2LTP,pending,,,
4148,18493,1,2LTQ,pending,,,
4149,18496,1,2LTT,pending,,,
4150,18497,1,2LTU,pending,,,
4151,18498,1,2LTV,pending,,,
4152,18499,1,2LTW,pending,,,
4153,18500,1,2LTX,pending,,,
4154,18501,1,2LTY,pending,,,
4155,18502,1,2LTZ,pending,,,
4156,18503,1,2LU0,pending,,,
4157,18504,1,2LU1,pending,,,
4158,18506,1,2LU2,pending,,,
4159,18507,1,2LU3,pending,,,
4160,18508,1,2LU4,pending,,,
4161,18509,1,2LU5,pending,,,
4162,18510,1,2LU6,pending,,,
4163,18511,1,2LU7,pending,,,
4164,18513,1,2LU9,pending,,,
4165,18514,1,2LUA,pending,,,
4166,18515,1,2LUB,pending,,,
4167,18517,1,2LUD,pending,,,
4168,18518,1,2LUE,pending,,,
4169,18519,1,2LUF,pending,,,
4170,18520,1,2LUG,pending,,,
4171,18521,1,2LUH,pending,,,
4172,18522,1,2LUI,pending,,,
4173,18523,1,4AXP,pending,,,
4174,18524,1,2LUJ,pending,,,
4175,18526,1,2LUL,pending,,,
4176,18531,1,2LUM,pending,,,
4177,18532,1,2LUN,pending,,,
4178,18533,1,2LUO,pending,,,
4179,18534,1,2LUP,pending,,,
4180,18535,1,2LUQ,pending,,,
4181,18536,1,2LUR,pending,,,
4182,18539,1,2LUS,pending,,,
4183,18540,1,2LUT,pending,,,
4184,18541,1,2LUU,pending,,,
4185,18542,1,2LUV,pending,,,
4186,18545,1,2LUX,pending,,,
4187,18546,1,2LUY,pending,,,
4188,18547,1,2LUZ,pending,,,
4189,18548,1,2M5H,pending,,,
4190,18549,1,2LV0,pending,,,
4191,18550,1,2LV1,pending,,,
4192,18551,1,2LV2,pending,,,
4193,18553,1,2LV4,pending,,,
4194,18555,1,2LV5,pending,,,
4195,18556,1,2LV6,pending,,,
4196,18557,1,2LV7,pending,,,
4197,18558,1,2LV8,pending,,,
4198,18559,1,2LV9,pending,,,
4199,18560,1,2LVA,pending,,,
4200,18561,1,2LVB,pending,,,
4201,18562,1,2N9W,pending,,,
4202,18563,1,2LVC,pending,,,
4203,18565,1,2N9V,pending,,,
4204,18566,1,2M5S,pending,,,
4205,18567,1,2N8Q,pending,,,
4206,18568,1,2LVG,pending,,,
4207,18570,1,2LVH,pending,,,
4208,18571,1,2LVI,pending,,,
4209,18572,1,2LVJ,pending,,,
4210,18573,1,2LVK,pending,,,
4211,18579,1,2LVM,pending,,,
4212,18581,1,2LVN,pending,,,
4213,18582,1,2LVO,pending,,,
4214,18583,1,2LVP,pending,,,
4215,18584,1,2LVQ,pending,,,
4216,18586,3,2LVR;2LVT;2LVU,pending,,,
4217,18587,1,2M0A,pending,,,
4218,18589,1,2LVS,pending,,,
4219,18590,1,4B19,pending,,,
4220,18591,1,2LVW,pending,,,
4221,18592,1,2LVX,pending,,,
4222,18593,1,2LVY,pending,,,
4223,18595,1,5UK6,pending,,,
4224,18596,1,2LVZ,pending,,,
4225,18599,1,4B2S,pending,,,
4226,18600,1,4B2U,pending,,,
4227,18602,1,2LW3,pending,,,
4228,18605,1,2LW4,pending,,,
4229,18606,1,2LW5,pending,,,
4230,18607,1,2LW6,pending,,,
4231,18612,1,2LW7,pending,,,
4232,18613,1,2LW8,pending,,,
4233,18614,1,2LW9,pending,,,
4234,18617,1,2LWA,pending,,,
4235,18618,1,2LWB,pending,,,
4236,18619,1,2LWC,pending,,,
4237,18621,1,2M5W,pending,,,
4238,18622,1,2LWD,pending,,,
4239,18623,1,2LWE,pending,,,
4240,18624,1,2LWF,pending,,,
4241,18625,1,2LWG,pending,,,
4242,18626,1,2LWH,pending,,,
4243,18627,1,5T7C,pending,,,
4244,18628,1,2MVZ,pending,,,
4245,18629,1,2LWI,pending,,,
4246,18632,1,6I9F,pending,,,
4247,18633,1,2LWK,pending,,,
4248,18634,1,2LWL,pending,,,
4249,18636,1,2N0M,pending,,,
4250,18637,1,4UET,pending,,,
4251,18638,1,2LWM,pending,,,
4252,18639,1,2LWN,pending,,,
4253,18640,1,2LWO,pending,,,
4254,18641,1,2LWQ,pending,,,
4255,18642,1,2LWR,pending,,,
4256,18643,1,2LWS,pending,,,
4257,18644,1,2LWT,pending,,,
4258,18645,1,2LWU,pending,,,
4259,18648,1,2LZ4,pending,,,
4260,18649,1,2LZ3,pending,,,
4261,18650,1,2LWW,pending,,,
4262,18651,1,2MME,pending,,,
4263,18653,1,2LWY,pending,,,
4264,18654,1,2LWZ,pending,,,
4265,18655,1,2LX0,pending,,,
4266,18656,1,2LX1,pending,,,
4267,18657,2,2LX2;2LX3,pending,,,
4268,18658,1,2LX4,pending,,,
4269,18659,1,2LX5,pending,,,
4270,18661,1,2LX6,pending,,,
4271,18662,1,2LX7,pending,,,
4272,18663,1,4B6V,pending,,,
4273,18667,1,4B6U,pending,,,
4274,18668,1,2LX9,pending,,,
4275,18669,1,2LXA,pending,,,
4276,18670,1,2LXB,pending,,,
4277,18671,1,2LXC,pending,,,
4278,18672,1,2LXE,pending,,,
4279,18673,1,2LXF,pending,,,
4280,18677,1,2LXH,pending,,,
4281,18678,1,2LXI,pending,,,
4282,18679,1,2LXJ,pending,,,
4283,18680,1,2LXK,pending,,,
4284,18681,1,2LXL,pending,,,
4285,18682,1,2LXM,pending,,,
4286,18684,1,2LXO,pending,,,
4287,18688,1,2LXP,pending,,,
4288,18690,1,2LXQ,pending,,,
4289,18692,1,2LXR,pending,,,
4290,18694,1,2LXS,pending,,,
4291,18695,1,2LXT,pending,,,
4292,18698,1,2LXU,pending,,,
4293,18699,1,2LXV,pending,,,
4294,18700,1,2LXW,pending,,,
4295,18702,1,4B8T,pending,,,
4296,18703,1,2LXY,pending,,,
4297,18705,1,2LXZ,pending,,,
4298,18706,1,2LY0,pending,,,
4299,18707,1,2LY3,pending,,,
4300,18709,1,2LY4,pending,,,
4301,18710,1,2LY6,pending,,,
4302,18711,1,4BA8,pending,,,
4303,18712,1,2LY7,pending,,,
4304,18713,1,2LY8,pending,,,
4305,18714,1,2LY9,pending,,,
4306,18715,1,2LYA,pending,,,
4307,18716,1,2LYB,pending,,,
4308,18717,1,2LYC,pending,,,
4309,18720,1,2LYD,pending,,,
4310,18722,1,2LYE,pending,,,
4311,18723,1,2LYF,pending,,,
4312,18724,1,2LYG,pending,,,
4313,18725,1,2LYH,pending,,,
4314,18726,1,2LYI,pending,,,
4315,18728,1,2LYV,pending,,,
4316,18729,1,4B2V,pending,,,
4317,18732,1,2LYX,pending,,,
4318,18733,1,2LYY,pending,,,
4319,18734,1,2LZ0,pending,,,
4320,18735,1,2LZ1,pending,,,
4321,18736,1,2LZ5,pending,,,
4322,18737,1,2LZ6,pending,,,
4323,18749,1,2LZE,pending,,,
4324,18753,1,2LZF,pending,,,
4325,18755,1,2LZG,pending,,,
4326,18757,1,2LZI,pending,,,
4327,18758,1,2LZJ,pending,,,
4328,18762,1,2LZK,pending,,,
4329,18763,1,2LZL,pending,,,
4330,18764,1,4BD3,pending,,,
4331,18766,1,2LZO,pending,,,
4332,18768,1,2LZP,pending,,,
4333,18769,1,2LZQ,pending,,,
4334,18770,1,2LZR,pending,,,
4335,18771,1,2LZS,pending,,,
4336,18776,1,2MPU,pending,,,
4337,18778,1,2LZU,pending,,,
4338,18780,1,2LZV,pending,,,
4339,18781,1,2LZW,pending,,,
4340,18782,1,2YMJ,pending,,,
4341,18783,1,2LZX,pending,,,
4342,18784,1,2LZY,pending,,,
4343,18787,1,2LZZ,pending,,,
4344,18788,1,2M00,pending,,,
4345,18789,1,2M01,pending,,,
4346,18792,1,2M03,pending,,,
4347,18793,1,2M04,pending,,,
4348,18794,1,2M05,pending,,,
4349,18796,1,2M06,pending,,,
4350,18797,1,2M07,pending,,,
4351,18801,1,2M08,pending,,,
4352,18802,1,2M09,pending,,,
4353,18804,1,2M0B,pending,,,
4354,18805,1,2M0C,pending,,,
4355,18806,3,2M0D;2M0E;2M0F,pending,,,
4356,18808,1,2M0G,pending,,,
4357,18809,1,2M0H,pending,,,
4358,18811,1,2M0M,pending,,,
4359,18812,1,2M0N,pending,,,
4360,18813,1,2M0O,pending,,,
4361,18816,1,2M0P,pending,,,
4362,18817,1,2M0Q,pending,,,
4363,18818,1,2M0R,pending,,,
4364,18822,1,2M0S,pending,,,
4365,18823,1,6GMS,pending,,,
4366,18824,1,2M0T,pending,,,
4367,18825,1,2M0U,pending,,,
4368,18826,1,2M0V,pending,,,
4369,18830,1,2M0W,pending,,,
4370,18831,1,2M0X,pending,,,
4371,18832,1,2M0Y,pending,,,
4372,18833,1,2M0Z,pending,,,
4373,18834,1,2M10,pending,,,
4374,18835,1,2M11,pending,,,
4375,18838,1,2M12,pending,,,
4376,18840,1,2M13,pending,,,
4377,18841,1,3ZBE,pending,,,
4378,18842,1,2M14,pending,,,
4379,18843,1,2M74,pending,,,
4380,18844,1,2M17,pending,,,
4381,18845,1,4CH0,pending,,,
4382,18846,1,4CIO,pending,,,
4383,18847,1,2M18,pending,,,
4384,18849,1,2NAZ,pending,,,
4385,18850,1,2M19,pending,,,
4386,18852,1,2M1A,pending,,,
4387,18853,1,2MHK,pending,,,
4388,18856,1,2M1C,pending,,,
4389,18858,1,2M1D,pending,,,
4390,18859,1,2M1E,pending,,,
4391,18861,1,2M1F,pending,,,
4392,18862,1,2M1G,pending,,,
4393,18863,1,3ZD0,pending,,,
4394,18864,1,2M1I,pending,,,
4395,18865,1,2M1J,pending,,,
4396,18868,1,2M1K,pending,,,
4397,18869,1,2M1L,pending,,,
4398,18870,1,2M1M,pending,,,
4399,18871,1,2M1N,pending,,,
4400,18872,1,2M1O,pending,,,
4401,18874,1,2M1R,pending,,,
4402,18875,1,2M1P,pending,,,
4403,18876,1,2MPS,pending,,,
4404,18877,1,2M29,pending,,,
4405,18878,1,3ZEH,pending,,,
4406,18879,1,2M1T,pending,,,
4407,18880,1,2M1U,pending,,,
4408,18881,1,2M1V,pending,,,
4409,18882,1,2M1W,pending,,,
4410,18883,1,2M1X,pending,,,
4411,18887,1,2M1Z,pending,,,
4412,18888,1,2M20,pending,,,
4413,18891,1,2M21,pending,,,
4414,18892,1,2M22,pending,,,
4415,18893,1,2M23,pending,,,
4416,18894,1,2M24,pending,,,
4417,18896,1,2N17,pending,,,
4418,18897,1,4B1Q,pending,,,
4419,18900,1,3ZG4,pending,,,
4420,18901,1,2M26,pending,,,
4421,18902,1,2M27,pending,,,
4422,18904,1,2M2A,pending,,,
4423,18905,1,2M2B,pending,,,
4424,18906,1,2N5N,pending,,,
4425,18907,1,2M2C,pending,,,
4426,18908,1,2M2D,pending,,,
4427,18909,1,2M2E,pending,,,
4428,18910,1,3ZGK,pending,,,
4429,18911,1,3ZGP,pending,,,
4430,18912,1,2M2F,pending,,,
4431,18913,1,2M2G,pending,,,
4432,18914,1,2M2H,pending,,,
4433,18916,1,2M2I,pending,,,
4434,18917,1,2M2J,pending,,,
4435,18919,1,2M33,pending,,,
4436,18920,1,2M2L,pending,,,
4437,18921,1,2M2M,pending,,,
4438,18923,1,2M2N,pending,,,
4439,18924,1,2M2O,pending,,,
4440,18925,1,2M2P,pending,,,
4441,18926,1,2M2Q,pending,,,
4442,18931,1,2M2S,pending,,,
4443,18933,1,2M2T,pending,,,
4444,18934,1,2M2U,pending,,,
4445,18935,2,2M2V;2M2W,pending,,,
4446,18937,1,2M2X,pending,,,
4447,18938,1,2M2Y,pending,,,
4448,18939,1,2MJG,pending,,,
4449,18942,1,2M32,pending,,,
4450,18943,1,3ZFJ,pending,,,
4451,18944,1,2M34,pending,,,
4452,18945,1,2M35,pending,,,
4453,18946,1,2M36,pending,,,
4454,18948,1,2M37,pending,,,
4455,18950,1,2M39,pending,,,
4456,18951,1,2M3A,pending,,,
4457,18952,1,2M3B,pending,,,
4458,18953,1,2M3C,pending,,,
4459,18954,1,2M3D,pending,,,
4460,18955,1,3ZJ1,pending,,,
4461,18956,1,3ZJ2,pending,,,
4462,18958,1,2M3E,pending,,,
4463,18959,1,2M3F,pending,,,
4464,18963,1,2M3H,pending,,,
4465,18964,1,2M3I,pending,,,
4466,18965,1,2M3J,pending,,,
4467,18966,1,2M3K,pending,,,
4468,18967,1,2M3L,pending,,,
4469,18970,1,2M3N,pending,,,
4470,18971,1,2M3O,pending,,,
4471,18972,1,3ZKT,pending,,,
4472,18973,1,2M3P,pending,,,
4473,18974,1,2MER,pending,,,
4474,18975,1,2MEQ,pending,,,
4475,18976,1,2M3S,pending,,,
4476,18978,1,2M3X,pending,,,
4477,18979,1,2M3Y,pending,,,
4478,18980,1,2M3Z,pending,,,
4479,18981,1,2M40,pending,,,
4480,18982,1,2M41,pending,,,
4481,18984,1,2M43,pending,,,
4482,18985,1,2M44,pending,,,
4483,18986,1,2M45,pending,,,
4484,18987,1,2M46,pending,,,
4485,18989,1,2M47,pending,,,
4486,18990,1,2M48,pending,,,
4487,18995,1,2M49,pending,,,
4488,18998,1,2MI9,pending,,,
4489,18999,1,2MIA,pending,,,
4490,19000,1,2M4E,pending,,,
4491,19001,1,2M4F,pending,,,
4492,19002,1,2M4G,pending,,,
4493,19003,1,2M4H,pending,,,
4494,19007,1,2M4I,pending,,,
4495,19009,1,2M4J,pending,,,
4496,19012,1,2M4L,pending,,,
4497,19013,1,2M4M,pending,,,
4498,19014,1,2M4N,pending,,,
4499,19017,1,2M4P,pending,,,
4500,19018,1,2M4Q,pending,,,
4501,19023,1,2M4V,pending,,,
4502,19024,1,2M4W,pending,,,
4503,19026,1,2M4X,pending,,,
4504,19027,1,2M4Y,pending,,,
4505,19028,1,2MEZ,pending,,,
4506,19030,1,2M4Z,pending,,,
4507,19032,1,2M50,pending,,,
4508,19033,1,2M51,pending,,,
4509,19034,1,2M52,pending,,,
4510,19035,1,2M53,pending,,,
4511,19036,1,2M55,pending,,,
4512,19038,1,2M56,pending,,,
4513,19039,1,2M57,pending,,,
4514,19040,1,2M58,pending,,,
4515,19041,1,2M59,pending,,,
4516,19042,1,2MPE,pending,,,
4517,19043,1,2M5A,pending,,,
4518,19045,1,2M5B,pending,,,
4519,19047,1,2M5C,pending,,,
4520,19048,1,2M5D,pending,,,
4521,19049,1,3ZOB,pending,,,
4522,19050,1,2M5E,pending,,,
4523,19052,1,2M5F,pending,,,
4524,19053,1,2M5G,pending,,,
4525,19054,1,2M5I,pending,,,
4526,19056,1,2MOQ,pending,,,
4527,19058,1,2M5K,pending,,,
4528,19059,1,2M5L,pending,,,
4529,19060,1,2M5M,pending,,,
4530,19062,1,2M5N,pending,,,
4531,19066,1,3ZPD,pending,,,
4532,19067,1,3ZPM,pending,,,
4533,19068,1,2M5O,pending,,,
4534,19070,1,2M5P,pending,,,
4535,19071,1,2M5Q,pending,,,
4536,19077,1,2MUU,pending,,,
4537,19078,1,5MS9,pending,,,
4538,19079,1,2M5T,pending,,,
4539,19081,1,2M5U,pending,,,
4540,19084,1,2MMH,pending,,,
4541,19085,1,2M5X,pending,,,
4542,19086,1,4BEH,pending,,,
4543,19087,1,2M5Y,pending,,,
4544,19094,1,2M5Z,pending,,,
4545,19095,1,2MNA,pending,,,
4546,19098,1,2MZJ,pending,,,
4547,19101,1,2M60,pending,,,
4548,19102,1,2M61,pending,,,
4549,19103,1,2M62,pending,,,
4550,19106,1,2M63,pending,,,
4551,19107,1,2M64,pending,,,
4552,19108,1,2M65,pending,,,
4553,19111,1,2MUX,pending,,,
4554,19115,1,2MOZ,pending,,,
4555,19117,1,2M68,pending,,,
4556,19124,1,2M6A,pending,,,
4557,19126,2,2M6B;2M6I,pending,,,
4558,19128,1,2M6C,pending,,,
4559,19129,1,2M6D,pending,,,
4560,19130,1,2M6E,pending,,,
4561,19131,1,2M6F,pending,,,
4562,19132,1,2M6G,pending,,,
4563,19133,1,2M6H,pending,,,
4564,19142,1,2M6J,pending,,,
4565,19143,1,2M6K,pending,,,
4566,19144,1,4BH9,pending,,,
4567,19145,1,4BHP,pending,,,
4568,19146,1,2M6M,pending,,,
4569,19147,1,2M6N,pending,,,
4570,19148,1,2M6O,pending,,,
4571,19149,1,2M6P,pending,,,
4572,19151,1,2M6R,pending,,,
4573,19152,1,2M6S,pending,,,
4574,19153,1,2M6T,pending,,,
4575,19155,1,2M6U,pending,,,
4576,19157,1,3ZPK,pending,,,
4577,19158,1,2M6V,pending,,,
4578,19159,1,2M6W,pending,,,
4579,19162,1,2M6X,pending,,,
4580,19163,1,2M6Y,pending,,,
4581,19164,1,4BIT,pending,,,
4582,19167,1,2M70,pending,,,
4583,19168,1,2M71,pending,,,
4584,19169,1,2M72,pending,,,
4585,19170,1,2M73,pending,,,
4586,19174,1,2M76,pending,,,
4587,19175,1,2M77,pending,,,
4588,19176,1,2M78,pending,,,
4589,19177,1,2M79,pending,,,
4590,19178,1,2M7A,pending,,,
4591,19179,1,2M7B,pending,,,
4592,19180,1,2M7C,pending,,,
4593,19183,1,2M7D,pending,,,
4594,19184,1,2M7E,pending,,,
4595,19185,1,2M7G,pending,,,
4596,19187,1,2MA3,pending,,,
4597,19190,1,2M7I,pending,,,
4598,19192,1,2M7J,pending,,,
4599,19193,1,2M7K,pending,,,
4600,19195,1,2M7L,pending,,,
4601,19196,1,2M7M,pending,,,
4602,19197,1,2M7N,pending,,,
4603,19198,1,2M7O,pending,,,
4604,19200,1,2M7P,pending,,,
4605,19201,1,2M7Q,pending,,,
4606,19202,1,2M7R,pending,,,
4607,19203,1,2M7S,pending,,,
4608,19205,1,2M7T,pending,,,
4609,19210,1,2M75,pending,,,
4610,19211,1,2M7F,pending,,,
4611,19212,1,2M7H,pending,,,
4612,19213,1,2M7U,pending,,,
4613,19214,1,2M7V,pending,,,
4614,19215,1,2M7W,pending,,,
4615,19216,1,2M7X,pending,,,
4616,19217,1,2M7Z,pending,,,
4617,19218,1,2M80,pending,,,
4618,19219,1,2MR3,pending,,,
4619,19220,1,2MQW,pending,,,
4620,19221,1,2MRI,pending,,,
4621,19225,1,2M83,pending,,,
4622,19226,1,2M8A,pending,,,
4623,19229,1,2M85,pending,,,
4624,19230,1,2M86,pending,,,
4625,19231,1,2M87,pending,,,
4626,19232,1,2M88,pending,,,
4627,19233,1,2MGP,pending,,,
4628,19234,1,2MGR,pending,,,
4629,19235,1,2M89,pending,,,
4630,19237,1,2M8B,pending,,,
4631,19238,1,2MES,pending,,,
4632,19242,1,2M8C,pending,,,
4633,19248,1,2M8D,pending,,,
4634,19249,1,2M8E,pending,,,
4635,19250,1,2M8F,pending,,,
4636,19251,1,2M8G,pending,,,
4637,19252,1,2M8H,pending,,,
4638,19258,1,2M8I,pending,,,
4639,19259,1,2M8J,pending,,,
4640,19260,1,2M8K,pending,,,
4641,19261,1,2M8L,pending,,,
4642,19262,1,2M8M,pending,,,
4643,19263,1,2M8O,pending,,,
4644,19264,1,2M8P,pending,,,
4645,19266,1,2M8R,pending,,,
4646,19268,1,2M8T,pending,,,
4647,19273,1,2M95,pending,,,
4648,19274,1,2M8U,pending,,,
4649,19275,1,2M8V,pending,,,
4650,19276,1,2M8Y,pending,,,
4651,19277,1,2M8Z,pending,,,
4652,19278,1,2M90,pending,,,
4653,19279,1,2M91,pending,,,
4654,19280,1,2M92,pending,,,
4655,19281,1,2M93,pending,,,
4656,19282,1,2MTI,pending,,,
4657,19283,1,2M96,pending,,,
4658,19285,1,2M97,pending,,,
4659,19286,1,2M98,pending,,,
4660,19287,1,2M99,pending,,,
4661,19288,1,2M9A,pending,,,
4662,19290,1,4BS2,pending,,,
4663,19291,1,2M9E,pending,,,
4664,19292,1,2M9F,pending,,,
4665,19293,1,2M9G,pending,,,
4666,19294,1,2M9H,pending,,,
4667,19295,1,2M9I,pending,,,
4668,19296,1,2M9J,pending,,,
4669,19298,1,2M9K,pending,,,
4670,19299,1,2M9U,pending,,,
4671,19300,1,2M9L,pending,,,
4672,19302,1,2M9M,pending,,,
4673,19303,1,2M9N,pending,,,
4674,19304,1,2M9O,pending,,,
4675,19305,1,2M9P,pending,,,
4676,19306,1,2M9Q,pending,,,
4677,19309,1,2M9R,pending,,,
4678,19311,1,2M9V,pending,,,
4679,19312,1,2M9W,pending,,,
4680,19314,1,2M9X,pending,,,
4681,19315,1,2M9Y,pending,,,
4682,19317,1,2MA1,pending,,,
4683,19319,1,2MA2,pending,,,
4684,19320,1,2MMY,pending,,,
4685,19327,1,2MA4,pending,,,
4686,19328,1,2MA5,pending,,,
4687,19329,1,2MA6,pending,,,
4688,19331,1,2MA7,pending,,,
4689,19333,1,2MA9,pending,,,
4690,19334,1,2MAA,pending,,,
4691,19340,1,2MAB,pending,,,
4692,19342,1,2MAE,pending,,,
4693,19343,1,2MLH,pending,,,
4694,19354,1,2MAH,pending,,,
4695,19355,1,2MAI,pending,,,
4696,19356,1,4BWH,pending,,,
4697,19362,1,2MAJ,pending,,,
4698,19363,1,2MAK,pending,,,
4699,19365,1,2MAL,pending,,,
4700,19366,1,2MAO,pending,,,
4701,19367,1,2MAP,pending,,,
4702,19368,1,4BXU,pending,,,
4703,19372,1,2MAR,pending,,,
4704,19374,1,2MAU,pending,,,
4705,19375,1,2MAV,pending,,,
4706,19376,1,4BYA,pending,,,
4707,19379,1,2MAW,pending,,,
4708,19380,1,2MAX,pending,,,
4709,19381,1,2MAY,pending,,,
4710,19382,1,2MB0,pending,,,
4711,19383,1,2MB1,pending,,,
4712,19386,1,2MB2,pending,,,
4713,19387,1,2MB3,pending,,,
4714,19389,1,2MB4,pending,,,
4715,19390,1,2N2J,pending,,,
4716,19391,1,2MB7,pending,,,
4717,19392,1,2MB9,pending,,,
4718,19394,1,2MBB,pending,,,
4719,19395,1,2MBC,pending,,,
4720,19396,1,2MBD,pending,,,
4721,19397,1,2MBE,pending,,,
4722,19398,1,2MBF,pending,,,
4723,19399,1,2MBH,pending,,,
4724,19400,1,4BY9,pending,,,
4725,19402,1,2MBJ,pending,,,
4726,19403,1,2MBK,pending,,,
4727,19404,1,2MBL,pending,,,
4728,19406,1,2MBO,pending,,,
4729,19412,1,2MBQ,pending,,,
4730,19413,1,2MBS,pending,,,
4731,19414,1,5TLQ,pending,,,
4732,19415,1,2MBV,pending,,,
4733,19416,1,2MBY,pending,,,
4734,19417,1,2MBT,pending,,,
4735,19421,1,2MBZ,pending,,,
4736,19422,1,2MC0,pending,,,
4737,19423,1,2MC1,pending,,,
4738,19425,1,2MC2,pending,,,
4739,19427,1,2MC4,pending,,,
4740,19428,1,2MC5,pending,,,
4741,19429,1,2MC6,pending,,,
4742,19430,1,2MC7,pending,,,
4743,19431,1,2MC8,pending,,,
4744,19432,1,2MC9,pending,,,
4745,19433,1,2MCA,pending,,,
4746,19435,1,2MCC,pending,,,
4747,19436,1,2MCD,pending,,,
4748,19437,1,2MCE,pending,,,
4749,19438,1,2MCF,pending,,,
4750,19439,1,2MCH,pending,,,
4751,19440,1,2MCI,pending,,,
4752,19441,1,2MCJ,pending,,,
4753,19444,1,2MCK,pending,,,
4754,19447,1,2MCN,pending,,,
4755,19448,1,2MCO,pending,,,
4756,19449,1,2MCQ,pending,,,
4757,19450,1,2MCR,pending,,,
4758,19452,1,6AMR,pending,,,
4759,19453,1,2MCT,pending,,,
4760,19454,1,2MCU,pending,,,
4761,19455,1,2MCV,pending,,,
4762,19456,1,2MCW,pending,,,
4763,19457,1,2MCX,pending,,,
4764,19458,1,2MCY,pending,,,
4765,19459,1,2MCZ,pending,,,
4766,19460,1,2MD0,pending,,,
4767,19461,1,6D5Z,pending,,,
4768,19462,1,6D53,pending,,,
4769,19463,1,2N67,pending,,,
4770,19464,1,4C26,pending,,,
4771,19468,1,2MD1,pending,,,
4772,19469,1,2MD2,pending,,,
4773,19470,1,2MD3,pending,,,
4774,19471,1,2MD4,pending,,,
4775,19472,1,2MD7,pending,,,
4776,19473,1,2MD8,pending,,,
4777,19474,1,2MD5,pending,,,
4778,19476,1,2MD6,pending,,,
4779,19479,1,2MD9,pending,,,
4780,19482,1,2MDA,pending,,,
4781,19483,1,2MDC,pending,,,
4782,19484,1,2MDF,pending,,,
4783,19486,1,2MDG,pending,,,
4784,19487,1,2MDI,pending,,,
4785,19488,1,2MDJ,pending,,,
4786,19489,1,2MDK,pending,,,
4787,19493,1,2MZF,pending,,,
4788,19498,1,2MDP,pending,,,
4789,19501,1,2MDQ,pending,,,
4790,19502,1,2MDR,pending,,,
4791,19503,1,2MDU,pending,,,
4792,19504,1,2MDV,pending,,,
4793,19505,1,2MDW,pending,,,
4794,19508,1,2MDX,pending,,,
4795,19510,1,2MDZ,pending,,,
4796,19511,1,2ME0,pending,,,
4797,19512,1,2ME1,pending,,,
4798,19513,1,2ME2,pending,,,
4799,19514,1,2ME3,pending,,,
4800,19515,1,2ME4,pending,,,
4801,19516,1,2MV7,pending,,,
4802,19519,1,2ME7,pending,,,
4803,19520,1,2ME8,pending,,,
4804,19521,1,2ME9,pending,,,
4805,19522,1,2MEJ,pending,,,
4806,19523,1,2MEK,pending,,,
4807,19524,1,2MEL,pending,,,
4808,19525,1,4C7Q,pending,,,
4809,19526,1,2MEM,pending,,,
4810,19527,1,2MEN,pending,,,
4811,19528,1,2MEO,pending,,,
4812,19530,1,2MH9,pending,,,
4813,19531,1,2MET,pending,,,
4814,19532,1,2MEU,pending,,,
4815,19533,1,2MEW,pending,,,
4816,19534,1,2MF0,pending,,,
4817,19535,1,2MF3,pending,,,
4818,19536,1,2MF4,pending,,,
4819,19538,1,2MF7,pending,,,
4820,19539,1,4CA3,pending,,,
4821,19540,1,2MF8,pending,,,
4822,19541,1,4CA9,pending,,,
4823,19542,1,2MFA,pending,,,
4824,19544,1,2MFC,pending,,,
4825,19545,1,2MFD,pending,,,
4826,19546,1,2MFE,pending,,,
4827,19547,1,2MFF,pending,,,
4828,19548,1,2MFG,pending,,,
4829,19549,1,2MFH,pending,,,
4830,19550,1,2MFI,pending,,,
4831,19551,1,2MPH,pending,,,
4832,19552,1,2MFJ,pending,,,
4833,19553,1,2MFK,pending,,,
4834,19554,1,2MFL,pending,,,
4835,19555,1,2MFM,pending,,,
4836,19556,1,2MFO,pending,,,
4837,19557,1,2MFP,pending,,,
4838,19558,1,2MYI,pending,,,
4839,19562,1,2MFQ,pending,,,
4840,19568,1,2MFR,pending,,,
4841,19570,1,2MFS,pending,,,
4842,19571,1,2MFT,pending,,,
4843,19572,1,2MFU,pending,,,
4844,19573,1,2MFV,pending,,,
4845,19577,1,2MFX,pending,,,
4846,19578,1,2MFY,pending,,,
4847,19579,1,2MFZ,pending,,,
4848,19580,1,2MG0,pending,,,
4849,19581,1,2MG1,pending,,,
4850,19582,1,2MG2,pending,,,
4851,19583,1,2MG3,pending,,,
4852,19585,1,2MG4,pending,,,
4853,19586,1,2MG5,pending,,,
4854,19587,1,2MG6,pending,,,
4855,19592,1,2MG8,pending,,,
4856,19593,1,2MG9,pending,,,
4857,19594,1,2MGN,pending,,,
4858,19595,1,2MGO,pending,,,
4859,19600,1,2MGQ,pending,,,
4860,19601,1,2MGS,pending,,,
4861,19602,1,2MGT,pending,,,
4862,19604,1,2MGU,pending,,,
4863,19605,1,2MGV,pending,,,
4864,19606,1,2MGW,pending,,,
4865,19607,1,2MGX,pending,,,
4866,19608,1,2MGY,pending,,,
4867,19609,1,2MGZ,pending,,,
4868,19610,1,2MH0,pending,,,
4869,19611,1,2MH1,pending,,,
4870,19613,1,2MH2,pending,,,
4871,19614,1,2MH3,pending,,,
4872,19617,1,2MH4,pending,,,
4873,19618,1,2MI2,pending,,,
4874,19619,1,2MH5,pending,,,
4875,19620,1,2MH6,pending,,,
4876,19621,1,2MHF,pending,,,
4877,19622,1,2N0S,pending,,,
4878,19623,1,2MH8,pending,,,
4879,19625,1,2MHC,pending,,,
4880,19626,1,2MJF,pending,,,
4881,19627,1,2MHD,pending,,,
4882,19628,1,2MHE,pending,,,
4883,19632,1,2MHG,pending,,,
4884,19633,1,2MHH,pending,,,
4885,19634,1,2MHI,pending,,,
4886,19635,1,2MHJ,pending,,,
4887,19637,1,2MHL,pending,,,
4888,19638,1,2MHM,pending,,,
4889,19642,1,2MHN,pending,,,
4890,19643,1,2MHO,pending,,,
4891,19646,1,2MHP,pending,,,
4892,19653,1,4CH1,pending,,,
4893,19654,1,2MHS,pending,,,
4894,19657,1,2MHV,pending,,,
4895,19658,1,2MHW,pending,,,
4896,19659,1,2MHX,pending,,,
4897,19660,1,2MHY,pending,,,
4898,19661,1,2MHZ,pending,,,
4899,19662,1,2MI0,pending,,,
4900,19663,1,2MI1,pending,,,
4901,19664,1,2NDO,pending,,,
4902,19666,1,2MI5,pending,,,
4903,19667,1,2MI6,pending,,,
4904,19668,1,2MI7,pending,,,
4905,19670,1,2MI8,pending,,,
4906,19673,1,2MIC,pending,,,
4907,19674,1,2MID,pending,,,
4908,19675,1,2MIE,pending,,,
4909,19677,1,2MIF,pending,,,
4910,19678,1,2MIG,pending,,,
4911,19679,1,2MIH,pending,,,
4912,19681,1,2MII,pending,,,
4913,19682,1,2MIQ,pending,,,
4914,19683,1,2MIJ,pending,,,
4915,19684,1,2MIO,pending,,,
4916,19685,1,2MY7,pending,,,
4917,19687,1,2MIM,pending,,,
4918,19688,1,2MNJ,pending,,,
4919,19689,1,2MZV,pending,,,
4920,19692,1,2MIS,pending,,,
4921,19693,1,2MIT,pending,,,
4922,19694,1,2MIU,pending,,,
4923,19695,1,2MIV,pending,,,
4924,19696,1,2MIW,pending,,,
4925,19697,1,2MIX,pending,,,
4926,19698,1,2MIY,pending,,,
4927,19699,1,2MIZ,pending,,,
4928,19700,1,2MJ0,pending,,,
4929,19701,1,2MJ1,pending,,,
4930,19702,1,2MJ2,pending,,,
4931,19703,1,2MJ3,pending,,,
4932,19704,1,2MJ4,pending,,,
4933,19707,1,2MJ6,pending,,,
4934,19709,1,2MJ7,pending,,,
4935,19710,1,2MJ8,pending,,,
4936,19712,1,2MJ9,pending,,,
4937,19713,1,2MJA,pending,,,
4938,19714,1,2MN6,pending,,,
4939,19716,1,2MJC,pending,,,
4940,19717,1,2MJD,pending,,,
4941,19718,1,2MJE,pending,,,
4942,19726,1,2MJH,pending,,,
4943,19727,1,2MJI,pending,,,
4944,19728,1,2MJJ,pending,,,
4945,19729,1,2MJK,pending,,,
4946,19731,1,2MJL,pending,,,
4947,19732,1,2MJM,pending,,,
4948,19735,1,2MJN,pending,,,
4949,19736,1,2MXN,pending,,,
4950,19737,1,2MJU,pending,,,
4951,19738,1,2MJV,pending,,,
4952,19739,1,2MJW,pending,,,
4953,19741,1,2MJO,pending,,,
4954,19745,1,2MJX,pending,,,
4955,19746,1,2MJY,pending,,,
4956,19747,1,2MJZ,pending,,,
4957,19748,1,2MK1,pending,,,
4958,19749,1,2MK2,pending,,,
4959,19750,1,2MK3,pending,,,
4960,19751,1,2MK4,pending,,,
4961,19752,1,2MK5,pending,,,
4962,19753,1,2N03,pending,,,
4963,19755,1,2MK6,pending,,,
4964,19758,1,6FD7,pending,,,
4965,19759,1,2MK7,pending,,,
4966,19764,1,2MK9,pending,,,
4967,19765,1,2MKB,pending,,,
4968,19766,1,2MKC,pending,,,
4969,19771,1,2MKE,pending,,,
4970,19773,1,2MKF,pending,,,
4971,19774,1,2MKG,pending,,,
4972,19775,1,2MKH,pending,,,
4973,19776,1,2MKI,pending,,,
4974,19777,1,2MKJ,pending,,,
4975,19778,1,2MKK,pending,,,
4976,19779,1,4CPG,pending,,,
4977,19782,1,6GCJ,pending,,,
4978,19783,1,2MKL,pending,,,
4979,19784,1,2MKM,pending,,,
4980,19789,1,2MKP,pending,,,
4981,19791,1,2MKR,pending,,,
4982,19792,1,2MKS,pending,,,
4983,19797,1,2MKV,pending,,,
4984,19798,1,2MKW,pending,,,
4985,19799,1,2MKX,pending,,,
4986,19800,1,2MKY,pending,,,
4987,19801,1,2MKZ,pending,,,
4988,19806,1,2ML5,pending,,,
4989,19807,1,2ML6,pending,,,
4990,19808,1,2ML7,pending,,,
4991,19809,1,2ML9,pending,,,
4992,19810,1,2MLA,pending,,,
4993,19811,1,2MLB,pending,,,
4994,19813,1,2MLD,pending,,,
4995,19816,1,2MLE,pending,,,
4996,19817,1,2MLF,pending,,,
4997,19821,1,2MLG,pending,,,
4998,19822,1,2MLI,pending,,,
4999,19823,1,2MLJ,pending,,,
5000,19824,1,4CRP,pending,,,
5001,19826,1,2MLM,pending,,,
5002,19828,1,2MLO,pending,,,
5003,19829,1,2MLQ,pending,,,
5004,19830,1,2MM8,pending,,,
5005,19832,1,2MLU,pending,,,
5006,19833,1,2MLV,pending,,,
5007,19834,1,2MLW,pending,,,
5008,19835,1,2MLX,pending,,,
5009,19836,1,2MLY,pending,,,
5010,19837,1,2MLZ,pending,,,
5011,19840,1,2MM0,pending,,,
5012,19841,1,2MM2,pending,,,
5013,19843,1,2MM3,pending,,,
5014,19845,1,2MM4,pending,,,
5015,19846,1,2MM5,pending,,,
5016,19847,1,2MM6,pending,,,
5017,19848,1,4CSQ,pending,,,
5018,19849,1,2MM9,pending,,,
5019,19850,1,2MMA,pending,,,
5020,19851,1,2MMB,pending,,,
5021,19852,1,2MMC,pending,,,
5022,19853,1,2MMF,pending,,,
5023,19854,1,2MMG,pending,,,
5024,19855,1,2MMI,pending,,,
5025,19856,1,2MMJ,pending,,,
5026,19857,1,2MMK,pending,,,
5027,19858,1,2MML,pending,,,
5028,19859,1,2MMM,pending,,,
5029,19860,1,2MMP,pending,,,
5030,19861,1,2MMQ,pending,,,
5031,19862,1,2MMR,pending,,,
5032,19863,1,2MMS,pending,,,
5033,19865,1,2MMT,pending,,,
5034,19866,1,2ND4,pending,,,
5035,19867,1,2MMU,pending,,,
5036,19869,1,2MMV,pending,,,
5037,19870,1,2MMX,pending,,,
5038,19872,1,2MMZ,pending,,,
5039,19873,1,2MN0,pending,,,
5040,19874,1,2MN1,pending,,,
5041,19875,1,2MPC,pending,,,
5042,19876,1,2MN2,pending,,,
5043,19878,1,2MN3,pending,,,
5044,19879,1,2MN4,pending,,,
5045,19880,1,2MN5,pending,,,
5046,19881,1,2MN7,pending,,,
5047,19882,1,2MN8,pending,,,
5048,19883,1,2MN9,pending,,,
5049,19886,1,2MNB,pending,,,
5050,19887,1,2MNC,pending,,,
5051,19888,1,2MND,pending,,,
5052,19889,1,2MNE,pending,,,
5053,19890,1,2MNF,pending,,,
5054,19891,1,2MNG,pending,,,
5055,19892,1,2MNH,pending,,,
5056,19893,1,2MNI,pending,,,
5057,19901,1,2MNQ,pending,,,
5058,19902,1,2MNS,pending,,,
5059,19904,1,2N87,pending,,,
5060,19905,1,2MX4,pending,,,
5061,19906,1,2MNU,pending,,,
5062,19910,1,2MNW,pending,,,
5063,19911,1,4CZ3,pending,,,
5064,19912,1,2MNX,pending,,,
5065,19913,1,2MNY,pending,,,
5066,19914,1,2MNZ,pending,,,
5067,19915,1,2MO0,pending,,,
5068,19916,1,2MO1,pending,,,
5069,19917,1,2MO2,pending,,,
5070,19921,1,2MO5,pending,,,
5071,19925,1,2MO7,pending,,,
5072,19929,1,4CZ4,pending,,,
5073,19932,1,2MOA,pending,,,
5074,19933,1,2MOC,pending,,,
5075,19938,1,6ALI,pending,,,
5076,19939,1,2MOE,pending,,,
5077,19941,1,2MOF,pending,,,
5078,19942,1,2MOG,pending,,,
5079,19943,1,2MOI,pending,,,
5080,19945,1,2MOK,pending,,,
5081,19946,1,2MOL,pending,,,
5082,19947,1,2MOP,pending,,,
5083,19952,1,2MOU,pending,,,
5084,19953,1,2MOV,pending,,,
5085,19954,1,2MOW,pending,,,
5086,19955,1,2MOX,pending,,,
5087,19957,1,2NBJ,pending,,,
5088,19958,1,2MP0,pending,,,
5089,19959,1,4CYK,pending,,,
5090,19960,1,2MP1,pending,,,
5091,19961,1,2MP2,pending,,,
5092,19962,1,2MP3,pending,,,
5093,19963,1,2MP5,pending,,,
5094,19966,1,2N34,pending,,,
5095,19970,1,2MP8,pending,,,
5096,19971,1,2MXA,pending,,,
5097,19973,1,2MP9,pending,,,
5098,19974,1,2MPB,pending,,,
5099,19977,1,2MPF,pending,,,
5100,19978,1,2MPG,pending,,,
5101,19979,1,2MPI,pending,,,
5102,19984,2,5LW4;6TWE,pending,,,
5103,19986,1,2MPJ,pending,,,
5104,19987,1,2MPK,pending,,,
5105,19988,1,2MPL,pending,,,
5106,19989,1,2MPM,pending,,,
5107,19994,1,2MPN,pending,,,
5108,19998,1,2MPQ,pending,,,
5109,20009,1,2RVD,pending,,,
5110,20048,1,2LXG,pending,,,
5111,20074,1,2KIB,pending,,,
5112,20115,1,2KS9,pending,,,
5113,20116,1,2KSA,pending,,,
5114,20117,1,2KSB,pending,,,
5115,21000,1,2MMW,pending,,,
5116,21019,1,2RSW,pending,,,
5117,25000,1,2MPT,pending,,,
5118,25001,1,2MPV,pending,,,
5119,25002,1,2MPW,pending,,,
5120,25004,1,2MPZ,pending,,,
5121,25005,1,2MPX,pending,,,
5122,25007,1,2MQ0,pending,,,
5123,25008,1,2MQ1,pending,,,
5124,25009,1,2MQ2,pending,,,
5125,25010,1,2MQ3,pending,,,
5126,25011,1,2MQ4,pending,,,
5127,25012,1,2MQ5,pending,,,
5128,25016,1,2MQ6,pending,,,
5129,25018,1,2MQ8,pending,,,
5130,25020,1,2MQ9,pending,,,
5131,25024,1,2MQA,pending,,,
5132,25026,1,2MQB,pending,,,
5133,25027,1,2MQC,pending,,,
5134,25028,1,2MQD,pending,,,
5135,25030,1,2MQE,pending,,,
5136,25031,1,2MQF,pending,,,
5137,25032,1,2MQG,pending,,,
5138,25033,1,2MQH,pending,,,
5139,25036,1,2MQJ,pending,,,
5140,25037,1,2MQK,pending,,,
5141,25038,1,2MQL,pending,,,
5142,25039,1,2MQM,pending,,,
5143,25040,1,2MQN,pending,,,
5144,25041,1,2MQO,pending,,,
5145,25042,1,2MQP,pending,,,
5146,25043,1,2MQQ,pending,,,
5147,25047,1,4UQT,pending,,,
5148,25048,1,2MQS,pending,,,
5149,25049,1,2MQT,pending,,,
5150,25050,1,2MQU,pending,,,
5151,25052,1,2MQV,pending,,,
5152,25061,1,2MR5,pending,,,
5153,25062,1,2MR6,pending,,,
5154,25064,1,2MR7,pending,,,
5155,25065,1,2MR8,pending,,,
5156,25066,1,2MR9,pending,,,
5157,25067,1,2MRA,pending,,,
5158,25068,1,2MRC,pending,,,
5159,25069,1,2MRD,pending,,,
5160,25070,1,2MRE,pending,,,
5161,25071,1,2MRF,pending,,,
5162,25076,1,2MS7,pending,,,
5163,25079,1,2MV6,pending,,,
5164,25081,1,2MRJ,pending,,,
5165,25082,1,2MRK,pending,,,
5166,25083,1,2MRL,pending,,,
5167,25085,1,2MRM,pending,,,
5168,25086,1,2MRN,pending,,,
5169,25087,1,2MV4,pending,,,
5170,25088,1,2MWS,pending,,,
5171,25092,1,2MRU,pending,,,
5172,25096,1,2MRW,pending,,,
5173,25098,1,2MRY,pending,,,
5174,25099,1,2MRZ,pending,,,
5175,25100,1,2MS0,pending,,,
5176,25101,1,2MS1,pending,,,
5177,25102,1,2MS3,pending,,,
5178,25104,1,2MS4,pending,,,
5179,25106,1,2MS5,pending,,,
5180,25107,1,2MS6,pending,,,
5181,25109,1,2MS8,pending,,,
5182,25110,1,2MS9,pending,,,
5183,25112,1,2MSA,pending,,,
5184,25114,1,2MSC,pending,,,
5185,25115,1,2MSD,pending,,,
5186,25116,1,2MSE,pending,,,
5187,25122,1,2MSF,pending,,,
5188,25123,1,2MSG,pending,,,
5189,25124,1,2MSK,pending,,,
5190,25125,1,2MSL,pending,,,
5191,25127,1,2MSN,pending,,,
5192,25128,1,2MSO,pending,,,
5193,25129,1,2MSQ,pending,,,
5194,25130,1,2MSR,pending,,,
5195,25131,1,2MSU,pending,,,
5196,25132,1,5ISN,pending,,,
5197,25135,1,2MSV,pending,,,
5198,25137,1,2MSW,pending,,,
5199,25138,1,2N3F,pending,,,
5200,25139,1,2MSX,pending,,,
5201,25142,1,2MSY,pending,,,
5202,25147,1,2MT3,pending,,,
5203,25148,1,2MT4,pending,,,
5204,25149,1,2MT5,pending,,,
5205,25150,1,2MT6,pending,,,
5206,25151,1,2MT7,pending,,,
5207,25152,1,2MT8,pending,,,
5208,25153,1,2MT9,pending,,,
5209,25155,1,2MTB,pending,,,
5210,25156,1,2MTC,pending,,,
5211,25157,1,2MTD,pending,,,
5212,25158,1,2MTE,pending,,,
5213,25159,1,2MTF,pending,,,
5214,25160,1,2MTG,pending,,,
5215,25163,1,2MTJ,pending,,,
5216,25164,1,2MTK,pending,,,
5217,25165,1,2MTL,pending,,,
5218,25168,1,2MU4,pending,,,
5219,25169,1,2MTM,pending,,,
5220,25171,1,2MTN,pending,,,
5221,25174,1,2MTO,pending,,,
5222,25175,1,2N32,pending,,,
5223,25176,1,2MTP,pending,,,
5224,25177,1,2MTQ,pending,,,
5225,25181,1,2MTS,pending,,,
5226,25186,1,2MTT,pending,,,
5227,25187,1,2MTU,pending,,,
5228,25188,1,2MTV,pending,,,
5229,25189,1,2MTW,pending,,,
5230,25190,1,2MTX,pending,,,
5231,25191,1,2MTY,pending,,,
5232,25192,1,2MTZ,pending,,,
5233,25194,1,2N2E,pending,,,
5234,25195,1,2MU0,pending,,,
5235,25200,1,2MU6,pending,,,
5236,25201,1,2MU7,pending,,,
5237,25202,1,2MU8,pending,,,
5238,25203,1,2MU9,pending,,,
5239,25204,1,2MUA,pending,,,
5240,25205,1,2MUB,pending,,,
5241,25206,1,2MUD,pending,,,
5242,25207,1,2MUE,pending,,,
5243,25209,1,2MUF,pending,,,
5244,25210,1,4UZM,pending,,,
5245,25211,1,2MUG,pending,,,
5246,25212,1,2MUH,pending,,,
5247,25213,1,4UZW,pending,,,
5248,25214,1,4UZX,pending,,,
5249,25215,1,2MUJ,pending,,,
5250,25217,1,2MUK,pending,,,
5251,25219,1,2MUL,pending,,,
5252,25220,1,2MVS,pending,,,
5253,25221,1,2MUM,pending,,,
5254,25223,1,2MUN,pending,,,
5255,25229,1,2MUQ,pending,,,
5256,25230,1,2MUR,pending,,,
5257,25232,1,2MUT,pending,,,
5258,25233,1,2MUV,pending,,,
5259,25234,1,2MUW,pending,,,
5260,25235,1,2MUY,pending,,,
5261,25236,1,2MUZ,pending,,,
5262,25237,1,2N45,pending,,,
5263,25238,1,2MV1,pending,,,
5264,25240,1,2MV2,pending,,,
5265,25241,1,2MV3,pending,,,
5266,25242,1,4V10,pending,,,
5267,25243,1,2MYU,pending,,,
5268,25248,1,5LG7,pending,,,
5269,25249,1,5LG0,pending,,,
5270,25250,1,2MV8,pending,,,
5271,25251,1,2MV9,pending,,,
5272,25254,1,2MVA,pending,,,
5273,25259,1,2MVB,pending,,,
5274,25260,1,2MVC,pending,,,
5275,25261,1,2MVD,pending,,,
5276,25263,1,6MNT,pending,,,
5277,25265,1,2MVF,pending,,,
5278,25266,1,2MVG,pending,,,
5279,25268,1,2MVH,pending,,,
5280,25269,1,2MVI,pending,,,
5281,25270,1,2MVJ,pending,,,
5282,25273,1,2MVK,pending,,,
5283,25274,1,2MVL,pending,,,
5284,25275,1,2MVM,pending,,,
5285,25276,1,2MVN,pending,,,
5286,25277,2,2MVO;6QFP,pending,,,
5287,25281,1,2N2M,pending,,,
5288,25283,1,2MVT,pending,,,
5289,25284,1,2MVU,pending,,,
5290,25287,1,2MVV,pending,,,
5291,25288,1,2MVW,pending,,,
5292,25289,1,2MVX,pending,,,
5293,25290,1,9MEM,pending,,,
5294,25291,1,2MVY,pending,,,
5295,25293,1,2MW0,pending,,,
5296,25294,1,2MW1,pending,,,
5297,25296,1,2MW2,pending,,,
5298,25297,1,2MW3,pending,,,
5299,25298,1,2MW4,pending,,,
5300,25299,1,2MW5,pending,,,
5301,25300,1,2MW6,pending,,,
5302,25302,1,2MW7,pending,,,
5303,25307,1,2MW8,pending,,,
5304,25308,1,2MWC,pending,,,
5305,25309,1,2MW9,pending,,,
5306,25310,1,2MWA,pending,,,
5307,25311,1,2MWB,pending,,,
5308,25312,1,4D4W,pending,,,
5309,25313,1,2MWD,pending,,,
5310,25314,1,2MWE,pending,,,
5311,25315,1,2MWF,pending,,,
5312,25324,1,2MWH,pending,,,
5313,25326,1,2MWI,pending,,,
5314,25331,1,2MWJ,pending,,,
5315,25332,1,2MWK,pending,,,
5316,25334,1,2N7H,pending,,,
5317,25335,1,2MWL,pending,,,
5318,25342,1,2MWM,pending,,,
5319,25343,1,2MWN,pending,,,
5320,25347,1,2MWO,pending,,,
5321,25348,1,2MWP,pending,,,
5322,25349,1,5AHT,pending,,,
5323,25350,1,2MWQ,pending,,,
5324,25352,1,2MWR,pending,,,
5325,25363,1,2MWT,pending,,,
5326,25372,1,4D7X,pending,,,
5327,25376,1,2MWX,pending,,,
5328,25377,1,2MWY,pending,,,
5329,25378,1,2MWZ,pending,,,
5330,25380,1,2MX0,pending,,,
5331,25381,1,2MX1,pending,,,
5332,25382,1,2MX2,pending,,,
5333,25387,1,7OFN,pending,,,
5334,25394,1,2MX6,pending,,,
5335,25395,1,2MX7,pending,,,
5336,25396,1,2MXB,pending,,,
5337,25397,1,2MX8,pending,,,
5338,25398,1,2MX9,pending,,,
5339,25400,1,2N93,pending,,,
5340,25402,1,2MXC,pending,,,
5341,25404,1,2MXD,pending,,,
5342,25405,1,2MXE,pending,,,
5343,25407,1,2MXF,pending,,,
5344,25408,1,2MXG,pending,,,
5345,25409,1,2MXH,pending,,,
5346,25411,1,5LDL,pending,,,
5347,25414,1,2MXJ,pending,,,
5348,25415,1,2MXK,pending,,,
5349,25416,1,2MXL,pending,,,
5350,25419,1,2MXM,pending,,,
5351,25421,1,2MXO,pending,,,
5352,25423,1,2MXP,pending,,,
5353,25424,1,2MXQ,pending,,,
5354,25427,1,2MXS,pending,,,
5355,25428,1,2MXT,pending,,,
5356,25429,1,2MXU,pending,,,
5357,25433,1,2MXV,pending,,,
5358,25434,1,2MXW,pending,,,
5359,25435,1,2MXX,pending,,,
5360,25436,1,2MXY,pending,,,
5361,25437,1,2MXZ,pending,,,
5362,25439,1,2MY1,pending,,,
5363,25442,1,2MY2,pending,,,
5364,25443,1,2MY3,pending,,,
5365,25446,1,2MY5,pending,,,
5366,25447,1,2MY6,pending,,,
5367,25448,1,2MY9,pending,,,
5368,25449,1,2MYF,pending,,,
5369,25451,1,2MYG,pending,,,
5370,25452,1,2MYH,pending,,,
5371,25454,1,2MYJ,pending,,,
5372,25456,1,2MYL,pending,,,
5373,25457,1,2MYM,pending,,,
5374,25458,1,2MYQ,pending,,,
5375,25459,1,2MYV,pending,,,
5376,25460,1,2MYW,pending,,,
5377,25461,1,2MYX,pending,,,
5378,25464,1,2MYY,pending,,,
5379,25465,1,2MYZ,pending,,,
5380,25468,1,2MZ0,pending,,,
5381,25469,1,2MZ1,pending,,,
5382,25470,1,2MZ2,pending,,,
5383,25471,1,2MZ3,pending,,,
5384,25472,1,2MZ4,pending,,,
5385,25474,1,2MZ6,pending,,,
5386,25475,1,2MZ7,pending,,,
5387,25476,1,2MZ8,pending,,,
5388,25477,1,2MZ9,pending,,,
5389,25478,1,2MZA,pending,,,
5390,25482,1,2MZB,pending,,,
5391,25483,1,2MZC,pending,,,
5392,25484,1,2MZD,pending,,,
5393,25485,2,5UE2;5UE5,pending,,,
5394,25486,1,2MZF,pending,,,
5395,25487,1,2MZG,pending,,,
5396,25488,1,2MZH,pending,,,
5397,25489,1,2MZI,pending,,,
5398,25490,1,2MZK,pending,,,
5399,25491,1,2MZL,pending,,,
5400,25492,1,2MZN,pending,,,
5401,25493,1,5ODD,pending,,,
5402,25495,1,2MZP,pending,,,
5403,25496,1,2MZQ,pending,,,
5404,25497,1,2MZR,pending,,,
5405,25498,1,2MZS,pending,,,
5406,25499,1,2MZT,pending,,,
5407,25502,1,2MZU,pending,,,
5408,25504,1,2MZW,pending,,,
5409,25505,1,2MZX,pending,,,
5410,25508,1,2MZY,pending,,,
5411,25509,1,2MZZ,pending,,,
5412,25510,1,2N00,pending,,,
5413,25512,1,2N01,pending,,,
5414,25513,1,2N02,pending,,,
5415,25514,1,2N04,pending,,,
5416,25515,1,2N05,pending,,,
5417,25516,1,2N07,pending,,,
5418,25517,1,2N08,pending,,,
5419,25518,1,2N0A,pending,,,
5420,25519,1,2N0B,pending,,,
5421,25520,1,2N0C,pending,,,
5422,25521,1,2N0D,pending,,,
5423,25522,1,2N0E,pending,,,
5424,25523,1,2N0F,pending,,,
5425,25524,1,2N0G,pending,,,
5426,25525,1,2N0H,pending,,,
5427,25526,1,2N0J,pending,,,
5428,25527,1,2N0K,pending,,,
5429,25528,1,5IV1,pending,,,
5430,25529,1,2N0O,pending,,,
5431,25531,1,2N0Q,pending,,,
5432,25534,1,2N0R,pending,,,
5433,25536,1,2N0U,pending,,,
5434,25537,1,2N0V,pending,,,
5435,25538,1,2N0W,pending,,,
5436,25539,1,2N0X,pending,,,
5437,25540,1,2N0Y,pending,,,
5438,25541,1,2N0Z,pending,,,
5439,25542,1,2N10,pending,,,
5440,25543,1,2N11,pending,,,
5441,25544,1,2N12,pending,,,
5442,25545,1,2N13,pending,,,
5443,25546,1,2N14,pending,,,
5444,25548,1,2N16,pending,,,
5445,25551,1,2N18,pending,,,
5446,25552,1,2N19,pending,,,
5447,25553,1,2N1A,pending,,,
5448,25554,1,2N1B,pending,,,
5449,25555,1,2N1C,pending,,,
5450,25556,1,2N1D,pending,,,
5451,25558,1,2N1E,pending,,,
5452,25559,1,2N1G,pending,,,
5453,25560,1,2N1H,pending,,,
5454,25562,1,2N1I,pending,,,
5455,25564,1,2N1K,pending,,,
5456,25565,1,2N1L,pending,,,
5457,25567,1,2N1M,pending,,,
5458,25568,1,2N1N,pending,,,
5459,25569,1,2N1O,pending,,,
5460,25570,1,2N1P,pending,,,
5461,25571,1,2N1Q,pending,,,
5462,25573,1,2N1R,pending,,,
5463,25574,1,2N1S,pending,,,
5464,25575,1,2N1U,pending,,,
5465,25576,1,2N1V,pending,,,
5466,25577,1,2N1W,pending,,,
5467,25582,1,2N21,pending,,,
5468,25584,1,2N23,pending,,,
5469,25585,1,2N24,pending,,,
5470,25587,1,2N26,pending,,,
5471,25588,1,2N27,pending,,,
5472,25590,1,6ALK,pending,,,
5473,25591,1,2N28,pending,,,
5474,25592,1,2N29,pending,,,
5475,25593,1,2N2A,pending,,,
5476,25595,1,2N2C,pending,,,
5477,25596,1,2N2D,pending,,,
5478,25597,1,2N2F,pending,,,
5479,25598,1,2N2G,pending,,,
5480,25599,1,2N2H,pending,,,
5481,25602,1,2N2N,pending,,,
5482,25603,1,2N2O,pending,,,
5483,25604,1,2N2P,pending,,,
5484,25605,1,2N2Q,pending,,,
5485,25609,1,2N2R,pending,,,
5486,25610,1,2N2S,pending,,,
5487,25611,1,2N2T,pending,,,
5488,25612,1,2N2U,pending,,,
5489,25613,1,2N2V,pending,,,
5490,25614,1,2N2W,pending,,,
5491,25615,1,2N2X,pending,,,
5492,25627,1,2N2Y,pending,,,
5493,25630,1,2N2Z,pending,,,
5494,25631,1,2N30,pending,,,
5495,25632,1,2N31,pending,,,
5496,25634,1,2N35,pending,,,
5497,25636,1,2N37,pending,,,
5498,25638,1,2N39,pending,,,
5499,25639,1,2N3A,pending,,,
5500,25640,1,2N3B,pending,,,
5501,25642,1,2N3D,pending,,,
5502,25643,1,2N3E,pending,,,
5503,25645,1,2N3J,pending,,,
5504,25649,1,2N3K,pending,,,
5505,25650,1,2N3L,pending,,,
5506,25651,1,2N3M,pending,,,
5507,25652,1,2N3O,pending,,,
5508,25653,1,2N3P,pending,,,
5509,25654,1,2N3Q,pending,,,
5510,25655,1,2N3R,pending,,,
5511,25656,1,2N3S,pending,,,
5512,25657,1,2N3T,pending,,,
5513,25658,1,5A4G,pending,,,
5514,25659,1,2N3X,pending,,,
5515,25660,1,2N3Y,pending,,,
5516,25661,1,5LWJ,pending,,,
5517,25662,1,2N3Z,pending,,,
5518,25663,1,2N40,pending,,,
5519,25664,1,2N41,pending,,,
5520,25666,1,2N4E,pending,,,
5521,25667,1,2N4G,pending,,,
5522,25668,1,2N4H,pending,,,
5523,25669,1,2N4J,pending,,,
5524,25670,1,2N4K,pending,,,
5525,25671,1,2N4L,pending,,,
5526,25672,1,2N4M,pending,,,
5527,25673,1,2N4N,pending,,,
5528,25675,1,2N4P,pending,,,
5529,25677,1,2N4Q,pending,,,
5530,25678,1,2N4R,pending,,,
5531,25679,1,2N4S,pending,,,
5532,25680,1,2N4T,pending,,,
5533,25681,1,2N4U,pending,,,
5534,25682,1,2N4V,pending,,,
5535,25683,1,2N4W,pending,,,
5536,25684,1,5A4H,pending,,,
5537,25685,1,2N4X,pending,,,
5538,25686,1,2N4Y,pending,,,
5539,25688,1,2N50,pending,,,
5540,25689,1,6FW4,pending,,,
5541,25690,1,2N51,pending,,,
5542,25691,1,2N52,pending,,,
5543,25692,1,2N53,pending,,,
5544,25693,1,2N54,pending,,,
5545,25694,1,2N55,pending,,,
5546,25699,1,2N58,pending,,,
5547,25700,1,2N59,pending,,,
5548,25702,1,2N5A,pending,,,
5549,25703,1,2N5B,pending,,,
5550,25704,1,2N5C,pending,,,
5551,25706,1,2N5D,pending,,,
5552,25710,1,2N5E,pending,,,
5553,25712,1,2N5F,pending,,,
5554,25716,1,2N5H,pending,,,
5555,25717,1,2N5I,pending,,,
5556,25718,1,2N5J,pending,,,
5557,25719,1,2N5K,pending,,,
5558,25720,1,2N5L,pending,,,
5559,25722,1,2N5M,pending,,,
5560,25723,1,2N5O,pending,,,
5561,25724,1,2N5P,pending,,,
5562,25725,1,2N5Q,pending,,,
5563,25726,1,2N5R,pending,,,
5564,25729,1,2N5S,pending,,,
5565,25731,1,2N5T,pending,,,
5566,25732,1,2N5U,pending,,,
5567,25734,1,5AAQ,pending,,,
5568,25735,1,5AAS,pending,,,
5569,25736,1,5AAY,pending,,,
5570,25737,1,2N5W,pending,,,
5571,25740,1,2N5X,pending,,,
5572,25741,1,2N5Y,pending,,,
5573,25742,1,5AAZ,pending,,,
5574,25744,1,2N5Z,pending,,,
5575,25745,1,5ABK,pending,,,
5576,25746,1,2N60,pending,,,
5577,25748,1,2N62,pending,,,
5578,25749,1,2N63,pending,,,
5579,25750,1,2N64,pending,,,
5580,25751,1,2N65,pending,,,
5581,25753,1,2N66,pending,,,
5582,25754,1,2N68,pending,,,
5583,25755,1,2N69,pending,,,
5584,25757,1,2N6A,pending,,,
5585,25758,1,2N6B,pending,,,
5586,25759,1,2N6C,pending,,,
5587,25760,1,2N6D,pending,,,
5588,25761,1,2N6E,pending,,,
5589,25762,1,2N6F,pending,,,
5590,25763,1,2N6G,pending,,,
5591,25764,1,2N6H,pending,,,
5592,25765,1,2N6I,pending,,,
5593,25766,1,2N6J,pending,,,
5594,25768,1,2N6L,pending,,,
5595,25769,1,2N6M,pending,,,
5596,25770,1,5LGF,pending,,,
5597,25774,1,2N6N,pending,,,
5598,25775,1,2N6O,pending,,,
5599,25776,1,2N6P,pending,,,
5600,25778,1,2N6R,pending,,,
5601,25780,1,2N6S,pending,,,
5602,25781,1,2N6T,pending,,,
5603,25782,1,2N6U,pending,,,
5604,25783,1,2N6V,pending,,,
5605,25784,1,2N6W,pending,,,
5606,25785,1,2N6X,pending,,,
5607,25786,1,2N6Y,pending,,,
5608,25787,1,2N6Z,pending,,,
5609,25788,1,2N70,pending,,,
5610,25789,1,2N71,pending,,,
5611,25790,1,2N72,pending,,,
5612,25791,1,2N73,pending,,,
5613,25793,1,2N74,pending,,,
5614,25794,1,2N75,pending,,,
5615,25796,1,2N77,pending,,,
5616,25797,1,2N79,pending,,,
5617,25798,1,2N7A,pending,,,
5618,25799,1,2N7B,pending,,,
5619,25800,1,2N7C,pending,,,
5620,25801,1,2N7D,pending,,,
5621,25802,1,2NAN,pending,,,
5622,25803,1,2N7E,pending,,,
5623,25804,1,2N7F,pending,,,
5624,25805,1,2N7G,pending,,,
5625,25806,1,2N7I,pending,,,
5626,25807,1,2N7J,pending,,,
5627,25808,1,2N7K,pending,,,
5628,25810,1,2N7L,pending,,,
5629,25811,1,2N7M,pending,,,
5630,25813,1,2N7N,pending,,,
5631,25814,1,2N7O,pending,,,
5632,25816,1,2N7P,pending,,,
5633,25817,1,2N7Q,pending,,,
5634,25818,1,2N7R,pending,,,
5635,25819,1,2N7S,pending,,,
5636,25820,1,2N7T,pending,,,
5637,25825,1,2NBW,pending,,,
5638,25826,1,2N7X,pending,,,
5639,25828,1,2N7Z,pending,,,
5640,25829,1,2N80,pending,,,
5641,25830,1,2N81,pending,,,
5642,25831,1,2N82,pending,,,
5643,25833,1,2N83,pending,,,
5644,25834,1,2N84,pending,,,
5645,25835,1,2N85,pending,,,
5646,25836,1,2N86,pending,,,
5647,25837,1,2N88,pending,,,
5648,25839,2,5FIM;7PVC,pending,,,
5649,25840,1,2N89,pending,,,
5650,25844,1,2N8B,pending,,,
5651,25845,1,2N8C,pending,,,
5652,25846,1,2N8D,pending,,,
5653,25847,1,2N8E,pending,,,
5654,25848,1,2N8F,pending,,,
5655,25849,1,2N8G,pending,,,
5656,25850,1,2N8I,pending,,,
5657,25852,1,2N8J,pending,,,
5658,25853,1,2N8K,pending,,,
5659,25854,1,2N8L,pending,,,
5660,25855,1,2N8M,pending,,,
5661,25856,1,2N8N,pending,,,
5662,25857,1,2N8O,pending,,,
5663,25858,1,2N8P,pending,,,
5664,25859,1,2N8R,pending,,,
5665,25864,1,2N8S,pending,,,
5666,25865,1,2N8T,pending,,,
5667,25866,1,2N8U,pending,,,
5668,25867,1,2N8V,pending,,,
5669,25868,1,2N8W,pending,,,
5670,25869,1,2N8X,pending,,,
5671,25870,1,2N8Y,pending,,,
5672,25871,1,2N8Z,pending,,,
5673,25872,1,2N90,pending,,,
5674,25874,1,2N91,pending,,,
5675,25877,1,2N92,pending,,,
5676,25881,1,2N95,pending,,,
5677,25882,1,2N96,pending,,,
5678,25883,1,2N97,pending,,,
5679,25886,1,2N98,pending,,,
5680,25887,1,2N99,pending,,,
5681,25888,1,2N8A,pending,,,
5682,25898,1,2N9A,pending,,,
5683,25899,1,2N9B,pending,,,
5684,25900,1,2N9C,pending,,,
5685,25901,1,2N9E,pending,,,
5686,25902,1,6C0A,pending,,,
5687,25903,1,2N9F,pending,,,
5688,25905,1,2N9G,pending,,,
5689,25906,1,2N9H,pending,,,
5690,25907,1,2N9I,pending,,,
5691,25908,1,2N9J,pending,,,
5692,25909,1,2N9K,pending,,,
5693,25910,1,2N9L,pending,,,
5694,25911,1,2N9M,pending,,,
5695,25913,1,2N9O,pending,,,
5696,25914,1,2N9P,pending,,,
5697,25915,1,2N9Q,pending,,,
5698,25916,1,2N9R,pending,,,
5699,25917,1,2N9T,pending,,,
5700,25918,1,2N9U,pending,,,
5701,25919,1,2N9X,pending,,,
5702,25920,1,2N9Y,pending,,,
5703,25922,1,2N9Z,pending,,,
5704,25923,1,2NA1,pending,,,
5705,25924,1,2NA2,pending,,,
5706,25926,1,2NA3,pending,,,
5707,25927,1,2NA4,pending,,,
5708,25928,1,2NA5,pending,,,
5709,25929,1,2NA6,pending,,,
5710,25930,1,2NA7,pending,,,
5711,25931,1,2NA8,pending,,,
5712,25932,1,2NA9,pending,,,
5713,25933,1,2NAA,pending,,,
5714,25934,1,2NAB,pending,,,
5715,25935,1,2NAE,pending,,,
5716,25939,1,2NAJ,pending,,,
5717,25941,1,2NAL,pending,,,
5718,25942,1,2NAM,pending,,,
5719,25943,1,2NAQ,pending,,,
5720,25944,1,2NAR,pending,,,
5721,25945,1,5FRG,pending,,,
5722,25946,1,2NAT,pending,,,
5723,25947,1,2NAU,pending,,,
5724,25948,1,2NAV,pending,,,
5725,25949,1,2NAW,pending,,,
5726,25953,1,2NAX,pending,,,
5727,25954,1,2NAY,pending,,,
5728,25955,1,5FRF,pending,,,
5729,25956,1,5FRH,pending,,,
5730,25957,1,2NB0,pending,,,
5731,25958,1,2NB1,pending,,,
5732,25959,1,2NB2,pending,,,
5733,25961,1,2NB4,pending,,,
5734,25962,1,2NB5,pending,,,
5735,25963,1,2NB6,pending,,,
5736,25965,1,2NB7,pending,,,
5737,25966,1,2NB8,pending,,,
5738,25967,1,2NB9,pending,,,
5739,25968,1,5MMU,pending,,,
5740,25969,1,2NBA,pending,,,
5741,25970,1,2NBB,pending,,,
5742,25971,1,2NBC,pending,,,
5743,25972,1,2NBD,pending,,,
5744,25973,1,2NBE,pending,,,
5745,25974,1,2NBF,pending,,,
5746,25975,1,2NBG,pending,,,
5747,25976,1,2NBH,pending,,,
5748,25979,1,6CO4,pending,,,
5749,25982,1,2NBL,pending,,,
5750,25983,1,2NBM,pending,,,
5751,25984,1,2NBN,pending,,,
5752,25985,1,2NBQ,pending,,,
5753,25986,1,2NBO,pending,,,
5754,25987,1,2NBP,pending,,,
5755,25993,1,2NBR,pending,,,
5756,25994,1,2NBS,pending,,,
5757,25995,1,2NBV,pending,,,
5758,25996,1,2NBX,pending,,,
5759,25997,1,2NBY,pending,,,
5760,25998,1,2NBZ,pending,,,
5761,25999,1,2NC0,pending,,,
5762,26000,1,2NC1,pending,,,
5763,26001,1,2NC2,pending,,,
5764,26002,1,5FZV,pending,,,
5765,26003,1,5FZW,pending,,,
5766,26004,1,5FZX,pending,,,
5767,26005,1,2NC3,pending,,,
5768,26006,1,2NC4,pending,,,
5769,26007,1,2NC5,pending,,,
5770,26008,1,2NC6,pending,,,
5771,26009,1,2NC7,pending,,,
5772,26010,1,2NC8,pending,,,
5773,26011,1,2NC9,pending,,,
5774,26012,1,2NCA,pending,,,
5775,26016,1,2NCE,pending,,,
5776,26021,1,2NCG,pending,,,
5777,26022,1,2NCH,pending,,,
5778,26024,1,2NCI,pending,,,
5779,26025,1,5KGQ,pending,,,
5780,26026,1,2NCJ,pending,,,
5781,26031,1,2NCL,pending,,,
5782,26032,1,2NCQ,pending,,,
5783,26033,1,2NCR,pending,,,
5784,26034,1,2NCS,pending,,,
5785,26035,1,2NCT,pending,,,
5786,26036,1,2NCU,pending,,,
5787,26037,1,2NCV,pending,,,
5788,26038,1,2NCW,pending,,,
5789,26040,1,2NCY,pending,,,
5790,26041,1,2NCZ,pending,,,
5791,26042,1,2ND0,pending,,,
5792,26043,1,2ND1,pending,,,
5793,26045,1,2ND2,pending,,,
5794,26046,1,2ND3,pending,,,
5795,26047,1,2ND5,pending,,,
5796,26049,1,2ND6,pending,,,
5797,26050,1,2ND7,pending,,,
5798,26051,1,2ND8,pending,,,
5799,26052,1,2ND9,pending,,,
5800,26053,1,2NDA,pending,,,
5801,26054,1,2NDB,pending,,,
5802,26055,1,2NDC,pending,,,
5803,26056,1,2NDD,pending,,,
5804,26057,1,2NDE,pending,,,
5805,26059,1,2NDF,pending,,,
5806,26060,1,2NDG,pending,,,
5807,26061,1,2NDH,pending,,,
5808,26062,1,2NDI,pending,,,
5809,26063,1,2NDK,pending,,,
5810,26064,1,2NDL,pending,,,
5811,26065,1,2NDM,pending,,,
5812,26066,1,2NDN,pending,,,
5813,26068,1,2NDP,pending,,,
5814,26336,1,8SQX,pending,,,
5815,26517,1,5AGQ,pending,,,
5816,26518,1,5AIW,pending,,,
5817,26530,2,6SJW;6SJX,pending,,,
5818,26536,1,2N09,pending,,,
5819,26537,1,2N0N,pending,,,
5820,26538,1,2N0I,pending,,,
5821,26547,1,4YYP,pending,,,
5822,26550,1,2N1F,pending,,,
5823,26553,1,5AJ1,pending,,,
5824,26568,2,5A17;5A18,pending,,,
5825,26574,1,2N9D,pending,,,
5826,26577,1,6BHO,pending,,,
5827,26580,1,5A3G,pending,,,
5828,26582,1,6BHN,pending,,,
5829,26593,1,2N56,pending,,,
5830,26603,1,2NCN,pending,,,
5831,26649,1,2N78,pending,,,
5832,26674,1,2N8H,pending,,,
5833,26688,1,2NA0,pending,,,
5834,26691,1,2N94,pending,,,
5835,26692,1,2NAO,pending,,,
5836,26715,1,6TUB,pending,,,
5837,26723,1,2NCO,pending,,,
5838,26724,1,2NCP,pending,,,
5839,26725,1,5IE8,pending,,,
5840,26750,1,5UHU,pending,,,
5841,26753,1,5MQX,pending,,,
5842,26780,1,6HPI,pending,,,
5843,26802,1,5O6F,pending,,,
5844,26805,1,6POJ,pending,,,
5845,26821,1,5TM0,pending,,,
5846,26840,1,5O7J,pending,,,
5847,26842,2,6GZK;6GZR,pending,,,
5848,26844,1,6MPO,pending,,,
5849,26867,1,5U4K,pending,,,
5850,26889,1,5MIZ,pending,,,
5851,26919,1,5O2Y,pending,,,
5852,26933,1,5H6V,pending,,,
5853,26952,1,6TTA,pending,,,
5854,27034,1,5N9Q,pending,,,
5855,27051,1,6NAN,pending,,,
5856,27078,1,6F7E,pending,,,
5857,27081,1,5WLP,pending,,,
5858,27085,1,6QBZ,pending,,,
5859,27095,1,6BUT,pending,,,
5860,27141,1,9CUV,pending,,,
5861,27144,1,5W77,pending,,,
5862,27146,1,6Q44,pending,,,
5863,27151,1,6NUI,pending,,,
5864,27158,1,7P27,pending,,,
5865,27167,1,6HKA,pending,,,
5866,27173,1,6T51,pending,,,
5867,27185,1,9BU5,pending,,,
5868,27211,2,6F3K;6R8N,pending,,,
5869,27212,1,5OQV,pending,,,
5870,27227,1,5Y95,pending,,,
5871,27239,1,5OWI,pending,,,
5872,27242,1,5OWJ,pending,,,
5873,27243,1,6AX5,pending,,,
5874,27251,1,6QXZ,pending,,,
5875,27271,1,6B7G,pending,,,
5876,27277,1,6SO0,pending,,,
5877,27284,2,6OCV;6WQE,pending,,,
5878,27289,1,6BG9,pending,,,
5879,27305,1,6DRF,pending,,,
5880,27313,2,6BQS;6CRL,pending,,,
5881,27316,1,6F46,pending,,,
5882,27349,1,6C00,pending,,,
5883,27354,1,5ZCZ,pending,,,
5884,27356,1,5ZD0,pending,,,
5885,27357,1,6FGM,pending,,,
5886,27396,1,6CCJ,pending,,,
5887,27397,1,6S3W,pending,,,
5888,27432,1,6G8O,pending,,,
5889,27433,1,6CUC,pending,,,
5890,27435,1,6E3C,pending,,,
5891,27439,1,6G7G,pending,,,
5892,27452,1,6HAG,pending,,,
5893,27453,1,6S10,pending,,,
5894,27466,1,6GF2,pending,,,
5895,27468,2,6YEG;6YQ5,pending,,,
5896,27503,1,6RK3,pending,,,
5897,27506,1,6NFW,pending,,,
5898,27530,1,6CTB,pending,,,
5899,27532,1,6YE5,pending,,,
5900,27540,1,8GDG,pending,,,
5901,27547,1,7PJ1,pending,,,
5902,27552,1,6AAU,pending,,,
5903,27578,1,7QCC,pending,,,
5904,27579,1,7SA5,pending,,,
5905,27581,1,6HKC,pending,,,
5906,27610,1,6HNF,pending,,,
5907,27632,1,6MPP,pending,,,
5908,27652,1,6IMS,pending,,,
5909,27664,1,6N13,pending,,,
5910,27666,1,6I9B,pending,,,
5911,27683,1,6QJY,pending,,,
5912,27687,1,6Z98,pending,,,
5913,27690,1,6WBU,pending,,,
5914,27692,1,7L8V,pending,,,
5915,27730,1,6QBJ,pending,,,
5916,27741,1,2KY9,pending,,,
5917,27781,1,6VK2,pending,,,
5918,27839,1,6OH1,pending,,,
5919,27852,1,8PQU,pending,,,
5920,27853,1,8PKZ,pending,,,
5921,27863,1,6R9Z,pending,,,
5922,27875,1,6U19,pending,,,
5923,27877,1,7O2K,pending,,,
5924,27880,1,6XV2,pending,,,
5925,27893,1,6TWR,pending,,,
5926,27917,1,8C7K,pending,,,
5927,27925,1,8XID,pending,,,
5928,27961,1,6Y3I,pending,,,
5929,27965,1,6Y3H,pending,,,
5930,27967,1,6Y3K,pending,,,
5931,27977,1,6SAP,pending,,,
5932,27989,1,6YTS,pending,,,
5933,27990,1,6SFT,pending,,,
5934,28014,1,7AFQ,pending,,,
5935,28016,1,6Y3L,pending,,,
5936,28028,1,6XXU,pending,,,
5937,28042,2,6UYI;6UYJ,pending,,,
5938,28052,1,6TR8,pending,,,
5939,28058,1,6SJW,pending,,,
5940,28094,1,6W3M,pending,,,
5941,28112,1,6YSE,pending,,,
5942,30000,1,5GAJ,pending,,,
5943,30002,1,5HOU,pending,,,
5944,30003,1,5HP0,pending,,,
5945,30004,1,5HPD,pending,,,
5946,30005,1,5HUZ,pending,,,
5947,30006,1,5HV8,pending,,,
5948,30007,1,5HVC,pending,,,
5949,30008,1,5I1R,pending,,,
5950,30009,1,5I1X,pending,,,
5951,30010,1,5I22,pending,,,
5952,30011,1,5I2P,pending,,,
5953,30012,1,5I2V,pending,,,
5954,30013,1,5I4G,pending,,,
5955,30015,1,5HQF,pending,,,
5956,30016,1,5HQQ,pending,,,
5957,30017,1,5I8N,pending,,,
5958,30019,1,5IAY,pending,,,
5959,30020,1,5IAZ,pending,,,
5960,30021,1,5ID3,pending,,,
5961,30022,1,5ID5,pending,,,
5962,30023,1,5IEB,pending,,,
5963,30024,1,5IEC,pending,,,
5964,30025,1,5IEJ,pending,,,
5965,30026,1,5IEM,pending,,,
5966,30027,1,5IEW,pending,,,
5967,30028,1,5IIR,pending,,,
5968,30029,1,5IIV,pending,,,
5969,30030,1,5IJ4,pending,,,
5970,30031,1,5IM8,pending,,,
5971,30032,1,5ION,pending,,,
5972,30033,1,5IPO,pending,,,
5973,30034,1,5IRD,pending,,,
5974,30035,1,5IRT,pending,,,
5975,30037,1,6HT4,pending,,,
5976,30038,1,5IV1,pending,,,
5977,30039,1,5IX5,pending,,,
5978,30040,1,5IX9,pending,,,
5979,30042,1,5IZB,pending,,,
5980,30043,1,5IQ5,pending,,,
5981,30044,1,5IZP,pending,,,
5982,30045,1,5J05,pending,,,
5983,30046,1,5J0M,pending,,,
5984,30047,1,5J17,pending,,,
5985,30048,1,5J18,pending,,,
5986,30049,1,5J1O,pending,,,
5987,30050,1,5J2R,pending,,,
5988,30051,1,5J2W,pending,,,
5989,30052,1,5J3F,pending,,,
5990,30053,1,5J3G,pending,,,
5991,30054,1,5J3I,pending,,,
5992,30055,1,5J4P,pending,,,
5993,30056,1,5J4W,pending,,,
5994,30057,1,5J6T,pending,,,
5995,30058,1,5J6U,pending,,,
5996,30059,1,5J6V,pending,,,
5997,30060,1,5J6W,pending,,,
5998,30061,1,5J6Z,pending,,,
5999,30062,1,5J7J,pending,,,
6000,30063,1,5J8H,pending,,,
6001,30064,1,5J8T,pending,,,
6002,30065,1,5JDP,pending,,,
6003,30066,1,5JDX,pending,,,
6004,30067,1,5JHI,pending,,,
6005,30068,1,5JHJ,pending,,,
6006,30069,1,5JI4,pending,,,
6007,30070,1,5JN6,pending,,,
6008,30071,1,5JOJ,pending,,,
6009,30072,1,5JOL,pending,,,
6010,30073,1,5JPL,pending,,,
6011,30074,1,5JPW,pending,,,
6012,30075,1,5JPX,pending,,,
6013,30076,1,5JR0,pending,,,
6014,30077,1,5JS7,pending,,,
6015,30078,1,5JS8,pending,,,
6016,30079,1,5JTK,pending,,,
6017,30080,1,5JTL,pending,,,
6018,30081,1,5JTM,pending,,,
6019,30082,1,5JTN,pending,,,
6020,30083,1,5JTO,pending,,,
6021,30084,1,5JTP,pending,,,
6022,30085,1,5JTQ,pending,,,
6023,30086,1,5JTR,pending,,,
6024,30087,1,5JWJ,pending,,,
6025,30088,1,5JXV,pending,,,
6026,30089,1,5JYH,pending,,,
6027,30090,1,5JYN,pending,,,
6028,30091,1,5JYT,pending,,,
6029,30092,1,5JYU,pending,,,
6030,30093,1,5JYV,pending,,,
6031,30094,1,5JZR,pending,,,
6032,30097,1,5K57,pending,,,
6033,30098,1,5K5F,pending,,,
6034,30099,1,5K5G,pending,,,
6035,30100,1,5K6P,pending,,,
6036,30101,1,6CMY,pending,,,
6037,30102,1,5KES,pending,,,
6038,30105,1,5KGV,pending,,,
6039,30106,1,5KGY,pending,,,
6040,30107,1,5KGZ,pending,,,
6041,30108,1,5KH8,pending,,,
6042,30109,1,5KHB,pending,,,
6043,30110,1,5KI0,pending,,,
6044,30111,1,5KI4,pending,,,
6045,30112,1,5KI5,pending,,,
6046,30113,1,5KI7,pending,,,
6047,30114,1,5KIB,pending,,,
6048,30115,1,5KIE,pending,,,
6049,30116,1,5KIF,pending,,,
6050,30117,1,5KIH,pending,,,
6051,30118,1,5KIZ,pending,,,
6052,30119,1,5KJ3,pending,,,
6053,30120,1,5KJG,pending,,,
6054,30121,1,5KK3,pending,,,
6055,30123,1,5KK9,pending,,,
6056,30124,1,5KKM,pending,,,
6057,30126,1,5KNW,pending,,,
6058,30127,1,5KP0,pending,,,
6059,30128,1,5KPE,pending,,,
6060,30129,1,5KPH,pending,,,
6061,30130,1,5KQB,pending,,,
6062,30131,1,5KQC,pending,,,
6063,30132,1,5KQE,pending,,,
6064,30133,1,5KQJ,pending,,,
6065,30134,1,5KRW,pending,,,
6066,30135,1,5KS5,pending,,,
6067,30136,1,5KS6,pending,,,
6068,30137,1,5KTF,pending,,,
6069,30138,1,5KVN,pending,,,
6070,30139,1,5KVP,pending,,,
6071,30140,1,5KWO,pending,,,
6072,30141,1,5KWP,pending,,,
6073,30142,1,5KWX,pending,,,
6074,30143,1,5KWZ,pending,,,
6075,30144,1,5KX0,pending,,,
6076,30145,1,5KX1,pending,,,
6077,30146,1,5KX2,pending,,,
6078,30147,1,5KZO,pending,,,
6079,30148,1,5L06,pending,,,
6080,30149,1,5L1C,pending,,,
6081,30150,1,6BF2,pending,,,
6082,30151,1,5L2G,pending,,,
6083,30152,1,5L34,pending,,,
6084,30153,1,5SXY,pending,,,
6085,30154,1,5SYQ,pending,,,
6086,30155,1,5SZW,pending,,,
6087,30156,1,5T0X,pending,,,
6088,30157,1,5T17,pending,,,
6089,30158,1,5T1N,pending,,,
6090,30159,1,5T1O,pending,,,
6091,30160,1,5T3M,pending,,,
6092,30161,1,5T3Y,pending,,,
6093,30162,1,5T42,pending,,,
6094,30163,1,5T43,pending,,,
6095,30164,1,5T4R,pending,,,
6096,30165,1,5T56,pending,,,
6097,30170,1,5T7Q,pending,,,
6098,30171,1,5T82,pending,,,
6099,30172,1,5T8A,pending,,,
6100,30176,1,5TBG,pending,,,
6101,30177,1,5TBN,pending,,,
6102,30178,1,5TBQ,pending,,,
6103,30179,1,5TBR,pending,,,
6104,30180,1,5TCE,pending,,,
6105,30181,1,5TCZ,pending,,,
6106,30184,1,5TGG,pending,,,
6107,30185,1,5TGW,pending,,,
6108,30186,1,5TGY,pending,,,
6109,30188,1,5TJ1,pending,,,
6110,30189,1,5TLQ,pending,,,
6111,30190,1,5TLR,pending,,,
6112,30191,1,6ALT,pending,,,
6113,30192,1,5TMX,pending,,,
6114,30193,1,5TN0,pending,,,
6115,30194,1,5TN2,pending,,,
6116,30195,1,5TP5,pending,,,
6117,30196,1,5TP6,pending,,,
6118,30197,1,5TR5,pending,,,
6119,30198,1,5TRN,pending,,,
6120,30199,1,5TTB,pending,,,
6121,30200,1,5TTT,pending,,,
6122,30201,1,5TVZ,pending,,,
6123,30202,1,5TWI,pending,,,
6124,30203,1,5TWW,pending,,,
6125,30204,1,5TX8,pending,,,
6126,30205,1,5U3H,pending,,,
6127,30206,1,5U5S,pending,,,
6128,30207,1,5U6H,pending,,,
6129,30208,1,5U6L,pending,,,
6130,30209,1,5U87,pending,,,
6131,30210,1,5U9B,pending,,,
6132,30211,1,5U9Q,pending,,,
6133,30212,1,5U9R,pending,,,
6134,30213,1,5U9S,pending,,,
6135,30214,1,5U9V,pending,,,
6136,30215,1,5U9X,pending,,,
6137,30216,1,5U9Y,pending,,,
6138,30217,1,5UA6,pending,,,
6139,30218,1,5UA7,pending,,,
6140,30219,1,5UA8,pending,,,
6141,30220,1,5UB0,pending,,,
6142,30221,1,5UBS,pending,,,
6143,30222,1,5UCE,pending,,,
6144,30223,1,5UCF,pending,,,
6145,30224,1,5UF3,pending,,,
6146,30225,1,5UG3,pending,,,
6147,30226,1,5UG5,pending,,,
6148,30227,1,5UGK,pending,,,
6149,30229,1,5UI6,pending,,,
6150,30230,1,5UI7,pending,,,
6151,30231,1,5UJ5,pending,,,
6152,30232,2,5UJG;6E1L,pending,,,
6153,30233,1,5UJH,pending,,,
6154,30234,2,5UJL;5UJN,pending,,,
6155,30235,1,5UJQ,pending,,,
6156,30236,1,5UJR,pending,,,
6157,30237,1,5UKE,pending,,,
6158,30238,1,5UKZ,pending,,,
6159,30239,1,5UNK,pending,,,
6160,30240,1,5UOI,pending,,,
6161,30241,1,5UP1,pending,,,
6162,30242,1,5UP5,pending,,,
6163,30243,1,5URN,pending,,,
6164,30244,1,5US3,pending,,,
6165,30245,1,5US5,pending,,,
6166,30246,1,5UTG,pending,,,
6167,30247,1,5UTV,pending,,,
6168,30248,1,5UY2,pending,,,
6169,30249,1,5UYO,pending,,,
6170,30250,1,5UZ1,pending,,,
6171,30251,1,5UZ2,pending,,,
6172,30252,1,5UZ3,pending,,,
6173,30253,1,5UZD,pending,,,
6174,30254,1,5UZF,pending,,,
6175,30255,1,5UZI,pending,,,
6176,30256,1,5UZL,pending,,,
6177,30257,1,5UZT,pending,,,
6178,30258,1,5UZZ,pending,,,
6179,30259,1,5V0Y,pending,,,
6180,30260,1,5V11,pending,,,
6181,30261,1,5V16,pending,,,
6182,30262,1,5V17,pending,,,
6183,30263,1,5V1E,pending,,,
6184,30265,1,5V2B,pending,,,
6185,30267,1,5V2G,pending,,,
6186,30268,1,5V2R,pending,,,
6187,30270,1,5V4C,pending,,,
6188,30271,1,5V4U,pending,,,
6189,30273,1,5V7Z,pending,,,
6190,30274,1,5VAV,pending,,,
6191,30275,1,5VEY,pending,,,
6192,30276,1,5VF0,pending,,,
6193,30281,1,5VFW,pending,,,
6194,30282,1,5VH7,pending,,,
6195,30283,1,5VH8,pending,,,
6196,30284,1,5VJ8,pending,,,
6197,30285,1,5VKG,pending,,,
6198,30286,1,5VKV,pending,,,
6199,30287,1,5VL6,pending,,,
6200,30288,1,5VLN,pending,,,
6201,30289,1,5VNT,pending,,,
6202,30290,1,5VO7,pending,,,
6203,30291,1,5VR1,pending,,,
6204,30292,1,5VR5,pending,,,
6205,30293,1,5VSO,pending,,,
6206,30295,1,5VTO,pending,,,
6207,30296,1,5VWE,pending,,,
6208,30297,1,5VWL,pending,,,
6209,30298,1,5VX7,pending,,,
6210,30300,1,5VZM,pending,,,
6211,30301,1,5W0Y,pending,,,
6212,30303,1,5W3G,pending,,,
6213,30304,1,5W3N,pending,,,
6214,30305,1,5W4S,pending,,,
6215,30306,1,5W54,pending,,,
6216,30307,1,5W72,pending,,,
6217,30308,2,5W88;5WCL,pending,,,
6218,30309,1,5W8Y,pending,,,
6219,30310,1,5W8Z,pending,,,
6220,30311,1,5W96,pending,,,
6221,30312,1,5W9F,pending,,,
6222,30313,1,5WAH,pending,,,
6223,30314,1,5WBT,pending,,,
6224,30315,1,5WCV,pending,,,
6225,30316,1,5WDZ,pending,,,
6226,30317,1,5WE3,pending,,,
6227,30318,1,5WLX,pending,,,
6228,30319,1,5WOC,pending,,,
6229,30320,1,5WOD,pending,,,
6230,30321,1,5WOE,pending,,,
6231,30322,1,5WOT,pending,,,
6232,30323,1,5WOV,pending,,,
6233,30324,1,5WOW,pending,,,
6234,30325,1,5WOX,pending,,,
6235,30326,1,5WOY,pending,,,
6236,30327,1,5WOZ,pending,,,
6237,30328,1,6ALS,pending,,,
6238,30329,1,6ALU,pending,,,
6239,30330,1,6ALY,pending,,,
6240,30331,1,6AMV,pending,,,
6241,30332,1,6AMW,pending,,,
6242,30333,1,6ANF,pending,,,
6243,30334,1,6AP5,pending,,,
6244,30335,1,6ASF,pending,,,
6245,30336,1,6AST,pending,,,
6246,30337,1,6AWK,pending,,,
6247,30338,1,6AWM,pending,,,
6248,30339,1,6AX2,pending,,,
6249,30340,1,6AXD,pending,,,
6250,30341,1,6AXI,pending,,,
6251,30342,1,6AZA,pending,,,
6252,30343,1,6AZF,pending,,,
6253,30344,1,6AZG,pending,,,
6254,30345,1,6B1G,pending,,,
6255,30346,1,6B34,pending,,,
6256,30347,1,6B35,pending,,,
6257,30348,1,6B3N,pending,,,
6258,30349,1,6B3U,pending,,,
6259,30350,1,6B9K,pending,,,
6260,30351,2,6B9W;6BI5,pending,,,
6261,30352,1,6BA3,pending,,,
6262,30353,1,6BA6,pending,,,
6263,30354,2,6BAM;6BB6,pending,,,
6264,30355,1,6BE7,pending,,,
6265,30356,1,6BE9,pending,,,
6266,30357,1,6BEN,pending,,,
6267,30358,1,6BEO,pending,,,
6268,30359,1,6BEQ,pending,,,
6269,30360,1,6BER,pending,,,
6270,30361,1,6BES,pending,,,
6271,30362,1,6BET,pending,,,
6272,30363,1,6BEU,pending,,,
6273,30364,1,6BEW,pending,,,
6274,30365,1,6BF3,pending,,,
6275,30366,1,6BF5,pending,,,
6276,30367,1,6BGG,pending,,,
6277,30368,1,6BGH,pending,,,
6278,30370,1,6BI6,pending,,,
6279,30371,1,6BJF,pending,,,
6280,30372,1,6BL9,pending,,,
6281,30373,2,6BNH;6MNL,pending,,,
6282,30374,1,6BP9,pending,,,
6283,30375,3,6BQI;6U1L;6U1O,pending,,,
6284,30376,1,6BR0,pending,,,
6285,30377,1,6BTV,pending,,,
6286,30378,1,6BUC,pending,,,
6287,30379,1,6BV7,pending,,,
6288,30380,1,6BVU,pending,,,
6289,30381,1,6BVW,pending,,,
6290,30382,1,6BVX,pending,,,
6291,30383,1,6BVY,pending,,,
6292,30385,1,6BX9,pending,,,
6293,30386,2,6BY4;6BY5,pending,,,
6294,30388,1,6BYV,pending,,,
6295,30389,1,6BZJ,pending,,,
6296,30390,1,6BZK,pending,,,
6297,30391,2,6BZL;6OKW,pending,,,
6298,30394,1,6C2U,pending,,,
6299,30395,1,6C2V,pending,,,
6300,30396,1,6C41,pending,,,
6301,30397,1,6C44,pending,,,
6302,30398,1,6C8U,pending,,,
6303,30399,1,6CAH,pending,,,
6304,30400,1,6CC9,pending,,,
6305,30401,1,6CCH,pending,,,
6306,30402,1,6CCW,pending,,,
6307,30403,1,6CCX,pending,,,
6308,30404,4,6CE5;6CUS;6CV8;6CW4,pending,,,
6309,30405,1,6CEG,pending,,,
6310,30406,1,6CEI,pending,,,
6311,30407,1,6CEJ,pending,,,
6312,30408,1,6CFA,pending,,,
6313,30409,1,6CFB,pending,,,
6314,30410,1,6CGH,pending,,,
6315,30411,1,6CGW,pending,,,
6316,30412,1,6CGX,pending,,,
6317,30413,1,6CHC,pending,,,
6318,30414,1,6CIV,pending,,,
6319,30415,1,6CIX,pending,,,
6320,30416,1,6CJ8,pending,,,
6321,30417,1,6CJD,pending,,,
6322,30418,1,6CJZ,pending,,,
6323,30419,1,6CKD,pending,,,
6324,30420,1,6CKF,pending,,,
6325,30421,1,6CKQ,pending,,,
6326,30422,1,6CKU,pending,,,
6327,30423,1,6CKV,pending,,,
6328,30424,1,6CL3,pending,,,
6329,30425,1,6CLZ,pending,,,
6330,30426,1,6CM1,pending,,,
6331,30427,1,6COO,pending,,,
6332,30428,1,6COP,pending,,,
6333,30429,1,6COQ,pending,,,
6334,30430,1,6COR,pending,,,
6335,30431,1,6COS,pending,,,
6336,30432,1,6COT,pending,,,
6337,30433,1,6COU,pending,,,
6338,30434,1,6COV,pending,,,
6339,30435,1,6COW,pending,,,
6340,30436,1,6CPI,pending,,,
6341,30437,1,6CPJ,pending,,,
6342,30438,1,6CPK,pending,,,
6343,30439,1,6CSK,pending,,,
6344,30440,1,6CSZ,pending,,,
6345,30441,1,6CT1,pending,,,
6346,30442,1,6CT4,pending,,,
6347,30443,1,6CTG,pending,,,
6348,30444,1,6CUI,pending,,,
6349,30445,1,6CWS,pending,,,
6350,30446,1,6CXN,pending,,,
6351,30447,1,6CXP,pending,,,
6352,30448,1,6CXQ,pending,,,
6353,30449,1,6CXR,pending,,,
6354,30450,2,6CZT;6D10,pending,,,
6355,30451,1,6D2H,pending,,,
6356,30452,1,6D2U,pending,,,
6357,30453,1,6D37,pending,,,
6358,30454,1,6D3T,pending,,,
6359,30456,1,6D6S,pending,,,
6360,30457,1,6D6X,pending,,,
6361,30458,1,6D74,pending,,,
6362,30459,1,6D8H,pending,,,
6363,30460,1,6D8Q,pending,,,
6364,30461,1,6D8R,pending,,,
6365,30462,1,6D8S,pending,,,
6366,30463,1,6D8T,pending,,,
6367,30464,1,6D8U,pending,,,
6368,30465,1,6D8Y,pending,,,
6369,30466,1,6D93,pending,,,
6370,30467,1,6D9O,pending,,,
6371,30468,1,6D9P,pending,,,
6372,30469,1,6DG1,pending,,,
6373,30470,1,6DHR,pending,,,
6374,30471,1,6DL4,pending,,,
6375,30472,1,6DLN,pending,,,
6376,30473,1,6DM7,pending,,,
6377,30474,1,6DMP,pending,,,
6378,30475,1,6DMZ,pending,,,
6379,30476,1,6DNY,pending,,,
6380,30477,1,6DO6,pending,,,
6381,30478,2,6DO7;6DRG,pending,,,
6382,30479,1,6DRI,pending,,,
6383,30480,1,6DSL,pending,,,
6384,30481,1,6DST,pending,,,
6385,30482,1,6DUL,pending,,,
6386,30483,1,6DUU,pending,,,
6387,30484,1,6DVT,pending,,,
6388,30485,1,6DXM,pending,,,
6389,30486,1,6DZ9,pending,,,
6390,30487,1,6DZA,pending,,,
6391,30488,1,6DZB,pending,,,
6392,30489,1,6DZC,pending,,,
6393,30490,1,6DZE,pending,,,
6394,30491,1,6E25,pending,,,
6395,30492,1,6E26,pending,,,
6396,30493,1,6E4H,pending,,,
6397,30494,2,6E4J;6NS8,pending,,,
6398,30495,1,6E5C,pending,,,
6399,30496,1,6E5H,pending,,,
6400,30497,1,6E5I,pending,,,
6401,30498,1,6E5J,pending,,,
6402,30499,1,6E5K,pending,,,
6403,30500,1,6E5N,pending,,,
6404,30501,1,6E83,pending,,,
6405,30502,1,6E86,pending,,,
6406,30503,3,6E8W;6UJV;6V4T,pending,,,
6407,30504,1,6E98,pending,,,
6408,30505,1,6E9M,pending,,,
6409,30506,1,6ED9,pending,,,
6410,30507,1,6EE9,pending,,,
6411,30508,1,6EFE,pending,,,
6412,30509,1,6MBM,pending,,,
6413,30510,1,6MCE,pending,,,
6414,30511,1,6MCF,pending,,,
6415,30512,1,6MCI,pending,,,
6416,30513,1,6MF8,pending,,,
6417,30514,1,6MG9,pending,,,
6418,30515,1,6MI5,pending,,,
6419,30516,1,6MI9,pending,,,
6420,30517,1,6MIE,pending,,,
6421,30518,1,6MIF,pending,,,
6422,30519,1,6MJD,pending,,,
6423,30520,1,6MJV,pending,,,
6424,30521,1,6MK4,pending,,,
6425,30522,1,6MK5,pending,,,
6426,30523,1,6MK7,pending,,,
6427,30524,1,6MK8,pending,,,
6428,30525,1,6MM4,pending,,,
6429,30527,1,6MSP,pending,,,
6430,30528,1,6MUN,pending,,,
6431,30529,1,6MV3,pending,,,
6432,30530,1,6MW6,pending,,,
6433,30531,1,6MWM,pending,,,
6434,30532,1,6NJF,pending,,,
6435,30533,1,6MXQ,pending,,,
6436,30534,1,6MY1,pending,,,
6437,30535,1,6MY2,pending,,,
6438,30536,1,6MY3,pending,,,
6439,30537,1,6MZA,pending,,,
6440,30538,1,6MZT,pending,,,
6441,30543,1,6N2M,pending,,,
6442,30544,1,6N68,pending,,,
6443,30545,1,6N8C,pending,,,
6444,30546,1,6N8F,pending,,,
6445,30547,1,6N8H,pending,,,
6446,30548,1,6N8I,pending,,,
6447,30550,1,6NBN,pending,,,
6448,30551,1,6NE8,pending,,,
6449,30552,1,6NEB,pending,,,
6450,30553,1,6NHW,pending,,,
6451,30554,1,6NHY,pending,,,
6452,30555,1,6NK9,pending,,,
6453,30556,1,6NL3,pending,,,
6454,30557,1,6NM2,pending,,,
6455,30558,1,6NM3,pending,,,
6456,30559,1,6NNB,pending,,,
6457,30560,1,6NOA,pending,,,
6458,30561,1,6NOM,pending,,,
6459,30562,1,6NOX,pending,,,
6460,30565,1,6NU4,pending,,,
6461,30566,1,6NUG,pending,,,
6462,30567,1,6NVZ,pending,,,
6463,30568,1,6NW8,pending,,,
6464,30569,1,6NX4,pending,,,
6465,30570,1,6NZ2,pending,,,
6466,30571,1,6NZL,pending,,,
6467,30572,1,6NZN,pending,,,
6468,30573,1,6O0C,pending,,,
6469,30574,1,6O0I,pending,,,
6470,30575,1,6O1Q,pending,,,
6471,30576,1,6O22,pending,,,
6472,30577,1,6O2L,pending,,,
6473,30579,1,6O3Q,pending,,,
6474,30580,1,6O3S,pending,,,
6475,30583,1,6O6I,pending,,,
6476,30584,1,6O6W,pending,,,
6477,30585,1,6O7G,pending,,,
6478,30586,2,6O8J;6O8P,pending,,,
6479,30587,1,6O8R,pending,,,
6480,30588,1,6O8S,pending,,,
6481,30590,1,6OB1,pending,,,
6482,30591,1,6OBI,pending,,,
6483,30592,1,6OBK,pending,,,
6484,30593,1,6OBW,pending,,,
6485,30594,1,6OC2,pending,,,
6486,30595,1,6OC4,pending,,,
6487,30596,1,6OC9,pending,,,
6488,30597,1,6OFA,pending,,,
6489,30598,1,6OHX,pending,,,
6490,30599,1,6OKX,pending,,,
6491,30600,1,6OKY,pending,,,
6492,30601,1,6OLD,pending,,,
6493,30602,1,6OQ2,pending,,,
6494,30603,1,6OQ9,pending,,,
6495,30604,1,6OQH,pending,,,
6496,30605,1,6OQJ,pending,,,
6497,30606,1,6OQK,pending,,,
6498,30607,1,6OQP,pending,,,
6499,30608,1,6OSW,pending,,,
6500,30609,1,6OTA,pending,,,
6501,30610,1,6OVC,pending,,,
6502,30611,1,6OWR,pending,,,
6503,30613,1,6P6B,pending,,,
6504,30614,1,6P6C,pending,,,
6505,30615,1,6PEZ,pending,,,
6506,30616,1,6PF0,pending,,,
6507,30617,1,6PI2,pending,,,
6508,30618,1,6PI3,pending,,,
6509,30619,1,6PIN,pending,,,
6510,30620,1,6PIO,pending,,,
6511,30621,1,6PIP,pending,,,
6512,30622,1,6PK9,pending,,,
6513,30623,1,6PMG,pending,,,
6514,30625,1,6POR,pending,,,
6515,30626,1,6PPC,pending,,,
6516,30627,1,6PPT,pending,,,
6517,30628,1,6PQ2,pending,,,
6518,30629,1,6PQE,pending,,,
6519,30630,1,6PQF,pending,,,
6520,30631,1,6PQG,pending,,,
6521,30632,1,6PQM,pending,,,
6522,30633,1,6PQT,pending,,,
6523,30634,1,6PRI,pending,,,
6524,30635,1,6PRJ,pending,,,
6525,30636,1,6PRP,pending,,,
6526,30637,1,6PRQ,pending,,,
6527,30638,1,6PSI,pending,,,
6528,30639,1,6PTS,pending,,,
6529,30640,1,6PTW,pending,,,
6530,30641,1,6PV0,pending,,,
6531,30642,1,6PV1,pending,,,
6532,30643,1,6PV2,pending,,,
6533,30644,1,6PV3,pending,,,
6534,30645,1,6PVR,pending,,,
6535,30646,1,6PVT,pending,,,
6536,30647,1,6PX7,pending,,,
6537,30648,1,6PX8,pending,,,
6538,30650,1,6Q08,pending,,,
6539,30651,1,6Q1X,pending,,,
6540,30652,1,6Q2I,pending,,,
6541,30653,1,6TZE,pending,,,
6542,30654,1,6U24,pending,,,
6543,30655,1,6U3R,pending,,,
6544,30656,2,6U3S;7JSQ,pending,,,
6545,30657,1,6U46,pending,,,
6546,30658,1,6U4M,pending,,,
6547,30659,1,6U4N,pending,,,
6548,30660,1,6U6G,pending,,,
6549,30661,1,6U6P,pending,,,
6550,30662,1,6U6Q,pending,,,
6551,30663,1,6U6R,pending,,,
6552,30664,1,6U6S,pending,,,
6553,30665,1,6U79,pending,,,
6554,30666,1,6U7Q,pending,,,
6555,30667,1,6U7R,pending,,,
6556,30668,1,6U7S,pending,,,
6557,30669,1,6U7U,pending,,,
6558,30670,1,6U7W,pending,,,
6559,30671,1,6U7X,pending,,,
6560,30672,1,6UCH,pending,,,
6561,30673,1,6UCO,pending,,,
6562,30674,1,6UCP,pending,,,
6563,30675,1,6UD0,pending,,,
6564,30676,1,6UF2,pending,,,
6565,30677,1,6UHW,pending,,,
6566,30678,1,6UJU,pending,,,
6567,30679,1,6UM9,pending,,,
6568,30680,1,6URS,pending,,,
6569,30681,1,6UT2,pending,,,
6570,30682,1,6UX5,pending,,,
6571,30683,1,6UXS,pending,,,
6572,30684,1,6UZJ,pending,,,
6573,30686,1,6UZ4,pending,,,
6574,30687,1,6UZ5,pending,,,
6575,30688,1,6V0L,pending,,,
6576,30690,1,6V1N,pending,,,
6577,30691,1,6V1W,pending,,,
6578,30692,1,6V4I,pending,,,
6579,30693,1,6V5D,pending,,,
6580,30694,1,6V5L,pending,,,
6581,30695,1,6V6T,pending,,,
6582,30696,1,6V88,pending,,,
6583,30697,1,6VA1,pending,,,
6584,30698,1,6VA2,pending,,,
6585,30699,1,6VA3,pending,,,
6586,30700,1,6VA4,pending,,,
6587,30701,1,6VAR,pending,,,
6588,30702,1,6VE9,pending,,,
6589,30703,1,6VED,pending,,,
6590,30704,1,6VEE,pending,,,
6591,30705,1,6VFO,pending,,,
6592,30706,1,6VG7,pending,,,
6593,30707,1,6VGA,pending,,,
6594,30708,1,6VGB,pending,,,
6595,30710,1,6VGT,pending,,,
6596,30711,1,6VH8,pending,,,
6597,30712,1,6VHJ,pending,,,
6598,30713,2,6VIQ;7JVF,pending,,,
6599,30714,1,6VJQ,pending,,,
6600,30716,1,6VL2,pending,,,
6601,30717,1,6VLA,pending,,,
6602,30718,1,6VLJ,pending,,,
6603,30719,1,6VNZ,pending,,,
6604,30720,1,6VPN,pending,,,
6605,30721,1,6VRJ,pending,,,
6606,30722,1,6VTI,pending,,,
6607,30723,1,6VU1,pending,,,
6608,30724,1,6VVJ,pending,,,
6609,30725,1,6VWB,pending,,,
6610,30726,1,6VXG,pending,,,
6611,30727,1,6VXW,pending,,,
6612,30728,1,6VY7,pending,,,
6613,30729,1,6VY8,pending,,,
6614,30730,1,6VZC,pending,,,
6615,30731,1,6W0O,pending,,,
6616,30734,3,6W4E;7RSC;7RSE,pending,,,
6617,30735,1,6W4F,pending,,,
6618,30736,1,6W9N,pending,,,
6619,30737,1,6WA1,pending,,,
6620,30738,1,6WA3,pending,,,
6621,30739,1,6WA4,pending,,,
6622,30740,1,6WA5,pending,,,
6623,30741,2,6WAP;6X63,pending,,,
6624,30744,1,6WPB,pending,,,
6625,30745,1,6WPD,pending,,,
6626,30746,1,6WPO,pending,,,
6627,30747,1,6WPV,pending,,,
6628,30748,1,6WQJ,pending,,,
6629,30749,1,6WQL,pending,,,
6630,30750,1,6WQR,pending,,,
6631,30752,1,6WUX,pending,,,
6632,30753,1,6X1K,pending,,,
6633,30754,1,6X46,pending,,,
6634,30755,1,6X4X,pending,,,
6635,30756,1,6X6N,pending,,,
6636,30757,1,6X7I,pending,,,
6637,30758,1,6X8R,pending,,,
6638,30759,1,6XAH,pending,,,
6639,30760,1,6XCR,pending,,,
6640,30761,1,6XCU,pending,,,
6641,30763,1,6XEH,pending,,,
6642,30765,1,6XFL,pending,,,
6643,30767,1,6XN9,pending,,,
6644,30768,1,6XOR,pending,,,
6645,30769,1,6XQJ,pending,,,
6646,30770,1,6XR6,pending,,,
6647,30771,1,6XR7,pending,,,
6648,30772,1,6XRG,pending,,,
6649,30773,1,6XRY,pending,,,
6650,30774,1,7JGI,pending,,,
6651,30775,1,7JGX,pending,,,
6652,30776,1,7JGY,pending,,,
6653,30777,1,7JH1,pending,,,
6654,30778,1,7JHF,pending,,,
6655,30779,1,7JI1,pending,,,
6656,30782,1,7JMY,pending,,,
6657,30783,1,7JN6,pending,,,
6658,30784,1,7JNN,pending,,,
6659,30785,1,7JPM,pending,,,
6660,30786,1,7JQ8,pending,,,
6661,30787,1,7JS6,pending,,,
6662,30788,1,7JU1,pending,,,
6663,30789,1,7JU9,pending,,,
6664,30790,1,7JYN,pending,,,
6665,30791,1,7JYZ,pending,,,
6666,30792,1,7K1M,pending,,,
6667,30793,1,7K1Q,pending,,,
6668,30795,1,7K3G,pending,,,
6669,30796,1,7K3S,pending,,,
6670,30797,1,7K4L,pending,,,
6671,30798,1,7K6B,pending,,,
6672,30799,1,7K7A,pending,,,
6673,30800,1,7K7F,pending,,,
6674,30801,1,7KAA,pending,,,
6675,30802,1,7KBQ,pending,,,
6676,30803,1,7KBV,pending,,,
6677,30804,1,7KBW,pending,,,
6678,30805,1,7KBX,pending,,,
6679,30807,1,7KIX,pending,,,
6680,30808,1,7KLO,pending,,,
6681,30809,1,7KLR,pending,,,
6682,30810,1,7KN0,pending,,,
6683,30811,1,7KNN,pending,,,
6684,30812,1,7KNV,pending,,,
6685,30813,1,7KPD,pending,,,
6686,30814,1,7KRB,pending,,,
6687,30816,1,7KUB,pending,,,
6688,30817,1,7KUC,pending,,,
6689,30818,1,7KUD,pending,,,
6690,30819,1,7KW8,pending,,,
6691,30820,1,7KW9,pending,,,
6692,30821,1,7KWI,pending,,,
6693,30822,1,7KWL,pending,,,
6694,30823,1,7KWR,pending,,,
6695,30824,1,7KXI,pending,,,
6696,30825,1,7KYZ,pending,,,
6697,30826,1,7L2G,pending,,,
6698,30827,1,7L51,pending,,,
6699,30828,1,7L53,pending,,,
6700,30829,1,7L54,pending,,,
6701,30830,1,7L55,pending,,,
6702,30832,1,7L6K,pending,,,
6703,30833,1,7L7A,pending,,,
6704,30834,1,7L83,pending,,,
6705,30838,1,7L96,pending,,,
6706,30839,1,7L98,pending,,,
6707,30840,1,7L9D,pending,,,
6708,30842,1,7LC8,pending,,,
6709,30843,1,7LCW,pending,,,
6710,30844,1,7LDF,pending,,,
6711,30845,1,7LGI,pending,,,
6712,30846,1,7LGL,pending,,,
6713,30847,1,7LGV,pending,,,
6714,30848,1,7LHC,pending,,,
6715,30849,1,7LI2,pending,,,
6716,30850,1,7LIE,pending,,,
6717,30851,1,7LIF,pending,,,
6718,30852,1,7LL7,pending,,,
6719,30853,1,7UME,pending,,,
6720,30854,1,7LNS,pending,,,
6721,30855,1,7LOH,pending,,,
6722,30856,1,7LOI,pending,,,
6723,30857,1,7LP4,pending,,,
6724,30858,1,7LP5,pending,,,
6725,30861,1,7LQT,pending,,,
6726,30863,1,7LSO,pending,,,
6727,30864,1,7LSP,pending,,,
6728,30866,1,7LU8,pending,,,
6729,30867,1,7LUW,pending,,,
6730,30868,1,7LVA,pending,,,
6731,30869,1,7LVE,pending,,,
6732,30870,1,7LVF,pending,,,
6733,30871,1,7LVG,pending,,,
6734,30872,1,7LVN,pending,,,
6735,30873,1,7LX4,pending,,,
6736,30874,1,7LXC,pending,,,
6737,30875,1,7LXK,pending,,,
6738,30876,1,7LZL,pending,,,
6739,30877,2,7M0G;7U8K,pending,,,
6740,30878,1,7M1D,pending,,,
6741,30879,1,7M1E,pending,,,
6742,30880,1,7M1W,pending,,,
6743,30881,1,7M25,pending,,,
6744,30882,1,7M27,pending,,,
6745,30883,1,7M28,pending,,,
6746,30884,1,7M29,pending,,,
6747,30885,1,7M2A,pending,,,
6748,30886,1,7M2B,pending,,,
6749,30887,1,7M2C,pending,,,
6750,30888,1,7M2M,pending,,,
6751,30889,1,7M3U,pending,,,
6752,30890,1,7M5T,pending,,,
6753,30891,1,7M67,pending,,,
6754,30892,1,7M73,pending,,,
6755,30893,1,7M77,pending,,,
6756,30894,1,7M79,pending,,,
6757,30895,1,7M7X,pending,,,
6758,30896,1,7MJ3,pending,,,
6759,30899,1,7MLA,pending,,,
6760,30900,1,7MMM,pending,,,
6761,30901,1,7MN1,pending,,,
6762,30902,1,7MN2,pending,,,
6763,30903,1,7MN3,pending,,,
6764,30904,1,7MP7,pending,,,
6765,30905,1,7MQ4,pending,,,
6766,30906,1,7MQU,pending,,,
6767,30907,1,7MSV,pending,,,
6768,30908,1,7MU9,pending,,,
6769,30909,1,7MY8,pending,,,
6770,30910,1,7MZW,pending,,,
6771,30911,1,7MZX,pending,,,
6772,30912,1,7MZZ,pending,,,
6773,30913,1,7N0T,pending,,,
6774,30915,1,7N1Z,pending,,,
6775,30916,1,7N20,pending,,,
6776,30917,1,7N21,pending,,,
6777,30918,1,7N22,pending,,,
6778,30919,1,7N23,pending,,,
6779,30920,1,7N24,pending,,,
6780,30921,1,7N25,pending,,,
6781,30922,1,7N26,pending,,,
6782,30923,1,7N7D,pending,,,
6783,30924,1,7N7E,pending,,,
6784,30925,1,7N82,pending,,,
6785,30926,1,7N87,pending,,,
6786,30927,1,7N99,pending,,,
6787,30928,1,7R6P,pending,,,
6788,30929,1,7R7P,pending,,,
6789,30930,1,7R7Q,pending,,,
6790,30931,1,7R95,pending,,,
6791,30932,1,7RAP,pending,,,
6792,30933,1,7RC7,pending,,,
6793,30934,1,7RC8,pending,,,
6794,30935,1,7RFA,pending,,,
6795,30936,1,7RIK,pending,,,
6796,30937,1,7RM8,pending,,,
6797,30938,1,7RN3,pending,,,
6798,30939,1,7RPM,pending,,,
6799,30940,1,7RQ5,pending,,,
6800,30941,1,7RUL,pending,,,
6801,30942,1,7RWR,pending,,,
6802,30943,1,7RY6,pending,,,
6803,30944,1,7RZ3,pending,,,
6804,30945,1,7S3E,pending,,,
6805,30946,1,7S3O,pending,,,
6806,30947,1,7S3Q,pending,,,
6807,30948,1,7S3R,pending,,,
6808,30949,1,7S55,pending,,,
6809,30950,1,7S5J,pending,,,
6810,30951,1,7S7P,pending,,,
6811,30952,1,7SAG,pending,,,
6812,30953,1,7SAV,pending,,,
6813,30954,1,7SAW,pending,,,
6814,30955,1,7SD4,pending,,,
6815,30956,1,7SEK,pending,,,
6816,30957,1,7SFQ,pending,,,
6817,30958,1,7SFT,pending,,,
6818,30959,1,7SGT,pending,,,
6819,30960,1,7SJL,pending,,,
6820,30961,1,7SKC,pending,,,
6821,30962,1,7SUP,pending,,,
6822,30963,1,7SVC,pending,,,
6823,30965,1,7SWG,pending,,,
6824,30966,1,7SWI,pending,,,
6825,30967,1,7SXC,pending,,,
6826,30968,1,7SXD,pending,,,
6827,30969,1,7SXI,pending,,,
6828,30970,1,7T03,pending,,,
6829,30971,1,7T1N,pending,,,
6830,30972,1,7T1O,pending,,,
6831,30973,1,7T1P,pending,,,
6832,30974,1,7T2F,pending,,,
6833,30975,1,7T6G,pending,,,
6834,30976,1,7T7W,pending,,,
6835,30977,1,7TA8,pending,,,
6836,30978,1,7TB9,pending,,,
6837,30979,1,7TH8,pending,,,
6838,30980,1,7TIO,pending,,,
6839,30981,1,7TIP,pending,,,
6840,30982,1,7TIQ,pending,,,
6841,30983,1,7TIR,pending,,,
6842,30984,1,7TIS,pending,,,
6843,30985,1,7TOD,pending,,,
6844,30986,1,7TUJ,pending,,,
6845,30987,1,7TV5,pending,,,
6846,30988,1,7TV6,pending,,,
6847,30989,1,7TV7,pending,,,
6848,30990,1,7TV8,pending,,,
6849,30991,1,7TVQ,pending,,,
6850,30992,1,7TVR,pending,,,
6851,30993,1,7TXX,pending,,,
6852,30994,1,7TZ3,pending,,,
6853,30995,1,7U37,pending,,,
6854,30997,1,7UBC,pending,,,
6855,30998,1,7UBD,pending,,,
6856,30999,1,7UBE,pending,,,
6857,31000,1,7UBF,pending,,,
6858,31001,1,7UBG,pending,,,
6859,31002,1,7UBH,pending,,,
6860,31003,1,7UBI,pending,,,
6861,31004,1,7UGC,pending,,,
6862,31005,1,7UH9,pending,,,
6863,31006,1,7UHA,pending,,,
6864,31007,1,7UI5,pending,,,
6865,31008,1,7UMC,pending,,,
6866,31009,1,7UMD,pending,,,
6867,31010,1,7UNX,pending,,,
6868,31011,1,7UQT,pending,,,
6869,31012,1,7URJ,pending,,,
6870,31013,1,7UV1,pending,,,
6871,31014,1,7UV2,pending,,,
6872,31015,1,7UV3,pending,,,
6873,31016,1,7UV4,pending,,,
6874,31017,1,7UWY,pending,,,
6875,31018,1,7UWZ,pending,,,
6876,31019,1,7UZL,pending,,,
6877,31020,1,7V0V,pending,,,
6878,31021,1,8CTO,pending,,,
6879,31022,1,8CUN,pending,,,
6880,31023,1,8CWA,pending,,,
6881,31024,1,8CWX,pending,,,
6882,31025,1,8CX6,pending,,,
6883,31026,1,8DDC,pending,,,
6884,31027,1,8DDD,pending,,,
6885,31028,1,8DFZ,pending,,,
6886,31029,1,8DHZ,pending,,,
6887,31030,1,8DI2,pending,,,
6888,31031,1,8DIJ,pending,,,
6889,31032,1,8DJ4,pending,,,
6890,31033,1,8DOA,pending,,,
6891,31034,1,8DPX,pending,,,
6892,31035,1,8DWQ,pending,,,
6893,31036,1,8DYM,pending,,,
6894,31037,1,8DYN,pending,,,
6895,31038,1,8E1D,pending,,,
6896,31039,1,8E22,pending,,,
6897,31040,1,8E4V,pending,,,
6898,31043,1,8ENP,pending,,,
6899,31044,1,8EO9,pending,,,
6900,31045,1,8EP5,pending,,,
6901,31046,1,8EPY,pending,,,
6902,31047,1,8ERU,pending,,,
6903,31048,1,8ERY,pending,,,
6904,31049,1,8ERZ,pending,,,
6905,31050,1,8ES0,pending,,,
6906,31051,1,8ES1,pending,,,
6907,31052,1,8ES2,pending,,,
6908,31053,1,8ES3,pending,,,
6909,31054,1,8F04,pending,,,
6910,31055,1,8F2F,pending,,,
6911,31056,1,8F36,pending,,,
6912,31057,1,8F37,pending,,,
6913,31058,1,8F4V,pending,,,
6914,31059,1,8G58,pending,,,
6915,31060,1,8FA3,pending,,,
6916,31061,1,8FCS,pending,,,
6917,31062,1,8FD4,pending,,,
6918,31063,1,8FEY,pending,,,
6919,31064,1,8FG1,pending,,,
6920,31065,1,8FKM,pending,,,
6921,31066,1,8FLP,pending,,,
6922,31068,1,8FPT,pending,,,
6923,31069,1,8FTW,pending,,,
6924,31070,1,8FTX,pending,,,
6925,31071,1,8G0X,pending,,,
6926,31072,1,8G0Y,pending,,,
6927,31073,1,8G21,pending,,,
6928,31074,1,8G54,pending,,,
6929,31075,1,8G55,pending,,,
6930,31076,1,8S9Y,pending,,,
6931,31077,1,8SCF,pending,,,
6932,31078,1,8SCH,pending,,,
6933,31079,1,8SEM,pending,,,
6934,31080,1,8SG2,pending,,,
6935,31081,1,8SHM,pending,,,
6936,31082,1,8SKD,pending,,,
6937,31083,1,8SKE,pending,,,
6938,31084,1,8SKX,pending,,,
6939,31085,1,8SUZ,pending,,,
6940,31086,1,8SVB,pending,,,
6941,31088,1,8T01,pending,,,
6942,31089,1,8T0G,pending,,,
6943,31090,1,8T0H,pending,,,
6944,31091,1,8T0I,pending,,,
6945,31092,1,8T3H,pending,,,
6946,31093,1,8T3N,pending,,,
6947,31094,1,8T61,pending,,,
6948,31095,1,8T62,pending,,,
6949,31096,1,8T63,pending,,,
6950,31097,1,8TB1,pending,,,
6951,31098,1,8THO,pending,,,
6952,31099,1,8THV,pending,,,
6953,31100,1,8TV4,pending,,,
6954,31101,1,8TXS,pending,,,
6955,31102,1,8TYI,pending,,,
6956,31103,1,8TZM,pending,,,
6957,31104,1,8U1T,pending,,,
6958,31105,1,8U2Y,pending,,,
6959,31106,1,8U3M,pending,,,
6960,31107,2,8UBH;8UN6,pending,,,
6961,31108,1,8UEK,pending,,,
6962,31109,1,8UKC,pending,,,
6963,31110,1,8UKG,pending,,,
6964,31111,1,8ULM,pending,,,
6965,31112,1,8UM1,pending,,,
6966,31113,1,8UM2,pending,,,
6967,31114,1,8UM7,pending,,,
6968,31115,1,8UM9,pending,,,
6969,31116,1,8UMA,pending,,,
6970,31117,1,8UMB,pending,,,
6971,31118,1,8UMS,pending,,,
6972,31119,1,8UN8,pending,,,
6973,31120,1,8UNG,pending,,,
6974,31121,1,8UOZ,pending,,,
6975,31122,1,8URV,pending,,,
6976,31123,1,8UTX,pending,,,
6977,31124,1,8UWF,pending,,,
6978,31125,1,8UWU,pending,,,
6979,31126,1,8UXR,pending,,,
6980,31128,1,8V2M,pending,,,
6981,31129,1,8V2U,pending,,,
6982,31130,1,8V2V,pending,,,
6983,31134,1,8V9U,pending,,,
6984,31136,1,8VL3,pending,,,
6985,31137,1,8VL4,pending,,,
6986,31138,1,8VOH,pending,,,
6987,31139,1,8VOI,pending,,,
6988,31140,1,8VRC,pending,,,
6989,31141,1,8VU6,pending,,,
6990,31142,1,8VU7,pending,,,
6991,31143,1,8VU8,pending,,,
6992,31145,1,8VYC,pending,,,
6993,31146,1,8W0Q,pending,,,
6994,31147,1,8W16,pending,,,
6995,31148,1,8W17,pending,,,
6996,31150,1,8W2V,pending,,,
6997,31151,1,9AZI,pending,,,
6998,31152,1,9B4V,pending,,,
6999,31153,1,9B4W,pending,,,
7000,31154,1,9B6Z,pending,,,
7001,31155,1,9BA1,pending,,,
7002,31156,1,9BAF,pending,,,
7003,31157,1,9BB1,pending,,,
7004,31158,1,9BB2,pending,,,
7005,31159,1,9BB3,pending,,,
7006,31160,1,9BB4,pending,,,
7007,31161,1,9BB5,pending,,,
7008,31162,1,9BB6,pending,,,
7009,31163,1,9BB7,pending,,,
7010,31164,1,9BCH,pending,,,
7011,31165,1,9BCI,pending,,,
7012,31167,1,9BET,pending,,,
7013,31168,1,9BF4,pending,,,
7014,31169,1,9BFL,pending,,,
7015,31170,1,9BHN,pending,,,
7016,31171,1,9BLM,pending,,,
7017,31172,1,9BV4,pending,,,
7018,31173,1,9BVS,pending,,,
7019,31174,1,9BVU,pending,,,
7020,31175,1,9BVV,pending,,,
7021,31176,1,9BXE,pending,,,
7022,31177,1,9C5E,pending,,,
7023,31178,1,9CB2,pending,,,
7024,31180,1,9CE9,pending,,,
7025,31181,1,9CEQ,pending,,,
7026,31182,1,9CIC,pending,,,
7027,31183,1,9CID,pending,,,
7028,31184,1,9CIE,pending,,,
7029,31185,1,9CIF,pending,,,
7030,31186,1,9CIG,pending,,,
7031,31187,1,9CJX,pending,,,
7032,31188,1,9CPD,pending,,,
7033,31189,1,9CPG,pending,,,
7034,31190,1,9CPI,pending,,,
7035,31191,1,9CPJ,pending,,,
7036,31192,1,9CVD,pending,,,
7037,31193,1,9D36,pending,,,
7038,31194,1,9D99,pending,,,
7039,31195,1,9D9A,pending,,,
7040,31196,1,9D9B,pending,,,
7041,31197,1,9D9C,pending,,,
7042,31198,1,9DCJ,pending,,,
7043,31199,1,9DCN,pending,,,
7044,31200,1,9DE2,pending,,,
7045,31201,1,9DKG,pending,,,
7046,31202,1,9DLL,pending,,,
7047,31203,1,9DLM,pending,,,
7048,31204,1,9DLN,pending,,,
7049,31205,1,9DMR,pending,,,
7050,31206,1,9DQE,pending,,,
7051,31207,1,9E3V,pending,,,
7052,31208,1,9E3W,pending,,,
7053,31209,1,9E3X,pending,,,
7054,31210,1,9E3Y,pending,,,
7055,31211,1,9E3Z,pending,,,
7056,31212,1,9E9A,pending,,,
7057,31213,1,9EBE,pending,,,
7058,31214,1,9ECL,pending,,,
7059,31215,1,9ECM,pending,,,
7060,31216,1,9ECQ,pending,,,
7061,31217,1,9ECR,pending,,,
7062,31218,1,9EFO,pending,,,
7063,31219,1,9EH4,pending,,,
7064,31220,1,9MF7,pending,,,
7065,31221,1,9MF8,pending,,,
7066,31222,1,9MF9,pending,,,
7067,31223,1,9MFA,pending,,,
7068,31224,1,9MFB,pending,,,
7069,31225,1,9MXE,pending,,,
7070,31226,1,9MXF,pending,,,
7071,31227,1,9MXG,pending,,,
7072,31231,1,9NGX,pending,,,
7073,31232,1,9NM2,pending,,,
7074,31233,1,9NS0,pending,,,
7075,31234,1,9NS1,pending,,,
7076,31235,1,9NVH,pending,,,
7077,31236,1,9NWZ,pending,,,
7078,31237,1,9NY3,pending,,,
7079,31238,1,9OD4,pending,,,
7080,31239,1,9OD5,pending,,,
7081,31240,1,9OL7,pending,,,
7082,31241,1,9OL8,pending,,,
7083,31242,1,9OL9,pending,,,
7084,31243,1,9OLA,pending,,,
7085,31244,1,9OMB,pending,,,
7086,31245,1,9ON8,pending,,,
7087,31246,1,9ON9,pending,,,
7088,31247,1,9ONA,pending,,,
7089,31248,1,9ONB,pending,,,
7090,31249,1,9OSO,pending,,,
7091,31251,1,9P6W,pending,,,
7092,31254,1,9PA0,pending,,,
7093,31255,1,9PAZ,pending,,,
7094,31256,1,9PB0,pending,,,
7095,31257,1,9PDE,pending,,,
7096,31258,1,9PDF,pending,,,
7097,31259,1,9PDG,pending,,,
7098,31260,1,9PFE,pending,,,
7099,31261,1,9PGB,pending,,,
7100,31262,1,9PHJ,pending,,,
7101,31263,1,9PYS,pending,,,
7102,31264,1,9PYT,pending,,,
7103,31265,1,9Q63,pending,,,
7104,31266,1,9Q6E,pending,,,
7105,31267,1,9Q7P,pending,,,
7106,31269,1,9YFC,pending,,,
7107,31270,1,9YLZ,pending,,,
7108,31271,1,9YM0,pending,,,
7109,31272,1,9YM1,pending,,,
7110,31273,1,9YM2,pending,,,
7111,31274,1,9YM3,pending,,,
7112,31275,1,9YM4,pending,,,
7113,31276,1,9YM5,pending,,,
7114,31277,1,9YM6,pending,,,
7115,31278,1,9YM7,pending,,,
7116,31281,1,9Z30,pending,,,
7117,31283,1,9Z8I,pending,,,
7118,31284,1,9Z8J,pending,,,
7119,31285,1,9ZDL,pending,,,
7120,31287,1,9ZN4,pending,,,
7121,31295,1,11TG,pending,,,
7122,31296,1,11TJ,pending,,,
7123,31300,1,12GB,pending,,,
7124,31301,1,12KL,pending,,,
7125,34000,1,5L3L,pending,,,
7126,34001,1,5L3M,pending,,,
7127,34002,1,5L3N,pending,,,
7128,34003,1,5L6R,pending,,,
7129,34004,1,5L7B,pending,,,
7130,34005,1,5L7M,pending,,,
7131,34006,1,5L82,pending,,,
7132,34007,1,5L85,pending,,,
7133,34008,1,5LAH,pending,,,
7134,34009,1,5LAM,pending,,,
7135,34010,1,5LAO,pending,,,
7136,34011,1,5LBJ,pending,,,
7137,34012,1,5LCB,pending,,,
7138,34013,1,5LCI,pending,,,
7139,34014,1,5LCS,pending,,,
7140,34015,1,5LDL,pending,,,
7141,34016,1,5LFF,pending,,,
7142,34017,1,5LFH,pending,,,
7143,34018,1,5LFI,pending,,,
7144,34019,1,5LFY,pending,,,
7145,34022,1,5LG9,pending,,,
7146,34024,1,5LGM,pending,,,
7147,34025,1,5LIG,pending,,,
7148,34026,1,5LKN,pending,,,
7149,34027,1,5LM0,pending,,,
7150,34028,1,5LME,pending,,,
7151,34029,1,5LMY,pending,,,
7152,34030,1,5LNF,pending,,,
7153,34031,1,5LO2,pending,,,
7154,34032,1,5LO3,pending,,,
7155,34033,1,5LO4,pending,,,
7156,34034,1,5LQG,pending,,,
7157,34035,1,5LQH,pending,,,
7158,34036,1,5LQV,pending,,,
7159,34037,1,5LSD,pending,,,
7160,34038,1,5LSN,pending,,,
7161,34039,1,5LUE,pending,,,
7162,34040,1,5LV6,pending,,,
7163,34041,1,5LVF,pending,,,
7164,34042,1,5LVY,pending,,,
7165,34043,1,5LW8,pending,,,
7166,34044,1,5LWC,pending,,,
7167,34045,1,5LXJ,pending,,,
7168,34046,1,5LXK,pending,,,
7169,34047,1,5LXL,pending,,,
7170,34048,1,5M0A,pending,,,
7171,34049,1,5M1G,pending,,,
7172,34050,1,5M1H,pending,,,
7173,34051,1,5M1L,pending,,,
7174,34052,1,5M1U,pending,,,
7175,34053,1,5M1W,pending,,,
7176,34054,1,5M2L,pending,,,
7177,34055,1,5M4T,pending,,,
7178,34056,1,5M4W,pending,,,
7179,34057,1,5M8I,pending,,,
7180,34058,1,5M9D,pending,,,
7181,34059,1,5M9U,pending,,,
7182,34060,1,5M9Y,pending,,,
7183,34061,1,5M9Z,pending,,,
7184,34062,1,5MBR,pending,,,
7185,34063,1,5MCR,pending,,,
7186,34064,1,5MCS,pending,,,
7187,34065,1,5MF3,pending,,,
7188,34066,1,5MF8,pending,,,
7189,34067,1,5MF9,pending,,,
7190,34068,1,5MFY,pending,,,
7191,34069,1,5MGQ,pending,,,
7192,34070,1,5MHD,pending,,,
7193,34071,1,5MJX,pending,,,
7194,34072,1,5ML1,pending,,,
7195,34073,1,5MMC,pending,,,
7196,34074,1,5MMK,pending,,,
7197,34075,1,5MML,pending,,,
7198,34076,1,5MN3,pending,,,
7199,34077,1,5MNW,pending,,,
7200,34078,1,5MOU,pending,,,
7201,34079,1,5MPG,pending,,,
7202,34080,1,5MPL,pending,,,
7203,34081,1,5MRG,pending,,,
7204,34082,1,5MSL,pending,,,
7205,34083,1,5MTA,pending,,,
7206,34084,1,5MTG,pending,,,
7207,34085,1,5MTI,pending,,,
7208,34086,1,5MVB,pending,,,
7209,34087,1,5MWQ,pending,,,
7210,34088,1,5MWV,pending,,,
7211,34089,1,5MWW,pending,,,
7212,34090,1,5MXL,pending,,,
7213,34091,1,5MXS,pending,,,
7214,34092,1,5MXT,pending,,,
7215,34093,1,5MYE,pending,,,
7216,34094,1,5N14,pending,,,
7217,34095,1,5N2O,pending,,,
7218,34098,1,5N5A,pending,,,
7219,34099,1,5N5B,pending,,,
7220,34100,1,5N5C,pending,,,
7221,34101,1,5N6R,pending,,,
7222,34102,1,5N7Y,pending,,,
7223,34103,1,5N8L,pending,,,
7224,34104,1,5N8M,pending,,,
7225,34105,1,5N9U,pending,,,
7226,34106,1,5N9V,pending,,,
7227,34108,1,5NAM,pending,,,
7228,34109,1,5NAO,pending,,,
7229,34110,1,5NB9,pending,,,
7230,34111,1,5NBB,pending,,,
7231,34112,1,5NCA,pending,,,
7232,34113,1,5NCE,pending,,,
7233,34114,1,5NDA,pending,,,
7234,34115,1,5NF8,pending,,,
7235,34116,1,5NHQ,pending,,,
7236,34118,1,5NIP,pending,,,
7237,34119,1,5NIQ,pending,,,
7238,34120,1,5NKO,pending,,,
7239,34121,1,5NMY,pending,,,
7240,34122,1,5NOC,pending,,,
7241,34123,1,5NPA,pending,,,
7242,34124,1,5NPG,pending,,,
7243,34125,1,5NQ4,pending,,,
7244,34126,1,5NR5,pending,,,
7245,34127,1,5NR6,pending,,,
7246,34129,1,5NVB,pending,,,
7247,34130,1,5NVP,pending,,,
7248,34131,1,5NWM,pending,,,
7249,34132,1,5NWU,pending,,,
7250,34133,1,5NWV,pending,,,
7251,34134,1,5NWW,pending,,,
7252,34135,1,5NYS,pending,,,
7253,34136,1,5NYT,pending,,,
7254,34137,1,5NYU,pending,,,
7255,34138,1,5NZ9,pending,,,
7256,34139,1,5O1Q,pending,,,
7257,34140,1,5O1T,pending,,,
7258,34141,1,5O2M,pending,,,
7259,34142,1,5O2P,pending,,,
7260,34143,1,5O2Q,pending,,,
7261,34144,1,5O2V,pending,,,
7262,34145,1,5O4D,pending,,,
7263,34146,1,5O57,pending,,,
7264,34149,1,5O9B,pending,,,
7265,34151,1,5OAO,pending,,,
7266,34152,1,5OAP,pending,,,
7267,34153,1,5OAY,pending,,,
7268,34154,1,5OB4,pending,,,
7269,34155,1,5OBN,pending,,,
7270,34157,1,5ODF,pending,,,
7271,34158,1,5ODM,pending,,,
7272,34159,1,5OE1,pending,,,
7273,34160,1,5OEK,pending,,,
7274,34161,1,5OEO,pending,,,
7275,34162,1,5OGA,pending,,,
7276,34163,1,5OGU,pending,,,
7277,34164,1,5OHD,pending,,,
7278,34165,1,5OJT,pending,,,
7279,34166,1,5OLF,pending,,,
7280,34167,1,5OMZ,pending,,,
7281,34168,1,5OPH,pending,,,
7282,34169,1,5OQK,pending,,,
7283,34170,1,5OQS,pending,,,
7284,34171,1,5OR0,pending,,,
7285,34172,1,5OR5,pending,,,
7286,34173,1,5OUN,pending,,,
7287,34174,1,5OV2,pending,,,
7288,34175,1,5OVM,pending,,,
7289,34176,1,6EHZ,pending,,,
7290,34178,1,6EKA,pending,,,
7291,34179,1,6EMO,pending,,,
7292,34180,1,6EMP,pending,,,
7293,34181,1,6EMQ,pending,,,
7294,34182,1,6EMR,pending,,,
7295,34183,1,6ENA,pending,,,
7296,34184,1,6EQY,pending,,,
7297,34185,1,6ER0,pending,,,
7298,34186,1,6ERL,pending,,,
7299,34187,1,6ES5,pending,,,
7300,34188,1,6ES6,pending,,,
7301,34189,1,6ES7,pending,,,
7302,34190,1,6ESP,pending,,,
7303,34191,1,6EVI,pending,,,
7304,34193,1,6EWS,pending,,,
7305,34194,1,6EWT,pending,,,
7306,34195,1,6EWU,pending,,,
7307,34196,1,6EWV,pending,,,
7308,34198,1,6EY3,pending,,,
7309,34199,1,6EZ0,pending,,,
7310,34200,1,6EZ4,pending,,,
7311,34201,1,6F0Y,pending,,,
7312,34202,1,6F24,pending,,,
7313,34203,1,6F27,pending,,,
7314,34206,1,6F3V,pending,,,
7315,34207,1,6F3W,pending,,,
7316,34208,1,6F3X,pending,,,
7317,34209,1,6F3Y,pending,,,
7318,34210,1,6F4Z,pending,,,
7319,34211,1,6F55,pending,,,
7320,34212,1,6F61,pending,,,
7321,34213,1,6F7M,pending,,,
7322,34214,1,6F7N,pending,,,
7323,34215,1,6F7O,pending,,,
7324,34216,1,6F8E,pending,,,
7325,34217,1,6F98,pending,,,
7326,34218,1,6F99,pending,,,
7327,34219,1,6F9A,pending,,,
7328,34220,1,6FBL,pending,,,
7329,34221,1,6FC9,pending,,,
7330,34222,1,6FCE,pending,,,
7331,34223,1,6FDP,pending,,,
7332,34224,1,6FDT,pending,,,
7333,34225,1,6FE6,pending,,,
7334,34226,1,6FEH,pending,,,
7335,34227,1,6FFQ,pending,,,
7336,34228,1,6FFR,pending,,,
7337,34229,1,6FFU,pending,,,
7338,34231,1,6FGN,pending,,,
7339,34232,1,6FGP,pending,,,
7340,34233,1,6FGS,pending,,,
7341,34234,1,6FI7,pending,,,
7342,34235,1,6FIP,pending,,,
7343,34236,1,6FNV,pending,,,
7344,34237,1,6FS4,pending,,,
7345,34238,1,6FS5,pending,,,
7346,34239,1,6FTK,pending,,,
7347,34240,1,6FVC,pending,,,
7348,34243,1,6FWN,pending,,,
7349,34244,1,6FY6,pending,,,
7350,34245,1,6FY7,pending,,,
7351,34246,1,6FZK,pending,,,
7352,34247,1,6G03,pending,,,
7353,34248,1,6G04,pending,,,
7354,34249,1,6G4A,pending,,,
7355,34250,1,6G4I,pending,,,
7356,34251,1,6G4K,pending,,,
7357,34252,1,6G4U,pending,,,
7358,34253,1,6G4V,pending,,,
7359,34254,1,6G4X,pending,,,
7360,34255,1,6G5R,pending,,,
7361,34256,1,6G5S,pending,,,
7362,34257,1,6G81,pending,,,
7363,34258,1,6G99,pending,,,
7364,34259,1,6GBM,pending,,,
7365,34260,1,6GC3,pending,,,
7366,34261,1,6GD5,pending,,,
7367,34262,1,6GDK,pending,,,
7368,34263,1,6GDL,pending,,,
7369,34264,1,6GDZ,pending,,,
7370,34265,1,6GE1,pending,,,
7371,34266,1,6GE2,pending,,,
7372,34267,1,6GFT,pending,,,
7373,34268,1,6GGZ,pending,,,
7374,34269,1,6GH0,pending,,,
7375,34270,1,6GIF,pending,,,
7376,34271,1,6GIG,pending,,,
7377,34272,1,6GIJ,pending,,,
7378,34273,1,6GIK,pending,,,
7379,34274,1,6GIL,pending,,,
7380,34276,1,6GMY,pending,,,
7381,34277,1,6GN4,pending,,,
7382,34278,1,6GNZ,pending,,,
7383,34279,1,6GO0,pending,,,
7384,34280,1,6GPI,pending,,,
7385,34281,1,6GQ9,pending,,,
7386,34282,1,6GRV,pending,,,
7387,34283,1,6GS5,pending,,,
7388,34284,1,6GS9,pending,,,
7389,34285,1,6GSE,pending,,,
7390,34286,1,6GSF,pending,,,
7391,34287,1,6GT7,pending,,,
7392,34288,1,6GV6,pending,,,
7393,34289,1,6GV7,pending,,,
7394,34290,2,6GVQ;6GVT,pending,,,
7395,34291,1,6GVU,pending,,,
7396,34292,1,6GW7,pending,,,
7397,34293,1,6GW8,pending,,,
7398,34294,1,6GWM,pending,,,
7399,34295,1,6GWX,pending,,,
7400,34296,1,6GZ7,pending,,,
7401,34297,1,6GZN,pending,,,
7402,34298,1,6H0I,pending,,,
7403,34299,1,6H0J,pending,,,
7404,34300,1,6F2X,pending,,,
7405,34301,1,6H0Q,pending,,,
7406,34302,1,6H1K,pending,,,
7407,34303,1,6H3E,pending,,,
7408,34304,1,6H5H,pending,,,
7409,34305,1,6H7I,pending,,,
7410,34306,1,6H7Q,pending,,,
7411,34307,1,6H8C,pending,,,
7412,34308,1,6HD2,pending,,,
7413,34309,1,6HH0,pending,,,
7414,34311,1,6HMI,pending,,,
7415,34312,1,6HMO,pending,,,
7416,34313,1,6HN9,pending,,,
7417,34314,1,6HNE,pending,,,
7418,34315,1,6HNG,pending,,,
7419,34316,1,6HNH,pending,,,
7420,34317,1,6HPJ,pending,,,
7421,34318,1,6HQ1,pending,,,
7422,34319,2,6HVB;6HVC,pending,,,
7423,34320,1,6HVK,pending,,,
7424,34321,1,6HYK,pending,,,
7425,34322,1,6HZ2,pending,,,
7426,34323,1,6I1V,pending,,,
7427,34324,1,6I1W,pending,,,
7428,34325,1,6I2O,pending,,,
7429,34326,1,6I3R,pending,,,
7430,34328,1,6I4O,pending,,,
7431,34329,1,6I57,pending,,,
7432,34330,1,6I9H,pending,,,
7433,34331,1,6IA0,pending,,,
7434,34332,1,6IA4,pending,,,
7435,34333,1,6IB6,pending,,,
7436,34334,1,6Q2Z,pending,,,
7437,34335,1,6Q5Z,pending,,,
7438,34336,1,6Q6E,pending,,,
7439,34338,1,6QAM,pending,,,
7440,34339,1,6QAN,pending,,,
7441,34340,1,6QAX,pending,,,
7442,34341,1,6QAY,pending,,,
7443,34342,1,6QB0,pending,,,
7444,34343,1,6QB1,pending,,,
7445,34344,1,6QBI,pending,,,
7446,34345,1,6QBK,pending,,,
7447,34346,1,6QBL,pending,,,
7448,34347,1,6QEB,pending,,,
7449,34348,1,6QES,pending,,,
7450,34349,1,6QET,pending,,,
7451,34350,1,6QEU,pending,,,
7452,34351,1,6QF8,pending,,,
7453,34352,1,6QH2,pending,,,
7454,34353,1,6QHI,pending,,,
7455,34354,1,6QJB,pending,,,
7456,34355,1,6QK5,pending,,,
7457,34356,1,6QK6,pending,,,
7458,34357,1,6QKF,pending,,,
7459,34358,1,6QKP,pending,,,
7460,34359,1,6QKQ,pending,,,
7461,34360,1,6QM1,pending,,,
7462,34361,1,6QS0,pending,,,
7463,34362,1,6QTC,pending,,,
7464,34363,1,6QTF,pending,,,
7465,34365,1,6QWR,pending,,,
7466,34366,1,6QXB,pending,,,
7467,34367,1,6QXC,pending,,,
7468,34369,1,6QYR,pending,,,
7469,34370,1,6QYS,pending,,,
7470,34371,1,6QYT,pending,,,
7471,34372,1,6QYU,pending,,,
7472,34373,1,6QYV,pending,,,
7473,34374,1,6QYW,pending,,,
7474,34376,1,6R0J,pending,,,
7475,34378,1,6R14,pending,,,
7476,34379,1,6R1V,pending,,,
7477,34380,1,6R28,pending,,,
7478,34381,1,6R2X,pending,,,
7479,34383,1,6R3C,pending,,,
7480,34384,1,6R5G,pending,,,
7481,34385,1,7AFR,pending,,,
7482,34386,1,6R8E,pending,,,
7483,34387,1,6R95,pending,,,
7484,34388,1,6R96,pending,,,
7485,34389,1,6R9K,pending,,,
7486,34390,1,6R9L,pending,,,
7487,34391,1,6R9Z,pending,,,
7488,34392,1,6RC7,pending,,,
7489,34393,1,6RFM,pending,,,
7490,34394,1,6RH5,pending,,,
7491,34395,1,6RH6,pending,,,
7492,34396,1,6RHY,pending,,,
7493,34397,1,6RIO,pending,,,
7494,34398,1,6RLS,pending,,,
7495,34399,1,6RPV,pending,,,
7496,34400,1,6RQS,pending,,,
7497,34401,1,6RRL,pending,,,
7498,34402,1,6RRO,pending,,,
7499,34403,1,6RS3,pending,,,
7500,34404,1,6RSF,pending,,,
7501,34405,1,6RSG,pending,,,
7502,34406,1,6RSM,pending,,,
7503,34407,1,6RSS,pending,,,
7504,34408,1,6RVA,pending,,,
7505,34409,1,6RWG,pending,,,
7506,34410,1,6RY9,pending,,,
7507,34411,1,6RYQ,pending,,,
7508,34412,1,6RZ1,pending,,,
7509,34413,1,6RZC,pending,,,
7510,34414,1,6S0N,pending,,,
7511,34416,1,6S2D,pending,,,
7512,34417,1,6SAA,pending,,,
7513,34418,1,6SAB,pending,,,
7514,34419,1,6SAI,pending,,,
7515,34420,1,6SCW,pending,,,
7516,34421,1,6SDW,pending,,,
7517,34422,1,6SDY,pending,,,
7518,34423,1,6SGO,pending,,,
7519,34424,1,6SJX,pending,,,
7520,34425,1,6SLY,pending,,,
7521,34427,1,6SNJ,pending,,,
7522,34428,1,6SO9,pending,,,
7523,34429,1,6SOE,pending,,,
7524,34430,1,6SOW,pending,,,
7525,34431,1,6SUU,pending,,,
7526,34432,1,6SVC,pending,,,
7527,34433,1,6SVE,pending,,,
7528,34434,1,6SVH,pending,,,
7529,34435,1,6SX3,pending,,,
7530,34436,1,6SX6,pending,,,
7531,34437,1,6SY2,pending,,,
7532,34438,1,6SYK,pending,,,
7533,34439,1,6SZC,pending,,,
7534,34440,1,6SZF,pending,,,
7535,34441,1,6T2G,pending,,,
7536,34442,1,6T3I,pending,,,
7537,34443,1,6TAZ,pending,,,
7538,34444,1,6TC8,pending,,,
7539,34445,1,6TCG,pending,,,
7540,34446,1,6TDD,pending,,,
7541,34447,1,6TDM,pending,,,
7542,34448,1,6TDN,pending,,,
7543,34449,1,6TEY,pending,,,
7544,34450,1,6TF4,pending,,,
7545,34451,1,6TG5,pending,,,
7546,34452,1,6TH8,pending,,,
7547,34453,1,6THI,pending,,,
7548,34454,1,6TI5,pending,,,
7549,34455,1,6TI6,pending,,,
7550,34456,1,6TI7,pending,,,
7551,34457,2,6TIQ;6TIR,pending,,,
7552,34459,1,6TJ3,pending,,,
7553,34460,2,6TK0;7O9U,pending,,,
7554,34461,1,6TL0,pending,,,
7555,34462,1,6TO6,pending,,,
7556,34463,1,6TOB,pending,,,
7557,34464,1,6TPB,pending,,,
7558,34465,1,6TPH,pending,,,
7559,34466,1,6TR0,pending,,,
7560,34467,1,6TR2,pending,,,
7561,34468,1,6TRM,pending,,,
7562,34469,1,6TRP,pending,,,
7563,34470,1,6TT6,pending,,,
7564,34471,1,6TT8,pending,,,
7565,34472,1,6TTC,pending,,,
7566,34473,1,6TV5,pending,,,
7567,34474,1,6TVJ,pending,,,
7568,34475,1,6TVM,pending,,,
7569,34476,1,6TWG,pending,,,
7570,34477,1,6TXT,pending,,,
7571,34478,1,6XTH,pending,,,
7572,34479,1,6XTI,pending,,,
7573,34480,1,6XTT,pending,,,
7574,34481,1,6XWI,pending,,,
7575,34482,1,6XWJ,pending,,,
7576,34483,2,6XWW;6XXB,pending,,,
7577,34484,1,6XXA,pending,,,
7578,34485,1,6XYH,pending,,,
7579,34486,1,6XYI,pending,,,
7580,34487,3,6XYV;7A4L;7A58,pending,,,
7581,34488,1,6Y06,pending,,,
7582,34489,1,6Y07,pending,,,
7583,34490,1,6Y1H,pending,,,
7584,34491,1,6Y1Q,pending,,,
7585,34492,1,6Y4H,pending,,,
7586,34493,1,6Y6M,pending,,,
7587,34494,1,6Y8V,pending,,,
7588,34495,1,6Y8W,pending,,,
7589,34496,1,6Y94,pending,,,
7590,34497,1,6Y95,pending,,,
7591,34498,1,6Y96,pending,,,
7592,34499,1,6YCV,pending,,,
7593,34500,1,6YDH,pending,,,
7594,34502,1,6YEP,pending,,,
7595,34503,1,6YET,pending,,,
7596,34504,1,6YEU,pending,,,
7597,34506,1,6YHF,pending,,,
7598,34507,1,6YHI,pending,,,
7599,34508,1,6YHO,pending,,,
7600,34509,1,6YHP,pending,,,
7601,34510,1,6YHX,pending,,,
7602,34511,3,6YI3;7ACS;7ACT,pending,,,
7603,34512,1,6YJL,pending,,,
7604,34513,1,6YP5,pending,,,
7605,34514,1,6YTC,pending,,,
7606,34515,1,6YW8,pending,,,
7607,34516,1,6YY4,pending,,,
7608,34517,1,6Z29,pending,,,
7609,34518,1,6Z35,pending,,,
7610,34519,1,6Z40,pending,,,
7611,34520,1,6Z41,pending,,,
7612,34521,1,6ZBI,pending,,,
7613,34522,1,6ZDB,pending,,,
7614,34523,1,6ZFV,pending,,,
7615,34524,1,6ZL2,pending,,,
7616,34525,1,6ZL9,pending,,,
7617,34526,1,6ZLE,pending,,,
7618,34527,1,6ZOP,pending,,,
7619,34528,1,6ZPR,pending,,,
7620,34529,1,6ZRM,pending,,,
7621,34531,1,6ZSO,pending,,,
7622,34532,1,6ZSS,pending,,,
7623,34533,1,6ZTE,pending,,,
7624,34534,1,6ZTG,pending,,,
7625,34535,1,6ZUY,pending,,,
7626,34536,1,6ZUZ,pending,,,
7627,34537,1,6ZV0,pending,,,
7628,34538,1,6ZV1,pending,,,
7629,34539,1,6ZV2,pending,,,
7630,34540,1,6ZV3,pending,,,
7631,34541,1,6ZV4,pending,,,
7632,34542,1,6ZX6,pending,,,
7633,34543,1,6ZX7,pending,,,
7634,34544,1,6ZXP,pending,,,
7635,34545,1,6ZYC,pending,,,
7636,34546,1,6ZYG,pending,,,
7637,34547,1,6ZZE,pending,,,
7638,34548,1,6ZZF,pending,,,
7639,34549,1,7A05,pending,,,
7640,34550,1,7A0I,pending,,,
7641,34551,1,7A0O,pending,,,
7642,34552,1,7A2D,pending,,,
7643,34553,1,7A3Y,pending,,,
7644,34554,1,7A64,pending,,,
7645,34555,1,7AAF,pending,,,
7646,34556,1,7AAO,pending,,,
7647,34557,1,7AC1,pending,,,
7648,34558,1,7ACB,pending,,,
7649,34559,1,7ACE,pending,,,
7650,34560,1,7AEP,pending,,,
7651,34564,1,7ALD,pending,,,
7652,34565,1,7ALU,pending,,,
7653,34566,1,7AQT,pending,,,
7654,34567,1,7ASY,pending,,,
7655,34568,1,7AT7,pending,,,
7656,34569,1,7ATB,pending,,,
7657,34570,1,7ATY,pending,,,
7658,34571,1,7ATZ,pending,,,
7659,34572,1,7AVA,pending,,,
7660,34573,1,7AVB,pending,,,
7661,34574,1,7AY8,pending,,,
7662,34575,1,7B2B,pending,,,
7663,34576,1,7B2F,pending,,,
7664,34577,1,7B3J,pending,,,
7665,34578,1,7B3K,pending,,,
7666,34579,1,7B4Z,pending,,,
7667,34580,1,7B71,pending,,,
7668,34581,1,7B72,pending,,,
7669,34582,1,7B7O,pending,,,
7670,34583,1,7B9X,pending,,,
7671,34584,1,7BBB,pending,,,
7672,34585,1,7BCJ,pending,,,
7673,34586,1,7BEV,pending,,,
7674,34587,1,7BFS,pending,,,
7675,34588,1,7BFX,pending,,,
7676,34589,1,7BGH,pending,,,
7677,34590,1,7BI0,pending,,,
7678,34591,1,7BL0,pending,,,
7679,34592,1,7BLM,pending,,,
7680,34593,1,7BMA,pending,,,
7681,34594,1,7NBK,pending,,,
7682,34595,1,7NBL,pending,,,
7683,34596,1,7NBP,pending,,,
7684,34598,1,7NE8,pending,,,
7685,34599,1,7NEJ,pending,,,
7686,34600,1,7NF9,pending,,,
7687,34602,1,7NHZ,pending,,,
7688,34603,1,7NM2,pending,,,
7689,34604,1,7NM4,pending,,,
7690,34605,1,7NM5,pending,,,
7691,34606,1,7NMB,pending,,,
7692,34607,1,7NN6,pending,,,
7693,34608,1,7NQC,pending,,,
7694,34609,1,7NRN,pending,,,
7695,34610,1,7NT7,pending,,,
7696,34611,1,7NWD,pending,,,
7697,34612,1,7NXI,pending,,,
7698,34613,1,7NY0,pending,,,
7699,34614,1,7NYI,pending,,,
7700,34615,1,7O1H,pending,,,
7701,34616,1,7O5E,pending,,,
7702,34617,1,7O7B,pending,,,
7703,34618,1,7O9U,pending,,,
7704,34619,1,7OD2,pending,,,
7705,34620,1,7OFG,pending,,,
7706,34621,1,7OFM,pending,,,
7707,34622,1,7OFO,pending,,,
7708,34623,1,7OGV,pending,,,
7709,34624,1,7OHE,pending,,,
7710,34625,1,7OHJ,pending,,,
7711,34626,1,7OHM,pending,,,
7712,34627,1,7OIO,pending,,,
7713,34628,1,7OJ9,pending,,,
7714,34629,1,7OLG,pending,,,
7715,34630,1,7OMK,pending,,,
7716,34631,1,7OQT,pending,,,
7717,34632,1,7OS8,pending,,,
7718,34633,1,7OSC,pending,,,
7719,34634,1,7OSD,pending,,,
7720,34635,1,7OSR,pending,,,
7721,34636,1,7OSW,pending,,,
7722,34637,1,7OTD,pending,,,
7723,34638,1,7OVC,pending,,,
7724,34639,1,7OVZ,pending,,,
7725,34640,1,7OX6,pending,,,
7726,34641,1,7OXF,pending,,,
7727,34642,1,7OZ0,pending,,,
7728,34643,1,7P08,pending,,,
7729,34645,1,7P3M,pending,,,
7730,34646,1,7P3O,pending,,,
7731,34647,1,7P3P,pending,,,
7732,34648,1,7P4N,pending,,,
7733,34649,1,7P4X,pending,,,
7734,34650,1,7P55,pending,,,
7735,34651,1,7P5G,pending,,,
7736,34652,1,7P5Q,pending,,,
7737,34653,1,7P5S,pending,,,
7738,34654,1,7PDU,pending,,,
7739,34655,1,7PGD,pending,,,
7740,34656,1,7PH8,pending,,,
7741,34657,1,7PHT,pending,,,
7742,34660,2,7PJL;8COO,pending,,,
7743,34661,1,7PKU,pending,,,
7744,34662,1,7PL4,pending,,,
7745,34663,1,7PMP,pending,,,
7746,34664,1,7PNE,pending,,,
7747,34665,1,7PNG,pending,,,
7748,34666,1,7PQ4,pending,,,
7749,34667,1,7PQW,pending,,,
7750,34668,1,7PRD,pending,,,
7751,34669,1,7PRE,pending,,,
7752,34670,1,7PS8,pending,,,
7753,34671,1,7PVB,pending,,,
7754,34673,1,7Q33,pending,,,
7755,34674,1,7Q48,pending,,,
7756,34675,1,7Q4L,pending,,,
7757,34676,1,7Q6L,pending,,,
7758,34677,1,7QA2,pending,,,
7759,34678,1,7QA5,pending,,,
7760,34679,1,7QA9,pending,,,
7761,34680,1,7QAL,pending,,,
7762,34681,1,7QAM,pending,,,
7763,34682,1,7QAO,pending,,,
7764,34683,1,7QAP,pending,,,
7765,34685,1,7QB3,pending,,,
7766,34686,1,7QBY,pending,,,
7767,34688,1,7QCX,pending,,,
7768,34689,1,7QCY,pending,,,
7769,34691,1,7QDD,pending,,,
7770,34692,1,7QDE,pending,,,
7771,34693,1,7QDW,pending,,,
7772,34694,1,7QI2,pending,,,
7773,34695,1,7QIL,pending,,,
7774,34696,1,7QJF,pending,,,
7775,34697,1,7QLF,pending,,,
7776,34698,1,7QRI,pending,,,
7777,34699,2,7QS6;7QV4,pending,,,
7778,34700,1,7QTR,pending,,,
7779,34701,1,7QTS,pending,,,
7780,34702,1,7QUU,pending,,,
7781,34703,1,7QXJ,pending,,,
7782,34704,1,7QYI,pending,,,
7783,34705,1,7QZV,pending,,,
7784,34706,1,7QZW,pending,,,
7785,34707,1,7R0R,pending,,,
7786,34708,1,7R3M,pending,,,
7787,34709,1,7YWQ,pending,,,
7788,34710,1,7YYI,pending,,,
7789,34711,1,7Z07,pending,,,
7790,34712,1,7Z08,pending,,,
7791,34713,1,7Z0B,pending,,,
7792,34714,1,7Z9L,pending,,,
7793,34715,1,7ZAP,pending,,,
7794,34716,1,7ZAX,pending,,,
7795,34717,1,7ZBQ,pending,,,
7796,34718,1,7ZBS,pending,,,
7797,34719,1,7ZE0,pending,,,
7798,34720,1,7ZED,pending,,,
7799,34721,1,7ZEK,pending,,,
7800,34722,1,7ZEM,pending,,,
7801,34723,1,7ZEO,pending,,,
7802,34724,1,7ZEV,pending,,,
7803,34725,1,7ZEW,pending,,,
7804,34726,1,7ZEX,pending,,,
7805,34727,1,7ZEY,pending,,,
7806,34728,1,7ZEZ,pending,,,
7807,34729,1,7ZJY,pending,,,
7808,34730,1,7ZK0,pending,,,
7809,34731,1,7ZKD,pending,,,
7810,34732,1,7ZRU,pending,,,
7811,34734,1,7ZWJ,pending,,,
7812,34735,1,7ZYX,pending,,,
7813,34736,1,8A4F,pending,,,
7814,34737,1,8A6I,pending,,,
7815,34738,1,8A6M,pending,,,
7816,34739,1,8A7Z,pending,,,
7817,34740,1,8ABD,pending,,,
7818,34741,1,8ABN,pending,,,
7819,34742,1,8AHK,pending,,,
7820,34743,1,8AIG,pending,,,
7821,34744,1,8ALL,pending,,,
7822,34745,1,8ALQ,pending,,,
7823,34746,1,8AO0,pending,,,
7824,34747,1,8AO1,pending,,,
7825,34748,1,8AOU,pending,,,
7826,34749,1,8AQ9,pending,,,
7827,34750,1,8AR0,pending,,,
7828,34751,1,8AR1,pending,,,
7829,34752,1,8AR2,pending,,,
7830,34753,1,8AR3,pending,,,
7831,34754,1,8AU4,pending,,,
7832,34755,1,8B1L,pending,,,
7833,34756,1,8B4R,pending,,,
7834,34757,1,8B4S,pending,,,
7835,34758,1,8B7I,pending,,,
7836,34759,1,8B7J,pending,,,
7837,34760,1,8B7T,pending,,,
7838,34761,1,8B8S,pending,,,
7839,34762,1,8B9Q,pending,,,
7840,34763,1,8B9R,pending,,,
7841,34764,1,8BD2,pending,,,
7842,34765,1,8BFG,pending,,,
7843,34766,1,8BGF,pending,,,
7844,34767,1,8BGK,pending,,,
7845,34768,1,8BM4,pending,,,
7846,34769,1,8BM6,pending,,,
7847,34770,1,8BM7,pending,,,
7848,34771,1,8BO0,pending,,,
7849,34772,1,8BQY,pending,,,
7850,34773,1,8BSS,pending,,,
7851,34774,1,8BV6,pending,,,
7852,34775,1,8BVC,pending,,,
7853,34776,1,8BWB,pending,,,
7854,34777,1,8BWT,pending,,,
7855,34778,1,8BWW,pending,,,
7856,34779,1,8BXJ,pending,,,
7857,34780,1,8BZU,pending,,,
7858,34781,1,8C18,pending,,,
7859,34782,1,8C8A,pending,,,
7860,34783,1,8CA0,pending,,,
7861,34784,1,8CF2,pending,,,
7862,34785,3,8CF4;8CHG;8CHH,pending,,,
7863,34786,1,8CGF,pending,,,
7864,34787,1,8CH7,pending,,,
7865,34790,1,8CIQ,pending,,,
7866,34791,1,8CJP,pending,,,
7867,34792,1,8CJQ,pending,,,
7868,34793,1,8CJR,pending,,,
7869,34794,1,8CJS,pending,,,
7870,34795,1,8CJT,pending,,,
7871,34796,3,8CLR;9SXV;9SY4,pending,,,
7872,34797,1,8CM3,pending,,,
7873,34798,1,8OFC,pending,,,
7874,34799,1,8OH7,pending,,,
7875,34800,1,8OJR,pending,,,
7876,34801,1,8OL8,pending,,,
7877,34802,1,8ONU,pending,,,
7878,34803,2,8OQB;9FLA,pending,,,
7879,34804,1,8OR5,pending,,,
7880,34805,1,8OR8,pending,,,
7881,34806,1,8ORY,pending,,,
7882,34807,1,8ORZ,pending,,,
7883,34808,1,8OS0,pending,,,
7884,34809,1,8OSQ,pending,,,
7885,34811,1,8OVI,pending,,,
7886,34812,1,8OVL,pending,,,
7887,34813,1,8OX2,pending,,,
7888,34814,1,8OYD,pending,,,
7889,34816,1,8P25,pending,,,
7890,34817,1,8P3A,pending,,,
7891,34818,1,8P66,pending,,,
7892,34822,1,8P7G,pending,,,
7893,34825,1,8PBV,pending,,,
7894,34826,1,8PEK,pending,,,
7895,34827,1,8PI0,pending,,,
7896,34828,1,8PIY,pending,,,
7897,34831,1,8POI,pending,,,
7898,34832,1,8PSB,pending,,,
7899,34833,1,8PSC,pending,,,
7900,34834,1,8PSE,pending,,,
7901,34835,1,8PSI,pending,,,
7902,34836,1,8PWR,pending,,,
7903,34837,1,8PWT,pending,,,
7904,34838,1,8PXS,pending,,,
7905,34839,1,8PXW,pending,,,
7906,34840,1,8PXX,pending,,,
7907,34841,1,8Q1L,pending,,,
7908,34843,1,8Q4O,pending,,,
7909,34844,1,8Q5B,pending,,,
7910,34845,1,8Q5Q,pending,,,
7911,34846,1,8Q7J,pending,,,
7912,34847,1,8QAJ,pending,,,
7913,34848,1,8QAQ,pending,,,
7914,34849,1,8QAS,pending,,,
7915,34850,1,8QBP,pending,,,
7916,34851,1,8QDK,pending,,,
7917,34852,1,8QDN,pending,,,
7918,34853,1,8QDP,pending,,,
7919,34854,1,8QDS,pending,,,
7920,34855,1,8QDT,pending,,,
7921,34856,1,8QDU,pending,,,
7922,34857,1,8QDW,pending,,,
7923,34858,1,8QE4,pending,,,
7924,34859,1,8QE6,pending,,,
7925,34860,1,8QE7,pending,,,
7926,34861,1,8QEI,pending,,,
7927,34862,1,8QEJ,pending,,,
7928,34863,1,8QKX,pending,,,
7929,34864,1,8QNJ,pending,,,
7930,34865,1,8QNT,pending,,,
7931,34866,1,8QNV,pending,,,
7932,34867,1,8QOR,pending,,,
7933,34868,1,8QPY,pending,,,
7934,34869,1,8QRX,pending,,,
7935,34870,1,8QSX,pending,,,
7936,34872,1,8QWQ,pending,,,
7937,34874,1,8R1X,pending,,,
7938,34876,1,8R4E,pending,,,
7939,34877,1,8R4W,pending,,,
7940,34878,1,8R62,pending,,,
7941,34879,1,8R63,pending,,,
7942,34880,1,8R6D,pending,,,
7943,34881,1,8R6G,pending,,,
7944,34882,1,8R6H,pending,,,
7945,34883,1,8R6T,pending,,,
7946,34884,1,8R89,pending,,,
7947,34885,1,8R8P,pending,,,
7948,34886,1,8RAJ,pending,,,
7949,34887,1,8RD6,pending,,,
7950,34888,1,8RHM,pending,,,
7951,34889,1,8RJX,pending,,,
7952,34890,1,8RLZ,pending,,,
7953,34891,1,8RP9,pending,,,
7954,34892,1,8RPQ,pending,,,
7955,34893,1,8RQ6,pending,,,
7956,34894,1,8RSW,pending,,,
7957,34895,1,8RW2,pending,,,
7958,34898,1,8RZX,pending,,,
7959,34899,1,8S03,pending,,,
7960,34900,1,8S1W,pending,,,
7961,34901,1,8S2A,pending,,,
7962,34902,1,8S2B,pending,,,
7963,34903,1,8S2C,pending,,,
7964,34904,1,8S2D,pending,,,
7965,34905,1,8S4L,pending,,,
7966,34906,1,8S4N,pending,,,
7967,34907,1,8S8N,pending,,,
7968,34908,1,8S8O,pending,,,
7969,34909,1,9EOW,pending,,,
7970,34910,1,9EP9,pending,,,
7971,34911,1,9EPS,pending,,,
7972,34912,1,9EUM,pending,,,
7973,34913,1,9F27,pending,,,
7974,34914,1,9F3D,pending,,,
7975,34915,1,9F3E,pending,,,
7976,34916,1,9F4C,pending,,,
7977,34918,1,9FLA,pending,,,
7978,34919,1,9FM4,pending,,,
7979,34920,1,9FP9,pending,,,
7980,34921,1,9FRQ,pending,,,
7981,34922,1,9FSI,pending,,,
7982,34925,1,9FU8,pending,,,
7983,34926,1,9FZM,pending,,,
7984,34927,1,9G0M,pending,,,
7985,34928,1,9G0N,pending,,,
7986,34929,1,9G1W,pending,,,
7987,34930,1,9G20,pending,,,
7988,34931,1,9G21,pending,,,
7989,34932,1,9G22,pending,,,
7990,34933,1,9G2N,pending,,,
7991,34934,1,9G2O,pending,,,
7992,34935,1,9G31,pending,,,
7993,34936,1,9G32,pending,,,
7994,34937,1,9G5P,pending,,,
7995,34939,1,9G8E,pending,,,
7996,34940,1,9GAG,pending,,,
7997,34941,1,9GDL,pending,,,
7998,34942,1,9GDM,pending,,,
7999,34943,1,9GDN,pending,,,
8000,34944,1,9GDT,pending,,,
8001,34945,1,9GDU,pending,,,
8002,34946,1,9GDW,pending,,,
8003,34949,1,9GE1,pending,,,
8004,34950,1,9GE9,pending,,,
8005,34951,1,9GEB,pending,,,
8006,34952,1,9GEC,pending,,,
8007,34953,1,9GI8,pending,,,
8008,34956,1,9GRK,pending,,,
8009,34957,1,9GRL,pending,,,
8010,34958,1,9GRM,pending,,,
8011,34959,1,9GSA,pending,,,
8012,34960,1,9GVI,pending,,,
8013,34961,1,9GVV,pending,,,
8014,34962,1,9GW6,pending,,,
8015,34963,1,9GWD,pending,,,
8016,34965,1,9H75,pending,,,
8017,34966,1,9HHO,pending,,,
8018,34968,1,9HKR,pending,,,
8019,34969,1,9HM8,pending,,,
8020,34970,1,9HNJ,pending,,,
8021,34971,1,9HR9,pending,,,
8022,34972,1,9HRO,pending,,,
8023,34975,1,9HXS,pending,,,
8024,34977,1,9I38,pending,,,
8025,34978,1,9I5S,pending,,,
8026,34979,1,9IA7,pending,,,
8027,34980,1,9IBI,pending,,,
8028,34981,1,9IBK,pending,,,
8029,34982,1,9IEW,pending,,,
8030,34983,1,9Q8T,pending,,,
8031,34984,1,9QAL,pending,,,
8032,34986,1,9QLM,pending,,,
8033,34988,1,9QPF,pending,,,
8034,34989,1,9QSB,pending,,,
8035,34990,1,9QUX,pending,,,
8036,34991,1,9QZJ,pending,,,
8037,34992,1,9R3Y,pending,,,
8038,34993,1,9R4V,pending,,,
8039,34994,1,9R4W,pending,,,
8040,34996,1,9RB5,pending,,,
8041,34997,1,9RCA,pending,,,
8042,34998,1,9RHK,pending,,,
8043,34999,1,9RKK,pending,,,
8044,35000,1,9RKL,pending,,,
8045,35001,1,9RLN,pending,,,
8046,35002,1,9RME,pending,,,
8047,35003,1,9RO6,pending,,,
8048,35006,1,9RRR,pending,,,
8049,35007,1,9RTJ,pending,,,
8050,35008,1,9RV3,pending,,,
8051,35009,1,9S5G,pending,,,
8052,35010,1,9S6I,pending,,,
8053,35011,1,9S6Z,pending,,,
8054,35012,1,9S9X,pending,,,
8055,35014,1,9SGW,pending,,,
8056,35015,1,9SGX,pending,,,
8057,35018,1,9SQC,pending,,,
8058,35020,2,9SY8;9SYC,pending,,,
8059,35021,1,9SYD,pending,,,
8060,35022,1,9SYE,pending,,,
8061,35023,1,9SYF,pending,,,
8062,35024,1,9T02,pending,,,
8063,35025,1,9T3O,pending,,,
8064,35027,1,9TNQ,pending,,,
8065,35028,1,9TNR,pending,,,
8066,35032,1,9U2V,pending,,,
8067,35048,1,30IB,pending,,,
8068,35053,1,30SC,pending,,,
8069,36000,1,5B7A,pending,,,
8070,36001,1,5B7J,pending,,,
8071,36002,1,5B7X,pending,,,
8072,36003,1,5B81,pending,,,
8073,36004,1,5B88,pending,,,
8074,36005,1,5GGM,pending,,,
8075,36006,1,5GHB,pending,,,
8076,36007,1,5GHC,pending,,,
8077,36008,1,5GHD,pending,,,
8078,36009,1,5GIW,pending,,,
8079,36011,1,5GJL,pending,,,
8080,36012,1,5GO0,pending,,,
8081,36013,1,5GOW,pending,,,
8082,36014,1,5GPH,pending,,,
8083,36016,1,5GSF,pending,,,
8084,36017,1,5GVO,pending,,,
8085,36018,1,5GVQ,pending,,,
8086,36019,1,5GWG,pending,,,
8087,36020,1,5GWL,pending,,,
8088,36021,1,5GWM,pending,,,
8089,36022,1,5GWQ,pending,,,
8090,36023,1,5H1H,pending,,,
8091,36024,1,5H1I,pending,,,
8092,36025,1,5H2S,pending,,,
8093,36026,1,5H3M,pending,,,
8094,36027,1,5H3N,pending,,,
8095,36034,1,5H7U,pending,,,
8096,36037,1,5WQZ,pending,,,
8097,36038,1,5WRX,pending,,,
8098,36040,1,5WUZ,pending,,,
8099,36041,1,5WXE,pending,,,
8100,36044,1,5WYE,pending,,,
8101,36045,1,5WYO,pending,,,
8102,36047,1,5X0S,pending,,,
8103,36048,1,5X1X,pending,,,
8104,36049,1,5X29,pending,,,
8105,36050,1,5X34,pending,,,
8106,36051,1,5X35,pending,,,
8107,36052,1,5X36,pending,,,
8108,36053,1,5X37,pending,,,
8109,36054,1,5X38,pending,,,
8110,36055,1,5X39,pending,,,
8111,36056,1,5X3C,pending,,,
8112,36057,1,5X3L,pending,,,
8113,36058,1,5X3Y,pending,,,
8114,36059,1,5X3Z,pending,,,
8115,36060,1,5X4F,pending,,,
8116,36061,1,5X5S,pending,,,
8117,36062,1,5X6T,pending,,,
8118,36064,1,5X9X,pending,,,
8119,36066,1,5XBD,pending,,,
8120,36068,1,5XDI,pending,,,
8121,36069,1,5XDJ,pending,,,
8122,36070,1,5XE4,pending,,,
8123,36071,1,5XEE,pending,,,
8124,36072,1,5XEK,pending,,,
8125,36073,1,5XER,pending,,,
8126,36074,1,5XES,pending,,,
8127,36075,1,5XHT,pending,,,
8128,36077,1,5XI9,pending,,,
8129,36078,1,5XIR,pending,,,
8130,36079,1,5XIV,pending,,,
8131,36080,1,5XJK,pending,,,
8132,36081,1,5XK4,pending,,,
8133,36082,1,5XK5,pending,,,
8134,36083,1,5XM4,pending,,,
8135,36084,1,5XME,pending,,,
8136,36085,1,5XN4,pending,,,
8137,36086,1,5XND,pending,,,
8138,36087,1,5XNG,pending,,,
8139,36096,1,5XQM,pending,,,
8140,36097,1,5XR1,pending,,,
8141,36098,1,5XRX,pending,,,
8142,36101,1,5XV8,pending,,,
8143,36102,1,5XV9,pending,,,
8144,36103,1,5XZK,pending,,,
8145,36105,1,5Y0H,pending,,,
8146,36106,1,5Y0I,pending,,,
8147,36107,1,5Y0J,pending,,,
8148,36109,1,5Y22,pending,,,
8149,36110,1,5Y3U,pending,,,
8150,36111,1,5Y4B,pending,,,
8151,36112,1,5Y70,pending,,,
8152,36114,1,5YDX,pending,,,
8153,36115,1,5YDY,pending,,,
8154,36116,1,5YEY,pending,,,
8155,36117,1,5YFG,pending,,,
8156,36119,1,5YI4,pending,,,
8157,36122,1,5YJ4,pending,,,
8158,36123,1,5YJ5,pending,,,
8159,36124,1,5YKK,pending,,,
8160,36125,1,5YKL,pending,,,
8161,36126,1,5YKQ,pending,,,
8162,36129,1,5YQ3,pending,,,
8163,36133,1,6IJQ,pending,,,
8164,36136,1,5YXI,pending,,,
8165,36142,1,5YZ6,pending,,,
8166,36143,1,5YZ9,pending,,,
8167,36146,1,5Z1Y,pending,,,
8168,36147,1,5Z26,pending,,,
8169,36148,1,5Z2O,pending,,,
8170,36149,1,5Z31,pending,,,
8171,36150,1,5Z32,pending,,,
8172,36151,1,5Z36,pending,,,
8173,36153,1,5Z4B,pending,,,
8174,36154,1,5Z4E,pending,,,
8175,36157,1,5Z5Q,pending,,,
8176,36158,1,5Z5R,pending,,,
8177,36159,1,5Z80,pending,,,
8178,36160,1,5Z8F,pending,,,
8179,36161,1,5Z8I,pending,,,
8180,36162,1,5Z8Q,pending,,,
8181,36163,1,5Z9C,pending,,,
8182,36165,1,5ZAZ,pending,,,
8183,36166,1,5ZC6,pending,,,
8184,36167,1,5ZCN,pending,,,
8185,36168,1,5ZEV,pending,,,
8186,36171,1,5ZFO,pending,,,
8187,36172,1,5ZGG,pending,,,
8188,36174,1,5ZLD,pending,,,
8189,36175,1,5ZMB,pending,,,
8190,36176,1,5ZMR,pending,,,
8191,36177,1,5ZNU,pending,,,
8192,36179,1,5ZOR,pending,,,
8193,36180,1,5ZPV,pending,,,
8194,36181,1,5ZR0,pending,,,
8195,36185,1,5ZUH,pending,,,
8196,36186,1,5ZUX,pending,,,
8197,36187,1,5ZUZ,pending,,,
8198,36189,1,5ZVF,pending,,,
8199,36190,1,5ZVN,pending,,,
8200,36200,1,6A8Y,pending,,,
8201,36201,1,6AAB,pending,,,
8202,36202,1,6AAS,pending,,,
8203,36203,1,6AC7,pending,,,
8204,36204,1,6ACV,pending,,,
8205,36205,1,6AFQ,pending,,,
8206,36207,1,6AHZ,pending,,,
8207,36213,1,6IMG,pending,,,
8208,36214,1,6IMH,pending,,,
8209,36220,1,6IVS,pending,,,
8210,36221,1,6IVU,pending,,,
8211,36226,1,6IZG,pending,,,
8212,36228,1,6J12,pending,,,
8213,36229,1,6J2W,pending,,,
8214,36243,1,6JPD,pending,,,
8215,36244,1,6JPP,pending,,,
8216,36250,1,6K2I,pending,,,
8217,36251,1,6K2K,pending,,,
8218,36258,1,6K59,pending,,,
8219,36259,1,6K5R,pending,,,
8220,36260,1,6K5T,pending,,,
8221,36261,1,6K5W,pending,,,
8222,36263,1,6K84,pending,,,
8223,36264,1,6K8Q,pending,,,
8224,36265,1,6KBO,pending,,,
8225,36266,1,6KBV,pending,,,
8226,36267,1,6KFI,pending,,,
8227,36268,1,6KFJ,pending,,,
8228,36269,1,6KH8,pending,,,
8229,36270,1,6KH9,pending,,,
8230,36271,1,6KHA,pending,,,
8231,36272,1,6KHV,pending,,,
8232,36273,1,6KLM,pending,,,
8233,36274,1,6KMY,pending,,,
8234,36275,1,6KN2,pending,,,
8235,36276,1,6KN3,pending,,,
8236,36279,1,6KNO,pending,,,
8237,36280,1,6KNP,pending,,,
8238,36284,1,6KR8,pending,,,
8239,36293,1,6L8R,pending,,,
8240,36294,1,6L8V,pending,,,
8241,36297,1,6L99,pending,,,
8242,36299,1,6LAG,pending,,,
8243,36305,1,6LLQ,pending,,,
8244,36309,1,6LQZ,pending,,,
8245,36310,1,6LR2,pending,,,
8246,36312,1,6LUL,pending,,,
8247,36316,1,6M0Y,pending,,,
8248,36317,1,6M19,pending,,,
8249,36320,1,6M3N,pending,,,
8250,36321,1,6M56,pending,,,
8251,36322,1,6M5C,pending,,,
8252,36323,1,6M6E,pending,,,
8253,36324,1,6M6F,pending,,,
8254,36326,1,6M6K,pending,,,
8255,36327,1,7BPL,pending,,,
8256,36328,1,7BPM,pending,,,
8257,36329,1,7BPN,pending,,,
8258,36330,1,7BPP,pending,,,
8259,36331,1,7BQB,pending,,,
8260,36332,1,7BQC,pending,,,
8261,36333,1,7BQD,pending,,,
8262,36334,1,7BQE,pending,,,
8263,36335,1,7BQM,pending,,,
8264,36336,1,7BQN,pending,,,
8265,36337,1,7BQQ,pending,,,
8266,36338,1,7BQR,pending,,,
8267,36339,1,7BQS,pending,,,
8268,36340,1,7BUL,pending,,,
8269,36341,1,7BUT,pending,,,
8270,36342,1,7BV9,pending,,,
8271,36343,1,7BW5,pending,,,
8272,36345,1,7BWI,pending,,,
8273,36347,1,7BX2,pending,,,
8274,36348,1,7BZ7,pending,,,
8275,36349,1,7BZ8,pending,,,
8276,36350,1,7BZ9,pending,,,
8277,36351,1,7BZA,pending,,,
8278,36352,1,7BZH,pending,,,
8279,36353,1,7C1M,pending,,,
8280,36358,1,7CG1,pending,,,
8281,36359,1,7CJV,pending,,,
8282,36360,1,7CJW,pending,,,
8283,36361,1,7CK5,pending,,,
8284,36362,1,7CKD,pending,,,
8285,36363,1,7CKE,pending,,,
8286,36368,1,7CQ1,pending,,,
8287,36374,1,7CV3,pending,,,
8288,36375,1,7CV4,pending,,,
8289,36378,1,7D0X,pending,,,
8290,36379,1,7D0Y,pending,,,
8291,36380,1,7D0Z,pending,,,
8292,36383,1,7D13,pending,,,
8293,36384,1,7D16,pending,,,
8294,36385,1,7D2O,pending,,,
8295,36386,1,7D37,pending,,,
8296,36390,1,7D5F,pending,,,
8297,36393,1,7DD4,pending,,,
8298,36395,1,7DFE,pending,,,
8299,36401,1,7DMD,pending,,,
8300,36402,1,7DME,pending,,,
8301,36403,1,7DOJ,pending,,,
8302,36404,1,7DTA,pending,,,
8303,36405,1,7DTH,pending,,,
8304,36406,1,7DTI,pending,,,
8305,36409,1,7E42,pending,,,
8306,36411,1,7E5P,pending,,,
8307,36412,1,7EAU,pending,,,
8308,36413,1,7EDK,pending,,,
8309,36414,1,7EES,pending,,,
8310,36417,1,7ELJ,pending,,,
8311,36418,1,7ELK,pending,,,
8312,36419,1,7ELY,pending,,,
8313,36420,1,7EN4,pending,,,
8314,36422,1,7EXY,pending,,,
8315,36425,1,7F32,pending,,,
8316,36426,1,7F7N,pending,,,
8317,36427,1,7F7X,pending,,,
8318,36430,1,7FBR,pending,,,
8319,36431,1,7FBV,pending,,,
8320,36434,1,7FHI,pending,,,
8321,36435,1,7FJ0,pending,,,
8322,36439,1,7V5F,pending,,,
8323,36445,1,7VH9,pending,,,
8324,36447,1,7VKV,pending,,,
8325,36450,1,7VQH,pending,,,
8326,36451,1,7VQI,pending,,,
8327,36452,1,7VRL,pending,,,
8328,36455,1,7W0V,pending,,,
8329,36457,1,7W8K,pending,,,
8330,36458,1,7W8O,pending,,,
8331,36459,1,7W8R,pending,,,
8332,36460,1,7W8T,pending,,,
8333,36461,1,7W8Z,pending,,,
8334,36462,1,7W96,pending,,,
8335,36464,1,7WBN,pending,,,
8336,36469,1,7WKF,pending,,,
8337,36471,1,7X31,pending,,,
8338,36473,1,7X5C,pending,,,
8339,36476,1,7X8N,pending,,,
8340,36483,1,7XGA,pending,,,
8341,36485,1,7XKZ,pending,,,
8342,36486,1,7XLN,pending,,,
8343,36489,1,7XRW,pending,,,
8344,36490,1,7XX8,pending,,,
8345,36491,1,7XX9,pending,,,
8346,36493,1,7Y4N,pending,,,
8347,36512,1,8H0G,pending,,,
8348,36513,1,8H0U,pending,,,
8349,36514,1,8H1D,pending,,,
8350,36515,1,8HEP,pending,,,
8351,36516,1,8HER,pending,,,
8352,36521,1,8HJC,pending,,,
8353,36522,1,8HJD,pending,,,
8354,36526,1,8HMW,pending,,,
8355,36527,1,8HPB,pending,,,
8356,36528,1,8HQB,pending,,,
8357,36532,1,8HTA,pending,,,
8358,36535,1,8HW9,pending,,,
8359,36542,1,8I43,pending,,,
8360,36544,1,8I45,pending,,,
8361,36545,1,8I46,pending,,,
8362,36546,1,8I53,pending,,,
8363,36548,1,8IEX,pending,,,
8364,36565,1,8J9A,pending,,,
8365,36569,1,8JHP,pending,,,
8366,36582,1,8K2T,pending,,,
8367,36583,1,8K3M,pending,,,
8368,36584,1,8K3N,pending,,,
8369,36587,1,8K8B,pending,,,
8370,36589,1,8KCQ,pending,,,
8371,36600,1,8WT5,pending,,,
8372,36612,1,8X1V,pending,,,
8373,36616,1,8X4F,pending,,,
8374,36619,1,8X8T,pending,,,
8375,36621,1,8XC7,pending,,,
8376,36623,1,8XEQ,pending,,,
8377,36625,1,8XGP,pending,,,
8378,36626,1,8XGW,pending,,,
8379,36627,1,8XIC,pending,,,
8380,36630,1,8XKJ,pending,,,
8381,36631,1,8XKK,pending,,,
8382,36633,1,8XLB,pending,,,
8383,36634,1,8XLC,pending,,,
8384,36640,1,8Y0F,pending,,,
8385,36641,1,8Y1I,pending,,,
8386,36651,1,8YG0,pending,,,
8387,36652,1,8YSY,pending,,,
8388,36654,1,8YZL,pending,,,
8389,36661,1,8Z5K,pending,,,
8390,36671,1,8ZU6,pending,,,
8391,36673,1,8ZVE,pending,,,
8392,36674,1,8ZW3,pending,,,
8393,36675,1,8ZXC,pending,,,
8394,36680,1,9IMY,pending,,,
8395,36681,1,9IO0,pending,,,
8396,36682,1,9IO1,pending,,,
8397,36683,1,9IO2,pending,,,
8398,36684,1,9IO3,pending,,,
8399,36685,1,9IOR,pending,,,
8400,36686,1,9IOS,pending,,,
8401,36687,1,9IOU,pending,,,
8402,36695,1,9JO1,pending,,,
8403,36696,1,9JO6,pending,,,
8404,36698,1,9JX5,pending,,,
8405,36699,1,9K8N,pending,,,
8406,36700,1,9KAD,pending,,,
8407,36702,1,9KAX,pending,,,
8408,36703,1,9KBA,pending,,,
8409,36715,1,9KRX,pending,,,
8410,36724,1,9LIB,pending,,,
8411,36728,1,9LO1,pending,,,
8412,36730,1,9LYH,pending,,,
8413,36731,1,9M1Y,pending,,,
8414,36732,1,9M27,pending,,,
8415,36733,1,9M2D,pending,,,
8416,36745,1,9U7M,pending,,,
8417,36746,1,9U83,pending,,,
8418,36747,1,9U89,pending,,,
8419,36748,1,9U9N,pending,,,
8420,36751,1,9UB0,pending,,,
8421,36752,1,9UKW,pending,,,
8422,36754,1,9UPS,pending,,,
8423,36756,1,9URO,pending,,,
8424,36759,1,9UV6,pending,,,
8425,36768,1,9VJL,pending,,,
8426,36770,1,9VQ1,pending,,,
8427,36771,1,9VR0,pending,,,
8428,36774,1,9VZW,pending,,,
8429,36775,1,9W4X,pending,,,
8430,36786,1,9WPR,pending,,,
8431,36787,1,9WPS,pending,,,
8432,36788,1,9WXK,pending,,,
8433,36795,1,9X6X,pending,,,
8434,36796,1,9X70,pending,,,
8435,36797,1,9X71,pending,,,
8436,36798,1,9X72,pending,,,
8437,36799,1,9X73,pending,,,
8438,36805,1,9XEA,pending,,,
8439,36816,1,21GE,pending,,,
8440,36817,1,21HJ,pending,,,
8441,50001,1,6SFT,pending,,,
8442,50007,2,6UCJ;6UCK,pending,,,
8443,50015,1,6YJ0,pending,,,
8444,50027,1,6T33,pending,,,
8445,50074,1,7UO6,pending,,,
8446,50088,1,6TKT,pending,,,
8447,50114,1,6YEL,pending,,,
8448,50117,1,7NIP,pending,,,
8449,50124,2,6Y0I;9HDI,pending,,,
8450,50135,1,7SWJ,pending,,,
8451,50167,1,6Z5N,pending,,,
8452,50185,1,6LKF,pending,,,
8453,50190,1,6YRR,pending,,,
8454,50202,1,6YFY,pending,,,
8455,50216,1,9RXE,pending,,,
8456,50218,1,6YI2,pending,,,
8457,50219,1,6YHZ,pending,,,
8458,50236,1,6WLH,pending,,,
8459,50263,1,6Z0G,pending,,,
8460,50264,1,6Z0H,pending,,,
8461,50265,1,6Z0I,pending,,,
8462,50268,1,6XB7,pending,,,
8463,50269,1,7JXG,pending,,,
8464,50304,1,8GDH,pending,,,
8465,50330,1,6XQC,pending,,,
8466,50331,1,6XMN,pending,,,
8467,50337,1,7LHQ,pending,,,
8468,50346,1,9FO9,pending,,,
8469,50347,1,8CQ1,pending,,,
8470,50411,1,7JK8,pending,,,
8471,50464,1,7K7X,pending,,,
8472,50507,1,7N45,pending,,,
8473,50517,1,7P2O,pending,,,
8474,50691,1,7PBH,pending,,,
8475,50711,1,7NKV,pending,,,
8476,50760,1,8CQ1,pending,,,
8477,50767,1,7NS1,pending,,,
8478,50778,1,7MPA,pending,,,
8479,50793,1,7NWJ,pending,,,
8480,50811,2,8QHH;8QHI,pending,,,
8481,50812,2,8QHH;8QHI,pending,,,
8482,50842,3,7MC1;7MC2;7MC3,pending,,,
8483,50886,1,7MLL,pending,,,
8484,50901,3,7PLL;8QDL;8QDM,pending,,,
8485,50902,1,7OB2,pending,,,
8486,50938,1,7QGV,pending,,,
8487,50957,1,9COJ,pending,,,
8488,50976,1,7R67,pending,,,
8489,50977,1,7R68,pending,,,
8490,50985,1,7P2K,pending,,,
8491,50994,1,8V0H,pending,,,
8492,50997,1,7PVM,pending,,,
8493,51020,1,8AJR,pending,,,
8494,51034,1,7SUR,pending,,,
8495,51043,1,7SUQ,pending,,,
8496,51044,1,7RNO,pending,,,
8497,51054,1,7S0N,pending,,,
8498,51072,1,8S9E,pending,,,
8499,51073,1,9MES,pending,,,
8500,51079,1,7POF,pending,,,
8501,51083,1,7SXB,pending,,,
8502,51091,1,7QAB,pending,,,
8503,51096,1,7Z3C,pending,,,
8504,51104,1,7ZOK,pending,,,
8505,51127,1,7SHX,pending,,,
8506,51138,1,9FO8,pending,,,
8507,51154,1,7QB0,pending,,,
8508,51187,1,8EOD,pending,,,
8509,51209,1,9Y13,pending,,,
8510,51210,1,9Y10,pending,,,
8511,51222,1,8DGK,pending,,,
8512,51231,1,7ZZV,pending,,,
8513,51290,1,7R0R,pending,,,
8514,51291,1,7R0R,pending,,,
8515,51292,1,7R0R,pending,,,
8516,51296,1,29JD,pending,,,
8517,51310,1,7V06,pending,,,
8518,51325,1,7YWR,pending,,,
8519,51339,1,8E6Y,pending,,,
8520,51340,1,9FLG,pending,,,
8521,51342,1,8ATK,pending,,,
8522,51350,1,7UGA,pending,,,
8523,51388,1,9FJN,pending,,,
8524,51391,1,8ACZ,pending,,,
8525,51400,1,7ZRF,pending,,,
8526,51406,1,7ZRO,pending,,,
8527,51408,1,9FJW,pending,,,
8528,51447,1,8DGH,pending,,,
8529,51518,1,9ZZ4,pending,,,
8530,51519,1,8DSB,pending,,,
8531,51520,2,8DRC;8DSX,pending,,,
8532,51521,1,8BDV,pending,,,
8533,51528,1,8B6X,pending,,,
8534,51531,1,8B6Y,pending,,,
8535,51532,1,8E2O,pending,,,
8536,51546,1,8AP5,pending,,,
8537,51591,1,8B1X,pending,,,
8538,51618,1,8EF4,pending,,,
8539,51620,1,9QWI,pending,,,
8540,51624,1,8BA1,pending,,,
8541,51655,1,8EPT,pending,,,
8542,51673,1,8BOO,pending,,,
8543,51691,1,8BVZ,pending,,,
8544,51715,1,9PQH,pending,,,
8545,51723,1,8HN2,pending,,,
8546,51726,1,8C2Q,pending,,,
8547,51784,1,8VSX,pending,,,
8548,51799,5,8QDL;8QDM;9EZN;9EZO;9EZP,pending,,,
8549,51821,1,9PQI,pending,,,
8550,51833,1,8GBC,pending,,,
8551,51834,1,8GBD,pending,,,
8552,51862,1,8OIL,pending,,,
8553,51867,1,8RVT,pending,,,
8554,51870,1,8TG0,pending,,,
8555,51896,1,8SED,pending,,,
8556,51951,1,8SXM,pending,,,
8557,51960,1,9FTD,pending,,,
8558,51978,1,8PTL,pending,,,
8559,51979,1,8PUI,pending,,,
8560,52045,1,8TNS,pending,,,
8561,52072,3,9DPJ;9DPK;9Q2Z,pending,,,
8562,52073,1,9Q2X,pending,,,
8563,52074,2,9DPH;9Q30,pending,,,
8564,52075,1,8TT7,pending,,,
8565,52088,1,8OZZ,pending,,,
8566,52089,1,8QFA,pending,,,
8567,52100,1,8U27,pending,,,
8568,52103,1,9BD0,pending,,,
8569,52114,1,8QTQ,pending,,,
8570,52129,1,8U9O,pending,,,
8571,52141,1,9DT0,pending,,,
8572,52149,1,30OA,pending,,,
8573,52150,2,8QON;8QPD,pending,,,
8574,52171,1,8QXI,pending,,,
8575,52188,1,8V4B,pending,,,
8576,52205,1,9HW9,pending,,,
8577,52208,1,8R1X,pending,,,
8578,52210,2,8VG3;9CJA,pending,,,
8579,52226,1,8RHS,pending,,,
8580,52285,1,9OBM,pending,,,
8581,52321,1,9EP7,pending,,,
8582,52384,1,9FDG,pending,,,
8583,52390,1,9F1F,pending,,,
8584,52391,1,9F1E,pending,,,
8585,52393,1,9F1G,pending,,,
8586,52414,1,9BV0,pending,,,
8587,52448,1,9FA8,pending,,,
8588,52491,1,9G7T,pending,,,
8589,52543,1,9CRB,pending,,,
8590,52595,1,9DLU,pending,,,
8591,52600,1,9DM3,pending,,,
8592,52635,1,9DYV,pending,,,
8593,52638,1,9MYQ,pending,,,
8594,52640,1,9DYU,pending,,,
8595,52678,1,9NUB,pending,,,
8596,52689,1,9HIO,pending,,,
8597,52690,1,9HIO,pending,,,
8598,52749,1,9MU0,pending,,,
8599,52750,1,9MTZ,pending,,,
8600,52790,1,36AV,pending,,,
8601,52801,1,9R53,pending,,,
8602,52888,1,9I8B,pending,,,
8603,52953,1,9VCD,pending,,,
8604,52961,1,9RWF,pending,,,
8605,52977,1,9O5C,pending,,,
8606,52985,1,9P7U,pending,,,
8607,53020,1,9OIL,pending,,,
8608,53021,1,9OIU,pending,,,
8609,53190,1,9P2Q,pending,,,
8610,53214,1,9P3Z,pending,,,
8611,53244,1,9W1L,pending,,,
8612,53268,1,9PL1,pending,,,
8613,53280,2,9SGJ;9SGV,pending,,,
8614,53283,1,9SGJ,pending,,,
8615,53304,1,9SMT,pending,,,
8616,53311,1,9Q70,pending,,,
8617,53313,1,9SLR,pending,,,
8618,53317,1,9T0O,pending,,,
8619,53398,1,8WWX,pending,,,
8620,53613,1,29SB,pending,,,
