source_row_number,bmrb_id,pdb_id,valid_bmrb_id,valid_pdb_id,valid_identifier_pair,duplicate_mapping_pair,known_bmrb_id,known_pdb_id,identifier_excluded,identifier_screen_reason
1,3322,1E8P,True,True,True,False,True,True,True,known_bmrb_id;known_pdb_id
2,3322,1E8Q,True,True,True,False,True,False,True,known_bmrb_id
3,4020,1BRV,True,True,True,False,False,False,False,eligible_for_shift_screen
4,4023,1Q2N,True,True,True,False,True,True,True,known_bmrb_id;known_pdb_id
5,4023,2SPZ,True,True,True,False,True,False,True,known_bmrb_id
6,4052,1JOO,True,True,True,False,True,True,True,known_bmrb_id;known_pdb_id
7,4053,1JOQ,True,True,True,False,True,True,True,known_bmrb_id;known_pdb_id
8,4089,2DEF,True,True,True,False,True,True,True,known_bmrb_id;known_pdb_id
9,4090,2EZH,True,True,True,False,True,True,True,known_bmrb_id;known_pdb_id
10,4114,1A5J,True,True,True,False,True,True,True,known_bmrb_id;known_pdb_id
11,4120,1A60,True,True,True,False,False,False,False,eligible_for_shift_screen
12,4129,1Q80,True,True,True,False,True,True,True,known_bmrb_id;known_pdb_id
13,4141,1NK2,True,True,True,False,True,True,True,known_bmrb_id;known_pdb_id
14,4147,1H95,True,True,True,False,True,True,True,known_bmrb_id;known_pdb_id
15,4148,4BMF,True,True,True,False,False,False,False,eligible_for_shift_screen
16,4153,1RXR,True,True,True,False,True,True,True,known_bmrb_id;known_pdb_id
17,4155,1EOT,True,True,True,False,True,True,True,known_bmrb_id;known_pdb_id
18,4156,1BJX,True,True,True,False,True,True,True,known_bmrb_id;known_pdb_id
19,4157,1LFC,True,True,True,False,False,False,False,eligible_for_shift_screen
20,4172,1BN9,True,True,True,False,False,False,False,eligible_for_shift_screen
21,4173,1BM6,True,True,True,False,True,True,True,known_bmrb_id;known_pdb_id
22,4175,1BN0,True,True,True,False,False,False,False,eligible_for_shift_screen
23,4176,1BJD,True,True,True,False,False,False,False,eligible_for_shift_screen
24,4177,1BO0,True,True,True,False,True,True,True,known_bmrb_id;known_pdb_id
25,4181,1PFD,True,True,True,False,False,False,False,eligible_for_shift_screen
26,4182,1BFY,True,True,True,False,False,False,False,eligible_for_shift_screen
27,4184,1EH2,True,True,True,False,True,True,True,known_bmrb_id;known_pdb_id
28,4186,1BLR,True,True,True,False,True,True,True,known_bmrb_id;known_pdb_id
29,4187,1SKP,True,True,True,False,False,False,False,eligible_for_shift_screen
30,4188,1BCI,True,True,True,False,True,True,True,known_bmrb_id;known_pdb_id
31,4189,1GIW,True,True,True,False,False,False,False,eligible_for_shift_screen
32,4190,1BIG,True,True,True,False,False,False,False,eligible_for_shift_screen
33,4191,2BMT,True,True,True,False,False,False,False,eligible_for_shift_screen
34,4192,1BDE,True,True,True,False,False,False,False,eligible_for_shift_screen
35,4194,1BH1,True,True,True,False,False,False,False,eligible_for_shift_screen
36,4195,2BTX,True,True,True,False,False,False,False,eligible_for_shift_screen
37,4197,2CPS,True,True,True,False,True,True,True,known_bmrb_id;known_pdb_id
38,4198,1BR0,True,True,True,False,True,True,True,known_bmrb_id;known_pdb_id
39,4199,3NLA,True,True,True,False,True,True,True,known_bmrb_id;known_pdb_id
40,4200,1A93,True,True,True,False,False,False,False,eligible_for_shift_screen
41,4201,1A3P,True,True,True,False,False,False,False,eligible_for_shift_screen
42,4202,1BA9,True,True,True,False,True,True,True,known_bmrb_id;known_pdb_id
43,4202,1RK7,True,True,True,False,True,False,True,known_bmrb_id
44,4204,1BQT,True,True,True,False,False,False,False,eligible_for_shift_screen
45,4206,1MFN,True,True,True,False,True,True,True,known_bmrb_id;known_pdb_id
46,4207,2ORC,True,True,True,False,True,True,True,known_bmrb_id;known_pdb_id
47,4208,2DVH,True,True,True,False,False,False,False,eligible_for_shift_screen
48,4209,2CPB,True,True,True,False,True,True,True,known_bmrb_id;known_pdb_id
49,4210,1BA5,True,True,True,False,False,False,False,eligible_for_shift_screen
50,4211,1BBG,True,True,True,False,False,False,False,eligible_for_shift_screen
51,4212,1BCV,True,True,True,False,False,False,False,eligible_for_shift_screen
52,4213,1BFW,True,True,True,False,False,False,False,eligible_for_shift_screen
53,4214,2TMP,True,True,True,False,True,True,True,known_bmrb_id;known_pdb_id
54,4215,1SSN,True,True,True,False,True,True,True,known_bmrb_id;known_pdb_id
55,4216,1BHI,True,True,True,False,True,True,True,known_bmrb_id;known_pdb_id
56,4217,1BHU,True,True,True,False,True,True,True,known_bmrb_id;known_pdb_id
57,4218,1CN2,True,True,True,False,False,False,False,eligible_for_shift_screen
58,4219,1BKU,True,True,True,False,False,False,False,eligible_for_shift_screen
59,4220,1BMX,True,True,True,False,False,False,False,eligible_for_shift_screen
60,4221,1BM4,True,True,True,False,False,False,False,eligible_for_shift_screen
61,4222,1MNL,True,True,True,False,True,True,True,known_bmrb_id;known_pdb_id
62,4223,1TBA,True,True,True,False,True,True,True,known_bmrb_id;known_pdb_id
63,4224,1MYO,True,True,True,False,True,True,True,known_bmrb_id;known_pdb_id
64,4225,3GRX,True,True,True,False,True,True,True,known_bmrb_id;known_pdb_id
65,4226,1LDZ,True,True,True,False,False,False,False,eligible_for_shift_screen
66,4227,1BQZ,True,True,True,False,True,True,True,known_bmrb_id;known_pdb_id
67,4228,1BQ0,True,True,True,False,True,True,True,known_bmrb_id;known_pdb_id
68,4229,1BQX,True,True,True,False,False,False,False,eligible_for_shift_screen
69,4230,1BUQ,True,True,True,False,True,True,True,known_bmrb_id;known_pdb_id
70,4231,1BWE,True,True,True,False,False,False,False,eligible_for_shift_screen
71,4232,1ZAC,True,True,True,False,True,True,True,known_bmrb_id;known_pdb_id
72,4235,1BWT,True,True,True,False,False,False,False,eligible_for_shift_screen
73,4241,2XBD,True,True,True,False,True,True,True,known_bmrb_id;known_pdb_id
74,4242,3MSP,True,True,True,False,True,True,True,known_bmrb_id;known_pdb_id
75,4243,1C11,True,True,True,False,False,False,False,eligible_for_shift_screen
76,4244,1BX5,True,True,True,False,False,False,False,eligible_for_shift_screen
77,4246,2V1V,True,True,True,False,False,False,False,eligible_for_shift_screen
78,4248,2LEF,True,True,True,False,True,True,True,known_bmrb_id;known_pdb_id
79,4249,1XPA,True,True,True,False,True,True,True,known_bmrb_id;known_pdb_id
80,4250,3PHP,True,True,True,False,False,False,False,eligible_for_shift_screen
81,4254,1L3G,True,True,True,False,True,True,True,known_bmrb_id;known_pdb_id
82,4255,2IF1,True,True,True,False,True,True,True,known_bmrb_id;known_pdb_id
83,4257,1VPC,True,True,True,False,False,False,False,eligible_for_shift_screen
84,4257,1X9V,True,True,True,False,False,False,False,eligible_for_shift_screen
85,4260,1BYV,True,True,True,False,False,False,False,eligible_for_shift_screen
86,4261,1BZB,True,True,True,False,False,False,False,eligible_for_shift_screen
87,4262,1BZF,True,True,True,False,True,True,True,known_bmrb_id;known_pdb_id
88,4263,2NMB,True,True,True,False,True,True,True,known_bmrb_id;known_pdb_id
89,4264,1VRC,True,True,True,False,True,False,True,known_bmrb_id
90,4264,3EZA,True,True,True,False,True,True,True,known_bmrb_id;known_pdb_id
91,4265,1DS9,True,True,True,False,True,True,True,known_bmrb_id;known_pdb_id
92,4265,1M9L,True,True,True,False,True,False,True,known_bmrb_id
93,4268,1BD6,True,True,True,False,False,False,False,eligible_for_shift_screen
94,4269,1GHT,True,True,True,False,True,True,True,known_bmrb_id;known_pdb_id
95,4269,1HX7,True,True,True,False,True,False,True,known_bmrb_id
96,4271,1JFJ,True,True,True,False,True,True,True,known_bmrb_id;known_pdb_id
97,4271,1JFK,True,True,True,False,True,False,True,known_bmrb_id
98,4276,1B2I,True,True,True,False,True,True,True,known_bmrb_id;known_pdb_id
99,4281,1Z0R,True,True,True,False,True,True,True,known_bmrb_id;known_pdb_id
100,4285,1K2H,True,True,True,False,True,True,True,known_bmrb_id;known_pdb_id
101,4292,1B1V,True,True,True,False,False,False,False,eligible_for_shift_screen
102,4299,2F63,True,True,True,False,True,True,True,known_bmrb_id;known_pdb_id
103,4300,2F65,True,True,True,False,True,True,True,known_bmrb_id;known_pdb_id
104,4312,1JM4,True,True,True,False,True,True,True,known_bmrb_id;known_pdb_id
105,4313,1ZRR,True,True,True,False,True,True,True,known_bmrb_id;known_pdb_id
106,4334,1KQQ,True,True,True,False,True,True,True,known_bmrb_id;known_pdb_id
107,4342,1LY7,True,True,True,False,True,True,True,known_bmrb_id;known_pdb_id
108,4347,1QP6,True,True,True,False,False,False,False,eligible_for_shift_screen
109,4351,1QGM,True,True,True,False,False,False,False,eligible_for_shift_screen
110,4372,1C32,True,True,True,False,False,False,False,eligible_for_shift_screen
111,4372,1C34,True,True,True,False,False,False,False,eligible_for_shift_screen
112,4373,1FHO,True,True,True,False,True,True,True,known_bmrb_id;known_pdb_id
113,4378,2LCP,True,True,True,False,False,False,False,eligible_for_shift_screen
114,4386,1EZY,True,True,True,False,True,True,True,known_bmrb_id;known_pdb_id
115,4387,8TFV,True,True,True,False,False,False,False,eligible_for_shift_screen
116,4391,1JGK,True,True,True,False,True,True,True,known_bmrb_id;known_pdb_id
117,4392,1B0S,True,True,True,False,False,False,False,eligible_for_shift_screen
118,4392,1CYZ,True,True,True,False,False,False,False,eligible_for_shift_screen
119,4394,2IFE,True,True,True,False,True,True,True,known_bmrb_id;known_pdb_id
120,4395,1B75,True,True,True,False,True,True,True,known_bmrb_id;known_pdb_id
121,4396,1COU,True,True,True,False,True,True,True,known_bmrb_id;known_pdb_id
122,4397,1B2T,True,True,True,False,True,True,True,known_bmrb_id;known_pdb_id
123,4398,1QFA,True,True,True,False,False,False,False,eligible_for_shift_screen
124,4399,1CNL,True,True,True,False,False,False,False,eligible_for_shift_screen
125,4400,1B4Y,True,True,True,False,False,False,False,eligible_for_shift_screen
126,4401,1BLQ,True,True,True,False,False,False,False,eligible_for_shift_screen
127,4405,1KHM,True,True,True,False,True,True,True,known_bmrb_id;known_pdb_id
128,4406,1QFB,True,True,True,False,False,False,False,eligible_for_shift_screen
129,4407,1CMZ,True,True,True,False,False,False,False,eligible_for_shift_screen
130,4409,1QKG,True,True,True,False,False,False,False,eligible_for_shift_screen
131,4412,1QL5,True,True,True,False,False,False,False,eligible_for_shift_screen
132,4413,1COK,True,True,True,False,True,True,True,known_bmrb_id;known_pdb_id
133,4414,1B3I,True,True,True,False,False,False,False,eligible_for_shift_screen
134,4415,1TTD,True,True,True,False,False,False,False,eligible_for_shift_screen
135,4416,1COC,True,True,True,False,False,False,False,eligible_for_shift_screen
136,4417,1B6F,True,True,True,False,True,True,True,known_bmrb_id;known_pdb_id
137,4418,1CCQ,True,True,True,False,False,False,False,eligible_for_shift_screen
138,4419,1CB9,True,True,True,False,False,False,False,eligible_for_shift_screen
139,4420,1IM1,True,True,True,False,False,False,False,eligible_for_shift_screen
140,4422,1CCV,True,True,True,False,False,False,False,eligible_for_shift_screen
141,4424,1QHK,True,True,True,False,True,True,True,known_bmrb_id;known_pdb_id
142,4425,3BDO,True,True,True,False,True,True,True,known_bmrb_id;known_pdb_id
143,4426,2BDO,True,True,True,False,False,False,False,eligible_for_shift_screen
144,4427,1QKY,True,True,True,False,False,False,False,eligible_for_shift_screen
145,4428,1QQV,True,True,True,False,True,True,True,known_bmrb_id;known_pdb_id
146,4429,1RQU,True,True,True,False,True,True,True,known_bmrb_id;known_pdb_id
147,4429,1RQV,True,True,True,False,True,False,True,known_bmrb_id
148,4430,1JWD,True,True,True,False,False,False,False,eligible_for_shift_screen
149,4430,2CNP,True,True,True,False,False,False,False,eligible_for_shift_screen
150,4431,1CKV,True,True,True,False,True,True,True,known_bmrb_id;known_pdb_id
151,4437,1CEJ,True,True,True,False,True,True,True,known_bmrb_id;known_pdb_id
152,4445,1D8B,True,True,True,False,True,True,True,known_bmrb_id;known_pdb_id
153,4447,1H6Q,True,True,True,False,True,True,True,known_bmrb_id;known_pdb_id
154,4447,1H7Y,True,True,True,False,True,False,True,known_bmrb_id
155,4448,1F3Y,True,True,True,False,True,True,True,known_bmrb_id;known_pdb_id
156,4452,2AFP,True,True,True,False,True,True,True,known_bmrb_id;known_pdb_id
157,4455,1CI5,True,True,True,False,True,True,True,known_bmrb_id;known_pdb_id
158,4461,1DF6,True,True,True,False,False,False,False,eligible_for_shift_screen
159,4467,1UB1,True,True,True,False,True,True,True,known_bmrb_id;known_pdb_id
160,4473,1L6E,True,True,True,False,True,True,True,known_bmrb_id;known_pdb_id
161,4473,1R2A,True,True,True,False,True,False,True,known_bmrb_id
162,4475,1CR8,True,True,True,False,False,False,False,eligible_for_shift_screen
163,4476,1B4G,True,True,True,False,False,False,False,eligible_for_shift_screen
164,4477,1B4I,True,True,True,False,False,False,False,eligible_for_shift_screen
165,4478,1B4R,True,True,True,False,True,True,True,known_bmrb_id;known_pdb_id
166,4481,1B9P,True,True,True,False,False,False,False,eligible_for_shift_screen
167,4483,1CB3,True,True,True,False,False,False,False,eligible_for_shift_screen
168,4486,2MOB,True,True,True,False,False,False,False,eligible_for_shift_screen
169,4487,1CE3,True,True,True,False,False,False,False,eligible_for_shift_screen
170,4488,1CFL,True,True,True,False,False,False,False,eligible_for_shift_screen
171,4490,1QFD,True,True,True,False,False,False,False,eligible_for_shift_screen
172,4491,1QJT,True,True,True,False,True,True,True,known_bmrb_id;known_pdb_id
173,4492,1JBA,True,True,True,False,True,True,True,known_bmrb_id;known_pdb_id
174,4493,1UD7,True,True,True,False,True,True,True,known_bmrb_id;known_pdb_id
175,4494,3LRI,True,True,True,False,True,True,True,known_bmrb_id;known_pdb_id
176,4496,1OM2,True,True,True,False,True,True,True,known_bmrb_id;known_pdb_id
177,4497,7HSC,True,True,True,False,True,True,True,known_bmrb_id;known_pdb_id
178,4498,1CL4,True,True,True,False,False,False,False,eligible_for_shift_screen
179,4500,1CNN,True,True,True,False,False,False,False,eligible_for_shift_screen
180,4503,1QMW,True,True,True,False,False,False,False,eligible_for_shift_screen
181,4506,1CW5,True,True,True,False,False,False,False,eligible_for_shift_screen
182,4507,1CW6,True,True,True,False,False,False,False,eligible_for_shift_screen
183,4509,1CXR,True,True,True,False,False,False,False,eligible_for_shift_screen
184,4510,1CXW,True,True,True,False,True,True,True,known_bmrb_id;known_pdb_id
185,4514,1D2L,True,True,True,False,True,True,True,known_bmrb_id;known_pdb_id
186,4516,1D5G,True,True,True,False,True,True,True,known_bmrb_id;known_pdb_id
187,4519,1D7Q,True,True,True,False,True,True,True,known_bmrb_id;known_pdb_id
188,4522,1D8V,True,True,True,False,False,False,False,eligible_for_shift_screen
189,4524,1DAQ,True,True,True,False,True,True,True,known_bmrb_id;known_pdb_id
190,4526,1DC2,True,True,True,False,False,False,False,eligible_for_shift_screen
191,4527,1DC7,True,True,True,False,False,False,False,eligible_for_shift_screen
192,4528,1DC8,True,True,True,False,True,True,True,known_bmrb_id;known_pdb_id
193,4536,1DGO,True,True,True,False,False,False,False,eligible_for_shift_screen
194,4540,1NLA,True,True,True,False,True,True,True,known_bmrb_id;known_pdb_id
195,4540,1QTG,True,True,True,False,True,False,True,known_bmrb_id
196,4541,1QUZ,True,True,True,False,False,False,False,eligible_for_shift_screen
197,4542,1QE7,True,True,True,False,False,False,False,eligible_for_shift_screen
198,4547,1C2Q,True,True,True,False,False,False,False,eligible_for_shift_screen
199,4550,1CQO,True,True,True,False,False,False,False,eligible_for_shift_screen
200,4551,1CQU,True,True,True,False,False,False,False,eligible_for_shift_screen
201,4552,1G8C,True,True,True,False,False,False,False,eligible_for_shift_screen
202,4553,1DGQ,True,True,True,False,True,True,True,known_bmrb_id;known_pdb_id
203,4557,1QLO,True,True,True,False,False,False,False,eligible_for_shift_screen
204,4566,1L6U,True,True,True,False,True,True,True,known_bmrb_id;known_pdb_id
205,4566,1L6V,True,True,True,False,True,False,True,known_bmrb_id
206,4570,1B4O,True,True,True,False,False,False,False,eligible_for_shift_screen
207,4574,1D4B,True,True,True,False,True,True,True,known_bmrb_id;known_pdb_id
208,4577,1C05,True,True,True,False,True,True,True,known_bmrb_id;known_pdb_id
209,4579,1HYI,True,True,True,False,True,True,True,known_bmrb_id;known_pdb_id
210,4579,1HYJ,True,True,True,False,True,False,True,known_bmrb_id
211,4581,1D1O,True,True,True,False,False,False,False,eligible_for_shift_screen
212,4583,1DOQ,True,True,True,False,True,True,True,known_bmrb_id;known_pdb_id
213,4584,1DP3,True,True,True,False,True,True,True,known_bmrb_id;known_pdb_id
214,4585,1DU9,True,True,True,False,False,False,False,eligible_for_shift_screen
215,4587,1ED0,True,True,True,False,False,False,False,eligible_for_shift_screen
216,4588,1ED7,True,True,True,False,True,True,True,known_bmrb_id;known_pdb_id
217,4589,1EHX,True,True,True,False,True,True,True,known_bmrb_id;known_pdb_id
218,4590,1EIG,True,True,True,False,False,False,False,eligible_for_shift_screen
219,4590,1EIH,True,True,True,False,False,False,False,eligible_for_shift_screen
220,4591,1EJP,True,True,True,False,False,False,False,eligible_for_shift_screen
221,4592,1EJQ,True,True,True,False,False,False,False,eligible_for_shift_screen
222,4593,1EOQ,True,True,True,False,True,True,True,known_bmrb_id;known_pdb_id
223,4595,1CKW,True,True,True,False,False,False,False,eligible_for_shift_screen
224,4596,1CKX,True,True,True,False,False,False,False,eligible_for_shift_screen
225,4597,1CKY,True,True,True,False,False,False,False,eligible_for_shift_screen
226,4598,1CKZ,True,True,True,False,False,False,False,eligible_for_shift_screen
227,4599,7HSC,True,True,True,False,False,True,True,known_pdb_id
228,4600,1CL4,True,True,True,False,False,False,False,eligible_for_shift_screen
229,4601,1DLZ,True,True,True,False,False,False,False,eligible_for_shift_screen
230,4602,1DO9,True,True,True,False,True,True,True,known_bmrb_id;known_pdb_id
231,4603,1DV5,True,True,True,False,True,True,True,known_bmrb_id;known_pdb_id
232,4604,1EE7,True,True,True,False,False,False,False,eligible_for_shift_screen
233,4607,1EQX,True,True,True,False,False,False,False,eligible_for_shift_screen
234,4609,1EMQ,True,True,True,False,False,False,False,eligible_for_shift_screen
235,4610,1EVM,True,True,True,False,False,False,False,eligible_for_shift_screen
236,4612,1EVO,True,True,True,False,False,False,False,eligible_for_shift_screen
237,4614,1F5G,True,True,True,False,False,False,False,eligible_for_shift_screen
238,4615,1DKC,True,True,True,False,False,False,False,eligible_for_shift_screen
239,4616,1DX7,True,True,True,False,False,False,False,eligible_for_shift_screen
240,4617,1DXW,True,True,True,False,False,False,False,eligible_for_shift_screen
241,4618,1DXN,True,True,True,False,False,False,False,eligible_for_shift_screen
242,4619,1E0E,True,True,True,False,True,True,True,known_bmrb_id;known_pdb_id
243,4620,1E1U,True,True,True,False,False,False,False,eligible_for_shift_screen
244,4621,1E4U,True,True,True,False,True,True,True,known_bmrb_id;known_pdb_id
245,4622,1E52,True,True,True,False,True,True,True,known_bmrb_id;known_pdb_id
246,4623,1E5C,True,True,True,False,False,False,False,eligible_for_shift_screen
247,4628,1G9E,True,True,True,False,False,False,False,eligible_for_shift_screen
248,4630,1DQB,True,True,True,False,False,False,False,eligible_for_shift_screen
249,4631,1DU1,True,True,True,False,False,False,False,eligible_for_shift_screen
250,4633,1FUW,True,True,True,False,False,False,False,eligible_for_shift_screen
251,4634,1FYJ,True,True,True,False,False,False,False,eligible_for_shift_screen
252,4635,1G1E,True,True,True,False,False,False,False,eligible_for_shift_screen
253,4635,1S5Q,True,True,True,False,False,False,False,eligible_for_shift_screen
254,4635,1S5R,True,True,True,False,False,False,False,eligible_for_shift_screen
255,4636,1F2H,True,True,True,False,True,True,True,known_bmrb_id;known_pdb_id
256,4637,1F43,True,True,True,False,True,True,True,known_bmrb_id;known_pdb_id
257,4638,1FA3,True,True,True,False,False,False,False,eligible_for_shift_screen
258,4639,1FEX,True,True,True,False,False,False,False,eligible_for_shift_screen
259,4640,1FJN,True,True,True,False,False,False,False,eligible_for_shift_screen
260,4641,1FO7,True,True,True,False,True,True,True,known_bmrb_id;known_pdb_id
261,4642,1FQQ,True,True,True,False,False,False,False,eligible_for_shift_screen
262,4643,1FRY,True,True,True,False,False,False,False,eligible_for_shift_screen
263,4644,1FV5,True,True,True,False,False,False,False,eligible_for_shift_screen
264,4645,1FWO,True,True,True,False,False,False,False,eligible_for_shift_screen
265,4646,1FYI,True,True,True,False,False,False,False,eligible_for_shift_screen
266,4647,1FYY,True,True,True,False,False,False,False,eligible_for_shift_screen
267,4648,1FZT,True,True,True,False,True,True,True,known_bmrb_id;known_pdb_id
268,4649,1G03,True,True,True,False,True,True,True,known_bmrb_id;known_pdb_id
269,4650,1G04,True,True,True,False,False,False,False,eligible_for_shift_screen
270,4651,1FDF,True,True,True,False,False,False,False,eligible_for_shift_screen
271,4652,1EDX,True,True,True,False,False,False,False,eligible_for_shift_screen
272,4653,1EDW,True,True,True,False,False,False,False,eligible_for_shift_screen
273,4654,1EDV,True,True,True,False,False,False,False,eligible_for_shift_screen
274,4655,1EDS,True,True,True,False,False,False,False,eligible_for_shift_screen
275,4656,1G26,True,True,True,False,False,False,False,eligible_for_shift_screen
276,4661,1C15,True,True,True,False,True,True,True,known_bmrb_id;known_pdb_id
277,4663,1C3T,True,True,True,False,False,False,False,eligible_for_shift_screen
278,4664,1JZU,True,True,True,False,True,True,True,known_bmrb_id;known_pdb_id
279,4666,1DCZ,True,True,True,False,True,True,True,known_bmrb_id;known_pdb_id
280,4666,1DD2,True,True,True,False,True,False,True,known_bmrb_id
281,4667,1DEY,True,True,True,False,False,False,False,eligible_for_shift_screen
282,4668,1IX5,True,True,True,False,True,True,True,known_bmrb_id;known_pdb_id
283,4669,1CWX,True,True,True,False,False,False,False,eligible_for_shift_screen
284,4677,1EXK,True,True,True,False,True,True,True,known_bmrb_id;known_pdb_id
285,4679,1FLS,True,True,True,False,False,False,False,eligible_for_shift_screen
286,4679,1FM1,True,True,True,False,False,False,False,eligible_for_shift_screen
287,4682,1EII,True,True,True,False,False,False,False,eligible_for_shift_screen
288,4688,1ILY,True,True,True,False,True,True,True,known_bmrb_id;known_pdb_id
289,4692,1EL2,True,True,True,False,False,False,False,eligible_for_shift_screen
290,4697,1D1N,True,True,True,False,True,True,True,known_bmrb_id;known_pdb_id
291,4700,1CF4,True,True,True,False,True,True,True,known_bmrb_id;known_pdb_id
292,4701,1D9S,True,True,True,False,True,True,True,known_bmrb_id;known_pdb_id
293,4706,1CX1,True,True,True,False,True,True,True,known_bmrb_id;known_pdb_id
294,4716,1N4C,True,True,True,False,True,True,True,known_bmrb_id;known_pdb_id
295,4717,1F7W,True,True,True,False,True,True,True,known_bmrb_id;known_pdb_id
296,4717,1F7X,True,True,True,False,True,False,True,known_bmrb_id
297,4721,1D8J,True,True,True,False,True,True,True,known_bmrb_id;known_pdb_id
298,4725,1J5M,True,True,True,False,False,False,False,eligible_for_shift_screen
299,4735,1JYT,True,True,True,False,True,True,True,known_bmrb_id;known_pdb_id
300,4738,1FA4,True,True,True,False,False,False,False,eligible_for_shift_screen
301,4738,1FAF,True,True,True,False,False,False,False,eligible_for_shift_screen
302,4740,1GH9,True,True,True,False,True,True,True,known_bmrb_id;known_pdb_id
303,4743,1EHJ,True,True,True,False,False,False,False,eligible_for_shift_screen
304,4743,1LM2,True,True,True,False,False,False,False,eligible_for_shift_screen
305,4745,1K8S,True,True,True,False,False,False,False,eligible_for_shift_screen
306,4751,1IVM,True,True,True,False,True,True,True,known_bmrb_id;known_pdb_id
307,4752,1J9I,True,True,True,False,True,True,True,known_bmrb_id;known_pdb_id
308,4754,1J5L,True,True,True,False,False,False,False,eligible_for_shift_screen
309,4757,1DV0,True,True,True,False,True,True,True,known_bmrb_id;known_pdb_id
310,4759,1QPU,True,True,True,False,True,True,True,known_bmrb_id;known_pdb_id
311,4760,1C49,True,True,True,False,False,False,False,eligible_for_shift_screen
312,4771,1S62,True,True,True,False,True,True,True,known_bmrb_id;known_pdb_id
313,4775,1DUJ,True,True,True,False,True,True,True,known_bmrb_id;known_pdb_id
314,4776,1QXN,True,True,True,False,False,False,False,eligible_for_shift_screen
315,4778,1FI6,True,True,True,False,False,False,False,eligible_for_shift_screen
316,4779,1PLO,True,True,True,False,True,True,True,known_bmrb_id;known_pdb_id
317,4780,1F6U,True,True,True,False,False,True,True,known_pdb_id
318,4781,1F6U,True,True,True,False,True,True,True,known_bmrb_id;known_pdb_id
319,4791,1JR6,True,True,True,False,True,True,True,known_bmrb_id;known_pdb_id
320,4792,2AN7,True,True,True,False,True,True,True,known_bmrb_id;known_pdb_id
321,4797,1KD6,True,True,True,False,True,True,True,known_bmrb_id;known_pdb_id
322,4798,1FPW,True,True,True,False,False,False,False,eligible_for_shift_screen
323,4814,1LS4,True,True,True,False,True,True,True,known_bmrb_id;known_pdb_id
324,4815,1FFJ,True,True,True,False,False,False,False,eligible_for_shift_screen
325,4816,1JO7,True,True,True,False,False,False,False,eligible_for_shift_screen
326,4825,1M58,True,True,True,False,True,True,True,known_bmrb_id;known_pdb_id
327,4829,1JXS,True,True,True,False,True,True,True,known_bmrb_id;known_pdb_id
328,4833,1G6E,True,True,True,False,True,True,True,known_bmrb_id;known_pdb_id
329,4837,1E8E,True,True,True,False,False,False,False,eligible_for_shift_screen
330,4838,1L4W,True,True,True,False,False,False,False,eligible_for_shift_screen
331,4838,1LJZ,True,True,True,False,False,False,False,eligible_for_shift_screen
332,4841,1E91,True,True,True,False,True,True,True,known_bmrb_id;known_pdb_id
333,4845,1E74,True,True,True,False,False,False,False,eligible_for_shift_screen
334,4846,1E75,True,True,True,False,False,False,False,eligible_for_shift_screen
335,4847,1E76,True,True,True,False,False,False,False,eligible_for_shift_screen
336,4850,1FOV,True,True,True,False,False,False,False,eligible_for_shift_screen
337,4862,1F8P,True,True,True,False,False,False,False,eligible_for_shift_screen
338,4862,1FVN,True,True,True,False,False,False,False,eligible_for_shift_screen
339,4869,1LWM,True,True,True,False,False,False,False,eligible_for_shift_screen
340,4872,1FMH,True,True,True,False,False,False,False,eligible_for_shift_screen
341,4879,1IJA,True,True,True,False,False,False,False,eligible_for_shift_screen
342,4880,1H67,True,True,True,False,False,False,False,eligible_for_shift_screen
343,4884,1G47,True,True,True,False,False,False,False,eligible_for_shift_screen
344,4890,1G25,True,True,True,False,False,False,False,eligible_for_shift_screen
345,4891,1G6M,True,True,True,False,False,False,False,eligible_for_shift_screen
346,4892,1M31,True,True,True,False,False,False,False,eligible_for_shift_screen
347,4893,1KVZ,True,True,True,False,False,False,False,eligible_for_shift_screen
348,4894,1EKZ,True,True,True,False,False,False,False,eligible_for_shift_screen
349,4895,1G6P,True,True,True,False,False,False,False,eligible_for_shift_screen
350,4899,1G5V,True,True,True,False,False,False,False,eligible_for_shift_screen
351,4900,1HEH,True,True,True,False,False,False,False,eligible_for_shift_screen
352,4900,1HEJ,True,True,True,False,False,False,False,eligible_for_shift_screen
353,4902,1RJA,True,True,True,False,False,False,False,eligible_for_shift_screen
354,4906,1HF9,True,True,True,False,False,False,False,eligible_for_shift_screen
355,4907,1FJP,True,True,True,False,False,False,False,eligible_for_shift_screen
356,4910,1HDL,True,True,True,False,False,False,False,eligible_for_shift_screen
357,4911,1F96,True,True,True,False,False,False,False,eligible_for_shift_screen
358,4912,1F3C,True,True,True,False,False,False,False,eligible_for_shift_screen
359,4914,1HFF,True,True,True,False,False,False,False,eligible_for_shift_screen
360,4914,1HFG,True,True,True,False,False,False,False,eligible_for_shift_screen
361,4914,1HFN,True,True,True,False,False,False,False,eligible_for_shift_screen
362,4915,1G9L,True,True,True,False,False,False,False,eligible_for_shift_screen
363,4916,1GEA,True,True,True,False,False,False,False,eligible_for_shift_screen
364,4917,1BV2,True,True,True,False,False,False,False,eligible_for_shift_screen
365,4919,1G7E,True,True,True,False,False,False,False,eligible_for_shift_screen
366,4920,2M66,True,True,True,False,False,False,False,eligible_for_shift_screen
367,4921,1G92,True,True,True,False,False,False,False,eligible_for_shift_screen
368,4923,1G9P,True,True,True,False,False,False,False,eligible_for_shift_screen
369,4924,1HP2,True,True,True,False,False,False,False,eligible_for_shift_screen
370,4925,1EYF,True,True,True,False,False,False,False,eligible_for_shift_screen
371,4927,1N02,True,True,True,False,False,False,False,eligible_for_shift_screen
372,4929,1XDX,True,True,True,False,False,False,False,eligible_for_shift_screen
373,4930,1PS2,True,True,True,False,False,False,False,eligible_for_shift_screen
374,4933,1PS2,True,True,True,False,False,False,False,eligible_for_shift_screen
375,4935,1KVN,True,True,True,False,False,False,False,eligible_for_shift_screen
376,4935,1KVV,True,True,True,False,False,False,False,eligible_for_shift_screen
377,4938,1I17,True,True,True,False,False,False,False,eligible_for_shift_screen
378,4939,1FU9,True,True,True,False,False,False,False,eligible_for_shift_screen
379,4941,1JJR,True,True,True,False,False,False,False,eligible_for_shift_screen
380,4945,1HS7,True,True,True,False,False,False,False,eligible_for_shift_screen
381,4946,1HZK,True,True,True,False,False,False,False,eligible_for_shift_screen
382,4947,1HZL,True,True,True,False,False,False,False,eligible_for_shift_screen
383,4948,1HOY,True,True,True,False,False,False,False,eligible_for_shift_screen
384,4950,1QA4,True,True,True,False,False,False,False,eligible_for_shift_screen
385,4951,1QA5,True,True,True,False,False,False,False,eligible_for_shift_screen
386,4954,1HZE,True,True,True,False,False,False,False,eligible_for_shift_screen
387,4954,1I18,True,True,True,False,False,False,False,eligible_for_shift_screen
388,4957,1I1S,True,True,True,False,False,False,False,eligible_for_shift_screen
389,4958,2NBI,True,True,True,False,False,False,False,eligible_for_shift_screen
390,4959,1INZ,True,True,True,False,False,False,False,eligible_for_shift_screen
391,4960,1FI3,True,True,True,False,False,False,False,eligible_for_shift_screen
392,4966,1I02,True,True,True,False,False,False,False,eligible_for_shift_screen
393,4972,1K1C,True,True,True,False,False,False,False,eligible_for_shift_screen
394,4977,1N89,True,True,True,False,False,False,False,eligible_for_shift_screen
395,4979,1HA8,True,True,True,False,False,False,False,eligible_for_shift_screen
396,4980,1QWQ,True,True,True,False,False,False,False,eligible_for_shift_screen
397,4984,1KOS,True,True,True,False,False,False,False,eligible_for_shift_screen
398,4986,9PGN,True,True,True,False,False,False,False,eligible_for_shift_screen
399,4988,1I25,True,True,True,False,False,False,False,eligible_for_shift_screen
400,4989,1HY8,True,True,True,False,False,False,False,eligible_for_shift_screen
401,4991,1ILO,True,True,True,False,False,False,False,eligible_for_shift_screen
402,4993,1IH9,True,True,True,False,False,False,False,eligible_for_shift_screen
403,4994,1IH0,True,True,True,False,False,False,False,eligible_for_shift_screen
404,4995,1IHQ,True,True,True,False,False,False,False,eligible_for_shift_screen
405,4996,1IIO,True,True,True,False,False,False,False,eligible_for_shift_screen
406,4997,1JCO,True,True,True,False,False,False,False,eligible_for_shift_screen
407,5004,1IK0,True,True,True,False,False,False,False,eligible_for_shift_screen
408,5006,1JBD,True,True,True,False,False,False,False,eligible_for_shift_screen
409,5007,1HWQ,True,True,True,False,False,False,False,eligible_for_shift_screen
410,5007,1J6Q,True,True,True,False,False,False,False,eligible_for_shift_screen
411,5010,1JAJ,True,True,True,False,False,False,False,eligible_for_shift_screen
412,5012,1J7M,True,True,True,False,False,False,False,eligible_for_shift_screen
413,5018,1ICH,True,True,True,False,False,False,False,eligible_for_shift_screen
414,5020,1I98,True,True,True,False,False,False,False,eligible_for_shift_screen
415,5021,1I8E,True,True,True,False,False,False,False,eligible_for_shift_screen
416,5022,1I4V,True,True,True,False,False,False,False,eligible_for_shift_screen
417,5023,1I4C,True,True,True,False,False,False,False,eligible_for_shift_screen
418,5024,1IDL,True,True,True,False,False,False,False,eligible_for_shift_screen
419,5025,1IDH,True,True,True,False,False,False,False,eligible_for_shift_screen
420,5026,1I5T,True,True,True,False,False,False,False,eligible_for_shift_screen
421,5026,1M60,True,True,True,False,False,False,False,eligible_for_shift_screen
422,5027,1J8K,True,True,True,False,False,False,False,eligible_for_shift_screen
423,5028,1IB9,True,True,True,False,False,False,False,eligible_for_shift_screen
424,5030,1TUJ,True,True,True,False,False,False,False,eligible_for_shift_screen
425,5031,1M2E,True,True,True,False,False,False,False,eligible_for_shift_screen
426,5031,1M2F,True,True,True,False,False,False,False,eligible_for_shift_screen
427,5033,1I2U,True,True,True,False,False,False,False,eligible_for_shift_screen
428,5033,1I2V,True,True,True,False,False,False,False,eligible_for_shift_screen
429,5034,1HU6,True,True,True,False,False,False,False,eligible_for_shift_screen
430,5034,1HU7,True,True,True,False,False,False,False,eligible_for_shift_screen
431,5036,1I11,True,True,True,False,False,False,False,eligible_for_shift_screen
432,5037,1HU5,True,True,True,False,False,False,False,eligible_for_shift_screen
433,5038,1JAS,True,True,True,False,False,False,False,eligible_for_shift_screen
434,5041,1IMO,True,True,True,False,False,False,False,eligible_for_shift_screen
435,5041,1IN1,True,True,True,False,False,False,False,eligible_for_shift_screen
436,5042,1J8I,True,True,True,False,False,False,False,eligible_for_shift_screen
437,5042,1J9O,True,True,True,False,False,False,False,eligible_for_shift_screen
438,5043,1H9F,True,True,True,False,False,False,False,eligible_for_shift_screen
439,5044,1IE5,True,True,True,False,False,False,False,eligible_for_shift_screen
440,5046,1IDV,True,True,True,False,False,False,False,eligible_for_shift_screen
441,5047,1JBI,True,True,True,False,False,False,False,eligible_for_shift_screen
442,5048,1JBH,True,True,True,False,False,False,False,eligible_for_shift_screen
443,5049,1N6U,True,True,True,False,False,False,False,eligible_for_shift_screen
444,5049,1N6V,True,True,True,False,False,False,False,eligible_for_shift_screen
445,5050,1JC6,True,True,True,False,False,False,False,eligible_for_shift_screen
446,5051,1JCU,True,True,True,False,False,False,False,eligible_for_shift_screen
447,5052,1JE9,True,True,True,False,False,False,False,eligible_for_shift_screen
448,5053,1IFW,True,True,True,False,False,False,False,eligible_for_shift_screen
449,5054,1JKN,True,True,True,False,False,False,False,eligible_for_shift_screen
450,5055,1IMU,True,True,True,False,False,False,False,eligible_for_shift_screen
451,5059,1JE3,True,True,True,False,False,False,False,eligible_for_shift_screen
452,5060,1JDQ,True,True,True,False,False,False,False,eligible_for_shift_screen
453,5065,1IBI,True,True,True,False,False,False,False,eligible_for_shift_screen
454,5066,1JI9,True,True,True,False,False,False,False,eligible_for_shift_screen
455,5070,1JH3,True,True,True,False,False,False,False,eligible_for_shift_screen
456,5071,1JC2,True,True,True,False,False,False,False,eligible_for_shift_screen
457,5072,1JBJ,True,True,True,False,False,False,False,eligible_for_shift_screen
458,5073,1JE4,True,True,True,False,False,False,False,eligible_for_shift_screen
459,5074,1JEI,True,True,True,False,False,False,False,eligible_for_shift_screen
460,5075,1JFN,True,True,True,False,False,False,False,eligible_for_shift_screen
461,5077,1JJG,True,True,True,False,False,False,False,eligible_for_shift_screen
462,5078,1K8M,True,True,True,False,False,False,False,eligible_for_shift_screen
463,5078,1K8O,True,True,True,False,False,False,False,eligible_for_shift_screen
464,5082,1JLZ,True,True,True,False,False,False,False,eligible_for_shift_screen
465,5083,1JJJ,True,True,True,False,False,False,False,eligible_for_shift_screen
466,5084,1JH4,True,True,True,False,False,False,False,eligible_for_shift_screen
467,5085,1JGN,True,True,True,False,False,False,False,eligible_for_shift_screen
468,5086,1AYG,True,True,True,False,False,False,False,eligible_for_shift_screen
469,5091,1JEX,True,True,True,False,False,False,False,eligible_for_shift_screen
470,5092,1JO6,True,True,True,False,False,False,False,eligible_for_shift_screen
471,5094,1JJL,True,True,True,False,False,False,False,eligible_for_shift_screen
472,5094,1K19,True,True,True,False,False,False,False,eligible_for_shift_screen
473,5096,1JN7,True,True,True,False,False,False,False,eligible_for_shift_screen
474,5097,1IJC,True,True,True,False,False,False,False,eligible_for_shift_screen
475,5100,1J2O,True,True,True,False,False,False,False,eligible_for_shift_screen
476,5101,1GJZ,True,True,True,False,False,False,False,eligible_for_shift_screen
477,5104,1JRM,True,True,True,False,False,False,False,eligible_for_shift_screen
478,5106,1RYJ,True,True,True,False,False,False,False,eligible_for_shift_screen
479,5108,1JAA,True,True,True,False,False,False,False,eligible_for_shift_screen
480,5109,1J9V,True,True,True,False,False,False,False,eligible_for_shift_screen
481,5110,1J8Z,True,True,True,False,False,False,False,eligible_for_shift_screen
482,5111,1J8N,True,True,True,False,False,False,False,eligible_for_shift_screen
483,5112,1JLP,True,True,True,False,False,False,False,eligible_for_shift_screen
484,5113,1JLO,True,True,True,False,False,False,False,eligible_for_shift_screen
485,5114,1JJZ,True,True,True,False,False,False,False,eligible_for_shift_screen
486,5114,1K48,True,True,True,False,False,False,False,eligible_for_shift_screen
487,5115,1JI8,True,True,True,False,False,False,False,eligible_for_shift_screen
488,5116,1JI8,True,True,True,False,False,False,False,eligible_for_shift_screen
489,5117,2PJF,True,True,True,False,False,False,False,eligible_for_shift_screen
490,5120,1GK5,True,True,True,False,False,False,False,eligible_for_shift_screen
491,5122,1JWE,True,True,True,False,False,False,False,eligible_for_shift_screen
492,5129,1IQO,True,True,True,False,False,False,False,eligible_for_shift_screen
493,5129,1IQS,True,True,True,False,False,False,False,eligible_for_shift_screen
494,5130,1IY4,True,True,True,False,False,False,False,eligible_for_shift_screen
495,5131,1GM1,True,True,True,False,False,False,False,eligible_for_shift_screen
496,5134,1JS5,True,True,True,False,False,False,False,eligible_for_shift_screen
497,5134,1JS7,True,True,True,False,False,False,False,eligible_for_shift_screen
498,5135,1JRV,True,True,True,False,False,False,False,eligible_for_shift_screen
499,5135,1JRW,True,True,True,False,False,False,False,eligible_for_shift_screen
500,5136,1JDK,True,True,True,False,False,False,False,eligible_for_shift_screen
501,5137,1JD8,True,True,True,False,False,False,False,eligible_for_shift_screen
502,5138,1JCP,True,True,True,False,False,False,False,eligible_for_shift_screen
503,5139,1JC8,True,True,True,False,False,False,False,eligible_for_shift_screen
504,5140,1JAR,True,True,True,False,False,False,False,eligible_for_shift_screen
505,5141,1T4Y,True,True,True,False,False,False,False,eligible_for_shift_screen
506,5141,1T4Z,True,True,True,False,False,False,False,eligible_for_shift_screen
507,5142,1IY3,True,True,True,False,False,False,False,eligible_for_shift_screen
508,5145,1LG4,True,True,True,False,False,False,False,eligible_for_shift_screen
509,5147,1JJD,True,True,True,False,False,False,False,eligible_for_shift_screen
510,5148,1JQ4,True,True,True,False,False,False,False,eligible_for_shift_screen
511,5151,1FD6,True,True,True,False,False,False,False,eligible_for_shift_screen
512,5152,1FCL,True,True,True,False,False,False,False,eligible_for_shift_screen
513,5154,1D2B,True,True,True,False,False,False,False,eligible_for_shift_screen
514,5155,1JRU,True,True,True,False,False,False,False,eligible_for_shift_screen
515,5157,1J5B,True,True,True,False,False,False,False,eligible_for_shift_screen
516,5159,1XKE,True,True,True,False,False,False,False,eligible_for_shift_screen
517,5162,1MP1,True,True,True,False,False,False,False,eligible_for_shift_screen
518,5164,1JUU,True,True,True,False,False,False,False,eligible_for_shift_screen
519,5165,1JW3,True,True,True,False,False,False,False,eligible_for_shift_screen
520,5166,1JW2,True,True,True,False,False,False,False,eligible_for_shift_screen
521,5167,1JVE,True,True,True,False,False,False,False,eligible_for_shift_screen
522,5169,1JNJ,True,True,True,False,False,False,False,eligible_for_shift_screen
523,5170,1JU7,True,True,True,False,False,False,False,eligible_for_shift_screen
524,5170,1JWC,True,True,True,False,False,False,False,eligible_for_shift_screen
525,5171,1JV8,True,True,True,False,False,False,False,eligible_for_shift_screen
526,5171,1JV9,True,True,True,False,False,False,False,eligible_for_shift_screen
527,5172,1K3G,True,True,True,False,False,False,False,eligible_for_shift_screen
528,5172,1K3H,True,True,True,False,False,False,False,eligible_for_shift_screen
529,5173,1K36,True,True,True,False,False,False,False,eligible_for_shift_screen
530,5173,1K37,True,True,True,False,False,False,False,eligible_for_shift_screen
531,5174,1IRZ,True,True,True,False,False,False,False,eligible_for_shift_screen
532,5175,1K5O,True,True,True,False,False,False,False,eligible_for_shift_screen
533,5176,1HA9,True,True,True,False,False,False,False,eligible_for_shift_screen
534,5177,1TVJ,True,True,True,False,False,False,False,eligible_for_shift_screen
535,5178,1K85,True,True,True,False,False,False,False,eligible_for_shift_screen
536,5179,1K1Z,True,True,True,False,False,False,False,eligible_for_shift_screen
537,5180,1HBW,True,True,True,False,False,False,False,eligible_for_shift_screen
538,5181,1K42,True,True,True,False,False,False,False,eligible_for_shift_screen
539,5181,1K45,True,True,True,False,False,False,False,eligible_for_shift_screen
540,5183,1K09,True,True,True,False,False,False,False,eligible_for_shift_screen
541,5184,1J5J,True,True,True,False,False,False,False,eligible_for_shift_screen
542,5184,1LGL,True,True,True,False,False,False,False,eligible_for_shift_screen
543,5185,1KAT,True,True,True,False,False,False,False,eligible_for_shift_screen
544,5187,1V4R,True,True,True,False,False,False,False,eligible_for_shift_screen
545,5188,1IRR,True,True,True,False,False,False,False,eligible_for_shift_screen
546,5189,1NSH,True,True,True,False,False,False,False,eligible_for_shift_screen
547,5192,1K8V,True,True,True,False,False,False,False,eligible_for_shift_screen
548,5193,1JZC,True,True,True,False,False,False,False,eligible_for_shift_screen
549,5194,1K5W,True,True,True,False,False,False,False,eligible_for_shift_screen
550,5196,1JZP,True,True,True,False,False,False,False,eligible_for_shift_screen
551,5199,1KG1,True,True,True,False,False,False,False,eligible_for_shift_screen
552,5201,1I6Y,True,True,True,False,False,False,False,eligible_for_shift_screen
553,5202,2ILX,True,True,True,False,False,False,False,eligible_for_shift_screen
554,5203,1KBE,True,True,True,False,False,False,False,eligible_for_shift_screen
555,5203,1KBF,True,True,True,False,False,False,False,eligible_for_shift_screen
556,5204,1K9C,True,True,True,False,False,False,False,eligible_for_shift_screen
557,5205,1K91,True,True,True,False,False,False,False,eligible_for_shift_screen
558,5206,1UWO,True,True,True,False,False,False,False,eligible_for_shift_screen
559,5207,1KCY,True,True,True,False,False,False,False,eligible_for_shift_screen
560,5208,1BNP,True,True,True,False,False,False,False,eligible_for_shift_screen
561,5208,1BPD,True,True,True,False,False,False,False,eligible_for_shift_screen
562,5208,1BPE,True,True,True,False,False,False,False,eligible_for_shift_screen
563,5208,1BPX,True,True,True,False,False,False,False,eligible_for_shift_screen
564,5209,1BNP,True,True,True,False,False,False,False,eligible_for_shift_screen
565,5209,1BPD,True,True,True,False,False,False,False,eligible_for_shift_screen
566,5209,1BPE,True,True,True,False,False,False,False,eligible_for_shift_screen
567,5209,1BPX,True,True,True,False,False,False,False,eligible_for_shift_screen
568,5209,1XNT,True,True,True,False,False,False,False,eligible_for_shift_screen
569,5210,1K7B,True,True,True,False,False,False,False,eligible_for_shift_screen
570,5211,1KA7,True,True,True,False,False,False,False,eligible_for_shift_screen
571,5212,1KA6,True,True,True,False,False,False,False,eligible_for_shift_screen
572,5213,1K0V,True,True,True,False,False,False,False,eligible_for_shift_screen
573,5214,1D0W,True,True,True,False,False,False,False,eligible_for_shift_screen
574,5215,1D1E,True,True,True,False,False,False,False,eligible_for_shift_screen
575,5216,1D1F,True,True,True,False,False,False,False,eligible_for_shift_screen
576,5217,1KFT,True,True,True,False,False,False,False,eligible_for_shift_screen
577,5220,1K0X,True,True,True,False,False,False,False,eligible_for_shift_screen
578,5225,1JNS,True,True,True,False,False,False,False,eligible_for_shift_screen
579,5225,1JNT,True,True,True,False,False,False,False,eligible_for_shift_screen
580,5232,1KXL,True,True,True,False,False,False,False,eligible_for_shift_screen
581,5236,1KN7,True,True,True,False,False,False,False,eligible_for_shift_screen
582,5238,1KMX,True,True,True,False,False,False,False,eligible_for_shift_screen
583,5238,1VGH,True,True,True,False,False,False,False,eligible_for_shift_screen
584,5238,2VGH,True,True,True,False,False,False,False,eligible_for_shift_screen
585,5241,1RQM,True,True,True,False,False,False,False,eligible_for_shift_screen
586,5242,1KN6,True,True,True,False,False,False,False,eligible_for_shift_screen
587,5243,1IR5,True,True,True,False,False,False,False,eligible_for_shift_screen
588,5245,1K1R,True,True,True,False,False,False,False,eligible_for_shift_screen
589,5246,1KMF,True,True,True,False,False,False,False,eligible_for_shift_screen
590,5252,1KKV,True,True,True,False,False,False,False,eligible_for_shift_screen
591,5253,1KKW,True,True,True,False,False,False,False,eligible_for_shift_screen
592,5255,1WKT,True,True,True,False,False,False,False,eligible_for_shift_screen
593,5256,1KKA,True,True,True,False,False,False,False,eligible_for_shift_screen
594,5257,1HJ0,True,True,True,False,False,False,False,eligible_for_shift_screen
595,5259,1KKA,True,True,True,False,False,False,False,eligible_for_shift_screen
596,5261,1J57,True,True,True,False,False,False,False,eligible_for_shift_screen
597,5261,1KTU,True,True,True,False,False,False,False,eligible_for_shift_screen
598,5262,1CK7,True,True,True,False,False,False,False,eligible_for_shift_screen
599,5262,1KS0,True,True,True,False,False,False,False,eligible_for_shift_screen
600,5264,1KJ6,True,True,True,False,False,False,False,eligible_for_shift_screen
601,5265,1KV4,True,True,True,False,False,False,False,eligible_for_shift_screen
602,5266,1KTM,True,True,True,False,False,False,False,eligible_for_shift_screen
603,5268,1CIX,True,True,True,False,False,False,False,eligible_for_shift_screen
604,5272,1KGM,True,True,True,False,False,False,False,eligible_for_shift_screen
605,5273,1KIO,True,True,True,False,False,False,False,eligible_for_shift_screen
606,5275,1KQR,True,True,True,False,False,False,False,eligible_for_shift_screen
607,5275,1KRI,True,True,True,False,False,False,False,eligible_for_shift_screen
608,5276,1KMA,True,True,True,False,False,False,False,eligible_for_shift_screen
609,5277,1KMR,True,True,True,False,False,False,False,eligible_for_shift_screen
610,5278,1KPY,True,True,True,False,False,False,False,eligible_for_shift_screen
611,5278,1KPZ,True,True,True,False,False,False,False,eligible_for_shift_screen
612,5279,1KWJ,True,True,True,False,False,False,False,eligible_for_shift_screen
613,5279,1L3O,True,True,True,False,False,False,False,eligible_for_shift_screen
614,5282,1KR8,True,True,True,False,False,False,False,eligible_for_shift_screen
615,5282,1PQT,True,True,True,False,False,False,False,eligible_for_shift_screen
616,5283,1KZS,True,True,True,False,False,False,False,eligible_for_shift_screen
617,5283,1KZT,True,True,True,False,False,False,False,eligible_for_shift_screen
618,5283,1KZV,True,True,True,False,False,False,False,eligible_for_shift_screen
619,5284,1KZW,True,True,True,False,False,False,False,eligible_for_shift_screen
620,5285,1KZX,True,True,True,False,False,False,False,eligible_for_shift_screen
621,5289,1KZ0,True,True,True,False,False,False,False,eligible_for_shift_screen
622,5290,1KZ2,True,True,True,False,False,False,False,eligible_for_shift_screen
623,5291,1KZ5,True,True,True,False,False,False,False,eligible_for_shift_screen
624,5292,1L2Y,True,True,True,False,False,False,False,eligible_for_shift_screen
625,5293,1BTA,True,True,True,False,False,False,False,eligible_for_shift_screen
626,5293,1L1K,True,True,True,False,False,False,False,eligible_for_shift_screen
627,5294,1K81,True,True,True,False,False,False,False,eligible_for_shift_screen
628,5294,1K8B,True,True,True,False,False,False,False,eligible_for_shift_screen
629,5297,1L2M,True,True,True,False,False,False,False,eligible_for_shift_screen
630,5297,1L5I,True,True,True,False,False,False,False,eligible_for_shift_screen
631,5298,1L1P,True,True,True,False,False,False,False,eligible_for_shift_screen
632,5299,1KLQ,True,True,True,False,False,False,False,eligible_for_shift_screen
633,5301,1KYJ,True,True,True,False,False,False,False,eligible_for_shift_screen
634,5302,1KUW,True,True,True,False,False,False,False,eligible_for_shift_screen
635,5303,1J56,True,True,True,False,False,False,False,eligible_for_shift_screen
636,5303,1KRW,True,True,True,False,False,False,False,eligible_for_shift_screen
637,5303,1KRX,True,True,True,False,False,False,False,eligible_for_shift_screen
638,5304,1KX2,True,True,True,False,False,False,False,eligible_for_shift_screen
639,5304,1KX7,True,True,True,False,False,False,False,eligible_for_shift_screen
640,5306,1L3E,True,True,True,False,False,False,False,eligible_for_shift_screen
641,5308,1M7T,True,True,True,False,False,False,False,eligible_for_shift_screen
642,5309,1M3V,True,True,True,False,False,False,False,eligible_for_shift_screen
643,5310,2PLD,True,True,True,False,False,False,False,eligible_for_shift_screen
644,5312,1NEE,True,True,True,False,False,False,False,eligible_for_shift_screen
645,5315,1L4S,True,True,True,False,False,False,False,eligible_for_shift_screen
646,5316,1L6N,True,True,True,False,False,False,False,eligible_for_shift_screen
647,5317,1ITY,True,True,True,False,False,False,False,eligible_for_shift_screen
648,5318,2PLD,True,True,True,False,False,False,False,eligible_for_shift_screen
649,5319,1JBH,True,True,True,False,False,False,False,eligible_for_shift_screen
650,5319,1KGL,True,True,True,False,False,False,False,eligible_for_shift_screen
651,5320,1JJX,True,True,True,False,False,False,False,eligible_for_shift_screen
652,5321,1L1W,True,True,True,False,False,False,False,eligible_for_shift_screen
653,5323,1L1I,True,True,True,False,False,False,False,eligible_for_shift_screen
654,5326,1L6T,True,True,True,False,False,False,False,eligible_for_shift_screen
655,5327,1L8C,True,True,True,False,False,False,False,eligible_for_shift_screen
656,5328,1L7B,True,True,True,False,False,False,False,eligible_for_shift_screen
657,5329,1L7Y,True,True,True,False,False,False,False,eligible_for_shift_screen
658,5330,1JBH,True,True,True,False,False,False,False,eligible_for_shift_screen
659,5330,1KGL,True,True,True,False,False,False,False,eligible_for_shift_screen
660,5331,1JBH,True,True,True,False,False,False,False,eligible_for_shift_screen
661,5331,1KGL,True,True,True,False,False,False,False,eligible_for_shift_screen
662,5332,1JSA,True,True,True,False,False,False,False,eligible_for_shift_screen
663,5332,1LA3,True,True,True,False,False,False,False,eligible_for_shift_screen
664,5333,1IT1,True,True,True,False,False,False,False,eligible_for_shift_screen
665,5333,2CDV,True,True,True,False,False,False,False,eligible_for_shift_screen
666,5334,1G03,True,True,True,False,False,True,True,known_pdb_id
667,5335,1LV3,True,True,True,False,False,False,False,eligible_for_shift_screen
668,5337,1CJE,True,True,True,False,False,False,False,eligible_for_shift_screen
669,5338,1L3Y,True,True,True,False,False,False,False,eligible_for_shift_screen
670,5339,1K2K,True,True,True,False,False,False,False,eligible_for_shift_screen
671,5340,2BID,True,True,True,False,False,False,False,eligible_for_shift_screen
672,5345,1L1M,True,True,True,False,False,False,False,eligible_for_shift_screen
673,5346,1L3X,True,True,True,False,False,False,False,eligible_for_shift_screen
674,5347,1O1W,True,True,True,False,False,False,False,eligible_for_shift_screen
675,5348,1IW4,True,True,True,False,False,False,False,eligible_for_shift_screen
676,5349,1LFU,True,True,True,False,False,False,False,eligible_for_shift_screen
677,5353,1LKJ,True,True,True,False,False,False,False,eligible_for_shift_screen
678,5354,1LL8,True,True,True,False,False,False,False,eligible_for_shift_screen
679,5356,1LQ7,True,True,True,False,False,False,False,eligible_for_shift_screen
680,5357,1LKN,True,True,True,False,False,False,False,eligible_for_shift_screen
681,5361,1IV6,True,True,True,False,False,False,False,eligible_for_shift_screen
682,5363,1LO1,True,True,True,False,False,False,False,eligible_for_shift_screen
683,5364,1GO5,True,True,True,False,False,False,False,eligible_for_shift_screen
684,5365,2A3S,True,True,True,False,False,False,False,eligible_for_shift_screen
685,5365,2D2W,True,True,True,False,False,False,False,eligible_for_shift_screen
686,5366,1KMD,True,True,True,False,False,False,False,eligible_for_shift_screen
687,5369,1LIQ,True,True,True,False,False,False,False,eligible_for_shift_screen
688,5370,1LEJ,True,True,True,False,False,False,False,eligible_for_shift_screen
689,5371,1LC6,True,True,True,False,False,False,False,eligible_for_shift_screen
690,5372,1LC1,True,True,True,False,False,False,False,eligible_for_shift_screen
691,5372,1LC2,True,True,True,False,False,False,False,eligible_for_shift_screen
692,5375,1LD6,True,True,True,False,False,False,False,eligible_for_shift_screen
693,5376,1LVZ,True,True,True,False,False,False,False,eligible_for_shift_screen
694,5377,1UWO,True,True,True,False,False,False,False,eligible_for_shift_screen
695,5377,2PRU,True,True,True,False,False,False,False,eligible_for_shift_screen
696,5379,1LJV,True,True,True,False,False,False,False,eligible_for_shift_screen
697,5381,1LD5,True,True,True,False,False,False,False,eligible_for_shift_screen
698,5383,1LV9,True,True,True,False,False,False,False,eligible_for_shift_screen
699,5385,1N2W,True,True,True,False,False,False,False,eligible_for_shift_screen
700,5386,1LXF,True,True,True,False,False,False,False,eligible_for_shift_screen
701,5387,1D3Z,True,True,True,False,False,False,False,eligible_for_shift_screen
702,5387,1G6J,True,True,True,False,False,False,False,eligible_for_shift_screen
703,5387,1UBQ,True,True,True,False,False,False,False,eligible_for_shift_screen
704,5389,1N3G,True,True,True,False,False,False,False,eligible_for_shift_screen
705,5390,1LR1,True,True,True,False,False,False,False,eligible_for_shift_screen
706,5392,1L8Y,True,True,True,False,False,False,False,eligible_for_shift_screen
707,5392,1L8Z,True,True,True,False,False,False,False,eligible_for_shift_screen
708,5394,1LPW,True,True,True,False,False,False,False,eligible_for_shift_screen
709,5395,1LMV,True,True,True,False,False,False,False,eligible_for_shift_screen
710,5396,1LUD,True,True,True,False,False,False,False,eligible_for_shift_screen
711,5398,1LMZ,True,True,True,False,False,False,False,eligible_for_shift_screen
712,5399,1SXE,True,True,True,False,False,False,False,eligible_for_shift_screen
713,5401,1SXD,True,True,True,False,False,False,False,eligible_for_shift_screen
714,5403,1C9S,True,True,True,False,False,False,False,eligible_for_shift_screen
715,5403,1GTF,True,True,True,False,False,False,False,eligible_for_shift_screen
716,5403,1GTN,True,True,True,False,False,False,False,eligible_for_shift_screen
717,5405,1M25,True,True,True,False,False,False,False,eligible_for_shift_screen
718,5407,1LM0,True,True,True,False,False,False,False,eligible_for_shift_screen
719,5409,1QM9,True,True,True,False,False,False,False,eligible_for_shift_screen
720,5410,1MPZ,True,True,True,False,False,False,False,eligible_for_shift_screen
721,5454,1LBJ,True,True,True,False,False,False,False,eligible_for_shift_screen
722,5457,1E91,True,True,True,False,False,True,True,known_pdb_id
723,5457,1PD7,True,True,True,False,False,False,False,eligible_for_shift_screen
724,5459,1IYM,True,True,True,False,False,False,False,eligible_for_shift_screen
725,5461,1LUI,True,True,True,False,False,False,False,eligible_for_shift_screen
726,5461,1LUK,True,True,True,False,False,False,False,eligible_for_shift_screen
727,5461,1LUM,True,True,True,False,False,False,False,eligible_for_shift_screen
728,5461,1LUN,True,True,True,False,False,False,False,eligible_for_shift_screen
729,5463,1LV4,True,True,True,False,False,False,False,eligible_for_shift_screen
730,5464,1M36,True,True,True,False,False,False,False,eligible_for_shift_screen
731,5465,1M12,True,True,True,False,False,False,False,eligible_for_shift_screen
732,5465,1SN6,True,True,True,False,False,False,False,eligible_for_shift_screen
733,5466,1LMS,True,True,True,False,False,False,False,eligible_for_shift_screen
734,5467,1RI9,True,True,True,False,False,False,False,eligible_for_shift_screen
735,5469,1IY5,True,True,True,False,False,False,False,eligible_for_shift_screen
736,5470,1IY6,True,True,True,False,False,False,False,eligible_for_shift_screen
737,5472,1M8B,True,True,True,False,False,False,False,eligible_for_shift_screen
738,5472,1M8C,True,True,True,False,False,False,False,eligible_for_shift_screen
739,5473,1M8B,True,True,True,False,False,False,False,eligible_for_shift_screen
740,5473,1M8C,True,True,True,False,False,False,False,eligible_for_shift_screen
741,5475,1M9W,True,True,True,False,False,False,False,eligible_for_shift_screen
742,5480,1SY9,True,True,True,False,False,False,False,eligible_for_shift_screen
743,5481,1M94,True,True,True,False,False,False,False,eligible_for_shift_screen
744,5482,1MJD,True,True,True,False,False,False,False,eligible_for_shift_screen
745,5485,1GO0,True,True,True,False,False,False,False,eligible_for_shift_screen
746,5486,1MA2,True,True,True,False,False,False,False,eligible_for_shift_screen
747,5486,1MA4,True,True,True,False,False,False,False,eligible_for_shift_screen
748,5486,1MA5,True,True,True,False,False,False,False,eligible_for_shift_screen
749,5486,1MA6,True,True,True,False,False,False,False,eligible_for_shift_screen
750,5487,1MA2,True,True,True,False,False,False,False,eligible_for_shift_screen
751,5487,1MA4,True,True,True,False,False,False,False,eligible_for_shift_screen
752,5487,1MA5,True,True,True,False,False,False,False,eligible_for_shift_screen
753,5487,1MA6,True,True,True,False,False,False,False,eligible_for_shift_screen
754,5488,1MA2,True,True,True,False,False,False,False,eligible_for_shift_screen
755,5488,1MA4,True,True,True,False,False,False,False,eligible_for_shift_screen
756,5488,1MA5,True,True,True,False,False,False,False,eligible_for_shift_screen
757,5488,1MA6,True,True,True,False,False,False,False,eligible_for_shift_screen
758,5489,1MA2,True,True,True,False,False,False,False,eligible_for_shift_screen
759,5489,1MA4,True,True,True,False,False,False,False,eligible_for_shift_screen
760,5489,1MA5,True,True,True,False,False,False,False,eligible_for_shift_screen
761,5489,1MA6,True,True,True,False,False,False,False,eligible_for_shift_screen
762,5491,1IYC,True,True,True,False,False,False,False,eligible_for_shift_screen
763,5494,1M02,True,True,True,False,False,False,False,eligible_for_shift_screen
764,5495,1LMM,True,True,True,False,False,False,False,eligible_for_shift_screen
765,5498,1K4U,True,True,True,False,False,False,False,eligible_for_shift_screen
766,5499,1M5Z,True,True,True,False,False,False,False,eligible_for_shift_screen
767,5500,1IYF,True,True,True,False,False,False,False,eligible_for_shift_screen
768,5501,1M4F,True,True,True,False,False,False,False,eligible_for_shift_screen
769,5502,1M4E,True,True,True,False,False,False,False,eligible_for_shift_screen
770,5503,1M39,True,True,True,False,False,False,False,eligible_for_shift_screen
771,5506,1NWV,True,True,True,False,False,False,False,eligible_for_shift_screen
772,5511,1E96,True,True,True,False,False,False,False,eligible_for_shift_screen
773,5511,1FOE,True,True,True,False,False,False,False,eligible_for_shift_screen
774,5511,1G4U,True,True,True,False,False,False,False,eligible_for_shift_screen
775,5511,1HE1,True,True,True,False,False,False,False,eligible_for_shift_screen
776,5511,1HH4,True,True,True,False,False,False,False,eligible_for_shift_screen
777,5511,1I4D,True,True,True,False,False,False,False,eligible_for_shift_screen
778,5511,1I4T,True,True,True,False,False,False,False,eligible_for_shift_screen
779,5516,1RSF,True,True,True,False,False,False,False,eligible_for_shift_screen
780,5517,1A5J,True,True,True,False,False,True,True,known_pdb_id
781,5525,1M9O,True,True,True,False,False,False,False,eligible_for_shift_screen
782,5527,1MB6,True,True,True,False,False,False,False,eligible_for_shift_screen
783,5528,1M82,True,True,True,False,False,False,False,eligible_for_shift_screen
784,5529,1M9G,True,True,True,False,False,False,False,eligible_for_shift_screen
785,5530,1LUX,True,True,True,False,False,False,False,eligible_for_shift_screen
786,5531,1LUU,True,True,True,False,False,False,False,eligible_for_shift_screen
787,5532,1M4P,True,True,True,False,False,False,False,eligible_for_shift_screen
788,5532,1M4Q,True,True,True,False,False,False,False,eligible_for_shift_screen
789,5535,1MSZ,True,True,True,False,False,False,False,eligible_for_shift_screen
790,5536,1RKN,True,True,True,False,False,False,False,eligible_for_shift_screen
791,5538,1H3Z,True,True,True,False,False,False,False,eligible_for_shift_screen
792,5542,1OMQ,True,True,True,False,False,False,False,eligible_for_shift_screen
793,5544,1B4C,True,True,True,False,False,False,False,eligible_for_shift_screen
794,5544,1DT7,True,True,True,False,False,False,False,eligible_for_shift_screen
795,5544,1MWN,True,True,True,False,False,False,False,eligible_for_shift_screen
796,5544,1QLK,True,True,True,False,False,False,False,eligible_for_shift_screen
797,5545,1RMJ,True,True,True,False,False,False,False,eligible_for_shift_screen
798,5551,1H0Z,True,True,True,False,False,False,False,eligible_for_shift_screen
799,5552,1M3G,True,True,True,False,False,False,False,eligible_for_shift_screen
800,5553,1MFY,True,True,True,False,False,False,False,eligible_for_shift_screen
801,5554,1MKE,True,True,True,False,False,False,False,eligible_for_shift_screen
802,5555,1MM2,True,True,True,False,False,False,False,eligible_for_shift_screen
803,5556,1MM3,True,True,True,False,False,False,False,eligible_for_shift_screen
804,5557,1MM4,True,True,True,False,False,False,False,eligible_for_shift_screen
805,5557,1MM5,True,True,True,False,False,False,False,eligible_for_shift_screen
806,5558,1H5P,True,True,True,False,False,False,False,eligible_for_shift_screen
807,5560,1RDU,True,True,True,False,False,False,False,eligible_for_shift_screen
808,5561,1O6X,True,True,True,False,False,False,False,eligible_for_shift_screen
809,5562,1N1K,True,True,True,False,False,False,False,eligible_for_shift_screen
810,5564,1MZK,True,True,True,False,False,False,False,eligible_for_shift_screen
811,5565,1XHH,True,True,True,False,False,False,False,eligible_for_shift_screen
812,5566,1N3H,True,True,True,False,False,False,False,eligible_for_shift_screen
813,5567,1N3J,True,True,True,False,False,False,False,eligible_for_shift_screen
814,5570,1Q27,True,True,True,False,False,False,False,eligible_for_shift_screen
815,5574,1MYU,True,True,True,False,False,False,False,eligible_for_shift_screen
816,5575,1MXQ,True,True,True,False,False,False,False,eligible_for_shift_screen
817,5576,1MO8,True,True,True,False,False,False,False,eligible_for_shift_screen
818,5577,1MO7,True,True,True,False,False,False,False,eligible_for_shift_screen
819,5578,1MX8,True,True,True,False,False,False,False,eligible_for_shift_screen
820,5579,1MX7,True,True,True,False,False,False,False,eligible_for_shift_screen
821,5580,1MQZ,True,True,True,False,False,False,False,eligible_for_shift_screen
822,5581,1MQX,True,True,True,False,False,False,False,eligible_for_shift_screen
823,5582,1MQY,True,True,True,False,False,False,False,eligible_for_shift_screen
824,5583,1L3H,True,True,True,False,False,False,False,eligible_for_shift_screen
825,5585,1MTQ,True,True,True,False,False,False,False,eligible_for_shift_screen
826,5586,1MV1,True,True,True,False,False,False,False,eligible_for_shift_screen
827,5587,1MV2,True,True,True,False,False,False,False,eligible_for_shift_screen
828,5588,1MV1,True,True,True,False,False,False,False,eligible_for_shift_screen
829,5589,1NXI,True,True,True,False,False,False,False,eligible_for_shift_screen
830,5596,1N91,True,True,True,False,False,False,False,eligible_for_shift_screen
831,5597,1N9C,True,True,True,False,False,False,False,eligible_for_shift_screen
832,5598,1OP1,True,True,True,False,False,False,False,eligible_for_shift_screen
833,5598,1OV2,True,True,True,False,False,False,False,eligible_for_shift_screen
834,5599,1RW5,True,True,True,False,False,False,False,eligible_for_shift_screen
835,5601,1ZRP,True,True,True,False,False,False,False,eligible_for_shift_screen
836,5604,1MWY,True,True,True,False,False,False,False,eligible_for_shift_screen
837,5604,1MWZ,True,True,True,False,False,False,False,eligible_for_shift_screen
838,5607,1MOT,True,True,True,False,False,False,False,eligible_for_shift_screen
839,5608,1NXN,True,True,True,False,False,False,False,eligible_for_shift_screen
840,5609,1N1U,True,True,True,False,False,False,False,eligible_for_shift_screen
841,5610,1MV4,True,True,True,False,False,False,False,eligible_for_shift_screen
842,5611,1N6T,True,True,True,False,False,False,False,eligible_for_shift_screen
843,5612,1N4N,True,True,True,False,False,False,False,eligible_for_shift_screen
844,5613,1N09,True,True,True,False,False,False,False,eligible_for_shift_screen
845,5614,1MUV,True,True,True,False,False,False,False,eligible_for_shift_screen
846,5616,1O6W,True,True,True,False,False,False,False,eligible_for_shift_screen
847,5617,1MVZ,True,True,True,False,False,False,False,eligible_for_shift_screen
848,5620,1NE3,True,True,True,False,False,False,False,eligible_for_shift_screen
849,5621,1NEI,True,True,True,False,False,False,False,eligible_for_shift_screen
850,5622,1NHO,True,True,True,False,False,False,False,eligible_for_shift_screen
851,5624,1ND9,True,True,True,False,False,False,False,eligible_for_shift_screen
852,5625,1A2I,True,True,True,False,False,False,False,eligible_for_shift_screen
853,5625,2BPN,True,True,True,False,False,False,False,eligible_for_shift_screen
854,5625,2CTH,True,True,True,False,False,False,False,eligible_for_shift_screen
855,5631,1N7T,True,True,True,False,False,False,False,eligible_for_shift_screen
856,5632,1NA2,True,True,True,False,False,False,False,eligible_for_shift_screen
857,5633,1J0T,True,True,True,False,False,False,False,eligible_for_shift_screen
858,5652,1NE5,True,True,True,False,False,False,False,eligible_for_shift_screen
859,5653,1J0T,True,True,True,False,False,False,False,eligible_for_shift_screen
860,5654,1MPE,True,True,True,False,False,False,False,eligible_for_shift_screen
861,5655,1NC0,True,True,True,False,False,False,False,eligible_for_shift_screen
862,5657,1NR3,True,True,True,False,False,False,False,eligible_for_shift_screen
863,5659,2IN2,True,True,True,False,False,False,False,eligible_for_shift_screen
864,5660,1AKK,True,True,True,False,False,False,False,eligible_for_shift_screen
865,5664,1NQ4,True,True,True,False,False,False,False,eligible_for_shift_screen
866,5667,1N0Z,True,True,True,False,False,False,False,eligible_for_shift_screen
867,5668,1NKU,True,True,True,False,False,False,False,eligible_for_shift_screen
868,5669,1NJ3,True,True,True,False,False,False,False,eligible_for_shift_screen
869,5670,1NBL,True,True,True,False,False,False,False,eligible_for_shift_screen
870,5671,1NAJ,True,True,True,False,False,False,False,eligible_for_shift_screen
871,5672,1NH5,True,True,True,False,False,False,False,eligible_for_shift_screen
872,5673,1NAU,True,True,True,False,False,False,False,eligible_for_shift_screen
873,5674,1NIY,True,True,True,False,False,False,False,eligible_for_shift_screen
874,5675,1NIX,True,True,True,False,False,False,False,eligible_for_shift_screen
875,5676,1N8M,True,True,True,False,False,False,False,eligible_for_shift_screen
876,5677,1K05,True,True,True,False,False,False,False,eligible_for_shift_screen
877,5677,1K40,True,True,True,False,False,False,False,eligible_for_shift_screen
878,5677,1KTM,True,True,True,False,False,False,False,eligible_for_shift_screen
879,5678,1S7E,True,True,True,False,False,False,False,eligible_for_shift_screen
880,5681,1N96,True,True,True,False,False,False,False,eligible_for_shift_screen
881,5683,1NWB,True,True,True,False,False,False,False,eligible_for_shift_screen
882,5688,1N5H,True,True,True,False,False,False,False,eligible_for_shift_screen
883,5688,1N5P,True,True,True,False,False,False,False,eligible_for_shift_screen
884,5689,1QWV,True,True,True,False,False,False,False,eligible_for_shift_screen
885,5689,1TWO,True,True,True,False,False,False,False,eligible_for_shift_screen
886,5690,1JE9,True,True,True,False,False,False,False,eligible_for_shift_screen
887,5690,1NOR,True,True,True,False,False,False,False,eligible_for_shift_screen
888,5691,1NY4,True,True,True,False,False,False,False,eligible_for_shift_screen
889,5694,1UAO,True,True,True,False,False,False,False,eligible_for_shift_screen
890,5695,1NYN,True,True,True,False,False,False,False,eligible_for_shift_screen
891,5696,1RGW,True,True,True,False,False,False,False,eligible_for_shift_screen
892,5698,1NMR,True,True,True,False,False,False,False,eligible_for_shift_screen
893,5701,1R6E,True,True,True,False,False,False,False,eligible_for_shift_screen
894,5701,1R9K,True,True,True,False,False,False,False,eligible_for_shift_screen
895,5702,1AXH,True,True,True,False,False,False,False,eligible_for_shift_screen
896,5705,2KOC,True,True,True,False,False,False,False,eligible_for_shift_screen
897,5706,1NY9,True,True,True,False,False,False,False,eligible_for_shift_screen
898,5708,1O53,True,True,True,False,False,False,False,eligible_for_shift_screen
899,5710,1OQK,True,True,True,False,False,False,False,eligible_for_shift_screen
900,5713,1HJM,True,True,True,False,False,False,False,eligible_for_shift_screen
901,5714,1ONM,True,True,True,False,False,False,False,eligible_for_shift_screen
902,5716,1K8J,True,True,True,False,False,False,False,eligible_for_shift_screen
903,5716,1K8L,True,True,True,False,False,False,False,eligible_for_shift_screen
904,5716,1K8N,True,True,True,False,False,False,False,eligible_for_shift_screen
905,5717,1K8J,True,True,True,False,False,False,False,eligible_for_shift_screen
906,5717,1K8L,True,True,True,False,False,False,False,eligible_for_shift_screen
907,5717,1K8N,True,True,True,False,False,False,False,eligible_for_shift_screen
908,5718,1K8J,True,True,True,False,False,False,False,eligible_for_shift_screen
909,5718,1K8L,True,True,True,False,False,False,False,eligible_for_shift_screen
910,5718,1K8N,True,True,True,False,False,False,False,eligible_for_shift_screen
911,5719,1S79,True,True,True,False,False,False,False,eligible_for_shift_screen
912,5720,1AKE,True,True,True,False,False,False,False,eligible_for_shift_screen
913,5722,1OQP,True,True,True,False,False,False,False,eligible_for_shift_screen
914,5729,1K76,True,True,True,False,False,False,False,eligible_for_shift_screen
915,5729,1KFZ,True,True,True,False,False,False,False,eligible_for_shift_screen
916,5730,1N8C,True,True,True,False,False,False,False,eligible_for_shift_screen
917,5735,1NMJ,True,True,True,False,False,False,False,eligible_for_shift_screen
918,5737,1NP9,True,True,True,False,False,False,False,eligible_for_shift_screen
919,5738,1NPQ,True,True,True,False,False,False,False,eligible_for_shift_screen
920,5739,1N1N,True,True,True,False,False,False,False,eligible_for_shift_screen
921,5742,1ON4,True,True,True,False,False,False,False,eligible_for_shift_screen
922,5744,1XQ8,True,True,True,False,False,False,False,eligible_for_shift_screen
923,5745,1HKO,True,True,True,False,False,False,False,eligible_for_shift_screen
924,5746,1AKE,True,True,True,False,False,False,False,eligible_for_shift_screen
925,5747,1NVO,True,True,True,False,False,False,False,eligible_for_shift_screen
926,5748,1RYU,True,True,True,False,False,False,False,eligible_for_shift_screen
927,5750,1OSX,True,True,True,False,False,False,False,eligible_for_shift_screen
928,5753,1NG7,True,True,True,False,False,False,False,eligible_for_shift_screen
929,5757,1K1C,True,True,True,False,False,False,False,eligible_for_shift_screen
930,5758,1OVQ,True,True,True,False,False,False,False,eligible_for_shift_screen
931,5764,1NO8,True,True,True,False,False,False,False,eligible_for_shift_screen
932,5765,1SU4,True,True,True,False,False,False,False,eligible_for_shift_screen
933,5766,1NZP,True,True,True,False,False,False,False,eligible_for_shift_screen
934,5767,1ORL,True,True,True,False,False,False,False,eligible_for_shift_screen
935,5768,1OQ6,True,True,True,False,False,False,False,eligible_for_shift_screen
936,5769,1OPZ,True,True,True,False,False,False,False,eligible_for_shift_screen
937,5769,1OQ3,True,True,True,False,False,False,False,eligible_for_shift_screen
938,5770,1NWD,True,True,True,False,False,False,False,eligible_for_shift_screen
939,5771,1E9T,True,True,True,False,False,False,False,eligible_for_shift_screen
940,5771,1PE3,True,True,True,False,False,False,False,eligible_for_shift_screen
941,5773,1N8X,True,True,True,False,False,False,False,eligible_for_shift_screen
942,5775,1NTQ,True,True,True,False,False,False,False,eligible_for_shift_screen
943,5776,1NTS,True,True,True,False,False,False,False,eligible_for_shift_screen
944,5777,1NTT,True,True,True,False,False,False,False,eligible_for_shift_screen
945,5779,1NNV,True,True,True,False,False,False,False,eligible_for_shift_screen
946,5780,1UCP,True,True,True,False,False,False,False,eligible_for_shift_screen
947,5781,1OO7,True,True,True,False,False,False,False,eligible_for_shift_screen
948,5785,1OO9,True,True,True,False,False,False,False,eligible_for_shift_screen
949,5786,1OP4,True,True,True,False,False,False,False,eligible_for_shift_screen
950,5787,1Z5F,True,True,True,False,False,False,False,eligible_for_shift_screen
951,5790,1NWB,True,True,True,False,False,False,False,eligible_for_shift_screen
952,5791,1OSL,True,True,True,False,False,False,False,eligible_for_shift_screen
953,5796,1PA4,True,True,True,False,False,False,False,eligible_for_shift_screen
954,5798,1NY8,True,True,True,False,False,False,False,eligible_for_shift_screen
955,5801,1P9J,True,True,True,False,False,False,False,eligible_for_shift_screen
956,5807,1VD0,True,True,True,False,False,False,False,eligible_for_shift_screen
957,5808,1PD7,True,True,True,False,False,False,False,eligible_for_shift_screen
958,5813,1P6T,True,True,True,False,False,False,False,eligible_for_shift_screen
959,5815,1NH4,True,True,True,False,False,False,False,eligible_for_shift_screen
960,5817,1PB5,True,True,True,False,False,False,False,eligible_for_shift_screen
961,5818,1P9K,True,True,True,False,False,False,False,eligible_for_shift_screen
962,5820,1PJZ,True,True,True,False,False,False,False,eligible_for_shift_screen
963,5821,1JMC,True,True,True,False,False,False,False,eligible_for_shift_screen
964,5822,1JMC,True,True,True,False,False,False,False,eligible_for_shift_screen
965,5823,1JMC,True,True,True,False,False,False,False,eligible_for_shift_screen
966,5824,1Q6A,True,True,True,False,False,False,False,eligible_for_shift_screen
967,5824,1Q6B,True,True,True,False,False,False,False,eligible_for_shift_screen
968,5833,1R3B,True,True,True,False,False,False,False,eligible_for_shift_screen
969,5834,1PJY,True,True,True,False,False,False,False,eligible_for_shift_screen
970,5836,1POQ,True,True,True,False,False,False,False,eligible_for_shift_screen
971,5839,2IGD,True,True,True,False,False,False,False,eligible_for_shift_screen
972,5839,2IGH,True,True,True,False,False,False,False,eligible_for_shift_screen
973,5841,1MZK,True,True,True,False,False,False,False,eligible_for_shift_screen
974,5842,1Q48,True,True,True,False,False,False,False,eligible_for_shift_screen
975,5842,1R9P,True,True,True,False,False,False,False,eligible_for_shift_screen
976,5843,1Q53,True,True,True,False,False,False,False,eligible_for_shift_screen
977,5844,2M6Q,True,True,True,False,False,False,False,eligible_for_shift_screen
978,5844,2M8W,True,True,True,False,False,False,False,eligible_for_shift_screen
979,5845,1R57,True,True,True,False,False,False,False,eligible_for_shift_screen
980,5845,2H5M,True,True,True,False,False,False,False,eligible_for_shift_screen
981,5847,1PV0,True,True,True,False,False,False,False,eligible_for_shift_screen
982,5848,1UGL,True,True,True,False,False,False,False,eligible_for_shift_screen
983,5849,1UFM,True,True,True,False,False,False,False,eligible_for_shift_screen
984,5850,1P8A,True,True,True,False,False,False,False,eligible_for_shift_screen
985,5851,1P7A,True,True,True,False,False,False,False,eligible_for_shift_screen
986,5852,1OW9,True,True,True,False,False,False,False,eligible_for_shift_screen
987,5859,1PP5,True,True,True,False,False,False,False,eligible_for_shift_screen
988,5860,1PXQ,True,True,True,False,False,False,False,eligible_for_shift_screen
989,5861,1RFL,True,True,True,False,False,False,False,eligible_for_shift_screen
990,5864,1P9F,True,True,True,False,False,False,False,eligible_for_shift_screen
991,5865,1PVZ,True,True,True,False,False,False,False,eligible_for_shift_screen
992,5866,1PPX,True,True,True,False,False,False,False,eligible_for_shift_screen
993,5867,1UHF,True,True,True,False,False,False,False,eligible_for_shift_screen
994,5868,1PVE,True,True,True,False,False,False,False,eligible_for_shift_screen
995,5869,1PQR,True,True,True,False,False,False,False,eligible_for_shift_screen
996,5870,1UGT,True,True,True,False,False,False,False,eligible_for_shift_screen
997,5873,1P6R,True,True,True,False,False,False,False,eligible_for_shift_screen
998,5873,2P7C,True,True,True,False,False,False,False,eligible_for_shift_screen
999,5874,1JRU,True,True,True,False,False,False,False,eligible_for_shift_screen
1000,5874,1VAZ,True,True,True,False,False,False,False,eligible_for_shift_screen
1001,5875,1Q1O,True,True,True,False,False,False,False,eligible_for_shift_screen
1002,5876,1JRU,True,True,True,False,False,False,False,eligible_for_shift_screen
1003,5876,1V92,True,True,True,False,False,False,False,eligible_for_shift_screen
1004,5877,1PJF,True,True,True,False,False,False,False,eligible_for_shift_screen
1005,5877,1ZN5,True,True,True,False,False,False,False,eligible_for_shift_screen
1006,5878,1SSF,True,True,True,False,False,False,False,eligible_for_shift_screen
1007,5879,1Q5F,True,True,True,False,False,False,False,eligible_for_shift_screen
1008,5880,1UHU,True,True,True,False,False,False,False,eligible_for_shift_screen
1009,5881,1Q2J,True,True,True,False,False,False,False,eligible_for_shift_screen
1010,5882,2KA3,True,True,True,False,False,False,False,eligible_for_shift_screen
1011,5882,2OII,True,True,True,False,False,False,False,eligible_for_shift_screen
1012,5885,1PZQ,True,True,True,False,False,False,False,eligible_for_shift_screen
1013,5885,1PZR,True,True,True,False,False,False,False,eligible_for_shift_screen
1014,5891,1XSX,True,True,True,False,False,False,False,eligible_for_shift_screen
1015,5892,2A2Y,True,True,True,False,False,False,False,eligible_for_shift_screen
1016,5899,1PUX,True,True,True,False,False,False,False,eligible_for_shift_screen
1017,5900,1PPQ,True,True,True,False,False,False,False,eligible_for_shift_screen
1018,5901,1PXE,True,True,True,False,False,False,False,eligible_for_shift_screen
1019,5902,1H3Z,True,True,True,False,False,False,False,eligible_for_shift_screen
1020,5902,1RI0,True,True,True,False,False,False,False,eligible_for_shift_screen
1021,5902,2NLU,True,True,True,False,False,False,False,eligible_for_shift_screen
1022,5903,2I83,True,True,True,False,False,False,False,eligible_for_shift_screen
1023,5905,1AZP,True,True,True,False,False,False,False,eligible_for_shift_screen
1024,5905,1AZQ,True,True,True,False,False,False,False,eligible_for_shift_screen
1025,5905,1C8C,True,True,True,False,False,False,False,eligible_for_shift_screen
1026,5905,1CA5,True,True,True,False,False,False,False,eligible_for_shift_screen
1027,5905,1CA6,True,True,True,False,False,False,False,eligible_for_shift_screen
1028,5905,1SAP,True,True,True,False,False,False,False,eligible_for_shift_screen
1029,5907,1RW2,True,True,True,False,False,False,False,eligible_for_shift_screen
1030,5908,1AZP,True,True,True,False,False,False,False,eligible_for_shift_screen
1031,5908,1AZQ,True,True,True,False,False,False,False,eligible_for_shift_screen
1032,5908,1C8C,True,True,True,False,False,False,False,eligible_for_shift_screen
1033,5908,1CA5,True,True,True,False,False,False,False,eligible_for_shift_screen
1034,5908,1CA6,True,True,True,False,False,False,False,eligible_for_shift_screen
1035,5908,1SAP,True,True,True,False,False,False,False,eligible_for_shift_screen
1036,5909,1BBX,True,True,True,False,False,False,False,eligible_for_shift_screen
1037,5909,1BF4,True,True,True,False,False,False,False,eligible_for_shift_screen
1038,5909,1BNZ,True,True,True,False,False,False,False,eligible_for_shift_screen
1039,5909,1C8C,True,True,True,False,False,False,False,eligible_for_shift_screen
1040,5909,1CA5,True,True,True,False,False,False,False,eligible_for_shift_screen
1041,5909,1CA6,True,True,True,False,False,False,False,eligible_for_shift_screen
1042,5909,1JIC,True,True,True,False,False,False,False,eligible_for_shift_screen
1043,5909,1SSO,True,True,True,False,False,False,False,eligible_for_shift_screen
1044,5910,1BBX,True,True,True,False,False,False,False,eligible_for_shift_screen
1045,5910,1BF4,True,True,True,False,False,False,False,eligible_for_shift_screen
1046,5910,1BNZ,True,True,True,False,False,False,False,eligible_for_shift_screen
1047,5910,1C8C,True,True,True,False,False,False,False,eligible_for_shift_screen
1048,5910,1CA5,True,True,True,False,False,False,False,eligible_for_shift_screen
1049,5910,1CA6,True,True,True,False,False,False,False,eligible_for_shift_screen
1050,5910,1JIC,True,True,True,False,False,False,False,eligible_for_shift_screen
1051,5910,1SSO,True,True,True,False,False,False,False,eligible_for_shift_screen
1052,5911,1Q2F,True,True,True,False,False,False,False,eligible_for_shift_screen
1053,5911,1Q2I,True,True,True,False,False,False,False,eligible_for_shift_screen
1054,5912,1Q2Z,True,True,True,False,False,False,False,eligible_for_shift_screen
1055,5913,1PE4,True,True,True,False,False,False,False,eligible_for_shift_screen
1056,5914,1PLX,True,True,True,False,False,False,False,eligible_for_shift_screen
1057,5915,1PLW,True,True,True,False,False,False,False,eligible_for_shift_screen
1058,5917,1Q8K,True,True,True,False,False,False,False,eligible_for_shift_screen
1059,5919,1MNX,True,True,True,False,False,False,False,eligible_for_shift_screen
1060,5920,1UMQ,True,True,True,False,False,False,False,eligible_for_shift_screen
1061,5922,1UJL,True,True,True,False,False,False,False,eligible_for_shift_screen
1062,5923,2A37,True,True,True,False,False,False,False,eligible_for_shift_screen
1063,5924,1QVX,True,True,True,False,False,False,False,eligible_for_shift_screen
1064,5925,2A36,True,True,True,False,False,False,False,eligible_for_shift_screen
1065,5926,1RWD,True,True,True,False,False,False,False,eligible_for_shift_screen
1066,5927,1PQQ,True,True,True,False,False,False,False,eligible_for_shift_screen
1067,5928,1VDY,True,True,True,False,False,False,False,eligible_for_shift_screen
1068,5928,2DCP,True,True,True,False,False,False,False,eligible_for_shift_screen
1069,5929,1VEE,True,True,True,False,False,False,False,eligible_for_shift_screen
1070,5929,2DCQ,True,True,True,False,False,False,False,eligible_for_shift_screen
1071,5932,1Q75,True,True,True,False,False,False,False,eligible_for_shift_screen
1072,5933,1X9X,True,True,True,False,False,False,False,eligible_for_shift_screen
1073,5934,1Q7O,True,True,True,False,False,False,False,eligible_for_shift_screen
1074,5935,1BIF,True,True,True,False,False,False,False,eligible_for_shift_screen
1075,5935,1TIP,True,True,True,False,False,False,False,eligible_for_shift_screen
1076,5937,1Q7X,True,True,True,False,False,False,False,eligible_for_shift_screen
1077,5938,1G89,True,True,True,False,False,False,False,eligible_for_shift_screen
1078,5938,1QX9,True,True,True,False,False,False,False,eligible_for_shift_screen
1079,5938,1QXQ,True,True,True,False,False,False,False,eligible_for_shift_screen
1080,5939,2JP2,True,True,True,False,False,False,False,eligible_for_shift_screen
1081,5940,2ARW,True,True,True,False,False,False,False,eligible_for_shift_screen
1082,5941,1G89,True,True,True,False,False,False,False,eligible_for_shift_screen
1083,5941,1QX9,True,True,True,False,False,False,False,eligible_for_shift_screen
1084,5941,1QXQ,True,True,True,False,False,False,False,eligible_for_shift_screen
1085,5944,1Q68,True,True,True,False,False,False,False,eligible_for_shift_screen
1086,5945,1Q69,True,True,True,False,False,False,False,eligible_for_shift_screen
1087,5946,2FVN,True,True,True,False,False,False,False,eligible_for_shift_screen
1088,5947,1RXL,True,True,True,False,False,False,False,eligible_for_shift_screen
1089,5948,1Q7J,True,True,True,False,False,False,False,eligible_for_shift_screen
1090,5949,1Q7I,True,True,True,False,False,False,False,eligible_for_shift_screen
1091,5950,2BN8,True,True,True,False,False,False,False,eligible_for_shift_screen
1092,5956,1R05,True,True,True,False,False,False,False,eligible_for_shift_screen
1093,5958,1V49,True,True,True,False,False,False,False,eligible_for_shift_screen
1094,5960,2H3Q,True,True,True,False,False,False,False,eligible_for_shift_screen
1095,5961,2FYJ,True,True,True,False,False,False,False,eligible_for_shift_screen
1096,5961,2FYL,True,True,True,False,False,False,False,eligible_for_shift_screen
1097,5962,1R2P,True,True,True,False,False,False,False,eligible_for_shift_screen
1098,5963,2APN,True,True,True,False,False,False,False,eligible_for_shift_screen
1099,5964,1UNC,True,True,True,False,False,False,False,eligible_for_shift_screen
1100,5965,1UNC,True,True,True,False,False,False,False,eligible_for_shift_screen
1101,5966,1UND,True,True,True,False,False,False,False,eligible_for_shift_screen
1102,5967,1Q9P,True,True,True,False,False,False,False,eligible_for_shift_screen
1103,5968,1QZP,True,True,True,False,False,False,False,eligible_for_shift_screen
1104,5969,1O5P,True,True,True,False,False,False,False,eligible_for_shift_screen
1105,5970,1OVY,True,True,True,False,False,False,False,eligible_for_shift_screen
1106,5971,1Z66,True,True,True,False,False,False,False,eligible_for_shift_screen
1107,5972,1R48,True,True,True,False,False,False,False,eligible_for_shift_screen
1108,5975,1R2U,True,True,True,False,False,False,False,eligible_for_shift_screen
1109,5975,1R6P,True,True,True,False,False,False,False,eligible_for_shift_screen
1110,5977,1R73,True,True,True,False,False,False,False,eligible_for_shift_screen
1111,5978,1R7C,True,True,True,False,False,False,False,eligible_for_shift_screen
1112,5978,1R7D,True,True,True,False,False,False,False,eligible_for_shift_screen
1113,5978,1R7E,True,True,True,False,False,False,False,eligible_for_shift_screen
1114,5978,1R7F,True,True,True,False,False,False,False,eligible_for_shift_screen
1115,5978,1R7G,True,True,True,False,False,False,False,eligible_for_shift_screen
1116,5979,1R2L,True,True,True,False,False,False,False,eligible_for_shift_screen
1117,5981,1YHO,True,True,True,False,False,False,False,eligible_for_shift_screen
1118,5985,1UL2,True,True,True,False,False,False,False,eligible_for_shift_screen
1119,5986,1V28,True,True,True,False,False,False,False,eligible_for_shift_screen
1120,5987,1R8U,True,True,True,False,False,False,False,eligible_for_shift_screen
1121,5988,1RGJ,True,True,True,False,False,False,False,eligible_for_shift_screen
1122,5989,5NPN,True,True,True,False,False,False,False,eligible_for_shift_screen
1123,5991,1R36,True,True,True,False,False,False,False,eligible_for_shift_screen
1124,5992,2A4J,True,True,True,False,False,False,False,eligible_for_shift_screen
1125,5994,1R02,True,True,True,False,False,False,False,eligible_for_shift_screen
1126,5994,1WSO,True,True,True,False,False,False,False,eligible_for_shift_screen
1127,5998,2F1E,True,True,True,False,False,False,False,eligible_for_shift_screen
1128,6001,1XWE,True,True,True,False,False,False,False,eligible_for_shift_screen
1129,6002,1RG6,True,True,True,False,False,False,False,eligible_for_shift_screen
1130,6004,1Q8G,True,True,True,False,False,False,False,eligible_for_shift_screen
1131,6005,1RGO,True,True,True,False,False,False,False,eligible_for_shift_screen
1132,6006,1V46,True,True,True,False,False,False,False,eligible_for_shift_screen
1133,6007,1RJH,True,True,True,False,False,False,False,eligible_for_shift_screen
1134,6009,1RDE,True,True,True,False,False,False,False,eligible_for_shift_screen
1135,6010,1RHX,True,True,True,False,False,False,False,eligible_for_shift_screen
1136,6011,1RJJ,True,True,True,False,False,False,False,eligible_for_shift_screen
1137,6012,1RL1,True,True,True,False,False,False,False,eligible_for_shift_screen
1138,6014,2DDY,True,True,True,False,False,False,False,eligible_for_shift_screen
1139,6015,2AVG,True,True,True,False,False,False,False,eligible_for_shift_screen
1140,6017,1V4Z,True,True,True,False,False,False,False,eligible_for_shift_screen
1141,6018,1V50,True,True,True,False,False,False,False,eligible_for_shift_screen
1142,6020,1RKK,True,True,True,False,False,False,False,eligible_for_shift_screen
1143,6022,1Q8L,True,True,True,False,False,False,False,eligible_for_shift_screen
1144,6024,1ERM,True,True,True,False,False,False,False,eligible_for_shift_screen
1145,6024,1ERO,True,True,True,False,False,False,False,eligible_for_shift_screen
1146,6027,1R9I,True,True,True,False,False,False,False,eligible_for_shift_screen
1147,6028,1RQ6,True,True,True,False,False,False,False,eligible_for_shift_screen
1148,6029,1SVJ,True,True,True,False,False,False,False,eligible_for_shift_screen
1149,6029,1U7Q,True,True,True,False,False,False,False,eligible_for_shift_screen
1150,6029,2A29,True,True,True,False,False,False,False,eligible_for_shift_screen
1151,6030,2A29,True,True,True,False,False,False,False,eligible_for_shift_screen
1152,6032,1WM4,True,True,True,False,False,False,False,eligible_for_shift_screen
1153,6034,1QTS,True,True,True,False,False,False,False,eligible_for_shift_screen
1154,6037,1RJI,True,True,True,False,False,False,False,eligible_for_shift_screen
1155,6037,1WT8,True,True,True,False,False,False,False,eligible_for_shift_screen
1156,6038,1RJT,True,True,True,False,False,False,False,eligible_for_shift_screen
1157,6039,1R9V,True,True,True,False,False,False,False,eligible_for_shift_screen
1158,6040,1RG3,True,True,True,False,False,False,False,eligible_for_shift_screen
1159,6040,1RG4,True,True,True,False,False,False,False,eligible_for_shift_screen
1160,6041,1QVK,True,True,True,False,False,False,False,eligible_for_shift_screen
1161,6041,1QVL,True,True,True,False,False,False,False,eligible_for_shift_screen
1162,6042,1RFR,True,True,True,False,False,False,False,eligible_for_shift_screen
1163,6043,2P80,True,True,True,False,False,False,False,eligible_for_shift_screen
1164,6044,1S7A,True,True,True,False,False,False,False,eligible_for_shift_screen
1165,6045,1S04,True,True,True,False,False,False,False,eligible_for_shift_screen
1166,6046,1S6N,True,True,True,False,False,False,False,eligible_for_shift_screen
1167,6047,1S6L,True,True,True,False,False,False,False,eligible_for_shift_screen
1168,6049,1RK9,True,True,True,False,False,False,False,eligible_for_shift_screen
1169,6052,1SGO,True,True,True,False,False,False,False,eligible_for_shift_screen
1170,6053,1ADN,True,True,True,False,False,False,False,eligible_for_shift_screen
1171,6054,1ADN,True,True,True,False,False,False,False,eligible_for_shift_screen
1172,6056,1RKL,True,True,True,False,False,False,False,eligible_for_shift_screen
1173,6058,1RZW,True,True,True,False,False,False,False,eligible_for_shift_screen
1174,6059,1RFH,True,True,True,False,False,False,False,eligible_for_shift_screen
1175,6060,1GM1,True,True,True,False,False,False,False,eligible_for_shift_screen
1176,6060,1VJ6,True,True,True,False,False,False,False,eligible_for_shift_screen
1177,6062,1S2F,True,True,True,False,False,False,False,eligible_for_shift_screen
1178,6062,1S34,True,True,True,False,False,False,False,eligible_for_shift_screen
1179,6063,1RIM,True,True,True,False,False,False,False,eligible_for_shift_screen
1180,6064,1RIK,True,True,True,False,False,False,False,eligible_for_shift_screen
1181,6066,1RYV,True,True,True,False,False,False,False,eligible_for_shift_screen
1182,6067,1RYG,True,True,True,False,False,False,False,eligible_for_shift_screen
1183,6068,1RU5,True,True,True,False,False,False,False,eligible_for_shift_screen
1184,6068,1RUU,True,True,True,False,False,False,False,eligible_for_shift_screen
1185,6069,1RY3,True,True,True,False,False,False,False,eligible_for_shift_screen
1186,6070,1V6R,True,True,True,False,False,False,False,eligible_for_shift_screen
1187,6072,1V66,True,True,True,False,False,False,False,eligible_for_shift_screen
1188,6073,1U3N,True,True,True,False,False,False,False,eligible_for_shift_screen
1189,6075,1Z2D,True,True,True,False,False,False,False,eligible_for_shift_screen
1190,6075,1Z2E,True,True,True,False,False,False,False,eligible_for_shift_screen
1191,6076,1R7W,True,True,True,False,False,False,False,eligible_for_shift_screen
1192,6077,1R7Z,True,True,True,False,False,False,False,eligible_for_shift_screen
1193,6079,1TI3,True,True,True,False,False,False,False,eligible_for_shift_screen
1194,6081,2JNF,True,True,True,False,False,False,False,eligible_for_shift_screen
1195,6082,1S6D,True,True,True,False,False,False,False,eligible_for_shift_screen
1196,6083,1S4T,True,True,True,False,False,False,False,eligible_for_shift_screen
1197,6084,1SQ8,True,True,True,False,False,False,False,eligible_for_shift_screen
1198,6085,1S6W,True,True,True,False,False,False,False,eligible_for_shift_screen
1199,6088,1RIJ,True,True,True,False,False,False,False,eligible_for_shift_screen
1200,6089,1SIY,True,True,True,False,False,False,False,eligible_for_shift_screen
1201,6090,2GT3,True,True,True,False,False,False,False,eligible_for_shift_screen
1202,6091,1GM1,True,True,True,False,False,False,False,eligible_for_shift_screen
1203,6092,1GM1,True,True,True,False,False,False,False,eligible_for_shift_screen
1204,6093,1POZ,True,True,True,False,False,False,False,eligible_for_shift_screen
1205,6095,1SB0,True,True,True,False,False,False,False,eligible_for_shift_screen
1206,6096,1RHW,True,True,True,False,False,False,False,eligible_for_shift_screen
1207,6101,1S1O,True,True,True,False,False,False,False,eligible_for_shift_screen
1208,6102,1RWU,True,True,True,False,False,False,False,eligible_for_shift_screen
1209,6103,1S6J,True,True,True,False,False,False,False,eligible_for_shift_screen
1210,6104,1S6I,True,True,True,False,False,False,False,eligible_for_shift_screen
1211,6105,1S4A,True,True,True,False,False,False,False,eligible_for_shift_screen
1212,6106,1S4J,True,True,True,False,False,False,False,eligible_for_shift_screen
1213,6107,1S4H,True,True,True,False,False,False,False,eligible_for_shift_screen
1214,6108,1RRZ,True,True,True,False,False,False,False,eligible_for_shift_screen
1215,6109,1S8K,True,True,True,False,False,False,False,eligible_for_shift_screen
1216,6110,1UUC,True,True,True,False,False,False,False,eligible_for_shift_screen
1217,6111,1Z2F,True,True,True,False,False,False,False,eligible_for_shift_screen
1218,6114,1OQA,True,True,True,False,False,False,False,eligible_for_shift_screen
1219,6120,1T17,True,True,True,False,False,False,False,eligible_for_shift_screen
1220,6121,2DHS,True,True,True,False,False,False,False,eligible_for_shift_screen
1221,6122,1SLJ,True,True,True,False,False,False,False,eligible_for_shift_screen
1222,6122,1SMX,True,True,True,False,False,False,False,eligible_for_shift_screen
1223,6123,1HEV,True,True,True,False,False,False,False,eligible_for_shift_screen
1224,6123,1Q9B,True,True,True,False,False,False,False,eligible_for_shift_screen
1225,6123,1T0W,True,True,True,False,False,False,False,eligible_for_shift_screen
1226,6126,1RY4,True,True,True,False,False,False,False,eligible_for_shift_screen
1227,6127,1SE7,True,True,True,False,False,False,False,eligible_for_shift_screen
1228,6128,1SE9,True,True,True,False,False,False,False,eligible_for_shift_screen
1229,6129,1S6U,True,True,True,False,False,False,False,eligible_for_shift_screen
1230,6130,1S6O,True,True,True,False,False,False,False,eligible_for_shift_screen
1231,6131,1SH4,True,True,True,False,False,False,False,eligible_for_shift_screen
1232,6134,1SA8,True,True,True,False,False,False,False,eligible_for_shift_screen
1233,6135,1RMK,True,True,True,False,False,False,False,eligible_for_shift_screen
1234,6137,1SM7,True,True,True,False,False,False,False,eligible_for_shift_screen
1235,6138,1T0G,True,True,True,False,False,False,False,eligible_for_shift_screen
1236,6139,1SS3,True,True,True,False,False,False,False,eligible_for_shift_screen
1237,6150,2POA,True,True,True,False,False,False,False,eligible_for_shift_screen
1238,6151,1SMZ,True,True,True,False,False,False,False,eligible_for_shift_screen
1239,6152,1SJ6,True,True,True,False,False,False,False,eligible_for_shift_screen
1240,6154,1VD9,True,True,True,False,False,False,False,eligible_for_shift_screen
1241,6155,1VDA,True,True,True,False,False,False,False,eligible_for_shift_screen
1242,6156,1VD7,True,True,True,False,False,False,False,eligible_for_shift_screen
1243,6156,1VDB,True,True,True,False,False,False,False,eligible_for_shift_screen
1244,6157,1VD8,True,True,True,False,False,False,False,eligible_for_shift_screen
1245,6158,1SN6,True,True,True,False,False,False,False,eligible_for_shift_screen
1246,6159,2B1O,True,True,True,False,False,False,False,eligible_for_shift_screen
1247,6160,1SSU,True,True,True,False,False,False,False,eligible_for_shift_screen
1248,6161,1UST,True,True,True,False,False,False,False,eligible_for_shift_screen
1249,6162,1USS,True,True,True,False,False,False,False,eligible_for_shift_screen
1250,6165,1SSL,True,True,True,False,False,False,False,eligible_for_shift_screen
1251,6166,1SS2,True,True,True,False,False,False,False,eligible_for_shift_screen
1252,6167,1SNL,True,True,True,False,False,False,False,eligible_for_shift_screen
1253,6168,1SKL,True,True,True,False,False,False,False,eligible_for_shift_screen
1254,6169,1SKK,True,True,True,False,False,False,False,eligible_for_shift_screen
1255,6170,1SKI,True,True,True,False,False,False,False,eligible_for_shift_screen
1256,6171,1SRZ,True,True,True,False,False,False,False,eligible_for_shift_screen
1257,6172,1SB6,True,True,True,False,False,False,False,eligible_for_shift_screen
1258,6173,2LP6,True,True,True,False,False,False,False,eligible_for_shift_screen
1259,6175,1SZL,True,True,True,False,False,False,False,eligible_for_shift_screen
1260,6176,1T0Y,True,True,True,False,False,False,False,eligible_for_shift_screen
1261,6177,1SJR,True,True,True,False,False,False,False,eligible_for_shift_screen
1262,6178,1SJQ,True,True,True,False,False,False,False,eligible_for_shift_screen
1263,6179,1UVF,True,True,True,False,False,False,False,eligible_for_shift_screen
1264,6180,1UVG,True,True,True,False,False,False,False,eligible_for_shift_screen
1265,6185,1RZS,True,True,True,False,False,False,False,eligible_for_shift_screen
1266,6186,1SY8,True,True,True,False,False,False,False,eligible_for_shift_screen
1267,6187,1SF0,True,True,True,False,False,False,False,eligible_for_shift_screen
1268,6188,1ST7,True,True,True,False,False,False,False,eligible_for_shift_screen
1269,6189,1SS6,True,True,True,False,False,False,False,eligible_for_shift_screen
1270,6190,1SO9,True,True,True,False,False,False,False,eligible_for_shift_screen
1271,6190,1SP0,True,True,True,False,False,False,False,eligible_for_shift_screen
1272,6191,1SX0,True,True,True,False,False,False,False,eligible_for_shift_screen
1273,6191,1SX1,True,True,True,False,False,False,False,eligible_for_shift_screen
1274,6192,1AXH,True,True,True,False,False,False,False,eligible_for_shift_screen
1275,6194,1AXH,True,True,True,False,False,False,False,eligible_for_shift_screen
1276,6197,2BTT,True,True,True,False,False,False,False,eligible_for_shift_screen
1277,6198,1T3V,True,True,True,False,False,False,False,eligible_for_shift_screen
1278,6200,1SP7,True,True,True,False,False,False,False,eligible_for_shift_screen
1279,6201,1T6W,True,True,True,False,False,False,False,eligible_for_shift_screen
1280,6203,1T1P,True,True,True,False,False,False,False,eligible_for_shift_screen
1281,6204,1T1K,True,True,True,False,False,False,False,eligible_for_shift_screen
1282,6205,1T1Q,True,True,True,False,False,False,False,eligible_for_shift_screen
1283,6208,1TUZ,True,True,True,False,False,False,False,eligible_for_shift_screen
1284,6209,1TIZ,True,True,True,False,False,False,False,eligible_for_shift_screen
1285,6211,1TDP,True,True,True,False,False,False,False,eligible_for_shift_screen
1286,6216,1SRK,True,True,True,False,False,False,False,eligible_for_shift_screen
1287,6217,1T55,True,True,True,False,False,False,False,eligible_for_shift_screen
1288,6218,1T54,True,True,True,False,False,False,False,eligible_for_shift_screen
1289,6219,1T52,True,True,True,False,False,False,False,eligible_for_shift_screen
1290,6220,1T51,True,True,True,False,False,False,False,eligible_for_shift_screen
1291,6221,1XSF,True,True,True,False,False,False,False,eligible_for_shift_screen
1292,6222,1T1T,True,True,True,False,False,False,False,eligible_for_shift_screen
1293,6225,2GS0,True,True,True,False,False,False,False,eligible_for_shift_screen
1294,6226,2RST,True,True,True,False,False,False,False,eligible_for_shift_screen
1295,6227,1BTA,True,True,True,False,False,False,False,eligible_for_shift_screen
1296,6231,2GO0,True,True,True,False,False,False,False,eligible_for_shift_screen
1297,6233,1YX4,True,True,True,False,False,False,False,eligible_for_shift_screen
1298,6233,1YX5,True,True,True,False,False,False,False,eligible_for_shift_screen
1299,6233,1YX6,True,True,True,False,False,False,False,eligible_for_shift_screen
1300,6235,2N1T,True,True,True,False,False,False,False,eligible_for_shift_screen
1301,6236,1TKN,True,True,True,False,False,False,False,eligible_for_shift_screen
1302,6238,1TOT,True,True,True,False,False,False,False,eligible_for_shift_screen
1303,6241,1YZB,True,True,True,False,False,False,False,eligible_for_shift_screen
1304,6244,1TM9,True,True,True,False,False,False,False,eligible_for_shift_screen
1305,6245,1T5Q,True,True,True,False,False,False,False,eligible_for_shift_screen
1306,6246,1T5M,True,True,True,False,False,False,False,eligible_for_shift_screen
1307,6247,1TH5,True,True,True,False,False,False,False,eligible_for_shift_screen
1308,6248,1TTV,True,True,True,False,False,False,False,eligible_for_shift_screen
1309,6254,1TXE,True,True,True,False,False,False,False,eligible_for_shift_screen
1310,6259,1TVM,True,True,True,False,False,False,False,eligible_for_shift_screen
1311,6260,1U0I,True,True,True,False,False,False,False,eligible_for_shift_screen
1312,6261,1W1F,True,True,True,False,False,False,False,eligible_for_shift_screen
1313,6262,1TK7,True,True,True,False,False,False,False,eligible_for_shift_screen
1314,6263,1SPW,True,True,True,False,False,False,False,eligible_for_shift_screen
1315,6264,1TV0,True,True,True,False,False,False,False,eligible_for_shift_screen
1316,6264,2GW9,True,True,True,False,False,False,False,eligible_for_shift_screen
1317,6265,1T1H,True,True,True,False,False,False,False,eligible_for_shift_screen
1318,6266,1TL4,True,True,True,False,False,False,False,eligible_for_shift_screen
1319,6268,1U2N,True,True,True,False,False,False,False,eligible_for_shift_screen
1320,6269,1U3M,True,True,True,False,False,False,False,eligible_for_shift_screen
1321,6272,1Z9V,True,True,True,False,False,False,False,eligible_for_shift_screen
1322,6282,1U5L,True,True,True,False,False,False,False,eligible_for_shift_screen
1323,6284,2HAJ,True,True,True,False,False,False,False,eligible_for_shift_screen
1324,6285,1U89,True,True,True,False,False,False,False,eligible_for_shift_screen
1325,6286,1XC5,True,True,True,False,False,False,False,eligible_for_shift_screen
1326,6287,1SXD,True,True,True,False,False,False,False,eligible_for_shift_screen
1327,6289,1TM6,True,True,True,False,False,False,False,eligible_for_shift_screen
1328,6290,1T2Y,True,True,True,False,False,False,False,eligible_for_shift_screen
1329,6293,1WNM,True,True,True,False,False,False,False,eligible_for_shift_screen
1330,6294,1WNN,True,True,True,False,False,False,False,eligible_for_shift_screen
1331,6295,1TVC,True,True,True,False,False,False,False,eligible_for_shift_screen
1332,6296,1WNK,True,True,True,False,False,False,False,eligible_for_shift_screen
1333,6298,1TEY,True,True,True,False,False,False,False,eligible_for_shift_screen
1334,6298,2IIJ,True,True,True,False,False,False,False,eligible_for_shift_screen
1335,6299,1U5M,True,True,True,False,False,False,False,eligible_for_shift_screen
1336,6300,1U3O,True,True,True,False,False,False,False,eligible_for_shift_screen
1337,6301,1U2U,True,True,True,False,False,False,False,eligible_for_shift_screen
1338,6302,1U7M,True,True,True,False,False,False,False,eligible_for_shift_screen
1339,6303,1U7J,True,True,True,False,False,False,False,eligible_for_shift_screen
1340,6307,1U64,True,True,True,False,False,False,False,eligible_for_shift_screen
1341,6311,2AFJ,True,True,True,False,False,False,False,eligible_for_shift_screen
1342,6312,1W7D,True,True,True,False,False,False,False,eligible_for_shift_screen
1343,6313,1GM0,True,True,True,False,False,False,False,eligible_for_shift_screen
1344,6313,1LS8,True,True,True,False,False,False,False,eligible_for_shift_screen
1345,6313,1XFR,True,True,True,False,False,False,False,eligible_for_shift_screen
1346,6315,1U6F,True,True,True,False,False,False,False,eligible_for_shift_screen
1347,6317,2GZU,True,True,True,False,False,False,False,eligible_for_shift_screen
1348,6318,1XFL,True,True,True,False,False,False,False,eligible_for_shift_screen
1349,6320,1XHP,True,True,True,False,False,False,False,eligible_for_shift_screen
1350,6321,1XFN,True,True,True,False,False,False,False,eligible_for_shift_screen
1351,6322,1XFQ,True,True,True,False,False,False,False,eligible_for_shift_screen
1352,6324,1X9A,True,True,True,False,False,False,False,eligible_for_shift_screen
1353,6325,1WO7,True,True,True,False,False,False,False,eligible_for_shift_screen
1354,6326,1WO6,True,True,True,False,False,False,False,eligible_for_shift_screen
1355,6327,1WO5,True,True,True,False,False,False,False,eligible_for_shift_screen
1356,6328,1WO4,True,True,True,False,False,False,False,eligible_for_shift_screen
1357,6329,1WO3,True,True,True,False,False,False,False,eligible_for_shift_screen
1358,6330,1XSA,True,True,True,False,False,False,False,eligible_for_shift_screen
1359,6331,1WQU,True,True,True,False,False,False,False,eligible_for_shift_screen
1360,6331,2DCR,True,True,True,False,False,False,False,eligible_for_shift_screen
1361,6333,2XV9,True,True,True,False,False,False,False,eligible_for_shift_screen
1362,6335,1XJH,True,True,True,False,False,False,False,eligible_for_shift_screen
1363,6336,1XSB,True,True,True,False,False,False,False,eligible_for_shift_screen
1364,6336,1XSC,True,True,True,False,False,False,False,eligible_for_shift_screen
1365,6337,1XO3,True,True,True,False,False,False,False,eligible_for_shift_screen
1366,6338,2EVN,True,True,True,False,False,False,False,eligible_for_shift_screen
1367,6339,1XO8,True,True,True,False,False,False,False,eligible_for_shift_screen
1368,6341,1XOY,True,True,True,False,False,False,False,eligible_for_shift_screen
1369,6342,1XOX,True,True,True,False,False,False,False,eligible_for_shift_screen
1370,6343,1XPN,True,True,True,False,False,False,False,eligible_for_shift_screen
1371,6344,1XPW,True,True,True,False,False,False,False,eligible_for_shift_screen
1372,6347,1WPD,True,True,True,False,False,False,False,eligible_for_shift_screen
1373,6349,1XRD,True,True,True,False,False,False,False,eligible_for_shift_screen
1374,6350,1WRG,True,True,True,False,False,False,False,eligible_for_shift_screen
1375,6354,1TQZ,True,True,True,False,False,False,False,eligible_for_shift_screen
1376,6355,1XHJ,True,True,True,False,False,False,False,eligible_for_shift_screen
1377,6356,2GA5,True,True,True,False,False,False,False,eligible_for_shift_screen
1378,6357,1ERM,True,True,True,False,False,False,False,eligible_for_shift_screen
1379,6357,1ERO,True,True,True,False,False,False,False,eligible_for_shift_screen
1380,6358,1XS3,True,True,True,False,False,False,False,eligible_for_shift_screen
1381,6359,1XS8,True,True,True,False,False,False,False,eligible_for_shift_screen
1382,6362,1XJS,True,True,True,False,False,False,False,eligible_for_shift_screen
1383,6362,2AZH,True,True,True,False,False,False,False,eligible_for_shift_screen
1384,6365,1XN6,True,True,True,False,False,False,False,eligible_for_shift_screen
1385,6366,1ZTS,True,True,True,False,False,False,False,eligible_for_shift_screen
1386,6367,1XN7,True,True,True,False,False,False,False,eligible_for_shift_screen
1387,6369,1XN5,True,True,True,False,False,False,False,eligible_for_shift_screen
1388,6370,1WQK,True,True,True,False,False,False,False,eligible_for_shift_screen
1389,6374,1XWH,True,True,True,False,False,False,False,eligible_for_shift_screen
1390,6376,2BVB,True,True,True,False,False,False,False,eligible_for_shift_screen
1391,6377,1XYJ,True,True,True,False,False,False,False,eligible_for_shift_screen
1392,6378,1XYK,True,True,True,False,False,False,False,eligible_for_shift_screen
1393,6380,1XYQ,True,True,True,False,False,False,False,eligible_for_shift_screen
1394,6381,1XYU,True,True,True,False,False,False,False,eligible_for_shift_screen
1395,6382,1XU0,True,True,True,False,False,False,False,eligible_for_shift_screen
1396,6383,1XYW,True,True,True,False,False,False,False,eligible_for_shift_screen
1397,6384,1XUT,True,True,True,False,False,False,False,eligible_for_shift_screen
1398,6386,1Y1B,True,True,True,False,False,False,False,eligible_for_shift_screen
1399,6387,1Y1C,True,True,True,False,False,False,False,eligible_for_shift_screen
1400,6388,1XV3,True,True,True,False,False,False,False,eligible_for_shift_screen
1401,6389,1WT7,True,True,True,False,False,False,False,eligible_for_shift_screen
1402,6390,2AGM,True,True,True,False,False,False,False,eligible_for_shift_screen
1403,6392,1O7B,True,True,True,False,False,False,False,eligible_for_shift_screen
1404,6393,1O7C,True,True,True,False,False,False,False,eligible_for_shift_screen
1405,6395,1YR1,True,True,True,False,False,False,False,eligible_for_shift_screen
1406,6395,2ALJ,True,True,True,False,False,False,False,eligible_for_shift_screen
1407,6396,1Y4O,True,True,True,False,False,False,False,eligible_for_shift_screen
1408,6398,1Y9O,True,True,True,False,False,False,False,eligible_for_shift_screen
1409,6399,1HH8,True,True,True,False,False,False,False,eligible_for_shift_screen
1410,6400,2F76,True,True,True,False,False,False,False,eligible_for_shift_screen
1411,6401,2F77,True,True,True,False,False,False,False,eligible_for_shift_screen
1412,6402,1Y00,True,True,True,False,False,False,False,eligible_for_shift_screen
1413,6403,1Y2S,True,True,True,False,False,False,False,eligible_for_shift_screen
1414,6407,2FK4,True,True,True,False,False,False,False,eligible_for_shift_screen
1415,6410,1Z7P,True,True,True,False,False,False,False,eligible_for_shift_screen
1416,6410,1Z7R,True,True,True,False,False,False,False,eligible_for_shift_screen
1417,6416,1UIV,True,True,True,False,False,False,False,eligible_for_shift_screen
1418,6419,1XU6,True,True,True,False,False,False,False,eligible_for_shift_screen
1419,6420,1XT7,True,True,True,False,False,False,False,eligible_for_shift_screen
1420,6421,1XXZ,True,True,True,False,False,False,False,eligible_for_shift_screen
1421,6422,1XY4,True,True,True,False,False,False,False,eligible_for_shift_screen
1422,6423,1XY5,True,True,True,False,False,False,False,eligible_for_shift_screen
1423,6424,1XY6,True,True,True,False,False,False,False,eligible_for_shift_screen
1424,6425,1XY8,True,True,True,False,False,False,False,eligible_for_shift_screen
1425,6426,1XY9,True,True,True,False,False,False,False,eligible_for_shift_screen
1426,6427,1Y03,True,True,True,False,False,False,False,eligible_for_shift_screen
1427,6427,1Y04,True,True,True,False,False,False,False,eligible_for_shift_screen
1428,6434,1Z1Z,True,True,True,False,False,False,False,eligible_for_shift_screen
1429,6437,2GMC,True,True,True,False,False,False,False,eligible_for_shift_screen
1430,6437,2GMD,True,True,True,False,False,False,False,eligible_for_shift_screen
1431,6438,2J48,True,True,True,False,False,False,False,eligible_for_shift_screen
1432,6443,1YDU,True,True,True,False,False,False,False,eligible_for_shift_screen
1433,6444,1YCM,True,True,True,False,False,False,False,eligible_for_shift_screen
1434,6444,1Z3J,True,True,True,False,False,False,False,eligible_for_shift_screen
1435,6446,1Y4E,True,True,True,False,False,False,False,eligible_for_shift_screen
1436,6447,1Y7X,True,True,True,False,False,False,False,eligible_for_shift_screen
1437,6448,1XHS,True,True,True,False,False,False,False,eligible_for_shift_screen
1438,6454,2AVX,True,True,True,False,False,False,False,eligible_for_shift_screen
1439,6456,1WA7,True,True,True,False,False,False,False,eligible_for_shift_screen
1440,6457,2MOR,True,True,True,False,False,False,False,eligible_for_shift_screen
1441,6459,1YIU,True,True,True,False,False,False,False,eligible_for_shift_screen
1442,6462,1Y5C,True,True,True,False,False,False,False,eligible_for_shift_screen
1443,6463,1Y58,True,True,True,False,False,False,False,eligible_for_shift_screen
1444,6464,1YEL,True,True,True,False,False,False,False,eligible_for_shift_screen
1445,6465,2AIZ,True,True,True,False,False,False,False,eligible_for_shift_screen
1446,6467,1WXN,True,True,True,False,False,False,False,eligible_for_shift_screen
1447,6468,2LGC,True,True,True,False,False,False,False,eligible_for_shift_screen
1448,6474,1MZK,True,True,True,False,False,False,False,eligible_for_shift_screen
1449,6475,2BGO,True,True,True,False,False,False,False,eligible_for_shift_screen
1450,6475,2BGP,True,True,True,False,False,False,False,eligible_for_shift_screen
1451,6476,1YQA,True,True,True,False,False,False,False,eligible_for_shift_screen
1452,6477,1YMO,True,True,True,False,False,False,False,eligible_for_shift_screen
1453,6478,1YFB,True,True,True,False,False,False,False,eligible_for_shift_screen
1454,6479,1Y6U,True,True,True,False,False,False,False,eligible_for_shift_screen
1455,6480,1YJV,True,True,True,False,False,False,False,eligible_for_shift_screen
1456,6481,1YJU,True,True,True,False,False,False,False,eligible_for_shift_screen
1457,6482,1YJT,True,True,True,False,False,False,False,eligible_for_shift_screen
1458,6483,1YJR,True,True,True,False,False,False,False,eligible_for_shift_screen
1459,6484,2CXJ,True,True,True,False,False,False,False,eligible_for_shift_screen
1460,6489,1WU0,True,True,True,False,False,False,False,eligible_for_shift_screen
1461,6493,2A3J,True,True,True,False,False,False,False,eligible_for_shift_screen
1462,6498,1YSM,True,True,True,False,False,False,False,eligible_for_shift_screen
1463,6499,1XKM,True,True,True,False,False,False,False,eligible_for_shift_screen
1464,6505,1YEZ,True,True,True,False,False,False,False,eligible_for_shift_screen
1465,6506,2CA7,True,True,True,False,False,False,False,eligible_for_shift_screen
1466,6507,1WUM,True,True,True,False,False,False,False,eligible_for_shift_screen
1467,6507,1ZS5,True,True,True,False,False,False,False,eligible_for_shift_screen
1468,6508,1WUG,True,True,True,False,False,False,False,eligible_for_shift_screen
1469,6508,1ZS5,True,True,True,False,False,False,False,eligible_for_shift_screen
1470,6509,1YG3,True,True,True,False,False,False,False,eligible_for_shift_screen
1471,6509,1YG4,True,True,True,False,False,False,False,eligible_for_shift_screen
1472,6510,1YXE,True,True,True,False,False,False,False,eligible_for_shift_screen
1473,6511,1YT6,True,True,True,False,False,False,False,eligible_for_shift_screen
1474,6516,2FQ0,True,True,True,False,False,False,False,eligible_for_shift_screen
1475,6516,2FQ2,True,True,True,False,False,False,False,eligible_for_shift_screen
1476,6519,1YX7,True,True,True,False,False,False,False,eligible_for_shift_screen
1477,6519,1YX8,True,True,True,False,False,False,False,eligible_for_shift_screen
1478,6520,2BIC,True,True,True,False,False,False,False,eligible_for_shift_screen
1479,6527,1Z09,True,True,True,False,False,False,False,eligible_for_shift_screen
1480,6529,2LVF,True,True,True,False,False,False,False,eligible_for_shift_screen
1481,6530,1YMZ,True,True,True,False,False,False,False,eligible_for_shift_screen
1482,6531,1YUT,True,True,True,False,False,False,False,eligible_for_shift_screen
1483,6531,1YUU,True,True,True,False,False,False,False,eligible_for_shift_screen
1484,6532,1YUR,True,True,True,False,False,False,False,eligible_for_shift_screen
1485,6532,1YUS,True,True,True,False,False,False,False,eligible_for_shift_screen
1486,6536,2GTJ,True,True,True,False,False,False,False,eligible_for_shift_screen
1487,6539,2GTO,True,True,True,False,False,False,False,eligible_for_shift_screen
1488,6540,2AXL,True,True,True,False,False,False,False,eligible_for_shift_screen
1489,6543,1Z2J,True,True,True,False,False,False,False,eligible_for_shift_screen
1490,6549,2QMV,True,True,True,False,False,False,False,eligible_for_shift_screen
1491,6551,1Z00,True,True,True,False,False,False,False,eligible_for_shift_screen
1492,6551,2AQ0,True,True,True,False,False,False,False,eligible_for_shift_screen
1493,6552,1YZC,True,True,True,False,False,False,False,eligible_for_shift_screen
1494,6553,1YZA,True,True,True,False,False,False,False,eligible_for_shift_screen
1495,6554,1Z0Q,True,True,True,False,False,False,False,eligible_for_shift_screen
1496,6555,1YWS,True,True,True,False,False,False,False,eligible_for_shift_screen
1497,6556,1YYB,True,True,True,False,False,False,False,eligible_for_shift_screen
1498,6557,1WZ4,True,True,True,False,False,False,False,eligible_for_shift_screen
1499,6558,1YWJ,True,True,True,False,False,False,False,eligible_for_shift_screen
1500,6559,1YWI,True,True,True,False,False,False,False,eligible_for_shift_screen
1501,6560,1YYJ,True,True,True,False,False,False,False,eligible_for_shift_screen
1502,6560,1YYX,True,True,True,False,False,False,False,eligible_for_shift_screen
1503,6561,1YTR,True,True,True,False,False,False,False,eligible_for_shift_screen
1504,6562,1Z30,True,True,True,False,False,False,False,eligible_for_shift_screen
1505,6564,2BO5,True,True,True,False,False,False,False,eligible_for_shift_screen
1506,6570,1ZZP,True,True,True,False,False,False,False,eligible_for_shift_screen
1507,6573,1YXR,True,True,True,False,False,False,False,eligible_for_shift_screen
1508,6574,1YVC,True,True,True,False,False,False,False,eligible_for_shift_screen
1509,6580,2BBU,True,True,True,False,False,False,False,eligible_for_shift_screen
1510,6581,2OI3,True,True,True,False,False,False,False,eligible_for_shift_screen
1511,6581,2OJ2,True,True,True,False,False,False,False,eligible_for_shift_screen
1512,6589,1X32,True,True,True,False,False,False,False,eligible_for_shift_screen
1513,6591,1MMC,True,True,True,False,False,False,False,eligible_for_shift_screen
1514,6594,1Z2Q,True,True,True,False,False,False,False,eligible_for_shift_screen
1515,6596,1ZA8,True,True,True,False,False,False,False,eligible_for_shift_screen
1516,6597,1X0O,True,True,True,False,False,False,False,eligible_for_shift_screen
1517,6597,2A24,True,True,True,False,False,False,False,eligible_for_shift_screen
1518,6597,2HV1,True,True,True,False,False,False,False,eligible_for_shift_screen
1519,6598,1Z65,True,True,True,False,False,False,False,eligible_for_shift_screen
1520,6599,1Z6H,True,True,True,False,False,False,False,eligible_for_shift_screen
1521,6600,1Z7T,True,True,True,False,False,False,False,eligible_for_shift_screen
1522,6609,1TTN,True,True,True,False,False,False,False,eligible_for_shift_screen
1523,6612,1Z1M,True,True,True,False,False,False,False,eligible_for_shift_screen
1524,6613,1Z8R,True,True,True,False,False,False,False,eligible_for_shift_screen
1525,6615,1X37,True,True,True,False,False,False,False,eligible_for_shift_screen
1526,6620,2GOV,True,True,True,False,False,False,False,eligible_for_shift_screen
1527,6624,2BYE,True,True,True,False,False,False,False,eligible_for_shift_screen
1528,6625,2AI6,True,True,True,False,False,False,False,eligible_for_shift_screen
1529,6625,2OZW,True,True,True,False,False,False,False,eligible_for_shift_screen
1530,6625,2OZX,True,True,True,False,False,False,False,eligible_for_shift_screen
1531,6627,1ZNU,True,True,True,False,False,False,False,eligible_for_shift_screen
1532,6629,1ZDV,True,True,True,False,False,False,False,eligible_for_shift_screen
1533,6631,1ZKH,True,True,True,False,False,False,False,eligible_for_shift_screen
1534,6633,1ZC5,True,True,True,False,False,False,False,eligible_for_shift_screen
1535,6635,2BYF,True,True,True,False,False,False,False,eligible_for_shift_screen
1536,6636,1X5V,True,True,True,False,False,False,False,eligible_for_shift_screen
1537,6637,1MMC,True,True,True,False,False,False,False,eligible_for_shift_screen
1538,6639,1MMC,True,True,True,False,False,False,False,eligible_for_shift_screen
1539,6644,2MUI,True,True,True,False,False,False,False,eligible_for_shift_screen
1540,6645,2ITH,True,True,True,False,False,False,False,eligible_for_shift_screen
1541,6647,1MMC,True,True,True,False,False,False,False,eligible_for_shift_screen
1542,6649,1X60,True,True,True,False,False,False,False,eligible_for_shift_screen
1543,6652,2ADT,True,True,True,False,False,False,False,eligible_for_shift_screen
1544,6654,1ZJQ,True,True,True,False,False,False,False,eligible_for_shift_screen
1545,6654,2AAP,True,True,True,False,False,False,False,eligible_for_shift_screen
1546,6655,1ZU1,True,True,True,False,False,False,False,eligible_for_shift_screen
1547,6656,1ZNT,True,True,True,False,False,False,False,eligible_for_shift_screen
1548,6681,2OBU,True,True,True,False,False,False,False,eligible_for_shift_screen
1549,6682,1ZR9,True,True,True,False,False,False,False,eligible_for_shift_screen
1550,6690,2BN5,True,True,True,False,False,False,False,eligible_for_shift_screen
1551,6692,2BUN,True,True,True,False,False,False,False,eligible_for_shift_screen
1552,6696,2BUG,True,True,True,False,False,False,False,eligible_for_shift_screen
1553,6699,2MAZ,True,True,True,False,False,False,False,eligible_for_shift_screen
1554,6714,2A1C,True,True,True,False,False,False,False,eligible_for_shift_screen
1555,6715,1ZZA,True,True,True,False,False,False,False,eligible_for_shift_screen
1556,6716,1Z8S,True,True,True,False,False,False,False,eligible_for_shift_screen
1557,6717,1ZG2,True,True,True,False,False,False,False,eligible_for_shift_screen
1558,6718,1ZV6,True,True,True,False,False,False,False,eligible_for_shift_screen
1559,6720,1ZLC,True,True,True,False,False,False,False,eligible_for_shift_screen
1560,6721,1ZR7,True,True,True,False,False,False,False,eligible_for_shift_screen
1561,6721,2DYF,True,True,True,False,False,False,False,eligible_for_shift_screen
1562,6726,1ZXF,True,True,True,False,False,False,False,eligible_for_shift_screen
1563,6726,2GKD,True,True,True,False,False,False,False,eligible_for_shift_screen
1564,6726,2L65,True,True,True,False,False,False,False,eligible_for_shift_screen
1565,6727,2AJE,True,True,True,False,False,False,False,eligible_for_shift_screen
1566,6728,2A9H,True,True,True,False,False,False,False,eligible_for_shift_screen
1567,6729,2E2F,True,True,True,False,False,False,False,eligible_for_shift_screen
1568,6730,2AAV,True,True,True,False,False,False,False,eligible_for_shift_screen
1569,6731,2BW2,True,True,True,False,False,False,False,eligible_for_shift_screen
1570,6737,2A2B,True,True,True,False,False,False,False,eligible_for_shift_screen
1571,6738,2A4H,True,True,True,False,False,False,False,eligible_for_shift_screen
1572,6739,2A2P,True,True,True,False,False,False,False,eligible_for_shift_screen
1573,6740,2A05,True,True,True,False,False,False,False,eligible_for_shift_screen
1574,6741,2DWF,True,True,True,False,False,False,False,eligible_for_shift_screen
1575,6741,2JOU,True,True,True,False,False,False,False,eligible_for_shift_screen
1576,6742,2AGA,True,True,True,False,False,False,False,eligible_for_shift_screen
1577,6743,2ADL,True,True,True,False,False,False,False,eligible_for_shift_screen
1578,6743,2ADN,True,True,True,False,False,False,False,eligible_for_shift_screen
1579,6746,2AKK,True,True,True,False,False,False,False,eligible_for_shift_screen
1580,6748,2AFF,True,True,True,False,False,False,False,eligible_for_shift_screen
1581,6749,2CZY,True,True,True,False,False,False,False,eligible_for_shift_screen
1582,6750,2AGH,True,True,True,False,False,False,False,eligible_for_shift_screen
1583,6751,2AFD,True,True,True,False,False,False,False,eligible_for_shift_screen
1584,6751,2AFE,True,True,True,False,False,False,False,eligible_for_shift_screen
1585,6752,1Z87,True,True,True,False,False,False,False,eligible_for_shift_screen
1586,6753,2ADZ,True,True,True,False,False,False,False,eligible_for_shift_screen
1587,6755,2ABY,True,True,True,False,False,False,False,eligible_for_shift_screen
1588,6757,2AJJ,True,True,True,False,False,False,False,eligible_for_shift_screen
1589,6757,2AJM,True,True,True,False,False,False,False,eligible_for_shift_screen
1590,6757,2AJN,True,True,True,False,False,False,False,eligible_for_shift_screen
1591,6757,2AJO,True,True,True,False,False,False,False,eligible_for_shift_screen
1592,6759,2H3K,True,True,True,False,False,False,False,eligible_for_shift_screen
1593,6760,2NPU,True,True,True,False,False,False,False,eligible_for_shift_screen
1594,6761,2AL3,True,True,True,False,False,False,False,eligible_for_shift_screen
1595,6762,1Z4H,True,True,True,False,False,False,False,eligible_for_shift_screen
1596,6763,2HST,True,True,True,False,False,False,False,eligible_for_shift_screen
1597,6766,2AKL,True,True,True,False,False,False,False,eligible_for_shift_screen
1598,6769,2LKI,True,True,True,False,False,False,False,eligible_for_shift_screen
1599,6771,2A63,True,True,True,False,False,False,False,eligible_for_shift_screen
1600,6774,2AP7,True,True,True,False,False,False,False,eligible_for_shift_screen
1601,6775,2AP8,True,True,True,False,False,False,False,eligible_for_shift_screen
1602,6776,2BZT,True,True,True,False,False,False,False,eligible_for_shift_screen
1603,6779,1ZDX,True,True,True,False,False,False,False,eligible_for_shift_screen
1604,6780,2OUT,True,True,True,False,False,False,False,eligible_for_shift_screen
1605,6781,2AQE,True,True,True,False,False,False,False,eligible_for_shift_screen
1606,6781,2AQF,True,True,True,False,False,False,False,eligible_for_shift_screen
1607,6786,2IEM,True,True,True,False,False,False,False,eligible_for_shift_screen
1608,6790,2FVA,True,True,True,False,False,False,False,eligible_for_shift_screen
1609,6790,2FVF,True,True,True,False,False,False,False,eligible_for_shift_screen
1610,6794,2C34,True,True,True,False,False,False,False,eligible_for_shift_screen
1611,6797,2PXG,True,True,True,False,False,False,False,eligible_for_shift_screen
1612,6800,2GG1,True,True,True,False,False,False,False,eligible_for_shift_screen
1613,6801,2AWT,True,True,True,False,False,False,False,eligible_for_shift_screen
1614,6803,2D1U,True,True,True,False,False,False,False,eligible_for_shift_screen
1615,6803,2K1X,True,True,True,False,False,False,False,eligible_for_shift_screen
1616,6804,2B88,True,True,True,False,False,False,False,eligible_for_shift_screen
1617,6804,2K1W,True,True,True,False,False,False,False,eligible_for_shift_screen
1618,6805,2B89,True,True,True,False,False,False,False,eligible_for_shift_screen
1619,6806,2B87,True,True,True,False,False,False,False,eligible_for_shift_screen
1620,6809,2FFK,True,True,True,False,False,False,False,eligible_for_shift_screen
1621,6809,2FIN,True,True,True,False,False,False,False,eligible_for_shift_screen
1622,6810,2AYX,True,True,True,False,False,False,False,eligible_for_shift_screen
1623,6811,2AJ0,True,True,True,False,False,False,False,eligible_for_shift_screen
1624,6812,2FQH,True,True,True,False,False,False,False,eligible_for_shift_screen
1625,6814,2AU4,True,True,True,False,False,False,False,eligible_for_shift_screen
1626,6815,2ATG,True,True,True,False,False,False,False,eligible_for_shift_screen
1627,6816,2AHQ,True,True,True,False,False,False,False,eligible_for_shift_screen
1628,6817,2AK0,True,True,True,False,False,False,False,eligible_for_shift_screen
1629,6818,2AJW,True,True,True,False,False,False,False,eligible_for_shift_screen
1630,6820,2AMI,True,True,True,False,False,False,False,eligible_for_shift_screen
1631,6821,2AF2,True,True,True,False,False,False,False,eligible_for_shift_screen
1632,6822,2L7H,True,True,True,False,False,False,False,eligible_for_shift_screen
1633,6826,2FY9,True,True,True,False,False,False,False,eligible_for_shift_screen
1634,6829,2CZN,True,True,True,False,False,False,False,eligible_for_shift_screen
1635,6835,2AMN,True,True,True,False,False,False,False,eligible_for_shift_screen
1636,6841,2B1U,True,True,True,False,False,False,False,eligible_for_shift_screen
1637,6843,2B1W,True,True,True,False,False,False,False,eligible_for_shift_screen
1638,6844,2AYM,True,True,True,False,False,False,False,eligible_for_shift_screen
1639,6845,2AQC,True,True,True,False,False,False,False,eligible_for_shift_screen
1640,6846,2AQA,True,True,True,False,False,False,False,eligible_for_shift_screen
1641,6849,2B68,True,True,True,False,False,False,False,eligible_for_shift_screen
1642,6850,2B7E,True,True,True,False,False,False,False,eligible_for_shift_screen
1643,6856,2AIZ,True,True,True,False,False,False,False,eligible_for_shift_screen
1644,6858,2AIZ,True,True,True,False,False,False,False,eligible_for_shift_screen
1645,6860,2GW6,True,True,True,False,False,False,False,eligible_for_shift_screen
1646,6863,2BAI,True,True,True,False,False,False,False,eligible_for_shift_screen
1647,6865,2BBX,True,True,True,False,False,False,False,eligible_for_shift_screen
1648,6867,2ARI,True,True,True,False,False,False,False,eligible_for_shift_screen
1649,6868,2ASY,True,True,True,False,False,False,False,eligible_for_shift_screen
1650,6869,2AYA,True,True,True,False,False,False,False,eligible_for_shift_screen
1651,6872,2B38,True,True,True,False,False,False,False,eligible_for_shift_screen
1652,6874,2C52,True,True,True,False,False,False,False,eligible_for_shift_screen
1653,6876,2FO8,True,True,True,False,False,False,False,eligible_for_shift_screen
1654,6882,2ERS,True,True,True,False,False,False,False,eligible_for_shift_screen
1655,6884,2FHM,True,True,True,False,False,False,False,eligible_for_shift_screen
1656,6885,2CKN,True,True,True,False,False,False,False,eligible_for_shift_screen
1657,6888,2G0K,True,True,True,False,False,False,False,eligible_for_shift_screen
1658,6888,2G0L,True,True,True,False,False,False,False,eligible_for_shift_screen
1659,6891,2EW4,True,True,True,False,False,False,False,eligible_for_shift_screen
1660,6892,2ESY,True,True,True,False,False,False,False,eligible_for_shift_screen
1661,6893,2BAF,True,True,True,False,False,False,False,eligible_for_shift_screen
1662,6894,2B3A,True,True,True,False,False,False,False,eligible_for_shift_screen
1663,6895,2ERR,True,True,True,False,False,False,False,eligible_for_shift_screen
1664,6896,2BC8,True,True,True,False,False,False,False,eligible_for_shift_screen
1665,6897,2BC7,True,True,True,False,False,False,False,eligible_for_shift_screen
1666,6898,2BBL,True,True,True,False,False,False,False,eligible_for_shift_screen
1667,6898,2BBP,True,True,True,False,False,False,False,eligible_for_shift_screen
1668,6907,2F3V,True,True,True,False,False,False,False,eligible_for_shift_screen
1669,6908,2F3W,True,True,True,False,False,False,False,eligible_for_shift_screen
1670,6910,2FE0,True,True,True,False,False,False,False,eligible_for_shift_screen
1671,6912,2I9H,True,True,True,False,False,False,False,eligible_for_shift_screen
1672,6914,2ARF,True,True,True,False,False,False,False,eligible_for_shift_screen
1673,6915,2LA1,True,True,True,False,False,False,False,eligible_for_shift_screen
1674,6916,2EWL,True,True,True,False,False,False,False,eligible_for_shift_screen
1675,6916,2F8B,True,True,True,False,False,False,False,eligible_for_shift_screen
1676,6919,2CH0,True,True,True,False,False,False,False,eligible_for_shift_screen
1677,6920,2FFW,True,True,True,False,False,False,False,eligible_for_shift_screen
1678,6921,2I96,True,True,True,False,False,False,False,eligible_for_shift_screen
1679,6922,2FE9,True,True,True,False,False,False,False,eligible_for_shift_screen
1680,6923,2MF9,True,True,True,False,False,False,False,eligible_for_shift_screen
1681,6924,2AXK,True,True,True,False,False,False,False,eligible_for_shift_screen
1682,6925,2C06,True,True,True,False,False,False,False,eligible_for_shift_screen
1683,6926,2FFT,True,True,True,False,False,False,False,eligible_for_shift_screen
1684,6927,2G5M,True,True,True,False,False,False,False,eligible_for_shift_screen
1685,6929,2FGX,True,True,True,False,False,False,False,eligible_for_shift_screen
1686,6931,2FLJ,True,True,True,False,False,False,False,eligible_for_shift_screen
1687,6933,2FN5,True,True,True,False,False,False,False,eligible_for_shift_screen
1688,6934,2FEK,True,True,True,False,False,False,False,eligible_for_shift_screen
1689,6938,2V1N,True,True,True,False,False,False,False,eligible_for_shift_screen
1690,6943,2JNT,True,True,True,False,False,False,False,eligible_for_shift_screen
1691,6945,2FS1,True,True,True,False,False,False,False,eligible_for_shift_screen
1692,6946,2LKC,True,True,True,False,False,False,False,eligible_for_shift_screen
1693,6951,2FQC,True,True,True,False,False,False,False,eligible_for_shift_screen
1694,6952,2FQA,True,True,True,False,False,False,False,eligible_for_shift_screen
1695,6953,2FJ3,True,True,True,False,False,False,False,eligible_for_shift_screen
1696,6954,2DCI,True,True,True,False,False,False,False,eligible_for_shift_screen
1697,6955,2F09,True,True,True,False,False,False,False,eligible_for_shift_screen
1698,6956,2B6G,True,True,True,False,False,False,False,eligible_for_shift_screen
1699,6957,2FI2,True,True,True,False,False,False,False,eligible_for_shift_screen
1700,6960,2D82,True,True,True,False,False,False,False,eligible_for_shift_screen
1701,6962,2FVE,True,True,True,False,False,False,False,eligible_for_shift_screen
1702,6963,2DDI,True,True,True,False,False,False,False,eligible_for_shift_screen
1703,6963,2DDJ,True,True,True,False,False,False,False,eligible_for_shift_screen
1704,6964,2FVT,True,True,True,False,False,False,False,eligible_for_shift_screen
1705,6965,2FWL,True,True,True,False,False,False,False,eligible_for_shift_screen
1706,6969,2FXP,True,True,True,False,False,False,False,eligible_for_shift_screen
1707,6971,2DJK,True,True,True,False,False,False,False,eligible_for_shift_screen
1708,6972,2DJJ,True,True,True,False,False,False,False,eligible_for_shift_screen
1709,6975,2F8U,True,True,True,False,False,False,False,eligible_for_shift_screen
1710,6976,2FJ6,True,True,True,False,False,False,False,eligible_for_shift_screen
1711,6979,2DD2,True,True,True,False,False,False,False,eligible_for_shift_screen
1712,6979,2DD3,True,True,True,False,False,False,False,eligible_for_shift_screen
1713,6980,2G2B,True,True,True,False,False,False,False,eligible_for_shift_screen
1714,6981,2G0U,True,True,True,False,False,False,False,eligible_for_shift_screen
1715,6982,2G1E,True,True,True,False,False,False,False,eligible_for_shift_screen
1716,6986,2GJY,True,True,True,False,False,False,False,eligible_for_shift_screen
1717,6988,2DEN,True,True,True,False,False,False,False,eligible_for_shift_screen
1718,6989,2G1D,True,True,True,False,False,False,False,eligible_for_shift_screen
1719,6991,2CEH,True,True,True,False,False,False,False,eligible_for_shift_screen
1720,6993,2CEF,True,True,True,False,False,False,False,eligible_for_shift_screen
1721,6995,2LKD,True,True,True,False,False,False,False,eligible_for_shift_screen
1722,6996,2CEZ,True,True,True,False,False,False,False,eligible_for_shift_screen
1723,6997,2G46,True,True,True,False,False,False,False,eligible_for_shift_screen
1724,6998,2CFJ,True,True,True,False,False,False,False,eligible_for_shift_screen
1725,6999,2N5G,True,True,True,False,False,False,False,eligible_for_shift_screen
1726,7000,2A7Y,True,True,True,False,False,False,False,eligible_for_shift_screen
1727,7001,2G57,True,True,True,False,False,False,False,eligible_for_shift_screen
1728,7002,2G3Q,True,True,True,False,False,False,False,eligible_for_shift_screen
1729,7005,2DF0,True,True,True,False,False,False,False,eligible_for_shift_screen
1730,7006,2DEZ,True,True,True,False,False,False,False,eligible_for_shift_screen
1731,7007,2G0Q,True,True,True,False,False,False,False,eligible_for_shift_screen
1732,7008,2FWU,True,True,True,False,False,False,False,eligible_for_shift_screen
1733,7009,2FWS,True,True,True,False,False,False,False,eligible_for_shift_screen
1734,7010,2FLG,True,True,True,False,False,False,False,eligible_for_shift_screen
1735,7011,2FXZ,True,True,True,False,False,False,False,eligible_for_shift_screen
1736,7012,2FXY,True,True,True,False,False,False,False,eligible_for_shift_screen
1737,7014,2GDT,True,True,True,False,False,False,False,eligible_for_shift_screen
1738,7019,2GRI,True,True,True,False,False,False,False,eligible_for_shift_screen
1739,7019,2IDY,True,True,True,False,False,False,False,eligible_for_shift_screen
1740,7033,3THK,True,True,True,False,False,False,False,eligible_for_shift_screen
1741,7034,2GHF,True,True,True,False,False,False,False,eligible_for_shift_screen
1742,7035,2FRW,True,True,True,False,False,False,False,eligible_for_shift_screen
1743,7036,2FRY,True,True,True,False,False,False,False,eligible_for_shift_screen
1744,7050,2DJ9,True,True,True,False,False,False,False,eligible_for_shift_screen
1745,7051,2DJC,True,True,True,False,False,False,False,eligible_for_shift_screen
1746,7053,2V31,True,True,True,False,False,False,False,eligible_for_shift_screen
1747,7054,2GM2,True,True,True,False,False,False,False,eligible_for_shift_screen
1748,7056,2GMO,True,True,True,False,False,False,False,eligible_for_shift_screen
1749,7058,2DK9,True,True,True,False,False,False,False,eligible_for_shift_screen
1750,7061,2G35,True,True,True,False,False,False,False,eligible_for_shift_screen
1751,7063,2G7J,True,True,True,False,False,False,False,eligible_for_shift_screen
1752,7064,2GJ0,True,True,True,False,False,False,False,eligible_for_shift_screen
1753,7065,2G9L,True,True,True,False,False,False,False,eligible_for_shift_screen
1754,7067,2G31,True,True,True,False,False,False,False,eligible_for_shift_screen
1755,7068,2GA7,True,True,True,False,False,False,False,eligible_for_shift_screen
1756,7069,2G9O,True,True,True,False,False,False,False,eligible_for_shift_screen
1757,7070,2GO9,True,True,True,False,False,False,False,eligible_for_shift_screen
1758,7074,2GMG,True,True,True,False,False,False,False,eligible_for_shift_screen
1759,7075,2GPF,True,True,True,False,False,False,False,eligible_for_shift_screen
1760,7078,2AIH,True,True,True,False,False,False,False,eligible_for_shift_screen
1761,7079,2GQB,True,True,True,False,False,False,False,eligible_for_shift_screen
1762,7080,2G9J,True,True,True,False,False,False,False,eligible_for_shift_screen
1763,7083,2DJM,True,True,True,False,False,False,False,eligible_for_shift_screen
1764,7085,2GRG,True,True,True,False,False,False,False,eligible_for_shift_screen
1765,7087,2H0P,True,True,True,False,False,False,False,eligible_for_shift_screen
1766,7089,2MLS,True,True,True,False,False,False,False,eligible_for_shift_screen
1767,7092,2GL1,True,True,True,False,False,False,False,eligible_for_shift_screen
1768,7093,2GTV,True,True,True,False,False,False,False,eligible_for_shift_screen
1769,7095,2GOW,True,True,True,False,False,False,False,eligible_for_shift_screen
1770,7097,2GLO,True,True,True,False,False,False,False,eligible_for_shift_screen
1771,7098,2GM0,True,True,True,False,False,False,False,eligible_for_shift_screen
1772,7099,2GJI,True,True,True,False,False,False,False,eligible_for_shift_screen
1773,7101,2GJH,True,True,True,False,False,False,False,eligible_for_shift_screen
1774,7102,2GJF,True,True,True,False,False,False,False,eligible_for_shift_screen
1775,7103,2HJI,True,True,True,False,False,False,False,eligible_for_shift_screen
1776,7106,2JM5,True,True,True,False,False,False,False,eligible_for_shift_screen
1777,7106,2OWI,True,True,True,False,False,False,False,eligible_for_shift_screen
1778,7108,2GZY,True,True,True,False,False,False,False,eligible_for_shift_screen
1779,7109,2GZZ,True,True,True,False,False,False,False,eligible_for_shift_screen
1780,7111,2JZZ,True,True,True,False,False,False,False,eligible_for_shift_screen
1781,7112,2HWT,True,True,True,False,False,False,False,eligible_for_shift_screen
1782,7114,2H25,True,True,True,False,False,False,False,eligible_for_shift_screen
1783,7116,2GLW,True,True,True,False,False,False,False,eligible_for_shift_screen
1784,7117,2H1Z,True,True,True,False,False,False,False,eligible_for_shift_screen
1785,7119,2I3B,True,True,True,False,False,False,False,eligible_for_shift_screen
1786,7120,2GYT,True,True,True,False,False,False,False,eligible_for_shift_screen
1787,7121,2DO8,True,True,True,False,False,False,False,eligible_for_shift_screen
1788,7122,2G7H,True,True,True,False,False,False,False,eligible_for_shift_screen
1789,7124,2DQ5,True,True,True,False,False,False,False,eligible_for_shift_screen
1790,7125,2M6Z,True,True,True,False,False,False,False,eligible_for_shift_screen
1791,7127,2H41,True,True,True,False,False,False,False,eligible_for_shift_screen
1792,7127,2H45,True,True,True,False,False,False,False,eligible_for_shift_screen
1793,7128,2HA1,True,True,True,False,False,False,False,eligible_for_shift_screen
1794,7129,2GGR,True,True,True,False,False,False,False,eligible_for_shift_screen
1795,7137,2H7T,True,True,True,False,False,False,False,eligible_for_shift_screen
1796,7147,2H7B,True,True,True,False,False,False,False,eligible_for_shift_screen
1797,7150,2H7D,True,True,True,False,False,False,False,eligible_for_shift_screen
1798,7150,2H7E,True,True,True,False,False,False,False,eligible_for_shift_screen
1799,7151,2H80,True,True,True,False,False,False,False,eligible_for_shift_screen
1800,7158,2GQE,True,True,True,False,False,False,False,eligible_for_shift_screen
1801,7166,2H9X,True,True,True,False,False,False,False,eligible_for_shift_screen
1802,7167,2I3E,True,True,True,False,False,False,False,eligible_for_shift_screen
1803,7170,2HC5,True,True,True,False,False,False,False,eligible_for_shift_screen
1804,7177,2H8S,True,True,True,False,False,False,False,eligible_for_shift_screen
1805,7178,2GZP,True,True,True,False,False,False,False,eligible_for_shift_screen
1806,7180,2GZO,True,True,True,False,False,False,False,eligible_for_shift_screen
1807,7181,2H3J,True,True,True,False,False,False,False,eligible_for_shift_screen
1808,7182,2H7A,True,True,True,False,False,False,False,eligible_for_shift_screen
1809,7184,2GVS,True,True,True,False,False,False,False,eligible_for_shift_screen
1810,7185,2GUT,True,True,True,False,False,False,False,eligible_for_shift_screen
1811,7186,2GX1,True,True,True,False,False,False,False,eligible_for_shift_screen
1812,7189,2GI4,True,True,True,False,False,False,False,eligible_for_shift_screen
1813,7194,2HGH,True,True,True,False,False,False,False,eligible_for_shift_screen
1814,7201,2HJQ,True,True,True,False,False,False,False,eligible_for_shift_screen
1815,7205,2LCX,True,True,True,False,False,False,False,eligible_for_shift_screen
1816,7209,2IVW,True,True,True,False,False,False,False,eligible_for_shift_screen
1817,7220,2I85,True,True,True,False,False,False,False,eligible_for_shift_screen
1818,7223,2HJ8,True,True,True,False,False,False,False,eligible_for_shift_screen
1819,7224,2HG7,True,True,True,False,False,False,False,eligible_for_shift_screen
1820,7225,2HEP,True,True,True,False,False,False,False,eligible_for_shift_screen
1821,7226,2HGA,True,True,True,False,False,False,False,eligible_for_shift_screen
1822,7227,2HFI,True,True,True,False,False,False,False,eligible_for_shift_screen
1823,7228,2HI6,True,True,True,False,False,False,False,eligible_for_shift_screen
1824,7229,2HDL,True,True,True,False,False,False,False,eligible_for_shift_screen
1825,7230,2H49,True,True,True,False,False,False,False,eligible_for_shift_screen
1826,7232,2H3T,True,True,True,False,False,False,False,eligible_for_shift_screen
1827,7233,2H3S,True,True,True,False,False,False,False,eligible_for_shift_screen
1828,7233,2H4B,True,True,True,False,False,False,False,eligible_for_shift_screen
1829,7241,2HUG,True,True,True,False,False,False,False,eligible_for_shift_screen
1830,7243,2IZ4,True,True,True,False,False,False,False,eligible_for_shift_screen
1831,7251,2J0Z,True,True,True,False,False,False,False,eligible_for_shift_screen
1832,7252,2J10,True,True,True,False,False,False,False,eligible_for_shift_screen
1833,7252,2J11,True,True,True,False,False,False,False,eligible_for_shift_screen
1834,7256,2HFD,True,True,True,False,False,False,False,eligible_for_shift_screen
1835,7257,2HVZ,True,True,True,False,False,False,False,eligible_for_shift_screen
1836,7258,2HN8,True,True,True,False,False,False,False,eligible_for_shift_screen
1837,7259,2HTF,True,True,True,False,False,False,False,eligible_for_shift_screen
1838,7260,2HGC,True,True,True,False,False,False,False,eligible_for_shift_screen
1839,7261,2HJJ,True,True,True,False,False,False,False,eligible_for_shift_screen
1840,7262,2JM2,True,True,True,False,False,False,False,eligible_for_shift_screen
1841,7263,2I1P,True,True,True,False,False,False,False,eligible_for_shift_screen
1842,7266,2HFQ,True,True,True,False,False,False,False,eligible_for_shift_screen
1843,7268,2V37,True,True,True,False,False,False,False,eligible_for_shift_screen
1844,7269,2JNK,True,True,True,False,False,False,False,eligible_for_shift_screen
1845,7270,2O4E,True,True,True,False,False,False,False,eligible_for_shift_screen
1846,7271,2NNZ,True,True,True,False,False,False,False,eligible_for_shift_screen
1847,7272,2I59,True,True,True,False,False,False,False,eligible_for_shift_screen
1848,7273,2I1T,True,True,True,False,False,False,False,eligible_for_shift_screen
1849,7274,2HH8,True,True,True,False,False,False,False,eligible_for_shift_screen
1850,7276,2MEY,True,True,True,False,False,False,False,eligible_for_shift_screen
1851,7282,2I9M,True,True,True,False,False,False,False,eligible_for_shift_screen
1852,7283,2I9N,True,True,True,False,False,False,False,eligible_for_shift_screen
1853,7284,2I9O,True,True,True,False,False,False,False,eligible_for_shift_screen
1854,7285,2J4M,True,True,True,False,False,False,False,eligible_for_shift_screen
1855,7285,2J4N,True,True,True,False,False,False,False,eligible_for_shift_screen
1856,7287,2I7K,True,True,True,False,False,False,False,eligible_for_shift_screen
1857,7288,2J5D,True,True,True,False,False,False,False,eligible_for_shift_screen
1858,7291,2NPL,True,True,True,False,False,False,False,eligible_for_shift_screen
1859,7293,2I94,True,True,True,False,False,False,False,eligible_for_shift_screen
1860,7294,2IGZ,True,True,True,False,False,False,False,eligible_for_shift_screen
1861,7295,2IGZ,True,True,True,False,False,False,False,eligible_for_shift_screen
1862,7296,2I8F,True,True,True,False,False,False,False,eligible_for_shift_screen
1863,7297,2IDA,True,True,True,False,False,False,False,eligible_for_shift_screen
1864,7298,2I50,True,True,True,False,False,False,False,eligible_for_shift_screen
1865,7299,2J5H,True,True,True,False,False,False,False,eligible_for_shift_screen
1866,7301,2O3D,True,True,True,False,False,False,False,eligible_for_shift_screen
1867,7302,2I4K,True,True,True,False,False,False,False,eligible_for_shift_screen
1868,7305,2JM8,True,True,True,False,False,False,False,eligible_for_shift_screen
1869,7306,2JM9,True,True,True,False,False,False,False,eligible_for_shift_screen
1870,7306,2JMA,True,True,True,False,False,False,False,eligible_for_shift_screen
1871,7313,2IUE,True,True,True,False,False,False,False,eligible_for_shift_screen
1872,7314,2E34,True,True,True,False,False,False,False,eligible_for_shift_screen
1873,7315,2E35,True,True,True,False,False,False,False,eligible_for_shift_screen
1874,7315,2E36,True,True,True,False,False,False,False,eligible_for_shift_screen
1875,7320,2ITA,True,True,True,False,False,False,False,eligible_for_shift_screen
1876,7320,2NRG,True,True,True,False,False,False,False,eligible_for_shift_screen
1877,7322,2NLN,True,True,True,False,False,False,False,eligible_for_shift_screen
1878,7323,2NO8,True,True,True,False,False,False,False,eligible_for_shift_screen
1879,7324,2NPB,True,True,True,False,False,False,False,eligible_for_shift_screen
1880,7326,2NSV,True,True,True,False,False,False,False,eligible_for_shift_screen
1881,7327,2NSW,True,True,True,False,False,False,False,eligible_for_shift_screen
1882,7330,2E0H,True,True,True,False,False,False,False,eligible_for_shift_screen
1883,7339,2I9Y,True,True,True,False,False,False,False,eligible_for_shift_screen
1884,7341,2J15,True,True,True,False,False,False,False,eligible_for_shift_screen
1885,7342,2IWJ,True,True,True,False,False,False,False,eligible_for_shift_screen
1886,7349,2C0S,True,True,True,False,False,False,False,eligible_for_shift_screen
1887,7350,2BZB,True,True,True,False,False,False,False,eligible_for_shift_screen
1888,7351,2BZE,True,True,True,False,False,False,False,eligible_for_shift_screen
1889,7352,2BL6,True,True,True,False,False,False,False,eligible_for_shift_screen
1890,7354,2BJC,True,True,True,False,False,False,False,eligible_for_shift_screen
1891,7360,2IJY,True,True,True,False,False,False,False,eligible_for_shift_screen
1892,7361,2IT8,True,True,True,False,False,False,False,eligible_for_shift_screen
1893,7362,2NWT,True,True,True,False,False,False,False,eligible_for_shift_screen
1894,7364,2E5E,True,True,True,False,False,False,False,eligible_for_shift_screen
1895,7365,2E45,True,True,True,False,False,False,False,eligible_for_shift_screen
1896,7366,2NOC,True,True,True,False,False,False,False,eligible_for_shift_screen
1897,7367,2NS4,True,True,True,False,False,False,False,eligible_for_shift_screen
1898,7371,2OA4,True,True,True,False,False,False,False,eligible_for_shift_screen
1899,7376,2M30,True,True,True,False,False,False,False,eligible_for_shift_screen
1900,7381,2P0P,True,True,True,False,False,False,False,eligible_for_shift_screen
1901,7382,2OSR,True,True,True,False,False,False,False,eligible_for_shift_screen
1902,7383,2OSQ,True,True,True,False,False,False,False,eligible_for_shift_screen
1903,7384,2EC7,True,True,True,False,False,False,False,eligible_for_shift_screen
1904,7386,2P81,True,True,True,False,False,False,False,eligible_for_shift_screen
1905,7388,2P5J,True,True,True,False,False,False,False,eligible_for_shift_screen
1906,7389,2P5H,True,True,True,False,False,False,False,eligible_for_shift_screen
1907,7390,2JQR,True,True,True,False,False,False,False,eligible_for_shift_screen
1908,7392,2Z2G,True,True,True,False,False,False,False,eligible_for_shift_screen
1909,7395,2YZ0,True,True,True,False,False,False,False,eligible_for_shift_screen
1910,7396,2PP4,True,True,True,False,False,False,False,eligible_for_shift_screen
1911,7397,2YYF,True,True,True,False,False,False,False,eligible_for_shift_screen
1912,7399,2PJG,True,True,True,False,False,False,False,eligible_for_shift_screen
1913,7400,2PJI,True,True,True,False,False,False,False,eligible_for_shift_screen
1914,7401,2P6J,True,True,True,False,False,False,False,eligible_for_shift_screen
1915,7402,2PCO,True,True,True,False,False,False,False,eligible_for_shift_screen
1916,7403,2QH2,True,True,True,False,False,False,False,eligible_for_shift_screen
1917,7404,2QH3,True,True,True,False,False,False,False,eligible_for_shift_screen
1918,7405,2QH4,True,True,True,False,False,False,False,eligible_for_shift_screen
1919,7414,2JXY,True,True,True,False,False,False,False,eligible_for_shift_screen
1920,7415,2JXY,True,True,True,False,False,False,False,eligible_for_shift_screen
1921,7419,2V6Z,True,True,True,False,False,False,False,eligible_for_shift_screen
1922,7420,2JGW,True,True,True,False,False,False,False,eligible_for_shift_screen
1923,7421,2JGX,True,True,True,False,False,False,False,eligible_for_shift_screen
1924,7423,2K61,True,True,True,False,False,False,False,eligible_for_shift_screen
1925,7424,2K61,True,True,True,False,False,False,False,eligible_for_shift_screen
1926,7425,2K61,True,True,True,False,False,False,False,eligible_for_shift_screen
1927,7430,2K8V,True,True,True,False,False,False,False,eligible_for_shift_screen
1928,9500,1VDJ,True,True,True,False,False,False,False,eligible_for_shift_screen
1929,10001,2CZP,True,True,True,False,False,False,False,eligible_for_shift_screen
1930,10002,1VEX,True,True,True,False,False,False,False,eligible_for_shift_screen
1931,10006,1WFU,True,True,True,False,False,False,False,eligible_for_shift_screen
1932,10008,1WFT,True,True,True,False,False,False,False,eligible_for_shift_screen
1933,10009,1WFW,True,True,True,False,False,False,False,eligible_for_shift_screen
1934,10011,2COM,True,True,True,False,False,False,False,eligible_for_shift_screen
1935,10012,1VDI,True,True,True,False,False,False,False,eligible_for_shift_screen
1936,10013,1WIL,True,True,True,False,False,False,False,eligible_for_shift_screen
1937,10014,2F87,True,True,True,False,False,False,False,eligible_for_shift_screen
1938,10018,2FDT,True,True,True,False,False,False,False,eligible_for_shift_screen
1939,10019,2RQG,True,True,True,False,False,False,False,eligible_for_shift_screen
1940,10022,2E8D,True,True,True,False,False,False,False,eligible_for_shift_screen
1941,10024,2DW3,True,True,True,False,False,False,False,eligible_for_shift_screen
1942,10025,1UL7,True,True,True,False,False,False,False,eligible_for_shift_screen
1943,10026,1V5S,True,True,True,False,False,False,False,eligible_for_shift_screen
1944,10027,2E0G,True,True,True,False,False,False,False,eligible_for_shift_screen
1945,10028,2DWV,True,True,True,False,False,False,False,eligible_for_shift_screen
1946,10029,1WFV,True,True,True,False,False,False,False,eligible_for_shift_screen
1947,10030,1WJO,True,True,True,False,False,False,False,eligible_for_shift_screen
1948,10031,1WJR,True,True,True,False,False,False,False,eligible_for_shift_screen
1949,10032,1WJS,True,True,True,False,False,False,False,eligible_for_shift_screen
1950,10033,1WJZ,True,True,True,False,False,False,False,eligible_for_shift_screen
1951,10034,1WK0,True,True,True,False,False,False,False,eligible_for_shift_screen
1952,10035,1WK1,True,True,True,False,False,False,False,eligible_for_shift_screen
1953,10036,1WLM,True,True,True,False,False,False,False,eligible_for_shift_screen
1954,10037,1WJQ,True,True,True,False,False,False,False,eligible_for_shift_screen
1955,10038,1WJP,True,True,True,False,False,False,False,eligible_for_shift_screen
1956,10039,1WGQ,True,True,True,False,False,False,False,eligible_for_shift_screen
1957,10040,1WGR,True,True,True,False,False,False,False,eligible_for_shift_screen
1958,10041,1WGS,True,True,True,False,False,False,False,eligible_for_shift_screen
1959,10042,1WGV,True,True,True,False,False,False,False,eligible_for_shift_screen
1960,10043,1WGW,True,True,True,False,False,False,False,eligible_for_shift_screen
1961,10044,1WH5,True,True,True,False,False,False,False,eligible_for_shift_screen
1962,10045,1WH7,True,True,True,False,False,False,False,eligible_for_shift_screen
1963,10046,1WI0,True,True,True,False,False,False,False,eligible_for_shift_screen
1964,10047,2ECC,True,True,True,False,False,False,False,eligible_for_shift_screen
1965,10048,1WJI,True,True,True,False,False,False,False,eligible_for_shift_screen
1966,10049,1WJT,True,True,True,False,False,False,False,eligible_for_shift_screen
1967,10050,1WJU,True,True,True,False,False,False,False,eligible_for_shift_screen
1968,10054,1WFQ,True,True,True,False,False,False,False,eligible_for_shift_screen
1969,10055,1WFS,True,True,True,False,False,False,False,eligible_for_shift_screen
1970,10056,1WFY,True,True,True,False,False,False,False,eligible_for_shift_screen
1971,10057,1WFZ,True,True,True,False,False,False,False,eligible_for_shift_screen
1972,10058,1WIK,True,True,True,False,False,False,False,eligible_for_shift_screen
1973,10059,1WIN,True,True,True,False,False,False,False,eligible_for_shift_screen
1974,10060,1WJK,True,True,True,False,False,False,False,eligible_for_shift_screen
1975,10061,1WJL,True,True,True,False,False,False,False,eligible_for_shift_screen
1976,10063,1UE9,True,True,True,False,False,False,False,eligible_for_shift_screen
1977,10064,1UEW,True,True,True,False,False,False,False,eligible_for_shift_screen
1978,10065,1UFN,True,True,True,False,False,False,False,eligible_for_shift_screen
1979,10066,1UFX,True,True,True,False,False,False,False,eligible_for_shift_screen
1980,10067,1UHT,True,True,True,False,False,False,False,eligible_for_shift_screen
1981,10068,1UJO,True,True,True,False,False,False,False,eligible_for_shift_screen
1982,10069,1UJS,True,True,True,False,False,False,False,eligible_for_shift_screen
1983,10070,1WEZ,True,True,True,False,False,False,False,eligible_for_shift_screen
1984,10071,1WF1,True,True,True,False,False,False,False,eligible_for_shift_screen
1985,10072,1WF2,True,True,True,False,False,False,False,eligible_for_shift_screen
1986,10073,1WFJ,True,True,True,False,False,False,False,eligible_for_shift_screen
1987,10074,1WFM,True,True,True,False,False,False,False,eligible_for_shift_screen
1988,10075,1WFN,True,True,True,False,False,False,False,eligible_for_shift_screen
1989,10076,1WFO,True,True,True,False,False,False,False,eligible_for_shift_screen
1990,10077,1WI8,True,True,True,False,False,False,False,eligible_for_shift_screen
1991,10079,1V9V,True,True,True,False,False,False,False,eligible_for_shift_screen
1992,10080,1V9W,True,True,True,False,False,False,False,eligible_for_shift_screen
1993,10081,1VAE,True,True,True,False,False,False,False,eligible_for_shift_screen
1994,10082,1WEY,True,True,True,False,False,False,False,eligible_for_shift_screen
1995,10083,1WFG,True,True,True,False,False,False,False,eligible_for_shift_screen
1996,10084,1WFI,True,True,True,False,False,False,False,eligible_for_shift_screen
1997,10085,1WG5,True,True,True,False,False,False,False,eligible_for_shift_screen
1998,10086,1WGY,True,True,True,False,False,False,False,eligible_for_shift_screen
1999,10087,1WH3,True,True,True,False,False,False,False,eligible_for_shift_screen
2000,10088,1WHA,True,True,True,False,False,False,False,eligible_for_shift_screen
2001,10089,1WJ1,True,True,True,False,False,False,False,eligible_for_shift_screen
2002,10090,1WJJ,True,True,True,False,False,False,False,eligible_for_shift_screen
2003,10091,1WJN,True,True,True,False,False,False,False,eligible_for_shift_screen
2004,10092,1WH4,True,True,True,False,False,False,False,eligible_for_shift_screen
2005,10093,1WH6,True,True,True,False,False,False,False,eligible_for_shift_screen
2006,10094,1WH8,True,True,True,False,False,False,False,eligible_for_shift_screen
2007,10095,1WH9,True,True,True,False,False,False,False,eligible_for_shift_screen
2008,10097,1J0F,True,True,True,False,False,False,False,eligible_for_shift_screen
2009,10098,1R79,True,True,True,False,False,False,False,eligible_for_shift_screen
2010,10099,1UEM,True,True,True,False,False,False,False,eligible_for_shift_screen
2011,10100,1UEP,True,True,True,False,False,False,False,eligible_for_shift_screen
2012,10101,1UG7,True,True,True,False,False,False,False,eligible_for_shift_screen
2013,10102,1UJT,True,True,True,False,False,False,False,eligible_for_shift_screen
2014,10103,1UJU,True,True,True,False,False,False,False,eligible_for_shift_screen
2015,10104,1UJX,True,True,True,False,False,False,False,eligible_for_shift_screen
2016,10105,1V31,True,True,True,False,False,False,False,eligible_for_shift_screen
2017,10106,1V32,True,True,True,False,False,False,False,eligible_for_shift_screen
2018,10107,1V5K,True,True,True,False,False,False,False,eligible_for_shift_screen
2019,10108,1V5N,True,True,True,False,False,False,False,eligible_for_shift_screen
2020,10109,1V5Q,True,True,True,False,False,False,False,eligible_for_shift_screen
2021,10110,1V5R,True,True,True,False,False,False,False,eligible_for_shift_screen
2022,10111,1V63,True,True,True,False,False,False,False,eligible_for_shift_screen
2023,10112,1V86,True,True,True,False,False,False,False,eligible_for_shift_screen
2024,10113,1V5M,True,True,True,False,False,False,False,eligible_for_shift_screen
2025,10114,1V5U,True,True,True,False,False,False,False,eligible_for_shift_screen
2026,10115,1V88,True,True,True,False,False,False,False,eligible_for_shift_screen
2027,10118,2EXD,True,True,True,False,False,False,False,eligible_for_shift_screen
2028,10119,1IUR,True,True,True,False,False,False,False,eligible_for_shift_screen
2029,10120,1UFG,True,True,True,False,False,False,False,eligible_for_shift_screen
2030,10121,1J26,True,True,True,False,False,False,False,eligible_for_shift_screen
2031,10122,1J3T,True,True,True,False,False,False,False,eligible_for_shift_screen
2032,10123,1N27,True,True,True,False,False,False,False,eligible_for_shift_screen
2033,10124,1UJV,True,True,True,False,False,False,False,eligible_for_shift_screen
2034,10125,1WHN,True,True,True,False,False,False,False,eligible_for_shift_screen
2035,10126,1WHR,True,True,True,False,False,False,False,eligible_for_shift_screen
2036,10127,1WHU,True,True,True,False,False,False,False,eligible_for_shift_screen
2037,10128,1VA9,True,True,True,False,False,False,False,eligible_for_shift_screen
2038,10129,1WF5,True,True,True,False,False,False,False,eligible_for_shift_screen
2039,10130,1WF9,True,True,True,False,False,False,False,eligible_for_shift_screen
2040,10131,1V5P,True,True,True,False,False,False,False,eligible_for_shift_screen
2041,10132,2PAC,True,True,True,False,False,False,False,eligible_for_shift_screen
2042,10133,2PAC,True,True,True,False,False,False,False,eligible_for_shift_screen
2043,10136,1UFF,True,True,True,False,False,False,False,eligible_for_shift_screen
2044,10137,2E4J,True,True,True,False,False,False,False,eligible_for_shift_screen
2045,10138,2DOG,True,True,True,False,False,False,False,eligible_for_shift_screen
2046,10141,2E9G,True,True,True,False,False,False,False,eligible_for_shift_screen
2047,10142,2E9I,True,True,True,False,False,False,False,eligible_for_shift_screen
2048,10143,2E9J,True,True,True,False,False,False,False,eligible_for_shift_screen
2049,10144,2EE4,True,True,True,False,False,False,False,eligible_for_shift_screen
2050,10145,2EE5,True,True,True,False,False,False,False,eligible_for_shift_screen
2051,10146,2EE6,True,True,True,False,False,False,False,eligible_for_shift_screen
2052,10147,2EE7,True,True,True,False,False,False,False,eligible_for_shift_screen
2053,10148,2EE8,True,True,True,False,False,False,False,eligible_for_shift_screen
2054,10149,2E9K,True,True,True,False,False,False,False,eligible_for_shift_screen
2055,10150,2ELK,True,True,True,False,False,False,False,eligible_for_shift_screen
2056,10151,2EN6,True,True,True,False,False,False,False,eligible_for_shift_screen
2057,10152,2EN7,True,True,True,False,False,False,False,eligible_for_shift_screen
2058,10153,2EOV,True,True,True,False,False,False,False,eligible_for_shift_screen
2059,10154,2EOY,True,True,True,False,False,False,False,eligible_for_shift_screen
2060,10155,2EP2,True,True,True,False,False,False,False,eligible_for_shift_screen
2061,10156,2YTS,True,True,True,False,False,False,False,eligible_for_shift_screen
2062,10157,2EOS,True,True,True,False,False,False,False,eligible_for_shift_screen
2063,10158,2EOU,True,True,True,False,False,False,False,eligible_for_shift_screen
2064,10159,2EE9,True,True,True,False,False,False,False,eligible_for_shift_screen
2065,10160,2EEA,True,True,True,False,False,False,False,eligible_for_shift_screen
2066,10161,2EEB,True,True,True,False,False,False,False,eligible_for_shift_screen
2067,10162,2EEC,True,True,True,False,False,False,False,eligible_for_shift_screen
2068,10163,2EED,True,True,True,False,False,False,False,eligible_for_shift_screen
2069,10164,2EEE,True,True,True,False,False,False,False,eligible_for_shift_screen
2070,10165,2EEF,True,True,True,False,False,False,False,eligible_for_shift_screen
2071,10166,2EM1,True,True,True,False,False,False,False,eligible_for_shift_screen
2072,10167,2EM2,True,True,True,False,False,False,False,eligible_for_shift_screen
2073,10168,2EM3,True,True,True,False,False,False,False,eligible_for_shift_screen
2074,10169,2EN8,True,True,True,False,False,False,False,eligible_for_shift_screen
2075,10170,2EN9,True,True,True,False,False,False,False,eligible_for_shift_screen
2076,10171,2ENA,True,True,True,False,False,False,False,eligible_for_shift_screen
2077,10172,2ENC,True,True,True,False,False,False,False,eligible_for_shift_screen
2078,10173,2ENE,True,True,True,False,False,False,False,eligible_for_shift_screen
2079,10174,2ENF,True,True,True,False,False,False,False,eligible_for_shift_screen
2080,10175,2ENH,True,True,True,False,False,False,False,eligible_for_shift_screen
2081,10176,2YTM,True,True,True,False,False,False,False,eligible_for_shift_screen
2082,10177,2YTP,True,True,True,False,False,False,False,eligible_for_shift_screen
2083,10178,2YTT,True,True,True,False,False,False,False,eligible_for_shift_screen
2084,10179,2EM4,True,True,True,False,False,False,False,eligible_for_shift_screen
2085,10180,2EM7,True,True,True,False,False,False,False,eligible_for_shift_screen
2086,10181,2EM9,True,True,True,False,False,False,False,eligible_for_shift_screen
2087,10182,2EME,True,True,True,False,False,False,False,eligible_for_shift_screen
2088,10183,2EMF,True,True,True,False,False,False,False,eligible_for_shift_screen
2089,10184,2EMG,True,True,True,False,False,False,False,eligible_for_shift_screen
2090,10185,2YTF,True,True,True,False,False,False,False,eligible_for_shift_screen
2091,10186,2YTG,True,True,True,False,False,False,False,eligible_for_shift_screen
2092,10187,2YTH,True,True,True,False,False,False,False,eligible_for_shift_screen
2093,10188,2YTI,True,True,True,False,False,False,False,eligible_for_shift_screen
2094,10189,2EOM,True,True,True,False,False,False,False,eligible_for_shift_screen
2095,10191,2EOP,True,True,True,False,False,False,False,eligible_for_shift_screen
2096,10192,2EOQ,True,True,True,False,False,False,False,eligible_for_shift_screen
2097,10193,2YUM,True,True,True,False,False,False,False,eligible_for_shift_screen
2098,10194,2YUO,True,True,True,False,False,False,False,eligible_for_shift_screen
2099,10195,2YUP,True,True,True,False,False,False,False,eligible_for_shift_screen
2100,10196,2EM5,True,True,True,False,False,False,False,eligible_for_shift_screen
2101,10197,2EM6,True,True,True,False,False,False,False,eligible_for_shift_screen
2102,10198,2EM8,True,True,True,False,False,False,False,eligible_for_shift_screen
2103,10199,2EMA,True,True,True,False,False,False,False,eligible_for_shift_screen
2104,10200,2EMB,True,True,True,False,False,False,False,eligible_for_shift_screen
2105,10201,2EMC,True,True,True,False,False,False,False,eligible_for_shift_screen
2106,10202,2EMH,True,True,True,False,False,False,False,eligible_for_shift_screen
2107,10203,2EMI,True,True,True,False,False,False,False,eligible_for_shift_screen
2108,10204,2EMJ,True,True,True,False,False,False,False,eligible_for_shift_screen
2109,10205,2EMK,True,True,True,False,False,False,False,eligible_for_shift_screen
2110,10206,2EOH,True,True,True,False,False,False,False,eligible_for_shift_screen
2111,10207,2EOW,True,True,True,False,False,False,False,eligible_for_shift_screen
2112,10208,2EOX,True,True,True,False,False,False,False,eligible_for_shift_screen
2113,10209,2EOZ,True,True,True,False,False,False,False,eligible_for_shift_screen
2114,10210,2EP0,True,True,True,False,False,False,False,eligible_for_shift_screen
2115,10211,2YUQ,True,True,True,False,False,False,False,eligible_for_shift_screen
2116,10212,2CUD,True,True,True,False,False,False,False,eligible_for_shift_screen
2117,10213,2E29,True,True,True,False,False,False,False,eligible_for_shift_screen
2118,10214,2YSE,True,True,True,False,False,False,False,eligible_for_shift_screen
2119,10215,2ZAJ,True,True,True,False,False,False,False,eligible_for_shift_screen
2120,10216,2EOF,True,True,True,False,False,False,False,eligible_for_shift_screen
2121,10217,2EOG,True,True,True,False,False,False,False,eligible_for_shift_screen
2122,10218,2EOJ,True,True,True,False,False,False,False,eligible_for_shift_screen
2123,10219,2EOK,True,True,True,False,False,False,False,eligible_for_shift_screen
2124,10220,2EON,True,True,True,False,False,False,False,eligible_for_shift_screen
2125,10221,2EOR,True,True,True,False,False,False,False,eligible_for_shift_screen
2126,10222,2YTQ,True,True,True,False,False,False,False,eligible_for_shift_screen
2127,10223,2YTR,True,True,True,False,False,False,False,eligible_for_shift_screen
2128,10224,2EMV,True,True,True,False,False,False,False,eligible_for_shift_screen
2129,10225,2EMW,True,True,True,False,False,False,False,eligible_for_shift_screen
2130,10226,2EMX,True,True,True,False,False,False,False,eligible_for_shift_screen
2131,10227,2EMY,True,True,True,False,False,False,False,eligible_for_shift_screen
2132,10228,2EMZ,True,True,True,False,False,False,False,eligible_for_shift_screen
2133,10229,2EN0,True,True,True,False,False,False,False,eligible_for_shift_screen
2134,10230,2EN1,True,True,True,False,False,False,False,eligible_for_shift_screen
2135,10231,2EN2,True,True,True,False,False,False,False,eligible_for_shift_screen
2136,10232,2EN3,True,True,True,False,False,False,False,eligible_for_shift_screen
2137,10233,2EN4,True,True,True,False,False,False,False,eligible_for_shift_screen
2138,10234,2YU8,True,True,True,False,False,False,False,eligible_for_shift_screen
2139,10235,1WGU,True,True,True,False,False,False,False,eligible_for_shift_screen
2140,10236,2ROZ,True,True,True,False,False,False,False,eligible_for_shift_screen
2141,10237,2YSZ,True,True,True,False,False,False,False,eligible_for_shift_screen
2142,10238,2YT0,True,True,True,False,False,False,False,eligible_for_shift_screen
2143,10239,2YT1,True,True,True,False,False,False,False,eligible_for_shift_screen
2144,10240,1X69,True,True,True,False,False,False,False,eligible_for_shift_screen
2145,10241,1X6B,True,True,True,False,False,False,False,eligible_for_shift_screen
2146,10242,1X6D,True,True,True,False,False,False,False,eligible_for_shift_screen
2147,10243,1X6E,True,True,True,False,False,False,False,eligible_for_shift_screen
2148,10244,1X6F,True,True,True,False,False,False,False,eligible_for_shift_screen
2149,10245,1X6G,True,True,True,False,False,False,False,eligible_for_shift_screen
2150,10246,1X6H,True,True,True,False,False,False,False,eligible_for_shift_screen
2151,10247,2CO8,True,True,True,False,False,False,False,eligible_for_shift_screen
2152,10248,1WZ6,True,True,True,False,False,False,False,eligible_for_shift_screen
2153,10249,1X05,True,True,True,False,False,False,False,eligible_for_shift_screen
2154,10250,1X1F,True,True,True,False,False,False,False,eligible_for_shift_screen
2155,10251,1X1G,True,True,True,False,False,False,False,eligible_for_shift_screen
2156,10252,2CO9,True,True,True,False,False,False,False,eligible_for_shift_screen
2157,10253,2COA,True,True,True,False,False,False,False,eligible_for_shift_screen
2158,10254,2COC,True,True,True,False,False,False,False,eligible_for_shift_screen
2159,10255,2COD,True,True,True,False,False,False,False,eligible_for_shift_screen
2160,10256,2COF,True,True,True,False,False,False,False,eligible_for_shift_screen
2161,10257,2DJR,True,True,True,False,False,False,False,eligible_for_shift_screen
2162,10258,2DJS,True,True,True,False,False,False,False,eligible_for_shift_screen
2163,10259,2DJT,True,True,True,False,False,False,False,eligible_for_shift_screen
2164,10260,2DJU,True,True,True,False,False,False,False,eligible_for_shift_screen
2165,10261,2DJV,True,True,True,False,False,False,False,eligible_for_shift_screen
2166,10262,2DKM,True,True,True,False,False,False,False,eligible_for_shift_screen
2167,10263,2DN7,True,True,True,False,False,False,False,eligible_for_shift_screen
2168,10264,1X5B,True,True,True,False,False,False,False,eligible_for_shift_screen
2169,10265,2EDX,True,True,True,False,False,False,False,eligible_for_shift_screen
2170,10266,2EDY,True,True,True,False,False,False,False,eligible_for_shift_screen
2171,10267,2EDZ,True,True,True,False,False,False,False,eligible_for_shift_screen
2172,10268,2EE0,True,True,True,False,False,False,False,eligible_for_shift_screen
2173,10269,2EE1,True,True,True,False,False,False,False,eligible_for_shift_screen
2174,10270,2EE2,True,True,True,False,False,False,False,eligible_for_shift_screen
2175,10271,2EE3,True,True,True,False,False,False,False,eligible_for_shift_screen
2176,10272,2EKH,True,True,True,False,False,False,False,eligible_for_shift_screen
2177,10273,2EKI,True,True,True,False,False,False,False,eligible_for_shift_screen
2178,10274,2EKJ,True,True,True,False,False,False,False,eligible_for_shift_screen
2179,10275,2YU0,True,True,True,False,False,False,False,eligible_for_shift_screen
2180,10276,2D9T,True,True,True,False,False,False,False,eligible_for_shift_screen
2181,10277,2D9U,True,True,True,False,False,False,False,eligible_for_shift_screen
2182,10278,2D9V,True,True,True,False,False,False,False,eligible_for_shift_screen
2183,10279,2D9W,True,True,True,False,False,False,False,eligible_for_shift_screen
2184,10280,2D9X,True,True,True,False,False,False,False,eligible_for_shift_screen
2185,10281,2CUE,True,True,True,False,False,False,False,eligible_for_shift_screen
2186,10282,2CUF,True,True,True,False,False,False,False,eligible_for_shift_screen
2187,10283,2DA1,True,True,True,False,False,False,False,eligible_for_shift_screen
2188,10284,2DA2,True,True,True,False,False,False,False,eligible_for_shift_screen
2189,10285,2DA3,True,True,True,False,False,False,False,eligible_for_shift_screen
2190,10286,2DA4,True,True,True,False,False,False,False,eligible_for_shift_screen
2191,10287,2DA5,True,True,True,False,False,False,False,eligible_for_shift_screen
2192,10288,2DA6,True,True,True,False,False,False,False,eligible_for_shift_screen
2193,10289,2DA7,True,True,True,False,False,False,False,eligible_for_shift_screen
2194,10290,2DJN,True,True,True,False,False,False,False,eligible_for_shift_screen
2195,10291,2DMN,True,True,True,False,False,False,False,eligible_for_shift_screen
2196,10292,2DMP,True,True,True,False,False,False,False,eligible_for_shift_screen
2197,10293,2DMQ,True,True,True,False,False,False,False,eligible_for_shift_screen
2198,10294,2DMS,True,True,True,False,False,False,False,eligible_for_shift_screen
2199,10295,2DMT,True,True,True,False,False,False,False,eligible_for_shift_screen
2200,10296,2DMU,True,True,True,False,False,False,False,eligible_for_shift_screen
2201,10297,2E19,True,True,True,False,False,False,False,eligible_for_shift_screen
2202,10298,2YS9,True,True,True,False,False,False,False,eligible_for_shift_screen
2203,10299,2DB8,True,True,True,False,False,False,False,eligible_for_shift_screen
2204,10300,2DBJ,True,True,True,False,False,False,False,eligible_for_shift_screen
2205,10301,2DBK,True,True,True,False,False,False,False,eligible_for_shift_screen
2206,10302,2DBM,True,True,True,False,False,False,False,eligible_for_shift_screen
2207,10303,2EML,True,True,True,False,False,False,False,eligible_for_shift_screen
2208,10304,2EMM,True,True,True,False,False,False,False,eligible_for_shift_screen
2209,10305,2EMP,True,True,True,False,False,False,False,eligible_for_shift_screen
2210,10306,2YRM,True,True,True,False,False,False,False,eligible_for_shift_screen
2211,10307,2YTD,True,True,True,False,False,False,False,eligible_for_shift_screen
2212,10308,2YTE,True,True,True,False,False,False,False,eligible_for_shift_screen
2213,10309,2YTJ,True,True,True,False,False,False,False,eligible_for_shift_screen
2214,10310,2YTK,True,True,True,False,False,False,False,eligible_for_shift_screen
2215,10311,2D9Y,True,True,True,False,False,False,False,eligible_for_shift_screen
2216,10312,2D9Z,True,True,True,False,False,False,False,eligible_for_shift_screen
2217,10313,2DA0,True,True,True,False,False,False,False,eligible_for_shift_screen
2218,10314,2DHI,True,True,True,False,False,False,False,eligible_for_shift_screen
2219,10315,2DHJ,True,True,True,False,False,False,False,eligible_for_shift_screen
2220,10316,2DHK,True,True,True,False,False,False,False,eligible_for_shift_screen
2221,10317,2DKP,True,True,True,False,False,False,False,eligible_for_shift_screen
2222,10318,2DKQ,True,True,True,False,False,False,False,eligible_for_shift_screen
2223,10319,2DN6,True,True,True,False,False,False,False,eligible_for_shift_screen
2224,10320,2DI9,True,True,True,False,False,False,False,eligible_for_shift_screen
2225,10321,2DIB,True,True,True,False,False,False,False,eligible_for_shift_screen
2226,10322,2DIC,True,True,True,False,False,False,False,eligible_for_shift_screen
2227,10323,2DJ4,True,True,True,False,False,False,False,eligible_for_shift_screen
2228,10324,2DLG,True,True,True,False,False,False,False,eligible_for_shift_screen
2229,10325,2DMB,True,True,True,False,False,False,False,eligible_for_shift_screen
2230,10326,2DMC,True,True,True,False,False,False,False,eligible_for_shift_screen
2231,10327,2DS4,True,True,True,False,False,False,False,eligible_for_shift_screen
2232,10328,2D7M,True,True,True,False,False,False,False,eligible_for_shift_screen
2233,10329,2D7N,True,True,True,False,False,False,False,eligible_for_shift_screen
2234,10330,2D7O,True,True,True,False,False,False,False,eligible_for_shift_screen
2235,10331,2D7P,True,True,True,False,False,False,False,eligible_for_shift_screen
2236,10332,2D7Q,True,True,True,False,False,False,False,eligible_for_shift_screen
2237,10333,2DI7,True,True,True,False,False,False,False,eligible_for_shift_screen
2238,10334,2DI8,True,True,True,False,False,False,False,eligible_for_shift_screen
2239,10335,2DIA,True,True,True,False,False,False,False,eligible_for_shift_screen
2240,10336,1WWY,True,True,True,False,False,False,False,eligible_for_shift_screen
2241,10337,2E5K,True,True,True,False,False,False,False,eligible_for_shift_screen
2242,11002,2RLG,True,True,True,False,False,False,False,eligible_for_shift_screen
2243,11003,2RLH,True,True,True,False,False,False,False,eligible_for_shift_screen
2244,11004,2RLJ,True,True,True,False,False,False,False,eligible_for_shift_screen
2245,11006,2RQZ,True,True,True,False,False,False,False,eligible_for_shift_screen
2246,11007,2RLY,True,True,True,False,False,False,False,eligible_for_shift_screen
2247,11008,2RM0,True,True,True,False,False,False,False,eligible_for_shift_screen
2248,11009,2RM4,True,True,True,False,False,False,False,eligible_for_shift_screen
2249,11010,2RMK,True,True,True,False,False,False,False,eligible_for_shift_screen
2250,11011,2RML,True,True,True,False,False,False,False,eligible_for_shift_screen
2251,11012,2RMN,True,True,True,False,False,False,False,eligible_for_shift_screen
2252,11014,2RN1,True,True,True,False,False,False,False,eligible_for_shift_screen
2253,11016,2RN5,True,True,True,False,False,False,False,eligible_for_shift_screen
2254,11017,2RN7,True,True,True,False,False,False,False,eligible_for_shift_screen
2255,11018,2RN8,True,True,True,False,False,False,False,eligible_for_shift_screen
2256,11019,2RN9,True,True,True,False,False,False,False,eligible_for_shift_screen
2257,11020,2RNB,True,True,True,False,False,False,False,eligible_for_shift_screen
2258,11022,2RNG,True,True,True,False,False,False,False,eligible_for_shift_screen
2259,11024,2RNJ,True,True,True,False,False,False,False,eligible_for_shift_screen
2260,11026,2RMO,True,True,True,False,False,False,False,eligible_for_shift_screen
2261,11029,2RNN,True,True,True,False,False,False,False,eligible_for_shift_screen
2262,11030,2RNO,True,True,True,False,False,False,False,eligible_for_shift_screen
2263,11032,2RO0,True,True,True,False,False,False,False,eligible_for_shift_screen
2264,11033,2RNZ,True,True,True,False,False,False,False,eligible_for_shift_screen
2265,11034,2RO5,True,True,True,False,False,False,False,eligible_for_shift_screen
2266,11038,2ROH,True,True,True,False,False,False,False,eligible_for_shift_screen
2267,11040,2ROL,True,True,True,False,False,False,False,eligible_for_shift_screen
2268,11041,2ROP,True,True,True,False,False,False,False,eligible_for_shift_screen
2269,11042,2KHE,True,True,True,False,False,False,False,eligible_for_shift_screen
2270,11043,2ROT,True,True,True,False,False,False,False,eligible_for_shift_screen
2271,11044,2ROO,True,True,True,False,False,False,False,eligible_for_shift_screen
2272,11045,2RPD,True,True,True,False,False,False,False,eligible_for_shift_screen
2273,11046,2RPE,True,True,True,False,False,False,False,eligible_for_shift_screen
2274,11048,2RPH,True,True,True,False,False,False,False,eligible_for_shift_screen
2275,11049,2RND,True,True,True,False,False,False,False,eligible_for_shift_screen
2276,11050,2RMY,True,True,True,False,False,False,False,eligible_for_shift_screen
2277,11054,2RPS,True,True,True,False,False,False,False,eligible_for_shift_screen
2278,11060,2RPB,True,True,True,False,False,False,False,eligible_for_shift_screen
2279,11061,2RPZ,True,True,True,False,False,False,False,eligible_for_shift_screen
2280,11062,2RQ0,True,True,True,False,False,False,False,eligible_for_shift_screen
2281,11064,2MUS,True,True,True,False,False,False,False,eligible_for_shift_screen
2282,11065,2RQ1,True,True,True,False,False,False,False,eligible_for_shift_screen
2283,11072,2RQ2,True,True,True,False,False,False,False,eligible_for_shift_screen
2284,11073,2RQF,True,True,True,False,False,False,False,eligible_for_shift_screen
2285,11076,2RQK,True,True,True,False,False,False,False,eligible_for_shift_screen
2286,11077,2RQL,True,True,True,False,False,False,False,eligible_for_shift_screen
2287,11078,2Z5V,True,True,True,False,False,False,False,eligible_for_shift_screen
2288,11080,2RQS,True,True,True,False,False,False,False,eligible_for_shift_screen
2289,11081,2RQT,True,True,True,False,False,False,False,eligible_for_shift_screen
2290,11082,2RQU,True,True,True,False,False,False,False,eligible_for_shift_screen
2291,11083,2ELL,True,True,True,False,False,False,False,eligible_for_shift_screen
2292,11084,1WYN,True,True,True,False,False,False,False,eligible_for_shift_screen
2293,11085,1WYL,True,True,True,False,False,False,False,eligible_for_shift_screen
2294,11086,1WYO,True,True,True,False,False,False,False,eligible_for_shift_screen
2295,11087,2YS3,True,True,True,False,False,False,False,eligible_for_shift_screen
2296,11088,2YS1,True,True,True,False,False,False,False,eligible_for_shift_screen
2297,11089,2YRY,True,True,True,False,False,False,False,eligible_for_shift_screen
2298,11090,2YS4,True,True,True,False,False,False,False,eligible_for_shift_screen
2299,11091,2E6J,True,True,True,False,False,False,False,eligible_for_shift_screen
2300,11092,2EFI,True,True,True,False,False,False,False,eligible_for_shift_screen
2301,11093,2E6I,True,True,True,False,False,False,False,eligible_for_shift_screen
2302,11094,2YS5,True,True,True,False,False,False,False,eligible_for_shift_screen
2303,11095,2YT2,True,True,True,False,False,False,False,eligible_for_shift_screen
2304,11096,2ED7,True,True,True,False,False,False,False,eligible_for_shift_screen
2305,11097,2EDD,True,True,True,False,False,False,False,eligible_for_shift_screen
2306,11098,2EDE,True,True,True,False,False,False,False,eligible_for_shift_screen
2307,11099,2EDB,True,True,True,False,False,False,False,eligible_for_shift_screen
2308,11100,2DML,True,True,True,False,False,False,False,eligible_for_shift_screen
2309,11101,2DJ1,True,True,True,False,False,False,False,eligible_for_shift_screen
2310,11102,2DMM,True,True,True,False,False,False,False,eligible_for_shift_screen
2311,11103,2ED8,True,True,True,False,False,False,False,eligible_for_shift_screen
2312,11104,2DJ2,True,True,True,False,False,False,False,eligible_for_shift_screen
2313,11105,2DJ0,True,True,True,False,False,False,False,eligible_for_shift_screen
2314,11106,2DMK,True,True,True,False,False,False,False,eligible_for_shift_screen
2315,11107,2DIZ,True,True,True,False,False,False,False,eligible_for_shift_screen
2316,11108,2DIY,True,True,True,False,False,False,False,eligible_for_shift_screen
2317,11109,2DJ3,True,True,True,False,False,False,False,eligible_for_shift_screen
2318,11110,2CUM,True,True,True,False,False,False,False,eligible_for_shift_screen
2319,11111,1X5K,True,True,True,False,False,False,False,eligible_for_shift_screen
2320,11112,1X5I,True,True,True,False,False,False,False,eligible_for_shift_screen
2321,11113,1X5E,True,True,True,False,False,False,False,eligible_for_shift_screen
2322,11114,1X5C,True,True,True,False,False,False,False,eligible_for_shift_screen
2323,11115,2RR4,True,True,True,False,False,False,False,eligible_for_shift_screen
2324,11116,1X5D,True,True,True,False,False,False,False,eligible_for_shift_screen
2325,11117,1X5A,True,True,True,False,False,False,False,eligible_for_shift_screen
2326,11118,1X5J,True,True,True,False,False,False,False,eligible_for_shift_screen
2327,11119,1X5F,True,True,True,False,False,False,False,eligible_for_shift_screen
2328,11120,1X5H,True,True,True,False,False,False,False,eligible_for_shift_screen
2329,11121,1X5G,True,True,True,False,False,False,False,eligible_for_shift_screen
2330,11122,2DBA,True,True,True,False,False,False,False,eligible_for_shift_screen
2331,11123,2YUS,True,True,True,False,False,False,False,eligible_for_shift_screen
2332,11124,1WYP,True,True,True,False,False,False,False,eligible_for_shift_screen
2333,11125,1X4X,True,True,True,False,False,False,False,eligible_for_shift_screen
2334,11126,1WYQ,True,True,True,False,False,False,False,eligible_for_shift_screen
2335,11127,1X4Z,True,True,True,False,False,False,False,eligible_for_shift_screen
2336,11128,1X4Y,True,True,True,False,False,False,False,eligible_for_shift_screen
2337,11129,1WYR,True,True,True,False,False,False,False,eligible_for_shift_screen
2338,11130,2CTD,True,True,True,False,False,False,False,eligible_for_shift_screen
2339,11131,1X4U,True,True,True,False,False,False,False,eligible_for_shift_screen
2340,11132,2CTO,True,True,True,False,False,False,False,eligible_for_shift_screen
2341,11133,2D85,True,True,True,False,False,False,False,eligible_for_shift_screen
2342,11134,2D7L,True,True,True,False,False,False,False,eligible_for_shift_screen
2343,11135,2CTJ,True,True,True,False,False,False,False,eligible_for_shift_screen
2344,11136,2CTK,True,True,True,False,False,False,False,eligible_for_shift_screen
2345,11137,2CTM,True,True,True,False,False,False,False,eligible_for_shift_screen
2346,11138,2CTL,True,True,True,False,False,False,False,eligible_for_shift_screen
2347,11139,2CTE,True,True,True,False,False,False,False,eligible_for_shift_screen
2348,11140,2CTF,True,True,True,False,False,False,False,eligible_for_shift_screen
2349,11141,2D86,True,True,True,False,False,False,False,eligible_for_shift_screen
2350,11142,2D87,True,True,True,False,False,False,False,eligible_for_shift_screen
2351,11143,2D88,True,True,True,False,False,False,False,eligible_for_shift_screen
2352,11144,2YUA,True,True,True,False,False,False,False,eligible_for_shift_screen
2353,11145,2D89,True,True,True,False,False,False,False,eligible_for_shift_screen
2354,11146,2E9H,True,True,True,False,False,False,False,eligible_for_shift_screen
2355,11147,2YRQ,True,True,True,False,False,False,False,eligible_for_shift_screen
2356,11148,2YRP,True,True,True,False,False,False,False,eligible_for_shift_screen
2357,11150,2YS0,True,True,True,False,False,False,False,eligible_for_shift_screen
2358,11151,2YUU,True,True,True,False,False,False,False,eligible_for_shift_screen
2359,11152,2YRZ,True,True,True,False,False,False,False,eligible_for_shift_screen
2360,11153,2ED1,True,True,True,False,False,False,False,eligible_for_shift_screen
2361,11154,2ECZ,True,True,True,False,False,False,False,eligible_for_shift_screen
2362,11155,2ED0,True,True,True,False,False,False,False,eligible_for_shift_screen
2363,11156,2YUN,True,True,True,False,False,False,False,eligible_for_shift_screen
2364,11157,2YS2,True,True,True,False,False,False,False,eligible_for_shift_screen
2365,11158,2YUL,True,True,True,False,False,False,False,eligible_for_shift_screen
2366,11159,2YUR,True,True,True,False,False,False,False,eligible_for_shift_screen
2367,11160,2YUK,True,True,True,False,False,False,False,eligible_for_shift_screen
2368,11161,2ECW,True,True,True,False,False,False,False,eligible_for_shift_screen
2369,11162,2ECT,True,True,True,False,False,False,False,eligible_for_shift_screen
2370,11163,2ECV,True,True,True,False,False,False,False,eligible_for_shift_screen
2371,11164,2ECY,True,True,True,False,False,False,False,eligible_for_shift_screen
2372,11165,2EOI,True,True,True,False,False,False,False,eligible_for_shift_screen
2373,11166,2EOL,True,True,True,False,False,False,False,eligible_for_shift_screen
2374,11167,2EOE,True,True,True,False,False,False,False,eligible_for_shift_screen
2375,11168,2YTN,True,True,True,False,False,False,False,eligible_for_shift_screen
2376,11169,2EP1,True,True,True,False,False,False,False,eligible_for_shift_screen
2377,11170,2EP3,True,True,True,False,False,False,False,eligible_for_shift_screen
2378,11171,2YTO,True,True,True,False,False,False,False,eligible_for_shift_screen
2379,11173,2DAG,True,True,True,False,False,False,False,eligible_for_shift_screen
2380,11175,2RR8,True,True,True,False,False,False,False,eligible_for_shift_screen
2381,11176,2RRC,True,True,True,False,False,False,False,eligible_for_shift_screen
2382,11178,1UGV,True,True,True,False,False,False,False,eligible_for_shift_screen
2383,11179,1WI7,True,True,True,False,False,False,False,eligible_for_shift_screen
2384,11180,1WIE,True,True,True,False,False,False,False,eligible_for_shift_screen
2385,11181,1WJ3,True,True,True,False,False,False,False,eligible_for_shift_screen
2386,11182,2CSS,True,True,True,False,False,False,False,eligible_for_shift_screen
2387,11183,2CSP,True,True,True,False,False,False,False,eligible_for_shift_screen
2388,11184,2CSQ,True,True,True,False,False,False,False,eligible_for_shift_screen
2389,11185,2CSI,True,True,True,False,False,False,False,eligible_for_shift_screen
2390,11186,2D92,True,True,True,False,False,False,False,eligible_for_shift_screen
2391,11187,2DAZ,True,True,True,False,False,False,False,eligible_for_shift_screen
2392,11188,2DB5,True,True,True,False,False,False,False,eligible_for_shift_screen
2393,11189,2DLU,True,True,True,False,False,False,False,eligible_for_shift_screen
2394,11190,2DMZ,True,True,True,False,False,False,False,eligible_for_shift_screen
2395,11191,2DM8,True,True,True,False,False,False,False,eligible_for_shift_screen
2396,11192,2DLT,True,True,True,False,False,False,False,eligible_for_shift_screen
2397,11193,2EGA,True,True,True,False,False,False,False,eligible_for_shift_screen
2398,11194,2EGC,True,True,True,False,False,False,False,eligible_for_shift_screen
2399,11195,2DLS,True,True,True,False,False,False,False,eligible_for_shift_screen
2400,11196,2EGE,True,True,True,False,False,False,False,eligible_for_shift_screen
2401,11197,2EHR,True,True,True,False,False,False,False,eligible_for_shift_screen
2402,11198,1UM7,True,True,True,False,False,False,False,eligible_for_shift_screen
2403,11199,1WF7,True,True,True,False,False,False,False,eligible_for_shift_screen
2404,11200,1VA8,True,True,True,False,False,False,False,eligible_for_shift_screen
2405,11201,1WH1,True,True,True,False,False,False,False,eligible_for_shift_screen
2406,11202,1WF8,True,True,True,False,False,False,False,eligible_for_shift_screen
2407,11203,1X5M,True,True,True,False,False,False,False,eligible_for_shift_screen
2408,11204,1X5N,True,True,True,False,False,False,False,eligible_for_shift_screen
2409,11205,2COT,True,True,True,False,False,False,False,eligible_for_shift_screen
2410,11206,1X5R,True,True,True,False,False,False,False,eligible_for_shift_screen
2411,11207,1X5Q,True,True,True,False,False,False,False,eligible_for_shift_screen
2412,11208,1X5L,True,True,True,False,False,False,False,eligible_for_shift_screen
2413,11209,1X43,True,True,True,False,False,False,False,eligible_for_shift_screen
2414,11210,1X45,True,True,True,False,False,False,False,eligible_for_shift_screen
2415,11211,1X44,True,True,True,False,False,False,False,eligible_for_shift_screen
2416,11212,2DAV,True,True,True,False,False,False,False,eligible_for_shift_screen
2417,11213,2D8H,True,True,True,False,False,False,False,eligible_for_shift_screen
2418,11214,2D8J,True,True,True,False,False,False,False,eligible_for_shift_screen
2419,11215,2D8I,True,True,True,False,False,False,False,eligible_for_shift_screen
2420,11216,2D90,True,True,True,False,False,False,False,eligible_for_shift_screen
2421,11217,2DL4,True,True,True,False,False,False,False,eligible_for_shift_screen
2422,11218,2EEL,True,True,True,False,False,False,False,eligible_for_shift_screen
2423,11219,2DL3,True,True,True,False,False,False,False,eligible_for_shift_screen
2424,11220,2DL7,True,True,True,False,False,False,False,eligible_for_shift_screen
2425,11221,2E6Q,True,True,True,False,False,False,False,eligible_for_shift_screen
2426,11222,2DL5,True,True,True,False,False,False,False,eligible_for_shift_screen
2427,11223,2DL9,True,True,True,False,False,False,False,eligible_for_shift_screen
2428,11224,2EQI,True,True,True,False,False,False,False,eligible_for_shift_screen
2429,11225,2DL8,True,True,True,False,False,False,False,eligible_for_shift_screen
2430,11226,2E7K,True,True,True,False,False,False,False,eligible_for_shift_screen
2431,11227,2E7H,True,True,True,False,False,False,False,eligible_for_shift_screen
2432,11228,2YSQ,True,True,True,False,False,False,False,eligible_for_shift_screen
2433,11229,2E6P,True,True,True,False,False,False,False,eligible_for_shift_screen
2434,11230,2E7B,True,True,True,False,False,False,False,eligible_for_shift_screen
2435,11231,2YRL,True,True,True,False,False,False,False,eligible_for_shift_screen
2436,11232,2E7M,True,True,True,False,False,False,False,eligible_for_shift_screen
2437,11233,2DLP,True,True,True,False,False,False,False,eligible_for_shift_screen
2438,11234,2YSL,True,True,True,False,False,False,False,eligible_for_shift_screen
2439,11235,2E7C,True,True,True,False,False,False,False,eligible_for_shift_screen
2440,11236,2YR3,True,True,True,False,False,False,False,eligible_for_shift_screen
2441,11237,2YSM,True,True,True,False,False,False,False,eligible_for_shift_screen
2442,11238,2YRH,True,True,True,False,False,False,False,eligible_for_shift_screen
2443,11239,2YRJ,True,True,True,False,False,False,False,eligible_for_shift_screen
2444,11240,2COO,True,True,True,False,False,False,False,eligible_for_shift_screen
2445,11242,2DLM,True,True,True,False,False,False,False,eligible_for_shift_screen
2446,11244,2EQR,True,True,True,False,False,False,False,eligible_for_shift_screen
2447,11245,1UH6,True,True,True,False,False,False,False,eligible_for_shift_screen
2448,11246,1WLN,True,True,True,False,False,False,False,eligible_for_shift_screen
2449,11247,2CSW,True,True,True,False,False,False,False,eligible_for_shift_screen
2450,11248,2YUB,True,True,True,False,False,False,False,eligible_for_shift_screen
2451,11250,2RRE,True,True,True,False,False,False,False,eligible_for_shift_screen
2452,11251,2RRF,True,True,True,False,False,False,False,eligible_for_shift_screen
2453,11252,2RRD,True,True,True,False,False,False,False,eligible_for_shift_screen
2454,11253,1V5O,True,True,True,False,False,False,False,eligible_for_shift_screen
2455,11254,1V6E,True,True,True,False,False,False,False,eligible_for_shift_screen
2456,11255,1V95,True,True,True,False,False,False,False,eligible_for_shift_screen
2457,11256,1WGG,True,True,True,False,False,False,False,eligible_for_shift_screen
2458,11257,1WGH,True,True,True,False,False,False,False,eligible_for_shift_screen
2459,11258,1WGK,True,True,True,False,False,False,False,eligible_for_shift_screen
2460,11259,1WGL,True,True,True,False,False,False,False,eligible_for_shift_screen
2461,11260,1WGN,True,True,True,False,False,False,False,eligible_for_shift_screen
2462,11261,1WX7,True,True,True,False,False,False,False,eligible_for_shift_screen
2463,11262,1WX8,True,True,True,False,False,False,False,eligible_for_shift_screen
2464,11263,1WX9,True,True,True,False,False,False,False,eligible_for_shift_screen
2465,11264,1WXA,True,True,True,False,False,False,False,eligible_for_shift_screen
2466,11265,1WXM,True,True,True,False,False,False,False,eligible_for_shift_screen
2467,11266,1WY8,True,True,True,False,False,False,False,eligible_for_shift_screen
2468,11267,1WZ0,True,True,True,False,False,False,False,eligible_for_shift_screen
2469,11268,1X1M,True,True,True,False,False,False,False,eligible_for_shift_screen
2470,11269,2DAE,True,True,True,False,False,False,False,eligible_for_shift_screen
2471,11270,2DAF,True,True,True,False,False,False,False,eligible_for_shift_screen
2472,11271,2DAH,True,True,True,False,False,False,False,eligible_for_shift_screen
2473,11272,2DAJ,True,True,True,False,False,False,False,eligible_for_shift_screen
2474,11273,2DAL,True,True,True,False,False,False,False,eligible_for_shift_screen
2475,11274,2DAM,True,True,True,False,False,False,False,eligible_for_shift_screen
2476,11275,2DHX,True,True,True,False,False,False,False,eligible_for_shift_screen
2477,11276,2DHY,True,True,True,False,False,False,False,eligible_for_shift_screen
2478,11277,2DHZ,True,True,True,False,False,False,False,eligible_for_shift_screen
2479,11278,2DI0,True,True,True,False,False,False,False,eligible_for_shift_screen
2480,11279,2DZI,True,True,True,False,False,False,False,eligible_for_shift_screen
2481,11280,2DZJ,True,True,True,False,False,False,False,eligible_for_shift_screen
2482,11281,2DZK,True,True,True,False,False,False,False,eligible_for_shift_screen
2483,11282,2DZL,True,True,True,False,False,False,False,eligible_for_shift_screen
2484,11283,2DZM,True,True,True,False,False,False,False,eligible_for_shift_screen
2485,11284,1WXT,True,True,True,False,False,False,False,eligible_for_shift_screen
2486,11285,1WXU,True,True,True,False,False,False,False,eligible_for_shift_screen
2487,11286,1X3A,True,True,True,False,False,False,False,eligible_for_shift_screen
2488,11287,1X3C,True,True,True,False,False,False,False,eligible_for_shift_screen
2489,11288,1X3D,True,True,True,False,False,False,False,eligible_for_shift_screen
2490,11289,1X3H,True,True,True,False,False,False,False,eligible_for_shift_screen
2491,11290,1X5X,True,True,True,False,False,False,False,eligible_for_shift_screen
2492,11291,1X5Y,True,True,True,False,False,False,False,eligible_for_shift_screen
2493,11292,1X5Z,True,True,True,False,False,False,False,eligible_for_shift_screen
2494,11293,2CU8,True,True,True,False,False,False,False,eligible_for_shift_screen
2495,11294,2DAW,True,True,True,False,False,False,False,eligible_for_shift_screen
2496,11295,2DAX,True,True,True,False,False,False,False,eligible_for_shift_screen
2497,11296,2DAY,True,True,True,False,False,False,False,eligible_for_shift_screen
2498,11297,2DIG,True,True,True,False,False,False,False,eligible_for_shift_screen
2499,11298,2DII,True,True,True,False,False,False,False,eligible_for_shift_screen
2500,11299,2DIL,True,True,True,False,False,False,False,eligible_for_shift_screen
2501,11300,2DIM,True,True,True,False,False,False,False,eligible_for_shift_screen
2502,11301,2DIN,True,True,True,False,False,False,False,eligible_for_shift_screen
2503,11302,2DMD,True,True,True,False,False,False,False,eligible_for_shift_screen
2504,11303,2DMF,True,True,True,False,False,False,False,eligible_for_shift_screen
2505,11304,2DOC,True,True,True,False,False,False,False,eligible_for_shift_screen
2506,11305,1V6G,True,True,True,False,False,False,False,eligible_for_shift_screen
2507,11306,1V87,True,True,True,False,False,False,False,eligible_for_shift_screen
2508,11307,1WIM,True,True,True,False,False,False,False,eligible_for_shift_screen
2509,11308,1WIR,True,True,True,False,False,False,False,eligible_for_shift_screen
2510,11309,1WJV,True,True,True,False,False,False,False,eligible_for_shift_screen
2511,11310,1WJW,True,True,True,False,False,False,False,eligible_for_shift_screen
2512,11311,1X3B,True,True,True,False,False,False,False,eligible_for_shift_screen
2513,11312,1X5W,True,True,True,False,False,False,False,eligible_for_shift_screen
2514,11313,2CSY,True,True,True,False,False,False,False,eligible_for_shift_screen
2515,11314,2CSZ,True,True,True,False,False,False,False,eligible_for_shift_screen
2516,11315,2CT0,True,True,True,False,False,False,False,eligible_for_shift_screen
2517,11316,2CT1,True,True,True,False,False,False,False,eligible_for_shift_screen
2518,11317,2CT2,True,True,True,False,False,False,False,eligible_for_shift_screen
2519,11318,2CT4,True,True,True,False,False,False,False,eligible_for_shift_screen
2520,11319,2CT5,True,True,True,False,False,False,False,eligible_for_shift_screen
2521,11320,2CT6,True,True,True,False,False,False,False,eligible_for_shift_screen
2522,11321,2CT7,True,True,True,False,False,False,False,eligible_for_shift_screen
2523,11322,2CU7,True,True,True,False,False,False,False,eligible_for_shift_screen
2524,11323,2D8Q,True,True,True,False,False,False,False,eligible_for_shift_screen
2525,11324,2D8R,True,True,True,False,False,False,False,eligible_for_shift_screen
2526,11325,2D8S,True,True,True,False,False,False,False,eligible_for_shift_screen
2527,11326,2D8T,True,True,True,False,False,False,False,eligible_for_shift_screen
2528,11327,2D8U,True,True,True,False,False,False,False,eligible_for_shift_screen
2529,11328,2D8V,True,True,True,False,False,False,False,eligible_for_shift_screen
2530,11329,2DAT,True,True,True,False,False,False,False,eligible_for_shift_screen
2531,11330,2DB9,True,True,True,False,False,False,False,eligible_for_shift_screen
2532,11331,2DJA,True,True,True,False,False,False,False,eligible_for_shift_screen
2533,11332,2DJB,True,True,True,False,False,False,False,eligible_for_shift_screen
2534,11333,2DKT,True,True,True,False,False,False,False,eligible_for_shift_screen
2535,11334,2DME,True,True,True,False,False,False,False,eligible_for_shift_screen
2536,11335,2EA5,True,True,True,False,False,False,False,eligible_for_shift_screen
2537,11336,2EA6,True,True,True,False,False,False,False,eligible_for_shift_screen
2538,11337,2EBK,True,True,True,False,False,False,False,eligible_for_shift_screen
2539,11338,2EBM,True,True,True,False,False,False,False,eligible_for_shift_screen
2540,11339,2ECG,True,True,True,False,False,False,False,eligible_for_shift_screen
2541,11340,2ECI,True,True,True,False,False,False,False,eligible_for_shift_screen
2542,11341,2ECJ,True,True,True,False,False,False,False,eligible_for_shift_screen
2543,11342,2ECL,True,True,True,False,False,False,False,eligible_for_shift_screen
2544,11343,2ECM,True,True,True,False,False,False,False,eligible_for_shift_screen
2545,11344,2ECN,True,True,True,False,False,False,False,eligible_for_shift_screen
2546,11345,2ELJ,True,True,True,False,False,False,False,eligible_for_shift_screen
2547,11346,2RPJ,True,True,True,False,False,False,False,eligible_for_shift_screen
2548,11347,2YQL,True,True,True,False,False,False,False,eligible_for_shift_screen
2549,11348,2E63,True,True,True,False,False,False,False,eligible_for_shift_screen
2550,11349,1X4K,True,True,True,False,False,False,False,eligible_for_shift_screen
2551,11350,1X4L,True,True,True,False,False,False,False,eligible_for_shift_screen
2552,11351,2YUE,True,True,True,False,False,False,False,eligible_for_shift_screen
2553,11352,1WES,True,True,True,False,False,False,False,eligible_for_shift_screen
2554,11353,1X4I,True,True,True,False,False,False,False,eligible_for_shift_screen
2555,11354,1WEN,True,True,True,False,False,False,False,eligible_for_shift_screen
2556,11355,2DK4,True,True,True,False,False,False,False,eligible_for_shift_screen
2557,11356,1UJY,True,True,True,False,False,False,False,eligible_for_shift_screen
2558,11357,2DK7,True,True,True,False,False,False,False,eligible_for_shift_screen
2559,11358,2E61,True,True,True,False,False,False,False,eligible_for_shift_screen
2560,11359,2E61,True,True,True,False,False,False,False,eligible_for_shift_screen
2561,11360,2E61,True,True,True,False,False,False,False,eligible_for_shift_screen
2562,11361,2E61,True,True,True,False,False,False,False,eligible_for_shift_screen
2563,11362,2E61,True,True,True,False,False,False,False,eligible_for_shift_screen
2564,11363,1X4S,True,True,True,False,False,False,False,eligible_for_shift_screen
2565,11364,2DT6,True,True,True,False,False,False,False,eligible_for_shift_screen
2566,11365,2DT7,True,True,True,False,False,False,False,eligible_for_shift_screen
2567,11366,2FHO,True,True,True,False,False,False,False,eligible_for_shift_screen
2568,11367,2FHO,True,True,True,False,False,False,False,eligible_for_shift_screen
2569,11368,2YSO,True,True,True,False,False,False,False,eligible_for_shift_screen
2570,11369,2YSP,True,True,True,False,False,False,False,eligible_for_shift_screen
2571,11370,2RNE,True,True,True,False,False,False,False,eligible_for_shift_screen
2572,11371,2RNE,True,True,True,False,False,False,False,eligible_for_shift_screen
2573,11372,2RNE,True,True,True,False,False,False,False,eligible_for_shift_screen
2574,11373,2RNE,True,True,True,False,False,False,False,eligible_for_shift_screen
2575,11374,2RNE,True,True,True,False,False,False,False,eligible_for_shift_screen
2576,11375,2RNE,True,True,True,False,False,False,False,eligible_for_shift_screen
2577,11376,2RNE,True,True,True,False,False,False,False,eligible_for_shift_screen
2578,11377,2EPP,True,True,True,False,False,False,False,eligible_for_shift_screen
2579,11378,2EPQ,True,True,True,False,False,False,False,eligible_for_shift_screen
2580,11379,2EPR,True,True,True,False,False,False,False,eligible_for_shift_screen
2581,11380,2EPS,True,True,True,False,False,False,False,eligible_for_shift_screen
2582,11417,2DMX,True,True,True,False,False,False,False,eligible_for_shift_screen
2583,11419,2RRH,True,True,True,False,False,False,False,eligible_for_shift_screen
2584,11420,2RRI,True,True,True,False,False,False,False,eligible_for_shift_screen
2585,11422,2RRK,True,True,True,False,False,False,False,eligible_for_shift_screen
2586,11423,2RRL,True,True,True,False,False,False,False,eligible_for_shift_screen
2587,11424,2RRM,True,True,True,False,False,False,False,eligible_for_shift_screen
2588,11426,2RRN,True,True,True,False,False,False,False,eligible_for_shift_screen
2589,11437,2RRQ,True,True,True,False,False,False,False,eligible_for_shift_screen
2590,11438,2RRR,True,True,True,False,False,False,False,eligible_for_shift_screen
2591,11439,2RRS,True,True,True,False,False,False,False,eligible_for_shift_screen
2592,11440,2RRT,True,True,True,False,False,False,False,eligible_for_shift_screen
2593,11443,2RRU,True,True,True,False,False,False,False,eligible_for_shift_screen
2594,11450,2RS2,True,True,True,False,False,False,False,eligible_for_shift_screen
2595,11451,2RS4,True,True,True,False,False,False,False,eligible_for_shift_screen
2596,11452,2LIY,True,True,True,False,False,False,False,eligible_for_shift_screen
2597,11456,2RS6,True,True,True,False,False,False,False,eligible_for_shift_screen
2598,11457,2RS7,True,True,True,False,False,False,False,eligible_for_shift_screen
2599,11458,2RS8,True,True,True,False,False,False,False,eligible_for_shift_screen
2600,11463,2RS9,True,True,True,False,False,False,False,eligible_for_shift_screen
2601,11468,2RSC,True,True,True,False,False,False,False,eligible_for_shift_screen
2602,11469,2RSD,True,True,True,False,False,False,False,eligible_for_shift_screen
2603,11471,2RSE,True,True,True,False,False,False,False,eligible_for_shift_screen
2604,11472,2RSF,True,True,True,False,False,False,False,eligible_for_shift_screen
2605,11473,2RSG,True,True,True,False,False,False,False,eligible_for_shift_screen
2606,11474,2RUT,True,True,True,False,False,False,False,eligible_for_shift_screen
2607,11475,2RUU,True,True,True,False,False,False,False,eligible_for_shift_screen
2608,11476,2RUW,True,True,True,False,False,False,False,eligible_for_shift_screen
2609,11477,2RUX,True,True,True,False,False,False,False,eligible_for_shift_screen
2610,11478,2RUY,True,True,True,False,False,False,False,eligible_for_shift_screen
2611,11479,2RUZ,True,True,True,False,False,False,False,eligible_for_shift_screen
2612,11480,2RV0,True,True,True,False,False,False,False,eligible_for_shift_screen
2613,11481,2RV1,True,True,True,False,False,False,False,eligible_for_shift_screen
2614,11482,2RV2,True,True,True,False,False,False,False,eligible_for_shift_screen
2615,11483,2RV3,True,True,True,False,False,False,False,eligible_for_shift_screen
2616,11484,2RV4,True,True,True,False,False,False,False,eligible_for_shift_screen
2617,11485,2RV5,True,True,True,False,False,False,False,eligible_for_shift_screen
2618,11486,2RUV,True,True,True,False,False,False,False,eligible_for_shift_screen
2619,11487,2RV7,True,True,True,False,False,False,False,eligible_for_shift_screen
2620,11488,2RV6,True,True,True,False,False,False,False,eligible_for_shift_screen
2621,11489,2RU7,True,True,True,False,False,False,False,eligible_for_shift_screen
2622,11491,2RSM,True,True,True,False,False,False,False,eligible_for_shift_screen
2623,11496,2RSN,True,True,True,False,False,False,False,eligible_for_shift_screen
2624,11497,2RSO,True,True,True,False,False,False,False,eligible_for_shift_screen
2625,11502,2RSQ,True,True,True,False,False,False,False,eligible_for_shift_screen
2626,11504,2RT5,True,True,True,False,False,False,False,eligible_for_shift_screen
2627,11505,2RSU,True,True,True,False,False,False,False,eligible_for_shift_screen
2628,11506,2RSV,True,True,True,False,False,False,False,eligible_for_shift_screen
2629,11507,2RSX,True,True,True,False,False,False,False,eligible_for_shift_screen
2630,11508,2RSY,True,True,True,False,False,False,False,eligible_for_shift_screen
2631,11523,2RT3,True,True,True,False,False,False,False,eligible_for_shift_screen
2632,11524,2RT4,True,True,True,False,False,False,False,eligible_for_shift_screen
2633,11525,2RT6,True,True,True,False,False,False,False,eligible_for_shift_screen
2634,11528,2RT8,True,True,True,False,False,False,False,eligible_for_shift_screen
2635,11529,2RT9,True,True,True,False,False,False,False,eligible_for_shift_screen
2636,11530,2RTS,True,True,True,False,False,False,False,eligible_for_shift_screen
2637,11531,2RTT,True,True,True,False,False,False,False,eligible_for_shift_screen
2638,11532,2RTU,True,True,True,False,False,False,False,eligible_for_shift_screen
2639,11534,2RTX,True,True,True,False,False,False,False,eligible_for_shift_screen
2640,11535,2RTY,True,True,True,False,False,False,False,eligible_for_shift_screen
2641,11536,2RTZ,True,True,True,False,False,False,False,eligible_for_shift_screen
2642,11537,2RU0,True,True,True,False,False,False,False,eligible_for_shift_screen
2643,11538,2MDB,True,True,True,False,False,False,False,eligible_for_shift_screen
2644,11539,2RTV,True,True,True,False,False,False,False,eligible_for_shift_screen
2645,11540,2RU1,True,True,True,False,False,False,False,eligible_for_shift_screen
2646,11541,2RU3,True,True,True,False,False,False,False,eligible_for_shift_screen
2647,11543,2RU2,True,True,True,False,False,False,False,eligible_for_shift_screen
2648,11544,2RU4,True,True,True,False,False,False,False,eligible_for_shift_screen
2649,11546,2RVK,True,True,True,False,False,False,False,eligible_for_shift_screen
2650,11547,2RU6,True,True,True,False,False,False,False,eligible_for_shift_screen
2651,11548,2RU5,True,True,True,False,False,False,False,eligible_for_shift_screen
2652,11549,2RU8,True,True,True,False,False,False,False,eligible_for_shift_screen
2653,11551,2MJQ,True,True,True,False,False,False,False,eligible_for_shift_screen
2654,11552,2MJR,True,True,True,False,False,False,False,eligible_for_shift_screen
2655,11553,2MJS,True,True,True,False,False,False,False,eligible_for_shift_screen
2656,11554,2MJT,True,True,True,False,False,False,False,eligible_for_shift_screen
2657,11555,2RU9,True,True,True,False,False,False,False,eligible_for_shift_screen
2658,11559,2RUC,True,True,True,False,False,False,False,eligible_for_shift_screen
2659,11560,2RUD,True,True,True,False,False,False,False,eligible_for_shift_screen
2660,11561,2RUE,True,True,True,False,False,False,False,eligible_for_shift_screen
2661,11562,2RUF,True,True,True,False,False,False,False,eligible_for_shift_screen
2662,11563,2RUG,True,True,True,False,False,False,False,eligible_for_shift_screen
2663,11569,2RUH,True,True,True,False,False,False,False,eligible_for_shift_screen
2664,11570,2RUI,True,True,True,False,False,False,False,eligible_for_shift_screen
2665,11578,2RUK,True,True,True,False,False,False,False,eligible_for_shift_screen
2666,11580,2RUM,True,True,True,False,False,False,False,eligible_for_shift_screen
2667,11581,2RUN,True,True,True,False,False,False,False,eligible_for_shift_screen
2668,11582,2RUO,True,True,True,False,False,False,False,eligible_for_shift_screen
2669,11583,2RUP,True,True,True,False,False,False,False,eligible_for_shift_screen
2670,11587,2RUQ,True,True,True,False,False,False,False,eligible_for_shift_screen
2671,11588,2RUR,True,True,True,False,False,False,False,eligible_for_shift_screen
2672,11590,2RV8,True,True,True,False,False,False,False,eligible_for_shift_screen
2673,11591,2RV9,True,True,True,False,False,False,False,eligible_for_shift_screen
2674,11592,2RVA,True,True,True,False,False,False,False,eligible_for_shift_screen
2675,11594,2RVB,True,True,True,False,False,False,False,eligible_for_shift_screen
2676,11595,2RVC,True,True,True,False,False,False,False,eligible_for_shift_screen
2677,11597,2RVF,True,True,True,False,False,False,False,eligible_for_shift_screen
2678,11599,2RVH,True,True,True,False,False,False,False,eligible_for_shift_screen
2679,11601,2RVJ,True,True,True,False,False,False,False,eligible_for_shift_screen
2680,11604,2RVL,True,True,True,False,False,False,False,eligible_for_shift_screen
2681,11605,2RVM,True,True,True,False,False,False,False,eligible_for_shift_screen
2682,11606,2RVN,True,True,True,False,False,False,False,eligible_for_shift_screen
2683,11607,2RVO,True,True,True,False,False,False,False,eligible_for_shift_screen
2684,11608,2RVP,True,True,True,False,False,False,False,eligible_for_shift_screen
2685,11609,2RVQ,True,True,True,False,False,False,False,eligible_for_shift_screen
2686,12032,6NU0,True,True,True,False,False,False,False,eligible_for_shift_screen
2687,15000,2JM0,True,True,True,False,False,False,False,eligible_for_shift_screen
2688,15001,2LD1,True,True,True,False,False,False,False,eligible_for_shift_screen
2689,15007,2NPR,True,True,True,False,False,False,False,eligible_for_shift_screen
2690,15013,2JMC,True,True,True,False,False,False,False,eligible_for_shift_screen
2691,15016,2JMF,True,True,True,False,False,False,False,eligible_for_shift_screen
2692,15020,2IFS,True,True,True,False,False,False,False,eligible_for_shift_screen
2693,15021,2I7U,True,True,True,False,False,False,False,eligible_for_shift_screen
2694,15023,2JML,True,True,True,False,False,False,False,eligible_for_shift_screen
2695,15025,2NVJ,True,True,True,False,False,False,False,eligible_for_shift_screen
2696,15028,2IPA,True,True,True,False,False,False,False,eligible_for_shift_screen
2697,15032,2JMR,True,True,True,False,False,False,False,eligible_for_shift_screen
2698,15037,2IZ3,True,True,True,False,False,False,False,eligible_for_shift_screen
2699,15038,2OFN,True,True,True,False,False,False,False,eligible_for_shift_screen
2700,15039,2JMK,True,True,True,False,False,False,False,eligible_for_shift_screen
2701,15040,2I1E,True,True,True,False,False,False,False,eligible_for_shift_screen
2702,15041,2I1F,True,True,True,False,False,False,False,eligible_for_shift_screen
2703,15042,2I1G,True,True,True,False,False,False,False,eligible_for_shift_screen
2704,15043,2I1H,True,True,True,False,False,False,False,eligible_for_shift_screen
2705,15044,2I1I,True,True,True,False,False,False,False,eligible_for_shift_screen
2706,15045,2JMM,True,True,True,False,False,False,False,eligible_for_shift_screen
2707,15046,2OV6,True,True,True,False,False,False,False,eligible_for_shift_screen
2708,15051,2I1D,True,True,True,False,False,False,False,eligible_for_shift_screen
2709,15055,2JMP,True,True,True,False,False,False,False,eligible_for_shift_screen
2710,15058,2JMS,True,True,True,False,False,False,False,eligible_for_shift_screen
2711,15059,2O10,True,True,True,False,False,False,False,eligible_for_shift_screen
2712,15059,2O13,True,True,True,False,False,False,False,eligible_for_shift_screen
2713,15063,2JMU,True,True,True,False,False,False,False,eligible_for_shift_screen
2714,15068,2I2J,True,True,True,False,False,False,False,eligible_for_shift_screen
2715,15069,2I2H,True,True,True,False,False,False,False,eligible_for_shift_screen
2716,15072,2JMX,True,True,True,False,False,False,False,eligible_for_shift_screen
2717,15074,2JMO,True,True,True,False,False,False,False,eligible_for_shift_screen
2718,15079,2JN0,True,True,True,False,False,False,False,eligible_for_shift_screen
2719,15080,2O32,True,True,True,False,False,False,False,eligible_for_shift_screen
2720,15080,2O33,True,True,True,False,False,False,False,eligible_for_shift_screen
2721,15081,2O32,True,True,True,False,False,False,False,eligible_for_shift_screen
2722,15081,2O33,True,True,True,False,False,False,False,eligible_for_shift_screen
2723,15083,2O8K,True,True,True,False,False,False,False,eligible_for_shift_screen
2724,15083,2O9L,True,True,True,False,False,False,False,eligible_for_shift_screen
2725,15084,2JN3,True,True,True,False,False,False,False,eligible_for_shift_screen
2726,15085,2JN4,True,True,True,False,False,False,False,eligible_for_shift_screen
2727,15086,2JN6,True,True,True,False,False,False,False,eligible_for_shift_screen
2728,15088,2JN7,True,True,True,False,False,False,False,eligible_for_shift_screen
2729,15089,2JN8,True,True,True,False,False,False,False,eligible_for_shift_screen
2730,15090,2MA8,True,True,True,False,False,False,False,eligible_for_shift_screen
2731,15095,2JN5,True,True,True,False,False,False,False,eligible_for_shift_screen
2732,15098,2CKA,True,True,True,False,False,False,False,eligible_for_shift_screen
2733,15099,2JMY,True,True,True,False,False,False,False,eligible_for_shift_screen
2734,15103,2NX6,True,True,True,False,False,False,False,eligible_for_shift_screen
2735,15104,2NX7,True,True,True,False,False,False,False,eligible_for_shift_screen
2736,15105,2IKD,True,True,True,False,False,False,False,eligible_for_shift_screen
2737,15106,2IKE,True,True,True,False,False,False,False,eligible_for_shift_screen
2738,15107,2E4E,True,True,True,False,False,False,False,eligible_for_shift_screen
2739,15108,2IMU,True,True,True,False,False,False,False,eligible_for_shift_screen
2740,15109,2JNG,True,True,True,False,False,False,False,eligible_for_shift_screen
2741,15110,2HDM,True,True,True,False,False,False,False,eligible_for_shift_screen
2742,15111,2JNH,True,True,True,False,False,False,False,eligible_for_shift_screen
2743,15112,2K4W,True,True,True,False,False,False,False,eligible_for_shift_screen
2744,15113,2IHX,True,True,True,False,False,False,False,eligible_for_shift_screen
2745,15115,2JNI,True,True,True,False,False,False,False,eligible_for_shift_screen
2746,15120,2JNP,True,True,True,False,False,False,False,eligible_for_shift_screen
2747,15124,2JNR,True,True,True,False,False,False,False,eligible_for_shift_screen
2748,15125,2JNS,True,True,True,False,False,False,False,eligible_for_shift_screen
2749,15126,2OQ3,True,True,True,False,False,False,False,eligible_for_shift_screen
2750,15128,2JNU,True,True,True,False,False,False,False,eligible_for_shift_screen
2751,15133,2JNY,True,True,True,False,False,False,False,eligible_for_shift_screen
2752,15134,2JNZ,True,True,True,False,False,False,False,eligible_for_shift_screen
2753,15137,2JO0,True,True,True,False,False,False,False,eligible_for_shift_screen
2754,15139,2JO6,True,True,True,False,False,False,False,eligible_for_shift_screen
2755,15140,2EEM,True,True,True,False,False,False,False,eligible_for_shift_screen
2756,15142,2E8J,True,True,True,False,False,False,False,eligible_for_shift_screen
2757,15145,2OYV,True,True,True,False,False,False,False,eligible_for_shift_screen
2758,15145,2OYW,True,True,True,False,False,False,False,eligible_for_shift_screen
2759,15152,2OT2,True,True,True,False,False,False,False,eligible_for_shift_screen
2760,15153,2JO9,True,True,True,False,False,False,False,eligible_for_shift_screen
2761,15154,2JOA,True,True,True,False,False,False,False,eligible_for_shift_screen
2762,15157,2OJ7,True,True,True,False,False,False,False,eligible_for_shift_screen
2763,15157,2OJ8,True,True,True,False,False,False,False,eligible_for_shift_screen
2764,15158,2JO7,True,True,True,False,False,False,False,eligible_for_shift_screen
2765,15159,2JOC,True,True,True,False,False,False,False,eligible_for_shift_screen
2766,15160,2I5O,True,True,True,False,False,False,False,eligible_for_shift_screen
2767,15166,2JOD,True,True,True,False,False,False,False,eligible_for_shift_screen
2768,15167,2JOE,True,True,True,False,False,False,False,eligible_for_shift_screen
2769,15169,2JOF,True,True,True,False,False,False,False,eligible_for_shift_screen
2770,15174,2P4L,True,True,True,False,False,False,False,eligible_for_shift_screen
2771,15189,2JOP,True,True,True,False,False,False,False,eligible_for_shift_screen
2772,15190,2JOQ,True,True,True,False,False,False,False,eligible_for_shift_screen
2773,15192,2JOR,True,True,True,False,False,False,False,eligible_for_shift_screen
2774,15195,2EFZ,True,True,True,False,False,False,False,eligible_for_shift_screen
2775,15197,2K7B,True,True,True,False,False,False,False,eligible_for_shift_screen
2776,15197,2K7C,True,True,True,False,False,False,False,eligible_for_shift_screen
2777,15203,2JOV,True,True,True,False,False,False,False,eligible_for_shift_screen
2778,15206,2JOW,True,True,True,False,False,False,False,eligible_for_shift_screen
2779,15208,2JOX,True,True,True,False,False,False,False,eligible_for_shift_screen
2780,15210,2JOY,True,True,True,False,False,False,False,eligible_for_shift_screen
2781,15211,2JOZ,True,True,True,False,False,False,False,eligible_for_shift_screen
2782,15215,2JP1,True,True,True,False,False,False,False,eligible_for_shift_screen
2783,15218,2JP5,True,True,True,False,False,False,False,eligible_for_shift_screen
2784,15226,2UVS,True,True,True,False,False,False,False,eligible_for_shift_screen
2785,15229,2NXU,True,True,True,False,False,False,False,eligible_for_shift_screen
2786,15232,2PQE,True,True,True,False,False,False,False,eligible_for_shift_screen
2787,15240,2JPD,True,True,True,False,False,False,False,eligible_for_shift_screen
2788,15242,2JPE,True,True,True,False,False,False,False,eligible_for_shift_screen
2789,15245,2PPZ,True,True,True,False,False,False,False,eligible_for_shift_screen
2790,15246,2JPI,True,True,True,False,False,False,False,eligible_for_shift_screen
2791,15247,2V9H,True,True,True,False,False,False,False,eligible_for_shift_screen
2792,15252,2JPN,True,True,True,False,False,False,False,eligible_for_shift_screen
2793,15256,2JPO,True,True,True,False,False,False,False,eligible_for_shift_screen
2794,15257,2JPP,True,True,True,False,False,False,False,eligible_for_shift_screen
2795,15258,2JPQ,True,True,True,False,False,False,False,eligible_for_shift_screen
2796,15259,2JPJ,True,True,True,False,False,False,False,eligible_for_shift_screen
2797,15259,2JPL,True,True,True,False,False,False,False,eligible_for_shift_screen
2798,15261,2JPK,True,True,True,False,False,False,False,eligible_for_shift_screen
2799,15261,2JPM,True,True,True,False,False,False,False,eligible_for_shift_screen
2800,15265,2JPU,True,True,True,False,False,False,False,eligible_for_shift_screen
2801,15267,2JQ2,True,True,True,False,False,False,False,eligible_for_shift_screen
2802,15268,2JQ3,True,True,True,False,False,False,False,eligible_for_shift_screen
2803,15269,2JQ4,True,True,True,False,False,False,False,eligible_for_shift_screen
2804,15270,2JQ5,True,True,True,False,False,False,False,eligible_for_shift_screen
2805,15271,2JQ8,True,True,True,False,False,False,False,eligible_for_shift_screen
2806,15272,2JQB,True,True,True,False,False,False,False,eligible_for_shift_screen
2807,15273,2JQC,True,True,True,False,False,False,False,eligible_for_shift_screen
2808,15275,2JQE,True,True,True,False,False,False,False,eligible_for_shift_screen
2809,15277,2JQF,True,True,True,False,False,False,False,eligible_for_shift_screen
2810,15278,2JQG,True,True,True,False,False,False,False,eligible_for_shift_screen
2811,15279,2JQ6,True,True,True,False,False,False,False,eligible_for_shift_screen
2812,15281,2JQN,True,True,True,False,False,False,False,eligible_for_shift_screen
2813,15288,2JQO,True,True,True,False,False,False,False,eligible_for_shift_screen
2814,15290,2JQQ,True,True,True,False,False,False,False,eligible_for_shift_screen
2815,15295,2JQV,True,True,True,False,False,False,False,eligible_for_shift_screen
2816,15299,2Z3S,True,True,True,False,False,False,False,eligible_for_shift_screen
2817,15301,2JQR,True,True,True,False,False,False,False,eligible_for_shift_screen
2818,15302,2JQW,True,True,True,False,False,False,False,eligible_for_shift_screen
2819,15306,2JQZ,True,True,True,False,False,False,False,eligible_for_shift_screen
2820,15312,2JR0,True,True,True,False,False,False,False,eligible_for_shift_screen
2821,15313,2KN6,True,True,True,False,False,False,False,eligible_for_shift_screen
2822,15314,2JR1,True,True,True,False,False,False,False,eligible_for_shift_screen
2823,15315,2Z4F,True,True,True,False,False,False,False,eligible_for_shift_screen
2824,15317,2JR2,True,True,True,False,False,False,False,eligible_for_shift_screen
2825,15318,2JR3,True,True,True,False,False,False,False,eligible_for_shift_screen
2826,15319,2JR4,True,True,True,False,False,False,False,eligible_for_shift_screen
2827,15320,2JR5,True,True,True,False,False,False,False,eligible_for_shift_screen
2828,15323,2JR8,True,True,True,False,False,False,False,eligible_for_shift_screen
2829,15324,2JRA,True,True,True,False,False,False,False,eligible_for_shift_screen
2830,15325,2JRB,True,True,True,False,False,False,False,eligible_for_shift_screen
2831,15327,2HGK,True,True,True,False,False,False,False,eligible_for_shift_screen
2832,15329,2JRF,True,True,True,False,False,False,False,eligible_for_shift_screen
2833,15331,2JRG,True,True,True,False,False,False,False,eligible_for_shift_screen
2834,15332,2JRH,True,True,True,False,False,False,False,eligible_for_shift_screen
2835,15334,2JRL,True,True,True,False,False,False,False,eligible_for_shift_screen
2836,15337,2JRO,True,True,True,False,False,False,False,eligible_for_shift_screen
2837,15338,2JRP,True,True,True,False,False,False,False,eligible_for_shift_screen
2838,15339,2JRM,True,True,True,False,False,False,False,eligible_for_shift_screen
2839,15341,2JRR,True,True,True,False,False,False,False,eligible_for_shift_screen
2840,15342,2JRQ,True,True,True,False,False,False,False,eligible_for_shift_screen
2841,15343,2JRS,True,True,True,False,False,False,False,eligible_for_shift_screen
2842,15344,2JRT,True,True,True,False,False,False,False,eligible_for_shift_screen
2843,15345,2JRK,True,True,True,False,False,False,False,eligible_for_shift_screen
2844,15347,2K8S,True,True,True,False,False,False,False,eligible_for_shift_screen
2845,15348,2JRZ,True,True,True,False,False,False,False,eligible_for_shift_screen
2846,15349,2JS0,True,True,True,False,False,False,False,eligible_for_shift_screen
2847,15350,2JS1,True,True,True,False,False,False,False,eligible_for_shift_screen
2848,15351,2JS2,True,True,True,False,False,False,False,eligible_for_shift_screen
2849,15352,2JS3,True,True,True,False,False,False,False,eligible_for_shift_screen
2850,15353,2JS4,True,True,True,False,False,False,False,eligible_for_shift_screen
2851,15354,2JS5,True,True,True,False,False,False,False,eligible_for_shift_screen
2852,15356,2JS7,True,True,True,False,False,False,False,eligible_for_shift_screen
2853,15357,2KHS,True,True,True,False,False,False,False,eligible_for_shift_screen
2854,15358,2JSA,True,True,True,False,False,False,False,eligible_for_shift_screen
2855,15359,2JSB,True,True,True,False,False,False,False,eligible_for_shift_screen
2856,15361,2JSD,True,True,True,False,False,False,False,eligible_for_shift_screen
2857,15362,2JSG,True,True,True,False,False,False,False,eligible_for_shift_screen
2858,15370,2JSN,True,True,True,False,False,False,False,eligible_for_shift_screen
2859,15371,2JSO,True,True,True,False,False,False,False,eligible_for_shift_screen
2860,15373,2JSP,True,True,True,False,False,False,False,eligible_for_shift_screen
2861,15374,2QL0,True,True,True,False,False,False,False,eligible_for_shift_screen
2862,15375,2KKD,True,True,True,False,False,False,False,eligible_for_shift_screen
2863,15377,2JR7,True,True,True,False,False,False,False,eligible_for_shift_screen
2864,15381,2JSX,True,True,True,False,False,False,False,eligible_for_shift_screen
2865,15382,2JOT,True,True,True,False,False,False,False,eligible_for_shift_screen
2866,15384,2JST,True,True,True,False,False,False,False,eligible_for_shift_screen
2867,15385,2JT0,True,True,True,False,False,False,False,eligible_for_shift_screen
2868,15386,2JT1,True,True,True,False,False,False,False,eligible_for_shift_screen
2869,15388,2JT3,True,True,True,False,False,False,False,eligible_for_shift_screen
2870,15390,2JRD,True,True,True,False,False,False,False,eligible_for_shift_screen
2871,15392,2JO5,True,True,True,False,False,False,False,eligible_for_shift_screen
2872,15393,2JSS,True,True,True,False,False,False,False,eligible_for_shift_screen
2873,15394,2JOH,True,True,True,False,False,False,False,eligible_for_shift_screen
2874,15395,2JT5,True,True,True,False,False,False,False,eligible_for_shift_screen
2875,15396,2JT6,True,True,True,False,False,False,False,eligible_for_shift_screen
2876,15399,2JOM,True,True,True,False,False,False,False,eligible_for_shift_screen
2877,15400,2JT8,True,True,True,False,False,False,False,eligible_for_shift_screen
2878,15405,2JOO,True,True,True,False,False,False,False,eligible_for_shift_screen
2879,15407,2JTE,True,True,True,False,False,False,False,eligible_for_shift_screen
2880,15410,2LD9,True,True,True,False,False,False,False,eligible_for_shift_screen
2881,15411,2JSW,True,True,True,False,False,False,False,eligible_for_shift_screen
2882,15415,2JTM,True,True,True,False,False,False,False,eligible_for_shift_screen
2883,15417,2JTP,True,True,True,False,False,False,False,eligible_for_shift_screen
2884,15418,2JTT,True,True,True,False,False,False,False,eligible_for_shift_screen
2885,15419,2JTV,True,True,True,False,False,False,False,eligible_for_shift_screen
2886,15423,2JTY,True,True,True,False,False,False,False,eligible_for_shift_screen
2887,15427,2JTZ,True,True,True,False,False,False,False,eligible_for_shift_screen
2888,15429,2JU3,True,True,True,False,False,False,False,eligible_for_shift_screen
2889,15430,2JU4,True,True,True,False,False,False,False,eligible_for_shift_screen
2890,15431,2JU5,True,True,True,False,False,False,False,eligible_for_shift_screen
2891,15433,2JU7,True,True,True,False,False,False,False,eligible_for_shift_screen
2892,15434,2JU8,True,True,True,False,False,False,False,eligible_for_shift_screen
2893,15437,2JUA,True,True,True,False,False,False,False,eligible_for_shift_screen
2894,15438,2JUB,True,True,True,False,False,False,False,eligible_for_shift_screen
2895,15439,2JUC,True,True,True,False,False,False,False,eligible_for_shift_screen
2896,15440,2M2K,True,True,True,False,False,False,False,eligible_for_shift_screen
2897,15442,2JUG,True,True,True,False,False,False,False,eligible_for_shift_screen
2898,15444,2JUH,True,True,True,False,False,False,False,eligible_for_shift_screen
2899,15449,2PNG,True,True,True,False,False,False,False,eligible_for_shift_screen
2900,15450,2JUM,True,True,True,False,False,False,False,eligible_for_shift_screen
2901,15451,2JUO,True,True,True,False,False,False,False,eligible_for_shift_screen
2902,15453,2JUP,True,True,True,False,False,False,False,eligible_for_shift_screen
2903,15454,2JUU,True,True,True,False,False,False,False,eligible_for_shift_screen
2904,15455,2JUV,True,True,True,False,False,False,False,eligible_for_shift_screen
2905,15456,2JUW,True,True,True,False,False,False,False,eligible_for_shift_screen
2906,15457,2KBB,True,True,True,False,False,False,False,eligible_for_shift_screen
2907,15462,2JUZ,True,True,True,False,False,False,False,eligible_for_shift_screen
2908,15464,2JV1,True,True,True,False,False,False,False,eligible_for_shift_screen
2909,15465,2JV2,True,True,True,False,False,False,False,eligible_for_shift_screen
2910,15466,2JV4,True,True,True,False,False,False,False,eligible_for_shift_screen
2911,15471,2JVA,True,True,True,False,False,False,False,eligible_for_shift_screen
2912,15476,2JVD,True,True,True,False,False,False,False,eligible_for_shift_screen
2913,15477,2JVE,True,True,True,False,False,False,False,eligible_for_shift_screen
2914,15478,2JVF,True,True,True,False,False,False,False,eligible_for_shift_screen
2915,15480,2VB5,True,True,True,False,False,False,False,eligible_for_shift_screen
2916,15485,2JVO,True,True,True,False,False,False,False,eligible_for_shift_screen
2917,15487,2JVR,True,True,True,False,False,False,False,eligible_for_shift_screen
2918,15490,2JVV,True,True,True,False,False,False,False,eligible_for_shift_screen
2919,15491,2JVW,True,True,True,False,False,False,False,eligible_for_shift_screen
2920,15499,2JVX,True,True,True,False,False,False,False,eligible_for_shift_screen
2921,15500,2JVY,True,True,True,False,False,False,False,eligible_for_shift_screen
2922,15504,2JW1,True,True,True,False,False,False,False,eligible_for_shift_screen
2923,15507,2VCD,True,True,True,False,False,False,False,eligible_for_shift_screen
2924,15509,2JUF,True,True,True,False,False,False,False,eligible_for_shift_screen
2925,15511,2JW8,True,True,True,False,False,False,False,eligible_for_shift_screen
2926,15512,2LQR,True,True,True,False,False,False,False,eligible_for_shift_screen
2927,15524,2KWH,True,True,True,False,False,False,False,eligible_for_shift_screen
2928,15528,2JWN,True,True,True,False,False,False,False,eligible_for_shift_screen
2929,15532,2JP9,True,True,True,False,False,False,False,eligible_for_shift_screen
2930,15533,2JPA,True,True,True,False,False,False,False,eligible_for_shift_screen
2931,15535,2JWS,True,True,True,False,False,False,False,eligible_for_shift_screen
2932,15536,2JWT,True,True,True,False,False,False,False,eligible_for_shift_screen
2933,15537,2JWU,True,True,True,False,False,False,False,eligible_for_shift_screen
2934,15538,2JWV,True,True,True,False,False,False,False,eligible_for_shift_screen
2935,15542,2JWY,True,True,True,False,False,False,False,eligible_for_shift_screen
2936,15543,2JX2,True,True,True,False,False,False,False,eligible_for_shift_screen
2937,15547,2JX5,True,True,True,False,False,False,False,eligible_for_shift_screen
2938,15550,2JX8,True,True,True,False,False,False,False,eligible_for_shift_screen
2939,15553,2JX9,True,True,True,False,False,False,False,eligible_for_shift_screen
2940,15553,2JXA,True,True,True,False,False,False,False,eligible_for_shift_screen
2941,15554,2JXC,True,True,True,False,False,False,False,eligible_for_shift_screen
2942,15555,2JXD,True,True,True,False,False,False,False,eligible_for_shift_screen
2943,15559,2JXF,True,True,True,False,False,False,False,eligible_for_shift_screen
2944,15562,2JXN,True,True,True,False,False,False,False,eligible_for_shift_screen
2945,15567,2JXO,True,True,True,False,False,False,False,eligible_for_shift_screen
2946,15568,2JXP,True,True,True,False,False,False,False,eligible_for_shift_screen
2947,15571,2JXQ,True,True,True,False,False,False,False,eligible_for_shift_screen
2948,15572,2JXS,True,True,True,False,False,False,False,eligible_for_shift_screen
2949,15573,2JXT,True,True,True,False,False,False,False,eligible_for_shift_screen
2950,15574,2JXU,True,True,True,False,False,False,False,eligible_for_shift_screen
2951,15575,2JXW,True,True,True,False,False,False,False,eligible_for_shift_screen
2952,15576,2JXX,True,True,True,False,False,False,False,eligible_for_shift_screen
2953,15578,2JXY,True,True,True,False,False,False,False,eligible_for_shift_screen
2954,15579,2JY0,True,True,True,False,False,False,False,eligible_for_shift_screen
2955,15584,2JY9,True,True,True,False,False,False,False,eligible_for_shift_screen
2956,15585,2JYA,True,True,True,False,False,False,False,eligible_for_shift_screen
2957,15591,2JY7,True,True,True,False,False,False,False,eligible_for_shift_screen
2958,15591,2K0B,True,True,True,False,False,False,False,eligible_for_shift_screen
2959,15592,2JY8,True,True,True,False,False,False,False,eligible_for_shift_screen
2960,15593,2LGR,True,True,True,False,False,False,False,eligible_for_shift_screen
2961,15596,2JYO,True,True,True,False,False,False,False,eligible_for_shift_screen
2962,15601,2KPH,True,True,True,False,False,False,False,eligible_for_shift_screen
2963,15603,2K1G,True,True,True,False,False,False,False,eligible_for_shift_screen
2964,15604,2JZ2,True,True,True,False,False,False,False,eligible_for_shift_screen
2965,15607,2JZ4,True,True,True,False,False,False,False,eligible_for_shift_screen
2966,15608,2JZ5,True,True,True,False,False,False,False,eligible_for_shift_screen
2967,15609,2JZ6,True,True,True,False,False,False,False,eligible_for_shift_screen
2968,15610,2JZ8,True,True,True,False,False,False,False,eligible_for_shift_screen
2969,15611,2JZA,True,True,True,False,False,False,False,eligible_for_shift_screen
2970,15613,2K4L,True,True,True,False,False,False,False,eligible_for_shift_screen
2971,15614,2JZB,True,True,True,False,False,False,False,eligible_for_shift_screen
2972,15615,2KMA,True,True,True,False,False,False,False,eligible_for_shift_screen
2973,15617,2JZC,True,True,True,False,False,False,False,eligible_for_shift_screen
2974,15618,2JZD,True,True,True,False,False,False,False,eligible_for_shift_screen
2975,15622,2JOB,True,True,True,False,False,False,False,eligible_for_shift_screen
2976,15623,2K7D,True,True,True,False,False,False,False,eligible_for_shift_screen
2977,15624,2JZI,True,True,True,False,False,False,False,eligible_for_shift_screen
2978,15632,2JZY,True,True,True,False,False,False,False,eligible_for_shift_screen
2979,15633,2K01,True,True,True,False,False,False,False,eligible_for_shift_screen
2980,15634,2K02,True,True,True,False,False,False,False,eligible_for_shift_screen
2981,15635,2K03,True,True,True,False,False,False,False,eligible_for_shift_screen
2982,15636,2K04,True,True,True,False,False,False,False,eligible_for_shift_screen
2983,15637,2K05,True,True,True,False,False,False,False,eligible_for_shift_screen
2984,15638,2N48,True,True,True,False,False,False,False,eligible_for_shift_screen
2985,15642,2K06,True,True,True,False,False,False,False,eligible_for_shift_screen
2986,15644,2K0A,True,True,True,False,False,False,False,eligible_for_shift_screen
2987,15645,2K0D,True,True,True,False,False,False,False,eligible_for_shift_screen
2988,15651,2K0L,True,True,True,False,False,False,False,eligible_for_shift_screen
2989,15652,2K0M,True,True,True,False,False,False,False,eligible_for_shift_screen
2990,15655,2K0Q,True,True,True,False,False,False,False,eligible_for_shift_screen
2991,15658,2K0X,True,True,True,False,False,False,False,eligible_for_shift_screen
2992,15659,2K0Y,True,True,True,False,False,False,False,eligible_for_shift_screen
2993,15660,2M1S,True,True,True,False,False,False,False,eligible_for_shift_screen
2994,15661,2K0Z,True,True,True,False,False,False,False,eligible_for_shift_screen
2995,15663,2LC5,True,True,True,False,False,False,False,eligible_for_shift_screen
2996,15665,2K10,True,True,True,False,False,False,False,eligible_for_shift_screen
2997,15670,2K16,True,True,True,False,False,False,False,eligible_for_shift_screen
2998,15671,2K17,True,True,True,False,False,False,False,eligible_for_shift_screen
2999,15673,2K19,True,True,True,False,False,False,False,eligible_for_shift_screen
3000,15674,2K1B,True,True,True,False,False,False,False,eligible_for_shift_screen
3001,15676,2K1D,True,True,True,False,False,False,False,eligible_for_shift_screen
3002,15677,2K1E,True,True,True,False,False,False,False,eligible_for_shift_screen
3003,15677,2KB1,True,True,True,False,False,False,False,eligible_for_shift_screen
3004,15678,2K1H,True,True,True,False,False,False,False,eligible_for_shift_screen
3005,15679,2K1M,True,True,True,False,False,False,False,eligible_for_shift_screen
3006,15683,2K1S,True,True,True,False,False,False,False,eligible_for_shift_screen
3007,15687,2K22,True,True,True,False,False,False,False,eligible_for_shift_screen
3008,15688,2K24,True,True,True,False,False,False,False,eligible_for_shift_screen
3009,15689,2K25,True,True,True,False,False,False,False,eligible_for_shift_screen
3010,15691,2K29,True,True,True,False,False,False,False,eligible_for_shift_screen
3011,15693,2K27,True,True,True,False,False,False,False,eligible_for_shift_screen
3012,15695,2K28,True,True,True,False,False,False,False,eligible_for_shift_screen
3013,15698,2K2A,True,True,True,False,False,False,False,eligible_for_shift_screen
3014,15700,2K2C,True,True,True,False,False,False,False,eligible_for_shift_screen
3015,15701,2K2D,True,True,True,False,False,False,False,eligible_for_shift_screen
3016,15702,2K2E,True,True,True,False,False,False,False,eligible_for_shift_screen
3017,15704,2K2F,True,True,True,False,False,False,False,eligible_for_shift_screen
3018,15707,2K2J,True,True,True,False,False,False,False,eligible_for_shift_screen
3019,15710,2K2M,True,True,True,False,False,False,False,eligible_for_shift_screen
3020,15716,2ML1,True,True,True,False,False,False,False,eligible_for_shift_screen
3021,15717,2LB9,True,True,True,False,False,False,False,eligible_for_shift_screen
3022,15718,2K2O,True,True,True,False,False,False,False,eligible_for_shift_screen
3023,15721,2N4D,True,True,True,False,False,False,False,eligible_for_shift_screen
3024,15723,2K87,True,True,True,False,False,False,False,eligible_for_shift_screen
3025,15728,2K1K,True,True,True,False,False,False,False,eligible_for_shift_screen
3026,15729,2K2X,True,True,True,False,False,False,False,eligible_for_shift_screen
3027,15730,2K2Y,True,True,True,False,False,False,False,eligible_for_shift_screen
3028,15731,2K2Z,True,True,True,False,False,False,False,eligible_for_shift_screen
3029,15734,2K31,True,True,True,False,False,False,False,eligible_for_shift_screen
3030,15735,2K32,True,True,True,False,False,False,False,eligible_for_shift_screen
3031,15737,2K33,True,True,True,False,False,False,False,eligible_for_shift_screen
3032,15740,2K36,True,True,True,False,False,False,False,eligible_for_shift_screen
3033,15742,2K37,True,True,True,False,False,False,False,eligible_for_shift_screen
3034,15743,2KP5,True,True,True,False,False,False,False,eligible_for_shift_screen
3035,15744,2L7B,True,True,True,False,False,False,False,eligible_for_shift_screen
3036,15745,2JYM,True,True,True,False,False,False,False,eligible_for_shift_screen
3037,15746,2JPF,True,True,True,False,False,False,False,eligible_for_shift_screen
3038,15747,2K3C,True,True,True,False,False,False,False,eligible_for_shift_screen
3039,15750,2K3D,True,True,True,False,False,False,False,eligible_for_shift_screen
3040,15752,2JWH,True,True,True,False,False,False,False,eligible_for_shift_screen
3041,15753,2JWG,True,True,True,False,False,False,False,eligible_for_shift_screen
3042,15762,2K3I,True,True,True,False,False,False,False,eligible_for_shift_screen
3043,15763,2K3J,True,True,True,False,False,False,False,eligible_for_shift_screen
3044,15765,2K3V,True,True,True,False,False,False,False,eligible_for_shift_screen
3045,15774,2K3M,True,True,True,False,False,False,False,eligible_for_shift_screen
3046,15775,2LP1,True,True,True,False,False,False,False,eligible_for_shift_screen
3047,15776,2K3R,True,True,True,False,False,False,False,eligible_for_shift_screen
3048,15777,2K3T,True,True,True,False,False,False,False,eligible_for_shift_screen
3049,15778,2K3U,True,True,True,False,False,False,False,eligible_for_shift_screen
3050,15780,2K3Z,True,True,True,False,False,False,False,eligible_for_shift_screen
3051,15781,2K41,True,True,True,False,False,False,False,eligible_for_shift_screen
3052,15783,2K43,True,True,True,False,False,False,False,eligible_for_shift_screen
3053,15785,2K45,True,True,True,False,False,False,False,eligible_for_shift_screen
3054,15790,2K48,True,True,True,False,False,False,False,eligible_for_shift_screen
3055,15791,2K49,True,True,True,False,False,False,False,eligible_for_shift_screen
3056,15793,2K4B,True,True,True,False,False,False,False,eligible_for_shift_screen
3057,15796,2K4D,True,True,True,False,False,False,False,eligible_for_shift_screen
3058,15797,2JSZ,True,True,True,False,False,False,False,eligible_for_shift_screen
3059,15798,2JSY,True,True,True,False,False,False,False,eligible_for_shift_screen
3060,15801,2K4J,True,True,True,False,False,False,False,eligible_for_shift_screen
3061,15804,2K4M,True,True,True,False,False,False,False,eligible_for_shift_screen
3062,15805,2K4N,True,True,True,False,False,False,False,eligible_for_shift_screen
3063,15807,2K4Q,True,True,True,False,False,False,False,eligible_for_shift_screen
3064,15810,2K4V,True,True,True,False,False,False,False,eligible_for_shift_screen
3065,15811,2K4X,True,True,True,False,False,False,False,eligible_for_shift_screen
3066,15812,2K4Y,True,True,True,False,False,False,False,eligible_for_shift_screen
3067,15816,2K4Z,True,True,True,False,False,False,False,eligible_for_shift_screen
3068,15819,2K50,True,True,True,False,False,False,False,eligible_for_shift_screen
3069,15821,2K52,True,True,True,False,False,False,False,eligible_for_shift_screen
3070,15823,2K54,True,True,True,False,False,False,False,eligible_for_shift_screen
3071,15825,2K57,True,True,True,False,False,False,False,eligible_for_shift_screen
3072,15828,2K5C,True,True,True,False,False,False,False,eligible_for_shift_screen
3073,15829,2K5D,True,True,True,False,False,False,False,eligible_for_shift_screen
3074,15833,2K5E,True,True,True,False,False,False,False,eligible_for_shift_screen
3075,15834,2K5F,True,True,True,False,False,False,False,eligible_for_shift_screen
3076,15835,2K5G,True,True,True,False,False,False,False,eligible_for_shift_screen
3077,15836,2K5H,True,True,True,False,False,False,False,eligible_for_shift_screen
3078,15837,2K5I,True,True,True,False,False,False,False,eligible_for_shift_screen
3079,15839,2K5J,True,True,True,False,False,False,False,eligible_for_shift_screen
3080,15841,2K5L,True,True,True,False,False,False,False,eligible_for_shift_screen
3081,15843,2N49,True,True,True,False,False,False,False,eligible_for_shift_screen
3082,15844,2K5P,True,True,True,False,False,False,False,eligible_for_shift_screen
3083,15845,2K5O,True,True,True,False,False,False,False,eligible_for_shift_screen
3084,15847,2K5R,True,True,True,False,False,False,False,eligible_for_shift_screen
3085,15849,2K5V,True,True,True,False,False,False,False,eligible_for_shift_screen
3086,15850,2K5W,True,True,True,False,False,False,False,eligible_for_shift_screen
3087,15851,2K60,True,True,True,False,False,False,False,eligible_for_shift_screen
3088,15852,2K61,True,True,True,False,False,False,False,eligible_for_shift_screen
3089,15854,2K62,True,True,True,False,False,False,False,eligible_for_shift_screen
3090,15855,2KG4,True,True,True,False,False,False,False,eligible_for_shift_screen
3091,15858,2K65,True,True,True,False,False,False,False,eligible_for_shift_screen
3092,15859,2K66,True,True,True,False,False,False,False,eligible_for_shift_screen
3093,15860,2K67,True,True,True,False,False,False,False,eligible_for_shift_screen
3094,15860,2K68,True,True,True,False,False,False,False,eligible_for_shift_screen
3095,15860,2K69,True,True,True,False,False,False,False,eligible_for_shift_screen
3096,15863,2K6A,True,True,True,False,False,False,False,eligible_for_shift_screen
3097,15864,2K6B,True,True,True,False,False,False,False,eligible_for_shift_screen
3098,15866,2K6D,True,True,True,False,False,False,False,eligible_for_shift_screen
3099,15870,2K6I,True,True,True,False,False,False,False,eligible_for_shift_screen
3100,15873,2K6M,True,True,True,False,False,False,False,eligible_for_shift_screen
3101,15874,2K6N,True,True,True,False,False,False,False,eligible_for_shift_screen
3102,15876,2K6O,True,True,True,False,False,False,False,eligible_for_shift_screen
3103,15877,2K6Q,True,True,True,False,False,False,False,eligible_for_shift_screen
3104,15879,2K6R,True,True,True,False,False,False,False,eligible_for_shift_screen
3105,15880,2K6S,True,True,True,False,False,False,False,eligible_for_shift_screen
3106,15893,2K6V,True,True,True,False,False,False,False,eligible_for_shift_screen
3107,15894,2K6W,True,True,True,False,False,False,False,eligible_for_shift_screen
3108,15896,2K6Z,True,True,True,False,False,False,False,eligible_for_shift_screen
3109,15897,2K70,True,True,True,False,False,False,False,eligible_for_shift_screen
3110,15900,2K72,True,True,True,False,False,False,False,eligible_for_shift_screen
3111,15902,2K75,True,True,True,False,False,False,False,eligible_for_shift_screen
3112,15910,2K77,True,True,True,False,False,False,False,eligible_for_shift_screen
3113,15912,2K79,True,True,True,False,False,False,False,eligible_for_shift_screen
3114,15913,2K78,True,True,True,False,False,False,False,eligible_for_shift_screen
3115,15915,2K7E,True,True,True,False,False,False,False,eligible_for_shift_screen
3116,15916,2K7I,True,True,True,False,False,False,False,eligible_for_shift_screen
3117,15919,2K7L,True,True,True,False,False,False,False,eligible_for_shift_screen
3118,15922,2K7N,True,True,True,False,False,False,False,eligible_for_shift_screen
3119,15923,2K7O,True,True,True,False,False,False,False,eligible_for_shift_screen
3120,15924,2K7P,True,True,True,False,False,False,False,eligible_for_shift_screen
3121,15925,2K7Q,True,True,True,False,False,False,False,eligible_for_shift_screen
3122,15926,2K7R,True,True,True,False,False,False,False,eligible_for_shift_screen
3123,15928,2K7S,True,True,True,False,False,False,False,eligible_for_shift_screen
3124,15931,2K7V,True,True,True,False,False,False,False,eligible_for_shift_screen
3125,15932,2K7Z,True,True,True,False,False,False,False,eligible_for_shift_screen
3126,15938,2K85,True,True,True,False,False,False,False,eligible_for_shift_screen
3127,15939,2K86,True,True,True,False,False,False,False,eligible_for_shift_screen
3128,15941,2K8D,True,True,True,False,False,False,False,eligible_for_shift_screen
3129,15943,2K8E,True,True,True,False,False,False,False,eligible_for_shift_screen
3130,15944,2K8F,True,True,True,False,False,False,False,eligible_for_shift_screen
3131,15946,2K76,True,True,True,False,False,False,False,eligible_for_shift_screen
3132,15948,2KIZ,True,True,True,False,False,False,False,eligible_for_shift_screen
3133,15950,2K8I,True,True,True,False,False,False,False,eligible_for_shift_screen
3134,15951,2K8J,True,True,True,False,False,False,False,eligible_for_shift_screen
3135,15956,2K3G,True,True,True,False,False,False,False,eligible_for_shift_screen
3136,15958,2K8Q,True,True,True,False,False,False,False,eligible_for_shift_screen
3137,15961,2MPO,True,True,True,False,False,False,False,eligible_for_shift_screen
3138,15964,2K8V,True,True,True,False,False,False,False,eligible_for_shift_screen
3139,15965,2K8X,True,True,True,False,False,False,False,eligible_for_shift_screen
3140,15966,2K73,True,True,True,False,False,False,False,eligible_for_shift_screen
3141,15977,2LT3,True,True,True,False,False,False,False,eligible_for_shift_screen
3142,15981,2K8Y,True,True,True,False,False,False,False,eligible_for_shift_screen
3143,15983,2K9E,True,True,True,False,False,False,False,eligible_for_shift_screen
3144,15987,2K9I,True,True,True,False,False,False,False,eligible_for_shift_screen
3145,15988,2K9K,True,True,True,False,False,False,False,eligible_for_shift_screen
3146,15989,2K9N,True,True,True,False,False,False,False,eligible_for_shift_screen
3147,15992,2K9O,True,True,True,False,False,False,False,eligible_for_shift_screen
3148,15995,2K9P,True,True,True,False,False,False,False,eligible_for_shift_screen
3149,15996,2WCY,True,True,True,False,False,False,False,eligible_for_shift_screen
3150,15999,2K9Q,True,True,True,False,False,False,False,eligible_for_shift_screen
3151,16001,2K9S,True,True,True,False,False,False,False,eligible_for_shift_screen
3152,16002,2K9U,True,True,True,False,False,False,False,eligible_for_shift_screen
3153,16005,2K9Y,True,True,True,False,False,False,False,eligible_for_shift_screen
3154,16006,2K9Z,True,True,True,False,False,False,False,eligible_for_shift_screen
3155,16007,2KA0,True,True,True,False,False,False,False,eligible_for_shift_screen
3156,16012,2KA1,True,True,True,False,False,False,False,eligible_for_shift_screen
3157,16014,2KA4,True,True,True,False,False,False,False,eligible_for_shift_screen
3158,16015,2KA6,True,True,True,False,False,False,False,eligible_for_shift_screen
3159,16016,2KA7,True,True,True,False,False,False,False,eligible_for_shift_screen
3160,16019,2KA5,True,True,True,False,False,False,False,eligible_for_shift_screen
3161,16020,2KAD,True,True,True,False,False,False,False,eligible_for_shift_screen
3162,16024,2KAJ,True,True,True,False,False,False,False,eligible_for_shift_screen
3163,16025,2KAK,True,True,True,False,False,False,False,eligible_for_shift_screen
3164,16027,2K91,True,True,True,False,False,False,False,eligible_for_shift_screen
3165,16028,2KAM,True,True,True,False,False,False,False,eligible_for_shift_screen
3166,16029,2N4F,True,True,True,False,False,False,False,eligible_for_shift_screen
3167,16030,2KAT,True,True,True,False,False,False,False,eligible_for_shift_screen
3168,16032,2KAV,True,True,True,False,False,False,False,eligible_for_shift_screen
3169,16033,2KAX,True,True,True,False,False,False,False,eligible_for_shift_screen
3170,16034,2KAY,True,True,True,False,False,False,False,eligible_for_shift_screen
3171,16037,2KB2,True,True,True,False,False,False,False,eligible_for_shift_screen
3172,16038,2KB3,True,True,True,False,False,False,False,eligible_for_shift_screen
3173,16039,2KB4,True,True,True,False,False,False,False,eligible_for_shift_screen
3174,16040,2KB6,True,True,True,False,False,False,False,eligible_for_shift_screen
3175,16045,2KBI,True,True,True,False,False,False,False,eligible_for_shift_screen
3176,16050,2KBM,True,True,True,False,False,False,False,eligible_for_shift_screen
3177,16051,2KBN,True,True,True,False,False,False,False,eligible_for_shift_screen
3178,16051,2KEN,True,True,True,False,False,False,False,eligible_for_shift_screen
3179,16053,2KBT,True,True,True,False,False,False,False,eligible_for_shift_screen
3180,16054,2K90,True,True,True,False,False,False,False,eligible_for_shift_screen
3181,16055,2K97,True,True,True,False,False,False,False,eligible_for_shift_screen
3182,16056,2KBV,True,True,True,False,False,False,False,eligible_for_shift_screen
3183,16057,2KBZ,True,True,True,False,False,False,False,eligible_for_shift_screen
3184,16058,2KC0,True,True,True,False,False,False,False,eligible_for_shift_screen
3185,16061,2KC5,True,True,True,False,False,False,False,eligible_for_shift_screen
3186,16062,2KC6,True,True,True,False,False,False,False,eligible_for_shift_screen
3187,16063,2KBX,True,True,True,False,False,False,False,eligible_for_shift_screen
3188,16064,2KC7,True,True,True,False,False,False,False,eligible_for_shift_screen
3189,16065,2KC8,True,True,True,False,False,False,False,eligible_for_shift_screen
3190,16066,2KC9,True,True,True,False,False,False,False,eligible_for_shift_screen
3191,16068,2KCA,True,True,True,False,False,False,False,eligible_for_shift_screen
3192,16072,2KCD,True,True,True,False,False,False,False,eligible_for_shift_screen
3193,16073,2KCG,True,True,True,False,False,False,False,eligible_for_shift_screen
3194,16074,2KCH,True,True,True,False,False,False,False,eligible_for_shift_screen
3195,16082,2KCJ,True,True,True,False,False,False,False,eligible_for_shift_screen
3196,16083,2KCK,True,True,True,False,False,False,False,eligible_for_shift_screen
3197,16084,2KCL,True,True,True,False,False,False,False,eligible_for_shift_screen
3198,16085,2ML8,True,True,True,False,False,False,False,eligible_for_shift_screen
3199,16087,2KCN,True,True,True,False,False,False,False,eligible_for_shift_screen
3200,16089,2KCO,True,True,True,False,False,False,False,eligible_for_shift_screen
3201,16090,2KBL,True,True,True,False,False,False,False,eligible_for_shift_screen
3202,16091,2KCP,True,True,True,False,False,False,False,eligible_for_shift_screen
3203,16093,2KCQ,True,True,True,False,False,False,False,eligible_for_shift_screen
3204,16094,2KCR,True,True,True,False,False,False,False,eligible_for_shift_screen
3205,16096,2KCT,True,True,True,False,False,False,False,eligible_for_shift_screen
3206,16097,2KCU,True,True,True,False,False,False,False,eligible_for_shift_screen
3207,16098,2KCW,True,True,True,False,False,False,False,eligible_for_shift_screen
3208,16099,2KCX,True,True,True,False,False,False,False,eligible_for_shift_screen
3209,16100,2KCZ,True,True,True,False,False,False,False,eligible_for_shift_screen
3210,16101,2KD0,True,True,True,False,False,False,False,eligible_for_shift_screen
3211,16102,2KD1,True,True,True,False,False,False,False,eligible_for_shift_screen
3212,16103,2KD2,True,True,True,False,False,False,False,eligible_for_shift_screen
3213,16107,2KD7,True,True,True,False,False,False,False,eligible_for_shift_screen
3214,16109,2KDB,True,True,True,False,False,False,False,eligible_for_shift_screen
3215,16110,2KDD,True,True,True,False,False,False,False,eligible_for_shift_screen
3216,16111,2KPY,True,True,True,False,False,False,False,eligible_for_shift_screen
3217,16114,2KDI,True,True,True,False,False,False,False,eligible_for_shift_screen
3218,16116,2KDL,True,True,True,False,False,False,False,eligible_for_shift_screen
3219,16117,2KDM,True,True,True,False,False,False,False,eligible_for_shift_screen
3220,16118,2KDN,True,True,True,False,False,False,False,eligible_for_shift_screen
3221,16119,2KDO,True,True,True,False,False,False,False,eligible_for_shift_screen
3222,16122,2KDR,True,True,True,False,False,False,False,eligible_for_shift_screen
3223,16126,2KDX,True,True,True,False,False,False,False,eligible_for_shift_screen
3224,16127,2KDP,True,True,True,False,False,False,False,eligible_for_shift_screen
3225,16129,2KE4,True,True,True,False,False,False,False,eligible_for_shift_screen
3226,16135,2KMT,True,True,True,False,False,False,False,eligible_for_shift_screen
3227,16136,2W9O,True,True,True,False,False,False,False,eligible_for_shift_screen
3228,16137,2KE7,True,True,True,False,False,False,False,eligible_for_shift_screen
3229,16138,2M54,True,True,True,False,False,False,False,eligible_for_shift_screen
3230,16139,2KE9,True,True,True,False,False,False,False,eligible_for_shift_screen
3231,16141,6UZJ,True,True,True,False,False,False,False,eligible_for_shift_screen
3232,16142,2KEC,True,True,True,False,False,False,False,eligible_for_shift_screen
3233,16143,2KED,True,True,True,False,False,False,False,eligible_for_shift_screen
3234,16145,2KEE,True,True,True,False,False,False,False,eligible_for_shift_screen
3235,16147,2MMO,True,True,True,False,False,False,False,eligible_for_shift_screen
3236,16148,2KEG,True,True,True,False,False,False,False,eligible_for_shift_screen
3237,16149,2KEH,True,True,True,False,False,False,False,eligible_for_shift_screen
3238,16150,2W9U,True,True,True,False,False,False,False,eligible_for_shift_screen
3239,16151,2W9V,True,True,True,False,False,False,False,eligible_for_shift_screen
3240,16152,2W9W,True,True,True,False,False,False,False,eligible_for_shift_screen
3241,16153,2KEL,True,True,True,False,False,False,False,eligible_for_shift_screen
3242,16154,2KEN,True,True,True,False,False,False,False,eligible_for_shift_screen
3243,16155,2KEO,True,True,True,False,False,False,False,eligible_for_shift_screen
3244,16156,2KES,True,True,True,False,False,False,False,eligible_for_shift_screen
3245,16157,2KER,True,True,True,False,False,False,False,eligible_for_shift_screen
3246,16161,2KEY,True,True,True,False,False,False,False,eligible_for_shift_screen
3247,16164,2KEP,True,True,True,False,False,False,False,eligible_for_shift_screen
3248,16168,2JO1,True,True,True,False,False,False,False,eligible_for_shift_screen
3249,16170,2KF4,True,True,True,False,False,False,False,eligible_for_shift_screen
3250,16171,2KF5,True,True,True,False,False,False,False,eligible_for_shift_screen
3251,16172,2KF6,True,True,True,False,False,False,False,eligible_for_shift_screen
3252,16173,2KFB,True,True,True,False,False,False,False,eligible_for_shift_screen
3253,16176,2KFD,True,True,True,False,False,False,False,eligible_for_shift_screen
3254,16178,2KFE,True,True,True,False,False,False,False,eligible_for_shift_screen
3255,16179,2KFF,True,True,True,False,False,False,False,eligible_for_shift_screen
3256,16180,2KFG,True,True,True,False,False,False,False,eligible_for_shift_screen
3257,16181,2KFH,True,True,True,False,False,False,False,eligible_for_shift_screen
3258,16183,2KFL,True,True,True,False,False,False,False,eligible_for_shift_screen
3259,16184,2KFM,True,True,True,False,False,False,False,eligible_for_shift_screen
3260,16185,2KFO,True,True,True,False,False,False,False,eligible_for_shift_screen
3261,16186,2KFP,True,True,True,False,False,False,False,eligible_for_shift_screen
3262,16187,2KFQ,True,True,True,False,False,False,False,eligible_for_shift_screen
3263,16188,2KFS,True,True,True,False,False,False,False,eligible_for_shift_screen
3264,16189,2KFV,True,True,True,False,False,False,False,eligible_for_shift_screen
3265,16190,2KFX,True,True,True,False,False,False,False,eligible_for_shift_screen
3266,16191,2KLE,True,True,True,False,False,False,False,eligible_for_shift_screen
3267,16193,2KG0,True,True,True,False,False,False,False,eligible_for_shift_screen
3268,16194,2KG1,True,True,True,False,False,False,False,eligible_for_shift_screen
3269,16195,2LG1,True,True,True,False,False,False,False,eligible_for_shift_screen
3270,16196,2KG6,True,True,True,False,False,False,False,eligible_for_shift_screen
3271,16197,2KG8,True,True,True,False,False,False,False,eligible_for_shift_screen
3272,16199,2KG9,True,True,True,False,False,False,False,eligible_for_shift_screen
3273,16200,2KGA,True,True,True,False,False,False,False,eligible_for_shift_screen
3274,16201,2KGC,True,True,True,False,False,False,False,eligible_for_shift_screen
3275,16202,2KGD,True,True,True,False,False,False,False,eligible_for_shift_screen
3276,16203,2KGE,True,True,True,False,False,False,False,eligible_for_shift_screen
3277,16207,2KT2,True,True,True,False,False,False,False,eligible_for_shift_screen
3278,16208,2KT3,True,True,True,False,False,False,False,eligible_for_shift_screen
3279,16209,2KGG,True,True,True,False,False,False,False,eligible_for_shift_screen
3280,16210,2KGI,True,True,True,False,False,False,False,eligible_for_shift_screen
3281,16211,2KGJ,True,True,True,False,False,False,False,eligible_for_shift_screen
3282,16212,2K8Z,True,True,True,False,False,False,False,eligible_for_shift_screen
3283,16214,2KGO,True,True,True,False,False,False,False,eligible_for_shift_screen
3284,16215,2LY5,True,True,True,False,False,False,False,eligible_for_shift_screen
3285,16219,2KGT,True,True,True,False,False,False,False,eligible_for_shift_screen
3286,16222,2KH3,True,True,True,False,False,False,False,eligible_for_shift_screen
3287,16223,2KH4,True,True,True,False,False,False,False,eligible_for_shift_screen
3288,16225,2KH6,True,True,True,False,False,False,False,eligible_for_shift_screen
3289,16226,2KH7,True,True,True,False,False,False,False,eligible_for_shift_screen
3290,16226,2KH8,True,True,True,False,False,False,False,eligible_for_shift_screen
3291,16230,2KH9,True,True,True,False,False,False,False,eligible_for_shift_screen
3292,16231,2KHA,True,True,True,False,False,False,False,eligible_for_shift_screen
3293,16233,2LBO,True,True,True,False,False,False,False,eligible_for_shift_screen
3294,16235,2KHB,True,True,True,False,False,False,False,eligible_for_shift_screen
3295,16236,2KHC,True,True,True,False,False,False,False,eligible_for_shift_screen
3296,16237,2KGS,True,True,True,False,False,False,False,eligible_for_shift_screen
3297,16238,2KHD,True,True,True,False,False,False,False,eligible_for_shift_screen
3298,16239,2KHF,True,True,True,False,False,False,False,eligible_for_shift_screen
3299,16240,2KFW,True,True,True,False,False,False,False,eligible_for_shift_screen
3300,16241,2KHG,True,True,True,False,False,False,False,eligible_for_shift_screen
3301,16243,2KH9,True,True,True,False,False,False,False,eligible_for_shift_screen
3302,16244,2KH9,True,True,True,False,False,False,False,eligible_for_shift_screen
3303,16246,2KH9,True,True,True,False,False,False,False,eligible_for_shift_screen
3304,16247,2KHK,True,True,True,False,False,False,False,eligible_for_shift_screen
3305,16248,2KFU,True,True,True,False,False,False,False,eligible_for_shift_screen
3306,16249,2KHM,True,True,True,False,False,False,False,eligible_for_shift_screen
3307,16250,2KHN,True,True,True,False,False,False,False,eligible_for_shift_screen
3308,16251,2KHQ,True,True,True,False,False,False,False,eligible_for_shift_screen
3309,16252,2L7Z,True,True,True,False,False,False,False,eligible_for_shift_screen
3310,16253,2KHR,True,True,True,False,False,False,False,eligible_for_shift_screen
3311,16254,2KHT,True,True,True,False,False,False,False,eligible_for_shift_screen
3312,16255,2KHV,True,True,True,False,False,False,False,eligible_for_shift_screen
3313,16256,2KHX,True,True,True,False,False,False,False,eligible_for_shift_screen
3314,16258,2KHZ,True,True,True,False,False,False,False,eligible_for_shift_screen
3315,16260,2KI3,True,True,True,False,False,False,False,eligible_for_shift_screen
3316,16263,2KM6,True,True,True,False,False,False,False,eligible_for_shift_screen
3317,16264,2KHP,True,True,True,False,False,False,False,eligible_for_shift_screen
3318,16267,2KI8,True,True,True,False,False,False,False,eligible_for_shift_screen
3319,16268,2KI9,True,True,True,False,False,False,False,eligible_for_shift_screen
3320,16269,2KIC,True,True,True,False,False,False,False,eligible_for_shift_screen
3321,16270,2KID,True,True,True,False,False,False,False,eligible_for_shift_screen
3322,16271,2KIE,True,True,True,False,False,False,False,eligible_for_shift_screen
3323,16272,2KIF,True,True,True,False,False,False,False,eligible_for_shift_screen
3324,16273,2KIG,True,True,True,False,False,False,False,eligible_for_shift_screen
3325,16276,2KII,True,True,True,False,False,False,False,eligible_for_shift_screen
3326,16277,2KIJ,True,True,True,False,False,False,False,eligible_for_shift_screen
3327,16278,2KIL,True,True,True,False,False,False,False,eligible_for_shift_screen
3328,16283,2KIM,True,True,True,False,False,False,False,eligible_for_shift_screen
3329,16284,2KIO,True,True,True,False,False,False,False,eligible_for_shift_screen
3330,16285,2KG2,True,True,True,False,False,False,False,eligible_for_shift_screen
3331,16293,2KIS,True,True,True,False,False,False,False,eligible_for_shift_screen
3332,16295,2KIT,True,True,True,False,False,False,False,eligible_for_shift_screen
3333,16297,2KIV,True,True,True,False,False,False,False,eligible_for_shift_screen
3334,16298,2KIW,True,True,True,False,False,False,False,eligible_for_shift_screen
3335,16306,2KSC,True,True,True,False,False,False,False,eligible_for_shift_screen
3336,16311,2KJ4,True,True,True,False,False,False,False,eligible_for_shift_screen
3337,16312,2KJ5,True,True,True,False,False,False,False,eligible_for_shift_screen
3338,16315,2KJ8,True,True,True,False,False,False,False,eligible_for_shift_screen
3339,16316,2KJ9,True,True,True,False,False,False,False,eligible_for_shift_screen
3340,16317,2KLL,True,True,True,False,False,False,False,eligible_for_shift_screen
3341,16318,2KJE,True,True,True,False,False,False,False,eligible_for_shift_screen
3342,16319,2KJF,True,True,True,False,False,False,False,eligible_for_shift_screen
3343,16320,2KJG,True,True,True,False,False,False,False,eligible_for_shift_screen
3344,16321,2KJH,True,True,True,False,False,False,False,eligible_for_shift_screen
3345,16325,2KJK,True,True,True,False,False,False,False,eligible_for_shift_screen
3346,16332,2KJN,True,True,True,False,False,False,False,eligible_for_shift_screen
3347,16333,2KJO,True,True,True,False,False,False,False,eligible_for_shift_screen
3348,16335,2KJP,True,True,True,False,False,False,False,eligible_for_shift_screen
3349,16336,2KJQ,True,True,True,False,False,False,False,eligible_for_shift_screen
3350,16338,2KJR,True,True,True,False,False,False,False,eligible_for_shift_screen
3351,16339,2KJL,True,True,True,False,False,False,False,eligible_for_shift_screen
3352,16344,2KJV,True,True,True,False,False,False,False,eligible_for_shift_screen
3353,16345,2KJW,True,True,True,False,False,False,False,eligible_for_shift_screen
3354,16347,2KJZ,True,True,True,False,False,False,False,eligible_for_shift_screen
3355,16348,2KK0,True,True,True,False,False,False,False,eligible_for_shift_screen
3356,16349,2KK1,True,True,True,False,False,False,False,eligible_for_shift_screen
3357,16350,2KK2,True,True,True,False,False,False,False,eligible_for_shift_screen
3358,16352,2KK4,True,True,True,False,False,False,False,eligible_for_shift_screen
3359,16353,2KK6,True,True,True,False,False,False,False,eligible_for_shift_screen
3360,16354,2KK7,True,True,True,False,False,False,False,eligible_for_shift_screen
3361,16355,2KK8,True,True,True,False,False,False,False,eligible_for_shift_screen
3362,16356,2KKA,True,True,True,False,False,False,False,eligible_for_shift_screen
3363,16357,2KKE,True,True,True,False,False,False,False,eligible_for_shift_screen
3364,16361,2KKC,True,True,True,False,False,False,False,eligible_for_shift_screen
3365,16363,2KKJ,True,True,True,False,False,False,False,eligible_for_shift_screen
3366,16364,2KKL,True,True,True,False,False,False,False,eligible_for_shift_screen
3367,16365,2KKM,True,True,True,False,False,False,False,eligible_for_shift_screen
3368,16366,2KKN,True,True,True,False,False,False,False,eligible_for_shift_screen
3369,16368,2KKO,True,True,True,False,False,False,False,eligible_for_shift_screen
3370,16370,2KKQ,True,True,True,False,False,False,False,eligible_for_shift_screen
3371,16371,2KKS,True,True,True,False,False,False,False,eligible_for_shift_screen
3372,16372,2KKU,True,True,True,False,False,False,False,eligible_for_shift_screen
3373,16373,2KKV,True,True,True,False,False,False,False,eligible_for_shift_screen
3374,16374,2KKX,True,True,True,False,False,False,False,eligible_for_shift_screen
3375,16375,2KKY,True,True,True,False,False,False,False,eligible_for_shift_screen
3376,16376,2KKZ,True,True,True,False,False,False,False,eligible_for_shift_screen
3377,16377,2LEK,True,True,True,False,False,False,False,eligible_for_shift_screen
3378,16378,2KL1,True,True,True,False,False,False,False,eligible_for_shift_screen
3379,16380,2KL2,True,True,True,False,False,False,False,eligible_for_shift_screen
3380,16381,2K4T,True,True,True,False,False,False,False,eligible_for_shift_screen
3381,16382,2KL3,True,True,True,False,False,False,False,eligible_for_shift_screen
3382,16384,2KL5,True,True,True,False,False,False,False,eligible_for_shift_screen
3383,16385,2KL6,True,True,True,False,False,False,False,eligible_for_shift_screen
3384,16386,2KL7,True,True,True,False,False,False,False,eligible_for_shift_screen
3385,16387,2KL8,True,True,True,False,False,False,False,eligible_for_shift_screen
3386,16388,2KLB,True,True,True,False,False,False,False,eligible_for_shift_screen
3387,16389,2KLA,True,True,True,False,False,False,False,eligible_for_shift_screen
3388,16390,2KLC,True,True,True,False,False,False,False,eligible_for_shift_screen
3389,16396,2KLQ,True,True,True,False,False,False,False,eligible_for_shift_screen
3390,16397,2KKR,True,True,True,False,False,False,False,eligible_for_shift_screen
3391,16400,2KLW,True,True,True,False,False,False,False,eligible_for_shift_screen
3392,16403,2KLX,True,True,True,False,False,False,False,eligible_for_shift_screen
3393,16404,2KLY,True,True,True,False,False,False,False,eligible_for_shift_screen
3394,16405,2KLZ,True,True,True,False,False,False,False,eligible_for_shift_screen
3395,16408,2KM0,True,True,True,False,False,False,False,eligible_for_shift_screen
3396,16411,2KM4,True,True,True,False,False,False,False,eligible_for_shift_screen
3397,16413,2LJK,True,True,True,False,False,False,False,eligible_for_shift_screen
3398,16425,2KM8,True,True,True,False,False,False,False,eligible_for_shift_screen
3399,16426,2KMD,True,True,True,False,False,False,False,eligible_for_shift_screen
3400,16428,2KMG,True,True,True,False,False,False,False,eligible_for_shift_screen
3401,16431,2KMJ,True,True,True,False,False,False,False,eligible_for_shift_screen
3402,16436,2KMO,True,True,True,False,False,False,False,eligible_for_shift_screen
3403,16437,2KMP,True,True,True,False,False,False,False,eligible_for_shift_screen
3404,16438,2KMP,True,True,True,False,False,False,False,eligible_for_shift_screen
3405,16439,2KMS,True,True,True,False,False,False,False,eligible_for_shift_screen
3406,16440,2KMV,True,True,True,False,False,False,False,eligible_for_shift_screen
3407,16441,2KMX,True,True,True,False,False,False,False,eligible_for_shift_screen
3408,16442,2KMW,True,True,True,False,False,False,False,eligible_for_shift_screen
3409,16443,2KMY,True,True,True,False,False,False,False,eligible_for_shift_screen
3410,16449,2KN7,True,True,True,False,False,False,False,eligible_for_shift_screen
3411,16452,2KN8,True,True,True,False,False,False,False,eligible_for_shift_screen
3412,16465,2KNE,True,True,True,False,False,False,False,eligible_for_shift_screen
3413,16466,2KNF,True,True,True,False,False,False,False,eligible_for_shift_screen
3414,16467,2KNH,True,True,True,False,False,False,False,eligible_for_shift_screen
3415,16468,2KNI,True,True,True,False,False,False,False,eligible_for_shift_screen
3416,16472,2KNO,True,True,True,False,False,False,False,eligible_for_shift_screen
3417,16476,2KNR,True,True,True,False,False,False,False,eligible_for_shift_screen
3418,16477,2KNU,True,True,True,False,False,False,False,eligible_for_shift_screen
3419,16478,2KNA,True,True,True,False,False,False,False,eligible_for_shift_screen
3420,16480,2LGP,True,True,True,False,False,False,False,eligible_for_shift_screen
3421,16482,2KNX,True,True,True,False,False,False,False,eligible_for_shift_screen
3422,16483,2KNY,True,True,True,False,False,False,False,eligible_for_shift_screen
3423,16484,2KNZ,True,True,True,False,False,False,False,eligible_for_shift_screen
3424,16485,2KO0,True,True,True,False,False,False,False,eligible_for_shift_screen
3425,16486,2KO1,True,True,True,False,False,False,False,eligible_for_shift_screen
3426,16490,2KO6,True,True,True,False,False,False,False,eligible_for_shift_screen
3427,16491,2KO7,True,True,True,False,False,False,False,eligible_for_shift_screen
3428,16492,2KO8,True,True,True,False,False,False,False,eligible_for_shift_screen
3429,16492,9CCH,True,True,True,False,False,False,False,eligible_for_shift_screen
3430,16496,2KNC,True,True,True,False,False,False,False,eligible_for_shift_screen
3431,16497,2K9J,True,True,True,False,False,False,False,eligible_for_shift_screen
3432,16498,2KOB,True,True,True,False,False,False,False,eligible_for_shift_screen
3433,16504,2KOE,True,True,True,False,False,False,False,eligible_for_shift_screen
3434,16505,2KKG,True,True,True,False,False,False,False,eligible_for_shift_screen
3435,16507,2KOH,True,True,True,False,False,False,False,eligible_for_shift_screen
3436,16510,2KE1,True,True,True,False,False,False,False,eligible_for_shift_screen
3437,16515,2KOJ,True,True,True,False,False,False,False,eligible_for_shift_screen
3438,16517,2KOK,True,True,True,False,False,False,False,eligible_for_shift_screen
3439,16519,2KOL,True,True,True,False,False,False,False,eligible_for_shift_screen
3440,16520,2KOM,True,True,True,False,False,False,False,eligible_for_shift_screen
3441,16521,2KON,True,True,True,False,False,False,False,eligible_for_shift_screen
3442,16524,2KOO,True,True,True,False,False,False,False,eligible_for_shift_screen
3443,16525,2KOP,True,True,True,False,False,False,False,eligible_for_shift_screen
3444,16526,2KOQ,True,True,True,False,False,False,False,eligible_for_shift_screen
3445,16527,2KOR,True,True,True,False,False,False,False,eligible_for_shift_screen
3446,16528,2KOS,True,True,True,False,False,False,False,eligible_for_shift_screen
3447,16534,2KOU,True,True,True,False,False,False,False,eligible_for_shift_screen
3448,16536,2KOY,True,True,True,False,False,False,False,eligible_for_shift_screen
3449,16539,2KOZ,True,True,True,False,False,False,False,eligible_for_shift_screen
3450,16540,2KP0,True,True,True,False,False,False,False,eligible_for_shift_screen
3451,16544,2KMU,True,True,True,False,False,False,False,eligible_for_shift_screen
3452,16545,2KP6,True,True,True,False,False,False,False,eligible_for_shift_screen
3453,16549,2KP7,True,True,True,False,False,False,False,eligible_for_shift_screen
3454,16550,2KPA,True,True,True,False,False,False,False,eligible_for_shift_screen
3455,16551,2KPB,True,True,True,False,False,False,False,eligible_for_shift_screen
3456,16556,2KPI,True,True,True,False,False,False,False,eligible_for_shift_screen
3457,16557,2KPJ,True,True,True,False,False,False,False,eligible_for_shift_screen
3458,16558,2KPK,True,True,True,False,False,False,False,eligible_for_shift_screen
3459,16559,2KPL,True,True,True,False,False,False,False,eligible_for_shift_screen
3460,16560,2KPM,True,True,True,False,False,False,False,eligible_for_shift_screen
3461,16561,2KPN,True,True,True,False,False,False,False,eligible_for_shift_screen
3462,16562,2KPO,True,True,True,False,False,False,False,eligible_for_shift_screen
3463,16563,2KPP,True,True,True,False,False,False,False,eligible_for_shift_screen
3464,16564,2KPQ,True,True,True,False,False,False,False,eligible_for_shift_screen
3465,16569,2KPT,True,True,True,False,False,False,False,eligible_for_shift_screen
3466,16570,2KPU,True,True,True,False,False,False,False,eligible_for_shift_screen
3467,16572,2KPW,True,True,True,False,False,False,False,eligible_for_shift_screen
3468,16574,2KPZ,True,True,True,False,False,False,False,eligible_for_shift_screen
3469,16575,2KQ0,True,True,True,False,False,False,False,eligible_for_shift_screen
3470,16576,2KQ1,True,True,True,False,False,False,False,eligible_for_shift_screen
3471,16577,2LD5,True,True,True,False,False,False,False,eligible_for_shift_screen
3472,16578,2KQ2,True,True,True,False,False,False,False,eligible_for_shift_screen
3473,16585,2KQ3,True,True,True,False,False,False,False,eligible_for_shift_screen
3474,16589,2KQ5,True,True,True,False,False,False,False,eligible_for_shift_screen
3475,16590,2KQ6,True,True,True,False,False,False,False,eligible_for_shift_screen
3476,16592,2KQ8,True,True,True,False,False,False,False,eligible_for_shift_screen
3477,16594,2KQ9,True,True,True,False,False,False,False,eligible_for_shift_screen
3478,16596,2KQB,True,True,True,False,False,False,False,eligible_for_shift_screen
3479,16596,2KQC,True,True,True,False,False,False,False,eligible_for_shift_screen
3480,16596,2KQD,True,True,True,False,False,False,False,eligible_for_shift_screen
3481,16596,2KQE,True,True,True,False,False,False,False,eligible_for_shift_screen
3482,16603,2KQK,True,True,True,False,False,False,False,eligible_for_shift_screen
3483,16605,2KQL,True,True,True,False,False,False,False,eligible_for_shift_screen
3484,16606,2KQM,True,True,True,False,False,False,False,eligible_for_shift_screen
3485,16607,2KQN,True,True,True,False,False,False,False,eligible_for_shift_screen
3486,16608,2KQP,True,True,True,False,False,False,False,eligible_for_shift_screen
3487,16610,2KQR,True,True,True,False,False,False,False,eligible_for_shift_screen
3488,16612,2KQT,True,True,True,False,False,False,False,eligible_for_shift_screen
3489,16617,2KQY,True,True,True,False,False,False,False,eligible_for_shift_screen
3490,16620,2KR1,True,True,True,False,False,False,False,eligible_for_shift_screen
3491,16621,2NDJ,True,True,True,False,False,False,False,eligible_for_shift_screen
3492,16624,2KR5,True,True,True,False,False,False,False,eligible_for_shift_screen
3493,16629,2KR7,True,True,True,False,False,False,False,eligible_for_shift_screen
3494,16632,2KR9,True,True,True,False,False,False,False,eligible_for_shift_screen
3495,16633,2KRA,True,True,True,False,False,False,False,eligible_for_shift_screen
3496,16636,2KRF,True,True,True,False,False,False,False,eligible_for_shift_screen
3497,16637,2KJD,True,True,True,False,False,False,False,eligible_for_shift_screen
3498,16638,2KRG,True,True,True,False,False,False,False,eligible_for_shift_screen
3499,16639,2KRI,True,True,True,False,False,False,False,eligible_for_shift_screen
3500,16640,2KRK,True,True,True,False,False,False,False,eligible_for_shift_screen
3501,16641,2KRM,True,True,True,False,False,False,False,eligible_for_shift_screen
3502,16642,2KRN,True,True,True,False,False,False,False,eligible_for_shift_screen
3503,16643,2KRO,True,True,True,False,False,False,False,eligible_for_shift_screen
3504,16646,2KRR,True,True,True,False,False,False,False,eligible_for_shift_screen
3505,16647,2KRS,True,True,True,False,False,False,False,eligible_for_shift_screen
3506,16648,2KRT,True,True,True,False,False,False,False,eligible_for_shift_screen
3507,16649,2KRU,True,True,True,False,False,False,False,eligible_for_shift_screen
3508,16652,2KRX,True,True,True,False,False,False,False,eligible_for_shift_screen
3509,16653,2L97,True,True,True,False,False,False,False,eligible_for_shift_screen
3510,16654,2KRY,True,True,True,False,False,False,False,eligible_for_shift_screen
3511,16655,2KRZ,True,True,True,False,False,False,False,eligible_for_shift_screen
3512,16656,2KS0,True,True,True,False,False,False,False,eligible_for_shift_screen
3513,16660,2KS9,True,True,True,False,False,False,False,eligible_for_shift_screen
3514,16662,2KSH,True,True,True,False,False,False,False,eligible_for_shift_screen
3515,16663,2KQQ,True,True,True,False,False,False,False,eligible_for_shift_screen
3516,16665,2KSI,True,True,True,False,False,False,False,eligible_for_shift_screen
3517,16667,6URP,True,True,True,False,False,False,False,eligible_for_shift_screen
3518,16671,2KSP,True,True,True,False,False,False,False,eligible_for_shift_screen
3519,16672,2KSR,True,True,True,False,False,False,False,eligible_for_shift_screen
3520,16674,2KSU,True,True,True,False,False,False,False,eligible_for_shift_screen
3521,16675,2KSV,True,True,True,False,False,False,False,eligible_for_shift_screen
3522,16676,2KSW,True,True,True,False,False,False,False,eligible_for_shift_screen
3523,16677,2LAG,True,True,True,False,False,False,False,eligible_for_shift_screen
3524,16678,2KSY,True,True,True,False,False,False,False,eligible_for_shift_screen
3525,16679,2LFU,True,True,True,False,False,False,False,eligible_for_shift_screen
3526,16680,2KT0,True,True,True,False,False,False,False,eligible_for_shift_screen
3527,16681,2KT1,True,True,True,False,False,False,False,eligible_for_shift_screen
3528,16682,2KT4,True,True,True,False,False,False,False,eligible_for_shift_screen
3529,16683,2KT5,True,True,True,False,False,False,False,eligible_for_shift_screen
3530,16684,2KT6,True,True,True,False,False,False,False,eligible_for_shift_screen
3531,16686,2KT7,True,True,True,False,False,False,False,eligible_for_shift_screen
3532,16688,2KT8,True,True,True,False,False,False,False,eligible_for_shift_screen
3533,16691,2KT9,True,True,True,False,False,False,False,eligible_for_shift_screen
3534,16692,2KTA,True,True,True,False,False,False,False,eligible_for_shift_screen
3535,16693,2KTC,True,True,True,False,False,False,False,eligible_for_shift_screen
3536,16694,2KTB,True,True,True,False,False,False,False,eligible_for_shift_screen
3537,16701,2LGZ,True,True,True,False,False,False,False,eligible_for_shift_screen
3538,16707,8C5J,True,True,True,False,False,False,False,eligible_for_shift_screen
3539,16709,2KTN,True,True,True,False,False,False,False,eligible_for_shift_screen
3540,16709,8C5J,True,True,True,False,False,False,False,eligible_for_shift_screen
3541,16711,2KTS,True,True,True,False,False,False,False,eligible_for_shift_screen
3542,16714,2Y95,True,True,True,False,False,False,False,eligible_for_shift_screen
3543,16715,2LAV,True,True,True,False,False,False,False,eligible_for_shift_screen
3544,16719,2L95,True,True,True,False,False,False,False,eligible_for_shift_screen
3545,16720,2KU4,True,True,True,False,False,False,False,eligible_for_shift_screen
3546,16721,2KU3,True,True,True,False,False,False,False,eligible_for_shift_screen
3547,16722,2KU5,True,True,True,False,False,False,False,eligible_for_shift_screen
3548,16723,2KU6,True,True,True,False,False,False,False,eligible_for_shift_screen
3549,16731,2KUC,True,True,True,False,False,False,False,eligible_for_shift_screen
3550,16732,2KUD,True,True,True,False,False,False,False,eligible_for_shift_screen
3551,16733,2KUE,True,True,True,False,False,False,False,eligible_for_shift_screen
3552,16734,2KUF,True,True,True,False,False,False,False,eligible_for_shift_screen
3553,16737,2KXI,True,True,True,False,False,False,False,eligible_for_shift_screen
3554,16738,2KUL,True,True,True,False,False,False,False,eligible_for_shift_screen
3555,16743,2KUN,True,True,True,False,False,False,False,eligible_for_shift_screen
3556,16744,2KUO,True,True,True,False,False,False,False,eligible_for_shift_screen
3557,16745,2KUS,True,True,True,False,False,False,False,eligible_for_shift_screen
3558,16746,2KUT,True,True,True,False,False,False,False,eligible_for_shift_screen
3559,16747,2KUY,True,True,True,False,False,False,False,eligible_for_shift_screen
3560,16764,2KUG,True,True,True,False,False,False,False,eligible_for_shift_screen
3561,16764,2KUH,True,True,True,False,False,False,False,eligible_for_shift_screen
3562,16767,2KV3,True,True,True,False,False,False,False,eligible_for_shift_screen
3563,16768,2KV4,True,True,True,False,False,False,False,eligible_for_shift_screen
3564,16770,2KV7,True,True,True,False,False,False,False,eligible_for_shift_screen
3565,16771,2KV9,True,True,True,False,False,False,False,eligible_for_shift_screen
3566,16772,2KVA,True,True,True,False,False,False,False,eligible_for_shift_screen
3567,16773,2KVB,True,True,True,False,False,False,False,eligible_for_shift_screen
3568,16774,2KVC,True,True,True,False,False,False,False,eligible_for_shift_screen
3569,16775,2KVD,True,True,True,False,False,False,False,eligible_for_shift_screen
3570,16776,2KVE,True,True,True,False,False,False,False,eligible_for_shift_screen
3571,16778,2KVM,True,True,True,False,False,False,False,eligible_for_shift_screen
3572,16779,2LXD,True,True,True,False,False,False,False,eligible_for_shift_screen
3573,16782,2KVO,True,True,True,False,False,False,False,eligible_for_shift_screen
3574,16788,2KVQ,True,True,True,False,False,False,False,eligible_for_shift_screen
3575,16789,2KVR,True,True,True,False,False,False,False,eligible_for_shift_screen
3576,16790,2X8N,True,True,True,False,False,False,False,eligible_for_shift_screen
3577,16791,2KVT,True,True,True,False,False,False,False,eligible_for_shift_screen
3578,16792,2KVU,True,True,True,False,False,False,False,eligible_for_shift_screen
3579,16794,2KVS,True,True,True,False,False,False,False,eligible_for_shift_screen
3580,16795,2KVV,True,True,True,False,False,False,False,eligible_for_shift_screen
3581,16797,2KVH,True,True,True,False,False,False,False,eligible_for_shift_screen
3582,16801,2KVZ,True,True,True,False,False,False,False,eligible_for_shift_screen
3583,16802,2KW0,True,True,True,False,False,False,False,eligible_for_shift_screen
3584,16805,2KW2,True,True,True,False,False,False,False,eligible_for_shift_screen
3585,16806,2N47,True,True,True,False,False,False,False,eligible_for_shift_screen
3586,16807,2KW4,True,True,True,False,False,False,False,eligible_for_shift_screen
3587,16808,2KW6,True,True,True,False,False,False,False,eligible_for_shift_screen
3588,16809,2K7A,True,True,True,False,False,False,False,eligible_for_shift_screen
3589,16810,2KW7,True,True,True,False,False,False,False,eligible_for_shift_screen
3590,16811,2KW8,True,True,True,False,False,False,False,eligible_for_shift_screen
3591,16812,2KAE,True,True,True,False,False,False,False,eligible_for_shift_screen
3592,16813,2KNB,True,True,True,False,False,False,False,eligible_for_shift_screen
3593,16816,2KW9,True,True,True,False,False,False,False,eligible_for_shift_screen
3594,16817,2KSG,True,True,True,False,False,False,False,eligible_for_shift_screen
3595,16818,2K8A,True,True,True,False,False,False,False,eligible_for_shift_screen
3596,16820,2KCY,True,True,True,False,False,False,False,eligible_for_shift_screen
3597,16821,2KCV,True,True,True,False,False,False,False,eligible_for_shift_screen
3598,16822,2KGK,True,True,True,False,False,False,False,eligible_for_shift_screen
3599,16824,2K42,True,True,True,False,False,False,False,eligible_for_shift_screen
3600,16831,2KNG,True,True,True,False,False,False,False,eligible_for_shift_screen
3601,16832,2KTL,True,True,True,False,False,False,False,eligible_for_shift_screen
3602,16833,2LOY,True,True,True,False,False,False,False,eligible_for_shift_screen
3603,16834,2KAL,True,True,True,False,False,False,False,eligible_for_shift_screen
3604,16835,2KWC,True,True,True,False,False,False,False,eligible_for_shift_screen
3605,16839,2KUM,True,True,True,False,False,False,False,eligible_for_shift_screen
3606,16840,2L9C,True,True,True,False,False,False,False,eligible_for_shift_screen
3607,16842,2LDO,True,True,True,False,False,False,False,eligible_for_shift_screen
3608,16843,2K3B,True,True,True,False,False,False,False,eligible_for_shift_screen
3609,16846,2KSM,True,True,True,False,False,False,False,eligible_for_shift_screen
3610,16849,2KKD,True,True,True,False,False,False,False,eligible_for_shift_screen
3611,16851,2KWF,True,True,True,False,False,False,False,eligible_for_shift_screen
3612,16852,2KWG,True,True,True,False,False,False,False,eligible_for_shift_screen
3613,16853,2KLU,True,True,True,False,False,False,False,eligible_for_shift_screen
3614,16856,2KWL,True,True,True,False,False,False,False,eligible_for_shift_screen
3615,16857,2KB9,True,True,True,False,False,False,False,eligible_for_shift_screen
3616,16860,2LML,True,True,True,False,False,False,False,eligible_for_shift_screen
3617,16861,2KWN,True,True,True,False,False,False,False,eligible_for_shift_screen
3618,16862,2LAN,True,True,True,False,False,False,False,eligible_for_shift_screen
3619,16864,5ZB6,True,True,True,False,False,False,False,eligible_for_shift_screen
3620,16865,2KWO,True,True,True,False,False,False,False,eligible_for_shift_screen
3621,16868,2KWP,True,True,True,False,False,False,False,eligible_for_shift_screen
3622,16871,2JWE,True,True,True,False,False,False,False,eligible_for_shift_screen
3623,16872,2KWQ,True,True,True,False,False,False,False,eligible_for_shift_screen
3624,16878,2KFT,True,True,True,False,False,False,False,eligible_for_shift_screen
3625,16879,6GBD,True,True,True,False,False,False,False,eligible_for_shift_screen
3626,16879,6GBE,True,True,True,False,False,False,False,eligible_for_shift_screen
3627,16880,2KWU,True,True,True,False,False,False,False,eligible_for_shift_screen
3628,16881,2KF2,True,True,True,False,False,False,False,eligible_for_shift_screen
3629,16882,2KHU,True,True,True,False,False,False,False,eligible_for_shift_screen
3630,16884,2MY8,True,True,True,False,False,False,False,eligible_for_shift_screen
3631,16885,2KWV,True,True,True,False,False,False,False,eligible_for_shift_screen
3632,16886,2KWT,True,True,True,False,False,False,False,eligible_for_shift_screen
3633,16887,2K4E,True,True,True,False,False,False,False,eligible_for_shift_screen
3634,16888,2K4H,True,True,True,False,False,False,False,eligible_for_shift_screen
3635,16889,2K4I,True,True,True,False,False,False,False,eligible_for_shift_screen
3636,16892,2KWZ,True,True,True,False,False,False,False,eligible_for_shift_screen
3637,16895,2KX0,True,True,True,False,False,False,False,eligible_for_shift_screen
3638,16897,2KX2,True,True,True,False,False,False,False,eligible_for_shift_screen
3639,16899,2KX3,True,True,True,False,False,False,False,eligible_for_shift_screen
3640,16901,2K6T,True,True,True,False,False,False,False,eligible_for_shift_screen
3641,16905,2LPM,True,True,True,False,False,False,False,eligible_for_shift_screen
3642,16907,2KXA,True,True,True,False,False,False,False,eligible_for_shift_screen
3643,16909,2KXC,True,True,True,False,False,False,False,eligible_for_shift_screen
3644,16911,2LKL,True,True,True,False,False,False,False,eligible_for_shift_screen
3645,16912,2M4K,True,True,True,False,False,False,False,eligible_for_shift_screen
3646,16913,2KXG,True,True,True,False,False,False,False,eligible_for_shift_screen
3647,16915,2KXK,True,True,True,False,False,False,False,eligible_for_shift_screen
3648,16920,2KXN,True,True,True,False,False,False,False,eligible_for_shift_screen
3649,16922,2KSF,True,True,True,False,False,False,False,eligible_for_shift_screen
3650,16923,2KXQ,True,True,True,False,False,False,False,eligible_for_shift_screen
3651,16926,2KXX,True,True,True,False,False,False,False,eligible_for_shift_screen
3652,16927,2KXY,True,True,True,False,False,False,False,eligible_for_shift_screen
3653,16929,2KXV,True,True,True,False,False,False,False,eligible_for_shift_screen
3654,16934,2KY4,True,True,True,False,False,False,False,eligible_for_shift_screen
3655,16935,2KY5,True,True,True,False,False,False,False,eligible_for_shift_screen
3656,16936,2KY8,True,True,True,False,False,False,False,eligible_for_shift_screen
3657,16941,2KX5,True,True,True,False,False,False,False,eligible_for_shift_screen
3658,16942,2KY9,True,True,True,False,False,False,False,eligible_for_shift_screen
3659,16943,2KYA,True,True,True,False,False,False,False,eligible_for_shift_screen
3660,16944,2KYB,True,True,True,False,False,False,False,eligible_for_shift_screen
3661,16945,2KYC,True,True,True,False,False,False,False,eligible_for_shift_screen
3662,16947,2KSD,True,True,True,False,False,False,False,eligible_for_shift_screen
3663,16950,2KXZ,True,True,True,False,False,False,False,eligible_for_shift_screen
3664,16951,2KY0,True,True,True,False,False,False,False,eligible_for_shift_screen
3665,16952,2KY1,True,True,True,False,False,False,False,eligible_for_shift_screen
3666,16953,2KY2,True,True,True,False,False,False,False,eligible_for_shift_screen
3667,16954,2KYG,True,True,True,False,False,False,False,eligible_for_shift_screen
3668,16955,2KYF,True,True,True,False,False,False,False,eligible_for_shift_screen
3669,16956,2ML3,True,True,True,False,False,False,False,eligible_for_shift_screen
3670,16957,2KYH,True,True,True,False,False,False,False,eligible_for_shift_screen
3671,16960,2WH9,True,True,True,False,False,False,False,eligible_for_shift_screen
3672,16961,2KYI,True,True,True,False,False,False,False,eligible_for_shift_screen
3673,16963,2KYJ,True,True,True,False,False,False,False,eligible_for_shift_screen
3674,16967,2KYL,True,True,True,False,False,False,False,eligible_for_shift_screen
3675,16968,2K6U,True,True,True,False,False,False,False,eligible_for_shift_screen
3676,16969,2XA6,True,True,True,False,False,False,False,eligible_for_shift_screen
3677,16970,2KYM,True,True,True,False,False,False,False,eligible_for_shift_screen
3678,16971,2L8B,True,True,True,False,False,False,False,eligible_for_shift_screen
3679,16977,2L8K,True,True,True,False,False,False,False,eligible_for_shift_screen
3680,16978,2KYQ,True,True,True,False,False,False,False,eligible_for_shift_screen
3681,16979,2KYR,True,True,True,False,False,False,False,eligible_for_shift_screen
3682,16980,2KYD,True,True,True,False,False,False,False,eligible_for_shift_screen
3683,16981,2KYS,True,True,True,False,False,False,False,eligible_for_shift_screen
3684,16983,2KYU,True,True,True,False,False,False,False,eligible_for_shift_screen
3685,16986,2KXE,True,True,True,False,False,False,False,eligible_for_shift_screen
3686,16988,2KYW,True,True,True,False,False,False,False,eligible_for_shift_screen
3687,16989,2KYX,True,True,True,False,False,False,False,eligible_for_shift_screen
3688,16991,2KYY,True,True,True,False,False,False,False,eligible_for_shift_screen
3689,16994,2KZ2,True,True,True,False,False,False,False,eligible_for_shift_screen
3690,16995,2KZ0,True,True,True,False,False,False,False,eligible_for_shift_screen
3691,16996,2KZ3,True,True,True,False,False,False,False,eligible_for_shift_screen
3692,16997,2KZ4,True,True,True,False,False,False,False,eligible_for_shift_screen
3693,16998,2KZ5,True,True,True,False,False,False,False,eligible_for_shift_screen
3694,16999,2KZ6,True,True,True,False,False,False,False,eligible_for_shift_screen
3695,17000,2KZ9,True,True,True,False,False,False,False,eligible_for_shift_screen
3696,17001,2KZA,True,True,True,False,False,False,False,eligible_for_shift_screen
3697,17002,2KZC,True,True,True,False,False,False,False,eligible_for_shift_screen
3698,17005,2KZH,True,True,True,False,False,False,False,eligible_for_shift_screen
3699,17006,2KZB,True,True,True,False,False,False,False,eligible_for_shift_screen
3700,17007,2KZK,True,True,True,False,False,False,False,eligible_for_shift_screen
3701,17008,2KZN,True,True,True,False,False,False,False,eligible_for_shift_screen
3702,17011,2KZQ,True,True,True,False,False,False,False,eligible_for_shift_screen
3703,17014,2M1B,True,True,True,False,False,False,False,eligible_for_shift_screen
3704,17015,2K38,True,True,True,False,False,False,False,eligible_for_shift_screen
3705,17016,2KZ7,True,True,True,False,False,False,False,eligible_for_shift_screen
3706,17017,2KZR,True,True,True,False,False,False,False,eligible_for_shift_screen
3707,17018,2KZS,True,True,True,False,False,False,False,eligible_for_shift_screen
3708,17019,2KZU,True,True,True,False,False,False,False,eligible_for_shift_screen
3709,17020,2KZV,True,True,True,False,False,False,False,eligible_for_shift_screen
3710,17021,2KZW,True,True,True,False,False,False,False,eligible_for_shift_screen
3711,17022,2KZX,True,True,True,False,False,False,False,eligible_for_shift_screen
3712,17023,2KZY,True,True,True,False,False,False,False,eligible_for_shift_screen
3713,17024,2L00,True,True,True,False,False,False,False,eligible_for_shift_screen
3714,17025,2L01,True,True,True,False,False,False,False,eligible_for_shift_screen
3715,17026,2L02,True,True,True,False,False,False,False,eligible_for_shift_screen
3716,17028,2L04,True,True,True,False,False,False,False,eligible_for_shift_screen
3717,17030,2L05,True,True,True,False,False,False,False,eligible_for_shift_screen
3718,17031,2L06,True,True,True,False,False,False,False,eligible_for_shift_screen
3719,17031,7TZ8,True,True,True,False,False,False,False,eligible_for_shift_screen
3720,17032,2L07,True,True,True,False,False,False,False,eligible_for_shift_screen
3721,17033,2L08,True,True,True,False,False,False,False,eligible_for_shift_screen
3722,17035,2L09,True,True,True,False,False,False,False,eligible_for_shift_screen
3723,17038,2L0C,True,True,True,False,False,False,False,eligible_for_shift_screen
3724,17039,2L0D,True,True,True,False,False,False,False,eligible_for_shift_screen
3725,17040,2L0E,True,True,True,False,False,False,False,eligible_for_shift_screen
3726,17044,2L0I,True,True,True,False,False,False,False,eligible_for_shift_screen
3727,17045,2LPE,True,True,True,False,False,False,False,eligible_for_shift_screen
3728,17050,2XK0,True,True,True,False,False,False,False,eligible_for_shift_screen
3729,17062,2L0S,True,True,True,False,False,False,False,eligible_for_shift_screen
3730,17066,2L0W,True,True,True,False,False,False,False,eligible_for_shift_screen
3731,17067,2L0Y,True,True,True,False,False,False,False,eligible_for_shift_screen
3732,17070,2L10,True,True,True,False,False,False,False,eligible_for_shift_screen
3733,17071,2L11,True,True,True,False,False,False,False,eligible_for_shift_screen
3734,17072,2L12,True,True,True,False,False,False,False,eligible_for_shift_screen
3735,17073,2L14,True,True,True,False,False,False,False,eligible_for_shift_screen
3736,17074,2MYP,True,True,True,False,False,False,False,eligible_for_shift_screen
3737,17076,2MYN,True,True,True,False,False,False,False,eligible_for_shift_screen
3738,17077,2MYT,True,True,True,False,False,False,False,eligible_for_shift_screen
3739,17079,2L1B,True,True,True,False,False,False,False,eligible_for_shift_screen
3740,17080,2L1C,True,True,True,False,False,False,False,eligible_for_shift_screen
3741,17081,2L1D,True,True,True,False,False,False,False,eligible_for_shift_screen
3742,17082,2L1E,True,True,True,False,False,False,False,eligible_for_shift_screen
3743,17083,2L1F,True,True,True,False,False,False,False,eligible_for_shift_screen
3744,17086,2L1J,True,True,True,False,False,False,False,eligible_for_shift_screen
3745,17087,2L1K,True,True,True,False,False,False,False,eligible_for_shift_screen
3746,17088,2KYE,True,True,True,False,False,False,False,eligible_for_shift_screen
3747,17089,2KXD,True,True,True,False,False,False,False,eligible_for_shift_screen
3748,17090,2L1N,True,True,True,False,False,False,False,eligible_for_shift_screen
3749,17091,2L1O,True,True,True,False,False,False,False,eligible_for_shift_screen
3750,17092,2L1P,True,True,True,False,False,False,False,eligible_for_shift_screen
3751,17103,2L1R,True,True,True,False,False,False,False,eligible_for_shift_screen
3752,17104,2L1S,True,True,True,False,False,False,False,eligible_for_shift_screen
3753,17105,2L1T,True,True,True,False,False,False,False,eligible_for_shift_screen
3754,17106,2L1V,True,True,True,False,False,False,False,eligible_for_shift_screen
3755,17107,2L1Y,True,True,True,False,False,False,False,eligible_for_shift_screen
3756,17108,2L1Z,True,True,True,False,False,False,False,eligible_for_shift_screen
3757,17110,2L21,True,True,True,False,False,False,False,eligible_for_shift_screen
3758,17111,2L22,True,True,True,False,False,False,False,eligible_for_shift_screen
3759,17124,2L25,True,True,True,False,False,False,False,eligible_for_shift_screen
3760,17125,2L28,True,True,True,False,False,False,False,eligible_for_shift_screen
3761,17127,2L29,True,True,True,False,False,False,False,eligible_for_shift_screen
3762,17132,2L2D,True,True,True,False,False,False,False,eligible_for_shift_screen
3763,17138,2L2L,True,True,True,False,False,False,False,eligible_for_shift_screen
3764,17143,2L2N,True,True,True,False,False,False,False,eligible_for_shift_screen
3765,17145,2L7M,True,True,True,False,False,False,False,eligible_for_shift_screen
3766,17147,2L7F,True,True,True,False,False,False,False,eligible_for_shift_screen
3767,17149,2L2P,True,True,True,False,False,False,False,eligible_for_shift_screen
3768,17149,2LP5,True,True,True,False,False,False,False,eligible_for_shift_screen
3769,17150,2L2Q,True,True,True,False,False,False,False,eligible_for_shift_screen
3770,17151,2L2S,True,True,True,False,False,False,False,eligible_for_shift_screen
3771,17152,2L2R,True,True,True,False,False,False,False,eligible_for_shift_screen
3772,17153,2L2W,True,True,True,False,False,False,False,eligible_for_shift_screen
3773,17154,2L2X,True,True,True,False,False,False,False,eligible_for_shift_screen
3774,17155,2L2Y,True,True,True,False,False,False,False,eligible_for_shift_screen
3775,17156,2L2Z,True,True,True,False,False,False,False,eligible_for_shift_screen
3776,17157,2L30,True,True,True,False,False,False,False,eligible_for_shift_screen
3777,17158,2L31,True,True,True,False,False,False,False,eligible_for_shift_screen
3778,17160,2LHS,True,True,True,False,False,False,False,eligible_for_shift_screen
3779,17161,2L9B,True,True,True,False,False,False,False,eligible_for_shift_screen
3780,17165,2XKS,True,True,True,False,False,False,False,eligible_for_shift_screen
3781,17166,2XKU,True,True,True,False,False,False,False,eligible_for_shift_screen
3782,17169,2L33,True,True,True,False,False,False,False,eligible_for_shift_screen
3783,17173,2LO6,True,True,True,False,False,False,False,eligible_for_shift_screen
3784,17174,2L39,True,True,True,False,False,False,False,eligible_for_shift_screen
3785,17175,2L3A,True,True,True,False,False,False,False,eligible_for_shift_screen
3786,17176,2L3B,True,True,True,False,False,False,False,eligible_for_shift_screen
3787,17188,2L3E,True,True,True,False,False,False,False,eligible_for_shift_screen
3788,17191,2L3F,True,True,True,False,False,False,False,eligible_for_shift_screen
3789,17193,2L3H,True,True,True,False,False,False,False,eligible_for_shift_screen
3790,17194,2L3I,True,True,True,False,False,False,False,eligible_for_shift_screen
3791,17196,2L3M,True,True,True,False,False,False,False,eligible_for_shift_screen
3792,17199,2L3N,True,True,True,False,False,False,False,eligible_for_shift_screen
3793,17200,2L3R,True,True,True,False,False,False,False,eligible_for_shift_screen
3794,17202,2L3T,True,True,True,False,False,False,False,eligible_for_shift_screen
3795,17203,2N57,True,True,True,False,False,False,False,eligible_for_shift_screen
3796,17213,2L40,True,True,True,False,False,False,False,eligible_for_shift_screen
3797,17227,2KY3,True,True,True,False,False,False,False,eligible_for_shift_screen
3798,17228,2L44,True,True,True,False,False,False,False,eligible_for_shift_screen
3799,17229,2L45,True,True,True,False,False,False,False,eligible_for_shift_screen
3800,17232,2L47,True,True,True,False,False,False,False,eligible_for_shift_screen
3801,17233,2L48,True,True,True,False,False,False,False,eligible_for_shift_screen
3802,17234,2L4A,True,True,True,False,False,False,False,eligible_for_shift_screen
3803,17235,2L4B,True,True,True,False,False,False,False,eligible_for_shift_screen
3804,17236,2L4D,True,True,True,False,False,False,False,eligible_for_shift_screen
3805,17237,2KMZ,True,True,True,False,False,False,False,eligible_for_shift_screen
3806,17238,2L4E,True,True,True,False,False,False,False,eligible_for_shift_screen
3807,17239,2L4F,True,True,True,False,False,False,False,eligible_for_shift_screen
3808,17240,2L4G,True,True,True,False,False,False,False,eligible_for_shift_screen
3809,17241,2L4J,True,True,True,False,False,False,False,eligible_for_shift_screen
3810,17242,2L4Q,True,True,True,False,False,False,False,eligible_for_shift_screen
3811,17243,2KDH,True,True,True,False,False,False,False,eligible_for_shift_screen
3812,17244,2L43,True,True,True,False,False,False,False,eligible_for_shift_screen
3813,17245,2L4N,True,True,True,False,False,False,False,eligible_for_shift_screen
3814,17246,2L4O,True,True,True,False,False,False,False,eligible_for_shift_screen
3815,17247,2KN0,True,True,True,False,False,False,False,eligible_for_shift_screen
3816,17249,2ML2,True,True,True,False,False,False,False,eligible_for_shift_screen
3817,17252,2KN1,True,True,True,False,False,False,False,eligible_for_shift_screen
3818,17254,2L4S,True,True,True,False,False,False,False,eligible_for_shift_screen
3819,17255,2L4T,True,True,True,False,False,False,False,eligible_for_shift_screen
3820,17256,2L4U,True,True,True,False,False,False,False,eligible_for_shift_screen
3821,17257,2L4W,True,True,True,False,False,False,False,eligible_for_shift_screen
3822,17258,2L4V,True,True,True,False,False,False,False,eligible_for_shift_screen
3823,17260,2LEN,True,True,True,False,False,False,False,eligible_for_shift_screen
3824,17261,2L50,True,True,True,False,False,False,False,eligible_for_shift_screen
3825,17262,2L51,True,True,True,False,False,False,False,eligible_for_shift_screen
3826,17263,2L52,True,True,True,False,False,False,False,eligible_for_shift_screen
3827,17264,2L53,True,True,True,False,False,False,False,eligible_for_shift_screen
3828,17265,2L4Z,True,True,True,False,False,False,False,eligible_for_shift_screen
3829,17266,2L55,True,True,True,False,False,False,False,eligible_for_shift_screen
3830,17267,2L57,True,True,True,False,False,False,False,eligible_for_shift_screen
3831,17268,2L59,True,True,True,False,False,False,False,eligible_for_shift_screen
3832,17270,2L5E,True,True,True,False,False,False,False,eligible_for_shift_screen
3833,17271,2L5G,True,True,True,False,False,False,False,eligible_for_shift_screen
3834,17272,2L5C,True,True,True,False,False,False,False,eligible_for_shift_screen
3835,17273,2L5D,True,True,True,False,False,False,False,eligible_for_shift_screen
3836,17275,2L5L,True,True,True,False,False,False,False,eligible_for_shift_screen
3837,17277,2L5O,True,True,True,False,False,False,False,eligible_for_shift_screen
3838,17278,2MOT,True,True,True,False,False,False,False,eligible_for_shift_screen
3839,17279,2L5P,True,True,True,False,False,False,False,eligible_for_shift_screen
3840,17280,2L5Q,True,True,True,False,False,False,False,eligible_for_shift_screen
3841,17281,2L5R,True,True,True,False,False,False,False,eligible_for_shift_screen
3842,17282,2L4X,True,True,True,False,False,False,False,eligible_for_shift_screen
3843,17283,2LJ6,True,True,True,False,False,False,False,eligible_for_shift_screen
3844,17284,2L5T,True,True,True,False,False,False,False,eligible_for_shift_screen
3845,17286,2L5V,True,True,True,False,False,False,False,eligible_for_shift_screen
3846,17287,2LLA,True,True,True,False,False,False,False,eligible_for_shift_screen
3847,17288,2MF2,True,True,True,False,False,False,False,eligible_for_shift_screen
3848,17289,2L5Y,True,True,True,False,False,False,False,eligible_for_shift_screen
3849,17291,2L60,True,True,True,False,False,False,False,eligible_for_shift_screen
3850,17292,2L5Z,True,True,True,False,False,False,False,eligible_for_shift_screen
3851,17294,2L61,True,True,True,False,False,False,False,eligible_for_shift_screen
3852,17295,2L62,True,True,True,False,False,False,False,eligible_for_shift_screen
3853,17296,2L63,True,True,True,False,False,False,False,eligible_for_shift_screen
3854,17297,2L64,True,True,True,False,False,False,False,eligible_for_shift_screen
3855,17298,2MDT,True,True,True,False,False,False,False,eligible_for_shift_screen
3856,17299,6ZOM,True,True,True,False,False,False,False,eligible_for_shift_screen
3857,17300,6ZOM,True,True,True,False,False,False,False,eligible_for_shift_screen
3858,17302,2L67,True,True,True,False,False,False,False,eligible_for_shift_screen
3859,17303,2LKK,True,True,True,False,False,False,False,eligible_for_shift_screen
3860,17304,2L69,True,True,True,False,False,False,False,eligible_for_shift_screen
3861,17305,2L6A,True,True,True,False,False,False,False,eligible_for_shift_screen
3862,17306,2L6B,True,True,True,False,False,False,False,eligible_for_shift_screen
3863,17307,2L6E,True,True,True,False,False,False,False,eligible_for_shift_screen
3864,17309,2L6I,True,True,True,False,False,False,False,eligible_for_shift_screen
3865,17311,2LF1,True,True,True,False,False,False,False,eligible_for_shift_screen
3866,17312,2L6J,True,True,True,False,False,False,False,eligible_for_shift_screen
3867,17314,2L6K,True,True,True,False,False,False,False,eligible_for_shift_screen
3868,17315,2L6M,True,True,True,False,False,False,False,eligible_for_shift_screen
3869,17316,2KZL,True,True,True,False,False,False,False,eligible_for_shift_screen
3870,17318,2L6N,True,True,True,False,False,False,False,eligible_for_shift_screen
3871,17319,2L6P,True,True,True,False,False,False,False,eligible_for_shift_screen
3872,17320,2L6O,True,True,True,False,False,False,False,eligible_for_shift_screen
3873,17321,2L6Q,True,True,True,False,False,False,False,eligible_for_shift_screen
3874,17322,2L6R,True,True,True,False,False,False,False,eligible_for_shift_screen
3875,17323,2L6U,True,True,True,False,False,False,False,eligible_for_shift_screen
3876,17324,2MC3,True,True,True,False,False,False,False,eligible_for_shift_screen
3877,17327,2L6X,True,True,True,False,False,False,False,eligible_for_shift_screen
3878,17329,2L4H,True,True,True,False,False,False,False,eligible_for_shift_screen
3879,17330,2L70,True,True,True,False,False,False,False,eligible_for_shift_screen
3880,17331,2L71,True,True,True,False,False,False,False,eligible_for_shift_screen
3881,17343,2L73,True,True,True,False,False,False,False,eligible_for_shift_screen
3882,17344,2L75,True,True,True,False,False,False,False,eligible_for_shift_screen
3883,17345,2L76,True,True,True,False,False,False,False,eligible_for_shift_screen
3884,17346,2L77,True,True,True,False,False,False,False,eligible_for_shift_screen
3885,17347,2L79,True,True,True,False,False,False,False,eligible_for_shift_screen
3886,17351,2L7D,True,True,True,False,False,False,False,eligible_for_shift_screen
3887,17352,2L7E,True,True,True,False,False,False,False,eligible_for_shift_screen
3888,17353,2LMT,True,True,True,False,False,False,False,eligible_for_shift_screen
3889,17354,2LMV,True,True,True,False,False,False,False,eligible_for_shift_screen
3890,17355,2L9F,True,True,True,False,False,False,False,eligible_for_shift_screen
3891,17356,2L7C,True,True,True,False,False,False,False,eligible_for_shift_screen
3892,17358,2L7J,True,True,True,False,False,False,False,eligible_for_shift_screen
3893,17359,2L7K,True,True,True,False,False,False,False,eligible_for_shift_screen
3894,17360,2L7L,True,True,True,False,False,False,False,eligible_for_shift_screen
3895,17363,2L7N,True,True,True,False,False,False,False,eligible_for_shift_screen
3896,17364,2LOZ,True,True,True,False,False,False,False,eligible_for_shift_screen
3897,17365,2L7P,True,True,True,False,False,False,False,eligible_for_shift_screen
3898,17368,2MQI,True,True,True,False,False,False,False,eligible_for_shift_screen
3899,17370,2L7Q,True,True,True,False,False,False,False,eligible_for_shift_screen
3900,17371,2L7R,True,True,True,False,False,False,False,eligible_for_shift_screen
3901,17374,2LJ8,True,True,True,False,False,False,False,eligible_for_shift_screen
3902,17377,2L7T,True,True,True,False,False,False,False,eligible_for_shift_screen
3903,17378,2L7U,True,True,True,False,False,False,False,eligible_for_shift_screen
3904,17379,2L7V,True,True,True,False,False,False,False,eligible_for_shift_screen
3905,17381,2L7Y,True,True,True,False,False,False,False,eligible_for_shift_screen
3906,17382,2L7W,True,True,True,False,False,False,False,eligible_for_shift_screen
3907,17383,2L7X,True,True,True,False,False,False,False,eligible_for_shift_screen
3908,17388,2L80,True,True,True,False,False,False,False,eligible_for_shift_screen
3909,17389,2L81,True,True,True,False,False,False,False,eligible_for_shift_screen
3910,17390,2L82,True,True,True,False,False,False,False,eligible_for_shift_screen
3911,17391,2L83,True,True,True,False,False,False,False,eligible_for_shift_screen
3912,17392,2L84,True,True,True,False,False,False,False,eligible_for_shift_screen
3913,17393,2L85,True,True,True,False,False,False,False,eligible_for_shift_screen
3914,17394,2L86,True,True,True,False,False,False,False,eligible_for_shift_screen
3915,17395,2L87,True,True,True,False,False,False,False,eligible_for_shift_screen
3916,17396,2L8E,True,True,True,False,False,False,False,eligible_for_shift_screen
3917,17397,2L88,True,True,True,False,False,False,False,eligible_for_shift_screen
3918,17398,2L89,True,True,True,False,False,False,False,eligible_for_shift_screen
3919,17399,2L8A,True,True,True,False,False,False,False,eligible_for_shift_screen
3920,17401,2L8U,True,True,True,False,False,False,False,eligible_for_shift_screen
3921,17401,2L8W,True,True,True,False,False,False,False,eligible_for_shift_screen
3922,17402,2L8D,True,True,True,False,False,False,False,eligible_for_shift_screen
3923,17403,3ZUA,True,True,True,False,False,False,False,eligible_for_shift_screen
3924,17405,4AKA,True,True,True,False,False,False,False,eligible_for_shift_screen
3925,17406,2L8F,True,True,True,False,False,False,False,eligible_for_shift_screen
3926,17407,2LP0,True,True,True,False,False,False,False,eligible_for_shift_screen
3927,17408,2L8H,True,True,True,False,False,False,False,eligible_for_shift_screen
3928,17409,2L8I,True,True,True,False,False,False,False,eligible_for_shift_screen
3929,17412,2L8J,True,True,True,False,False,False,False,eligible_for_shift_screen
3930,17414,2L8L,True,True,True,False,False,False,False,eligible_for_shift_screen
3931,17415,2LQD,True,True,True,False,False,False,False,eligible_for_shift_screen
3932,17418,2LCJ,True,True,True,False,False,False,False,eligible_for_shift_screen
3933,17419,2L8N,True,True,True,False,False,False,False,eligible_for_shift_screen
3934,17420,2L8O,True,True,True,False,False,False,False,eligible_for_shift_screen
3935,17421,2L8R,True,True,True,False,False,False,False,eligible_for_shift_screen
3936,17422,2L8P,True,True,True,False,False,False,False,eligible_for_shift_screen
3937,17423,2L8Q,True,True,True,False,False,False,False,eligible_for_shift_screen
3938,17424,2L8S,True,True,True,False,False,False,False,eligible_for_shift_screen
3939,17425,2L8T,True,True,True,False,False,False,False,eligible_for_shift_screen
3940,17429,2L8V,True,True,True,False,False,False,False,eligible_for_shift_screen
3941,17430,2L8X,True,True,True,False,False,False,False,eligible_for_shift_screen
3942,17431,2L8Y,True,True,True,False,False,False,False,eligible_for_shift_screen
3943,17432,2L90,True,True,True,False,False,False,False,eligible_for_shift_screen
3944,17433,2L91,True,True,True,False,False,False,False,eligible_for_shift_screen
3945,17434,2L92,True,True,True,False,False,False,False,eligible_for_shift_screen
3946,17435,2L93,True,True,True,False,False,False,False,eligible_for_shift_screen
3947,17436,2L94,True,True,True,False,False,False,False,eligible_for_shift_screen
3948,17438,2L96,True,True,True,False,False,False,False,eligible_for_shift_screen
3949,17440,2L98,True,True,True,False,False,False,False,eligible_for_shift_screen
3950,17441,2L99,True,True,True,False,False,False,False,eligible_for_shift_screen
3951,17442,2L9A,True,True,True,False,False,False,False,eligible_for_shift_screen
3952,17443,2Y4W,True,True,True,False,False,False,False,eligible_for_shift_screen
3953,17447,2LB6,True,True,True,False,False,False,False,eligible_for_shift_screen
3954,17448,2L9D,True,True,True,False,False,False,False,eligible_for_shift_screen
3955,17449,2L9E,True,True,True,False,False,False,False,eligible_for_shift_screen
3956,17450,2L9G,True,True,True,False,False,False,False,eligible_for_shift_screen
3957,17451,2L9J,True,True,True,False,False,False,False,eligible_for_shift_screen
3958,17453,2L9H,True,True,True,False,False,False,False,eligible_for_shift_screen
3959,17456,2LAU,True,True,True,False,False,False,False,eligible_for_shift_screen
3960,17458,2L9I,True,True,True,False,False,False,False,eligible_for_shift_screen
3961,17475,2Y9T,True,True,True,False,False,False,False,eligible_for_shift_screen
3962,17477,2L9L,True,True,True,False,False,False,False,eligible_for_shift_screen
3963,17478,2L9M,True,True,True,False,False,False,False,eligible_for_shift_screen
3964,17479,2L9N,True,True,True,False,False,False,False,eligible_for_shift_screen
3965,17481,2L9P,True,True,True,False,False,False,False,eligible_for_shift_screen
3966,17482,2L9Q,True,True,True,False,False,False,False,eligible_for_shift_screen
3967,17484,2L9R,True,True,True,False,False,False,False,eligible_for_shift_screen
3968,17485,2L9S,True,True,True,False,False,False,False,eligible_for_shift_screen
3969,17488,2L9U,True,True,True,False,False,False,False,eligible_for_shift_screen
3970,17489,2L9V,True,True,True,False,False,False,False,eligible_for_shift_screen
3971,17490,2L9W,True,True,True,False,False,False,False,eligible_for_shift_screen
3972,17492,2L9X,True,True,True,False,False,False,False,eligible_for_shift_screen
3973,17493,2L9Y,True,True,True,False,False,False,False,eligible_for_shift_screen
3974,17494,2L9Z,True,True,True,False,False,False,False,eligible_for_shift_screen
3975,17495,2LA0,True,True,True,False,False,False,False,eligible_for_shift_screen
3976,17500,2LA2,True,True,True,False,False,False,False,eligible_for_shift_screen
3977,17501,2LA3,True,True,True,False,False,False,False,eligible_for_shift_screen
3978,17502,2LA4,True,True,True,False,False,False,False,eligible_for_shift_screen
3979,17504,2LA5,True,True,True,False,False,False,False,eligible_for_shift_screen
3980,17508,2LA6,True,True,True,False,False,False,False,eligible_for_shift_screen
3981,17509,2LA7,True,True,True,False,False,False,False,eligible_for_shift_screen
3982,17512,2LZN,True,True,True,False,False,False,False,eligible_for_shift_screen
3983,17515,2LA8,True,True,True,False,False,False,False,eligible_for_shift_screen
3984,17517,2LA9,True,True,True,False,False,False,False,eligible_for_shift_screen
3985,17518,2LAA,True,True,True,False,False,False,False,eligible_for_shift_screen
3986,17519,2LAB,True,True,True,False,False,False,False,eligible_for_shift_screen
3987,17520,2LAC,True,True,True,False,False,False,False,eligible_for_shift_screen
3988,17521,2LAE,True,True,True,False,False,False,False,eligible_for_shift_screen
3989,17523,2LNC,True,True,True,False,False,False,False,eligible_for_shift_screen
3990,17524,2LAH,True,True,True,False,False,False,False,eligible_for_shift_screen
3991,17525,2LAI,True,True,True,False,False,False,False,eligible_for_shift_screen
3992,17529,2LAJ,True,True,True,False,False,False,False,eligible_for_shift_screen
3993,17530,2LAK,True,True,True,False,False,False,False,eligible_for_shift_screen
3994,17531,2LAM,True,True,True,False,False,False,False,eligible_for_shift_screen
3995,17532,2LAP,True,True,True,False,False,False,False,eligible_for_shift_screen
3996,17533,2LAQ,True,True,True,False,False,False,False,eligible_for_shift_screen
3997,17534,2LVL,True,True,True,False,False,False,False,eligible_for_shift_screen
3998,17535,2LAR,True,True,True,False,False,False,False,eligible_for_shift_screen
3999,17536,2LAS,True,True,True,False,False,False,False,eligible_for_shift_screen
4000,17537,2LAT,True,True,True,False,False,False,False,eligible_for_shift_screen
4001,17538,2LAW,True,True,True,False,False,False,False,eligible_for_shift_screen
4002,17539,2LAX,True,True,True,False,False,False,False,eligible_for_shift_screen
4003,17540,2LAY,True,True,True,False,False,False,False,eligible_for_shift_screen
4004,17541,2LAZ,True,True,True,False,False,False,False,eligible_for_shift_screen
4005,17542,2LB0,True,True,True,False,False,False,False,eligible_for_shift_screen
4006,17543,2LB1,True,True,True,False,False,False,False,eligible_for_shift_screen
4007,17544,2LB2,True,True,True,False,False,False,False,eligible_for_shift_screen
4008,17545,2LB3,True,True,True,False,False,False,False,eligible_for_shift_screen
4009,17546,2LB5,True,True,True,False,False,False,False,eligible_for_shift_screen
4010,17547,2LB7,True,True,True,False,False,False,False,eligible_for_shift_screen
4011,17551,2LBA,True,True,True,False,False,False,False,eligible_for_shift_screen
4012,17553,2LBB,True,True,True,False,False,False,False,eligible_for_shift_screen
4013,17554,2LBC,True,True,True,False,False,False,False,eligible_for_shift_screen
4014,17557,2LBF,True,True,True,False,False,False,False,eligible_for_shift_screen
4015,17558,2LBG,True,True,True,False,False,False,False,eligible_for_shift_screen
4016,17561,2LBH,True,True,True,False,False,False,False,eligible_for_shift_screen
4017,17562,2LBI,True,True,True,False,False,False,False,eligible_for_shift_screen
4018,17563,2LBJ,True,True,True,False,False,False,False,eligible_for_shift_screen
4019,17564,2LBK,True,True,True,False,False,False,False,eligible_for_shift_screen
4020,17565,2LBL,True,True,True,False,False,False,False,eligible_for_shift_screen
4021,17569,2LBM,True,True,True,False,False,False,False,eligible_for_shift_screen
4022,17571,2LBN,True,True,True,False,False,False,False,eligible_for_shift_screen
4023,17572,2LBQ,True,True,True,False,False,False,False,eligible_for_shift_screen
4024,17573,2LBR,True,True,True,False,False,False,False,eligible_for_shift_screen
4025,17574,2LBS,True,True,True,False,False,False,False,eligible_for_shift_screen
4026,17575,2LBT,True,True,True,False,False,False,False,eligible_for_shift_screen
4027,17576,2M3T,True,True,True,False,False,False,False,eligible_for_shift_screen
4028,17577,2LBV,True,True,True,False,False,False,False,eligible_for_shift_screen
4029,17578,2LBW,True,True,True,False,False,False,False,eligible_for_shift_screen
4030,17579,2LBX,True,True,True,False,False,False,False,eligible_for_shift_screen
4031,17580,2LBY,True,True,True,False,False,False,False,eligible_for_shift_screen
4032,17582,2M3U,True,True,True,False,False,False,False,eligible_for_shift_screen
4033,17583,2LBZ,True,True,True,False,False,False,False,eligible_for_shift_screen
4034,17584,2LMA,True,True,True,False,False,False,False,eligible_for_shift_screen
4035,17585,2LC0,True,True,True,False,False,False,False,eligible_for_shift_screen
4036,17586,2LC1,True,True,True,False,False,False,False,eligible_for_shift_screen
4037,17588,2LC2,True,True,True,False,False,False,False,eligible_for_shift_screen
4038,17594,2LC3,True,True,True,False,False,False,False,eligible_for_shift_screen
4039,17595,2LCQ,True,True,True,False,False,False,False,eligible_for_shift_screen
4040,17596,2LSH,True,True,True,False,False,False,False,eligible_for_shift_screen
4041,17598,2LC4,True,True,True,False,False,False,False,eligible_for_shift_screen
4042,17599,2LC6,True,True,True,False,False,False,False,eligible_for_shift_screen
4043,17600,2LC7,True,True,True,False,False,False,False,eligible_for_shift_screen
4044,17601,2LC8,True,True,True,False,False,False,False,eligible_for_shift_screen
4045,17603,2LC9,True,True,True,False,False,False,False,eligible_for_shift_screen
4046,17604,2LCB,True,True,True,False,False,False,False,eligible_for_shift_screen
4047,17606,2LCC,True,True,True,False,False,False,False,eligible_for_shift_screen
4048,17607,2MAM,True,True,True,False,False,False,False,eligible_for_shift_screen
4049,17608,2MBG,True,True,True,False,False,False,False,eligible_for_shift_screen
4050,17609,2LCE,True,True,True,False,False,False,False,eligible_for_shift_screen
4051,17610,2N46,True,True,True,False,False,False,False,eligible_for_shift_screen
4052,17611,2N4B,True,True,True,False,False,False,False,eligible_for_shift_screen
4053,17612,2LCH,True,True,True,False,False,False,False,eligible_for_shift_screen
4054,17613,2LCI,True,True,True,False,False,False,False,eligible_for_shift_screen
4055,17614,2LCK,True,True,True,False,False,False,False,eligible_for_shift_screen
4056,17615,2LCL,True,True,True,False,False,False,False,eligible_for_shift_screen
4057,17617,2LCM,True,True,True,False,False,False,False,eligible_for_shift_screen
4058,17618,2LCN,True,True,True,False,False,False,False,eligible_for_shift_screen
4059,17619,2LCO,True,True,True,False,False,False,False,eligible_for_shift_screen
4060,17621,2Y4Q,True,True,True,False,False,False,False,eligible_for_shift_screen
4061,17622,2YH0,True,True,True,False,False,False,False,eligible_for_shift_screen
4062,17623,2YH1,True,True,True,False,False,False,False,eligible_for_shift_screen
4063,17625,2YHH,True,True,True,False,False,False,False,eligible_for_shift_screen
4064,17628,2LCR,True,True,True,False,False,False,False,eligible_for_shift_screen
4065,17629,2LCS,True,True,True,False,False,False,False,eligible_for_shift_screen
4066,17632,2LCT,True,True,True,False,False,False,False,eligible_for_shift_screen
4067,17633,2LCU,True,True,True,False,False,False,False,eligible_for_shift_screen
4068,17634,2LCV,True,True,True,False,False,False,False,eligible_for_shift_screen
4069,17635,2LCW,True,True,True,False,False,False,False,eligible_for_shift_screen
4070,17636,2LV3,True,True,True,False,False,False,False,eligible_for_shift_screen
4071,17638,2LCY,True,True,True,False,False,False,False,eligible_for_shift_screen
4072,17639,2LCZ,True,True,True,False,False,False,False,eligible_for_shift_screen
4073,17642,2LD0,True,True,True,False,False,False,False,eligible_for_shift_screen
4074,17643,2MWG,True,True,True,False,False,False,False,eligible_for_shift_screen
4075,17644,2LD2,True,True,True,False,False,False,False,eligible_for_shift_screen
4076,17645,2LD3,True,True,True,False,False,False,False,eligible_for_shift_screen
4077,17646,2LD4,True,True,True,False,False,False,False,eligible_for_shift_screen
4078,17651,2LD6,True,True,True,False,False,False,False,eligible_for_shift_screen
4079,17653,2LD7,True,True,True,False,False,False,False,eligible_for_shift_screen
4080,17655,2LD8,True,True,True,False,False,False,False,eligible_for_shift_screen
4081,17657,2LDA,True,True,True,False,False,False,False,eligible_for_shift_screen
4082,17658,2LDC,True,True,True,False,False,False,False,eligible_for_shift_screen
4083,17659,2LDD,True,True,True,False,False,False,False,eligible_for_shift_screen
4084,17661,2LDE,True,True,True,False,False,False,False,eligible_for_shift_screen
4085,17662,2LDF,True,True,True,False,False,False,False,eligible_for_shift_screen
4086,17667,2LL4,True,True,True,False,False,False,False,eligible_for_shift_screen
4087,17668,2LDI,True,True,True,False,False,False,False,eligible_for_shift_screen
4088,17669,2LDJ,True,True,True,False,False,False,False,eligible_for_shift_screen
4089,17670,2LDK,True,True,True,False,False,False,False,eligible_for_shift_screen
4090,17671,2LDL,True,True,True,False,False,False,False,eligible_for_shift_screen
4091,17673,2LDM,True,True,True,False,False,False,False,eligible_for_shift_screen
4092,17679,2MKN,True,True,True,False,False,False,False,eligible_for_shift_screen
4093,17680,2LDR,True,True,True,False,False,False,False,eligible_for_shift_screen
4094,17681,2LDS,True,True,True,False,False,False,False,eligible_for_shift_screen
4095,17682,2LDT,True,True,True,False,False,False,False,eligible_for_shift_screen
4096,17683,2LDU,True,True,True,False,False,False,False,eligible_for_shift_screen
4097,17685,2LWX,True,True,True,False,False,False,False,eligible_for_shift_screen
4098,17686,2LDY,True,True,True,False,False,False,False,eligible_for_shift_screen
4099,17687,2LE0,True,True,True,False,False,False,False,eligible_for_shift_screen
4100,17688,2LE1,True,True,True,False,False,False,False,eligible_for_shift_screen
4101,17689,2LE2,True,True,True,False,False,False,False,eligible_for_shift_screen
4102,17690,2LE3,True,True,True,False,False,False,False,eligible_for_shift_screen
4103,17691,2LE4,True,True,True,False,False,False,False,eligible_for_shift_screen
4104,17693,2YKA,True,True,True,False,False,False,False,eligible_for_shift_screen
4105,17694,2LS6,True,True,True,False,False,False,False,eligible_for_shift_screen
4106,17697,2LE6,True,True,True,False,False,False,False,eligible_for_shift_screen
4107,17699,2LE7,True,True,True,False,False,False,False,eligible_for_shift_screen
4108,17701,3ZQD,True,True,True,False,False,False,False,eligible_for_shift_screen
4109,17702,2LE8,True,True,True,False,False,False,False,eligible_for_shift_screen
4110,17703,2LTR,True,True,True,False,False,False,False,eligible_for_shift_screen
4111,17703,2LTS,True,True,True,False,False,False,False,eligible_for_shift_screen
4112,17704,2LE9,True,True,True,False,False,False,False,eligible_for_shift_screen
4113,17705,2LEA,True,True,True,False,False,False,False,eligible_for_shift_screen
4114,17706,2LEB,True,True,True,False,False,False,False,eligible_for_shift_screen
4115,17707,2LEC,True,True,True,False,False,False,False,eligible_for_shift_screen
4116,17708,2LED,True,True,True,False,False,False,False,eligible_for_shift_screen
4117,17709,2LEE,True,True,True,False,False,False,False,eligible_for_shift_screen
4118,17710,2LEG,True,True,True,False,False,False,False,eligible_for_shift_screen
4119,17711,2LEH,True,True,True,False,False,False,False,eligible_for_shift_screen
4120,17713,4BF8,True,True,True,False,False,False,False,eligible_for_shift_screen
4121,17714,2LEJ,True,True,True,False,False,False,False,eligible_for_shift_screen
4122,17716,2LEL,True,True,True,False,False,False,False,eligible_for_shift_screen
4123,17717,2LEM,True,True,True,False,False,False,False,eligible_for_shift_screen
4124,17719,2LEO,True,True,True,False,False,False,False,eligible_for_shift_screen
4125,17720,2LEP,True,True,True,False,False,False,False,eligible_for_shift_screen
4126,17723,2LEQ,True,True,True,False,False,False,False,eligible_for_shift_screen
4127,17726,2LER,True,True,True,False,False,False,False,eligible_for_shift_screen
4128,17727,2LES,True,True,True,False,False,False,False,eligible_for_shift_screen
4129,17729,2LEV,True,True,True,False,False,False,False,eligible_for_shift_screen
4130,17731,2LEW,True,True,True,False,False,False,False,eligible_for_shift_screen
4131,17732,2LEX,True,True,True,False,False,False,False,eligible_for_shift_screen
4132,17733,2LEY,True,True,True,False,False,False,False,eligible_for_shift_screen
4133,17734,2LEZ,True,True,True,False,False,False,False,eligible_for_shift_screen
4134,17735,2LF0,True,True,True,False,False,False,False,eligible_for_shift_screen
4135,17736,2LF2,True,True,True,False,False,False,False,eligible_for_shift_screen
4136,17737,2LF3,True,True,True,False,False,False,False,eligible_for_shift_screen
4137,17738,2LF4,True,True,True,False,False,False,False,eligible_for_shift_screen
4138,17739,2LF6,True,True,True,False,False,False,False,eligible_for_shift_screen
4139,17741,2LF7,True,True,True,False,False,False,False,eligible_for_shift_screen
4140,17742,2LF8,True,True,True,False,False,False,False,eligible_for_shift_screen
4141,17745,2LSN,True,True,True,False,False,False,False,eligible_for_shift_screen
4142,17746,2LFA,True,True,True,False,False,False,False,eligible_for_shift_screen
4143,17747,2LFC,True,True,True,False,False,False,False,eligible_for_shift_screen
4144,17749,2LFD,True,True,True,False,False,False,False,eligible_for_shift_screen
4145,17750,2LFE,True,True,True,False,False,False,False,eligible_for_shift_screen
4146,17751,2LFF,True,True,True,False,False,False,False,eligible_for_shift_screen
4147,17752,2LFG,True,True,True,False,False,False,False,eligible_for_shift_screen
4148,17753,2LFH,True,True,True,False,False,False,False,eligible_for_shift_screen
4149,17754,2LFI,True,True,True,False,False,False,False,eligible_for_shift_screen
4150,17762,2LFJ,True,True,True,False,False,False,False,eligible_for_shift_screen
4151,17763,2LFK,True,True,True,False,False,False,False,eligible_for_shift_screen
4152,17764,2LFM,True,True,True,False,False,False,False,eligible_for_shift_screen
4153,17765,2LFN,True,True,True,False,False,False,False,eligible_for_shift_screen
4154,17767,2LFO,True,True,True,False,False,False,False,eligible_for_shift_screen
4155,17768,2LFP,True,True,True,False,False,False,False,eligible_for_shift_screen
4156,17771,2M0J,True,True,True,False,False,False,False,eligible_for_shift_screen
4157,17771,2M0K,True,True,True,False,False,False,False,eligible_for_shift_screen
4158,17772,3ZTG,True,True,True,False,False,False,False,eligible_for_shift_screen
4159,17775,2LFR,True,True,True,False,False,False,False,eligible_for_shift_screen
4160,17776,2LFS,True,True,True,False,False,False,False,eligible_for_shift_screen
4161,17779,2LFL,True,True,True,False,False,False,False,eligible_for_shift_screen
4162,17780,2LFT,True,True,True,False,False,False,False,eligible_for_shift_screen
4163,17783,2LFV,True,True,True,False,False,False,False,eligible_for_shift_screen
4164,17784,2LFW,True,True,True,False,False,False,False,eligible_for_shift_screen
4165,17786,2LFX,True,True,True,False,False,False,False,eligible_for_shift_screen
4166,17787,2LFY,True,True,True,False,False,False,False,eligible_for_shift_screen
4167,17789,2LG0,True,True,True,False,False,False,False,eligible_for_shift_screen
4168,17790,2LG2,True,True,True,False,False,False,False,eligible_for_shift_screen
4169,17791,2LG3,True,True,True,False,False,False,False,eligible_for_shift_screen
4170,17792,2LG4,True,True,True,False,False,False,False,eligible_for_shift_screen
4171,17797,2LG5,True,True,True,False,False,False,False,eligible_for_shift_screen
4172,17798,2LG6,True,True,True,False,False,False,False,eligible_for_shift_screen
4173,17799,2LG7,True,True,True,False,False,False,False,eligible_for_shift_screen
4174,17803,2LGB,True,True,True,False,False,False,False,eligible_for_shift_screen
4175,17805,2LGD,True,True,True,False,False,False,False,eligible_for_shift_screen
4176,17806,2LGE,True,True,True,False,False,False,False,eligible_for_shift_screen
4177,17807,2LGF,True,True,True,False,False,False,False,eligible_for_shift_screen
4178,17808,2LGG,True,True,True,False,False,False,False,eligible_for_shift_screen
4179,17809,2LGH,True,True,True,False,False,False,False,eligible_for_shift_screen
4180,17810,2LGI,True,True,True,False,False,False,False,eligible_for_shift_screen
4181,17811,2LGJ,True,True,True,False,False,False,False,eligible_for_shift_screen
4182,17812,2LGK,True,True,True,False,False,False,False,eligible_for_shift_screen
4183,17813,2LGL,True,True,True,False,False,False,False,eligible_for_shift_screen
4184,17814,2LGM,True,True,True,False,False,False,False,eligible_for_shift_screen
4185,17816,2LGN,True,True,True,False,False,False,False,eligible_for_shift_screen
4186,17818,2LGO,True,True,True,False,False,False,False,eligible_for_shift_screen
4187,17821,2LGQ,True,True,True,False,False,False,False,eligible_for_shift_screen
4188,17822,2LGT,True,True,True,False,False,False,False,eligible_for_shift_screen
4189,17824,2LGV,True,True,True,False,False,False,False,eligible_for_shift_screen
4190,17825,2LGW,True,True,True,False,False,False,False,eligible_for_shift_screen
4191,17827,2LGX,True,True,True,False,False,False,False,eligible_for_shift_screen
4192,17828,2LGY,True,True,True,False,False,False,False,eligible_for_shift_screen
4193,17832,2LH0,True,True,True,False,False,False,False,eligible_for_shift_screen
4194,17833,2N4I,True,True,True,False,False,False,False,eligible_for_shift_screen
4195,17834,2LH8,True,True,True,False,False,False,False,eligible_for_shift_screen
4196,17835,2LH9,True,True,True,False,False,False,False,eligible_for_shift_screen
4197,17838,2LHA,True,True,True,False,False,False,False,eligible_for_shift_screen
4198,17839,2LHC,True,True,True,False,False,False,False,eligible_for_shift_screen
4199,17840,2LHD,True,True,True,False,False,False,False,eligible_for_shift_screen
4200,17841,2LHE,True,True,True,False,False,False,False,eligible_for_shift_screen
4201,17842,2LHF,True,True,True,False,False,False,False,eligible_for_shift_screen
4202,17843,2LHG,True,True,True,False,False,False,False,eligible_for_shift_screen
4203,17849,2LHH,True,True,True,False,False,False,False,eligible_for_shift_screen
4204,17850,2LHI,True,True,True,False,False,False,False,eligible_for_shift_screen
4205,17855,2LHJ,True,True,True,False,False,False,False,eligible_for_shift_screen
4206,17856,2LHK,True,True,True,False,False,False,False,eligible_for_shift_screen
4207,17857,2M3W,True,True,True,False,False,False,False,eligible_for_shift_screen
4208,17858,2LHN,True,True,True,False,False,False,False,eligible_for_shift_screen
4209,17859,2LHO,True,True,True,False,False,False,False,eligible_for_shift_screen
4210,17860,2LHP,True,True,True,False,False,False,False,eligible_for_shift_screen
4211,17862,2LHR,True,True,True,False,False,False,False,eligible_for_shift_screen
4212,17865,2LHT,True,True,True,False,False,False,False,eligible_for_shift_screen
4213,17867,2LHU,True,True,True,False,False,False,False,eligible_for_shift_screen
4214,17868,2LHV,True,True,True,False,False,False,False,eligible_for_shift_screen
4215,17869,2LHW,True,True,True,False,False,False,False,eligible_for_shift_screen
4216,17870,2LHX,True,True,True,False,False,False,False,eligible_for_shift_screen
4217,17871,2LHY,True,True,True,False,False,False,False,eligible_for_shift_screen
4218,17872,2LHZ,True,True,True,False,False,False,False,eligible_for_shift_screen
4219,17873,2LI0,True,True,True,False,False,False,False,eligible_for_shift_screen
4220,17874,2LI1,True,True,True,False,False,False,False,eligible_for_shift_screen
4221,17875,2LI2,True,True,True,False,False,False,False,eligible_for_shift_screen
4222,17877,2LI4,True,True,True,False,False,False,False,eligible_for_shift_screen
4223,17879,2LI5,True,True,True,False,False,False,False,eligible_for_shift_screen
4224,17880,2LI6,True,True,True,False,False,False,False,eligible_for_shift_screen
4225,17882,2LI7,True,True,True,False,False,False,False,eligible_for_shift_screen
4226,17883,2LI8,True,True,True,False,False,False,False,eligible_for_shift_screen
4227,17884,2LI9,True,True,True,False,False,False,False,eligible_for_shift_screen
4228,17885,2LIA,True,True,True,False,False,False,False,eligible_for_shift_screen
4229,17886,2M5R,True,True,True,False,False,False,False,eligible_for_shift_screen
4230,17887,2LIB,True,True,True,False,False,False,False,eligible_for_shift_screen
4231,17888,2LIC,True,True,True,False,False,False,False,eligible_for_shift_screen
4232,17889,2LID,True,True,True,False,False,False,False,eligible_for_shift_screen
4233,17890,2LIE,True,True,True,False,False,False,False,eligible_for_shift_screen
4234,17891,2LIF,True,True,True,False,False,False,False,eligible_for_shift_screen
4235,17892,2LYJ,True,True,True,False,False,False,False,eligible_for_shift_screen
4236,17893,2LYK,True,True,True,False,False,False,False,eligible_for_shift_screen
4237,17894,2LYL,True,True,True,False,False,False,False,eligible_for_shift_screen
4238,17895,2LYP,True,True,True,False,False,False,False,eligible_for_shift_screen
4239,17896,2LYQ,True,True,True,False,False,False,False,eligible_for_shift_screen
4240,17897,2LYR,True,True,True,False,False,False,False,eligible_for_shift_screen
4241,17898,2LYS,True,True,True,False,False,False,False,eligible_for_shift_screen
4242,17899,2MU3,True,True,True,False,False,False,False,eligible_for_shift_screen
4243,17900,2LIO,True,True,True,False,False,False,False,eligible_for_shift_screen
4244,17902,2LIQ,True,True,True,False,False,False,False,eligible_for_shift_screen
4245,17903,2LIR,True,True,True,False,False,False,False,eligible_for_shift_screen
4246,17904,2LIT,True,True,True,False,False,False,False,eligible_for_shift_screen
4247,17906,2LIU,True,True,True,False,False,False,False,eligible_for_shift_screen
4248,17907,2LIW,True,True,True,False,False,False,False,eligible_for_shift_screen
4249,17908,2LIX,True,True,True,False,False,False,False,eligible_for_shift_screen
4250,17911,2LIZ,True,True,True,False,False,False,False,eligible_for_shift_screen
4251,17912,2LJ0,True,True,True,False,False,False,False,eligible_for_shift_screen
4252,17913,2LJ1,True,True,True,False,False,False,False,eligible_for_shift_screen
4253,17914,2LJ2,True,True,True,False,False,False,False,eligible_for_shift_screen
4254,17915,2LJ3,True,True,True,False,False,False,False,eligible_for_shift_screen
4255,17918,2LJ4,True,True,True,False,False,False,False,eligible_for_shift_screen
4256,17919,2LJ5,True,True,True,False,False,False,False,eligible_for_shift_screen
4257,17923,2LJ7,True,True,True,False,False,False,False,eligible_for_shift_screen
4258,17926,2LJ9,True,True,True,False,False,False,False,eligible_for_shift_screen
4259,17927,2LJA,True,True,True,False,False,False,False,eligible_for_shift_screen
4260,17928,2LJB,True,True,True,False,False,False,False,eligible_for_shift_screen
4261,17929,2LJC,True,True,True,False,False,False,False,eligible_for_shift_screen
4262,17930,2LJD,True,True,True,False,False,False,False,eligible_for_shift_screen
4263,17931,2LJE,True,True,True,False,False,False,False,eligible_for_shift_screen
4264,17932,2LJF,True,True,True,False,False,False,False,eligible_for_shift_screen
4265,17934,2M38,True,True,True,False,False,False,False,eligible_for_shift_screen
4266,17935,2LXN,True,True,True,False,False,False,False,eligible_for_shift_screen
4267,17936,2LJH,True,True,True,False,False,False,False,eligible_for_shift_screen
4268,17937,2M02,True,True,True,False,False,False,False,eligible_for_shift_screen
4269,17939,2LJI,True,True,True,False,False,False,False,eligible_for_shift_screen
4270,17941,2LJJ,True,True,True,False,False,False,False,eligible_for_shift_screen
4271,17942,2M3M,True,True,True,False,False,False,False,eligible_for_shift_screen
4272,17948,2LJL,True,True,True,False,False,False,False,eligible_for_shift_screen
4273,17949,2LJM,True,True,True,False,False,False,False,eligible_for_shift_screen
4274,17952,2LJP,True,True,True,False,False,False,False,eligible_for_shift_screen
4275,17953,4A1M,True,True,True,False,False,False,False,eligible_for_shift_screen
4276,17955,2LJQ,True,True,True,False,False,False,False,eligible_for_shift_screen
4277,17956,2LJS,True,True,True,False,False,False,False,eligible_for_shift_screen
4278,17957,2LT2,True,True,True,False,False,False,False,eligible_for_shift_screen
4279,17958,2LJT,True,True,True,False,False,False,False,eligible_for_shift_screen
4280,17961,2LKR,True,True,True,False,False,False,False,eligible_for_shift_screen
4281,17962,2LJU,True,True,True,False,False,False,False,eligible_for_shift_screen
4282,17963,2LJV,True,True,True,False,False,False,False,eligible_for_shift_screen
4283,17965,2LJW,True,True,True,False,False,False,False,eligible_for_shift_screen
4284,17967,2LJX,True,True,True,False,False,False,False,eligible_for_shift_screen
4285,17968,2LJY,True,True,True,False,False,False,False,eligible_for_shift_screen
4286,17969,2LK0,True,True,True,False,False,False,False,eligible_for_shift_screen
4287,17970,2LK1,True,True,True,False,False,False,False,eligible_for_shift_screen
4288,17971,2LK2,True,True,True,False,False,False,False,eligible_for_shift_screen
4289,17972,2LK3,True,True,True,False,False,False,False,eligible_for_shift_screen
4290,17973,2LT5,True,True,True,False,False,False,False,eligible_for_shift_screen
4291,17974,2LK4,True,True,True,False,False,False,False,eligible_for_shift_screen
4292,17978,2N4O,True,True,True,False,False,False,False,eligible_for_shift_screen
4293,17979,2LK5,True,True,True,False,False,False,False,eligible_for_shift_screen
4294,17980,2LK7,True,True,True,False,False,False,False,eligible_for_shift_screen
4295,17985,2LK9,True,True,True,False,False,False,False,eligible_for_shift_screen
4296,17987,2LO7,True,True,True,False,False,False,False,eligible_for_shift_screen
4297,17988,2LKB,True,True,True,False,False,False,False,eligible_for_shift_screen
4298,17989,2LW1,True,True,True,False,False,False,False,eligible_for_shift_screen
4299,17990,2LKJ,True,True,True,False,False,False,False,eligible_for_shift_screen
4300,17991,2LKG,True,True,True,False,False,False,False,eligible_for_shift_screen
4301,17992,2LKH,True,True,True,False,False,False,False,eligible_for_shift_screen
4302,17993,2LQ4,True,True,True,False,False,False,False,eligible_for_shift_screen
4303,17995,2LKI,True,True,True,False,False,False,False,eligible_for_shift_screen
4304,17997,2LK6,True,True,True,False,False,False,False,eligible_for_shift_screen
4305,18000,2LKM,True,True,True,False,False,False,False,eligible_for_shift_screen
4306,18001,2LKN,True,True,True,False,False,False,False,eligible_for_shift_screen
4307,18002,2LKO,True,True,True,False,False,False,False,eligible_for_shift_screen
4308,18003,2LKP,True,True,True,False,False,False,False,eligible_for_shift_screen
4309,18004,4A24,True,True,True,False,False,False,False,eligible_for_shift_screen
4310,18005,4A4E,True,True,True,False,False,False,False,eligible_for_shift_screen
4311,18006,4A4F,True,True,True,False,False,False,False,eligible_for_shift_screen
4312,18007,4A4G,True,True,True,False,False,False,False,eligible_for_shift_screen
4313,18008,4A4H,True,True,True,False,False,False,False,eligible_for_shift_screen
4314,18009,2LKQ,True,True,True,False,False,False,False,eligible_for_shift_screen
4315,18010,2LKS,True,True,True,False,False,False,False,eligible_for_shift_screen
4316,18011,2LVV,True,True,True,False,False,False,False,eligible_for_shift_screen
4317,18012,2LKT,True,True,True,False,False,False,False,eligible_for_shift_screen
4318,18013,2LKV,True,True,True,False,False,False,False,eligible_for_shift_screen
4319,18014,2LKW,True,True,True,False,False,False,False,eligible_for_shift_screen
4320,18015,2LKX,True,True,True,False,False,False,False,eligible_for_shift_screen
4321,18016,2LKY,True,True,True,False,False,False,False,eligible_for_shift_screen
4322,18017,2LKZ,True,True,True,False,False,False,False,eligible_for_shift_screen
4323,18018,2LL0,True,True,True,False,False,False,False,eligible_for_shift_screen
4324,18019,2LL1,True,True,True,False,False,False,False,eligible_for_shift_screen
4325,18022,2LL2,True,True,True,False,False,False,False,eligible_for_shift_screen
4326,18023,2LL5,True,True,True,False,False,False,False,eligible_for_shift_screen
4327,18027,2LL6,True,True,True,False,False,False,False,eligible_for_shift_screen
4328,18028,2LL7,True,True,True,False,False,False,False,eligible_for_shift_screen
4329,18032,2LL8,True,True,True,False,False,False,False,eligible_for_shift_screen
4330,18034,4A4T,True,True,True,False,False,False,False,eligible_for_shift_screen
4331,18035,4A4U,True,True,True,False,False,False,False,eligible_for_shift_screen
4332,18036,4A4S,True,True,True,False,False,False,False,eligible_for_shift_screen
4333,18037,4A52,True,True,True,False,False,False,False,eligible_for_shift_screen
4334,18039,4A5V,True,True,True,False,False,False,False,eligible_for_shift_screen
4335,18040,2LL9,True,True,True,False,False,False,False,eligible_for_shift_screen
4336,18041,4A53,True,True,True,False,False,False,False,eligible_for_shift_screen
4337,18042,4A54,True,True,True,False,False,False,False,eligible_for_shift_screen
4338,18043,2LLD,True,True,True,False,False,False,False,eligible_for_shift_screen
4339,18044,2LLE,True,True,True,False,False,False,False,eligible_for_shift_screen
4340,18045,8ONG,True,True,True,False,False,False,False,eligible_for_shift_screen
4341,18046,2LLF,True,True,True,False,False,False,False,eligible_for_shift_screen
4342,18047,2LLG,True,True,True,False,False,False,False,eligible_for_shift_screen
4343,18048,2LLH,True,True,True,False,False,False,False,eligible_for_shift_screen
4344,18049,2LLI,True,True,True,False,False,False,False,eligible_for_shift_screen
4345,18050,2LLJ,True,True,True,False,False,False,False,eligible_for_shift_screen
4346,18051,2LLK,True,True,True,False,False,False,False,eligible_for_shift_screen
4347,18053,2LLL,True,True,True,False,False,False,False,eligible_for_shift_screen
4348,18079,4A4R,True,True,True,False,False,False,False,eligible_for_shift_screen
4349,18080,2LLM,True,True,True,False,False,False,False,eligible_for_shift_screen
4350,18081,2LLN,True,True,True,False,False,False,False,eligible_for_shift_screen
4351,18082,2LLO,True,True,True,False,False,False,False,eligible_for_shift_screen
4352,18083,2LLP,True,True,True,False,False,False,False,eligible_for_shift_screen
4353,18084,2LLQ,True,True,True,False,False,False,False,eligible_for_shift_screen
4354,18085,2LLR,True,True,True,False,False,False,False,eligible_for_shift_screen
4355,18086,2LLZ,True,True,True,False,False,False,False,eligible_for_shift_screen
4356,18087,2LLS,True,True,True,False,False,False,False,eligible_for_shift_screen
4357,18088,2LLT,True,True,True,False,False,False,False,eligible_for_shift_screen
4358,18089,2LLU,True,True,True,False,False,False,False,eligible_for_shift_screen
4359,18090,2LLV,True,True,True,False,False,False,False,eligible_for_shift_screen
4360,18091,2LLW,True,True,True,False,False,False,False,eligible_for_shift_screen
4361,18092,2LLX,True,True,True,False,False,False,False,eligible_for_shift_screen
4362,18093,2LLY,True,True,True,False,False,False,False,eligible_for_shift_screen
4363,18094,2LM0,True,True,True,False,False,False,False,eligible_for_shift_screen
4364,18095,2LM1,True,True,True,False,False,False,False,eligible_for_shift_screen
4365,18096,2LM2,True,True,True,False,False,False,False,eligible_for_shift_screen
4366,18097,2LM3,True,True,True,False,False,False,False,eligible_for_shift_screen
4367,18098,2LM4,True,True,True,False,False,False,False,eligible_for_shift_screen
4368,18099,2LM5,True,True,True,False,False,False,False,eligible_for_shift_screen
4369,18102,2LM8,True,True,True,False,False,False,False,eligible_for_shift_screen
4370,18107,2LM9,True,True,True,False,False,False,False,eligible_for_shift_screen
4371,18108,2LME,True,True,True,False,False,False,False,eligible_for_shift_screen
4372,18110,2LMB,True,True,True,False,False,False,False,eligible_for_shift_screen
4373,18111,2LMC,True,True,True,False,False,False,False,eligible_for_shift_screen
4374,18112,2LMD,True,True,True,False,False,False,False,eligible_for_shift_screen
4375,18113,2MBX,True,True,True,False,False,False,False,eligible_for_shift_screen
4376,18114,2LMF,True,True,True,False,False,False,False,eligible_for_shift_screen
4377,18115,2LMG,True,True,True,False,False,False,False,eligible_for_shift_screen
4378,18118,2LMI,True,True,True,False,False,False,False,eligible_for_shift_screen
4379,18119,2LMJ,True,True,True,False,False,False,False,eligible_for_shift_screen
4380,18121,2LT4,True,True,True,False,False,False,False,eligible_for_shift_screen
4381,18125,2MF6,True,True,True,False,False,False,False,eligible_for_shift_screen
4382,18126,2LR2,True,True,True,False,False,False,False,eligible_for_shift_screen
4383,18127,2LMN,True,True,True,False,False,False,False,eligible_for_shift_screen
4384,18128,2LMO,True,True,True,False,False,False,False,eligible_for_shift_screen
4385,18129,2LMP,True,True,True,False,False,False,False,eligible_for_shift_screen
4386,18130,2LRC,True,True,True,False,False,False,False,eligible_for_shift_screen
4387,18131,2LMQ,True,True,True,False,False,False,False,eligible_for_shift_screen
4388,18132,4AAI,True,True,True,False,False,False,False,eligible_for_shift_screen
4389,18134,2LMR,True,True,True,False,False,False,False,eligible_for_shift_screen
4390,18135,2LMS,True,True,True,False,False,False,False,eligible_for_shift_screen
4391,18141,2LMZ,True,True,True,False,False,False,False,eligible_for_shift_screen
4392,18142,2LN0,True,True,True,False,False,False,False,eligible_for_shift_screen
4393,18145,2LN3,True,True,True,False,False,False,False,eligible_for_shift_screen
4394,18146,2LN4,True,True,True,False,False,False,False,eligible_for_shift_screen
4395,18151,2LWJ,True,True,True,False,False,False,False,eligible_for_shift_screen
4396,18152,2LN7,True,True,True,False,False,False,False,eligible_for_shift_screen
4397,18153,2LN8,True,True,True,False,False,False,False,eligible_for_shift_screen
4398,18156,2LNA,True,True,True,False,False,False,False,eligible_for_shift_screen
4399,18158,2LNB,True,True,True,False,False,False,False,eligible_for_shift_screen
4400,18159,2YOM,True,True,True,False,False,False,False,eligible_for_shift_screen
4401,18160,2YON,True,True,True,False,False,False,False,eligible_for_shift_screen
4402,18161,2LND,True,True,True,False,False,False,False,eligible_for_shift_screen
4403,18162,2LNE,True,True,True,False,False,False,False,eligible_for_shift_screen
4404,18163,2LNF,True,True,True,False,False,False,False,eligible_for_shift_screen
4405,18164,2LNG,True,True,True,False,False,False,False,eligible_for_shift_screen
4406,18165,2LNH,True,True,True,False,False,False,False,eligible_for_shift_screen
4407,18166,2LNI,True,True,True,False,False,False,False,eligible_for_shift_screen
4408,18167,2LNJ,True,True,True,False,False,False,False,eligible_for_shift_screen
4409,18169,2LNK,True,True,True,False,False,False,False,eligible_for_shift_screen
4410,18170,2LNL,True,True,True,False,False,False,False,eligible_for_shift_screen
4411,18171,2LNM,True,True,True,False,False,False,False,eligible_for_shift_screen
4412,18175,2LNQ,True,True,True,False,False,False,False,eligible_for_shift_screen
4413,18178,2LNS,True,True,True,False,False,False,False,eligible_for_shift_screen
4414,18179,2LNT,True,True,True,False,False,False,False,eligible_for_shift_screen
4415,18180,2LNU,True,True,True,False,False,False,False,eligible_for_shift_screen
4416,18181,2LNV,True,True,True,False,False,False,False,eligible_for_shift_screen
4417,18182,2LNW,True,True,True,False,False,False,False,eligible_for_shift_screen
4418,18183,2LNX,True,True,True,False,False,False,False,eligible_for_shift_screen
4419,18184,2LNY,True,True,True,False,False,False,False,eligible_for_shift_screen
4420,18186,2LNZ,True,True,True,False,False,False,False,eligible_for_shift_screen
4421,18187,2LO0,True,True,True,False,False,False,False,eligible_for_shift_screen
4422,18190,2LO1,True,True,True,False,False,False,False,eligible_for_shift_screen
4423,18191,2LO2,True,True,True,False,False,False,False,eligible_for_shift_screen
4424,18192,2LO3,True,True,True,False,False,False,False,eligible_for_shift_screen
4425,18193,2LQK,True,True,True,False,False,False,False,eligible_for_shift_screen
4426,18194,2LT1,True,True,True,False,False,False,False,eligible_for_shift_screen
4427,18195,2LO4,True,True,True,False,False,False,False,eligible_for_shift_screen
4428,18199,2LO5,True,True,True,False,False,False,False,eligible_for_shift_screen
4429,18199,2LO8,True,True,True,False,False,False,False,eligible_for_shift_screen
4430,18199,2LOA,True,True,True,False,False,False,False,eligible_for_shift_screen
4431,18200,2MLK,True,True,True,False,False,False,False,eligible_for_shift_screen
4432,18201,2M5J,True,True,True,False,False,False,False,eligible_for_shift_screen
4433,18203,2LO9,True,True,True,False,False,False,False,eligible_for_shift_screen
4434,18205,2LOB,True,True,True,False,False,False,False,eligible_for_shift_screen
4435,18206,2LOC,True,True,True,False,False,False,False,eligible_for_shift_screen
4436,18209,2LOD,True,True,True,False,False,False,False,eligible_for_shift_screen
4437,18210,2LOE,True,True,True,False,False,False,False,eligible_for_shift_screen
4438,18211,2LY2,True,True,True,False,False,False,False,eligible_for_shift_screen
4439,18214,2LOJ,True,True,True,False,False,False,False,eligible_for_shift_screen
4440,18215,2LOK,True,True,True,False,False,False,False,eligible_for_shift_screen
4441,18216,2LOL,True,True,True,False,False,False,False,eligible_for_shift_screen
4442,18217,2LOM,True,True,True,False,False,False,False,eligible_for_shift_screen
4443,18218,2LON,True,True,True,False,False,False,False,eligible_for_shift_screen
4444,18219,2LOO,True,True,True,False,False,False,False,eligible_for_shift_screen
4445,18220,2LOP,True,True,True,False,False,False,False,eligible_for_shift_screen
4446,18221,2LOQ,True,True,True,False,False,False,False,eligible_for_shift_screen
4447,18222,2LOR,True,True,True,False,False,False,False,eligible_for_shift_screen
4448,18223,2LOS,True,True,True,False,False,False,False,eligible_for_shift_screen
4449,18224,2LOT,True,True,True,False,False,False,False,eligible_for_shift_screen
4450,18225,2LOU,True,True,True,False,False,False,False,eligible_for_shift_screen
4451,18226,2LOV,True,True,True,False,False,False,False,eligible_for_shift_screen
4452,18227,2LOW,True,True,True,False,False,False,False,eligible_for_shift_screen
4453,18228,2M3V,True,True,True,False,False,False,False,eligible_for_shift_screen
4454,18229,2LOX,True,True,True,False,False,False,False,eligible_for_shift_screen
4455,18230,2LP2,True,True,True,False,False,False,False,eligible_for_shift_screen
4456,18231,2LP3,True,True,True,False,False,False,False,eligible_for_shift_screen
4457,18234,2LP4,True,True,True,False,False,False,False,eligible_for_shift_screen
4458,18237,2LP7,True,True,True,False,False,False,False,eligible_for_shift_screen
4459,18238,2LP8,True,True,True,False,False,False,False,eligible_for_shift_screen
4460,18239,2LP9,True,True,True,False,False,False,False,eligible_for_shift_screen
4461,18240,2LPA,True,True,True,False,False,False,False,eligible_for_shift_screen
4462,18242,2M5V,True,True,True,False,False,False,False,eligible_for_shift_screen
4463,18244,2LPB,True,True,True,False,False,False,False,eligible_for_shift_screen
4464,18250,2LPC,True,True,True,False,False,False,False,eligible_for_shift_screen
4465,18255,2LPD,True,True,True,False,False,False,False,eligible_for_shift_screen
4466,18256,2LPF,True,True,True,False,False,False,False,eligible_for_shift_screen
4467,18261,2LPI,True,True,True,False,False,False,False,eligible_for_shift_screen
4468,18262,2LPJ,True,True,True,False,False,False,False,eligible_for_shift_screen
4469,18263,2LPK,True,True,True,False,False,False,False,eligible_for_shift_screen
4470,18263,7TZD,True,True,True,False,False,False,False,eligible_for_shift_screen
4471,18269,2LPN,True,True,True,False,False,False,False,eligible_for_shift_screen
4472,18276,2MEX,True,True,True,False,False,False,False,eligible_for_shift_screen
4473,18277,2LPU,True,True,True,False,False,False,False,eligible_for_shift_screen
4474,18278,2LPV,True,True,True,False,False,False,False,eligible_for_shift_screen
4475,18279,2LPW,True,True,True,False,False,False,False,eligible_for_shift_screen
4476,18281,2LPX,True,True,True,False,False,False,False,eligible_for_shift_screen
4477,18283,2LRV,True,True,True,False,False,False,False,eligible_for_shift_screen
4478,18284,2LQ0,True,True,True,False,False,False,False,eligible_for_shift_screen
4479,18286,2LQ1,True,True,True,False,False,False,False,eligible_for_shift_screen
4480,18289,2LQ2,True,True,True,False,False,False,False,eligible_for_shift_screen
4481,18290,2LQ3,True,True,True,False,False,False,False,eligible_for_shift_screen
4482,18292,2LQ5,True,True,True,False,False,False,False,eligible_for_shift_screen
4483,18296,2LQ6,True,True,True,False,False,False,False,eligible_for_shift_screen
4484,18297,2LQ7,True,True,True,False,False,False,False,eligible_for_shift_screen
4485,18298,2LQ8,True,True,True,False,False,False,False,eligible_for_shift_screen
4486,18299,2LQ9,True,True,True,False,False,False,False,eligible_for_shift_screen
4487,18300,2LQA,True,True,True,False,False,False,False,eligible_for_shift_screen
4488,18301,2LQB,True,True,True,False,False,False,False,eligible_for_shift_screen
4489,18302,2LQC,True,True,True,False,False,False,False,eligible_for_shift_screen
4490,18313,2LQG,True,True,True,False,False,False,False,eligible_for_shift_screen
4491,18314,2LQH,True,True,True,False,False,False,False,eligible_for_shift_screen
4492,18315,2LQI,True,True,True,False,False,False,False,eligible_for_shift_screen
4493,18316,2LQJ,True,True,True,False,False,False,False,eligible_for_shift_screen
4494,18318,2LQL,True,True,True,False,False,False,False,eligible_for_shift_screen
4495,18320,2LQM,True,True,True,False,False,False,False,eligible_for_shift_screen
4496,18321,2LQN,True,True,True,False,False,False,False,eligible_for_shift_screen
4497,18322,2LQO,True,True,True,False,False,False,False,eligible_for_shift_screen
4498,18323,2LQP,True,True,True,False,False,False,False,eligible_for_shift_screen
4499,18325,2LQQ,True,True,True,False,False,False,False,eligible_for_shift_screen
4500,18328,2LQT,True,True,True,False,False,False,False,eligible_for_shift_screen
4501,18329,2LQU,True,True,True,False,False,False,False,eligible_for_shift_screen
4502,18332,2LQV,True,True,True,False,False,False,False,eligible_for_shift_screen
4503,18333,2LQW,True,True,True,False,False,False,False,eligible_for_shift_screen
4504,18334,2LQX,True,True,True,False,False,False,False,eligible_for_shift_screen
4505,18335,2LQY,True,True,True,False,False,False,False,eligible_for_shift_screen
4506,18336,2LQZ,True,True,True,False,False,False,False,eligible_for_shift_screen
4507,18337,2LR0,True,True,True,False,False,False,False,eligible_for_shift_screen
4508,18338,2LUW,True,True,True,False,False,False,False,eligible_for_shift_screen
4509,18340,2LR1,True,True,True,False,False,False,False,eligible_for_shift_screen
4510,18341,4ASV,True,True,True,False,False,False,False,eligible_for_shift_screen
4511,18342,4ASW,True,True,True,False,False,False,False,eligible_for_shift_screen
4512,18345,2LR3,True,True,True,False,False,False,False,eligible_for_shift_screen
4513,18346,2LR4,True,True,True,False,False,False,False,eligible_for_shift_screen
4514,18347,2LR5,True,True,True,False,False,False,False,eligible_for_shift_screen
4515,18349,2LR6,True,True,True,False,False,False,False,eligible_for_shift_screen
4516,18350,2LR7,True,True,True,False,False,False,False,eligible_for_shift_screen
4517,18351,4AOG,True,True,True,False,False,False,False,eligible_for_shift_screen
4518,18352,2LR8,True,True,True,False,False,False,False,eligible_for_shift_screen
4519,18354,2LR9,True,True,True,False,False,False,False,eligible_for_shift_screen
4520,18355,2LRA,True,True,True,False,False,False,False,eligible_for_shift_screen
4521,18356,2MP4,True,True,True,False,False,False,False,eligible_for_shift_screen
4522,18357,2LRD,True,True,True,False,False,False,False,eligible_for_shift_screen
4523,18358,2LRE,True,True,True,False,False,False,False,eligible_for_shift_screen
4524,18363,2MDL,True,True,True,False,False,False,False,eligible_for_shift_screen
4525,18364,2LRG,True,True,True,False,False,False,False,eligible_for_shift_screen
4526,18372,2LRH,True,True,True,False,False,False,False,eligible_for_shift_screen
4527,18374,2LRI,True,True,True,False,False,False,False,eligible_for_shift_screen
4528,18375,2LRJ,True,True,True,False,False,False,False,eligible_for_shift_screen
4529,18378,4APD,True,True,True,False,False,False,False,eligible_for_shift_screen
4530,18379,2LRK,True,True,True,False,False,False,False,eligible_for_shift_screen
4531,18379,2LRL,True,True,True,False,False,False,False,eligible_for_shift_screen
4532,18387,2LRN,True,True,True,False,False,False,False,eligible_for_shift_screen
4533,18388,2LRO,True,True,True,False,False,False,False,eligible_for_shift_screen
4534,18389,2LRP,True,True,True,False,False,False,False,eligible_for_shift_screen
4535,18390,2LRQ,True,True,True,False,False,False,False,eligible_for_shift_screen
4536,18391,2LRR,True,True,True,False,False,False,False,eligible_for_shift_screen
4537,18393,2LRS,True,True,True,False,False,False,False,eligible_for_shift_screen
4538,18394,2LRT,True,True,True,False,False,False,False,eligible_for_shift_screen
4539,18398,2LRU,True,True,True,False,False,False,False,eligible_for_shift_screen
4540,18399,2LRW,True,True,True,False,False,False,False,eligible_for_shift_screen
4541,18400,2LRX,True,True,True,False,False,False,False,eligible_for_shift_screen
4542,18404,2LS0,True,True,True,False,False,False,False,eligible_for_shift_screen
4543,18405,2LS1,True,True,True,False,False,False,False,eligible_for_shift_screen
4544,18408,2LS2,True,True,True,False,False,False,False,eligible_for_shift_screen
4545,18409,2LS3,True,True,True,False,False,False,False,eligible_for_shift_screen
4546,18410,2LS4,True,True,True,False,False,False,False,eligible_for_shift_screen
4547,18411,2LS5,True,True,True,False,False,False,False,eligible_for_shift_screen
4548,18412,2LS7,True,True,True,False,False,False,False,eligible_for_shift_screen
4549,18415,2LS8,True,True,True,False,False,False,False,eligible_for_shift_screen
4550,18416,2LWP,True,True,True,False,False,False,False,eligible_for_shift_screen
4551,18416,2M8S,True,True,True,False,False,False,False,eligible_for_shift_screen
4552,18418,2LS9,True,True,True,False,False,False,False,eligible_for_shift_screen
4553,18420,2LSA,True,True,True,False,False,False,False,eligible_for_shift_screen
4554,18425,2LUC,True,True,True,False,False,False,False,eligible_for_shift_screen
4555,18426,2LSB,True,True,True,False,False,False,False,eligible_for_shift_screen
4556,18427,2LSC,True,True,True,False,False,False,False,eligible_for_shift_screen
4557,18429,2LSE,True,True,True,False,False,False,False,eligible_for_shift_screen
4558,18430,2LSF,True,True,True,False,False,False,False,eligible_for_shift_screen
4559,18431,2LSG,True,True,True,False,False,False,False,eligible_for_shift_screen
4560,18432,2LSI,True,True,True,False,False,False,False,eligible_for_shift_screen
4561,18433,2LSJ,True,True,True,False,False,False,False,eligible_for_shift_screen
4562,18434,2LSK,True,True,True,False,False,False,False,eligible_for_shift_screen
4563,18435,2LSL,True,True,True,False,False,False,False,eligible_for_shift_screen
4564,18437,2LSM,True,True,True,False,False,False,False,eligible_for_shift_screen
4565,18438,2LSO,True,True,True,False,False,False,False,eligible_for_shift_screen
4566,18439,2LSP,True,True,True,False,False,False,False,eligible_for_shift_screen
4567,18440,2LSQ,True,True,True,False,False,False,False,eligible_for_shift_screen
4568,18441,2LSR,True,True,True,False,False,False,False,eligible_for_shift_screen
4569,18442,2LSS,True,True,True,False,False,False,False,eligible_for_shift_screen
4570,18443,2LST,True,True,True,False,False,False,False,eligible_for_shift_screen
4571,18445,2LSU,True,True,True,False,False,False,False,eligible_for_shift_screen
4572,18447,2LSV,True,True,True,False,False,False,False,eligible_for_shift_screen
4573,18449,2LSW,True,True,True,False,False,False,False,eligible_for_shift_screen
4574,18452,2LSX,True,True,True,False,False,False,False,eligible_for_shift_screen
4575,18453,2LSZ,True,True,True,False,False,False,False,eligible_for_shift_screen
4576,18454,2LT0,True,True,True,False,False,False,False,eligible_for_shift_screen
4577,18455,2LSY,True,True,True,False,False,False,False,eligible_for_shift_screen
4578,18459,4AR0,True,True,True,False,False,False,False,eligible_for_shift_screen
4579,18462,2LT7,True,True,True,False,False,False,False,eligible_for_shift_screen
4580,18463,2LT8,True,True,True,False,False,False,False,eligible_for_shift_screen
4581,18464,2LT9,True,True,True,False,False,False,False,eligible_for_shift_screen
4582,18465,2LTA,True,True,True,False,False,False,False,eligible_for_shift_screen
4583,18466,2LTB,True,True,True,False,False,False,False,eligible_for_shift_screen
4584,18467,2LTC,True,True,True,False,False,False,False,eligible_for_shift_screen
4585,18468,2LTE,True,True,True,False,False,False,False,eligible_for_shift_screen
4586,18469,2LTD,True,True,True,False,False,False,False,eligible_for_shift_screen
4587,18471,2NAS,True,True,True,False,False,False,False,eligible_for_shift_screen
4588,18474,2M1H,True,True,True,False,False,False,False,eligible_for_shift_screen
4589,18475,2LTF,True,True,True,False,False,False,False,eligible_for_shift_screen
4590,18478,2M16,True,True,True,False,False,False,False,eligible_for_shift_screen
4591,18480,2LTH,True,True,True,False,False,False,False,eligible_for_shift_screen
4592,18481,2LTI,True,True,True,False,False,False,False,eligible_for_shift_screen
4593,18484,2LTJ,True,True,True,False,False,False,False,eligible_for_shift_screen
4594,18485,2LTK,True,True,True,False,False,False,False,eligible_for_shift_screen
4595,18487,2LTL,True,True,True,False,False,False,False,eligible_for_shift_screen
4596,18489,2LTM,True,True,True,False,False,False,False,eligible_for_shift_screen
4597,18490,2LTO,True,True,True,False,False,False,False,eligible_for_shift_screen
4598,18492,2LTP,True,True,True,False,False,False,False,eligible_for_shift_screen
4599,18493,2LTQ,True,True,True,False,False,False,False,eligible_for_shift_screen
4600,18496,2LTT,True,True,True,False,False,False,False,eligible_for_shift_screen
4601,18497,2LTU,True,True,True,False,False,False,False,eligible_for_shift_screen
4602,18498,2LTV,True,True,True,False,False,False,False,eligible_for_shift_screen
4603,18499,2LTW,True,True,True,False,False,False,False,eligible_for_shift_screen
4604,18500,2LTX,True,True,True,False,False,False,False,eligible_for_shift_screen
4605,18501,2LTY,True,True,True,False,False,False,False,eligible_for_shift_screen
4606,18502,2LTZ,True,True,True,False,False,False,False,eligible_for_shift_screen
4607,18503,2LU0,True,True,True,False,False,False,False,eligible_for_shift_screen
4608,18504,2LU1,True,True,True,False,False,False,False,eligible_for_shift_screen
4609,18506,2LU2,True,True,True,False,False,False,False,eligible_for_shift_screen
4610,18507,2LU3,True,True,True,False,False,False,False,eligible_for_shift_screen
4611,18508,2LU4,True,True,True,False,False,False,False,eligible_for_shift_screen
4612,18509,2LU5,True,True,True,False,False,False,False,eligible_for_shift_screen
4613,18510,2LU6,True,True,True,False,False,False,False,eligible_for_shift_screen
4614,18511,2LU7,True,True,True,False,False,False,False,eligible_for_shift_screen
4615,18513,2LU9,True,True,True,False,False,False,False,eligible_for_shift_screen
4616,18514,2LUA,True,True,True,False,False,False,False,eligible_for_shift_screen
4617,18515,2LUB,True,True,True,False,False,False,False,eligible_for_shift_screen
4618,18517,2LUD,True,True,True,False,False,False,False,eligible_for_shift_screen
4619,18518,2LUE,True,True,True,False,False,False,False,eligible_for_shift_screen
4620,18519,2LUF,True,True,True,False,False,False,False,eligible_for_shift_screen
4621,18520,2LUG,True,True,True,False,False,False,False,eligible_for_shift_screen
4622,18521,2LUH,True,True,True,False,False,False,False,eligible_for_shift_screen
4623,18522,2LUI,True,True,True,False,False,False,False,eligible_for_shift_screen
4624,18523,4AXP,True,True,True,False,False,False,False,eligible_for_shift_screen
4625,18524,2LUJ,True,True,True,False,False,False,False,eligible_for_shift_screen
4626,18526,2LUL,True,True,True,False,False,False,False,eligible_for_shift_screen
4627,18531,2LUM,True,True,True,False,False,False,False,eligible_for_shift_screen
4628,18532,2LUN,True,True,True,False,False,False,False,eligible_for_shift_screen
4629,18533,2LUO,True,True,True,False,False,False,False,eligible_for_shift_screen
4630,18534,2LUP,True,True,True,False,False,False,False,eligible_for_shift_screen
4631,18535,2LUQ,True,True,True,False,False,False,False,eligible_for_shift_screen
4632,18536,2LUR,True,True,True,False,False,False,False,eligible_for_shift_screen
4633,18539,2LUS,True,True,True,False,False,False,False,eligible_for_shift_screen
4634,18540,2LUT,True,True,True,False,False,False,False,eligible_for_shift_screen
4635,18541,2LUU,True,True,True,False,False,False,False,eligible_for_shift_screen
4636,18542,2LUV,True,True,True,False,False,False,False,eligible_for_shift_screen
4637,18545,2LUX,True,True,True,False,False,False,False,eligible_for_shift_screen
4638,18546,2LUY,True,True,True,False,False,False,False,eligible_for_shift_screen
4639,18547,2LUZ,True,True,True,False,False,False,False,eligible_for_shift_screen
4640,18548,2M5H,True,True,True,False,False,False,False,eligible_for_shift_screen
4641,18549,2LV0,True,True,True,False,False,False,False,eligible_for_shift_screen
4642,18550,2LV1,True,True,True,False,False,False,False,eligible_for_shift_screen
4643,18551,2LV2,True,True,True,False,False,False,False,eligible_for_shift_screen
4644,18553,2LV4,True,True,True,False,False,False,False,eligible_for_shift_screen
4645,18555,2LV5,True,True,True,False,False,False,False,eligible_for_shift_screen
4646,18556,2LV6,True,True,True,False,False,False,False,eligible_for_shift_screen
4647,18557,2LV7,True,True,True,False,False,False,False,eligible_for_shift_screen
4648,18558,2LV8,True,True,True,False,False,False,False,eligible_for_shift_screen
4649,18559,2LV9,True,True,True,False,False,False,False,eligible_for_shift_screen
4650,18560,2LVA,True,True,True,False,False,False,False,eligible_for_shift_screen
4651,18561,2LVB,True,True,True,False,False,False,False,eligible_for_shift_screen
4652,18562,2N9W,True,True,True,False,False,False,False,eligible_for_shift_screen
4653,18563,2LVC,True,True,True,False,False,False,False,eligible_for_shift_screen
4654,18565,2N9V,True,True,True,False,False,False,False,eligible_for_shift_screen
4655,18566,2M5S,True,True,True,False,False,False,False,eligible_for_shift_screen
4656,18567,2N8Q,True,True,True,False,False,False,False,eligible_for_shift_screen
4657,18568,2LVG,True,True,True,False,False,False,False,eligible_for_shift_screen
4658,18570,2LVH,True,True,True,False,False,False,False,eligible_for_shift_screen
4659,18571,2LVI,True,True,True,False,False,False,False,eligible_for_shift_screen
4660,18572,2LVJ,True,True,True,False,False,False,False,eligible_for_shift_screen
4661,18573,2LVK,True,True,True,False,False,False,False,eligible_for_shift_screen
4662,18579,2LVM,True,True,True,False,False,False,False,eligible_for_shift_screen
4663,18581,2LVN,True,True,True,False,False,False,False,eligible_for_shift_screen
4664,18582,2LVO,True,True,True,False,False,False,False,eligible_for_shift_screen
4665,18583,2LVP,True,True,True,False,False,False,False,eligible_for_shift_screen
4666,18584,2LVQ,True,True,True,False,False,False,False,eligible_for_shift_screen
4667,18586,2LVR,True,True,True,False,False,False,False,eligible_for_shift_screen
4668,18586,2LVT,True,True,True,False,False,False,False,eligible_for_shift_screen
4669,18586,2LVU,True,True,True,False,False,False,False,eligible_for_shift_screen
4670,18587,2M0A,True,True,True,False,False,False,False,eligible_for_shift_screen
4671,18589,2LVS,True,True,True,False,False,False,False,eligible_for_shift_screen
4672,18590,4B19,True,True,True,False,False,False,False,eligible_for_shift_screen
4673,18591,2LVW,True,True,True,False,False,False,False,eligible_for_shift_screen
4674,18592,2LVX,True,True,True,False,False,False,False,eligible_for_shift_screen
4675,18593,2LVY,True,True,True,False,False,False,False,eligible_for_shift_screen
4676,18595,5UK6,True,True,True,False,False,False,False,eligible_for_shift_screen
4677,18596,2LVZ,True,True,True,False,False,False,False,eligible_for_shift_screen
4678,18599,4B2S,True,True,True,False,False,False,False,eligible_for_shift_screen
4679,18600,4B2U,True,True,True,False,False,False,False,eligible_for_shift_screen
4680,18602,2LW3,True,True,True,False,False,False,False,eligible_for_shift_screen
4681,18605,2LW4,True,True,True,False,False,False,False,eligible_for_shift_screen
4682,18606,2LW5,True,True,True,False,False,False,False,eligible_for_shift_screen
4683,18607,2LW6,True,True,True,False,False,False,False,eligible_for_shift_screen
4684,18612,2LW7,True,True,True,False,False,False,False,eligible_for_shift_screen
4685,18613,2LW8,True,True,True,False,False,False,False,eligible_for_shift_screen
4686,18614,2LW9,True,True,True,False,False,False,False,eligible_for_shift_screen
4687,18617,2LWA,True,True,True,False,False,False,False,eligible_for_shift_screen
4688,18618,2LWB,True,True,True,False,False,False,False,eligible_for_shift_screen
4689,18619,2LWC,True,True,True,False,False,False,False,eligible_for_shift_screen
4690,18621,2M5W,True,True,True,False,False,False,False,eligible_for_shift_screen
4691,18622,2LWD,True,True,True,False,False,False,False,eligible_for_shift_screen
4692,18623,2LWE,True,True,True,False,False,False,False,eligible_for_shift_screen
4693,18624,2LWF,True,True,True,False,False,False,False,eligible_for_shift_screen
4694,18625,2LWG,True,True,True,False,False,False,False,eligible_for_shift_screen
4695,18626,2LWH,True,True,True,False,False,False,False,eligible_for_shift_screen
4696,18627,5T7C,True,True,True,False,False,False,False,eligible_for_shift_screen
4697,18628,2MVZ,True,True,True,False,False,False,False,eligible_for_shift_screen
4698,18629,2LWI,True,True,True,False,False,False,False,eligible_for_shift_screen
4699,18632,6I9F,True,True,True,False,False,False,False,eligible_for_shift_screen
4700,18633,2LWK,True,True,True,False,False,False,False,eligible_for_shift_screen
4701,18634,2LWL,True,True,True,False,False,False,False,eligible_for_shift_screen
4702,18636,2N0M,True,True,True,False,False,False,False,eligible_for_shift_screen
4703,18637,4UET,True,True,True,False,False,False,False,eligible_for_shift_screen
4704,18638,2LWM,True,True,True,False,False,False,False,eligible_for_shift_screen
4705,18639,2LWN,True,True,True,False,False,False,False,eligible_for_shift_screen
4706,18640,2LWO,True,True,True,False,False,False,False,eligible_for_shift_screen
4707,18641,2LWQ,True,True,True,False,False,False,False,eligible_for_shift_screen
4708,18642,2LWR,True,True,True,False,False,False,False,eligible_for_shift_screen
4709,18643,2LWS,True,True,True,False,False,False,False,eligible_for_shift_screen
4710,18644,2LWT,True,True,True,False,False,False,False,eligible_for_shift_screen
4711,18645,2LWU,True,True,True,False,False,False,False,eligible_for_shift_screen
4712,18648,2LZ4,True,True,True,False,False,False,False,eligible_for_shift_screen
4713,18649,2LZ3,True,True,True,False,False,False,False,eligible_for_shift_screen
4714,18650,2LWW,True,True,True,False,False,False,False,eligible_for_shift_screen
4715,18651,2MME,True,True,True,False,False,False,False,eligible_for_shift_screen
4716,18653,2LWY,True,True,True,False,False,False,False,eligible_for_shift_screen
4717,18654,2LWZ,True,True,True,False,False,False,False,eligible_for_shift_screen
4718,18655,2LX0,True,True,True,False,False,False,False,eligible_for_shift_screen
4719,18656,2LX1,True,True,True,False,False,False,False,eligible_for_shift_screen
4720,18657,2LX2,True,True,True,False,False,False,False,eligible_for_shift_screen
4721,18657,2LX3,True,True,True,False,False,False,False,eligible_for_shift_screen
4722,18658,2LX4,True,True,True,False,False,False,False,eligible_for_shift_screen
4723,18659,2LX5,True,True,True,False,False,False,False,eligible_for_shift_screen
4724,18661,2LX6,True,True,True,False,False,False,False,eligible_for_shift_screen
4725,18662,2LX7,True,True,True,False,False,False,False,eligible_for_shift_screen
4726,18663,4B6V,True,True,True,False,False,False,False,eligible_for_shift_screen
4727,18667,4B6U,True,True,True,False,False,False,False,eligible_for_shift_screen
4728,18668,2LX9,True,True,True,False,False,False,False,eligible_for_shift_screen
4729,18669,2LXA,True,True,True,False,False,False,False,eligible_for_shift_screen
4730,18670,2LXB,True,True,True,False,False,False,False,eligible_for_shift_screen
4731,18671,2LXC,True,True,True,False,False,False,False,eligible_for_shift_screen
4732,18672,2LXE,True,True,True,False,False,False,False,eligible_for_shift_screen
4733,18673,2LXF,True,True,True,False,False,False,False,eligible_for_shift_screen
4734,18677,2LXH,True,True,True,False,False,False,False,eligible_for_shift_screen
4735,18678,2LXI,True,True,True,False,False,False,False,eligible_for_shift_screen
4736,18679,2LXJ,True,True,True,False,False,False,False,eligible_for_shift_screen
4737,18680,2LXK,True,True,True,False,False,False,False,eligible_for_shift_screen
4738,18681,2LXL,True,True,True,False,False,False,False,eligible_for_shift_screen
4739,18682,2LXM,True,True,True,False,False,False,False,eligible_for_shift_screen
4740,18684,2LXO,True,True,True,False,False,False,False,eligible_for_shift_screen
4741,18688,2LXP,True,True,True,False,False,False,False,eligible_for_shift_screen
4742,18690,2LXQ,True,True,True,False,False,False,False,eligible_for_shift_screen
4743,18692,2LXR,True,True,True,False,False,False,False,eligible_for_shift_screen
4744,18694,2LXS,True,True,True,False,False,False,False,eligible_for_shift_screen
4745,18695,2LXT,True,True,True,False,False,False,False,eligible_for_shift_screen
4746,18698,2LXU,True,True,True,False,False,False,False,eligible_for_shift_screen
4747,18699,2LXV,True,True,True,False,False,False,False,eligible_for_shift_screen
4748,18700,2LXW,True,True,True,False,False,False,False,eligible_for_shift_screen
4749,18702,4B8T,True,True,True,False,False,False,False,eligible_for_shift_screen
4750,18703,2LXY,True,True,True,False,False,False,False,eligible_for_shift_screen
4751,18705,2LXZ,True,True,True,False,False,False,False,eligible_for_shift_screen
4752,18706,2LY0,True,True,True,False,False,False,False,eligible_for_shift_screen
4753,18707,2LY3,True,True,True,False,False,False,False,eligible_for_shift_screen
4754,18709,2LY4,True,True,True,False,False,False,False,eligible_for_shift_screen
4755,18710,2LY6,True,True,True,False,False,False,False,eligible_for_shift_screen
4756,18711,4BA8,True,True,True,False,False,False,False,eligible_for_shift_screen
4757,18712,2LY7,True,True,True,False,False,False,False,eligible_for_shift_screen
4758,18713,2LY8,True,True,True,False,False,False,False,eligible_for_shift_screen
4759,18714,2LY9,True,True,True,False,False,False,False,eligible_for_shift_screen
4760,18715,2LYA,True,True,True,False,False,False,False,eligible_for_shift_screen
4761,18716,2LYB,True,True,True,False,False,False,False,eligible_for_shift_screen
4762,18717,2LYC,True,True,True,False,False,False,False,eligible_for_shift_screen
4763,18720,2LYD,True,True,True,False,False,False,False,eligible_for_shift_screen
4764,18722,2LYE,True,True,True,False,False,False,False,eligible_for_shift_screen
4765,18723,2LYF,True,True,True,False,False,False,False,eligible_for_shift_screen
4766,18724,2LYG,True,True,True,False,False,False,False,eligible_for_shift_screen
4767,18725,2LYH,True,True,True,False,False,False,False,eligible_for_shift_screen
4768,18726,2LYI,True,True,True,False,False,False,False,eligible_for_shift_screen
4769,18728,2LYV,True,True,True,False,False,False,False,eligible_for_shift_screen
4770,18729,4B2V,True,True,True,False,False,False,False,eligible_for_shift_screen
4771,18732,2LYX,True,True,True,False,False,False,False,eligible_for_shift_screen
4772,18733,2LYY,True,True,True,False,False,False,False,eligible_for_shift_screen
4773,18734,2LZ0,True,True,True,False,False,False,False,eligible_for_shift_screen
4774,18735,2LZ1,True,True,True,False,False,False,False,eligible_for_shift_screen
4775,18736,2LZ5,True,True,True,False,False,False,False,eligible_for_shift_screen
4776,18737,2LZ6,True,True,True,False,False,False,False,eligible_for_shift_screen
4777,18749,2LZE,True,True,True,False,False,False,False,eligible_for_shift_screen
4778,18753,2LZF,True,True,True,False,False,False,False,eligible_for_shift_screen
4779,18755,2LZG,True,True,True,False,False,False,False,eligible_for_shift_screen
4780,18757,2LZI,True,True,True,False,False,False,False,eligible_for_shift_screen
4781,18758,2LZJ,True,True,True,False,False,False,False,eligible_for_shift_screen
4782,18762,2LZK,True,True,True,False,False,False,False,eligible_for_shift_screen
4783,18763,2LZL,True,True,True,False,False,False,False,eligible_for_shift_screen
4784,18764,4BD3,True,True,True,False,False,False,False,eligible_for_shift_screen
4785,18766,2LZO,True,True,True,False,False,False,False,eligible_for_shift_screen
4786,18768,2LZP,True,True,True,False,False,False,False,eligible_for_shift_screen
4787,18769,2LZQ,True,True,True,False,False,False,False,eligible_for_shift_screen
4788,18770,2LZR,True,True,True,False,False,False,False,eligible_for_shift_screen
4789,18771,2LZS,True,True,True,False,False,False,False,eligible_for_shift_screen
4790,18776,2MPU,True,True,True,False,False,False,False,eligible_for_shift_screen
4791,18778,2LZU,True,True,True,False,False,False,False,eligible_for_shift_screen
4792,18780,2LZV,True,True,True,False,False,False,False,eligible_for_shift_screen
4793,18781,2LZW,True,True,True,False,False,False,False,eligible_for_shift_screen
4794,18782,2YMJ,True,True,True,False,False,False,False,eligible_for_shift_screen
4795,18783,2LZX,True,True,True,False,False,False,False,eligible_for_shift_screen
4796,18784,2LZY,True,True,True,False,False,False,False,eligible_for_shift_screen
4797,18787,2LZZ,True,True,True,False,False,False,False,eligible_for_shift_screen
4798,18788,2M00,True,True,True,False,False,False,False,eligible_for_shift_screen
4799,18789,2M01,True,True,True,False,False,False,False,eligible_for_shift_screen
4800,18792,2M03,True,True,True,False,False,False,False,eligible_for_shift_screen
4801,18793,2M04,True,True,True,False,False,False,False,eligible_for_shift_screen
4802,18794,2M05,True,True,True,False,False,False,False,eligible_for_shift_screen
4803,18796,2M06,True,True,True,False,False,False,False,eligible_for_shift_screen
4804,18797,2M07,True,True,True,False,False,False,False,eligible_for_shift_screen
4805,18801,2M08,True,True,True,False,False,False,False,eligible_for_shift_screen
4806,18802,2M09,True,True,True,False,False,False,False,eligible_for_shift_screen
4807,18804,2M0B,True,True,True,False,False,False,False,eligible_for_shift_screen
4808,18805,2M0C,True,True,True,False,False,False,False,eligible_for_shift_screen
4809,18806,2M0D,True,True,True,False,False,False,False,eligible_for_shift_screen
4810,18806,2M0E,True,True,True,False,False,False,False,eligible_for_shift_screen
4811,18806,2M0F,True,True,True,False,False,False,False,eligible_for_shift_screen
4812,18808,2M0G,True,True,True,False,False,False,False,eligible_for_shift_screen
4813,18809,2M0H,True,True,True,False,False,False,False,eligible_for_shift_screen
4814,18811,2M0M,True,True,True,False,False,False,False,eligible_for_shift_screen
4815,18812,2M0N,True,True,True,False,False,False,False,eligible_for_shift_screen
4816,18813,2M0O,True,True,True,False,False,False,False,eligible_for_shift_screen
4817,18816,2M0P,True,True,True,False,False,False,False,eligible_for_shift_screen
4818,18817,2M0Q,True,True,True,False,False,False,False,eligible_for_shift_screen
4819,18818,2M0R,True,True,True,False,False,False,False,eligible_for_shift_screen
4820,18822,2M0S,True,True,True,False,False,False,False,eligible_for_shift_screen
4821,18823,6GMS,True,True,True,False,False,False,False,eligible_for_shift_screen
4822,18824,2M0T,True,True,True,False,False,False,False,eligible_for_shift_screen
4823,18825,2M0U,True,True,True,False,False,False,False,eligible_for_shift_screen
4824,18826,2M0V,True,True,True,False,False,False,False,eligible_for_shift_screen
4825,18830,2M0W,True,True,True,False,False,False,False,eligible_for_shift_screen
4826,18831,2M0X,True,True,True,False,False,False,False,eligible_for_shift_screen
4827,18832,2M0Y,True,True,True,False,False,False,False,eligible_for_shift_screen
4828,18833,2M0Z,True,True,True,False,False,False,False,eligible_for_shift_screen
4829,18834,2M10,True,True,True,False,False,False,False,eligible_for_shift_screen
4830,18835,2M11,True,True,True,False,False,False,False,eligible_for_shift_screen
4831,18838,2M12,True,True,True,False,False,False,False,eligible_for_shift_screen
4832,18840,2M13,True,True,True,False,False,False,False,eligible_for_shift_screen
4833,18841,3ZBE,True,True,True,False,False,False,False,eligible_for_shift_screen
4834,18842,2M14,True,True,True,False,False,False,False,eligible_for_shift_screen
4835,18843,2M74,True,True,True,False,False,False,False,eligible_for_shift_screen
4836,18844,2M17,True,True,True,False,False,False,False,eligible_for_shift_screen
4837,18845,4CH0,True,True,True,False,False,False,False,eligible_for_shift_screen
4838,18846,4CIO,True,True,True,False,False,False,False,eligible_for_shift_screen
4839,18847,2M18,True,True,True,False,False,False,False,eligible_for_shift_screen
4840,18849,2NAZ,True,True,True,False,False,False,False,eligible_for_shift_screen
4841,18850,2M19,True,True,True,False,False,False,False,eligible_for_shift_screen
4842,18852,2M1A,True,True,True,False,False,False,False,eligible_for_shift_screen
4843,18853,2MHK,True,True,True,False,False,False,False,eligible_for_shift_screen
4844,18856,2M1C,True,True,True,False,False,False,False,eligible_for_shift_screen
4845,18858,2M1D,True,True,True,False,False,False,False,eligible_for_shift_screen
4846,18859,2M1E,True,True,True,False,False,False,False,eligible_for_shift_screen
4847,18861,2M1F,True,True,True,False,False,False,False,eligible_for_shift_screen
4848,18862,2M1G,True,True,True,False,False,False,False,eligible_for_shift_screen
4849,18863,3ZD0,True,True,True,False,False,False,False,eligible_for_shift_screen
4850,18864,2M1I,True,True,True,False,False,False,False,eligible_for_shift_screen
4851,18865,2M1J,True,True,True,False,False,False,False,eligible_for_shift_screen
4852,18868,2M1K,True,True,True,False,False,False,False,eligible_for_shift_screen
4853,18869,2M1L,True,True,True,False,False,False,False,eligible_for_shift_screen
4854,18870,2M1M,True,True,True,False,False,False,False,eligible_for_shift_screen
4855,18871,2M1N,True,True,True,False,False,False,False,eligible_for_shift_screen
4856,18872,2M1O,True,True,True,False,False,False,False,eligible_for_shift_screen
4857,18874,2M1R,True,True,True,False,False,False,False,eligible_for_shift_screen
4858,18875,2M1P,True,True,True,False,False,False,False,eligible_for_shift_screen
4859,18876,2MPS,True,True,True,False,False,False,False,eligible_for_shift_screen
4860,18877,2M29,True,True,True,False,False,False,False,eligible_for_shift_screen
4861,18878,3ZEH,True,True,True,False,False,False,False,eligible_for_shift_screen
4862,18879,2M1T,True,True,True,False,False,False,False,eligible_for_shift_screen
4863,18880,2M1U,True,True,True,False,False,False,False,eligible_for_shift_screen
4864,18881,2M1V,True,True,True,False,False,False,False,eligible_for_shift_screen
4865,18882,2M1W,True,True,True,False,False,False,False,eligible_for_shift_screen
4866,18883,2M1X,True,True,True,False,False,False,False,eligible_for_shift_screen
4867,18887,2M1Z,True,True,True,False,False,False,False,eligible_for_shift_screen
4868,18888,2M20,True,True,True,False,False,False,False,eligible_for_shift_screen
4869,18891,2M21,True,True,True,False,False,False,False,eligible_for_shift_screen
4870,18892,2M22,True,True,True,False,False,False,False,eligible_for_shift_screen
4871,18893,2M23,True,True,True,False,False,False,False,eligible_for_shift_screen
4872,18894,2M24,True,True,True,False,False,False,False,eligible_for_shift_screen
4873,18896,2N17,True,True,True,False,False,False,False,eligible_for_shift_screen
4874,18897,4B1Q,True,True,True,False,False,False,False,eligible_for_shift_screen
4875,18900,3ZG4,True,True,True,False,False,False,False,eligible_for_shift_screen
4876,18901,2M26,True,True,True,False,False,False,False,eligible_for_shift_screen
4877,18902,2M27,True,True,True,False,False,False,False,eligible_for_shift_screen
4878,18904,2M2A,True,True,True,False,False,False,False,eligible_for_shift_screen
4879,18905,2M2B,True,True,True,False,False,False,False,eligible_for_shift_screen
4880,18906,2N5N,True,True,True,False,False,False,False,eligible_for_shift_screen
4881,18907,2M2C,True,True,True,False,False,False,False,eligible_for_shift_screen
4882,18908,2M2D,True,True,True,False,False,False,False,eligible_for_shift_screen
4883,18909,2M2E,True,True,True,False,False,False,False,eligible_for_shift_screen
4884,18910,3ZGK,True,True,True,False,False,False,False,eligible_for_shift_screen
4885,18911,3ZGP,True,True,True,False,False,False,False,eligible_for_shift_screen
4886,18912,2M2F,True,True,True,False,False,False,False,eligible_for_shift_screen
4887,18913,2M2G,True,True,True,False,False,False,False,eligible_for_shift_screen
4888,18914,2M2H,True,True,True,False,False,False,False,eligible_for_shift_screen
4889,18916,2M2I,True,True,True,False,False,False,False,eligible_for_shift_screen
4890,18917,2M2J,True,True,True,False,False,False,False,eligible_for_shift_screen
4891,18919,2M33,True,True,True,False,False,False,False,eligible_for_shift_screen
4892,18920,2M2L,True,True,True,False,False,False,False,eligible_for_shift_screen
4893,18921,2M2M,True,True,True,False,False,False,False,eligible_for_shift_screen
4894,18923,2M2N,True,True,True,False,False,False,False,eligible_for_shift_screen
4895,18924,2M2O,True,True,True,False,False,False,False,eligible_for_shift_screen
4896,18925,2M2P,True,True,True,False,False,False,False,eligible_for_shift_screen
4897,18926,2M2Q,True,True,True,False,False,False,False,eligible_for_shift_screen
4898,18931,2M2S,True,True,True,False,False,False,False,eligible_for_shift_screen
4899,18933,2M2T,True,True,True,False,False,False,False,eligible_for_shift_screen
4900,18934,2M2U,True,True,True,False,False,False,False,eligible_for_shift_screen
4901,18935,2M2V,True,True,True,False,False,False,False,eligible_for_shift_screen
4902,18935,2M2W,True,True,True,False,False,False,False,eligible_for_shift_screen
4903,18937,2M2X,True,True,True,False,False,False,False,eligible_for_shift_screen
4904,18938,2M2Y,True,True,True,False,False,False,False,eligible_for_shift_screen
4905,18939,2MJG,True,True,True,False,False,False,False,eligible_for_shift_screen
4906,18942,2M32,True,True,True,False,False,False,False,eligible_for_shift_screen
4907,18943,3ZFJ,True,True,True,False,False,False,False,eligible_for_shift_screen
4908,18944,2M34,True,True,True,False,False,False,False,eligible_for_shift_screen
4909,18945,2M35,True,True,True,False,False,False,False,eligible_for_shift_screen
4910,18946,2M36,True,True,True,False,False,False,False,eligible_for_shift_screen
4911,18948,2M37,True,True,True,False,False,False,False,eligible_for_shift_screen
4912,18950,2M39,True,True,True,False,False,False,False,eligible_for_shift_screen
4913,18951,2M3A,True,True,True,False,False,False,False,eligible_for_shift_screen
4914,18952,2M3B,True,True,True,False,False,False,False,eligible_for_shift_screen
4915,18953,2M3C,True,True,True,False,False,False,False,eligible_for_shift_screen
4916,18954,2M3D,True,True,True,False,False,False,False,eligible_for_shift_screen
4917,18955,3ZJ1,True,True,True,False,False,False,False,eligible_for_shift_screen
4918,18956,3ZJ2,True,True,True,False,False,False,False,eligible_for_shift_screen
4919,18958,2M3E,True,True,True,False,False,False,False,eligible_for_shift_screen
4920,18959,2M3F,True,True,True,False,False,False,False,eligible_for_shift_screen
4921,18963,2M3H,True,True,True,False,False,False,False,eligible_for_shift_screen
4922,18964,2M3I,True,True,True,False,False,False,False,eligible_for_shift_screen
4923,18965,2M3J,True,True,True,False,False,False,False,eligible_for_shift_screen
4924,18966,2M3K,True,True,True,False,False,False,False,eligible_for_shift_screen
4925,18967,2M3L,True,True,True,False,False,False,False,eligible_for_shift_screen
4926,18970,2M3N,True,True,True,False,False,False,False,eligible_for_shift_screen
4927,18971,2M3O,True,True,True,False,False,False,False,eligible_for_shift_screen
4928,18972,3ZKT,True,True,True,False,False,False,False,eligible_for_shift_screen
4929,18973,2M3P,True,True,True,False,False,False,False,eligible_for_shift_screen
4930,18974,2MER,True,True,True,False,False,False,False,eligible_for_shift_screen
4931,18975,2MEQ,True,True,True,False,False,False,False,eligible_for_shift_screen
4932,18976,2M3S,True,True,True,False,False,False,False,eligible_for_shift_screen
4933,18978,2M3X,True,True,True,False,False,False,False,eligible_for_shift_screen
4934,18979,2M3Y,True,True,True,False,False,False,False,eligible_for_shift_screen
4935,18980,2M3Z,True,True,True,False,False,False,False,eligible_for_shift_screen
4936,18981,2M40,True,True,True,False,False,False,False,eligible_for_shift_screen
4937,18982,2M41,True,True,True,False,False,False,False,eligible_for_shift_screen
4938,18984,2M43,True,True,True,False,False,False,False,eligible_for_shift_screen
4939,18985,2M44,True,True,True,False,False,False,False,eligible_for_shift_screen
4940,18986,2M45,True,True,True,False,False,False,False,eligible_for_shift_screen
4941,18987,2M46,True,True,True,False,False,False,False,eligible_for_shift_screen
4942,18989,2M47,True,True,True,False,False,False,False,eligible_for_shift_screen
4943,18990,2M48,True,True,True,False,False,False,False,eligible_for_shift_screen
4944,18995,2M49,True,True,True,False,False,False,False,eligible_for_shift_screen
4945,18998,2MI9,True,True,True,False,False,False,False,eligible_for_shift_screen
4946,18999,2MIA,True,True,True,False,False,False,False,eligible_for_shift_screen
4947,19000,2M4E,True,True,True,False,False,False,False,eligible_for_shift_screen
4948,19001,2M4F,True,True,True,False,False,False,False,eligible_for_shift_screen
4949,19002,2M4G,True,True,True,False,False,False,False,eligible_for_shift_screen
4950,19003,2M4H,True,True,True,False,False,False,False,eligible_for_shift_screen
4951,19007,2M4I,True,True,True,False,False,False,False,eligible_for_shift_screen
4952,19009,2M4J,True,True,True,False,False,False,False,eligible_for_shift_screen
4953,19012,2M4L,True,True,True,False,False,False,False,eligible_for_shift_screen
4954,19013,2M4M,True,True,True,False,False,False,False,eligible_for_shift_screen
4955,19014,2M4N,True,True,True,False,False,False,False,eligible_for_shift_screen
4956,19017,2M4P,True,True,True,False,False,False,False,eligible_for_shift_screen
4957,19018,2M4Q,True,True,True,False,False,False,False,eligible_for_shift_screen
4958,19023,2M4V,True,True,True,False,False,False,False,eligible_for_shift_screen
4959,19024,2M4W,True,True,True,False,False,False,False,eligible_for_shift_screen
4960,19026,2M4X,True,True,True,False,False,False,False,eligible_for_shift_screen
4961,19027,2M4Y,True,True,True,False,False,False,False,eligible_for_shift_screen
4962,19028,2MEZ,True,True,True,False,False,False,False,eligible_for_shift_screen
4963,19030,2M4Z,True,True,True,False,False,False,False,eligible_for_shift_screen
4964,19032,2M50,True,True,True,False,False,False,False,eligible_for_shift_screen
4965,19033,2M51,True,True,True,False,False,False,False,eligible_for_shift_screen
4966,19034,2M52,True,True,True,False,False,False,False,eligible_for_shift_screen
4967,19035,2M53,True,True,True,False,False,False,False,eligible_for_shift_screen
4968,19036,2M55,True,True,True,False,False,False,False,eligible_for_shift_screen
4969,19038,2M56,True,True,True,False,False,False,False,eligible_for_shift_screen
4970,19039,2M57,True,True,True,False,False,False,False,eligible_for_shift_screen
4971,19040,2M58,True,True,True,False,False,False,False,eligible_for_shift_screen
4972,19041,2M59,True,True,True,False,False,False,False,eligible_for_shift_screen
4973,19042,2MPE,True,True,True,False,False,False,False,eligible_for_shift_screen
4974,19043,2M5A,True,True,True,False,False,False,False,eligible_for_shift_screen
4975,19045,2M5B,True,True,True,False,False,False,False,eligible_for_shift_screen
4976,19047,2M5C,True,True,True,False,False,False,False,eligible_for_shift_screen
4977,19048,2M5D,True,True,True,False,False,False,False,eligible_for_shift_screen
4978,19049,3ZOB,True,True,True,False,False,False,False,eligible_for_shift_screen
4979,19050,2M5E,True,True,True,False,False,False,False,eligible_for_shift_screen
4980,19052,2M5F,True,True,True,False,False,False,False,eligible_for_shift_screen
4981,19053,2M5G,True,True,True,False,False,False,False,eligible_for_shift_screen
4982,19054,2M5I,True,True,True,False,False,False,False,eligible_for_shift_screen
4983,19056,2MOQ,True,True,True,False,False,False,False,eligible_for_shift_screen
4984,19058,2M5K,True,True,True,False,False,False,False,eligible_for_shift_screen
4985,19059,2M5L,True,True,True,False,False,False,False,eligible_for_shift_screen
4986,19060,2M5M,True,True,True,False,False,False,False,eligible_for_shift_screen
4987,19062,2M5N,True,True,True,False,False,False,False,eligible_for_shift_screen
4988,19066,3ZPD,True,True,True,False,False,False,False,eligible_for_shift_screen
4989,19067,3ZPM,True,True,True,False,False,False,False,eligible_for_shift_screen
4990,19068,2M5O,True,True,True,False,False,False,False,eligible_for_shift_screen
4991,19070,2M5P,True,True,True,False,False,False,False,eligible_for_shift_screen
4992,19071,2M5Q,True,True,True,False,False,False,False,eligible_for_shift_screen
4993,19077,2MUU,True,True,True,False,False,False,False,eligible_for_shift_screen
4994,19078,5MS9,True,True,True,False,False,False,False,eligible_for_shift_screen
4995,19079,2M5T,True,True,True,False,False,False,False,eligible_for_shift_screen
4996,19081,2M5U,True,True,True,False,False,False,False,eligible_for_shift_screen
4997,19084,2MMH,True,True,True,False,False,False,False,eligible_for_shift_screen
4998,19085,2M5X,True,True,True,False,False,False,False,eligible_for_shift_screen
4999,19086,4BEH,True,True,True,False,False,False,False,eligible_for_shift_screen
5000,19087,2M5Y,True,True,True,False,False,False,False,eligible_for_shift_screen
5001,19094,2M5Z,True,True,True,False,False,False,False,eligible_for_shift_screen
5002,19095,2MNA,True,True,True,False,False,False,False,eligible_for_shift_screen
5003,19098,2MZJ,True,True,True,False,False,False,False,eligible_for_shift_screen
5004,19101,2M60,True,True,True,False,False,False,False,eligible_for_shift_screen
5005,19102,2M61,True,True,True,False,False,False,False,eligible_for_shift_screen
5006,19103,2M62,True,True,True,False,False,False,False,eligible_for_shift_screen
5007,19106,2M63,True,True,True,False,False,False,False,eligible_for_shift_screen
5008,19107,2M64,True,True,True,False,False,False,False,eligible_for_shift_screen
5009,19108,2M65,True,True,True,False,False,False,False,eligible_for_shift_screen
5010,19111,2MUX,True,True,True,False,False,False,False,eligible_for_shift_screen
5011,19115,2MOZ,True,True,True,False,False,False,False,eligible_for_shift_screen
5012,19117,2M68,True,True,True,False,False,False,False,eligible_for_shift_screen
5013,19124,2M6A,True,True,True,False,False,False,False,eligible_for_shift_screen
5014,19126,2M6B,True,True,True,False,False,False,False,eligible_for_shift_screen
5015,19126,2M6I,True,True,True,False,False,False,False,eligible_for_shift_screen
5016,19128,2M6C,True,True,True,False,False,False,False,eligible_for_shift_screen
5017,19129,2M6D,True,True,True,False,False,False,False,eligible_for_shift_screen
5018,19130,2M6E,True,True,True,False,False,False,False,eligible_for_shift_screen
5019,19131,2M6F,True,True,True,False,False,False,False,eligible_for_shift_screen
5020,19132,2M6G,True,True,True,False,False,False,False,eligible_for_shift_screen
5021,19133,2M6H,True,True,True,False,False,False,False,eligible_for_shift_screen
5022,19142,2M6J,True,True,True,False,False,False,False,eligible_for_shift_screen
5023,19143,2M6K,True,True,True,False,False,False,False,eligible_for_shift_screen
5024,19144,4BH9,True,True,True,False,False,False,False,eligible_for_shift_screen
5025,19145,4BHP,True,True,True,False,False,False,False,eligible_for_shift_screen
5026,19146,2M6M,True,True,True,False,False,False,False,eligible_for_shift_screen
5027,19147,2M6N,True,True,True,False,False,False,False,eligible_for_shift_screen
5028,19148,2M6O,True,True,True,False,False,False,False,eligible_for_shift_screen
5029,19149,2M6P,True,True,True,False,False,False,False,eligible_for_shift_screen
5030,19151,2M6R,True,True,True,False,False,False,False,eligible_for_shift_screen
5031,19152,2M6S,True,True,True,False,False,False,False,eligible_for_shift_screen
5032,19153,2M6T,True,True,True,False,False,False,False,eligible_for_shift_screen
5033,19155,2M6U,True,True,True,False,False,False,False,eligible_for_shift_screen
5034,19157,3ZPK,True,True,True,False,False,False,False,eligible_for_shift_screen
5035,19158,2M6V,True,True,True,False,False,False,False,eligible_for_shift_screen
5036,19159,2M6W,True,True,True,False,False,False,False,eligible_for_shift_screen
5037,19162,2M6X,True,True,True,False,False,False,False,eligible_for_shift_screen
5038,19163,2M6Y,True,True,True,False,False,False,False,eligible_for_shift_screen
5039,19164,4BIT,True,True,True,False,False,False,False,eligible_for_shift_screen
5040,19167,2M70,True,True,True,False,False,False,False,eligible_for_shift_screen
5041,19168,2M71,True,True,True,False,False,False,False,eligible_for_shift_screen
5042,19169,2M72,True,True,True,False,False,False,False,eligible_for_shift_screen
5043,19170,2M73,True,True,True,False,False,False,False,eligible_for_shift_screen
5044,19174,2M76,True,True,True,False,False,False,False,eligible_for_shift_screen
5045,19175,2M77,True,True,True,False,False,False,False,eligible_for_shift_screen
5046,19176,2M78,True,True,True,False,False,False,False,eligible_for_shift_screen
5047,19177,2M79,True,True,True,False,False,False,False,eligible_for_shift_screen
5048,19178,2M7A,True,True,True,False,False,False,False,eligible_for_shift_screen
5049,19179,2M7B,True,True,True,False,False,False,False,eligible_for_shift_screen
5050,19180,2M7C,True,True,True,False,False,False,False,eligible_for_shift_screen
5051,19183,2M7D,True,True,True,False,False,False,False,eligible_for_shift_screen
5052,19184,2M7E,True,True,True,False,False,False,False,eligible_for_shift_screen
5053,19185,2M7G,True,True,True,False,False,False,False,eligible_for_shift_screen
5054,19187,2MA3,True,True,True,False,False,False,False,eligible_for_shift_screen
5055,19190,2M7I,True,True,True,False,False,False,False,eligible_for_shift_screen
5056,19192,2M7J,True,True,True,False,False,False,False,eligible_for_shift_screen
5057,19193,2M7K,True,True,True,False,False,False,False,eligible_for_shift_screen
5058,19195,2M7L,True,True,True,False,False,False,False,eligible_for_shift_screen
5059,19196,2M7M,True,True,True,False,False,False,False,eligible_for_shift_screen
5060,19197,2M7N,True,True,True,False,False,False,False,eligible_for_shift_screen
5061,19198,2M7O,True,True,True,False,False,False,False,eligible_for_shift_screen
5062,19200,2M7P,True,True,True,False,False,False,False,eligible_for_shift_screen
5063,19201,2M7Q,True,True,True,False,False,False,False,eligible_for_shift_screen
5064,19202,2M7R,True,True,True,False,False,False,False,eligible_for_shift_screen
5065,19203,2M7S,True,True,True,False,False,False,False,eligible_for_shift_screen
5066,19205,2M7T,True,True,True,False,False,False,False,eligible_for_shift_screen
5067,19210,2M75,True,True,True,False,False,False,False,eligible_for_shift_screen
5068,19211,2M7F,True,True,True,False,False,False,False,eligible_for_shift_screen
5069,19212,2M7H,True,True,True,False,False,False,False,eligible_for_shift_screen
5070,19213,2M7U,True,True,True,False,False,False,False,eligible_for_shift_screen
5071,19214,2M7V,True,True,True,False,False,False,False,eligible_for_shift_screen
5072,19215,2M7W,True,True,True,False,False,False,False,eligible_for_shift_screen
5073,19216,2M7X,True,True,True,False,False,False,False,eligible_for_shift_screen
5074,19217,2M7Z,True,True,True,False,False,False,False,eligible_for_shift_screen
5075,19218,2M80,True,True,True,False,False,False,False,eligible_for_shift_screen
5076,19219,2MR3,True,True,True,False,False,False,False,eligible_for_shift_screen
5077,19220,2MQW,True,True,True,False,False,False,False,eligible_for_shift_screen
5078,19221,2MRI,True,True,True,False,False,False,False,eligible_for_shift_screen
5079,19225,2M83,True,True,True,False,False,False,False,eligible_for_shift_screen
5080,19226,2M8A,True,True,True,False,False,False,False,eligible_for_shift_screen
5081,19229,2M85,True,True,True,False,False,False,False,eligible_for_shift_screen
5082,19230,2M86,True,True,True,False,False,False,False,eligible_for_shift_screen
5083,19231,2M87,True,True,True,False,False,False,False,eligible_for_shift_screen
5084,19232,2M88,True,True,True,False,False,False,False,eligible_for_shift_screen
5085,19233,2MGP,True,True,True,False,False,False,False,eligible_for_shift_screen
5086,19234,2MGR,True,True,True,False,False,False,False,eligible_for_shift_screen
5087,19235,2M89,True,True,True,False,False,False,False,eligible_for_shift_screen
5088,19237,2M8B,True,True,True,False,False,False,False,eligible_for_shift_screen
5089,19238,2MES,True,True,True,False,False,False,False,eligible_for_shift_screen
5090,19242,2M8C,True,True,True,False,False,False,False,eligible_for_shift_screen
5091,19248,2M8D,True,True,True,False,False,False,False,eligible_for_shift_screen
5092,19249,2M8E,True,True,True,False,False,False,False,eligible_for_shift_screen
5093,19250,2M8F,True,True,True,False,False,False,False,eligible_for_shift_screen
5094,19251,2M8G,True,True,True,False,False,False,False,eligible_for_shift_screen
5095,19252,2M8H,True,True,True,False,False,False,False,eligible_for_shift_screen
5096,19258,2M8I,True,True,True,False,False,False,False,eligible_for_shift_screen
5097,19259,2M8J,True,True,True,False,False,False,False,eligible_for_shift_screen
5098,19260,2M8K,True,True,True,False,False,False,False,eligible_for_shift_screen
5099,19261,2M8L,True,True,True,False,False,False,False,eligible_for_shift_screen
5100,19262,2M8M,True,True,True,False,False,False,False,eligible_for_shift_screen
5101,19263,2M8O,True,True,True,False,False,False,False,eligible_for_shift_screen
5102,19264,2M8P,True,True,True,False,False,False,False,eligible_for_shift_screen
5103,19266,2M8R,True,True,True,False,False,False,False,eligible_for_shift_screen
5104,19268,2M8T,True,True,True,False,False,False,False,eligible_for_shift_screen
5105,19273,2M95,True,True,True,False,False,False,False,eligible_for_shift_screen
5106,19274,2M8U,True,True,True,False,False,False,False,eligible_for_shift_screen
5107,19275,2M8V,True,True,True,False,False,False,False,eligible_for_shift_screen
5108,19276,2M8Y,True,True,True,False,False,False,False,eligible_for_shift_screen
5109,19277,2M8Z,True,True,True,False,False,False,False,eligible_for_shift_screen
5110,19278,2M90,True,True,True,False,False,False,False,eligible_for_shift_screen
5111,19279,2M91,True,True,True,False,False,False,False,eligible_for_shift_screen
5112,19280,2M92,True,True,True,False,False,False,False,eligible_for_shift_screen
5113,19281,2M93,True,True,True,False,False,False,False,eligible_for_shift_screen
5114,19282,2MTI,True,True,True,False,False,False,False,eligible_for_shift_screen
5115,19283,2M96,True,True,True,False,False,False,False,eligible_for_shift_screen
5116,19285,2M97,True,True,True,False,False,False,False,eligible_for_shift_screen
5117,19286,2M98,True,True,True,False,False,False,False,eligible_for_shift_screen
5118,19287,2M99,True,True,True,False,False,False,False,eligible_for_shift_screen
5119,19288,2M9A,True,True,True,False,False,False,False,eligible_for_shift_screen
5120,19290,4BS2,True,True,True,False,False,False,False,eligible_for_shift_screen
5121,19291,2M9E,True,True,True,False,False,False,False,eligible_for_shift_screen
5122,19292,2M9F,True,True,True,False,False,False,False,eligible_for_shift_screen
5123,19293,2M9G,True,True,True,False,False,False,False,eligible_for_shift_screen
5124,19294,2M9H,True,True,True,False,False,False,False,eligible_for_shift_screen
5125,19295,2M9I,True,True,True,False,False,False,False,eligible_for_shift_screen
5126,19296,2M9J,True,True,True,False,False,False,False,eligible_for_shift_screen
5127,19298,2M9K,True,True,True,False,False,False,False,eligible_for_shift_screen
5128,19299,2M9U,True,True,True,False,False,False,False,eligible_for_shift_screen
5129,19300,2M9L,True,True,True,False,False,False,False,eligible_for_shift_screen
5130,19302,2M9M,True,True,True,False,False,False,False,eligible_for_shift_screen
5131,19303,2M9N,True,True,True,False,False,False,False,eligible_for_shift_screen
5132,19304,2M9O,True,True,True,False,False,False,False,eligible_for_shift_screen
5133,19305,2M9P,True,True,True,False,False,False,False,eligible_for_shift_screen
5134,19306,2M9Q,True,True,True,False,False,False,False,eligible_for_shift_screen
5135,19309,2M9R,True,True,True,False,False,False,False,eligible_for_shift_screen
5136,19311,2M9V,True,True,True,False,False,False,False,eligible_for_shift_screen
5137,19312,2M9W,True,True,True,False,False,False,False,eligible_for_shift_screen
5138,19314,2M9X,True,True,True,False,False,False,False,eligible_for_shift_screen
5139,19315,2M9Y,True,True,True,False,False,False,False,eligible_for_shift_screen
5140,19317,2MA1,True,True,True,False,False,False,False,eligible_for_shift_screen
5141,19319,2MA2,True,True,True,False,False,False,False,eligible_for_shift_screen
5142,19320,2MMY,True,True,True,False,False,False,False,eligible_for_shift_screen
5143,19327,2MA4,True,True,True,False,False,False,False,eligible_for_shift_screen
5144,19328,2MA5,True,True,True,False,False,False,False,eligible_for_shift_screen
5145,19329,2MA6,True,True,True,False,False,False,False,eligible_for_shift_screen
5146,19331,2MA7,True,True,True,False,False,False,False,eligible_for_shift_screen
5147,19333,2MA9,True,True,True,False,False,False,False,eligible_for_shift_screen
5148,19334,2MAA,True,True,True,False,False,False,False,eligible_for_shift_screen
5149,19340,2MAB,True,True,True,False,False,False,False,eligible_for_shift_screen
5150,19342,2MAE,True,True,True,False,False,False,False,eligible_for_shift_screen
5151,19343,2MLH,True,True,True,False,False,False,False,eligible_for_shift_screen
5152,19354,2MAH,True,True,True,False,False,False,False,eligible_for_shift_screen
5153,19355,2MAI,True,True,True,False,False,False,False,eligible_for_shift_screen
5154,19356,4BWH,True,True,True,False,False,False,False,eligible_for_shift_screen
5155,19362,2MAJ,True,True,True,False,False,False,False,eligible_for_shift_screen
5156,19363,2MAK,True,True,True,False,False,False,False,eligible_for_shift_screen
5157,19365,2MAL,True,True,True,False,False,False,False,eligible_for_shift_screen
5158,19366,2MAO,True,True,True,False,False,False,False,eligible_for_shift_screen
5159,19367,2MAP,True,True,True,False,False,False,False,eligible_for_shift_screen
5160,19368,4BXU,True,True,True,False,False,False,False,eligible_for_shift_screen
5161,19372,2MAR,True,True,True,False,False,False,False,eligible_for_shift_screen
5162,19374,2MAU,True,True,True,False,False,False,False,eligible_for_shift_screen
5163,19375,2MAV,True,True,True,False,False,False,False,eligible_for_shift_screen
5164,19376,4BYA,True,True,True,False,False,False,False,eligible_for_shift_screen
5165,19379,2MAW,True,True,True,False,False,False,False,eligible_for_shift_screen
5166,19380,2MAX,True,True,True,False,False,False,False,eligible_for_shift_screen
5167,19381,2MAY,True,True,True,False,False,False,False,eligible_for_shift_screen
5168,19382,2MB0,True,True,True,False,False,False,False,eligible_for_shift_screen
5169,19383,2MB1,True,True,True,False,False,False,False,eligible_for_shift_screen
5170,19386,2MB2,True,True,True,False,False,False,False,eligible_for_shift_screen
5171,19387,2MB3,True,True,True,False,False,False,False,eligible_for_shift_screen
5172,19389,2MB4,True,True,True,False,False,False,False,eligible_for_shift_screen
5173,19390,2N2J,True,True,True,False,False,False,False,eligible_for_shift_screen
5174,19391,2MB7,True,True,True,False,False,False,False,eligible_for_shift_screen
5175,19392,2MB9,True,True,True,False,False,False,False,eligible_for_shift_screen
5176,19394,2MBB,True,True,True,False,False,False,False,eligible_for_shift_screen
5177,19395,2MBC,True,True,True,False,False,False,False,eligible_for_shift_screen
5178,19396,2MBD,True,True,True,False,False,False,False,eligible_for_shift_screen
5179,19397,2MBE,True,True,True,False,False,False,False,eligible_for_shift_screen
5180,19398,2MBF,True,True,True,False,False,False,False,eligible_for_shift_screen
5181,19399,2MBH,True,True,True,False,False,False,False,eligible_for_shift_screen
5182,19400,4BY9,True,True,True,False,False,False,False,eligible_for_shift_screen
5183,19402,2MBJ,True,True,True,False,False,False,False,eligible_for_shift_screen
5184,19403,2MBK,True,True,True,False,False,False,False,eligible_for_shift_screen
5185,19404,2MBL,True,True,True,False,False,False,False,eligible_for_shift_screen
5186,19406,2MBO,True,True,True,False,False,False,False,eligible_for_shift_screen
5187,19412,2MBQ,True,True,True,False,False,False,False,eligible_for_shift_screen
5188,19413,2MBS,True,True,True,False,False,False,False,eligible_for_shift_screen
5189,19414,5TLQ,True,True,True,False,False,False,False,eligible_for_shift_screen
5190,19415,2MBV,True,True,True,False,False,False,False,eligible_for_shift_screen
5191,19416,2MBY,True,True,True,False,False,False,False,eligible_for_shift_screen
5192,19417,2MBT,True,True,True,False,False,False,False,eligible_for_shift_screen
5193,19421,2MBZ,True,True,True,False,False,False,False,eligible_for_shift_screen
5194,19422,2MC0,True,True,True,False,False,False,False,eligible_for_shift_screen
5195,19423,2MC1,True,True,True,False,False,False,False,eligible_for_shift_screen
5196,19425,2MC2,True,True,True,False,False,False,False,eligible_for_shift_screen
5197,19427,2MC4,True,True,True,False,False,False,False,eligible_for_shift_screen
5198,19428,2MC5,True,True,True,False,False,False,False,eligible_for_shift_screen
5199,19429,2MC6,True,True,True,False,False,False,False,eligible_for_shift_screen
5200,19430,2MC7,True,True,True,False,False,False,False,eligible_for_shift_screen
5201,19431,2MC8,True,True,True,False,False,False,False,eligible_for_shift_screen
5202,19432,2MC9,True,True,True,False,False,False,False,eligible_for_shift_screen
5203,19433,2MCA,True,True,True,False,False,False,False,eligible_for_shift_screen
5204,19435,2MCC,True,True,True,False,False,False,False,eligible_for_shift_screen
5205,19436,2MCD,True,True,True,False,False,False,False,eligible_for_shift_screen
5206,19437,2MCE,True,True,True,False,False,False,False,eligible_for_shift_screen
5207,19438,2MCF,True,True,True,False,False,False,False,eligible_for_shift_screen
5208,19439,2MCH,True,True,True,False,False,False,False,eligible_for_shift_screen
5209,19440,2MCI,True,True,True,False,False,False,False,eligible_for_shift_screen
5210,19441,2MCJ,True,True,True,False,False,False,False,eligible_for_shift_screen
5211,19444,2MCK,True,True,True,False,False,False,False,eligible_for_shift_screen
5212,19447,2MCN,True,True,True,False,False,False,False,eligible_for_shift_screen
5213,19448,2MCO,True,True,True,False,False,False,False,eligible_for_shift_screen
5214,19449,2MCQ,True,True,True,False,False,False,False,eligible_for_shift_screen
5215,19450,2MCR,True,True,True,False,False,False,False,eligible_for_shift_screen
5216,19452,6AMR,True,True,True,False,False,False,False,eligible_for_shift_screen
5217,19453,2MCT,True,True,True,False,False,False,False,eligible_for_shift_screen
5218,19454,2MCU,True,True,True,False,False,False,False,eligible_for_shift_screen
5219,19455,2MCV,True,True,True,False,False,False,False,eligible_for_shift_screen
5220,19456,2MCW,True,True,True,False,False,False,False,eligible_for_shift_screen
5221,19457,2MCX,True,True,True,False,False,False,False,eligible_for_shift_screen
5222,19458,2MCY,True,True,True,False,False,False,False,eligible_for_shift_screen
5223,19459,2MCZ,True,True,True,False,False,False,False,eligible_for_shift_screen
5224,19460,2MD0,True,True,True,False,False,False,False,eligible_for_shift_screen
5225,19461,6D5Z,True,True,True,False,False,False,False,eligible_for_shift_screen
5226,19462,6D53,True,True,True,False,False,False,False,eligible_for_shift_screen
5227,19463,2N67,True,True,True,False,False,False,False,eligible_for_shift_screen
5228,19464,4C26,True,True,True,False,False,False,False,eligible_for_shift_screen
5229,19468,2MD1,True,True,True,False,False,False,False,eligible_for_shift_screen
5230,19469,2MD2,True,True,True,False,False,False,False,eligible_for_shift_screen
5231,19470,2MD3,True,True,True,False,False,False,False,eligible_for_shift_screen
5232,19471,2MD4,True,True,True,False,False,False,False,eligible_for_shift_screen
5233,19472,2MD7,True,True,True,False,False,False,False,eligible_for_shift_screen
5234,19473,2MD8,True,True,True,False,False,False,False,eligible_for_shift_screen
5235,19474,2MD5,True,True,True,False,False,False,False,eligible_for_shift_screen
5236,19476,2MD6,True,True,True,False,False,False,False,eligible_for_shift_screen
5237,19479,2MD9,True,True,True,False,False,False,False,eligible_for_shift_screen
5238,19482,2MDA,True,True,True,False,False,False,False,eligible_for_shift_screen
5239,19483,2MDC,True,True,True,False,False,False,False,eligible_for_shift_screen
5240,19484,2MDF,True,True,True,False,False,False,False,eligible_for_shift_screen
5241,19486,2MDG,True,True,True,False,False,False,False,eligible_for_shift_screen
5242,19487,2MDI,True,True,True,False,False,False,False,eligible_for_shift_screen
5243,19488,2MDJ,True,True,True,False,False,False,False,eligible_for_shift_screen
5244,19489,2MDK,True,True,True,False,False,False,False,eligible_for_shift_screen
5245,19493,2MZF,True,True,True,False,False,False,False,eligible_for_shift_screen
5246,19498,2MDP,True,True,True,False,False,False,False,eligible_for_shift_screen
5247,19501,2MDQ,True,True,True,False,False,False,False,eligible_for_shift_screen
5248,19502,2MDR,True,True,True,False,False,False,False,eligible_for_shift_screen
5249,19503,2MDU,True,True,True,False,False,False,False,eligible_for_shift_screen
5250,19504,2MDV,True,True,True,False,False,False,False,eligible_for_shift_screen
5251,19505,2MDW,True,True,True,False,False,False,False,eligible_for_shift_screen
5252,19508,2MDX,True,True,True,False,False,False,False,eligible_for_shift_screen
5253,19510,2MDZ,True,True,True,False,False,False,False,eligible_for_shift_screen
5254,19511,2ME0,True,True,True,False,False,False,False,eligible_for_shift_screen
5255,19512,2ME1,True,True,True,False,False,False,False,eligible_for_shift_screen
5256,19513,2ME2,True,True,True,False,False,False,False,eligible_for_shift_screen
5257,19514,2ME3,True,True,True,False,False,False,False,eligible_for_shift_screen
5258,19515,2ME4,True,True,True,False,False,False,False,eligible_for_shift_screen
5259,19516,2MV7,True,True,True,False,False,False,False,eligible_for_shift_screen
5260,19519,2ME7,True,True,True,False,False,False,False,eligible_for_shift_screen
5261,19520,2ME8,True,True,True,False,False,False,False,eligible_for_shift_screen
5262,19521,2ME9,True,True,True,False,False,False,False,eligible_for_shift_screen
5263,19522,2MEJ,True,True,True,False,False,False,False,eligible_for_shift_screen
5264,19523,2MEK,True,True,True,False,False,False,False,eligible_for_shift_screen
5265,19524,2MEL,True,True,True,False,False,False,False,eligible_for_shift_screen
5266,19525,4C7Q,True,True,True,False,False,False,False,eligible_for_shift_screen
5267,19526,2MEM,True,True,True,False,False,False,False,eligible_for_shift_screen
5268,19527,2MEN,True,True,True,False,False,False,False,eligible_for_shift_screen
5269,19528,2MEO,True,True,True,False,False,False,False,eligible_for_shift_screen
5270,19530,2MH9,True,True,True,False,False,False,False,eligible_for_shift_screen
5271,19531,2MET,True,True,True,False,False,False,False,eligible_for_shift_screen
5272,19532,2MEU,True,True,True,False,False,False,False,eligible_for_shift_screen
5273,19533,2MEW,True,True,True,False,False,False,False,eligible_for_shift_screen
5274,19534,2MF0,True,True,True,False,False,False,False,eligible_for_shift_screen
5275,19535,2MF3,True,True,True,False,False,False,False,eligible_for_shift_screen
5276,19536,2MF4,True,True,True,False,False,False,False,eligible_for_shift_screen
5277,19538,2MF7,True,True,True,False,False,False,False,eligible_for_shift_screen
5278,19539,4CA3,True,True,True,False,False,False,False,eligible_for_shift_screen
5279,19540,2MF8,True,True,True,False,False,False,False,eligible_for_shift_screen
5280,19541,4CA9,True,True,True,False,False,False,False,eligible_for_shift_screen
5281,19542,2MFA,True,True,True,False,False,False,False,eligible_for_shift_screen
5282,19544,2MFC,True,True,True,False,False,False,False,eligible_for_shift_screen
5283,19545,2MFD,True,True,True,False,False,False,False,eligible_for_shift_screen
5284,19546,2MFE,True,True,True,False,False,False,False,eligible_for_shift_screen
5285,19547,2MFF,True,True,True,False,False,False,False,eligible_for_shift_screen
5286,19548,2MFG,True,True,True,False,False,False,False,eligible_for_shift_screen
5287,19549,2MFH,True,True,True,False,False,False,False,eligible_for_shift_screen
5288,19550,2MFI,True,True,True,False,False,False,False,eligible_for_shift_screen
5289,19551,2MPH,True,True,True,False,False,False,False,eligible_for_shift_screen
5290,19552,2MFJ,True,True,True,False,False,False,False,eligible_for_shift_screen
5291,19553,2MFK,True,True,True,False,False,False,False,eligible_for_shift_screen
5292,19554,2MFL,True,True,True,False,False,False,False,eligible_for_shift_screen
5293,19555,2MFM,True,True,True,False,False,False,False,eligible_for_shift_screen
5294,19556,2MFO,True,True,True,False,False,False,False,eligible_for_shift_screen
5295,19557,2MFP,True,True,True,False,False,False,False,eligible_for_shift_screen
5296,19558,2MYI,True,True,True,False,False,False,False,eligible_for_shift_screen
5297,19562,2MFQ,True,True,True,False,False,False,False,eligible_for_shift_screen
5298,19568,2MFR,True,True,True,False,False,False,False,eligible_for_shift_screen
5299,19570,2MFS,True,True,True,False,False,False,False,eligible_for_shift_screen
5300,19571,2MFT,True,True,True,False,False,False,False,eligible_for_shift_screen
5301,19572,2MFU,True,True,True,False,False,False,False,eligible_for_shift_screen
5302,19573,2MFV,True,True,True,False,False,False,False,eligible_for_shift_screen
5303,19577,2MFX,True,True,True,False,False,False,False,eligible_for_shift_screen
5304,19578,2MFY,True,True,True,False,False,False,False,eligible_for_shift_screen
5305,19579,2MFZ,True,True,True,False,False,False,False,eligible_for_shift_screen
5306,19580,2MG0,True,True,True,False,False,False,False,eligible_for_shift_screen
5307,19581,2MG1,True,True,True,False,False,False,False,eligible_for_shift_screen
5308,19582,2MG2,True,True,True,False,False,False,False,eligible_for_shift_screen
5309,19583,2MG3,True,True,True,False,False,False,False,eligible_for_shift_screen
5310,19585,2MG4,True,True,True,False,False,False,False,eligible_for_shift_screen
5311,19586,2MG5,True,True,True,False,False,False,False,eligible_for_shift_screen
5312,19587,2MG6,True,True,True,False,False,False,False,eligible_for_shift_screen
5313,19592,2MG8,True,True,True,False,False,False,False,eligible_for_shift_screen
5314,19593,2MG9,True,True,True,False,False,False,False,eligible_for_shift_screen
5315,19594,2MGN,True,True,True,False,False,False,False,eligible_for_shift_screen
5316,19595,2MGO,True,True,True,False,False,False,False,eligible_for_shift_screen
5317,19600,2MGQ,True,True,True,False,False,False,False,eligible_for_shift_screen
5318,19601,2MGS,True,True,True,False,False,False,False,eligible_for_shift_screen
5319,19602,2MGT,True,True,True,False,False,False,False,eligible_for_shift_screen
5320,19604,2MGU,True,True,True,False,False,False,False,eligible_for_shift_screen
5321,19605,2MGV,True,True,True,False,False,False,False,eligible_for_shift_screen
5322,19606,2MGW,True,True,True,False,False,False,False,eligible_for_shift_screen
5323,19607,2MGX,True,True,True,False,False,False,False,eligible_for_shift_screen
5324,19608,2MGY,True,True,True,False,False,False,False,eligible_for_shift_screen
5325,19609,2MGZ,True,True,True,False,False,False,False,eligible_for_shift_screen
5326,19610,2MH0,True,True,True,False,False,False,False,eligible_for_shift_screen
5327,19611,2MH1,True,True,True,False,False,False,False,eligible_for_shift_screen
5328,19613,2MH2,True,True,True,False,False,False,False,eligible_for_shift_screen
5329,19614,2MH3,True,True,True,False,False,False,False,eligible_for_shift_screen
5330,19617,2MH4,True,True,True,False,False,False,False,eligible_for_shift_screen
5331,19618,2MI2,True,True,True,False,False,False,False,eligible_for_shift_screen
5332,19619,2MH5,True,True,True,False,False,False,False,eligible_for_shift_screen
5333,19620,2MH6,True,True,True,False,False,False,False,eligible_for_shift_screen
5334,19621,2MHF,True,True,True,False,False,False,False,eligible_for_shift_screen
5335,19622,2N0S,True,True,True,False,False,False,False,eligible_for_shift_screen
5336,19623,2MH8,True,True,True,False,False,False,False,eligible_for_shift_screen
5337,19625,2MHC,True,True,True,False,False,False,False,eligible_for_shift_screen
5338,19626,2MJF,True,True,True,False,False,False,False,eligible_for_shift_screen
5339,19627,2MHD,True,True,True,False,False,False,False,eligible_for_shift_screen
5340,19628,2MHE,True,True,True,False,False,False,False,eligible_for_shift_screen
5341,19632,2MHG,True,True,True,False,False,False,False,eligible_for_shift_screen
5342,19633,2MHH,True,True,True,False,False,False,False,eligible_for_shift_screen
5343,19634,2MHI,True,True,True,False,False,False,False,eligible_for_shift_screen
5344,19635,2MHJ,True,True,True,False,False,False,False,eligible_for_shift_screen
5345,19637,2MHL,True,True,True,False,False,False,False,eligible_for_shift_screen
5346,19638,2MHM,True,True,True,False,False,False,False,eligible_for_shift_screen
5347,19642,2MHN,True,True,True,False,False,False,False,eligible_for_shift_screen
5348,19643,2MHO,True,True,True,False,False,False,False,eligible_for_shift_screen
5349,19646,2MHP,True,True,True,False,False,False,False,eligible_for_shift_screen
5350,19653,4CH1,True,True,True,False,False,False,False,eligible_for_shift_screen
5351,19654,2MHS,True,True,True,False,False,False,False,eligible_for_shift_screen
5352,19657,2MHV,True,True,True,False,False,False,False,eligible_for_shift_screen
5353,19658,2MHW,True,True,True,False,False,False,False,eligible_for_shift_screen
5354,19659,2MHX,True,True,True,False,False,False,False,eligible_for_shift_screen
5355,19660,2MHY,True,True,True,False,False,False,False,eligible_for_shift_screen
5356,19661,2MHZ,True,True,True,False,False,False,False,eligible_for_shift_screen
5357,19662,2MI0,True,True,True,False,False,False,False,eligible_for_shift_screen
5358,19663,2MI1,True,True,True,False,False,False,False,eligible_for_shift_screen
5359,19664,2NDO,True,True,True,False,False,False,False,eligible_for_shift_screen
5360,19666,2MI5,True,True,True,False,False,False,False,eligible_for_shift_screen
5361,19667,2MI6,True,True,True,False,False,False,False,eligible_for_shift_screen
5362,19668,2MI7,True,True,True,False,False,False,False,eligible_for_shift_screen
5363,19670,2MI8,True,True,True,False,False,False,False,eligible_for_shift_screen
5364,19673,2MIC,True,True,True,False,False,False,False,eligible_for_shift_screen
5365,19674,2MID,True,True,True,False,False,False,False,eligible_for_shift_screen
5366,19675,2MIE,True,True,True,False,False,False,False,eligible_for_shift_screen
5367,19677,2MIF,True,True,True,False,False,False,False,eligible_for_shift_screen
5368,19678,2MIG,True,True,True,False,False,False,False,eligible_for_shift_screen
5369,19679,2MIH,True,True,True,False,False,False,False,eligible_for_shift_screen
5370,19681,2MII,True,True,True,False,False,False,False,eligible_for_shift_screen
5371,19682,2MIQ,True,True,True,False,False,False,False,eligible_for_shift_screen
5372,19683,2MIJ,True,True,True,False,False,False,False,eligible_for_shift_screen
5373,19684,2MIO,True,True,True,False,False,False,False,eligible_for_shift_screen
5374,19685,2MY7,True,True,True,False,False,False,False,eligible_for_shift_screen
5375,19687,2MIM,True,True,True,False,False,False,False,eligible_for_shift_screen
5376,19688,2MNJ,True,True,True,False,False,False,False,eligible_for_shift_screen
5377,19689,2MZV,True,True,True,False,False,False,False,eligible_for_shift_screen
5378,19692,2MIS,True,True,True,False,False,False,False,eligible_for_shift_screen
5379,19693,2MIT,True,True,True,False,False,False,False,eligible_for_shift_screen
5380,19694,2MIU,True,True,True,False,False,False,False,eligible_for_shift_screen
5381,19695,2MIV,True,True,True,False,False,False,False,eligible_for_shift_screen
5382,19696,2MIW,True,True,True,False,False,False,False,eligible_for_shift_screen
5383,19697,2MIX,True,True,True,False,False,False,False,eligible_for_shift_screen
5384,19698,2MIY,True,True,True,False,False,False,False,eligible_for_shift_screen
5385,19699,2MIZ,True,True,True,False,False,False,False,eligible_for_shift_screen
5386,19700,2MJ0,True,True,True,False,False,False,False,eligible_for_shift_screen
5387,19701,2MJ1,True,True,True,False,False,False,False,eligible_for_shift_screen
5388,19702,2MJ2,True,True,True,False,False,False,False,eligible_for_shift_screen
5389,19703,2MJ3,True,True,True,False,False,False,False,eligible_for_shift_screen
5390,19704,2MJ4,True,True,True,False,False,False,False,eligible_for_shift_screen
5391,19707,2MJ6,True,True,True,False,False,False,False,eligible_for_shift_screen
5392,19709,2MJ7,True,True,True,False,False,False,False,eligible_for_shift_screen
5393,19710,2MJ8,True,True,True,False,False,False,False,eligible_for_shift_screen
5394,19712,2MJ9,True,True,True,False,False,False,False,eligible_for_shift_screen
5395,19713,2MJA,True,True,True,False,False,False,False,eligible_for_shift_screen
5396,19714,2MN6,True,True,True,False,False,False,False,eligible_for_shift_screen
5397,19716,2MJC,True,True,True,False,False,False,False,eligible_for_shift_screen
5398,19717,2MJD,True,True,True,False,False,False,False,eligible_for_shift_screen
5399,19718,2MJE,True,True,True,False,False,False,False,eligible_for_shift_screen
5400,19726,2MJH,True,True,True,False,False,False,False,eligible_for_shift_screen
5401,19727,2MJI,True,True,True,False,False,False,False,eligible_for_shift_screen
5402,19728,2MJJ,True,True,True,False,False,False,False,eligible_for_shift_screen
5403,19729,2MJK,True,True,True,False,False,False,False,eligible_for_shift_screen
5404,19731,2MJL,True,True,True,False,False,False,False,eligible_for_shift_screen
5405,19732,2MJM,True,True,True,False,False,False,False,eligible_for_shift_screen
5406,19735,2MJN,True,True,True,False,False,False,False,eligible_for_shift_screen
5407,19736,2MXN,True,True,True,False,False,False,False,eligible_for_shift_screen
5408,19737,2MJU,True,True,True,False,False,False,False,eligible_for_shift_screen
5409,19738,2MJV,True,True,True,False,False,False,False,eligible_for_shift_screen
5410,19739,2MJW,True,True,True,False,False,False,False,eligible_for_shift_screen
5411,19741,2MJO,True,True,True,False,False,False,False,eligible_for_shift_screen
5412,19745,2MJX,True,True,True,False,False,False,False,eligible_for_shift_screen
5413,19746,2MJY,True,True,True,False,False,False,False,eligible_for_shift_screen
5414,19747,2MJZ,True,True,True,False,False,False,False,eligible_for_shift_screen
5415,19748,2MK1,True,True,True,False,False,False,False,eligible_for_shift_screen
5416,19749,2MK2,True,True,True,False,False,False,False,eligible_for_shift_screen
5417,19750,2MK3,True,True,True,False,False,False,False,eligible_for_shift_screen
5418,19751,2MK4,True,True,True,False,False,False,False,eligible_for_shift_screen
5419,19752,2MK5,True,True,True,False,False,False,False,eligible_for_shift_screen
5420,19753,2N03,True,True,True,False,False,False,False,eligible_for_shift_screen
5421,19755,2MK6,True,True,True,False,False,False,False,eligible_for_shift_screen
5422,19758,6FD7,True,True,True,False,False,False,False,eligible_for_shift_screen
5423,19759,2MK7,True,True,True,False,False,False,False,eligible_for_shift_screen
5424,19764,2MK9,True,True,True,False,False,False,False,eligible_for_shift_screen
5425,19765,2MKB,True,True,True,False,False,False,False,eligible_for_shift_screen
5426,19766,2MKC,True,True,True,False,False,False,False,eligible_for_shift_screen
5427,19771,2MKE,True,True,True,False,False,False,False,eligible_for_shift_screen
5428,19773,2MKF,True,True,True,False,False,False,False,eligible_for_shift_screen
5429,19774,2MKG,True,True,True,False,False,False,False,eligible_for_shift_screen
5430,19775,2MKH,True,True,True,False,False,False,False,eligible_for_shift_screen
5431,19776,2MKI,True,True,True,False,False,False,False,eligible_for_shift_screen
5432,19777,2MKJ,True,True,True,False,False,False,False,eligible_for_shift_screen
5433,19778,2MKK,True,True,True,False,False,False,False,eligible_for_shift_screen
5434,19779,4CPG,True,True,True,False,False,False,False,eligible_for_shift_screen
5435,19782,6GCJ,True,True,True,False,False,False,False,eligible_for_shift_screen
5436,19783,2MKL,True,True,True,False,False,False,False,eligible_for_shift_screen
5437,19784,2MKM,True,True,True,False,False,False,False,eligible_for_shift_screen
5438,19789,2MKP,True,True,True,False,False,False,False,eligible_for_shift_screen
5439,19791,2MKR,True,True,True,False,False,False,False,eligible_for_shift_screen
5440,19792,2MKS,True,True,True,False,False,False,False,eligible_for_shift_screen
5441,19797,2MKV,True,True,True,False,False,False,False,eligible_for_shift_screen
5442,19798,2MKW,True,True,True,False,False,False,False,eligible_for_shift_screen
5443,19799,2MKX,True,True,True,False,False,False,False,eligible_for_shift_screen
5444,19800,2MKY,True,True,True,False,False,False,False,eligible_for_shift_screen
5445,19801,2MKZ,True,True,True,False,False,False,False,eligible_for_shift_screen
5446,19806,2ML5,True,True,True,False,False,False,False,eligible_for_shift_screen
5447,19807,2ML6,True,True,True,False,False,False,False,eligible_for_shift_screen
5448,19808,2ML7,True,True,True,False,False,False,False,eligible_for_shift_screen
5449,19809,2ML9,True,True,True,False,False,False,False,eligible_for_shift_screen
5450,19810,2MLA,True,True,True,False,False,False,False,eligible_for_shift_screen
5451,19811,2MLB,True,True,True,False,False,False,False,eligible_for_shift_screen
5452,19813,2MLD,True,True,True,False,False,False,False,eligible_for_shift_screen
5453,19816,2MLE,True,True,True,False,False,False,False,eligible_for_shift_screen
5454,19817,2MLF,True,True,True,False,False,False,False,eligible_for_shift_screen
5455,19821,2MLG,True,True,True,False,False,False,False,eligible_for_shift_screen
5456,19822,2MLI,True,True,True,False,False,False,False,eligible_for_shift_screen
5457,19823,2MLJ,True,True,True,False,False,False,False,eligible_for_shift_screen
5458,19824,4CRP,True,True,True,False,False,False,False,eligible_for_shift_screen
5459,19826,2MLM,True,True,True,False,False,False,False,eligible_for_shift_screen
5460,19828,2MLO,True,True,True,False,False,False,False,eligible_for_shift_screen
5461,19829,2MLQ,True,True,True,False,False,False,False,eligible_for_shift_screen
5462,19830,2MM8,True,True,True,False,False,False,False,eligible_for_shift_screen
5463,19832,2MLU,True,True,True,False,False,False,False,eligible_for_shift_screen
5464,19833,2MLV,True,True,True,False,False,False,False,eligible_for_shift_screen
5465,19834,2MLW,True,True,True,False,False,False,False,eligible_for_shift_screen
5466,19835,2MLX,True,True,True,False,False,False,False,eligible_for_shift_screen
5467,19836,2MLY,True,True,True,False,False,False,False,eligible_for_shift_screen
5468,19837,2MLZ,True,True,True,False,False,False,False,eligible_for_shift_screen
5469,19840,2MM0,True,True,True,False,False,False,False,eligible_for_shift_screen
5470,19841,2MM2,True,True,True,False,False,False,False,eligible_for_shift_screen
5471,19843,2MM3,True,True,True,False,False,False,False,eligible_for_shift_screen
5472,19845,2MM4,True,True,True,False,False,False,False,eligible_for_shift_screen
5473,19846,2MM5,True,True,True,False,False,False,False,eligible_for_shift_screen
5474,19847,2MM6,True,True,True,False,False,False,False,eligible_for_shift_screen
5475,19848,4CSQ,True,True,True,False,False,False,False,eligible_for_shift_screen
5476,19849,2MM9,True,True,True,False,False,False,False,eligible_for_shift_screen
5477,19850,2MMA,True,True,True,False,False,False,False,eligible_for_shift_screen
5478,19851,2MMB,True,True,True,False,False,False,False,eligible_for_shift_screen
5479,19852,2MMC,True,True,True,False,False,False,False,eligible_for_shift_screen
5480,19853,2MMF,True,True,True,False,False,False,False,eligible_for_shift_screen
5481,19854,2MMG,True,True,True,False,False,False,False,eligible_for_shift_screen
5482,19855,2MMI,True,True,True,False,False,False,False,eligible_for_shift_screen
5483,19856,2MMJ,True,True,True,False,False,False,False,eligible_for_shift_screen
5484,19857,2MMK,True,True,True,False,False,False,False,eligible_for_shift_screen
5485,19858,2MML,True,True,True,False,False,False,False,eligible_for_shift_screen
5486,19859,2MMM,True,True,True,False,False,False,False,eligible_for_shift_screen
5487,19860,2MMP,True,True,True,False,False,False,False,eligible_for_shift_screen
5488,19861,2MMQ,True,True,True,False,False,False,False,eligible_for_shift_screen
5489,19862,2MMR,True,True,True,False,False,False,False,eligible_for_shift_screen
5490,19863,2MMS,True,True,True,False,False,False,False,eligible_for_shift_screen
5491,19865,2MMT,True,True,True,False,False,False,False,eligible_for_shift_screen
5492,19866,2ND4,True,True,True,False,False,False,False,eligible_for_shift_screen
5493,19867,2MMU,True,True,True,False,False,False,False,eligible_for_shift_screen
5494,19869,2MMV,True,True,True,False,False,False,False,eligible_for_shift_screen
5495,19870,2MMX,True,True,True,False,False,False,False,eligible_for_shift_screen
5496,19872,2MMZ,True,True,True,False,False,False,False,eligible_for_shift_screen
5497,19873,2MN0,True,True,True,False,False,False,False,eligible_for_shift_screen
5498,19874,2MN1,True,True,True,False,False,False,False,eligible_for_shift_screen
5499,19875,2MPC,True,True,True,False,False,False,False,eligible_for_shift_screen
5500,19876,2MN2,True,True,True,False,False,False,False,eligible_for_shift_screen
5501,19878,2MN3,True,True,True,False,False,False,False,eligible_for_shift_screen
5502,19879,2MN4,True,True,True,False,False,False,False,eligible_for_shift_screen
5503,19880,2MN5,True,True,True,False,False,False,False,eligible_for_shift_screen
5504,19881,2MN7,True,True,True,False,False,False,False,eligible_for_shift_screen
5505,19882,2MN8,True,True,True,False,False,False,False,eligible_for_shift_screen
5506,19883,2MN9,True,True,True,False,False,False,False,eligible_for_shift_screen
5507,19886,2MNB,True,True,True,False,False,False,False,eligible_for_shift_screen
5508,19887,2MNC,True,True,True,False,False,False,False,eligible_for_shift_screen
5509,19888,2MND,True,True,True,False,False,False,False,eligible_for_shift_screen
5510,19889,2MNE,True,True,True,False,False,False,False,eligible_for_shift_screen
5511,19890,2MNF,True,True,True,False,False,False,False,eligible_for_shift_screen
5512,19891,2MNG,True,True,True,False,False,False,False,eligible_for_shift_screen
5513,19892,2MNH,True,True,True,False,False,False,False,eligible_for_shift_screen
5514,19893,2MNI,True,True,True,False,False,False,False,eligible_for_shift_screen
5515,19901,2MNQ,True,True,True,False,False,False,False,eligible_for_shift_screen
5516,19902,2MNS,True,True,True,False,False,False,False,eligible_for_shift_screen
5517,19904,2N87,True,True,True,False,False,False,False,eligible_for_shift_screen
5518,19905,2MX4,True,True,True,False,False,False,False,eligible_for_shift_screen
5519,19906,2MNU,True,True,True,False,False,False,False,eligible_for_shift_screen
5520,19910,2MNW,True,True,True,False,False,False,False,eligible_for_shift_screen
5521,19911,4CZ3,True,True,True,False,False,False,False,eligible_for_shift_screen
5522,19912,2MNX,True,True,True,False,False,False,False,eligible_for_shift_screen
5523,19913,2MNY,True,True,True,False,False,False,False,eligible_for_shift_screen
5524,19914,2MNZ,True,True,True,False,False,False,False,eligible_for_shift_screen
5525,19915,2MO0,True,True,True,False,False,False,False,eligible_for_shift_screen
5526,19916,2MO1,True,True,True,False,False,False,False,eligible_for_shift_screen
5527,19917,2MO2,True,True,True,False,False,False,False,eligible_for_shift_screen
5528,19921,2MO5,True,True,True,False,False,False,False,eligible_for_shift_screen
5529,19925,2MO7,True,True,True,False,False,False,False,eligible_for_shift_screen
5530,19929,4CZ4,True,True,True,False,False,False,False,eligible_for_shift_screen
5531,19932,2MOA,True,True,True,False,False,False,False,eligible_for_shift_screen
5532,19933,2MOC,True,True,True,False,False,False,False,eligible_for_shift_screen
5533,19938,6ALI,True,True,True,False,False,False,False,eligible_for_shift_screen
5534,19939,2MOE,True,True,True,False,False,False,False,eligible_for_shift_screen
5535,19941,2MOF,True,True,True,False,False,False,False,eligible_for_shift_screen
5536,19942,2MOG,True,True,True,False,False,False,False,eligible_for_shift_screen
5537,19943,2MOI,True,True,True,False,False,False,False,eligible_for_shift_screen
5538,19945,2MOK,True,True,True,False,False,False,False,eligible_for_shift_screen
5539,19946,2MOL,True,True,True,False,False,False,False,eligible_for_shift_screen
5540,19947,2MOP,True,True,True,False,False,False,False,eligible_for_shift_screen
5541,19952,2MOU,True,True,True,False,False,False,False,eligible_for_shift_screen
5542,19953,2MOV,True,True,True,False,False,False,False,eligible_for_shift_screen
5543,19954,2MOW,True,True,True,False,False,False,False,eligible_for_shift_screen
5544,19955,2MOX,True,True,True,False,False,False,False,eligible_for_shift_screen
5545,19957,2NBJ,True,True,True,False,False,False,False,eligible_for_shift_screen
5546,19958,2MP0,True,True,True,False,False,False,False,eligible_for_shift_screen
5547,19959,4CYK,True,True,True,False,False,False,False,eligible_for_shift_screen
5548,19960,2MP1,True,True,True,False,False,False,False,eligible_for_shift_screen
5549,19961,2MP2,True,True,True,False,False,False,False,eligible_for_shift_screen
5550,19962,2MP3,True,True,True,False,False,False,False,eligible_for_shift_screen
5551,19963,2MP5,True,True,True,False,False,False,False,eligible_for_shift_screen
5552,19966,2N34,True,True,True,False,False,False,False,eligible_for_shift_screen
5553,19970,2MP8,True,True,True,False,False,False,False,eligible_for_shift_screen
5554,19971,2MXA,True,True,True,False,False,False,False,eligible_for_shift_screen
5555,19973,2MP9,True,True,True,False,False,False,False,eligible_for_shift_screen
5556,19974,2MPB,True,True,True,False,False,False,False,eligible_for_shift_screen
5557,19977,2MPF,True,True,True,False,False,False,False,eligible_for_shift_screen
5558,19978,2MPG,True,True,True,False,False,False,False,eligible_for_shift_screen
5559,19979,2MPI,True,True,True,False,False,False,False,eligible_for_shift_screen
5560,19984,5LW4,True,True,True,False,False,False,False,eligible_for_shift_screen
5561,19984,6TWE,True,True,True,False,False,False,False,eligible_for_shift_screen
5562,19986,2MPJ,True,True,True,False,False,False,False,eligible_for_shift_screen
5563,19987,2MPK,True,True,True,False,False,False,False,eligible_for_shift_screen
5564,19988,2MPL,True,True,True,False,False,False,False,eligible_for_shift_screen
5565,19989,2MPM,True,True,True,False,False,False,False,eligible_for_shift_screen
5566,19994,2MPN,True,True,True,False,False,False,False,eligible_for_shift_screen
5567,19998,2MPQ,True,True,True,False,False,False,False,eligible_for_shift_screen
5568,20009,2RVD,True,True,True,False,False,False,False,eligible_for_shift_screen
5569,20048,2LXG,True,True,True,False,False,False,False,eligible_for_shift_screen
5570,20074,2KIB,True,True,True,False,False,False,False,eligible_for_shift_screen
5571,20115,2KS9,True,True,True,False,False,False,False,eligible_for_shift_screen
5572,20116,2KSA,True,True,True,False,False,False,False,eligible_for_shift_screen
5573,20117,2KSB,True,True,True,False,False,False,False,eligible_for_shift_screen
5574,21000,2MMW,True,True,True,False,False,False,False,eligible_for_shift_screen
5575,21019,2RSW,True,True,True,False,False,False,False,eligible_for_shift_screen
5576,25000,2MPT,True,True,True,False,False,False,False,eligible_for_shift_screen
5577,25001,2MPV,True,True,True,False,False,False,False,eligible_for_shift_screen
5578,25002,2MPW,True,True,True,False,False,False,False,eligible_for_shift_screen
5579,25004,2MPZ,True,True,True,False,False,False,False,eligible_for_shift_screen
5580,25005,2MPX,True,True,True,False,False,False,False,eligible_for_shift_screen
5581,25007,2MQ0,True,True,True,False,False,False,False,eligible_for_shift_screen
5582,25008,2MQ1,True,True,True,False,False,False,False,eligible_for_shift_screen
5583,25009,2MQ2,True,True,True,False,False,False,False,eligible_for_shift_screen
5584,25010,2MQ3,True,True,True,False,False,False,False,eligible_for_shift_screen
5585,25011,2MQ4,True,True,True,False,False,False,False,eligible_for_shift_screen
5586,25012,2MQ5,True,True,True,False,False,False,False,eligible_for_shift_screen
5587,25016,2MQ6,True,True,True,False,False,False,False,eligible_for_shift_screen
5588,25018,2MQ8,True,True,True,False,False,False,False,eligible_for_shift_screen
5589,25020,2MQ9,True,True,True,False,False,False,False,eligible_for_shift_screen
5590,25024,2MQA,True,True,True,False,False,False,False,eligible_for_shift_screen
5591,25026,2MQB,True,True,True,False,False,False,False,eligible_for_shift_screen
5592,25027,2MQC,True,True,True,False,False,False,False,eligible_for_shift_screen
5593,25028,2MQD,True,True,True,False,False,False,False,eligible_for_shift_screen
5594,25030,2MQE,True,True,True,False,False,False,False,eligible_for_shift_screen
5595,25031,2MQF,True,True,True,False,False,False,False,eligible_for_shift_screen
5596,25032,2MQG,True,True,True,False,False,False,False,eligible_for_shift_screen
5597,25033,2MQH,True,True,True,False,False,False,False,eligible_for_shift_screen
5598,25036,2MQJ,True,True,True,False,False,False,False,eligible_for_shift_screen
5599,25037,2MQK,True,True,True,False,False,False,False,eligible_for_shift_screen
5600,25038,2MQL,True,True,True,False,False,False,False,eligible_for_shift_screen
5601,25039,2MQM,True,True,True,False,False,False,False,eligible_for_shift_screen
5602,25040,2MQN,True,True,True,False,False,False,False,eligible_for_shift_screen
5603,25041,2MQO,True,True,True,False,False,False,False,eligible_for_shift_screen
5604,25042,2MQP,True,True,True,False,False,False,False,eligible_for_shift_screen
5605,25043,2MQQ,True,True,True,False,False,False,False,eligible_for_shift_screen
5606,25047,4UQT,True,True,True,False,False,False,False,eligible_for_shift_screen
5607,25048,2MQS,True,True,True,False,False,False,False,eligible_for_shift_screen
5608,25049,2MQT,True,True,True,False,False,False,False,eligible_for_shift_screen
5609,25050,2MQU,True,True,True,False,False,False,False,eligible_for_shift_screen
5610,25052,2MQV,True,True,True,False,False,False,False,eligible_for_shift_screen
5611,25061,2MR5,True,True,True,False,False,False,False,eligible_for_shift_screen
5612,25062,2MR6,True,True,True,False,False,False,False,eligible_for_shift_screen
5613,25064,2MR7,True,True,True,False,False,False,False,eligible_for_shift_screen
5614,25065,2MR8,True,True,True,False,False,False,False,eligible_for_shift_screen
5615,25066,2MR9,True,True,True,False,False,False,False,eligible_for_shift_screen
5616,25067,2MRA,True,True,True,False,False,False,False,eligible_for_shift_screen
5617,25068,2MRC,True,True,True,False,False,False,False,eligible_for_shift_screen
5618,25069,2MRD,True,True,True,False,False,False,False,eligible_for_shift_screen
5619,25070,2MRE,True,True,True,False,False,False,False,eligible_for_shift_screen
5620,25071,2MRF,True,True,True,False,False,False,False,eligible_for_shift_screen
5621,25076,2MS7,True,True,True,False,False,False,False,eligible_for_shift_screen
5622,25079,2MV6,True,True,True,False,False,False,False,eligible_for_shift_screen
5623,25081,2MRJ,True,True,True,False,False,False,False,eligible_for_shift_screen
5624,25082,2MRK,True,True,True,False,False,False,False,eligible_for_shift_screen
5625,25083,2MRL,True,True,True,False,False,False,False,eligible_for_shift_screen
5626,25085,2MRM,True,True,True,False,False,False,False,eligible_for_shift_screen
5627,25086,2MRN,True,True,True,False,False,False,False,eligible_for_shift_screen
5628,25087,2MV4,True,True,True,False,False,False,False,eligible_for_shift_screen
5629,25088,2MWS,True,True,True,False,False,False,False,eligible_for_shift_screen
5630,25092,2MRU,True,True,True,False,False,False,False,eligible_for_shift_screen
5631,25096,2MRW,True,True,True,False,False,False,False,eligible_for_shift_screen
5632,25098,2MRY,True,True,True,False,False,False,False,eligible_for_shift_screen
5633,25099,2MRZ,True,True,True,False,False,False,False,eligible_for_shift_screen
5634,25100,2MS0,True,True,True,False,False,False,False,eligible_for_shift_screen
5635,25101,2MS1,True,True,True,False,False,False,False,eligible_for_shift_screen
5636,25102,2MS3,True,True,True,False,False,False,False,eligible_for_shift_screen
5637,25104,2MS4,True,True,True,False,False,False,False,eligible_for_shift_screen
5638,25106,2MS5,True,True,True,False,False,False,False,eligible_for_shift_screen
5639,25107,2MS6,True,True,True,False,False,False,False,eligible_for_shift_screen
5640,25109,2MS8,True,True,True,False,False,False,False,eligible_for_shift_screen
5641,25110,2MS9,True,True,True,False,False,False,False,eligible_for_shift_screen
5642,25112,2MSA,True,True,True,False,False,False,False,eligible_for_shift_screen
5643,25114,2MSC,True,True,True,False,False,False,False,eligible_for_shift_screen
5644,25115,2MSD,True,True,True,False,False,False,False,eligible_for_shift_screen
5645,25116,2MSE,True,True,True,False,False,False,False,eligible_for_shift_screen
5646,25122,2MSF,True,True,True,False,False,False,False,eligible_for_shift_screen
5647,25123,2MSG,True,True,True,False,False,False,False,eligible_for_shift_screen
5648,25124,2MSK,True,True,True,False,False,False,False,eligible_for_shift_screen
5649,25125,2MSL,True,True,True,False,False,False,False,eligible_for_shift_screen
5650,25127,2MSN,True,True,True,False,False,False,False,eligible_for_shift_screen
5651,25128,2MSO,True,True,True,False,False,False,False,eligible_for_shift_screen
5652,25129,2MSQ,True,True,True,False,False,False,False,eligible_for_shift_screen
5653,25130,2MSR,True,True,True,False,False,False,False,eligible_for_shift_screen
5654,25131,2MSU,True,True,True,False,False,False,False,eligible_for_shift_screen
5655,25132,5ISN,True,True,True,False,False,False,False,eligible_for_shift_screen
5656,25135,2MSV,True,True,True,False,False,False,False,eligible_for_shift_screen
5657,25137,2MSW,True,True,True,False,False,False,False,eligible_for_shift_screen
5658,25138,2N3F,True,True,True,False,False,False,False,eligible_for_shift_screen
5659,25139,2MSX,True,True,True,False,False,False,False,eligible_for_shift_screen
5660,25142,2MSY,True,True,True,False,False,False,False,eligible_for_shift_screen
5661,25147,2MT3,True,True,True,False,False,False,False,eligible_for_shift_screen
5662,25148,2MT4,True,True,True,False,False,False,False,eligible_for_shift_screen
5663,25149,2MT5,True,True,True,False,False,False,False,eligible_for_shift_screen
5664,25150,2MT6,True,True,True,False,False,False,False,eligible_for_shift_screen
5665,25151,2MT7,True,True,True,False,False,False,False,eligible_for_shift_screen
5666,25152,2MT8,True,True,True,False,False,False,False,eligible_for_shift_screen
5667,25153,2MT9,True,True,True,False,False,False,False,eligible_for_shift_screen
5668,25155,2MTB,True,True,True,False,False,False,False,eligible_for_shift_screen
5669,25156,2MTC,True,True,True,False,False,False,False,eligible_for_shift_screen
5670,25157,2MTD,True,True,True,False,False,False,False,eligible_for_shift_screen
5671,25158,2MTE,True,True,True,False,False,False,False,eligible_for_shift_screen
5672,25159,2MTF,True,True,True,False,False,False,False,eligible_for_shift_screen
5673,25160,2MTG,True,True,True,False,False,False,False,eligible_for_shift_screen
5674,25163,2MTJ,True,True,True,False,False,False,False,eligible_for_shift_screen
5675,25164,2MTK,True,True,True,False,False,False,False,eligible_for_shift_screen
5676,25165,2MTL,True,True,True,False,False,False,False,eligible_for_shift_screen
5677,25168,2MU4,True,True,True,False,False,False,False,eligible_for_shift_screen
5678,25169,2MTM,True,True,True,False,False,False,False,eligible_for_shift_screen
5679,25171,2MTN,True,True,True,False,False,False,False,eligible_for_shift_screen
5680,25174,2MTO,True,True,True,False,False,False,False,eligible_for_shift_screen
5681,25175,2N32,True,True,True,False,False,False,False,eligible_for_shift_screen
5682,25176,2MTP,True,True,True,False,False,False,False,eligible_for_shift_screen
5683,25177,2MTQ,True,True,True,False,False,False,False,eligible_for_shift_screen
5684,25181,2MTS,True,True,True,False,False,False,False,eligible_for_shift_screen
5685,25186,2MTT,True,True,True,False,False,False,False,eligible_for_shift_screen
5686,25187,2MTU,True,True,True,False,False,False,False,eligible_for_shift_screen
5687,25188,2MTV,True,True,True,False,False,False,False,eligible_for_shift_screen
5688,25189,2MTW,True,True,True,False,False,False,False,eligible_for_shift_screen
5689,25190,2MTX,True,True,True,False,False,False,False,eligible_for_shift_screen
5690,25191,2MTY,True,True,True,False,False,False,False,eligible_for_shift_screen
5691,25192,2MTZ,True,True,True,False,False,False,False,eligible_for_shift_screen
5692,25194,2N2E,True,True,True,False,False,False,False,eligible_for_shift_screen
5693,25195,2MU0,True,True,True,False,False,False,False,eligible_for_shift_screen
5694,25200,2MU6,True,True,True,False,False,False,False,eligible_for_shift_screen
5695,25201,2MU7,True,True,True,False,False,False,False,eligible_for_shift_screen
5696,25202,2MU8,True,True,True,False,False,False,False,eligible_for_shift_screen
5697,25203,2MU9,True,True,True,False,False,False,False,eligible_for_shift_screen
5698,25204,2MUA,True,True,True,False,False,False,False,eligible_for_shift_screen
5699,25205,2MUB,True,True,True,False,False,False,False,eligible_for_shift_screen
5700,25206,2MUD,True,True,True,False,False,False,False,eligible_for_shift_screen
5701,25207,2MUE,True,True,True,False,False,False,False,eligible_for_shift_screen
5702,25209,2MUF,True,True,True,False,False,False,False,eligible_for_shift_screen
5703,25210,4UZM,True,True,True,False,False,False,False,eligible_for_shift_screen
5704,25211,2MUG,True,True,True,False,False,False,False,eligible_for_shift_screen
5705,25212,2MUH,True,True,True,False,False,False,False,eligible_for_shift_screen
5706,25213,4UZW,True,True,True,False,False,False,False,eligible_for_shift_screen
5707,25214,4UZX,True,True,True,False,False,False,False,eligible_for_shift_screen
5708,25215,2MUJ,True,True,True,False,False,False,False,eligible_for_shift_screen
5709,25217,2MUK,True,True,True,False,False,False,False,eligible_for_shift_screen
5710,25219,2MUL,True,True,True,False,False,False,False,eligible_for_shift_screen
5711,25220,2MVS,True,True,True,False,False,False,False,eligible_for_shift_screen
5712,25221,2MUM,True,True,True,False,False,False,False,eligible_for_shift_screen
5713,25223,2MUN,True,True,True,False,False,False,False,eligible_for_shift_screen
5714,25229,2MUQ,True,True,True,False,False,False,False,eligible_for_shift_screen
5715,25230,2MUR,True,True,True,False,False,False,False,eligible_for_shift_screen
5716,25232,2MUT,True,True,True,False,False,False,False,eligible_for_shift_screen
5717,25233,2MUV,True,True,True,False,False,False,False,eligible_for_shift_screen
5718,25234,2MUW,True,True,True,False,False,False,False,eligible_for_shift_screen
5719,25235,2MUY,True,True,True,False,False,False,False,eligible_for_shift_screen
5720,25236,2MUZ,True,True,True,False,False,False,False,eligible_for_shift_screen
5721,25237,2N45,True,True,True,False,False,False,False,eligible_for_shift_screen
5722,25238,2MV1,True,True,True,False,False,False,False,eligible_for_shift_screen
5723,25240,2MV2,True,True,True,False,False,False,False,eligible_for_shift_screen
5724,25241,2MV3,True,True,True,False,False,False,False,eligible_for_shift_screen
5725,25242,4V10,True,True,True,False,False,False,False,eligible_for_shift_screen
5726,25243,2MYU,True,True,True,False,False,False,False,eligible_for_shift_screen
5727,25248,5LG7,True,True,True,False,False,False,False,eligible_for_shift_screen
5728,25249,5LG0,True,True,True,False,False,False,False,eligible_for_shift_screen
5729,25250,2MV8,True,True,True,False,False,False,False,eligible_for_shift_screen
5730,25251,2MV9,True,True,True,False,False,False,False,eligible_for_shift_screen
5731,25254,2MVA,True,True,True,False,False,False,False,eligible_for_shift_screen
5732,25259,2MVB,True,True,True,False,False,False,False,eligible_for_shift_screen
5733,25260,2MVC,True,True,True,False,False,False,False,eligible_for_shift_screen
5734,25261,2MVD,True,True,True,False,False,False,False,eligible_for_shift_screen
5735,25263,6MNT,True,True,True,False,False,False,False,eligible_for_shift_screen
5736,25265,2MVF,True,True,True,False,False,False,False,eligible_for_shift_screen
5737,25266,2MVG,True,True,True,False,False,False,False,eligible_for_shift_screen
5738,25268,2MVH,True,True,True,False,False,False,False,eligible_for_shift_screen
5739,25269,2MVI,True,True,True,False,False,False,False,eligible_for_shift_screen
5740,25270,2MVJ,True,True,True,False,False,False,False,eligible_for_shift_screen
5741,25273,2MVK,True,True,True,False,False,False,False,eligible_for_shift_screen
5742,25274,2MVL,True,True,True,False,False,False,False,eligible_for_shift_screen
5743,25275,2MVM,True,True,True,False,False,False,False,eligible_for_shift_screen
5744,25276,2MVN,True,True,True,False,False,False,False,eligible_for_shift_screen
5745,25277,2MVO,True,True,True,False,False,False,False,eligible_for_shift_screen
5746,25277,6QFP,True,True,True,False,False,False,False,eligible_for_shift_screen
5747,25281,2N2M,True,True,True,False,False,False,False,eligible_for_shift_screen
5748,25283,2MVT,True,True,True,False,False,False,False,eligible_for_shift_screen
5749,25284,2MVU,True,True,True,False,False,False,False,eligible_for_shift_screen
5750,25287,2MVV,True,True,True,False,False,False,False,eligible_for_shift_screen
5751,25288,2MVW,True,True,True,False,False,False,False,eligible_for_shift_screen
5752,25289,2MVX,True,True,True,False,False,False,False,eligible_for_shift_screen
5753,25290,9MEM,True,True,True,False,False,False,False,eligible_for_shift_screen
5754,25291,2MVY,True,True,True,False,False,False,False,eligible_for_shift_screen
5755,25293,2MW0,True,True,True,False,False,False,False,eligible_for_shift_screen
5756,25294,2MW1,True,True,True,False,False,False,False,eligible_for_shift_screen
5757,25296,2MW2,True,True,True,False,False,False,False,eligible_for_shift_screen
5758,25297,2MW3,True,True,True,False,False,False,False,eligible_for_shift_screen
5759,25298,2MW4,True,True,True,False,False,False,False,eligible_for_shift_screen
5760,25299,2MW5,True,True,True,False,False,False,False,eligible_for_shift_screen
5761,25300,2MW6,True,True,True,False,False,False,False,eligible_for_shift_screen
5762,25302,2MW7,True,True,True,False,False,False,False,eligible_for_shift_screen
5763,25307,2MW8,True,True,True,False,False,False,False,eligible_for_shift_screen
5764,25308,2MWC,True,True,True,False,False,False,False,eligible_for_shift_screen
5765,25309,2MW9,True,True,True,False,False,False,False,eligible_for_shift_screen
5766,25310,2MWA,True,True,True,False,False,False,False,eligible_for_shift_screen
5767,25311,2MWB,True,True,True,False,False,False,False,eligible_for_shift_screen
5768,25312,4D4W,True,True,True,False,False,False,False,eligible_for_shift_screen
5769,25313,2MWD,True,True,True,False,False,False,False,eligible_for_shift_screen
5770,25314,2MWE,True,True,True,False,False,False,False,eligible_for_shift_screen
5771,25315,2MWF,True,True,True,False,False,False,False,eligible_for_shift_screen
5772,25324,2MWH,True,True,True,False,False,False,False,eligible_for_shift_screen
5773,25326,2MWI,True,True,True,False,False,False,False,eligible_for_shift_screen
5774,25331,2MWJ,True,True,True,False,False,False,False,eligible_for_shift_screen
5775,25332,2MWK,True,True,True,False,False,False,False,eligible_for_shift_screen
5776,25334,2N7H,True,True,True,False,False,False,False,eligible_for_shift_screen
5777,25335,2MWL,True,True,True,False,False,False,False,eligible_for_shift_screen
5778,25342,2MWM,True,True,True,False,False,False,False,eligible_for_shift_screen
5779,25343,2MWN,True,True,True,False,False,False,False,eligible_for_shift_screen
5780,25347,2MWO,True,True,True,False,False,False,False,eligible_for_shift_screen
5781,25348,2MWP,True,True,True,False,False,False,False,eligible_for_shift_screen
5782,25349,5AHT,True,True,True,False,False,False,False,eligible_for_shift_screen
5783,25350,2MWQ,True,True,True,False,False,False,False,eligible_for_shift_screen
5784,25352,2MWR,True,True,True,False,False,False,False,eligible_for_shift_screen
5785,25363,2MWT,True,True,True,False,False,False,False,eligible_for_shift_screen
5786,25372,4D7X,True,True,True,False,False,False,False,eligible_for_shift_screen
5787,25376,2MWX,True,True,True,False,False,False,False,eligible_for_shift_screen
5788,25377,2MWY,True,True,True,False,False,False,False,eligible_for_shift_screen
5789,25378,2MWZ,True,True,True,False,False,False,False,eligible_for_shift_screen
5790,25380,2MX0,True,True,True,False,False,False,False,eligible_for_shift_screen
5791,25381,2MX1,True,True,True,False,False,False,False,eligible_for_shift_screen
5792,25382,2MX2,True,True,True,False,False,False,False,eligible_for_shift_screen
5793,25387,7OFN,True,True,True,False,False,False,False,eligible_for_shift_screen
5794,25394,2MX6,True,True,True,False,False,False,False,eligible_for_shift_screen
5795,25395,2MX7,True,True,True,False,False,False,False,eligible_for_shift_screen
5796,25396,2MXB,True,True,True,False,False,False,False,eligible_for_shift_screen
5797,25397,2MX8,True,True,True,False,False,False,False,eligible_for_shift_screen
5798,25398,2MX9,True,True,True,False,False,False,False,eligible_for_shift_screen
5799,25400,2N93,True,True,True,False,False,False,False,eligible_for_shift_screen
5800,25402,2MXC,True,True,True,False,False,False,False,eligible_for_shift_screen
5801,25404,2MXD,True,True,True,False,False,False,False,eligible_for_shift_screen
5802,25405,2MXE,True,True,True,False,False,False,False,eligible_for_shift_screen
5803,25407,2MXF,True,True,True,False,False,False,False,eligible_for_shift_screen
5804,25408,2MXG,True,True,True,False,False,False,False,eligible_for_shift_screen
5805,25409,2MXH,True,True,True,False,False,False,False,eligible_for_shift_screen
5806,25411,5LDL,True,True,True,False,False,False,False,eligible_for_shift_screen
5807,25414,2MXJ,True,True,True,False,False,False,False,eligible_for_shift_screen
5808,25415,2MXK,True,True,True,False,False,False,False,eligible_for_shift_screen
5809,25416,2MXL,True,True,True,False,False,False,False,eligible_for_shift_screen
5810,25419,2MXM,True,True,True,False,False,False,False,eligible_for_shift_screen
5811,25421,2MXO,True,True,True,False,False,False,False,eligible_for_shift_screen
5812,25423,2MXP,True,True,True,False,False,False,False,eligible_for_shift_screen
5813,25424,2MXQ,True,True,True,False,False,False,False,eligible_for_shift_screen
5814,25427,2MXS,True,True,True,False,False,False,False,eligible_for_shift_screen
5815,25428,2MXT,True,True,True,False,False,False,False,eligible_for_shift_screen
5816,25429,2MXU,True,True,True,False,False,False,False,eligible_for_shift_screen
5817,25433,2MXV,True,True,True,False,False,False,False,eligible_for_shift_screen
5818,25434,2MXW,True,True,True,False,False,False,False,eligible_for_shift_screen
5819,25435,2MXX,True,True,True,False,False,False,False,eligible_for_shift_screen
5820,25436,2MXY,True,True,True,False,False,False,False,eligible_for_shift_screen
5821,25437,2MXZ,True,True,True,False,False,False,False,eligible_for_shift_screen
5822,25439,2MY1,True,True,True,False,False,False,False,eligible_for_shift_screen
5823,25442,2MY2,True,True,True,False,False,False,False,eligible_for_shift_screen
5824,25443,2MY3,True,True,True,False,False,False,False,eligible_for_shift_screen
5825,25446,2MY5,True,True,True,False,False,False,False,eligible_for_shift_screen
5826,25447,2MY6,True,True,True,False,False,False,False,eligible_for_shift_screen
5827,25448,2MY9,True,True,True,False,False,False,False,eligible_for_shift_screen
5828,25449,2MYF,True,True,True,False,False,False,False,eligible_for_shift_screen
5829,25451,2MYG,True,True,True,False,False,False,False,eligible_for_shift_screen
5830,25452,2MYH,True,True,True,False,False,False,False,eligible_for_shift_screen
5831,25454,2MYJ,True,True,True,False,False,False,False,eligible_for_shift_screen
5832,25456,2MYL,True,True,True,False,False,False,False,eligible_for_shift_screen
5833,25457,2MYM,True,True,True,False,False,False,False,eligible_for_shift_screen
5834,25458,2MYQ,True,True,True,False,False,False,False,eligible_for_shift_screen
5835,25459,2MYV,True,True,True,False,False,False,False,eligible_for_shift_screen
5836,25460,2MYW,True,True,True,False,False,False,False,eligible_for_shift_screen
5837,25461,2MYX,True,True,True,False,False,False,False,eligible_for_shift_screen
5838,25464,2MYY,True,True,True,False,False,False,False,eligible_for_shift_screen
5839,25465,2MYZ,True,True,True,False,False,False,False,eligible_for_shift_screen
5840,25468,2MZ0,True,True,True,False,False,False,False,eligible_for_shift_screen
5841,25469,2MZ1,True,True,True,False,False,False,False,eligible_for_shift_screen
5842,25470,2MZ2,True,True,True,False,False,False,False,eligible_for_shift_screen
5843,25471,2MZ3,True,True,True,False,False,False,False,eligible_for_shift_screen
5844,25472,2MZ4,True,True,True,False,False,False,False,eligible_for_shift_screen
5845,25474,2MZ6,True,True,True,False,False,False,False,eligible_for_shift_screen
5846,25475,2MZ7,True,True,True,False,False,False,False,eligible_for_shift_screen
5847,25476,2MZ8,True,True,True,False,False,False,False,eligible_for_shift_screen
5848,25477,2MZ9,True,True,True,False,False,False,False,eligible_for_shift_screen
5849,25478,2MZA,True,True,True,False,False,False,False,eligible_for_shift_screen
5850,25482,2MZB,True,True,True,False,False,False,False,eligible_for_shift_screen
5851,25483,2MZC,True,True,True,False,False,False,False,eligible_for_shift_screen
5852,25484,2MZD,True,True,True,False,False,False,False,eligible_for_shift_screen
5853,25485,5UE2,True,True,True,False,False,False,False,eligible_for_shift_screen
5854,25485,5UE5,True,True,True,False,False,False,False,eligible_for_shift_screen
5855,25486,2MZF,True,True,True,False,False,False,False,eligible_for_shift_screen
5856,25487,2MZG,True,True,True,False,False,False,False,eligible_for_shift_screen
5857,25488,2MZH,True,True,True,False,False,False,False,eligible_for_shift_screen
5858,25489,2MZI,True,True,True,False,False,False,False,eligible_for_shift_screen
5859,25490,2MZK,True,True,True,False,False,False,False,eligible_for_shift_screen
5860,25491,2MZL,True,True,True,False,False,False,False,eligible_for_shift_screen
5861,25492,2MZN,True,True,True,False,False,False,False,eligible_for_shift_screen
5862,25493,5ODD,True,True,True,False,False,False,False,eligible_for_shift_screen
5863,25495,2MZP,True,True,True,False,False,False,False,eligible_for_shift_screen
5864,25496,2MZQ,True,True,True,False,False,False,False,eligible_for_shift_screen
5865,25497,2MZR,True,True,True,False,False,False,False,eligible_for_shift_screen
5866,25498,2MZS,True,True,True,False,False,False,False,eligible_for_shift_screen
5867,25499,2MZT,True,True,True,False,False,False,False,eligible_for_shift_screen
5868,25502,2MZU,True,True,True,False,False,False,False,eligible_for_shift_screen
5869,25504,2MZW,True,True,True,False,False,False,False,eligible_for_shift_screen
5870,25505,2MZX,True,True,True,False,False,False,False,eligible_for_shift_screen
5871,25508,2MZY,True,True,True,False,False,False,False,eligible_for_shift_screen
5872,25509,2MZZ,True,True,True,False,False,False,False,eligible_for_shift_screen
5873,25510,2N00,True,True,True,False,False,False,False,eligible_for_shift_screen
5874,25512,2N01,True,True,True,False,False,False,False,eligible_for_shift_screen
5875,25513,2N02,True,True,True,False,False,False,False,eligible_for_shift_screen
5876,25514,2N04,True,True,True,False,False,False,False,eligible_for_shift_screen
5877,25515,2N05,True,True,True,False,False,False,False,eligible_for_shift_screen
5878,25516,2N07,True,True,True,False,False,False,False,eligible_for_shift_screen
5879,25517,2N08,True,True,True,False,False,False,False,eligible_for_shift_screen
5880,25518,2N0A,True,True,True,False,False,False,False,eligible_for_shift_screen
5881,25519,2N0B,True,True,True,False,False,False,False,eligible_for_shift_screen
5882,25520,2N0C,True,True,True,False,False,False,False,eligible_for_shift_screen
5883,25521,2N0D,True,True,True,False,False,False,False,eligible_for_shift_screen
5884,25522,2N0E,True,True,True,False,False,False,False,eligible_for_shift_screen
5885,25523,2N0F,True,True,True,False,False,False,False,eligible_for_shift_screen
5886,25524,2N0G,True,True,True,False,False,False,False,eligible_for_shift_screen
5887,25525,2N0H,True,True,True,False,False,False,False,eligible_for_shift_screen
5888,25526,2N0J,True,True,True,False,False,False,False,eligible_for_shift_screen
5889,25527,2N0K,True,True,True,False,False,False,False,eligible_for_shift_screen
5890,25528,5IV1,True,True,True,False,False,False,False,eligible_for_shift_screen
5891,25529,2N0O,True,True,True,False,False,False,False,eligible_for_shift_screen
5892,25531,2N0Q,True,True,True,False,False,False,False,eligible_for_shift_screen
5893,25534,2N0R,True,True,True,False,False,False,False,eligible_for_shift_screen
5894,25536,2N0U,True,True,True,False,False,False,False,eligible_for_shift_screen
5895,25537,2N0V,True,True,True,False,False,False,False,eligible_for_shift_screen
5896,25538,2N0W,True,True,True,False,False,False,False,eligible_for_shift_screen
5897,25539,2N0X,True,True,True,False,False,False,False,eligible_for_shift_screen
5898,25540,2N0Y,True,True,True,False,False,False,False,eligible_for_shift_screen
5899,25541,2N0Z,True,True,True,False,False,False,False,eligible_for_shift_screen
5900,25542,2N10,True,True,True,False,False,False,False,eligible_for_shift_screen
5901,25543,2N11,True,True,True,False,False,False,False,eligible_for_shift_screen
5902,25544,2N12,True,True,True,False,False,False,False,eligible_for_shift_screen
5903,25545,2N13,True,True,True,False,False,False,False,eligible_for_shift_screen
5904,25546,2N14,True,True,True,False,False,False,False,eligible_for_shift_screen
5905,25548,2N16,True,True,True,False,False,False,False,eligible_for_shift_screen
5906,25551,2N18,True,True,True,False,False,False,False,eligible_for_shift_screen
5907,25552,2N19,True,True,True,False,False,False,False,eligible_for_shift_screen
5908,25553,2N1A,True,True,True,False,False,False,False,eligible_for_shift_screen
5909,25554,2N1B,True,True,True,False,False,False,False,eligible_for_shift_screen
5910,25555,2N1C,True,True,True,False,False,False,False,eligible_for_shift_screen
5911,25556,2N1D,True,True,True,False,False,False,False,eligible_for_shift_screen
5912,25558,2N1E,True,True,True,False,False,False,False,eligible_for_shift_screen
5913,25559,2N1G,True,True,True,False,False,False,False,eligible_for_shift_screen
5914,25560,2N1H,True,True,True,False,False,False,False,eligible_for_shift_screen
5915,25562,2N1I,True,True,True,False,False,False,False,eligible_for_shift_screen
5916,25564,2N1K,True,True,True,False,False,False,False,eligible_for_shift_screen
5917,25565,2N1L,True,True,True,False,False,False,False,eligible_for_shift_screen
5918,25567,2N1M,True,True,True,False,False,False,False,eligible_for_shift_screen
5919,25568,2N1N,True,True,True,False,False,False,False,eligible_for_shift_screen
5920,25569,2N1O,True,True,True,False,False,False,False,eligible_for_shift_screen
5921,25570,2N1P,True,True,True,False,False,False,False,eligible_for_shift_screen
5922,25571,2N1Q,True,True,True,False,False,False,False,eligible_for_shift_screen
5923,25573,2N1R,True,True,True,False,False,False,False,eligible_for_shift_screen
5924,25574,2N1S,True,True,True,False,False,False,False,eligible_for_shift_screen
5925,25575,2N1U,True,True,True,False,False,False,False,eligible_for_shift_screen
5926,25576,2N1V,True,True,True,False,False,False,False,eligible_for_shift_screen
5927,25577,2N1W,True,True,True,False,False,False,False,eligible_for_shift_screen
5928,25582,2N21,True,True,True,False,False,False,False,eligible_for_shift_screen
5929,25584,2N23,True,True,True,False,False,False,False,eligible_for_shift_screen
5930,25585,2N24,True,True,True,False,False,False,False,eligible_for_shift_screen
5931,25587,2N26,True,True,True,False,False,False,False,eligible_for_shift_screen
5932,25588,2N27,True,True,True,False,False,False,False,eligible_for_shift_screen
5933,25590,6ALK,True,True,True,False,False,False,False,eligible_for_shift_screen
5934,25591,2N28,True,True,True,False,False,False,False,eligible_for_shift_screen
5935,25592,2N29,True,True,True,False,False,False,False,eligible_for_shift_screen
5936,25593,2N2A,True,True,True,False,False,False,False,eligible_for_shift_screen
5937,25595,2N2C,True,True,True,False,False,False,False,eligible_for_shift_screen
5938,25596,2N2D,True,True,True,False,False,False,False,eligible_for_shift_screen
5939,25597,2N2F,True,True,True,False,False,False,False,eligible_for_shift_screen
5940,25598,2N2G,True,True,True,False,False,False,False,eligible_for_shift_screen
5941,25599,2N2H,True,True,True,False,False,False,False,eligible_for_shift_screen
5942,25602,2N2N,True,True,True,False,False,False,False,eligible_for_shift_screen
5943,25603,2N2O,True,True,True,False,False,False,False,eligible_for_shift_screen
5944,25604,2N2P,True,True,True,False,False,False,False,eligible_for_shift_screen
5945,25605,2N2Q,True,True,True,False,False,False,False,eligible_for_shift_screen
5946,25609,2N2R,True,True,True,False,False,False,False,eligible_for_shift_screen
5947,25610,2N2S,True,True,True,False,False,False,False,eligible_for_shift_screen
5948,25611,2N2T,True,True,True,False,False,False,False,eligible_for_shift_screen
5949,25612,2N2U,True,True,True,False,False,False,False,eligible_for_shift_screen
5950,25613,2N2V,True,True,True,False,False,False,False,eligible_for_shift_screen
5951,25614,2N2W,True,True,True,False,False,False,False,eligible_for_shift_screen
5952,25615,2N2X,True,True,True,False,False,False,False,eligible_for_shift_screen
5953,25627,2N2Y,True,True,True,False,False,False,False,eligible_for_shift_screen
5954,25630,2N2Z,True,True,True,False,False,False,False,eligible_for_shift_screen
5955,25631,2N30,True,True,True,False,False,False,False,eligible_for_shift_screen
5956,25632,2N31,True,True,True,False,False,False,False,eligible_for_shift_screen
5957,25634,2N35,True,True,True,False,False,False,False,eligible_for_shift_screen
5958,25636,2N37,True,True,True,False,False,False,False,eligible_for_shift_screen
5959,25638,2N39,True,True,True,False,False,False,False,eligible_for_shift_screen
5960,25639,2N3A,True,True,True,False,False,False,False,eligible_for_shift_screen
5961,25640,2N3B,True,True,True,False,False,False,False,eligible_for_shift_screen
5962,25642,2N3D,True,True,True,False,False,False,False,eligible_for_shift_screen
5963,25643,2N3E,True,True,True,False,False,False,False,eligible_for_shift_screen
5964,25645,2N3J,True,True,True,False,False,False,False,eligible_for_shift_screen
5965,25649,2N3K,True,True,True,False,False,False,False,eligible_for_shift_screen
5966,25650,2N3L,True,True,True,False,False,False,False,eligible_for_shift_screen
5967,25651,2N3M,True,True,True,False,False,False,False,eligible_for_shift_screen
5968,25652,2N3O,True,True,True,False,False,False,False,eligible_for_shift_screen
5969,25653,2N3P,True,True,True,False,False,False,False,eligible_for_shift_screen
5970,25654,2N3Q,True,True,True,False,False,False,False,eligible_for_shift_screen
5971,25655,2N3R,True,True,True,False,False,False,False,eligible_for_shift_screen
5972,25656,2N3S,True,True,True,False,False,False,False,eligible_for_shift_screen
5973,25657,2N3T,True,True,True,False,False,False,False,eligible_for_shift_screen
5974,25658,5A4G,True,True,True,False,False,False,False,eligible_for_shift_screen
5975,25659,2N3X,True,True,True,False,False,False,False,eligible_for_shift_screen
5976,25660,2N3Y,True,True,True,False,False,False,False,eligible_for_shift_screen
5977,25661,5LWJ,True,True,True,False,False,False,False,eligible_for_shift_screen
5978,25662,2N3Z,True,True,True,False,False,False,False,eligible_for_shift_screen
5979,25663,2N40,True,True,True,False,False,False,False,eligible_for_shift_screen
5980,25664,2N41,True,True,True,False,False,False,False,eligible_for_shift_screen
5981,25666,2N4E,True,True,True,False,False,False,False,eligible_for_shift_screen
5982,25667,2N4G,True,True,True,False,False,False,False,eligible_for_shift_screen
5983,25668,2N4H,True,True,True,False,False,False,False,eligible_for_shift_screen
5984,25669,2N4J,True,True,True,False,False,False,False,eligible_for_shift_screen
5985,25670,2N4K,True,True,True,False,False,False,False,eligible_for_shift_screen
5986,25671,2N4L,True,True,True,False,False,False,False,eligible_for_shift_screen
5987,25672,2N4M,True,True,True,False,False,False,False,eligible_for_shift_screen
5988,25673,2N4N,True,True,True,False,False,False,False,eligible_for_shift_screen
5989,25675,2N4P,True,True,True,False,False,False,False,eligible_for_shift_screen
5990,25677,2N4Q,True,True,True,False,False,False,False,eligible_for_shift_screen
5991,25678,2N4R,True,True,True,False,False,False,False,eligible_for_shift_screen
5992,25679,2N4S,True,True,True,False,False,False,False,eligible_for_shift_screen
5993,25680,2N4T,True,True,True,False,False,False,False,eligible_for_shift_screen
5994,25681,2N4U,True,True,True,False,False,False,False,eligible_for_shift_screen
5995,25682,2N4V,True,True,True,False,False,False,False,eligible_for_shift_screen
5996,25683,2N4W,True,True,True,False,False,False,False,eligible_for_shift_screen
5997,25684,5A4H,True,True,True,False,False,False,False,eligible_for_shift_screen
5998,25685,2N4X,True,True,True,False,False,False,False,eligible_for_shift_screen
5999,25686,2N4Y,True,True,True,False,False,False,False,eligible_for_shift_screen
6000,25688,2N50,True,True,True,False,False,False,False,eligible_for_shift_screen
6001,25689,6FW4,True,True,True,False,False,False,False,eligible_for_shift_screen
6002,25690,2N51,True,True,True,False,False,False,False,eligible_for_shift_screen
6003,25691,2N52,True,True,True,False,False,False,False,eligible_for_shift_screen
6004,25692,2N53,True,True,True,False,False,False,False,eligible_for_shift_screen
6005,25693,2N54,True,True,True,False,False,False,False,eligible_for_shift_screen
6006,25694,2N55,True,True,True,False,False,False,False,eligible_for_shift_screen
6007,25699,2N58,True,True,True,False,False,False,False,eligible_for_shift_screen
6008,25700,2N59,True,True,True,False,False,False,False,eligible_for_shift_screen
6009,25702,2N5A,True,True,True,False,False,False,False,eligible_for_shift_screen
6010,25703,2N5B,True,True,True,False,False,False,False,eligible_for_shift_screen
6011,25704,2N5C,True,True,True,False,False,False,False,eligible_for_shift_screen
6012,25706,2N5D,True,True,True,False,False,False,False,eligible_for_shift_screen
6013,25710,2N5E,True,True,True,False,False,False,False,eligible_for_shift_screen
6014,25712,2N5F,True,True,True,False,False,False,False,eligible_for_shift_screen
6015,25716,2N5H,True,True,True,False,False,False,False,eligible_for_shift_screen
6016,25717,2N5I,True,True,True,False,False,False,False,eligible_for_shift_screen
6017,25718,2N5J,True,True,True,False,False,False,False,eligible_for_shift_screen
6018,25719,2N5K,True,True,True,False,False,False,False,eligible_for_shift_screen
6019,25720,2N5L,True,True,True,False,False,False,False,eligible_for_shift_screen
6020,25722,2N5M,True,True,True,False,False,False,False,eligible_for_shift_screen
6021,25723,2N5O,True,True,True,False,False,False,False,eligible_for_shift_screen
6022,25724,2N5P,True,True,True,False,False,False,False,eligible_for_shift_screen
6023,25725,2N5Q,True,True,True,False,False,False,False,eligible_for_shift_screen
6024,25726,2N5R,True,True,True,False,False,False,False,eligible_for_shift_screen
6025,25729,2N5S,True,True,True,False,False,False,False,eligible_for_shift_screen
6026,25731,2N5T,True,True,True,False,False,False,False,eligible_for_shift_screen
6027,25732,2N5U,True,True,True,False,False,False,False,eligible_for_shift_screen
6028,25734,5AAQ,True,True,True,False,False,False,False,eligible_for_shift_screen
6029,25735,5AAS,True,True,True,False,False,False,False,eligible_for_shift_screen
6030,25736,5AAY,True,True,True,False,False,False,False,eligible_for_shift_screen
6031,25737,2N5W,True,True,True,False,False,False,False,eligible_for_shift_screen
6032,25740,2N5X,True,True,True,False,False,False,False,eligible_for_shift_screen
6033,25741,2N5Y,True,True,True,False,False,False,False,eligible_for_shift_screen
6034,25742,5AAZ,True,True,True,False,False,False,False,eligible_for_shift_screen
6035,25744,2N5Z,True,True,True,False,False,False,False,eligible_for_shift_screen
6036,25745,5ABK,True,True,True,False,False,False,False,eligible_for_shift_screen
6037,25746,2N60,True,True,True,False,False,False,False,eligible_for_shift_screen
6038,25748,2N62,True,True,True,False,False,False,False,eligible_for_shift_screen
6039,25749,2N63,True,True,True,False,False,False,False,eligible_for_shift_screen
6040,25750,2N64,True,True,True,False,False,False,False,eligible_for_shift_screen
6041,25751,2N65,True,True,True,False,False,False,False,eligible_for_shift_screen
6042,25753,2N66,True,True,True,False,False,False,False,eligible_for_shift_screen
6043,25754,2N68,True,True,True,False,False,False,False,eligible_for_shift_screen
6044,25755,2N69,True,True,True,False,False,False,False,eligible_for_shift_screen
6045,25757,2N6A,True,True,True,False,False,False,False,eligible_for_shift_screen
6046,25758,2N6B,True,True,True,False,False,False,False,eligible_for_shift_screen
6047,25759,2N6C,True,True,True,False,False,False,False,eligible_for_shift_screen
6048,25760,2N6D,True,True,True,False,False,False,False,eligible_for_shift_screen
6049,25761,2N6E,True,True,True,False,False,False,False,eligible_for_shift_screen
6050,25762,2N6F,True,True,True,False,False,False,False,eligible_for_shift_screen
6051,25763,2N6G,True,True,True,False,False,False,False,eligible_for_shift_screen
6052,25764,2N6H,True,True,True,False,False,False,False,eligible_for_shift_screen
6053,25765,2N6I,True,True,True,False,False,False,False,eligible_for_shift_screen
6054,25766,2N6J,True,True,True,False,False,False,False,eligible_for_shift_screen
6055,25768,2N6L,True,True,True,False,False,False,False,eligible_for_shift_screen
6056,25769,2N6M,True,True,True,False,False,False,False,eligible_for_shift_screen
6057,25770,5LGF,True,True,True,False,False,False,False,eligible_for_shift_screen
6058,25774,2N6N,True,True,True,False,False,False,False,eligible_for_shift_screen
6059,25775,2N6O,True,True,True,False,False,False,False,eligible_for_shift_screen
6060,25776,2N6P,True,True,True,False,False,False,False,eligible_for_shift_screen
6061,25778,2N6R,True,True,True,False,False,False,False,eligible_for_shift_screen
6062,25780,2N6S,True,True,True,False,False,False,False,eligible_for_shift_screen
6063,25781,2N6T,True,True,True,False,False,False,False,eligible_for_shift_screen
6064,25782,2N6U,True,True,True,False,False,False,False,eligible_for_shift_screen
6065,25783,2N6V,True,True,True,False,False,False,False,eligible_for_shift_screen
6066,25784,2N6W,True,True,True,False,False,False,False,eligible_for_shift_screen
6067,25785,2N6X,True,True,True,False,False,False,False,eligible_for_shift_screen
6068,25786,2N6Y,True,True,True,False,False,False,False,eligible_for_shift_screen
6069,25787,2N6Z,True,True,True,False,False,False,False,eligible_for_shift_screen
6070,25788,2N70,True,True,True,False,False,False,False,eligible_for_shift_screen
6071,25789,2N71,True,True,True,False,False,False,False,eligible_for_shift_screen
6072,25790,2N72,True,True,True,False,False,False,False,eligible_for_shift_screen
6073,25791,2N73,True,True,True,False,False,False,False,eligible_for_shift_screen
6074,25793,2N74,True,True,True,False,False,False,False,eligible_for_shift_screen
6075,25794,2N75,True,True,True,False,False,False,False,eligible_for_shift_screen
6076,25796,2N77,True,True,True,False,False,False,False,eligible_for_shift_screen
6077,25797,2N79,True,True,True,False,False,False,False,eligible_for_shift_screen
6078,25798,2N7A,True,True,True,False,False,False,False,eligible_for_shift_screen
6079,25799,2N7B,True,True,True,False,False,False,False,eligible_for_shift_screen
6080,25800,2N7C,True,True,True,False,False,False,False,eligible_for_shift_screen
6081,25801,2N7D,True,True,True,False,False,False,False,eligible_for_shift_screen
6082,25802,2NAN,True,True,True,False,False,False,False,eligible_for_shift_screen
6083,25803,2N7E,True,True,True,False,False,False,False,eligible_for_shift_screen
6084,25804,2N7F,True,True,True,False,False,False,False,eligible_for_shift_screen
6085,25805,2N7G,True,True,True,False,False,False,False,eligible_for_shift_screen
6086,25806,2N7I,True,True,True,False,False,False,False,eligible_for_shift_screen
6087,25807,2N7J,True,True,True,False,False,False,False,eligible_for_shift_screen
6088,25808,2N7K,True,True,True,False,False,False,False,eligible_for_shift_screen
6089,25810,2N7L,True,True,True,False,False,False,False,eligible_for_shift_screen
6090,25811,2N7M,True,True,True,False,False,False,False,eligible_for_shift_screen
6091,25813,2N7N,True,True,True,False,False,False,False,eligible_for_shift_screen
6092,25814,2N7O,True,True,True,False,False,False,False,eligible_for_shift_screen
6093,25816,2N7P,True,True,True,False,False,False,False,eligible_for_shift_screen
6094,25817,2N7Q,True,True,True,False,False,False,False,eligible_for_shift_screen
6095,25818,2N7R,True,True,True,False,False,False,False,eligible_for_shift_screen
6096,25819,2N7S,True,True,True,False,False,False,False,eligible_for_shift_screen
6097,25820,2N7T,True,True,True,False,False,False,False,eligible_for_shift_screen
6098,25825,2NBW,True,True,True,False,False,False,False,eligible_for_shift_screen
6099,25826,2N7X,True,True,True,False,False,False,False,eligible_for_shift_screen
6100,25828,2N7Z,True,True,True,False,False,False,False,eligible_for_shift_screen
6101,25829,2N80,True,True,True,False,False,False,False,eligible_for_shift_screen
6102,25830,2N81,True,True,True,False,False,False,False,eligible_for_shift_screen
6103,25831,2N82,True,True,True,False,False,False,False,eligible_for_shift_screen
6104,25833,2N83,True,True,True,False,False,False,False,eligible_for_shift_screen
6105,25834,2N84,True,True,True,False,False,False,False,eligible_for_shift_screen
6106,25835,2N85,True,True,True,False,False,False,False,eligible_for_shift_screen
6107,25836,2N86,True,True,True,False,False,False,False,eligible_for_shift_screen
6108,25837,2N88,True,True,True,False,False,False,False,eligible_for_shift_screen
6109,25839,5FIM,True,True,True,False,False,False,False,eligible_for_shift_screen
6110,25839,7PVC,True,True,True,False,False,False,False,eligible_for_shift_screen
6111,25840,2N89,True,True,True,False,False,False,False,eligible_for_shift_screen
6112,25844,2N8B,True,True,True,False,False,False,False,eligible_for_shift_screen
6113,25845,2N8C,True,True,True,False,False,False,False,eligible_for_shift_screen
6114,25846,2N8D,True,True,True,False,False,False,False,eligible_for_shift_screen
6115,25847,2N8E,True,True,True,False,False,False,False,eligible_for_shift_screen
6116,25848,2N8F,True,True,True,False,False,False,False,eligible_for_shift_screen
6117,25849,2N8G,True,True,True,False,False,False,False,eligible_for_shift_screen
6118,25850,2N8I,True,True,True,False,False,False,False,eligible_for_shift_screen
6119,25852,2N8J,True,True,True,False,False,False,False,eligible_for_shift_screen
6120,25853,2N8K,True,True,True,False,False,False,False,eligible_for_shift_screen
6121,25854,2N8L,True,True,True,False,False,False,False,eligible_for_shift_screen
6122,25855,2N8M,True,True,True,False,False,False,False,eligible_for_shift_screen
6123,25856,2N8N,True,True,True,False,False,False,False,eligible_for_shift_screen
6124,25857,2N8O,True,True,True,False,False,False,False,eligible_for_shift_screen
6125,25858,2N8P,True,True,True,False,False,False,False,eligible_for_shift_screen
6126,25859,2N8R,True,True,True,False,False,False,False,eligible_for_shift_screen
6127,25864,2N8S,True,True,True,False,False,False,False,eligible_for_shift_screen
6128,25865,2N8T,True,True,True,False,False,False,False,eligible_for_shift_screen
6129,25866,2N8U,True,True,True,False,False,False,False,eligible_for_shift_screen
6130,25867,2N8V,True,True,True,False,False,False,False,eligible_for_shift_screen
6131,25868,2N8W,True,True,True,False,False,False,False,eligible_for_shift_screen
6132,25869,2N8X,True,True,True,False,False,False,False,eligible_for_shift_screen
6133,25870,2N8Y,True,True,True,False,False,False,False,eligible_for_shift_screen
6134,25871,2N8Z,True,True,True,False,False,False,False,eligible_for_shift_screen
6135,25872,2N90,True,True,True,False,False,False,False,eligible_for_shift_screen
6136,25874,2N91,True,True,True,False,False,False,False,eligible_for_shift_screen
6137,25877,2N92,True,True,True,False,False,False,False,eligible_for_shift_screen
6138,25881,2N95,True,True,True,False,False,False,False,eligible_for_shift_screen
6139,25882,2N96,True,True,True,False,False,False,False,eligible_for_shift_screen
6140,25883,2N97,True,True,True,False,False,False,False,eligible_for_shift_screen
6141,25886,2N98,True,True,True,False,False,False,False,eligible_for_shift_screen
6142,25887,2N99,True,True,True,False,False,False,False,eligible_for_shift_screen
6143,25888,2N8A,True,True,True,False,False,False,False,eligible_for_shift_screen
6144,25898,2N9A,True,True,True,False,False,False,False,eligible_for_shift_screen
6145,25899,2N9B,True,True,True,False,False,False,False,eligible_for_shift_screen
6146,25900,2N9C,True,True,True,False,False,False,False,eligible_for_shift_screen
6147,25901,2N9E,True,True,True,False,False,False,False,eligible_for_shift_screen
6148,25902,6C0A,True,True,True,False,False,False,False,eligible_for_shift_screen
6149,25903,2N9F,True,True,True,False,False,False,False,eligible_for_shift_screen
6150,25905,2N9G,True,True,True,False,False,False,False,eligible_for_shift_screen
6151,25906,2N9H,True,True,True,False,False,False,False,eligible_for_shift_screen
6152,25907,2N9I,True,True,True,False,False,False,False,eligible_for_shift_screen
6153,25908,2N9J,True,True,True,False,False,False,False,eligible_for_shift_screen
6154,25909,2N9K,True,True,True,False,False,False,False,eligible_for_shift_screen
6155,25910,2N9L,True,True,True,False,False,False,False,eligible_for_shift_screen
6156,25911,2N9M,True,True,True,False,False,False,False,eligible_for_shift_screen
6157,25913,2N9O,True,True,True,False,False,False,False,eligible_for_shift_screen
6158,25914,2N9P,True,True,True,False,False,False,False,eligible_for_shift_screen
6159,25915,2N9Q,True,True,True,False,False,False,False,eligible_for_shift_screen
6160,25916,2N9R,True,True,True,False,False,False,False,eligible_for_shift_screen
6161,25917,2N9T,True,True,True,False,False,False,False,eligible_for_shift_screen
6162,25918,2N9U,True,True,True,False,False,False,False,eligible_for_shift_screen
6163,25919,2N9X,True,True,True,False,False,False,False,eligible_for_shift_screen
6164,25920,2N9Y,True,True,True,False,False,False,False,eligible_for_shift_screen
6165,25922,2N9Z,True,True,True,False,False,False,False,eligible_for_shift_screen
6166,25923,2NA1,True,True,True,False,False,False,False,eligible_for_shift_screen
6167,25924,2NA2,True,True,True,False,False,False,False,eligible_for_shift_screen
6168,25926,2NA3,True,True,True,False,False,False,False,eligible_for_shift_screen
6169,25927,2NA4,True,True,True,False,False,False,False,eligible_for_shift_screen
6170,25928,2NA5,True,True,True,False,False,False,False,eligible_for_shift_screen
6171,25929,2NA6,True,True,True,False,False,False,False,eligible_for_shift_screen
6172,25930,2NA7,True,True,True,False,False,False,False,eligible_for_shift_screen
6173,25931,2NA8,True,True,True,False,False,False,False,eligible_for_shift_screen
6174,25932,2NA9,True,True,True,False,False,False,False,eligible_for_shift_screen
6175,25933,2NAA,True,True,True,False,False,False,False,eligible_for_shift_screen
6176,25934,2NAB,True,True,True,False,False,False,False,eligible_for_shift_screen
6177,25935,2NAE,True,True,True,False,False,False,False,eligible_for_shift_screen
6178,25939,2NAJ,True,True,True,False,False,False,False,eligible_for_shift_screen
6179,25941,2NAL,True,True,True,False,False,False,False,eligible_for_shift_screen
6180,25942,2NAM,True,True,True,False,False,False,False,eligible_for_shift_screen
6181,25943,2NAQ,True,True,True,False,False,False,False,eligible_for_shift_screen
6182,25944,2NAR,True,True,True,False,False,False,False,eligible_for_shift_screen
6183,25945,5FRG,True,True,True,False,False,False,False,eligible_for_shift_screen
6184,25946,2NAT,True,True,True,False,False,False,False,eligible_for_shift_screen
6185,25947,2NAU,True,True,True,False,False,False,False,eligible_for_shift_screen
6186,25948,2NAV,True,True,True,False,False,False,False,eligible_for_shift_screen
6187,25949,2NAW,True,True,True,False,False,False,False,eligible_for_shift_screen
6188,25953,2NAX,True,True,True,False,False,False,False,eligible_for_shift_screen
6189,25954,2NAY,True,True,True,False,False,False,False,eligible_for_shift_screen
6190,25955,5FRF,True,True,True,False,False,False,False,eligible_for_shift_screen
6191,25956,5FRH,True,True,True,False,False,False,False,eligible_for_shift_screen
6192,25957,2NB0,True,True,True,False,False,False,False,eligible_for_shift_screen
6193,25958,2NB1,True,True,True,False,False,False,False,eligible_for_shift_screen
6194,25959,2NB2,True,True,True,False,False,False,False,eligible_for_shift_screen
6195,25961,2NB4,True,True,True,False,False,False,False,eligible_for_shift_screen
6196,25962,2NB5,True,True,True,False,False,False,False,eligible_for_shift_screen
6197,25963,2NB6,True,True,True,False,False,False,False,eligible_for_shift_screen
6198,25965,2NB7,True,True,True,False,False,False,False,eligible_for_shift_screen
6199,25966,2NB8,True,True,True,False,False,False,False,eligible_for_shift_screen
6200,25967,2NB9,True,True,True,False,False,False,False,eligible_for_shift_screen
6201,25968,5MMU,True,True,True,False,False,False,False,eligible_for_shift_screen
6202,25969,2NBA,True,True,True,False,False,False,False,eligible_for_shift_screen
6203,25970,2NBB,True,True,True,False,False,False,False,eligible_for_shift_screen
6204,25971,2NBC,True,True,True,False,False,False,False,eligible_for_shift_screen
6205,25972,2NBD,True,True,True,False,False,False,False,eligible_for_shift_screen
6206,25973,2NBE,True,True,True,False,False,False,False,eligible_for_shift_screen
6207,25974,2NBF,True,True,True,False,False,False,False,eligible_for_shift_screen
6208,25975,2NBG,True,True,True,False,False,False,False,eligible_for_shift_screen
6209,25976,2NBH,True,True,True,False,False,False,False,eligible_for_shift_screen
6210,25979,6CO4,True,True,True,False,False,False,False,eligible_for_shift_screen
6211,25982,2NBL,True,True,True,False,False,False,False,eligible_for_shift_screen
6212,25983,2NBM,True,True,True,False,False,False,False,eligible_for_shift_screen
6213,25984,2NBN,True,True,True,False,False,False,False,eligible_for_shift_screen
6214,25985,2NBQ,True,True,True,False,False,False,False,eligible_for_shift_screen
6215,25986,2NBO,True,True,True,False,False,False,False,eligible_for_shift_screen
6216,25987,2NBP,True,True,True,False,False,False,False,eligible_for_shift_screen
6217,25993,2NBR,True,True,True,False,False,False,False,eligible_for_shift_screen
6218,25994,2NBS,True,True,True,False,False,False,False,eligible_for_shift_screen
6219,25995,2NBV,True,True,True,False,False,False,False,eligible_for_shift_screen
6220,25996,2NBX,True,True,True,False,False,False,False,eligible_for_shift_screen
6221,25997,2NBY,True,True,True,False,False,False,False,eligible_for_shift_screen
6222,25998,2NBZ,True,True,True,False,False,False,False,eligible_for_shift_screen
6223,25999,2NC0,True,True,True,False,False,False,False,eligible_for_shift_screen
6224,26000,2NC1,True,True,True,False,False,False,False,eligible_for_shift_screen
6225,26001,2NC2,True,True,True,False,False,False,False,eligible_for_shift_screen
6226,26002,5FZV,True,True,True,False,False,False,False,eligible_for_shift_screen
6227,26003,5FZW,True,True,True,False,False,False,False,eligible_for_shift_screen
6228,26004,5FZX,True,True,True,False,False,False,False,eligible_for_shift_screen
6229,26005,2NC3,True,True,True,False,False,False,False,eligible_for_shift_screen
6230,26006,2NC4,True,True,True,False,False,False,False,eligible_for_shift_screen
6231,26007,2NC5,True,True,True,False,False,False,False,eligible_for_shift_screen
6232,26008,2NC6,True,True,True,False,False,False,False,eligible_for_shift_screen
6233,26009,2NC7,True,True,True,False,False,False,False,eligible_for_shift_screen
6234,26010,2NC8,True,True,True,False,False,False,False,eligible_for_shift_screen
6235,26011,2NC9,True,True,True,False,False,False,False,eligible_for_shift_screen
6236,26012,2NCA,True,True,True,False,False,False,False,eligible_for_shift_screen
6237,26016,2NCE,True,True,True,False,False,False,False,eligible_for_shift_screen
6238,26021,2NCG,True,True,True,False,False,False,False,eligible_for_shift_screen
6239,26022,2NCH,True,True,True,False,False,False,False,eligible_for_shift_screen
6240,26024,2NCI,True,True,True,False,False,False,False,eligible_for_shift_screen
6241,26025,5KGQ,True,True,True,False,False,False,False,eligible_for_shift_screen
6242,26026,2NCJ,True,True,True,False,False,False,False,eligible_for_shift_screen
6243,26031,2NCL,True,True,True,False,False,False,False,eligible_for_shift_screen
6244,26032,2NCQ,True,True,True,False,False,False,False,eligible_for_shift_screen
6245,26033,2NCR,True,True,True,False,False,False,False,eligible_for_shift_screen
6246,26034,2NCS,True,True,True,False,False,False,False,eligible_for_shift_screen
6247,26035,2NCT,True,True,True,False,False,False,False,eligible_for_shift_screen
6248,26036,2NCU,True,True,True,False,False,False,False,eligible_for_shift_screen
6249,26037,2NCV,True,True,True,False,False,False,False,eligible_for_shift_screen
6250,26038,2NCW,True,True,True,False,False,False,False,eligible_for_shift_screen
6251,26040,2NCY,True,True,True,False,False,False,False,eligible_for_shift_screen
6252,26041,2NCZ,True,True,True,False,False,False,False,eligible_for_shift_screen
6253,26042,2ND0,True,True,True,False,False,False,False,eligible_for_shift_screen
6254,26043,2ND1,True,True,True,False,False,False,False,eligible_for_shift_screen
6255,26045,2ND2,True,True,True,False,False,False,False,eligible_for_shift_screen
6256,26046,2ND3,True,True,True,False,False,False,False,eligible_for_shift_screen
6257,26047,2ND5,True,True,True,False,False,False,False,eligible_for_shift_screen
6258,26049,2ND6,True,True,True,False,False,False,False,eligible_for_shift_screen
6259,26050,2ND7,True,True,True,False,False,False,False,eligible_for_shift_screen
6260,26051,2ND8,True,True,True,False,False,False,False,eligible_for_shift_screen
6261,26052,2ND9,True,True,True,False,False,False,False,eligible_for_shift_screen
6262,26053,2NDA,True,True,True,False,False,False,False,eligible_for_shift_screen
6263,26054,2NDB,True,True,True,False,False,False,False,eligible_for_shift_screen
6264,26055,2NDC,True,True,True,False,False,False,False,eligible_for_shift_screen
6265,26056,2NDD,True,True,True,False,False,False,False,eligible_for_shift_screen
6266,26057,2NDE,True,True,True,False,False,False,False,eligible_for_shift_screen
6267,26059,2NDF,True,True,True,False,False,False,False,eligible_for_shift_screen
6268,26060,2NDG,True,True,True,False,False,False,False,eligible_for_shift_screen
6269,26061,2NDH,True,True,True,False,False,False,False,eligible_for_shift_screen
6270,26062,2NDI,True,True,True,False,False,False,False,eligible_for_shift_screen
6271,26063,2NDK,True,True,True,False,False,False,False,eligible_for_shift_screen
6272,26064,2NDL,True,True,True,False,False,False,False,eligible_for_shift_screen
6273,26065,2NDM,True,True,True,False,False,False,False,eligible_for_shift_screen
6274,26066,2NDN,True,True,True,False,False,False,False,eligible_for_shift_screen
6275,26068,2NDP,True,True,True,False,False,False,False,eligible_for_shift_screen
6276,26336,8SQX,True,True,True,False,False,False,False,eligible_for_shift_screen
6277,26517,5AGQ,True,True,True,False,False,False,False,eligible_for_shift_screen
6278,26518,5AIW,True,True,True,False,False,False,False,eligible_for_shift_screen
6279,26530,6SJW,True,True,True,False,False,False,False,eligible_for_shift_screen
6280,26530,6SJX,True,True,True,False,False,False,False,eligible_for_shift_screen
6281,26536,2N09,True,True,True,False,False,False,False,eligible_for_shift_screen
6282,26537,2N0N,True,True,True,False,False,False,False,eligible_for_shift_screen
6283,26538,2N0I,True,True,True,False,False,False,False,eligible_for_shift_screen
6284,26547,4YYP,True,True,True,False,False,False,False,eligible_for_shift_screen
6285,26550,2N1F,True,True,True,False,False,False,False,eligible_for_shift_screen
6286,26553,5AJ1,True,True,True,False,False,False,False,eligible_for_shift_screen
6287,26568,5A17,True,True,True,False,False,False,False,eligible_for_shift_screen
6288,26568,5A18,True,True,True,False,False,False,False,eligible_for_shift_screen
6289,26574,2N9D,True,True,True,False,False,False,False,eligible_for_shift_screen
6290,26577,6BHO,True,True,True,False,False,False,False,eligible_for_shift_screen
6291,26580,5A3G,True,True,True,False,False,False,False,eligible_for_shift_screen
6292,26582,6BHN,True,True,True,False,False,False,False,eligible_for_shift_screen
6293,26593,2N56,True,True,True,False,False,False,False,eligible_for_shift_screen
6294,26603,2NCN,True,True,True,False,False,False,False,eligible_for_shift_screen
6295,26649,2N78,True,True,True,False,False,False,False,eligible_for_shift_screen
6296,26674,2N8H,True,True,True,False,False,False,False,eligible_for_shift_screen
6297,26688,2NA0,True,True,True,False,False,False,False,eligible_for_shift_screen
6298,26691,2N94,True,True,True,False,False,False,False,eligible_for_shift_screen
6299,26692,2NAO,True,True,True,False,False,False,False,eligible_for_shift_screen
6300,26715,6TUB,True,True,True,False,False,False,False,eligible_for_shift_screen
6301,26723,2NCO,True,True,True,False,False,False,False,eligible_for_shift_screen
6302,26724,2NCP,True,True,True,False,False,False,False,eligible_for_shift_screen
6303,26725,5IE8,True,True,True,False,False,False,False,eligible_for_shift_screen
6304,26750,5UHU,True,True,True,False,False,False,False,eligible_for_shift_screen
6305,26753,5MQX,True,True,True,False,False,False,False,eligible_for_shift_screen
6306,26780,6HPI,True,True,True,False,False,False,False,eligible_for_shift_screen
6307,26802,5O6F,True,True,True,False,False,False,False,eligible_for_shift_screen
6308,26805,6POJ,True,True,True,False,False,False,False,eligible_for_shift_screen
6309,26821,5TM0,True,True,True,False,False,False,False,eligible_for_shift_screen
6310,26840,5O7J,True,True,True,False,False,False,False,eligible_for_shift_screen
6311,26842,6GZK,True,True,True,False,False,False,False,eligible_for_shift_screen
6312,26842,6GZR,True,True,True,False,False,False,False,eligible_for_shift_screen
6313,26844,6MPO,True,True,True,False,False,False,False,eligible_for_shift_screen
6314,26867,5U4K,True,True,True,False,False,False,False,eligible_for_shift_screen
6315,26889,5MIZ,True,True,True,False,False,False,False,eligible_for_shift_screen
6316,26919,5O2Y,True,True,True,False,False,False,False,eligible_for_shift_screen
6317,26933,5H6V,True,True,True,False,False,False,False,eligible_for_shift_screen
6318,26952,6TTA,True,True,True,False,False,False,False,eligible_for_shift_screen
6319,27034,5N9Q,True,True,True,False,False,False,False,eligible_for_shift_screen
6320,27051,6NAN,True,True,True,False,False,False,False,eligible_for_shift_screen
6321,27078,6F7E,True,True,True,False,False,False,False,eligible_for_shift_screen
6322,27081,5WLP,True,True,True,False,False,False,False,eligible_for_shift_screen
6323,27085,6QBZ,True,True,True,False,False,False,False,eligible_for_shift_screen
6324,27095,6BUT,True,True,True,False,False,False,False,eligible_for_shift_screen
6325,27141,9CUV,True,True,True,False,False,False,False,eligible_for_shift_screen
6326,27144,5W77,True,True,True,False,False,False,False,eligible_for_shift_screen
6327,27146,6Q44,True,True,True,False,False,False,False,eligible_for_shift_screen
6328,27151,6NUI,True,True,True,False,False,False,False,eligible_for_shift_screen
6329,27158,7P27,True,True,True,False,False,False,False,eligible_for_shift_screen
6330,27167,6HKA,True,True,True,False,False,False,False,eligible_for_shift_screen
6331,27173,6T51,True,True,True,False,False,False,False,eligible_for_shift_screen
6332,27185,9BU5,True,True,True,False,False,False,False,eligible_for_shift_screen
6333,27211,6F3K,True,True,True,False,False,False,False,eligible_for_shift_screen
6334,27211,6R8N,True,True,True,False,False,False,False,eligible_for_shift_screen
6335,27212,5OQV,True,True,True,False,False,False,False,eligible_for_shift_screen
6336,27227,5Y95,True,True,True,False,False,False,False,eligible_for_shift_screen
6337,27239,5OWI,True,True,True,False,False,False,False,eligible_for_shift_screen
6338,27242,5OWJ,True,True,True,False,False,False,False,eligible_for_shift_screen
6339,27243,6AX5,True,True,True,False,False,False,False,eligible_for_shift_screen
6340,27251,6QXZ,True,True,True,False,False,False,False,eligible_for_shift_screen
6341,27271,6B7G,True,True,True,False,False,False,False,eligible_for_shift_screen
6342,27277,6SO0,True,True,True,False,False,False,False,eligible_for_shift_screen
6343,27284,6OCV,True,True,True,False,False,False,False,eligible_for_shift_screen
6344,27284,6WQE,True,True,True,False,False,False,False,eligible_for_shift_screen
6345,27289,6BG9,True,True,True,False,False,False,False,eligible_for_shift_screen
6346,27305,6DRF,True,True,True,False,False,False,False,eligible_for_shift_screen
6347,27313,6BQS,True,True,True,False,False,False,False,eligible_for_shift_screen
6348,27313,6CRL,True,True,True,False,False,False,False,eligible_for_shift_screen
6349,27316,6F46,True,True,True,False,False,False,False,eligible_for_shift_screen
6350,27349,6C00,True,True,True,False,False,False,False,eligible_for_shift_screen
6351,27354,5ZCZ,True,True,True,False,False,False,False,eligible_for_shift_screen
6352,27356,5ZD0,True,True,True,False,False,False,False,eligible_for_shift_screen
6353,27357,6FGM,True,True,True,False,False,False,False,eligible_for_shift_screen
6354,27396,6CCJ,True,True,True,False,False,False,False,eligible_for_shift_screen
6355,27397,6S3W,True,True,True,False,False,False,False,eligible_for_shift_screen
6356,27432,6G8O,True,True,True,False,False,False,False,eligible_for_shift_screen
6357,27433,6CUC,True,True,True,False,False,False,False,eligible_for_shift_screen
6358,27435,6E3C,True,True,True,False,False,False,False,eligible_for_shift_screen
6359,27439,6G7G,True,True,True,False,False,False,False,eligible_for_shift_screen
6360,27452,6HAG,True,True,True,False,False,False,False,eligible_for_shift_screen
6361,27453,6S10,True,True,True,False,False,False,False,eligible_for_shift_screen
6362,27466,6GF2,True,True,True,False,False,False,False,eligible_for_shift_screen
6363,27468,6YEG,True,True,True,False,False,False,False,eligible_for_shift_screen
6364,27468,6YQ5,True,True,True,False,False,False,False,eligible_for_shift_screen
6365,27503,6RK3,True,True,True,False,False,False,False,eligible_for_shift_screen
6366,27506,6NFW,True,True,True,False,False,False,False,eligible_for_shift_screen
6367,27530,6CTB,True,True,True,False,False,False,False,eligible_for_shift_screen
6368,27532,6YE5,True,True,True,False,False,False,False,eligible_for_shift_screen
6369,27540,8GDG,True,True,True,False,False,False,False,eligible_for_shift_screen
6370,27547,7PJ1,True,True,True,False,False,False,False,eligible_for_shift_screen
6371,27552,6AAU,True,True,True,False,False,False,False,eligible_for_shift_screen
6372,27578,7QCC,True,True,True,False,False,False,False,eligible_for_shift_screen
6373,27579,7SA5,True,True,True,False,False,False,False,eligible_for_shift_screen
6374,27581,6HKC,True,True,True,False,False,False,False,eligible_for_shift_screen
6375,27610,6HNF,True,True,True,False,False,False,False,eligible_for_shift_screen
6376,27632,6MPP,True,True,True,False,False,False,False,eligible_for_shift_screen
6377,27652,6IMS,True,True,True,False,False,False,False,eligible_for_shift_screen
6378,27664,6N13,True,True,True,False,False,False,False,eligible_for_shift_screen
6379,27666,6I9B,True,True,True,False,False,False,False,eligible_for_shift_screen
6380,27683,6QJY,True,True,True,False,False,False,False,eligible_for_shift_screen
6381,27687,6Z98,True,True,True,False,False,False,False,eligible_for_shift_screen
6382,27690,6WBU,True,True,True,False,False,False,False,eligible_for_shift_screen
6383,27692,7L8V,True,True,True,False,False,False,False,eligible_for_shift_screen
6384,27730,6QBJ,True,True,True,False,False,False,False,eligible_for_shift_screen
6385,27741,2KY9,True,True,True,False,False,False,False,eligible_for_shift_screen
6386,27781,6VK2,True,True,True,False,False,False,False,eligible_for_shift_screen
6387,27839,6OH1,True,True,True,False,False,False,False,eligible_for_shift_screen
6388,27852,8PQU,True,True,True,False,False,False,False,eligible_for_shift_screen
6389,27853,8PKZ,True,True,True,False,False,False,False,eligible_for_shift_screen
6390,27863,6R9Z,True,True,True,False,False,False,False,eligible_for_shift_screen
6391,27875,6U19,True,True,True,False,False,False,False,eligible_for_shift_screen
6392,27877,7O2K,True,True,True,False,False,False,False,eligible_for_shift_screen
6393,27880,6XV2,True,True,True,False,False,False,False,eligible_for_shift_screen
6394,27893,6TWR,True,True,True,False,False,False,False,eligible_for_shift_screen
6395,27917,8C7K,True,True,True,False,False,False,False,eligible_for_shift_screen
6396,27925,8XID,True,True,True,False,False,False,False,eligible_for_shift_screen
6397,27961,6Y3I,True,True,True,False,False,False,False,eligible_for_shift_screen
6398,27965,6Y3H,True,True,True,False,False,False,False,eligible_for_shift_screen
6399,27967,6Y3K,True,True,True,False,False,False,False,eligible_for_shift_screen
6400,27977,6SAP,True,True,True,False,False,False,False,eligible_for_shift_screen
6401,27989,6YTS,True,True,True,False,False,False,False,eligible_for_shift_screen
6402,27990,6SFT,True,True,True,False,False,False,False,eligible_for_shift_screen
6403,28014,7AFQ,True,True,True,False,False,False,False,eligible_for_shift_screen
6404,28016,6Y3L,True,True,True,False,False,False,False,eligible_for_shift_screen
6405,28028,6XXU,True,True,True,False,False,False,False,eligible_for_shift_screen
6406,28042,6UYI,True,True,True,False,False,False,False,eligible_for_shift_screen
6407,28042,6UYJ,True,True,True,False,False,False,False,eligible_for_shift_screen
6408,28052,6TR8,True,True,True,False,False,False,False,eligible_for_shift_screen
6409,28058,6SJW,True,True,True,False,False,False,False,eligible_for_shift_screen
6410,28094,6W3M,True,True,True,False,False,False,False,eligible_for_shift_screen
6411,28112,6YSE,True,True,True,False,False,False,False,eligible_for_shift_screen
6412,30000,5GAJ,True,True,True,False,False,False,False,eligible_for_shift_screen
6413,30002,5HOU,True,True,True,False,False,False,False,eligible_for_shift_screen
6414,30003,5HP0,True,True,True,False,False,False,False,eligible_for_shift_screen
6415,30004,5HPD,True,True,True,False,False,False,False,eligible_for_shift_screen
6416,30005,5HUZ,True,True,True,False,False,False,False,eligible_for_shift_screen
6417,30006,5HV8,True,True,True,False,False,False,False,eligible_for_shift_screen
6418,30007,5HVC,True,True,True,False,False,False,False,eligible_for_shift_screen
6419,30008,5I1R,True,True,True,False,False,False,False,eligible_for_shift_screen
6420,30009,5I1X,True,True,True,False,False,False,False,eligible_for_shift_screen
6421,30010,5I22,True,True,True,False,False,False,False,eligible_for_shift_screen
6422,30011,5I2P,True,True,True,False,False,False,False,eligible_for_shift_screen
6423,30012,5I2V,True,True,True,False,False,False,False,eligible_for_shift_screen
6424,30013,5I4G,True,True,True,False,False,False,False,eligible_for_shift_screen
6425,30015,5HQF,True,True,True,False,False,False,False,eligible_for_shift_screen
6426,30016,5HQQ,True,True,True,False,False,False,False,eligible_for_shift_screen
6427,30017,5I8N,True,True,True,False,False,False,False,eligible_for_shift_screen
6428,30019,5IAY,True,True,True,False,False,False,False,eligible_for_shift_screen
6429,30020,5IAZ,True,True,True,False,False,False,False,eligible_for_shift_screen
6430,30021,5ID3,True,True,True,False,False,False,False,eligible_for_shift_screen
6431,30022,5ID5,True,True,True,False,False,False,False,eligible_for_shift_screen
6432,30023,5IEB,True,True,True,False,False,False,False,eligible_for_shift_screen
6433,30024,5IEC,True,True,True,False,False,False,False,eligible_for_shift_screen
6434,30025,5IEJ,True,True,True,False,False,False,False,eligible_for_shift_screen
6435,30026,5IEM,True,True,True,False,False,False,False,eligible_for_shift_screen
6436,30027,5IEW,True,True,True,False,False,False,False,eligible_for_shift_screen
6437,30028,5IIR,True,True,True,False,False,False,False,eligible_for_shift_screen
6438,30029,5IIV,True,True,True,False,False,False,False,eligible_for_shift_screen
6439,30030,5IJ4,True,True,True,False,False,False,False,eligible_for_shift_screen
6440,30031,5IM8,True,True,True,False,False,False,False,eligible_for_shift_screen
6441,30032,5ION,True,True,True,False,False,False,False,eligible_for_shift_screen
6442,30033,5IPO,True,True,True,False,False,False,False,eligible_for_shift_screen
6443,30034,5IRD,True,True,True,False,False,False,False,eligible_for_shift_screen
6444,30035,5IRT,True,True,True,False,False,False,False,eligible_for_shift_screen
6445,30037,6HT4,True,True,True,False,False,False,False,eligible_for_shift_screen
6446,30038,5IV1,True,True,True,False,False,False,False,eligible_for_shift_screen
6447,30039,5IX5,True,True,True,False,False,False,False,eligible_for_shift_screen
6448,30040,5IX9,True,True,True,False,False,False,False,eligible_for_shift_screen
6449,30042,5IZB,True,True,True,False,False,False,False,eligible_for_shift_screen
6450,30043,5IQ5,True,True,True,False,False,False,False,eligible_for_shift_screen
6451,30044,5IZP,True,True,True,False,False,False,False,eligible_for_shift_screen
6452,30045,5J05,True,True,True,False,False,False,False,eligible_for_shift_screen
6453,30046,5J0M,True,True,True,False,False,False,False,eligible_for_shift_screen
6454,30047,5J17,True,True,True,False,False,False,False,eligible_for_shift_screen
6455,30048,5J18,True,True,True,False,False,False,False,eligible_for_shift_screen
6456,30049,5J1O,True,True,True,False,False,False,False,eligible_for_shift_screen
6457,30050,5J2R,True,True,True,False,False,False,False,eligible_for_shift_screen
6458,30051,5J2W,True,True,True,False,False,False,False,eligible_for_shift_screen
6459,30052,5J3F,True,True,True,False,False,False,False,eligible_for_shift_screen
6460,30053,5J3G,True,True,True,False,False,False,False,eligible_for_shift_screen
6461,30054,5J3I,True,True,True,False,False,False,False,eligible_for_shift_screen
6462,30055,5J4P,True,True,True,False,False,False,False,eligible_for_shift_screen
6463,30056,5J4W,True,True,True,False,False,False,False,eligible_for_shift_screen
6464,30057,5J6T,True,True,True,False,False,False,False,eligible_for_shift_screen
6465,30058,5J6U,True,True,True,False,False,False,False,eligible_for_shift_screen
6466,30059,5J6V,True,True,True,False,False,False,False,eligible_for_shift_screen
6467,30060,5J6W,True,True,True,False,False,False,False,eligible_for_shift_screen
6468,30061,5J6Z,True,True,True,False,False,False,False,eligible_for_shift_screen
6469,30062,5J7J,True,True,True,False,False,False,False,eligible_for_shift_screen
6470,30063,5J8H,True,True,True,False,False,False,False,eligible_for_shift_screen
6471,30064,5J8T,True,True,True,False,False,False,False,eligible_for_shift_screen
6472,30065,5JDP,True,True,True,False,False,False,False,eligible_for_shift_screen
6473,30066,5JDX,True,True,True,False,False,False,False,eligible_for_shift_screen
6474,30067,5JHI,True,True,True,False,False,False,False,eligible_for_shift_screen
6475,30068,5JHJ,True,True,True,False,False,False,False,eligible_for_shift_screen
6476,30069,5JI4,True,True,True,False,False,False,False,eligible_for_shift_screen
6477,30070,5JN6,True,True,True,False,False,False,False,eligible_for_shift_screen
6478,30071,5JOJ,True,True,True,False,False,False,False,eligible_for_shift_screen
6479,30072,5JOL,True,True,True,False,False,False,False,eligible_for_shift_screen
6480,30073,5JPL,True,True,True,False,False,False,False,eligible_for_shift_screen
6481,30074,5JPW,True,True,True,False,False,False,False,eligible_for_shift_screen
6482,30075,5JPX,True,True,True,False,False,False,False,eligible_for_shift_screen
6483,30076,5JR0,True,True,True,False,False,False,False,eligible_for_shift_screen
6484,30077,5JS7,True,True,True,False,False,False,False,eligible_for_shift_screen
6485,30078,5JS8,True,True,True,False,False,False,False,eligible_for_shift_screen
6486,30079,5JTK,True,True,True,False,False,False,False,eligible_for_shift_screen
6487,30080,5JTL,True,True,True,False,False,False,False,eligible_for_shift_screen
6488,30081,5JTM,True,True,True,False,False,False,False,eligible_for_shift_screen
6489,30082,5JTN,True,True,True,False,False,False,False,eligible_for_shift_screen
6490,30083,5JTO,True,True,True,False,False,False,False,eligible_for_shift_screen
6491,30084,5JTP,True,True,True,False,False,False,False,eligible_for_shift_screen
6492,30085,5JTQ,True,True,True,False,False,False,False,eligible_for_shift_screen
6493,30086,5JTR,True,True,True,False,False,False,False,eligible_for_shift_screen
6494,30087,5JWJ,True,True,True,False,False,False,False,eligible_for_shift_screen
6495,30088,5JXV,True,True,True,False,False,False,False,eligible_for_shift_screen
6496,30089,5JYH,True,True,True,False,False,False,False,eligible_for_shift_screen
6497,30090,5JYN,True,True,True,False,False,False,False,eligible_for_shift_screen
6498,30091,5JYT,True,True,True,False,False,False,False,eligible_for_shift_screen
6499,30092,5JYU,True,True,True,False,False,False,False,eligible_for_shift_screen
6500,30093,5JYV,True,True,True,False,False,False,False,eligible_for_shift_screen
6501,30094,5JZR,True,True,True,False,False,False,False,eligible_for_shift_screen
6502,30097,5K57,True,True,True,False,False,False,False,eligible_for_shift_screen
6503,30098,5K5F,True,True,True,False,False,False,False,eligible_for_shift_screen
6504,30099,5K5G,True,True,True,False,False,False,False,eligible_for_shift_screen
6505,30100,5K6P,True,True,True,False,False,False,False,eligible_for_shift_screen
6506,30101,6CMY,True,True,True,False,False,False,False,eligible_for_shift_screen
6507,30102,5KES,True,True,True,False,False,False,False,eligible_for_shift_screen
6508,30105,5KGV,True,True,True,False,False,False,False,eligible_for_shift_screen
6509,30106,5KGY,True,True,True,False,False,False,False,eligible_for_shift_screen
6510,30107,5KGZ,True,True,True,False,False,False,False,eligible_for_shift_screen
6511,30108,5KH8,True,True,True,False,False,False,False,eligible_for_shift_screen
6512,30109,5KHB,True,True,True,False,False,False,False,eligible_for_shift_screen
6513,30110,5KI0,True,True,True,False,False,False,False,eligible_for_shift_screen
6514,30111,5KI4,True,True,True,False,False,False,False,eligible_for_shift_screen
6515,30112,5KI5,True,True,True,False,False,False,False,eligible_for_shift_screen
6516,30113,5KI7,True,True,True,False,False,False,False,eligible_for_shift_screen
6517,30114,5KIB,True,True,True,False,False,False,False,eligible_for_shift_screen
6518,30115,5KIE,True,True,True,False,False,False,False,eligible_for_shift_screen
6519,30116,5KIF,True,True,True,False,False,False,False,eligible_for_shift_screen
6520,30117,5KIH,True,True,True,False,False,False,False,eligible_for_shift_screen
6521,30118,5KIZ,True,True,True,False,False,False,False,eligible_for_shift_screen
6522,30119,5KJ3,True,True,True,False,False,False,False,eligible_for_shift_screen
6523,30120,5KJG,True,True,True,False,False,False,False,eligible_for_shift_screen
6524,30121,5KK3,True,True,True,False,False,False,False,eligible_for_shift_screen
6525,30123,5KK9,True,True,True,False,False,False,False,eligible_for_shift_screen
6526,30124,5KKM,True,True,True,False,False,False,False,eligible_for_shift_screen
6527,30126,5KNW,True,True,True,False,False,False,False,eligible_for_shift_screen
6528,30127,5KP0,True,True,True,False,False,False,False,eligible_for_shift_screen
6529,30128,5KPE,True,True,True,False,False,False,False,eligible_for_shift_screen
6530,30129,5KPH,True,True,True,False,False,False,False,eligible_for_shift_screen
6531,30130,5KQB,True,True,True,False,False,False,False,eligible_for_shift_screen
6532,30131,5KQC,True,True,True,False,False,False,False,eligible_for_shift_screen
6533,30132,5KQE,True,True,True,False,False,False,False,eligible_for_shift_screen
6534,30133,5KQJ,True,True,True,False,False,False,False,eligible_for_shift_screen
6535,30134,5KRW,True,True,True,False,False,False,False,eligible_for_shift_screen
6536,30135,5KS5,True,True,True,False,False,False,False,eligible_for_shift_screen
6537,30136,5KS6,True,True,True,False,False,False,False,eligible_for_shift_screen
6538,30137,5KTF,True,True,True,False,False,False,False,eligible_for_shift_screen
6539,30138,5KVN,True,True,True,False,False,False,False,eligible_for_shift_screen
6540,30139,5KVP,True,True,True,False,False,False,False,eligible_for_shift_screen
6541,30140,5KWO,True,True,True,False,False,False,False,eligible_for_shift_screen
6542,30141,5KWP,True,True,True,False,False,False,False,eligible_for_shift_screen
6543,30142,5KWX,True,True,True,False,False,False,False,eligible_for_shift_screen
6544,30143,5KWZ,True,True,True,False,False,False,False,eligible_for_shift_screen
6545,30144,5KX0,True,True,True,False,False,False,False,eligible_for_shift_screen
6546,30145,5KX1,True,True,True,False,False,False,False,eligible_for_shift_screen
6547,30146,5KX2,True,True,True,False,False,False,False,eligible_for_shift_screen
6548,30147,5KZO,True,True,True,False,False,False,False,eligible_for_shift_screen
6549,30148,5L06,True,True,True,False,False,False,False,eligible_for_shift_screen
6550,30149,5L1C,True,True,True,False,False,False,False,eligible_for_shift_screen
6551,30150,6BF2,True,True,True,False,False,False,False,eligible_for_shift_screen
6552,30151,5L2G,True,True,True,False,False,False,False,eligible_for_shift_screen
6553,30152,5L34,True,True,True,False,False,False,False,eligible_for_shift_screen
6554,30153,5SXY,True,True,True,False,False,False,False,eligible_for_shift_screen
6555,30154,5SYQ,True,True,True,False,False,False,False,eligible_for_shift_screen
6556,30155,5SZW,True,True,True,False,False,False,False,eligible_for_shift_screen
6557,30156,5T0X,True,True,True,False,False,False,False,eligible_for_shift_screen
6558,30157,5T17,True,True,True,False,False,False,False,eligible_for_shift_screen
6559,30158,5T1N,True,True,True,False,False,False,False,eligible_for_shift_screen
6560,30159,5T1O,True,True,True,False,False,False,False,eligible_for_shift_screen
6561,30160,5T3M,True,True,True,False,False,False,False,eligible_for_shift_screen
6562,30161,5T3Y,True,True,True,False,False,False,False,eligible_for_shift_screen
6563,30162,5T42,True,True,True,False,False,False,False,eligible_for_shift_screen
6564,30163,5T43,True,True,True,False,False,False,False,eligible_for_shift_screen
6565,30164,5T4R,True,True,True,False,False,False,False,eligible_for_shift_screen
6566,30165,5T56,True,True,True,False,False,False,False,eligible_for_shift_screen
6567,30170,5T7Q,True,True,True,False,False,False,False,eligible_for_shift_screen
6568,30171,5T82,True,True,True,False,False,False,False,eligible_for_shift_screen
6569,30172,5T8A,True,True,True,False,False,False,False,eligible_for_shift_screen
6570,30176,5TBG,True,True,True,False,False,False,False,eligible_for_shift_screen
6571,30177,5TBN,True,True,True,False,False,False,False,eligible_for_shift_screen
6572,30178,5TBQ,True,True,True,False,False,False,False,eligible_for_shift_screen
6573,30179,5TBR,True,True,True,False,False,False,False,eligible_for_shift_screen
6574,30180,5TCE,True,True,True,False,False,False,False,eligible_for_shift_screen
6575,30181,5TCZ,True,True,True,False,False,False,False,eligible_for_shift_screen
6576,30184,5TGG,True,True,True,False,False,False,False,eligible_for_shift_screen
6577,30185,5TGW,True,True,True,False,False,False,False,eligible_for_shift_screen
6578,30186,5TGY,True,True,True,False,False,False,False,eligible_for_shift_screen
6579,30188,5TJ1,True,True,True,False,False,False,False,eligible_for_shift_screen
6580,30189,5TLQ,True,True,True,False,False,False,False,eligible_for_shift_screen
6581,30190,5TLR,True,True,True,False,False,False,False,eligible_for_shift_screen
6582,30191,6ALT,True,True,True,False,False,False,False,eligible_for_shift_screen
6583,30192,5TMX,True,True,True,False,False,False,False,eligible_for_shift_screen
6584,30193,5TN0,True,True,True,False,False,False,False,eligible_for_shift_screen
6585,30194,5TN2,True,True,True,False,False,False,False,eligible_for_shift_screen
6586,30195,5TP5,True,True,True,False,False,False,False,eligible_for_shift_screen
6587,30196,5TP6,True,True,True,False,False,False,False,eligible_for_shift_screen
6588,30197,5TR5,True,True,True,False,False,False,False,eligible_for_shift_screen
6589,30198,5TRN,True,True,True,False,False,False,False,eligible_for_shift_screen
6590,30199,5TTB,True,True,True,False,False,False,False,eligible_for_shift_screen
6591,30200,5TTT,True,True,True,False,False,False,False,eligible_for_shift_screen
6592,30201,5TVZ,True,True,True,False,False,False,False,eligible_for_shift_screen
6593,30202,5TWI,True,True,True,False,False,False,False,eligible_for_shift_screen
6594,30203,5TWW,True,True,True,False,False,False,False,eligible_for_shift_screen
6595,30204,5TX8,True,True,True,False,False,False,False,eligible_for_shift_screen
6596,30205,5U3H,True,True,True,False,False,False,False,eligible_for_shift_screen
6597,30206,5U5S,True,True,True,False,False,False,False,eligible_for_shift_screen
6598,30207,5U6H,True,True,True,False,False,False,False,eligible_for_shift_screen
6599,30208,5U6L,True,True,True,False,False,False,False,eligible_for_shift_screen
6600,30209,5U87,True,True,True,False,False,False,False,eligible_for_shift_screen
6601,30210,5U9B,True,True,True,False,False,False,False,eligible_for_shift_screen
6602,30211,5U9Q,True,True,True,False,False,False,False,eligible_for_shift_screen
6603,30212,5U9R,True,True,True,False,False,False,False,eligible_for_shift_screen
6604,30213,5U9S,True,True,True,False,False,False,False,eligible_for_shift_screen
6605,30214,5U9V,True,True,True,False,False,False,False,eligible_for_shift_screen
6606,30215,5U9X,True,True,True,False,False,False,False,eligible_for_shift_screen
6607,30216,5U9Y,True,True,True,False,False,False,False,eligible_for_shift_screen
6608,30217,5UA6,True,True,True,False,False,False,False,eligible_for_shift_screen
6609,30218,5UA7,True,True,True,False,False,False,False,eligible_for_shift_screen
6610,30219,5UA8,True,True,True,False,False,False,False,eligible_for_shift_screen
6611,30220,5UB0,True,True,True,False,False,False,False,eligible_for_shift_screen
6612,30221,5UBS,True,True,True,False,False,False,False,eligible_for_shift_screen
6613,30222,5UCE,True,True,True,False,False,False,False,eligible_for_shift_screen
6614,30223,5UCF,True,True,True,False,False,False,False,eligible_for_shift_screen
6615,30224,5UF3,True,True,True,False,False,False,False,eligible_for_shift_screen
6616,30225,5UG3,True,True,True,False,False,False,False,eligible_for_shift_screen
6617,30226,5UG5,True,True,True,False,False,False,False,eligible_for_shift_screen
6618,30227,5UGK,True,True,True,False,False,False,False,eligible_for_shift_screen
6619,30229,5UI6,True,True,True,False,False,False,False,eligible_for_shift_screen
6620,30230,5UI7,True,True,True,False,False,False,False,eligible_for_shift_screen
6621,30231,5UJ5,True,True,True,False,False,False,False,eligible_for_shift_screen
6622,30232,5UJG,True,True,True,False,False,False,False,eligible_for_shift_screen
6623,30232,6E1L,True,True,True,False,False,False,False,eligible_for_shift_screen
6624,30233,5UJH,True,True,True,False,False,False,False,eligible_for_shift_screen
6625,30234,5UJL,True,True,True,False,False,False,False,eligible_for_shift_screen
6626,30234,5UJN,True,True,True,False,False,False,False,eligible_for_shift_screen
6627,30235,5UJQ,True,True,True,False,False,False,False,eligible_for_shift_screen
6628,30236,5UJR,True,True,True,False,False,False,False,eligible_for_shift_screen
6629,30237,5UKE,True,True,True,False,False,False,False,eligible_for_shift_screen
6630,30238,5UKZ,True,True,True,False,False,False,False,eligible_for_shift_screen
6631,30239,5UNK,True,True,True,False,False,False,False,eligible_for_shift_screen
6632,30240,5UOI,True,True,True,False,False,False,False,eligible_for_shift_screen
6633,30241,5UP1,True,True,True,False,False,False,False,eligible_for_shift_screen
6634,30242,5UP5,True,True,True,False,False,False,False,eligible_for_shift_screen
6635,30243,5URN,True,True,True,False,False,False,False,eligible_for_shift_screen
6636,30244,5US3,True,True,True,False,False,False,False,eligible_for_shift_screen
6637,30245,5US5,True,True,True,False,False,False,False,eligible_for_shift_screen
6638,30246,5UTG,True,True,True,False,False,False,False,eligible_for_shift_screen
6639,30247,5UTV,True,True,True,False,False,False,False,eligible_for_shift_screen
6640,30248,5UY2,True,True,True,False,False,False,False,eligible_for_shift_screen
6641,30249,5UYO,True,True,True,False,False,False,False,eligible_for_shift_screen
6642,30250,5UZ1,True,True,True,False,False,False,False,eligible_for_shift_screen
6643,30251,5UZ2,True,True,True,False,False,False,False,eligible_for_shift_screen
6644,30252,5UZ3,True,True,True,False,False,False,False,eligible_for_shift_screen
6645,30253,5UZD,True,True,True,False,False,False,False,eligible_for_shift_screen
6646,30254,5UZF,True,True,True,False,False,False,False,eligible_for_shift_screen
6647,30255,5UZI,True,True,True,False,False,False,False,eligible_for_shift_screen
6648,30256,5UZL,True,True,True,False,False,False,False,eligible_for_shift_screen
6649,30257,5UZT,True,True,True,False,False,False,False,eligible_for_shift_screen
6650,30258,5UZZ,True,True,True,False,False,False,False,eligible_for_shift_screen
6651,30259,5V0Y,True,True,True,False,False,False,False,eligible_for_shift_screen
6652,30260,5V11,True,True,True,False,False,False,False,eligible_for_shift_screen
6653,30261,5V16,True,True,True,False,False,False,False,eligible_for_shift_screen
6654,30262,5V17,True,True,True,False,False,False,False,eligible_for_shift_screen
6655,30263,5V1E,True,True,True,False,False,False,False,eligible_for_shift_screen
6656,30265,5V2B,True,True,True,False,False,False,False,eligible_for_shift_screen
6657,30267,5V2G,True,True,True,False,False,False,False,eligible_for_shift_screen
6658,30268,5V2R,True,True,True,False,False,False,False,eligible_for_shift_screen
6659,30270,5V4C,True,True,True,False,False,False,False,eligible_for_shift_screen
6660,30271,5V4U,True,True,True,False,False,False,False,eligible_for_shift_screen
6661,30273,5V7Z,True,True,True,False,False,False,False,eligible_for_shift_screen
6662,30274,5VAV,True,True,True,False,False,False,False,eligible_for_shift_screen
6663,30275,5VEY,True,True,True,False,False,False,False,eligible_for_shift_screen
6664,30276,5VF0,True,True,True,False,False,False,False,eligible_for_shift_screen
6665,30281,5VFW,True,True,True,False,False,False,False,eligible_for_shift_screen
6666,30282,5VH7,True,True,True,False,False,False,False,eligible_for_shift_screen
6667,30283,5VH8,True,True,True,False,False,False,False,eligible_for_shift_screen
6668,30284,5VJ8,True,True,True,False,False,False,False,eligible_for_shift_screen
6669,30285,5VKG,True,True,True,False,False,False,False,eligible_for_shift_screen
6670,30286,5VKV,True,True,True,False,False,False,False,eligible_for_shift_screen
6671,30287,5VL6,True,True,True,False,False,False,False,eligible_for_shift_screen
6672,30288,5VLN,True,True,True,False,False,False,False,eligible_for_shift_screen
6673,30289,5VNT,True,True,True,False,False,False,False,eligible_for_shift_screen
6674,30290,5VO7,True,True,True,False,False,False,False,eligible_for_shift_screen
6675,30291,5VR1,True,True,True,False,False,False,False,eligible_for_shift_screen
6676,30292,5VR5,True,True,True,False,False,False,False,eligible_for_shift_screen
6677,30293,5VSO,True,True,True,False,False,False,False,eligible_for_shift_screen
6678,30295,5VTO,True,True,True,False,False,False,False,eligible_for_shift_screen
6679,30296,5VWE,True,True,True,False,False,False,False,eligible_for_shift_screen
6680,30297,5VWL,True,True,True,False,False,False,False,eligible_for_shift_screen
6681,30298,5VX7,True,True,True,False,False,False,False,eligible_for_shift_screen
6682,30300,5VZM,True,True,True,False,False,False,False,eligible_for_shift_screen
6683,30301,5W0Y,True,True,True,False,False,False,False,eligible_for_shift_screen
6684,30303,5W3G,True,True,True,False,False,False,False,eligible_for_shift_screen
6685,30304,5W3N,True,True,True,False,False,False,False,eligible_for_shift_screen
6686,30305,5W4S,True,True,True,False,False,False,False,eligible_for_shift_screen
6687,30306,5W54,True,True,True,False,False,False,False,eligible_for_shift_screen
6688,30307,5W72,True,True,True,False,False,False,False,eligible_for_shift_screen
6689,30308,5W88,True,True,True,False,False,False,False,eligible_for_shift_screen
6690,30308,5WCL,True,True,True,False,False,False,False,eligible_for_shift_screen
6691,30309,5W8Y,True,True,True,False,False,False,False,eligible_for_shift_screen
6692,30310,5W8Z,True,True,True,False,False,False,False,eligible_for_shift_screen
6693,30311,5W96,True,True,True,False,False,False,False,eligible_for_shift_screen
6694,30312,5W9F,True,True,True,False,False,False,False,eligible_for_shift_screen
6695,30313,5WAH,True,True,True,False,False,False,False,eligible_for_shift_screen
6696,30314,5WBT,True,True,True,False,False,False,False,eligible_for_shift_screen
6697,30315,5WCV,True,True,True,False,False,False,False,eligible_for_shift_screen
6698,30316,5WDZ,True,True,True,False,False,False,False,eligible_for_shift_screen
6699,30317,5WE3,True,True,True,False,False,False,False,eligible_for_shift_screen
6700,30318,5WLX,True,True,True,False,False,False,False,eligible_for_shift_screen
6701,30319,5WOC,True,True,True,False,False,False,False,eligible_for_shift_screen
6702,30320,5WOD,True,True,True,False,False,False,False,eligible_for_shift_screen
6703,30321,5WOE,True,True,True,False,False,False,False,eligible_for_shift_screen
6704,30322,5WOT,True,True,True,False,False,False,False,eligible_for_shift_screen
6705,30323,5WOV,True,True,True,False,False,False,False,eligible_for_shift_screen
6706,30324,5WOW,True,True,True,False,False,False,False,eligible_for_shift_screen
6707,30325,5WOX,True,True,True,False,False,False,False,eligible_for_shift_screen
6708,30326,5WOY,True,True,True,False,False,False,False,eligible_for_shift_screen
6709,30327,5WOZ,True,True,True,False,False,False,False,eligible_for_shift_screen
6710,30328,6ALS,True,True,True,False,False,False,False,eligible_for_shift_screen
6711,30329,6ALU,True,True,True,False,False,False,False,eligible_for_shift_screen
6712,30330,6ALY,True,True,True,False,False,False,False,eligible_for_shift_screen
6713,30331,6AMV,True,True,True,False,False,False,False,eligible_for_shift_screen
6714,30332,6AMW,True,True,True,False,False,False,False,eligible_for_shift_screen
6715,30333,6ANF,True,True,True,False,False,False,False,eligible_for_shift_screen
6716,30334,6AP5,True,True,True,False,False,False,False,eligible_for_shift_screen
6717,30335,6ASF,True,True,True,False,False,False,False,eligible_for_shift_screen
6718,30336,6AST,True,True,True,False,False,False,False,eligible_for_shift_screen
6719,30337,6AWK,True,True,True,False,False,False,False,eligible_for_shift_screen
6720,30338,6AWM,True,True,True,False,False,False,False,eligible_for_shift_screen
6721,30339,6AX2,True,True,True,False,False,False,False,eligible_for_shift_screen
6722,30340,6AXD,True,True,True,False,False,False,False,eligible_for_shift_screen
6723,30341,6AXI,True,True,True,False,False,False,False,eligible_for_shift_screen
6724,30342,6AZA,True,True,True,False,False,False,False,eligible_for_shift_screen
6725,30343,6AZF,True,True,True,False,False,False,False,eligible_for_shift_screen
6726,30344,6AZG,True,True,True,False,False,False,False,eligible_for_shift_screen
6727,30345,6B1G,True,True,True,False,False,False,False,eligible_for_shift_screen
6728,30346,6B34,True,True,True,False,False,False,False,eligible_for_shift_screen
6729,30347,6B35,True,True,True,False,False,False,False,eligible_for_shift_screen
6730,30348,6B3N,True,True,True,False,False,False,False,eligible_for_shift_screen
6731,30349,6B3U,True,True,True,False,False,False,False,eligible_for_shift_screen
6732,30350,6B9K,True,True,True,False,False,False,False,eligible_for_shift_screen
6733,30351,6B9W,True,True,True,False,False,False,False,eligible_for_shift_screen
6734,30351,6BI5,True,True,True,False,False,False,False,eligible_for_shift_screen
6735,30352,6BA3,True,True,True,False,False,False,False,eligible_for_shift_screen
6736,30353,6BA6,True,True,True,False,False,False,False,eligible_for_shift_screen
6737,30354,6BAM,True,True,True,False,False,False,False,eligible_for_shift_screen
6738,30354,6BB6,True,True,True,False,False,False,False,eligible_for_shift_screen
6739,30355,6BE7,True,True,True,False,False,False,False,eligible_for_shift_screen
6740,30356,6BE9,True,True,True,False,False,False,False,eligible_for_shift_screen
6741,30357,6BEN,True,True,True,False,False,False,False,eligible_for_shift_screen
6742,30358,6BEO,True,True,True,False,False,False,False,eligible_for_shift_screen
6743,30359,6BEQ,True,True,True,False,False,False,False,eligible_for_shift_screen
6744,30360,6BER,True,True,True,False,False,False,False,eligible_for_shift_screen
6745,30361,6BES,True,True,True,False,False,False,False,eligible_for_shift_screen
6746,30362,6BET,True,True,True,False,False,False,False,eligible_for_shift_screen
6747,30363,6BEU,True,True,True,False,False,False,False,eligible_for_shift_screen
6748,30364,6BEW,True,True,True,False,False,False,False,eligible_for_shift_screen
6749,30365,6BF3,True,True,True,False,False,False,False,eligible_for_shift_screen
6750,30366,6BF5,True,True,True,False,False,False,False,eligible_for_shift_screen
6751,30367,6BGG,True,True,True,False,False,False,False,eligible_for_shift_screen
6752,30368,6BGH,True,True,True,False,False,False,False,eligible_for_shift_screen
6753,30370,6BI6,True,True,True,False,False,False,False,eligible_for_shift_screen
6754,30371,6BJF,True,True,True,False,False,False,False,eligible_for_shift_screen
6755,30372,6BL9,True,True,True,False,False,False,False,eligible_for_shift_screen
6756,30373,6BNH,True,True,True,False,False,False,False,eligible_for_shift_screen
6757,30373,6MNL,True,True,True,False,False,False,False,eligible_for_shift_screen
6758,30374,6BP9,True,True,True,False,False,False,False,eligible_for_shift_screen
6759,30375,6BQI,True,True,True,False,False,False,False,eligible_for_shift_screen
6760,30375,6U1L,True,True,True,False,False,False,False,eligible_for_shift_screen
6761,30375,6U1O,True,True,True,False,False,False,False,eligible_for_shift_screen
6762,30376,6BR0,True,True,True,False,False,False,False,eligible_for_shift_screen
6763,30377,6BTV,True,True,True,False,False,False,False,eligible_for_shift_screen
6764,30378,6BUC,True,True,True,False,False,False,False,eligible_for_shift_screen
6765,30379,6BV7,True,True,True,False,False,False,False,eligible_for_shift_screen
6766,30380,6BVU,True,True,True,False,False,False,False,eligible_for_shift_screen
6767,30381,6BVW,True,True,True,False,False,False,False,eligible_for_shift_screen
6768,30382,6BVX,True,True,True,False,False,False,False,eligible_for_shift_screen
6769,30383,6BVY,True,True,True,False,False,False,False,eligible_for_shift_screen
6770,30385,6BX9,True,True,True,False,False,False,False,eligible_for_shift_screen
6771,30386,6BY4,True,True,True,False,False,False,False,eligible_for_shift_screen
6772,30386,6BY5,True,True,True,False,False,False,False,eligible_for_shift_screen
6773,30388,6BYV,True,True,True,False,False,False,False,eligible_for_shift_screen
6774,30389,6BZJ,True,True,True,False,False,False,False,eligible_for_shift_screen
6775,30390,6BZK,True,True,True,False,False,False,False,eligible_for_shift_screen
6776,30391,6BZL,True,True,True,False,False,False,False,eligible_for_shift_screen
6777,30391,6OKW,True,True,True,False,False,False,False,eligible_for_shift_screen
6778,30394,6C2U,True,True,True,False,False,False,False,eligible_for_shift_screen
6779,30395,6C2V,True,True,True,False,False,False,False,eligible_for_shift_screen
6780,30396,6C41,True,True,True,False,False,False,False,eligible_for_shift_screen
6781,30397,6C44,True,True,True,False,False,False,False,eligible_for_shift_screen
6782,30398,6C8U,True,True,True,False,False,False,False,eligible_for_shift_screen
6783,30399,6CAH,True,True,True,False,False,False,False,eligible_for_shift_screen
6784,30400,6CC9,True,True,True,False,False,False,False,eligible_for_shift_screen
6785,30401,6CCH,True,True,True,False,False,False,False,eligible_for_shift_screen
6786,30402,6CCW,True,True,True,False,False,False,False,eligible_for_shift_screen
6787,30403,6CCX,True,True,True,False,False,False,False,eligible_for_shift_screen
6788,30404,6CE5,True,True,True,False,False,False,False,eligible_for_shift_screen
6789,30404,6CUS,True,True,True,False,False,False,False,eligible_for_shift_screen
6790,30404,6CV8,True,True,True,False,False,False,False,eligible_for_shift_screen
6791,30404,6CW4,True,True,True,False,False,False,False,eligible_for_shift_screen
6792,30405,6CEG,True,True,True,False,False,False,False,eligible_for_shift_screen
6793,30406,6CEI,True,True,True,False,False,False,False,eligible_for_shift_screen
6794,30407,6CEJ,True,True,True,False,False,False,False,eligible_for_shift_screen
6795,30408,6CFA,True,True,True,False,False,False,False,eligible_for_shift_screen
6796,30409,6CFB,True,True,True,False,False,False,False,eligible_for_shift_screen
6797,30410,6CGH,True,True,True,False,False,False,False,eligible_for_shift_screen
6798,30411,6CGW,True,True,True,False,False,False,False,eligible_for_shift_screen
6799,30412,6CGX,True,True,True,False,False,False,False,eligible_for_shift_screen
6800,30413,6CHC,True,True,True,False,False,False,False,eligible_for_shift_screen
6801,30414,6CIV,True,True,True,False,False,False,False,eligible_for_shift_screen
6802,30415,6CIX,True,True,True,False,False,False,False,eligible_for_shift_screen
6803,30416,6CJ8,True,True,True,False,False,False,False,eligible_for_shift_screen
6804,30417,6CJD,True,True,True,False,False,False,False,eligible_for_shift_screen
6805,30418,6CJZ,True,True,True,False,False,False,False,eligible_for_shift_screen
6806,30419,6CKD,True,True,True,False,False,False,False,eligible_for_shift_screen
6807,30420,6CKF,True,True,True,False,False,False,False,eligible_for_shift_screen
6808,30421,6CKQ,True,True,True,False,False,False,False,eligible_for_shift_screen
6809,30422,6CKU,True,True,True,False,False,False,False,eligible_for_shift_screen
6810,30423,6CKV,True,True,True,False,False,False,False,eligible_for_shift_screen
6811,30424,6CL3,True,True,True,False,False,False,False,eligible_for_shift_screen
6812,30425,6CLZ,True,True,True,False,False,False,False,eligible_for_shift_screen
6813,30426,6CM1,True,True,True,False,False,False,False,eligible_for_shift_screen
6814,30427,6COO,True,True,True,False,False,False,False,eligible_for_shift_screen
6815,30428,6COP,True,True,True,False,False,False,False,eligible_for_shift_screen
6816,30429,6COQ,True,True,True,False,False,False,False,eligible_for_shift_screen
6817,30430,6COR,True,True,True,False,False,False,False,eligible_for_shift_screen
6818,30431,6COS,True,True,True,False,False,False,False,eligible_for_shift_screen
6819,30432,6COT,True,True,True,False,False,False,False,eligible_for_shift_screen
6820,30433,6COU,True,True,True,False,False,False,False,eligible_for_shift_screen
6821,30434,6COV,True,True,True,False,False,False,False,eligible_for_shift_screen
6822,30435,6COW,True,True,True,False,False,False,False,eligible_for_shift_screen
6823,30436,6CPI,True,True,True,False,False,False,False,eligible_for_shift_screen
6824,30437,6CPJ,True,True,True,False,False,False,False,eligible_for_shift_screen
6825,30438,6CPK,True,True,True,False,False,False,False,eligible_for_shift_screen
6826,30439,6CSK,True,True,True,False,False,False,False,eligible_for_shift_screen
6827,30440,6CSZ,True,True,True,False,False,False,False,eligible_for_shift_screen
6828,30441,6CT1,True,True,True,False,False,False,False,eligible_for_shift_screen
6829,30442,6CT4,True,True,True,False,False,False,False,eligible_for_shift_screen
6830,30443,6CTG,True,True,True,False,False,False,False,eligible_for_shift_screen
6831,30444,6CUI,True,True,True,False,False,False,False,eligible_for_shift_screen
6832,30445,6CWS,True,True,True,False,False,False,False,eligible_for_shift_screen
6833,30446,6CXN,True,True,True,False,False,False,False,eligible_for_shift_screen
6834,30447,6CXP,True,True,True,False,False,False,False,eligible_for_shift_screen
6835,30448,6CXQ,True,True,True,False,False,False,False,eligible_for_shift_screen
6836,30449,6CXR,True,True,True,False,False,False,False,eligible_for_shift_screen
6837,30450,6CZT,True,True,True,False,False,False,False,eligible_for_shift_screen
6838,30450,6D10,True,True,True,False,False,False,False,eligible_for_shift_screen
6839,30451,6D2H,True,True,True,False,False,False,False,eligible_for_shift_screen
6840,30452,6D2U,True,True,True,False,False,False,False,eligible_for_shift_screen
6841,30453,6D37,True,True,True,False,False,False,False,eligible_for_shift_screen
6842,30454,6D3T,True,True,True,False,False,False,False,eligible_for_shift_screen
6843,30456,6D6S,True,True,True,False,False,False,False,eligible_for_shift_screen
6844,30457,6D6X,True,True,True,False,False,False,False,eligible_for_shift_screen
6845,30458,6D74,True,True,True,False,False,False,False,eligible_for_shift_screen
6846,30459,6D8H,True,True,True,False,False,False,False,eligible_for_shift_screen
6847,30460,6D8Q,True,True,True,False,False,False,False,eligible_for_shift_screen
6848,30461,6D8R,True,True,True,False,False,False,False,eligible_for_shift_screen
6849,30462,6D8S,True,True,True,False,False,False,False,eligible_for_shift_screen
6850,30463,6D8T,True,True,True,False,False,False,False,eligible_for_shift_screen
6851,30464,6D8U,True,True,True,False,False,False,False,eligible_for_shift_screen
6852,30465,6D8Y,True,True,True,False,False,False,False,eligible_for_shift_screen
6853,30466,6D93,True,True,True,False,False,False,False,eligible_for_shift_screen
6854,30467,6D9O,True,True,True,False,False,False,False,eligible_for_shift_screen
6855,30468,6D9P,True,True,True,False,False,False,False,eligible_for_shift_screen
6856,30469,6DG1,True,True,True,False,False,False,False,eligible_for_shift_screen
6857,30470,6DHR,True,True,True,False,False,False,False,eligible_for_shift_screen
6858,30471,6DL4,True,True,True,False,False,False,False,eligible_for_shift_screen
6859,30472,6DLN,True,True,True,False,False,False,False,eligible_for_shift_screen
6860,30473,6DM7,True,True,True,False,False,False,False,eligible_for_shift_screen
6861,30474,6DMP,True,True,True,False,False,False,False,eligible_for_shift_screen
6862,30475,6DMZ,True,True,True,False,False,False,False,eligible_for_shift_screen
6863,30476,6DNY,True,True,True,False,False,False,False,eligible_for_shift_screen
6864,30477,6DO6,True,True,True,False,False,False,False,eligible_for_shift_screen
6865,30478,6DO7,True,True,True,False,False,False,False,eligible_for_shift_screen
6866,30478,6DRG,True,True,True,False,False,False,False,eligible_for_shift_screen
6867,30479,6DRI,True,True,True,False,False,False,False,eligible_for_shift_screen
6868,30480,6DSL,True,True,True,False,False,False,False,eligible_for_shift_screen
6869,30481,6DST,True,True,True,False,False,False,False,eligible_for_shift_screen
6870,30482,6DUL,True,True,True,False,False,False,False,eligible_for_shift_screen
6871,30483,6DUU,True,True,True,False,False,False,False,eligible_for_shift_screen
6872,30484,6DVT,True,True,True,False,False,False,False,eligible_for_shift_screen
6873,30485,6DXM,True,True,True,False,False,False,False,eligible_for_shift_screen
6874,30486,6DZ9,True,True,True,False,False,False,False,eligible_for_shift_screen
6875,30487,6DZA,True,True,True,False,False,False,False,eligible_for_shift_screen
6876,30488,6DZB,True,True,True,False,False,False,False,eligible_for_shift_screen
6877,30489,6DZC,True,True,True,False,False,False,False,eligible_for_shift_screen
6878,30490,6DZE,True,True,True,False,False,False,False,eligible_for_shift_screen
6879,30491,6E25,True,True,True,False,False,False,False,eligible_for_shift_screen
6880,30492,6E26,True,True,True,False,False,False,False,eligible_for_shift_screen
6881,30493,6E4H,True,True,True,False,False,False,False,eligible_for_shift_screen
6882,30494,6E4J,True,True,True,False,False,False,False,eligible_for_shift_screen
6883,30494,6NS8,True,True,True,False,False,False,False,eligible_for_shift_screen
6884,30495,6E5C,True,True,True,False,False,False,False,eligible_for_shift_screen
6885,30496,6E5H,True,True,True,False,False,False,False,eligible_for_shift_screen
6886,30497,6E5I,True,True,True,False,False,False,False,eligible_for_shift_screen
6887,30498,6E5J,True,True,True,False,False,False,False,eligible_for_shift_screen
6888,30499,6E5K,True,True,True,False,False,False,False,eligible_for_shift_screen
6889,30500,6E5N,True,True,True,False,False,False,False,eligible_for_shift_screen
6890,30501,6E83,True,True,True,False,False,False,False,eligible_for_shift_screen
6891,30502,6E86,True,True,True,False,False,False,False,eligible_for_shift_screen
6892,30503,6E8W,True,True,True,False,False,False,False,eligible_for_shift_screen
6893,30503,6UJV,True,True,True,False,False,False,False,eligible_for_shift_screen
6894,30503,6V4T,True,True,True,False,False,False,False,eligible_for_shift_screen
6895,30504,6E98,True,True,True,False,False,False,False,eligible_for_shift_screen
6896,30505,6E9M,True,True,True,False,False,False,False,eligible_for_shift_screen
6897,30506,6ED9,True,True,True,False,False,False,False,eligible_for_shift_screen
6898,30507,6EE9,True,True,True,False,False,False,False,eligible_for_shift_screen
6899,30508,6EFE,True,True,True,False,False,False,False,eligible_for_shift_screen
6900,30509,6MBM,True,True,True,False,False,False,False,eligible_for_shift_screen
6901,30510,6MCE,True,True,True,False,False,False,False,eligible_for_shift_screen
6902,30511,6MCF,True,True,True,False,False,False,False,eligible_for_shift_screen
6903,30512,6MCI,True,True,True,False,False,False,False,eligible_for_shift_screen
6904,30513,6MF8,True,True,True,False,False,False,False,eligible_for_shift_screen
6905,30514,6MG9,True,True,True,False,False,False,False,eligible_for_shift_screen
6906,30515,6MI5,True,True,True,False,False,False,False,eligible_for_shift_screen
6907,30516,6MI9,True,True,True,False,False,False,False,eligible_for_shift_screen
6908,30517,6MIE,True,True,True,False,False,False,False,eligible_for_shift_screen
6909,30518,6MIF,True,True,True,False,False,False,False,eligible_for_shift_screen
6910,30519,6MJD,True,True,True,False,False,False,False,eligible_for_shift_screen
6911,30520,6MJV,True,True,True,False,False,False,False,eligible_for_shift_screen
6912,30521,6MK4,True,True,True,False,False,False,False,eligible_for_shift_screen
6913,30522,6MK5,True,True,True,False,False,False,False,eligible_for_shift_screen
6914,30523,6MK7,True,True,True,False,False,False,False,eligible_for_shift_screen
6915,30524,6MK8,True,True,True,False,False,False,False,eligible_for_shift_screen
6916,30525,6MM4,True,True,True,False,False,False,False,eligible_for_shift_screen
6917,30527,6MSP,True,True,True,False,False,False,False,eligible_for_shift_screen
6918,30528,6MUN,True,True,True,False,False,False,False,eligible_for_shift_screen
6919,30529,6MV3,True,True,True,False,False,False,False,eligible_for_shift_screen
6920,30530,6MW6,True,True,True,False,False,False,False,eligible_for_shift_screen
6921,30531,6MWM,True,True,True,False,False,False,False,eligible_for_shift_screen
6922,30532,6NJF,True,True,True,False,False,False,False,eligible_for_shift_screen
6923,30533,6MXQ,True,True,True,False,False,False,False,eligible_for_shift_screen
6924,30534,6MY1,True,True,True,False,False,False,False,eligible_for_shift_screen
6925,30535,6MY2,True,True,True,False,False,False,False,eligible_for_shift_screen
6926,30536,6MY3,True,True,True,False,False,False,False,eligible_for_shift_screen
6927,30537,6MZA,True,True,True,False,False,False,False,eligible_for_shift_screen
6928,30538,6MZT,True,True,True,False,False,False,False,eligible_for_shift_screen
6929,30543,6N2M,True,True,True,False,False,False,False,eligible_for_shift_screen
6930,30544,6N68,True,True,True,False,False,False,False,eligible_for_shift_screen
6931,30545,6N8C,True,True,True,False,False,False,False,eligible_for_shift_screen
6932,30546,6N8F,True,True,True,False,False,False,False,eligible_for_shift_screen
6933,30547,6N8H,True,True,True,False,False,False,False,eligible_for_shift_screen
6934,30548,6N8I,True,True,True,False,False,False,False,eligible_for_shift_screen
6935,30550,6NBN,True,True,True,False,False,False,False,eligible_for_shift_screen
6936,30551,6NE8,True,True,True,False,False,False,False,eligible_for_shift_screen
6937,30552,6NEB,True,True,True,False,False,False,False,eligible_for_shift_screen
6938,30553,6NHW,True,True,True,False,False,False,False,eligible_for_shift_screen
6939,30554,6NHY,True,True,True,False,False,False,False,eligible_for_shift_screen
6940,30555,6NK9,True,True,True,False,False,False,False,eligible_for_shift_screen
6941,30556,6NL3,True,True,True,False,False,False,False,eligible_for_shift_screen
6942,30557,6NM2,True,True,True,False,False,False,False,eligible_for_shift_screen
6943,30558,6NM3,True,True,True,False,False,False,False,eligible_for_shift_screen
6944,30559,6NNB,True,True,True,False,False,False,False,eligible_for_shift_screen
6945,30560,6NOA,True,True,True,False,False,False,False,eligible_for_shift_screen
6946,30561,6NOM,True,True,True,False,False,False,False,eligible_for_shift_screen
6947,30562,6NOX,True,True,True,False,False,False,False,eligible_for_shift_screen
6948,30565,6NU4,True,True,True,False,False,False,False,eligible_for_shift_screen
6949,30566,6NUG,True,True,True,False,False,False,False,eligible_for_shift_screen
6950,30567,6NVZ,True,True,True,False,False,False,False,eligible_for_shift_screen
6951,30568,6NW8,True,True,True,False,False,False,False,eligible_for_shift_screen
6952,30569,6NX4,True,True,True,False,False,False,False,eligible_for_shift_screen
6953,30570,6NZ2,True,True,True,False,False,False,False,eligible_for_shift_screen
6954,30571,6NZL,True,True,True,False,False,False,False,eligible_for_shift_screen
6955,30572,6NZN,True,True,True,False,False,False,False,eligible_for_shift_screen
6956,30573,6O0C,True,True,True,False,False,False,False,eligible_for_shift_screen
6957,30574,6O0I,True,True,True,False,False,False,False,eligible_for_shift_screen
6958,30575,6O1Q,True,True,True,False,False,False,False,eligible_for_shift_screen
6959,30576,6O22,True,True,True,False,False,False,False,eligible_for_shift_screen
6960,30577,6O2L,True,True,True,False,False,False,False,eligible_for_shift_screen
6961,30579,6O3Q,True,True,True,False,False,False,False,eligible_for_shift_screen
6962,30580,6O3S,True,True,True,False,False,False,False,eligible_for_shift_screen
6963,30583,6O6I,True,True,True,False,False,False,False,eligible_for_shift_screen
6964,30584,6O6W,True,True,True,False,False,False,False,eligible_for_shift_screen
6965,30585,6O7G,True,True,True,False,False,False,False,eligible_for_shift_screen
6966,30586,6O8J,True,True,True,False,False,False,False,eligible_for_shift_screen
6967,30586,6O8P,True,True,True,False,False,False,False,eligible_for_shift_screen
6968,30587,6O8R,True,True,True,False,False,False,False,eligible_for_shift_screen
6969,30588,6O8S,True,True,True,False,False,False,False,eligible_for_shift_screen
6970,30590,6OB1,True,True,True,False,False,False,False,eligible_for_shift_screen
6971,30591,6OBI,True,True,True,False,False,False,False,eligible_for_shift_screen
6972,30592,6OBK,True,True,True,False,False,False,False,eligible_for_shift_screen
6973,30593,6OBW,True,True,True,False,False,False,False,eligible_for_shift_screen
6974,30594,6OC2,True,True,True,False,False,False,False,eligible_for_shift_screen
6975,30595,6OC4,True,True,True,False,False,False,False,eligible_for_shift_screen
6976,30596,6OC9,True,True,True,False,False,False,False,eligible_for_shift_screen
6977,30597,6OFA,True,True,True,False,False,False,False,eligible_for_shift_screen
6978,30598,6OHX,True,True,True,False,False,False,False,eligible_for_shift_screen
6979,30599,6OKX,True,True,True,False,False,False,False,eligible_for_shift_screen
6980,30600,6OKY,True,True,True,False,False,False,False,eligible_for_shift_screen
6981,30601,6OLD,True,True,True,False,False,False,False,eligible_for_shift_screen
6982,30602,6OQ2,True,True,True,False,False,False,False,eligible_for_shift_screen
6983,30603,6OQ9,True,True,True,False,False,False,False,eligible_for_shift_screen
6984,30604,6OQH,True,True,True,False,False,False,False,eligible_for_shift_screen
6985,30605,6OQJ,True,True,True,False,False,False,False,eligible_for_shift_screen
6986,30606,6OQK,True,True,True,False,False,False,False,eligible_for_shift_screen
6987,30607,6OQP,True,True,True,False,False,False,False,eligible_for_shift_screen
6988,30608,6OSW,True,True,True,False,False,False,False,eligible_for_shift_screen
6989,30609,6OTA,True,True,True,False,False,False,False,eligible_for_shift_screen
6990,30610,6OVC,True,True,True,False,False,False,False,eligible_for_shift_screen
6991,30611,6OWR,True,True,True,False,False,False,False,eligible_for_shift_screen
6992,30613,6P6B,True,True,True,False,False,False,False,eligible_for_shift_screen
6993,30614,6P6C,True,True,True,False,False,False,False,eligible_for_shift_screen
6994,30615,6PEZ,True,True,True,False,False,False,False,eligible_for_shift_screen
6995,30616,6PF0,True,True,True,False,False,False,False,eligible_for_shift_screen
6996,30617,6PI2,True,True,True,False,False,False,False,eligible_for_shift_screen
6997,30618,6PI3,True,True,True,False,False,False,False,eligible_for_shift_screen
6998,30619,6PIN,True,True,True,False,False,False,False,eligible_for_shift_screen
6999,30620,6PIO,True,True,True,False,False,False,False,eligible_for_shift_screen
7000,30621,6PIP,True,True,True,False,False,False,False,eligible_for_shift_screen
7001,30622,6PK9,True,True,True,False,False,False,False,eligible_for_shift_screen
7002,30623,6PMG,True,True,True,False,False,False,False,eligible_for_shift_screen
7003,30625,6POR,True,True,True,False,False,False,False,eligible_for_shift_screen
7004,30626,6PPC,True,True,True,False,False,False,False,eligible_for_shift_screen
7005,30627,6PPT,True,True,True,False,False,False,False,eligible_for_shift_screen
7006,30628,6PQ2,True,True,True,False,False,False,False,eligible_for_shift_screen
7007,30629,6PQE,True,True,True,False,False,False,False,eligible_for_shift_screen
7008,30630,6PQF,True,True,True,False,False,False,False,eligible_for_shift_screen
7009,30631,6PQG,True,True,True,False,False,False,False,eligible_for_shift_screen
7010,30632,6PQM,True,True,True,False,False,False,False,eligible_for_shift_screen
7011,30633,6PQT,True,True,True,False,False,False,False,eligible_for_shift_screen
7012,30634,6PRI,True,True,True,False,False,False,False,eligible_for_shift_screen
7013,30635,6PRJ,True,True,True,False,False,False,False,eligible_for_shift_screen
7014,30636,6PRP,True,True,True,False,False,False,False,eligible_for_shift_screen
7015,30637,6PRQ,True,True,True,False,False,False,False,eligible_for_shift_screen
7016,30638,6PSI,True,True,True,False,False,False,False,eligible_for_shift_screen
7017,30639,6PTS,True,True,True,False,False,False,False,eligible_for_shift_screen
7018,30640,6PTW,True,True,True,False,False,False,False,eligible_for_shift_screen
7019,30641,6PV0,True,True,True,False,False,False,False,eligible_for_shift_screen
7020,30642,6PV1,True,True,True,False,False,False,False,eligible_for_shift_screen
7021,30643,6PV2,True,True,True,False,False,False,False,eligible_for_shift_screen
7022,30644,6PV3,True,True,True,False,False,False,False,eligible_for_shift_screen
7023,30645,6PVR,True,True,True,False,False,False,False,eligible_for_shift_screen
7024,30646,6PVT,True,True,True,False,False,False,False,eligible_for_shift_screen
7025,30647,6PX7,True,True,True,False,False,False,False,eligible_for_shift_screen
7026,30648,6PX8,True,True,True,False,False,False,False,eligible_for_shift_screen
7027,30650,6Q08,True,True,True,False,False,False,False,eligible_for_shift_screen
7028,30651,6Q1X,True,True,True,False,False,False,False,eligible_for_shift_screen
7029,30652,6Q2I,True,True,True,False,False,False,False,eligible_for_shift_screen
7030,30653,6TZE,True,True,True,False,False,False,False,eligible_for_shift_screen
7031,30654,6U24,True,True,True,False,False,False,False,eligible_for_shift_screen
7032,30655,6U3R,True,True,True,False,False,False,False,eligible_for_shift_screen
7033,30656,6U3S,True,True,True,False,False,False,False,eligible_for_shift_screen
7034,30656,7JSQ,True,True,True,False,False,False,False,eligible_for_shift_screen
7035,30657,6U46,True,True,True,False,False,False,False,eligible_for_shift_screen
7036,30658,6U4M,True,True,True,False,False,False,False,eligible_for_shift_screen
7037,30659,6U4N,True,True,True,False,False,False,False,eligible_for_shift_screen
7038,30660,6U6G,True,True,True,False,False,False,False,eligible_for_shift_screen
7039,30661,6U6P,True,True,True,False,False,False,False,eligible_for_shift_screen
7040,30662,6U6Q,True,True,True,False,False,False,False,eligible_for_shift_screen
7041,30663,6U6R,True,True,True,False,False,False,False,eligible_for_shift_screen
7042,30664,6U6S,True,True,True,False,False,False,False,eligible_for_shift_screen
7043,30665,6U79,True,True,True,False,False,False,False,eligible_for_shift_screen
7044,30666,6U7Q,True,True,True,False,False,False,False,eligible_for_shift_screen
7045,30667,6U7R,True,True,True,False,False,False,False,eligible_for_shift_screen
7046,30668,6U7S,True,True,True,False,False,False,False,eligible_for_shift_screen
7047,30669,6U7U,True,True,True,False,False,False,False,eligible_for_shift_screen
7048,30670,6U7W,True,True,True,False,False,False,False,eligible_for_shift_screen
7049,30671,6U7X,True,True,True,False,False,False,False,eligible_for_shift_screen
7050,30672,6UCH,True,True,True,False,False,False,False,eligible_for_shift_screen
7051,30673,6UCO,True,True,True,False,False,False,False,eligible_for_shift_screen
7052,30674,6UCP,True,True,True,False,False,False,False,eligible_for_shift_screen
7053,30675,6UD0,True,True,True,False,False,False,False,eligible_for_shift_screen
7054,30676,6UF2,True,True,True,False,False,False,False,eligible_for_shift_screen
7055,30677,6UHW,True,True,True,False,False,False,False,eligible_for_shift_screen
7056,30678,6UJU,True,True,True,False,False,False,False,eligible_for_shift_screen
7057,30679,6UM9,True,True,True,False,False,False,False,eligible_for_shift_screen
7058,30680,6URS,True,True,True,False,False,False,False,eligible_for_shift_screen
7059,30681,6UT2,True,True,True,False,False,False,False,eligible_for_shift_screen
7060,30682,6UX5,True,True,True,False,False,False,False,eligible_for_shift_screen
7061,30683,6UXS,True,True,True,False,False,False,False,eligible_for_shift_screen
7062,30684,6UZJ,True,True,True,False,False,False,False,eligible_for_shift_screen
7063,30686,6UZ4,True,True,True,False,False,False,False,eligible_for_shift_screen
7064,30687,6UZ5,True,True,True,False,False,False,False,eligible_for_shift_screen
7065,30688,6V0L,True,True,True,False,False,False,False,eligible_for_shift_screen
7066,30690,6V1N,True,True,True,False,False,False,False,eligible_for_shift_screen
7067,30691,6V1W,True,True,True,False,False,False,False,eligible_for_shift_screen
7068,30692,6V4I,True,True,True,False,False,False,False,eligible_for_shift_screen
7069,30693,6V5D,True,True,True,False,False,False,False,eligible_for_shift_screen
7070,30694,6V5L,True,True,True,False,False,False,False,eligible_for_shift_screen
7071,30695,6V6T,True,True,True,False,False,False,False,eligible_for_shift_screen
7072,30696,6V88,True,True,True,False,False,False,False,eligible_for_shift_screen
7073,30697,6VA1,True,True,True,False,False,False,False,eligible_for_shift_screen
7074,30698,6VA2,True,True,True,False,False,False,False,eligible_for_shift_screen
7075,30699,6VA3,True,True,True,False,False,False,False,eligible_for_shift_screen
7076,30700,6VA4,True,True,True,False,False,False,False,eligible_for_shift_screen
7077,30701,6VAR,True,True,True,False,False,False,False,eligible_for_shift_screen
7078,30702,6VE9,True,True,True,False,False,False,False,eligible_for_shift_screen
7079,30703,6VED,True,True,True,False,False,False,False,eligible_for_shift_screen
7080,30704,6VEE,True,True,True,False,False,False,False,eligible_for_shift_screen
7081,30705,6VFO,True,True,True,False,False,False,False,eligible_for_shift_screen
7082,30706,6VG7,True,True,True,False,False,False,False,eligible_for_shift_screen
7083,30707,6VGA,True,True,True,False,False,False,False,eligible_for_shift_screen
7084,30708,6VGB,True,True,True,False,False,False,False,eligible_for_shift_screen
7085,30710,6VGT,True,True,True,False,False,False,False,eligible_for_shift_screen
7086,30711,6VH8,True,True,True,False,False,False,False,eligible_for_shift_screen
7087,30712,6VHJ,True,True,True,False,False,False,False,eligible_for_shift_screen
7088,30713,6VIQ,True,True,True,False,False,False,False,eligible_for_shift_screen
7089,30713,7JVF,True,True,True,False,False,False,False,eligible_for_shift_screen
7090,30714,6VJQ,True,True,True,False,False,False,False,eligible_for_shift_screen
7091,30716,6VL2,True,True,True,False,False,False,False,eligible_for_shift_screen
7092,30717,6VLA,True,True,True,False,False,False,False,eligible_for_shift_screen
7093,30718,6VLJ,True,True,True,False,False,False,False,eligible_for_shift_screen
7094,30719,6VNZ,True,True,True,False,False,False,False,eligible_for_shift_screen
7095,30720,6VPN,True,True,True,False,False,False,False,eligible_for_shift_screen
7096,30721,6VRJ,True,True,True,False,False,False,False,eligible_for_shift_screen
7097,30722,6VTI,True,True,True,False,False,False,False,eligible_for_shift_screen
7098,30723,6VU1,True,True,True,False,False,False,False,eligible_for_shift_screen
7099,30724,6VVJ,True,True,True,False,False,False,False,eligible_for_shift_screen
7100,30725,6VWB,True,True,True,False,False,False,False,eligible_for_shift_screen
7101,30726,6VXG,True,True,True,False,False,False,False,eligible_for_shift_screen
7102,30727,6VXW,True,True,True,False,False,False,False,eligible_for_shift_screen
7103,30728,6VY7,True,True,True,False,False,False,False,eligible_for_shift_screen
7104,30729,6VY8,True,True,True,False,False,False,False,eligible_for_shift_screen
7105,30730,6VZC,True,True,True,False,False,False,False,eligible_for_shift_screen
7106,30731,6W0O,True,True,True,False,False,False,False,eligible_for_shift_screen
7107,30734,6W4E,True,True,True,False,False,False,False,eligible_for_shift_screen
7108,30734,7RSC,True,True,True,False,False,False,False,eligible_for_shift_screen
7109,30734,7RSE,True,True,True,False,False,False,False,eligible_for_shift_screen
7110,30735,6W4F,True,True,True,False,False,False,False,eligible_for_shift_screen
7111,30736,6W9N,True,True,True,False,False,False,False,eligible_for_shift_screen
7112,30737,6WA1,True,True,True,False,False,False,False,eligible_for_shift_screen
7113,30738,6WA3,True,True,True,False,False,False,False,eligible_for_shift_screen
7114,30739,6WA4,True,True,True,False,False,False,False,eligible_for_shift_screen
7115,30740,6WA5,True,True,True,False,False,False,False,eligible_for_shift_screen
7116,30741,6WAP,True,True,True,False,False,False,False,eligible_for_shift_screen
7117,30741,6X63,True,True,True,False,False,False,False,eligible_for_shift_screen
7118,30744,6WPB,True,True,True,False,False,False,False,eligible_for_shift_screen
7119,30745,6WPD,True,True,True,False,False,False,False,eligible_for_shift_screen
7120,30746,6WPO,True,True,True,False,False,False,False,eligible_for_shift_screen
7121,30747,6WPV,True,True,True,False,False,False,False,eligible_for_shift_screen
7122,30748,6WQJ,True,True,True,False,False,False,False,eligible_for_shift_screen
7123,30749,6WQL,True,True,True,False,False,False,False,eligible_for_shift_screen
7124,30750,6WQR,True,True,True,False,False,False,False,eligible_for_shift_screen
7125,30752,6WUX,True,True,True,False,False,False,False,eligible_for_shift_screen
7126,30753,6X1K,True,True,True,False,False,False,False,eligible_for_shift_screen
7127,30754,6X46,True,True,True,False,False,False,False,eligible_for_shift_screen
7128,30755,6X4X,True,True,True,False,False,False,False,eligible_for_shift_screen
7129,30756,6X6N,True,True,True,False,False,False,False,eligible_for_shift_screen
7130,30757,6X7I,True,True,True,False,False,False,False,eligible_for_shift_screen
7131,30758,6X8R,True,True,True,False,False,False,False,eligible_for_shift_screen
7132,30759,6XAH,True,True,True,False,False,False,False,eligible_for_shift_screen
7133,30760,6XCR,True,True,True,False,False,False,False,eligible_for_shift_screen
7134,30761,6XCU,True,True,True,False,False,False,False,eligible_for_shift_screen
7135,30763,6XEH,True,True,True,False,False,False,False,eligible_for_shift_screen
7136,30765,6XFL,True,True,True,False,False,False,False,eligible_for_shift_screen
7137,30767,6XN9,True,True,True,False,False,False,False,eligible_for_shift_screen
7138,30768,6XOR,True,True,True,False,False,False,False,eligible_for_shift_screen
7139,30769,6XQJ,True,True,True,False,False,False,False,eligible_for_shift_screen
7140,30770,6XR6,True,True,True,False,False,False,False,eligible_for_shift_screen
7141,30771,6XR7,True,True,True,False,False,False,False,eligible_for_shift_screen
7142,30772,6XRG,True,True,True,False,False,False,False,eligible_for_shift_screen
7143,30773,6XRY,True,True,True,False,False,False,False,eligible_for_shift_screen
7144,30774,7JGI,True,True,True,False,False,False,False,eligible_for_shift_screen
7145,30775,7JGX,True,True,True,False,False,False,False,eligible_for_shift_screen
7146,30776,7JGY,True,True,True,False,False,False,False,eligible_for_shift_screen
7147,30777,7JH1,True,True,True,False,False,False,False,eligible_for_shift_screen
7148,30778,7JHF,True,True,True,False,False,False,False,eligible_for_shift_screen
7149,30779,7JI1,True,True,True,False,False,False,False,eligible_for_shift_screen
7150,30782,7JMY,True,True,True,False,False,False,False,eligible_for_shift_screen
7151,30783,7JN6,True,True,True,False,False,False,False,eligible_for_shift_screen
7152,30784,7JNN,True,True,True,False,False,False,False,eligible_for_shift_screen
7153,30785,7JPM,True,True,True,False,False,False,False,eligible_for_shift_screen
7154,30786,7JQ8,True,True,True,False,False,False,False,eligible_for_shift_screen
7155,30787,7JS6,True,True,True,False,False,False,False,eligible_for_shift_screen
7156,30788,7JU1,True,True,True,False,False,False,False,eligible_for_shift_screen
7157,30789,7JU9,True,True,True,False,False,False,False,eligible_for_shift_screen
7158,30790,7JYN,True,True,True,False,False,False,False,eligible_for_shift_screen
7159,30791,7JYZ,True,True,True,False,False,False,False,eligible_for_shift_screen
7160,30792,7K1M,True,True,True,False,False,False,False,eligible_for_shift_screen
7161,30793,7K1Q,True,True,True,False,False,False,False,eligible_for_shift_screen
7162,30795,7K3G,True,True,True,False,False,False,False,eligible_for_shift_screen
7163,30796,7K3S,True,True,True,False,False,False,False,eligible_for_shift_screen
7164,30797,7K4L,True,True,True,False,False,False,False,eligible_for_shift_screen
7165,30798,7K6B,True,True,True,False,False,False,False,eligible_for_shift_screen
7166,30799,7K7A,True,True,True,False,False,False,False,eligible_for_shift_screen
7167,30800,7K7F,True,True,True,False,False,False,False,eligible_for_shift_screen
7168,30801,7KAA,True,True,True,False,False,False,False,eligible_for_shift_screen
7169,30802,7KBQ,True,True,True,False,False,False,False,eligible_for_shift_screen
7170,30803,7KBV,True,True,True,False,False,False,False,eligible_for_shift_screen
7171,30804,7KBW,True,True,True,False,False,False,False,eligible_for_shift_screen
7172,30805,7KBX,True,True,True,False,False,False,False,eligible_for_shift_screen
7173,30807,7KIX,True,True,True,False,False,False,False,eligible_for_shift_screen
7174,30808,7KLO,True,True,True,False,False,False,False,eligible_for_shift_screen
7175,30809,7KLR,True,True,True,False,False,False,False,eligible_for_shift_screen
7176,30810,7KN0,True,True,True,False,False,False,False,eligible_for_shift_screen
7177,30811,7KNN,True,True,True,False,False,False,False,eligible_for_shift_screen
7178,30812,7KNV,True,True,True,False,False,False,False,eligible_for_shift_screen
7179,30813,7KPD,True,True,True,False,False,False,False,eligible_for_shift_screen
7180,30814,7KRB,True,True,True,False,False,False,False,eligible_for_shift_screen
7181,30816,7KUB,True,True,True,False,False,False,False,eligible_for_shift_screen
7182,30817,7KUC,True,True,True,False,False,False,False,eligible_for_shift_screen
7183,30818,7KUD,True,True,True,False,False,False,False,eligible_for_shift_screen
7184,30819,7KW8,True,True,True,False,False,False,False,eligible_for_shift_screen
7185,30820,7KW9,True,True,True,False,False,False,False,eligible_for_shift_screen
7186,30821,7KWI,True,True,True,False,False,False,False,eligible_for_shift_screen
7187,30822,7KWL,True,True,True,False,False,False,False,eligible_for_shift_screen
7188,30823,7KWR,True,True,True,False,False,False,False,eligible_for_shift_screen
7189,30824,7KXI,True,True,True,False,False,False,False,eligible_for_shift_screen
7190,30825,7KYZ,True,True,True,False,False,False,False,eligible_for_shift_screen
7191,30826,7L2G,True,True,True,False,False,False,False,eligible_for_shift_screen
7192,30827,7L51,True,True,True,False,False,False,False,eligible_for_shift_screen
7193,30828,7L53,True,True,True,False,False,False,False,eligible_for_shift_screen
7194,30829,7L54,True,True,True,False,False,False,False,eligible_for_shift_screen
7195,30830,7L55,True,True,True,False,False,False,False,eligible_for_shift_screen
7196,30832,7L6K,True,True,True,False,False,False,False,eligible_for_shift_screen
7197,30833,7L7A,True,True,True,False,False,False,False,eligible_for_shift_screen
7198,30834,7L83,True,True,True,False,False,False,False,eligible_for_shift_screen
7199,30838,7L96,True,True,True,False,False,False,False,eligible_for_shift_screen
7200,30839,7L98,True,True,True,False,False,False,False,eligible_for_shift_screen
7201,30840,7L9D,True,True,True,False,False,False,False,eligible_for_shift_screen
7202,30842,7LC8,True,True,True,False,False,False,False,eligible_for_shift_screen
7203,30843,7LCW,True,True,True,False,False,False,False,eligible_for_shift_screen
7204,30844,7LDF,True,True,True,False,False,False,False,eligible_for_shift_screen
7205,30845,7LGI,True,True,True,False,False,False,False,eligible_for_shift_screen
7206,30846,7LGL,True,True,True,False,False,False,False,eligible_for_shift_screen
7207,30847,7LGV,True,True,True,False,False,False,False,eligible_for_shift_screen
7208,30848,7LHC,True,True,True,False,False,False,False,eligible_for_shift_screen
7209,30849,7LI2,True,True,True,False,False,False,False,eligible_for_shift_screen
7210,30850,7LIE,True,True,True,False,False,False,False,eligible_for_shift_screen
7211,30851,7LIF,True,True,True,False,False,False,False,eligible_for_shift_screen
7212,30852,7LL7,True,True,True,False,False,False,False,eligible_for_shift_screen
7213,30853,7UME,True,True,True,False,False,False,False,eligible_for_shift_screen
7214,30854,7LNS,True,True,True,False,False,False,False,eligible_for_shift_screen
7215,30855,7LOH,True,True,True,False,False,False,False,eligible_for_shift_screen
7216,30856,7LOI,True,True,True,False,False,False,False,eligible_for_shift_screen
7217,30857,7LP4,True,True,True,False,False,False,False,eligible_for_shift_screen
7218,30858,7LP5,True,True,True,False,False,False,False,eligible_for_shift_screen
7219,30861,7LQT,True,True,True,False,False,False,False,eligible_for_shift_screen
7220,30863,7LSO,True,True,True,False,False,False,False,eligible_for_shift_screen
7221,30864,7LSP,True,True,True,False,False,False,False,eligible_for_shift_screen
7222,30866,7LU8,True,True,True,False,False,False,False,eligible_for_shift_screen
7223,30867,7LUW,True,True,True,False,False,False,False,eligible_for_shift_screen
7224,30868,7LVA,True,True,True,False,False,False,False,eligible_for_shift_screen
7225,30869,7LVE,True,True,True,False,False,False,False,eligible_for_shift_screen
7226,30870,7LVF,True,True,True,False,False,False,False,eligible_for_shift_screen
7227,30871,7LVG,True,True,True,False,False,False,False,eligible_for_shift_screen
7228,30872,7LVN,True,True,True,False,False,False,False,eligible_for_shift_screen
7229,30873,7LX4,True,True,True,False,False,False,False,eligible_for_shift_screen
7230,30874,7LXC,True,True,True,False,False,False,False,eligible_for_shift_screen
7231,30875,7LXK,True,True,True,False,False,False,False,eligible_for_shift_screen
7232,30876,7LZL,True,True,True,False,False,False,False,eligible_for_shift_screen
7233,30877,7M0G,True,True,True,False,False,False,False,eligible_for_shift_screen
7234,30877,7U8K,True,True,True,False,False,False,False,eligible_for_shift_screen
7235,30878,7M1D,True,True,True,False,False,False,False,eligible_for_shift_screen
7236,30879,7M1E,True,True,True,False,False,False,False,eligible_for_shift_screen
7237,30880,7M1W,True,True,True,False,False,False,False,eligible_for_shift_screen
7238,30881,7M25,True,True,True,False,False,False,False,eligible_for_shift_screen
7239,30882,7M27,True,True,True,False,False,False,False,eligible_for_shift_screen
7240,30883,7M28,True,True,True,False,False,False,False,eligible_for_shift_screen
7241,30884,7M29,True,True,True,False,False,False,False,eligible_for_shift_screen
7242,30885,7M2A,True,True,True,False,False,False,False,eligible_for_shift_screen
7243,30886,7M2B,True,True,True,False,False,False,False,eligible_for_shift_screen
7244,30887,7M2C,True,True,True,False,False,False,False,eligible_for_shift_screen
7245,30888,7M2M,True,True,True,False,False,False,False,eligible_for_shift_screen
7246,30889,7M3U,True,True,True,False,False,False,False,eligible_for_shift_screen
7247,30890,7M5T,True,True,True,False,False,False,False,eligible_for_shift_screen
7248,30891,7M67,True,True,True,False,False,False,False,eligible_for_shift_screen
7249,30892,7M73,True,True,True,False,False,False,False,eligible_for_shift_screen
7250,30893,7M77,True,True,True,False,False,False,False,eligible_for_shift_screen
7251,30894,7M79,True,True,True,False,False,False,False,eligible_for_shift_screen
7252,30895,7M7X,True,True,True,False,False,False,False,eligible_for_shift_screen
7253,30896,7MJ3,True,True,True,False,False,False,False,eligible_for_shift_screen
7254,30899,7MLA,True,True,True,False,False,False,False,eligible_for_shift_screen
7255,30900,7MMM,True,True,True,False,False,False,False,eligible_for_shift_screen
7256,30901,7MN1,True,True,True,False,False,False,False,eligible_for_shift_screen
7257,30902,7MN2,True,True,True,False,False,False,False,eligible_for_shift_screen
7258,30903,7MN3,True,True,True,False,False,False,False,eligible_for_shift_screen
7259,30904,7MP7,True,True,True,False,False,False,False,eligible_for_shift_screen
7260,30905,7MQ4,True,True,True,False,False,False,False,eligible_for_shift_screen
7261,30906,7MQU,True,True,True,False,False,False,False,eligible_for_shift_screen
7262,30907,7MSV,True,True,True,False,False,False,False,eligible_for_shift_screen
7263,30908,7MU9,True,True,True,False,False,False,False,eligible_for_shift_screen
7264,30909,7MY8,True,True,True,False,False,False,False,eligible_for_shift_screen
7265,30910,7MZW,True,True,True,False,False,False,False,eligible_for_shift_screen
7266,30911,7MZX,True,True,True,False,False,False,False,eligible_for_shift_screen
7267,30912,7MZZ,True,True,True,False,False,False,False,eligible_for_shift_screen
7268,30913,7N0T,True,True,True,False,False,False,False,eligible_for_shift_screen
7269,30915,7N1Z,True,True,True,False,False,False,False,eligible_for_shift_screen
7270,30916,7N20,True,True,True,False,False,False,False,eligible_for_shift_screen
7271,30917,7N21,True,True,True,False,False,False,False,eligible_for_shift_screen
7272,30918,7N22,True,True,True,False,False,False,False,eligible_for_shift_screen
7273,30919,7N23,True,True,True,False,False,False,False,eligible_for_shift_screen
7274,30920,7N24,True,True,True,False,False,False,False,eligible_for_shift_screen
7275,30921,7N25,True,True,True,False,False,False,False,eligible_for_shift_screen
7276,30922,7N26,True,True,True,False,False,False,False,eligible_for_shift_screen
7277,30923,7N7D,True,True,True,False,False,False,False,eligible_for_shift_screen
7278,30924,7N7E,True,True,True,False,False,False,False,eligible_for_shift_screen
7279,30925,7N82,True,True,True,False,False,False,False,eligible_for_shift_screen
7280,30926,7N87,True,True,True,False,False,False,False,eligible_for_shift_screen
7281,30927,7N99,True,True,True,False,False,False,False,eligible_for_shift_screen
7282,30928,7R6P,True,True,True,False,False,False,False,eligible_for_shift_screen
7283,30929,7R7P,True,True,True,False,False,False,False,eligible_for_shift_screen
7284,30930,7R7Q,True,True,True,False,False,False,False,eligible_for_shift_screen
7285,30931,7R95,True,True,True,False,False,False,False,eligible_for_shift_screen
7286,30932,7RAP,True,True,True,False,False,False,False,eligible_for_shift_screen
7287,30933,7RC7,True,True,True,False,False,False,False,eligible_for_shift_screen
7288,30934,7RC8,True,True,True,False,False,False,False,eligible_for_shift_screen
7289,30935,7RFA,True,True,True,False,False,False,False,eligible_for_shift_screen
7290,30936,7RIK,True,True,True,False,False,False,False,eligible_for_shift_screen
7291,30937,7RM8,True,True,True,False,False,False,False,eligible_for_shift_screen
7292,30938,7RN3,True,True,True,False,False,False,False,eligible_for_shift_screen
7293,30939,7RPM,True,True,True,False,False,False,False,eligible_for_shift_screen
7294,30940,7RQ5,True,True,True,False,False,False,False,eligible_for_shift_screen
7295,30941,7RUL,True,True,True,False,False,False,False,eligible_for_shift_screen
7296,30942,7RWR,True,True,True,False,False,False,False,eligible_for_shift_screen
7297,30943,7RY6,True,True,True,False,False,False,False,eligible_for_shift_screen
7298,30944,7RZ3,True,True,True,False,False,False,False,eligible_for_shift_screen
7299,30945,7S3E,True,True,True,False,False,False,False,eligible_for_shift_screen
7300,30946,7S3O,True,True,True,False,False,False,False,eligible_for_shift_screen
7301,30947,7S3Q,True,True,True,False,False,False,False,eligible_for_shift_screen
7302,30948,7S3R,True,True,True,False,False,False,False,eligible_for_shift_screen
7303,30949,7S55,True,True,True,False,False,False,False,eligible_for_shift_screen
7304,30950,7S5J,True,True,True,False,False,False,False,eligible_for_shift_screen
7305,30951,7S7P,True,True,True,False,False,False,False,eligible_for_shift_screen
7306,30952,7SAG,True,True,True,False,False,False,False,eligible_for_shift_screen
7307,30953,7SAV,True,True,True,False,False,False,False,eligible_for_shift_screen
7308,30954,7SAW,True,True,True,False,False,False,False,eligible_for_shift_screen
7309,30955,7SD4,True,True,True,False,False,False,False,eligible_for_shift_screen
7310,30956,7SEK,True,True,True,False,False,False,False,eligible_for_shift_screen
7311,30957,7SFQ,True,True,True,False,False,False,False,eligible_for_shift_screen
7312,30958,7SFT,True,True,True,False,False,False,False,eligible_for_shift_screen
7313,30959,7SGT,True,True,True,False,False,False,False,eligible_for_shift_screen
7314,30960,7SJL,True,True,True,False,False,False,False,eligible_for_shift_screen
7315,30961,7SKC,True,True,True,False,False,False,False,eligible_for_shift_screen
7316,30962,7SUP,True,True,True,False,False,False,False,eligible_for_shift_screen
7317,30963,7SVC,True,True,True,False,False,False,False,eligible_for_shift_screen
7318,30965,7SWG,True,True,True,False,False,False,False,eligible_for_shift_screen
7319,30966,7SWI,True,True,True,False,False,False,False,eligible_for_shift_screen
7320,30967,7SXC,True,True,True,False,False,False,False,eligible_for_shift_screen
7321,30968,7SXD,True,True,True,False,False,False,False,eligible_for_shift_screen
7322,30969,7SXI,True,True,True,False,False,False,False,eligible_for_shift_screen
7323,30970,7T03,True,True,True,False,False,False,False,eligible_for_shift_screen
7324,30971,7T1N,True,True,True,False,False,False,False,eligible_for_shift_screen
7325,30972,7T1O,True,True,True,False,False,False,False,eligible_for_shift_screen
7326,30973,7T1P,True,True,True,False,False,False,False,eligible_for_shift_screen
7327,30974,7T2F,True,True,True,False,False,False,False,eligible_for_shift_screen
7328,30975,7T6G,True,True,True,False,False,False,False,eligible_for_shift_screen
7329,30976,7T7W,True,True,True,False,False,False,False,eligible_for_shift_screen
7330,30977,7TA8,True,True,True,False,False,False,False,eligible_for_shift_screen
7331,30978,7TB9,True,True,True,False,False,False,False,eligible_for_shift_screen
7332,30979,7TH8,True,True,True,False,False,False,False,eligible_for_shift_screen
7333,30980,7TIO,True,True,True,False,False,False,False,eligible_for_shift_screen
7334,30981,7TIP,True,True,True,False,False,False,False,eligible_for_shift_screen
7335,30982,7TIQ,True,True,True,False,False,False,False,eligible_for_shift_screen
7336,30983,7TIR,True,True,True,False,False,False,False,eligible_for_shift_screen
7337,30984,7TIS,True,True,True,False,False,False,False,eligible_for_shift_screen
7338,30985,7TOD,True,True,True,False,False,False,False,eligible_for_shift_screen
7339,30986,7TUJ,True,True,True,False,False,False,False,eligible_for_shift_screen
7340,30987,7TV5,True,True,True,False,False,False,False,eligible_for_shift_screen
7341,30988,7TV6,True,True,True,False,False,False,False,eligible_for_shift_screen
7342,30989,7TV7,True,True,True,False,False,False,False,eligible_for_shift_screen
7343,30990,7TV8,True,True,True,False,False,False,False,eligible_for_shift_screen
7344,30991,7TVQ,True,True,True,False,False,False,False,eligible_for_shift_screen
7345,30992,7TVR,True,True,True,False,False,False,False,eligible_for_shift_screen
7346,30993,7TXX,True,True,True,False,False,False,False,eligible_for_shift_screen
7347,30994,7TZ3,True,True,True,False,False,False,False,eligible_for_shift_screen
7348,30995,7U37,True,True,True,False,False,False,False,eligible_for_shift_screen
7349,30997,7UBC,True,True,True,False,False,False,False,eligible_for_shift_screen
7350,30998,7UBD,True,True,True,False,False,False,False,eligible_for_shift_screen
7351,30999,7UBE,True,True,True,False,False,False,False,eligible_for_shift_screen
7352,31000,7UBF,True,True,True,False,False,False,False,eligible_for_shift_screen
7353,31001,7UBG,True,True,True,False,False,False,False,eligible_for_shift_screen
7354,31002,7UBH,True,True,True,False,False,False,False,eligible_for_shift_screen
7355,31003,7UBI,True,True,True,False,False,False,False,eligible_for_shift_screen
7356,31004,7UGC,True,True,True,False,False,False,False,eligible_for_shift_screen
7357,31005,7UH9,True,True,True,False,False,False,False,eligible_for_shift_screen
7358,31006,7UHA,True,True,True,False,False,False,False,eligible_for_shift_screen
7359,31007,7UI5,True,True,True,False,False,False,False,eligible_for_shift_screen
7360,31008,7UMC,True,True,True,False,False,False,False,eligible_for_shift_screen
7361,31009,7UMD,True,True,True,False,False,False,False,eligible_for_shift_screen
7362,31010,7UNX,True,True,True,False,False,False,False,eligible_for_shift_screen
7363,31011,7UQT,True,True,True,False,False,False,False,eligible_for_shift_screen
7364,31012,7URJ,True,True,True,False,False,False,False,eligible_for_shift_screen
7365,31013,7UV1,True,True,True,False,False,False,False,eligible_for_shift_screen
7366,31014,7UV2,True,True,True,False,False,False,False,eligible_for_shift_screen
7367,31015,7UV3,True,True,True,False,False,False,False,eligible_for_shift_screen
7368,31016,7UV4,True,True,True,False,False,False,False,eligible_for_shift_screen
7369,31017,7UWY,True,True,True,False,False,False,False,eligible_for_shift_screen
7370,31018,7UWZ,True,True,True,False,False,False,False,eligible_for_shift_screen
7371,31019,7UZL,True,True,True,False,False,False,False,eligible_for_shift_screen
7372,31020,7V0V,True,True,True,False,False,False,False,eligible_for_shift_screen
7373,31021,8CTO,True,True,True,False,False,False,False,eligible_for_shift_screen
7374,31022,8CUN,True,True,True,False,False,False,False,eligible_for_shift_screen
7375,31023,8CWA,True,True,True,False,False,False,False,eligible_for_shift_screen
7376,31024,8CWX,True,True,True,False,False,False,False,eligible_for_shift_screen
7377,31025,8CX6,True,True,True,False,False,False,False,eligible_for_shift_screen
7378,31026,8DDC,True,True,True,False,False,False,False,eligible_for_shift_screen
7379,31027,8DDD,True,True,True,False,False,False,False,eligible_for_shift_screen
7380,31028,8DFZ,True,True,True,False,False,False,False,eligible_for_shift_screen
7381,31029,8DHZ,True,True,True,False,False,False,False,eligible_for_shift_screen
7382,31030,8DI2,True,True,True,False,False,False,False,eligible_for_shift_screen
7383,31031,8DIJ,True,True,True,False,False,False,False,eligible_for_shift_screen
7384,31032,8DJ4,True,True,True,False,False,False,False,eligible_for_shift_screen
7385,31033,8DOA,True,True,True,False,False,False,False,eligible_for_shift_screen
7386,31034,8DPX,True,True,True,False,False,False,False,eligible_for_shift_screen
7387,31035,8DWQ,True,True,True,False,False,False,False,eligible_for_shift_screen
7388,31036,8DYM,True,True,True,False,False,False,False,eligible_for_shift_screen
7389,31037,8DYN,True,True,True,False,False,False,False,eligible_for_shift_screen
7390,31038,8E1D,True,True,True,False,False,False,False,eligible_for_shift_screen
7391,31039,8E22,True,True,True,False,False,False,False,eligible_for_shift_screen
7392,31040,8E4V,True,True,True,False,False,False,False,eligible_for_shift_screen
7393,31043,8ENP,True,True,True,False,False,False,False,eligible_for_shift_screen
7394,31044,8EO9,True,True,True,False,False,False,False,eligible_for_shift_screen
7395,31045,8EP5,True,True,True,False,False,False,False,eligible_for_shift_screen
7396,31046,8EPY,True,True,True,False,False,False,False,eligible_for_shift_screen
7397,31047,8ERU,True,True,True,False,False,False,False,eligible_for_shift_screen
7398,31048,8ERY,True,True,True,False,False,False,False,eligible_for_shift_screen
7399,31049,8ERZ,True,True,True,False,False,False,False,eligible_for_shift_screen
7400,31050,8ES0,True,True,True,False,False,False,False,eligible_for_shift_screen
7401,31051,8ES1,True,True,True,False,False,False,False,eligible_for_shift_screen
7402,31052,8ES2,True,True,True,False,False,False,False,eligible_for_shift_screen
7403,31053,8ES3,True,True,True,False,False,False,False,eligible_for_shift_screen
7404,31054,8F04,True,True,True,False,False,False,False,eligible_for_shift_screen
7405,31055,8F2F,True,True,True,False,False,False,False,eligible_for_shift_screen
7406,31056,8F36,True,True,True,False,False,False,False,eligible_for_shift_screen
7407,31057,8F37,True,True,True,False,False,False,False,eligible_for_shift_screen
7408,31058,8F4V,True,True,True,False,False,False,False,eligible_for_shift_screen
7409,31059,8G58,True,True,True,False,False,False,False,eligible_for_shift_screen
7410,31060,8FA3,True,True,True,False,False,False,False,eligible_for_shift_screen
7411,31061,8FCS,True,True,True,False,False,False,False,eligible_for_shift_screen
7412,31062,8FD4,True,True,True,False,False,False,False,eligible_for_shift_screen
7413,31063,8FEY,True,True,True,False,False,False,False,eligible_for_shift_screen
7414,31064,8FG1,True,True,True,False,False,False,False,eligible_for_shift_screen
7415,31065,8FKM,True,True,True,False,False,False,False,eligible_for_shift_screen
7416,31066,8FLP,True,True,True,False,False,False,False,eligible_for_shift_screen
7417,31068,8FPT,True,True,True,False,False,False,False,eligible_for_shift_screen
7418,31069,8FTW,True,True,True,False,False,False,False,eligible_for_shift_screen
7419,31070,8FTX,True,True,True,False,False,False,False,eligible_for_shift_screen
7420,31071,8G0X,True,True,True,False,False,False,False,eligible_for_shift_screen
7421,31072,8G0Y,True,True,True,False,False,False,False,eligible_for_shift_screen
7422,31073,8G21,True,True,True,False,False,False,False,eligible_for_shift_screen
7423,31074,8G54,True,True,True,False,False,False,False,eligible_for_shift_screen
7424,31075,8G55,True,True,True,False,False,False,False,eligible_for_shift_screen
7425,31076,8S9Y,True,True,True,False,False,False,False,eligible_for_shift_screen
7426,31077,8SCF,True,True,True,False,False,False,False,eligible_for_shift_screen
7427,31078,8SCH,True,True,True,False,False,False,False,eligible_for_shift_screen
7428,31079,8SEM,True,True,True,False,False,False,False,eligible_for_shift_screen
7429,31080,8SG2,True,True,True,False,False,False,False,eligible_for_shift_screen
7430,31081,8SHM,True,True,True,False,False,False,False,eligible_for_shift_screen
7431,31082,8SKD,True,True,True,False,False,False,False,eligible_for_shift_screen
7432,31083,8SKE,True,True,True,False,False,False,False,eligible_for_shift_screen
7433,31084,8SKX,True,True,True,False,False,False,False,eligible_for_shift_screen
7434,31085,8SUZ,True,True,True,False,False,False,False,eligible_for_shift_screen
7435,31086,8SVB,True,True,True,False,False,False,False,eligible_for_shift_screen
7436,31088,8T01,True,True,True,False,False,False,False,eligible_for_shift_screen
7437,31089,8T0G,True,True,True,False,False,False,False,eligible_for_shift_screen
7438,31090,8T0H,True,True,True,False,False,False,False,eligible_for_shift_screen
7439,31091,8T0I,True,True,True,False,False,False,False,eligible_for_shift_screen
7440,31092,8T3H,True,True,True,False,False,False,False,eligible_for_shift_screen
7441,31093,8T3N,True,True,True,False,False,False,False,eligible_for_shift_screen
7442,31094,8T61,True,True,True,False,False,False,False,eligible_for_shift_screen
7443,31095,8T62,True,True,True,False,False,False,False,eligible_for_shift_screen
7444,31096,8T63,True,True,True,False,False,False,False,eligible_for_shift_screen
7445,31097,8TB1,True,True,True,False,False,False,False,eligible_for_shift_screen
7446,31098,8THO,True,True,True,False,False,False,False,eligible_for_shift_screen
7447,31099,8THV,True,True,True,False,False,False,False,eligible_for_shift_screen
7448,31100,8TV4,True,True,True,False,False,False,False,eligible_for_shift_screen
7449,31101,8TXS,True,True,True,False,False,False,False,eligible_for_shift_screen
7450,31102,8TYI,True,True,True,False,False,False,False,eligible_for_shift_screen
7451,31103,8TZM,True,True,True,False,False,False,False,eligible_for_shift_screen
7452,31104,8U1T,True,True,True,False,False,False,False,eligible_for_shift_screen
7453,31105,8U2Y,True,True,True,False,False,False,False,eligible_for_shift_screen
7454,31106,8U3M,True,True,True,False,False,False,False,eligible_for_shift_screen
7455,31107,8UBH,True,True,True,False,False,False,False,eligible_for_shift_screen
7456,31107,8UN6,True,True,True,False,False,False,False,eligible_for_shift_screen
7457,31108,8UEK,True,True,True,False,False,False,False,eligible_for_shift_screen
7458,31109,8UKC,True,True,True,False,False,False,False,eligible_for_shift_screen
7459,31110,8UKG,True,True,True,False,False,False,False,eligible_for_shift_screen
7460,31111,8ULM,True,True,True,False,False,False,False,eligible_for_shift_screen
7461,31112,8UM1,True,True,True,False,False,False,False,eligible_for_shift_screen
7462,31113,8UM2,True,True,True,False,False,False,False,eligible_for_shift_screen
7463,31114,8UM7,True,True,True,False,False,False,False,eligible_for_shift_screen
7464,31115,8UM9,True,True,True,False,False,False,False,eligible_for_shift_screen
7465,31116,8UMA,True,True,True,False,False,False,False,eligible_for_shift_screen
7466,31117,8UMB,True,True,True,False,False,False,False,eligible_for_shift_screen
7467,31118,8UMS,True,True,True,False,False,False,False,eligible_for_shift_screen
7468,31119,8UN8,True,True,True,False,False,False,False,eligible_for_shift_screen
7469,31120,8UNG,True,True,True,False,False,False,False,eligible_for_shift_screen
7470,31121,8UOZ,True,True,True,False,False,False,False,eligible_for_shift_screen
7471,31122,8URV,True,True,True,False,False,False,False,eligible_for_shift_screen
7472,31123,8UTX,True,True,True,False,False,False,False,eligible_for_shift_screen
7473,31124,8UWF,True,True,True,False,False,False,False,eligible_for_shift_screen
7474,31125,8UWU,True,True,True,False,False,False,False,eligible_for_shift_screen
7475,31126,8UXR,True,True,True,False,False,False,False,eligible_for_shift_screen
7476,31128,8V2M,True,True,True,False,False,False,False,eligible_for_shift_screen
7477,31129,8V2U,True,True,True,False,False,False,False,eligible_for_shift_screen
7478,31130,8V2V,True,True,True,False,False,False,False,eligible_for_shift_screen
7479,31134,8V9U,True,True,True,False,False,False,False,eligible_for_shift_screen
7480,31136,8VL3,True,True,True,False,False,False,False,eligible_for_shift_screen
7481,31137,8VL4,True,True,True,False,False,False,False,eligible_for_shift_screen
7482,31138,8VOH,True,True,True,False,False,False,False,eligible_for_shift_screen
7483,31139,8VOI,True,True,True,False,False,False,False,eligible_for_shift_screen
7484,31140,8VRC,True,True,True,False,False,False,False,eligible_for_shift_screen
7485,31141,8VU6,True,True,True,False,False,False,False,eligible_for_shift_screen
7486,31142,8VU7,True,True,True,False,False,False,False,eligible_for_shift_screen
7487,31143,8VU8,True,True,True,False,False,False,False,eligible_for_shift_screen
7488,31145,8VYC,True,True,True,False,False,False,False,eligible_for_shift_screen
7489,31146,8W0Q,True,True,True,False,False,False,False,eligible_for_shift_screen
7490,31147,8W16,True,True,True,False,False,False,False,eligible_for_shift_screen
7491,31148,8W17,True,True,True,False,False,False,False,eligible_for_shift_screen
7492,31150,8W2V,True,True,True,False,False,False,False,eligible_for_shift_screen
7493,31151,9AZI,True,True,True,False,False,False,False,eligible_for_shift_screen
7494,31152,9B4V,True,True,True,False,False,False,False,eligible_for_shift_screen
7495,31153,9B4W,True,True,True,False,False,False,False,eligible_for_shift_screen
7496,31154,9B6Z,True,True,True,False,False,False,False,eligible_for_shift_screen
7497,31155,9BA1,True,True,True,False,False,False,False,eligible_for_shift_screen
7498,31156,9BAF,True,True,True,False,False,False,False,eligible_for_shift_screen
7499,31157,9BB1,True,True,True,False,False,False,False,eligible_for_shift_screen
7500,31158,9BB2,True,True,True,False,False,False,False,eligible_for_shift_screen
7501,31159,9BB3,True,True,True,False,False,False,False,eligible_for_shift_screen
7502,31160,9BB4,True,True,True,False,False,False,False,eligible_for_shift_screen
7503,31161,9BB5,True,True,True,False,False,False,False,eligible_for_shift_screen
7504,31162,9BB6,True,True,True,False,False,False,False,eligible_for_shift_screen
7505,31163,9BB7,True,True,True,False,False,False,False,eligible_for_shift_screen
7506,31164,9BCH,True,True,True,False,False,False,False,eligible_for_shift_screen
7507,31165,9BCI,True,True,True,False,False,False,False,eligible_for_shift_screen
7508,31167,9BET,True,True,True,False,False,False,False,eligible_for_shift_screen
7509,31168,9BF4,True,True,True,False,False,False,False,eligible_for_shift_screen
7510,31169,9BFL,True,True,True,False,False,False,False,eligible_for_shift_screen
7511,31170,9BHN,True,True,True,False,False,False,False,eligible_for_shift_screen
7512,31171,9BLM,True,True,True,False,False,False,False,eligible_for_shift_screen
7513,31172,9BV4,True,True,True,False,False,False,False,eligible_for_shift_screen
7514,31173,9BVS,True,True,True,False,False,False,False,eligible_for_shift_screen
7515,31174,9BVU,True,True,True,False,False,False,False,eligible_for_shift_screen
7516,31175,9BVV,True,True,True,False,False,False,False,eligible_for_shift_screen
7517,31176,9BXE,True,True,True,False,False,False,False,eligible_for_shift_screen
7518,31177,9C5E,True,True,True,False,False,False,False,eligible_for_shift_screen
7519,31178,9CB2,True,True,True,False,False,False,False,eligible_for_shift_screen
7520,31180,9CE9,True,True,True,False,False,False,False,eligible_for_shift_screen
7521,31181,9CEQ,True,True,True,False,False,False,False,eligible_for_shift_screen
7522,31182,9CIC,True,True,True,False,False,False,False,eligible_for_shift_screen
7523,31183,9CID,True,True,True,False,False,False,False,eligible_for_shift_screen
7524,31184,9CIE,True,True,True,False,False,False,False,eligible_for_shift_screen
7525,31185,9CIF,True,True,True,False,False,False,False,eligible_for_shift_screen
7526,31186,9CIG,True,True,True,False,False,False,False,eligible_for_shift_screen
7527,31187,9CJX,True,True,True,False,False,False,False,eligible_for_shift_screen
7528,31188,9CPD,True,True,True,False,False,False,False,eligible_for_shift_screen
7529,31189,9CPG,True,True,True,False,False,False,False,eligible_for_shift_screen
7530,31190,9CPI,True,True,True,False,False,False,False,eligible_for_shift_screen
7531,31191,9CPJ,True,True,True,False,False,False,False,eligible_for_shift_screen
7532,31192,9CVD,True,True,True,False,False,False,False,eligible_for_shift_screen
7533,31193,9D36,True,True,True,False,False,False,False,eligible_for_shift_screen
7534,31194,9D99,True,True,True,False,False,False,False,eligible_for_shift_screen
7535,31195,9D9A,True,True,True,False,False,False,False,eligible_for_shift_screen
7536,31196,9D9B,True,True,True,False,False,False,False,eligible_for_shift_screen
7537,31197,9D9C,True,True,True,False,False,False,False,eligible_for_shift_screen
7538,31198,9DCJ,True,True,True,False,False,False,False,eligible_for_shift_screen
7539,31199,9DCN,True,True,True,False,False,False,False,eligible_for_shift_screen
7540,31200,9DE2,True,True,True,False,False,False,False,eligible_for_shift_screen
7541,31201,9DKG,True,True,True,False,False,False,False,eligible_for_shift_screen
7542,31202,9DLL,True,True,True,False,False,False,False,eligible_for_shift_screen
7543,31203,9DLM,True,True,True,False,False,False,False,eligible_for_shift_screen
7544,31204,9DLN,True,True,True,False,False,False,False,eligible_for_shift_screen
7545,31205,9DMR,True,True,True,False,False,False,False,eligible_for_shift_screen
7546,31206,9DQE,True,True,True,False,False,False,False,eligible_for_shift_screen
7547,31207,9E3V,True,True,True,False,False,False,False,eligible_for_shift_screen
7548,31208,9E3W,True,True,True,False,False,False,False,eligible_for_shift_screen
7549,31209,9E3X,True,True,True,False,False,False,False,eligible_for_shift_screen
7550,31210,9E3Y,True,True,True,False,False,False,False,eligible_for_shift_screen
7551,31211,9E3Z,True,True,True,False,False,False,False,eligible_for_shift_screen
7552,31212,9E9A,True,True,True,False,False,False,False,eligible_for_shift_screen
7553,31213,9EBE,True,True,True,False,False,False,False,eligible_for_shift_screen
7554,31214,9ECL,True,True,True,False,False,False,False,eligible_for_shift_screen
7555,31215,9ECM,True,True,True,False,False,False,False,eligible_for_shift_screen
7556,31216,9ECQ,True,True,True,False,False,False,False,eligible_for_shift_screen
7557,31217,9ECR,True,True,True,False,False,False,False,eligible_for_shift_screen
7558,31218,9EFO,True,True,True,False,False,False,False,eligible_for_shift_screen
7559,31219,9EH4,True,True,True,False,False,False,False,eligible_for_shift_screen
7560,31220,9MF7,True,True,True,False,False,False,False,eligible_for_shift_screen
7561,31221,9MF8,True,True,True,False,False,False,False,eligible_for_shift_screen
7562,31222,9MF9,True,True,True,False,False,False,False,eligible_for_shift_screen
7563,31223,9MFA,True,True,True,False,False,False,False,eligible_for_shift_screen
7564,31224,9MFB,True,True,True,False,False,False,False,eligible_for_shift_screen
7565,31225,9MXE,True,True,True,False,False,False,False,eligible_for_shift_screen
7566,31226,9MXF,True,True,True,False,False,False,False,eligible_for_shift_screen
7567,31227,9MXG,True,True,True,False,False,False,False,eligible_for_shift_screen
7568,31231,9NGX,True,True,True,False,False,False,False,eligible_for_shift_screen
7569,31232,9NM2,True,True,True,False,False,False,False,eligible_for_shift_screen
7570,31233,9NS0,True,True,True,False,False,False,False,eligible_for_shift_screen
7571,31234,9NS1,True,True,True,False,False,False,False,eligible_for_shift_screen
7572,31235,9NVH,True,True,True,False,False,False,False,eligible_for_shift_screen
7573,31236,9NWZ,True,True,True,False,False,False,False,eligible_for_shift_screen
7574,31237,9NY3,True,True,True,False,False,False,False,eligible_for_shift_screen
7575,31238,9OD4,True,True,True,False,False,False,False,eligible_for_shift_screen
7576,31239,9OD5,True,True,True,False,False,False,False,eligible_for_shift_screen
7577,31240,9OL7,True,True,True,False,False,False,False,eligible_for_shift_screen
7578,31241,9OL8,True,True,True,False,False,False,False,eligible_for_shift_screen
7579,31242,9OL9,True,True,True,False,False,False,False,eligible_for_shift_screen
7580,31243,9OLA,True,True,True,False,False,False,False,eligible_for_shift_screen
7581,31244,9OMB,True,True,True,False,False,False,False,eligible_for_shift_screen
7582,31245,9ON8,True,True,True,False,False,False,False,eligible_for_shift_screen
7583,31246,9ON9,True,True,True,False,False,False,False,eligible_for_shift_screen
7584,31247,9ONA,True,True,True,False,False,False,False,eligible_for_shift_screen
7585,31248,9ONB,True,True,True,False,False,False,False,eligible_for_shift_screen
7586,31249,9OSO,True,True,True,False,False,False,False,eligible_for_shift_screen
7587,31251,9P6W,True,True,True,False,False,False,False,eligible_for_shift_screen
7588,31254,9PA0,True,True,True,False,False,False,False,eligible_for_shift_screen
7589,31255,9PAZ,True,True,True,False,False,False,False,eligible_for_shift_screen
7590,31256,9PB0,True,True,True,False,False,False,False,eligible_for_shift_screen
7591,31257,9PDE,True,True,True,False,False,False,False,eligible_for_shift_screen
7592,31258,9PDF,True,True,True,False,False,False,False,eligible_for_shift_screen
7593,31259,9PDG,True,True,True,False,False,False,False,eligible_for_shift_screen
7594,31260,9PFE,True,True,True,False,False,False,False,eligible_for_shift_screen
7595,31261,9PGB,True,True,True,False,False,False,False,eligible_for_shift_screen
7596,31262,9PHJ,True,True,True,False,False,False,False,eligible_for_shift_screen
7597,31263,9PYS,True,True,True,False,False,False,False,eligible_for_shift_screen
7598,31264,9PYT,True,True,True,False,False,False,False,eligible_for_shift_screen
7599,31265,9Q63,True,True,True,False,False,False,False,eligible_for_shift_screen
7600,31266,9Q6E,True,True,True,False,False,False,False,eligible_for_shift_screen
7601,31267,9Q7P,True,True,True,False,False,False,False,eligible_for_shift_screen
7602,31269,9YFC,True,True,True,False,False,False,False,eligible_for_shift_screen
7603,31270,9YLZ,True,True,True,False,False,False,False,eligible_for_shift_screen
7604,31271,9YM0,True,True,True,False,False,False,False,eligible_for_shift_screen
7605,31272,9YM1,True,True,True,False,False,False,False,eligible_for_shift_screen
7606,31273,9YM2,True,True,True,False,False,False,False,eligible_for_shift_screen
7607,31274,9YM3,True,True,True,False,False,False,False,eligible_for_shift_screen
7608,31275,9YM4,True,True,True,False,False,False,False,eligible_for_shift_screen
7609,31276,9YM5,True,True,True,False,False,False,False,eligible_for_shift_screen
7610,31277,9YM6,True,True,True,False,False,False,False,eligible_for_shift_screen
7611,31278,9YM7,True,True,True,False,False,False,False,eligible_for_shift_screen
7612,31281,9Z30,True,True,True,False,False,False,False,eligible_for_shift_screen
7613,31283,9Z8I,True,True,True,False,False,False,False,eligible_for_shift_screen
7614,31284,9Z8J,True,True,True,False,False,False,False,eligible_for_shift_screen
7615,31285,9ZDL,True,True,True,False,False,False,False,eligible_for_shift_screen
7616,31287,9ZN4,True,True,True,False,False,False,False,eligible_for_shift_screen
7617,31295,11TG,True,True,True,False,False,False,False,eligible_for_shift_screen
7618,31296,11TJ,True,True,True,False,False,False,False,eligible_for_shift_screen
7619,31300,12GB,True,True,True,False,False,False,False,eligible_for_shift_screen
7620,31301,12KL,True,True,True,False,False,False,False,eligible_for_shift_screen
7621,34000,5L3L,True,True,True,False,False,False,False,eligible_for_shift_screen
7622,34001,5L3M,True,True,True,False,False,False,False,eligible_for_shift_screen
7623,34002,5L3N,True,True,True,False,False,False,False,eligible_for_shift_screen
7624,34003,5L6R,True,True,True,False,False,False,False,eligible_for_shift_screen
7625,34004,5L7B,True,True,True,False,False,False,False,eligible_for_shift_screen
7626,34005,5L7M,True,True,True,False,False,False,False,eligible_for_shift_screen
7627,34006,5L82,True,True,True,False,False,False,False,eligible_for_shift_screen
7628,34007,5L85,True,True,True,False,False,False,False,eligible_for_shift_screen
7629,34008,5LAH,True,True,True,False,False,False,False,eligible_for_shift_screen
7630,34009,5LAM,True,True,True,False,False,False,False,eligible_for_shift_screen
7631,34010,5LAO,True,True,True,False,False,False,False,eligible_for_shift_screen
7632,34011,5LBJ,True,True,True,False,False,False,False,eligible_for_shift_screen
7633,34012,5LCB,True,True,True,False,False,False,False,eligible_for_shift_screen
7634,34013,5LCI,True,True,True,False,False,False,False,eligible_for_shift_screen
7635,34014,5LCS,True,True,True,False,False,False,False,eligible_for_shift_screen
7636,34015,5LDL,True,True,True,False,False,False,False,eligible_for_shift_screen
7637,34016,5LFF,True,True,True,False,False,False,False,eligible_for_shift_screen
7638,34017,5LFH,True,True,True,False,False,False,False,eligible_for_shift_screen
7639,34018,5LFI,True,True,True,False,False,False,False,eligible_for_shift_screen
7640,34019,5LFY,True,True,True,False,False,False,False,eligible_for_shift_screen
7641,34022,5LG9,True,True,True,False,False,False,False,eligible_for_shift_screen
7642,34024,5LGM,True,True,True,False,False,False,False,eligible_for_shift_screen
7643,34025,5LIG,True,True,True,False,False,False,False,eligible_for_shift_screen
7644,34026,5LKN,True,True,True,False,False,False,False,eligible_for_shift_screen
7645,34027,5LM0,True,True,True,False,False,False,False,eligible_for_shift_screen
7646,34028,5LME,True,True,True,False,False,False,False,eligible_for_shift_screen
7647,34029,5LMY,True,True,True,False,False,False,False,eligible_for_shift_screen
7648,34030,5LNF,True,True,True,False,False,False,False,eligible_for_shift_screen
7649,34031,5LO2,True,True,True,False,False,False,False,eligible_for_shift_screen
7650,34032,5LO3,True,True,True,False,False,False,False,eligible_for_shift_screen
7651,34033,5LO4,True,True,True,False,False,False,False,eligible_for_shift_screen
7652,34034,5LQG,True,True,True,False,False,False,False,eligible_for_shift_screen
7653,34035,5LQH,True,True,True,False,False,False,False,eligible_for_shift_screen
7654,34036,5LQV,True,True,True,False,False,False,False,eligible_for_shift_screen
7655,34037,5LSD,True,True,True,False,False,False,False,eligible_for_shift_screen
7656,34038,5LSN,True,True,True,False,False,False,False,eligible_for_shift_screen
7657,34039,5LUE,True,True,True,False,False,False,False,eligible_for_shift_screen
7658,34040,5LV6,True,True,True,False,False,False,False,eligible_for_shift_screen
7659,34041,5LVF,True,True,True,False,False,False,False,eligible_for_shift_screen
7660,34042,5LVY,True,True,True,False,False,False,False,eligible_for_shift_screen
7661,34043,5LW8,True,True,True,False,False,False,False,eligible_for_shift_screen
7662,34044,5LWC,True,True,True,False,False,False,False,eligible_for_shift_screen
7663,34045,5LXJ,True,True,True,False,False,False,False,eligible_for_shift_screen
7664,34046,5LXK,True,True,True,False,False,False,False,eligible_for_shift_screen
7665,34047,5LXL,True,True,True,False,False,False,False,eligible_for_shift_screen
7666,34048,5M0A,True,True,True,False,False,False,False,eligible_for_shift_screen
7667,34049,5M1G,True,True,True,False,False,False,False,eligible_for_shift_screen
7668,34050,5M1H,True,True,True,False,False,False,False,eligible_for_shift_screen
7669,34051,5M1L,True,True,True,False,False,False,False,eligible_for_shift_screen
7670,34052,5M1U,True,True,True,False,False,False,False,eligible_for_shift_screen
7671,34053,5M1W,True,True,True,False,False,False,False,eligible_for_shift_screen
7672,34054,5M2L,True,True,True,False,False,False,False,eligible_for_shift_screen
7673,34055,5M4T,True,True,True,False,False,False,False,eligible_for_shift_screen
7674,34056,5M4W,True,True,True,False,False,False,False,eligible_for_shift_screen
7675,34057,5M8I,True,True,True,False,False,False,False,eligible_for_shift_screen
7676,34058,5M9D,True,True,True,False,False,False,False,eligible_for_shift_screen
7677,34059,5M9U,True,True,True,False,False,False,False,eligible_for_shift_screen
7678,34060,5M9Y,True,True,True,False,False,False,False,eligible_for_shift_screen
7679,34061,5M9Z,True,True,True,False,False,False,False,eligible_for_shift_screen
7680,34062,5MBR,True,True,True,False,False,False,False,eligible_for_shift_screen
7681,34063,5MCR,True,True,True,False,False,False,False,eligible_for_shift_screen
7682,34064,5MCS,True,True,True,False,False,False,False,eligible_for_shift_screen
7683,34065,5MF3,True,True,True,False,False,False,False,eligible_for_shift_screen
7684,34066,5MF8,True,True,True,False,False,False,False,eligible_for_shift_screen
7685,34067,5MF9,True,True,True,False,False,False,False,eligible_for_shift_screen
7686,34068,5MFY,True,True,True,False,False,False,False,eligible_for_shift_screen
7687,34069,5MGQ,True,True,True,False,False,False,False,eligible_for_shift_screen
7688,34070,5MHD,True,True,True,False,False,False,False,eligible_for_shift_screen
7689,34071,5MJX,True,True,True,False,False,False,False,eligible_for_shift_screen
7690,34072,5ML1,True,True,True,False,False,False,False,eligible_for_shift_screen
7691,34073,5MMC,True,True,True,False,False,False,False,eligible_for_shift_screen
7692,34074,5MMK,True,True,True,False,False,False,False,eligible_for_shift_screen
7693,34075,5MML,True,True,True,False,False,False,False,eligible_for_shift_screen
7694,34076,5MN3,True,True,True,False,False,False,False,eligible_for_shift_screen
7695,34077,5MNW,True,True,True,False,False,False,False,eligible_for_shift_screen
7696,34078,5MOU,True,True,True,False,False,False,False,eligible_for_shift_screen
7697,34079,5MPG,True,True,True,False,False,False,False,eligible_for_shift_screen
7698,34080,5MPL,True,True,True,False,False,False,False,eligible_for_shift_screen
7699,34081,5MRG,True,True,True,False,False,False,False,eligible_for_shift_screen
7700,34082,5MSL,True,True,True,False,False,False,False,eligible_for_shift_screen
7701,34083,5MTA,True,True,True,False,False,False,False,eligible_for_shift_screen
7702,34084,5MTG,True,True,True,False,False,False,False,eligible_for_shift_screen
7703,34085,5MTI,True,True,True,False,False,False,False,eligible_for_shift_screen
7704,34086,5MVB,True,True,True,False,False,False,False,eligible_for_shift_screen
7705,34087,5MWQ,True,True,True,False,False,False,False,eligible_for_shift_screen
7706,34088,5MWV,True,True,True,False,False,False,False,eligible_for_shift_screen
7707,34089,5MWW,True,True,True,False,False,False,False,eligible_for_shift_screen
7708,34090,5MXL,True,True,True,False,False,False,False,eligible_for_shift_screen
7709,34091,5MXS,True,True,True,False,False,False,False,eligible_for_shift_screen
7710,34092,5MXT,True,True,True,False,False,False,False,eligible_for_shift_screen
7711,34093,5MYE,True,True,True,False,False,False,False,eligible_for_shift_screen
7712,34094,5N14,True,True,True,False,False,False,False,eligible_for_shift_screen
7713,34095,5N2O,True,True,True,False,False,False,False,eligible_for_shift_screen
7714,34098,5N5A,True,True,True,False,False,False,False,eligible_for_shift_screen
7715,34099,5N5B,True,True,True,False,False,False,False,eligible_for_shift_screen
7716,34100,5N5C,True,True,True,False,False,False,False,eligible_for_shift_screen
7717,34101,5N6R,True,True,True,False,False,False,False,eligible_for_shift_screen
7718,34102,5N7Y,True,True,True,False,False,False,False,eligible_for_shift_screen
7719,34103,5N8L,True,True,True,False,False,False,False,eligible_for_shift_screen
7720,34104,5N8M,True,True,True,False,False,False,False,eligible_for_shift_screen
7721,34105,5N9U,True,True,True,False,False,False,False,eligible_for_shift_screen
7722,34106,5N9V,True,True,True,False,False,False,False,eligible_for_shift_screen
7723,34108,5NAM,True,True,True,False,False,False,False,eligible_for_shift_screen
7724,34109,5NAO,True,True,True,False,False,False,False,eligible_for_shift_screen
7725,34110,5NB9,True,True,True,False,False,False,False,eligible_for_shift_screen
7726,34111,5NBB,True,True,True,False,False,False,False,eligible_for_shift_screen
7727,34112,5NCA,True,True,True,False,False,False,False,eligible_for_shift_screen
7728,34113,5NCE,True,True,True,False,False,False,False,eligible_for_shift_screen
7729,34114,5NDA,True,True,True,False,False,False,False,eligible_for_shift_screen
7730,34115,5NF8,True,True,True,False,False,False,False,eligible_for_shift_screen
7731,34116,5NHQ,True,True,True,False,False,False,False,eligible_for_shift_screen
7732,34118,5NIP,True,True,True,False,False,False,False,eligible_for_shift_screen
7733,34119,5NIQ,True,True,True,False,False,False,False,eligible_for_shift_screen
7734,34120,5NKO,True,True,True,False,False,False,False,eligible_for_shift_screen
7735,34121,5NMY,True,True,True,False,False,False,False,eligible_for_shift_screen
7736,34122,5NOC,True,True,True,False,False,False,False,eligible_for_shift_screen
7737,34123,5NPA,True,True,True,False,False,False,False,eligible_for_shift_screen
7738,34124,5NPG,True,True,True,False,False,False,False,eligible_for_shift_screen
7739,34125,5NQ4,True,True,True,False,False,False,False,eligible_for_shift_screen
7740,34126,5NR5,True,True,True,False,False,False,False,eligible_for_shift_screen
7741,34127,5NR6,True,True,True,False,False,False,False,eligible_for_shift_screen
7742,34129,5NVB,True,True,True,False,False,False,False,eligible_for_shift_screen
7743,34130,5NVP,True,True,True,False,False,False,False,eligible_for_shift_screen
7744,34131,5NWM,True,True,True,False,False,False,False,eligible_for_shift_screen
7745,34132,5NWU,True,True,True,False,False,False,False,eligible_for_shift_screen
7746,34133,5NWV,True,True,True,False,False,False,False,eligible_for_shift_screen
7747,34134,5NWW,True,True,True,False,False,False,False,eligible_for_shift_screen
7748,34135,5NYS,True,True,True,False,False,False,False,eligible_for_shift_screen
7749,34136,5NYT,True,True,True,False,False,False,False,eligible_for_shift_screen
7750,34137,5NYU,True,True,True,False,False,False,False,eligible_for_shift_screen
7751,34138,5NZ9,True,True,True,False,False,False,False,eligible_for_shift_screen
7752,34139,5O1Q,True,True,True,False,False,False,False,eligible_for_shift_screen
7753,34140,5O1T,True,True,True,False,False,False,False,eligible_for_shift_screen
7754,34141,5O2M,True,True,True,False,False,False,False,eligible_for_shift_screen
7755,34142,5O2P,True,True,True,False,False,False,False,eligible_for_shift_screen
7756,34143,5O2Q,True,True,True,False,False,False,False,eligible_for_shift_screen
7757,34144,5O2V,True,True,True,False,False,False,False,eligible_for_shift_screen
7758,34145,5O4D,True,True,True,False,False,False,False,eligible_for_shift_screen
7759,34146,5O57,True,True,True,False,False,False,False,eligible_for_shift_screen
7760,34149,5O9B,True,True,True,False,False,False,False,eligible_for_shift_screen
7761,34151,5OAO,True,True,True,False,False,False,False,eligible_for_shift_screen
7762,34152,5OAP,True,True,True,False,False,False,False,eligible_for_shift_screen
7763,34153,5OAY,True,True,True,False,False,False,False,eligible_for_shift_screen
7764,34154,5OB4,True,True,True,False,False,False,False,eligible_for_shift_screen
7765,34155,5OBN,True,True,True,False,False,False,False,eligible_for_shift_screen
7766,34157,5ODF,True,True,True,False,False,False,False,eligible_for_shift_screen
7767,34158,5ODM,True,True,True,False,False,False,False,eligible_for_shift_screen
7768,34159,5OE1,True,True,True,False,False,False,False,eligible_for_shift_screen
7769,34160,5OEK,True,True,True,False,False,False,False,eligible_for_shift_screen
7770,34161,5OEO,True,True,True,False,False,False,False,eligible_for_shift_screen
7771,34162,5OGA,True,True,True,False,False,False,False,eligible_for_shift_screen
7772,34163,5OGU,True,True,True,False,False,False,False,eligible_for_shift_screen
7773,34164,5OHD,True,True,True,False,False,False,False,eligible_for_shift_screen
7774,34165,5OJT,True,True,True,False,False,False,False,eligible_for_shift_screen
7775,34166,5OLF,True,True,True,False,False,False,False,eligible_for_shift_screen
7776,34167,5OMZ,True,True,True,False,False,False,False,eligible_for_shift_screen
7777,34168,5OPH,True,True,True,False,False,False,False,eligible_for_shift_screen
7778,34169,5OQK,True,True,True,False,False,False,False,eligible_for_shift_screen
7779,34170,5OQS,True,True,True,False,False,False,False,eligible_for_shift_screen
7780,34171,5OR0,True,True,True,False,False,False,False,eligible_for_shift_screen
7781,34172,5OR5,True,True,True,False,False,False,False,eligible_for_shift_screen
7782,34173,5OUN,True,True,True,False,False,False,False,eligible_for_shift_screen
7783,34174,5OV2,True,True,True,False,False,False,False,eligible_for_shift_screen
7784,34175,5OVM,True,True,True,False,False,False,False,eligible_for_shift_screen
7785,34176,6EHZ,True,True,True,False,False,False,False,eligible_for_shift_screen
7786,34178,6EKA,True,True,True,False,False,False,False,eligible_for_shift_screen
7787,34179,6EMO,True,True,True,False,False,False,False,eligible_for_shift_screen
7788,34180,6EMP,True,True,True,False,False,False,False,eligible_for_shift_screen
7789,34181,6EMQ,True,True,True,False,False,False,False,eligible_for_shift_screen
7790,34182,6EMR,True,True,True,False,False,False,False,eligible_for_shift_screen
7791,34183,6ENA,True,True,True,False,False,False,False,eligible_for_shift_screen
7792,34184,6EQY,True,True,True,False,False,False,False,eligible_for_shift_screen
7793,34185,6ER0,True,True,True,False,False,False,False,eligible_for_shift_screen
7794,34186,6ERL,True,True,True,False,False,False,False,eligible_for_shift_screen
7795,34187,6ES5,True,True,True,False,False,False,False,eligible_for_shift_screen
7796,34188,6ES6,True,True,True,False,False,False,False,eligible_for_shift_screen
7797,34189,6ES7,True,True,True,False,False,False,False,eligible_for_shift_screen
7798,34190,6ESP,True,True,True,False,False,False,False,eligible_for_shift_screen
7799,34191,6EVI,True,True,True,False,False,False,False,eligible_for_shift_screen
7800,34193,6EWS,True,True,True,False,False,False,False,eligible_for_shift_screen
7801,34194,6EWT,True,True,True,False,False,False,False,eligible_for_shift_screen
7802,34195,6EWU,True,True,True,False,False,False,False,eligible_for_shift_screen
7803,34196,6EWV,True,True,True,False,False,False,False,eligible_for_shift_screen
7804,34198,6EY3,True,True,True,False,False,False,False,eligible_for_shift_screen
7805,34199,6EZ0,True,True,True,False,False,False,False,eligible_for_shift_screen
7806,34200,6EZ4,True,True,True,False,False,False,False,eligible_for_shift_screen
7807,34201,6F0Y,True,True,True,False,False,False,False,eligible_for_shift_screen
7808,34202,6F24,True,True,True,False,False,False,False,eligible_for_shift_screen
7809,34203,6F27,True,True,True,False,False,False,False,eligible_for_shift_screen
7810,34206,6F3V,True,True,True,False,False,False,False,eligible_for_shift_screen
7811,34207,6F3W,True,True,True,False,False,False,False,eligible_for_shift_screen
7812,34208,6F3X,True,True,True,False,False,False,False,eligible_for_shift_screen
7813,34209,6F3Y,True,True,True,False,False,False,False,eligible_for_shift_screen
7814,34210,6F4Z,True,True,True,False,False,False,False,eligible_for_shift_screen
7815,34211,6F55,True,True,True,False,False,False,False,eligible_for_shift_screen
7816,34212,6F61,True,True,True,False,False,False,False,eligible_for_shift_screen
7817,34213,6F7M,True,True,True,False,False,False,False,eligible_for_shift_screen
7818,34214,6F7N,True,True,True,False,False,False,False,eligible_for_shift_screen
7819,34215,6F7O,True,True,True,False,False,False,False,eligible_for_shift_screen
7820,34216,6F8E,True,True,True,False,False,False,False,eligible_for_shift_screen
7821,34217,6F98,True,True,True,False,False,False,False,eligible_for_shift_screen
7822,34218,6F99,True,True,True,False,False,False,False,eligible_for_shift_screen
7823,34219,6F9A,True,True,True,False,False,False,False,eligible_for_shift_screen
7824,34220,6FBL,True,True,True,False,False,False,False,eligible_for_shift_screen
7825,34221,6FC9,True,True,True,False,False,False,False,eligible_for_shift_screen
7826,34222,6FCE,True,True,True,False,False,False,False,eligible_for_shift_screen
7827,34223,6FDP,True,True,True,False,False,False,False,eligible_for_shift_screen
7828,34224,6FDT,True,True,True,False,False,False,False,eligible_for_shift_screen
7829,34225,6FE6,True,True,True,False,False,False,False,eligible_for_shift_screen
7830,34226,6FEH,True,True,True,False,False,False,False,eligible_for_shift_screen
7831,34227,6FFQ,True,True,True,False,False,False,False,eligible_for_shift_screen
7832,34228,6FFR,True,True,True,False,False,False,False,eligible_for_shift_screen
7833,34229,6FFU,True,True,True,False,False,False,False,eligible_for_shift_screen
7834,34231,6FGN,True,True,True,False,False,False,False,eligible_for_shift_screen
7835,34232,6FGP,True,True,True,False,False,False,False,eligible_for_shift_screen
7836,34233,6FGS,True,True,True,False,False,False,False,eligible_for_shift_screen
7837,34234,6FI7,True,True,True,False,False,False,False,eligible_for_shift_screen
7838,34235,6FIP,True,True,True,False,False,False,False,eligible_for_shift_screen
7839,34236,6FNV,True,True,True,False,False,False,False,eligible_for_shift_screen
7840,34237,6FS4,True,True,True,False,False,False,False,eligible_for_shift_screen
7841,34238,6FS5,True,True,True,False,False,False,False,eligible_for_shift_screen
7842,34239,6FTK,True,True,True,False,False,False,False,eligible_for_shift_screen
7843,34240,6FVC,True,True,True,False,False,False,False,eligible_for_shift_screen
7844,34243,6FWN,True,True,True,False,False,False,False,eligible_for_shift_screen
7845,34244,6FY6,True,True,True,False,False,False,False,eligible_for_shift_screen
7846,34245,6FY7,True,True,True,False,False,False,False,eligible_for_shift_screen
7847,34246,6FZK,True,True,True,False,False,False,False,eligible_for_shift_screen
7848,34247,6G03,True,True,True,False,False,False,False,eligible_for_shift_screen
7849,34248,6G04,True,True,True,False,False,False,False,eligible_for_shift_screen
7850,34249,6G4A,True,True,True,False,False,False,False,eligible_for_shift_screen
7851,34250,6G4I,True,True,True,False,False,False,False,eligible_for_shift_screen
7852,34251,6G4K,True,True,True,False,False,False,False,eligible_for_shift_screen
7853,34252,6G4U,True,True,True,False,False,False,False,eligible_for_shift_screen
7854,34253,6G4V,True,True,True,False,False,False,False,eligible_for_shift_screen
7855,34254,6G4X,True,True,True,False,False,False,False,eligible_for_shift_screen
7856,34255,6G5R,True,True,True,False,False,False,False,eligible_for_shift_screen
7857,34256,6G5S,True,True,True,False,False,False,False,eligible_for_shift_screen
7858,34257,6G81,True,True,True,False,False,False,False,eligible_for_shift_screen
7859,34258,6G99,True,True,True,False,False,False,False,eligible_for_shift_screen
7860,34259,6GBM,True,True,True,False,False,False,False,eligible_for_shift_screen
7861,34260,6GC3,True,True,True,False,False,False,False,eligible_for_shift_screen
7862,34261,6GD5,True,True,True,False,False,False,False,eligible_for_shift_screen
7863,34262,6GDK,True,True,True,False,False,False,False,eligible_for_shift_screen
7864,34263,6GDL,True,True,True,False,False,False,False,eligible_for_shift_screen
7865,34264,6GDZ,True,True,True,False,False,False,False,eligible_for_shift_screen
7866,34265,6GE1,True,True,True,False,False,False,False,eligible_for_shift_screen
7867,34266,6GE2,True,True,True,False,False,False,False,eligible_for_shift_screen
7868,34267,6GFT,True,True,True,False,False,False,False,eligible_for_shift_screen
7869,34268,6GGZ,True,True,True,False,False,False,False,eligible_for_shift_screen
7870,34269,6GH0,True,True,True,False,False,False,False,eligible_for_shift_screen
7871,34270,6GIF,True,True,True,False,False,False,False,eligible_for_shift_screen
7872,34271,6GIG,True,True,True,False,False,False,False,eligible_for_shift_screen
7873,34272,6GIJ,True,True,True,False,False,False,False,eligible_for_shift_screen
7874,34273,6GIK,True,True,True,False,False,False,False,eligible_for_shift_screen
7875,34274,6GIL,True,True,True,False,False,False,False,eligible_for_shift_screen
7876,34276,6GMY,True,True,True,False,False,False,False,eligible_for_shift_screen
7877,34277,6GN4,True,True,True,False,False,False,False,eligible_for_shift_screen
7878,34278,6GNZ,True,True,True,False,False,False,False,eligible_for_shift_screen
7879,34279,6GO0,True,True,True,False,False,False,False,eligible_for_shift_screen
7880,34280,6GPI,True,True,True,False,False,False,False,eligible_for_shift_screen
7881,34281,6GQ9,True,True,True,False,False,False,False,eligible_for_shift_screen
7882,34282,6GRV,True,True,True,False,False,False,False,eligible_for_shift_screen
7883,34283,6GS5,True,True,True,False,False,False,False,eligible_for_shift_screen
7884,34284,6GS9,True,True,True,False,False,False,False,eligible_for_shift_screen
7885,34285,6GSE,True,True,True,False,False,False,False,eligible_for_shift_screen
7886,34286,6GSF,True,True,True,False,False,False,False,eligible_for_shift_screen
7887,34287,6GT7,True,True,True,False,False,False,False,eligible_for_shift_screen
7888,34288,6GV6,True,True,True,False,False,False,False,eligible_for_shift_screen
7889,34289,6GV7,True,True,True,False,False,False,False,eligible_for_shift_screen
7890,34290,6GVQ,True,True,True,False,False,False,False,eligible_for_shift_screen
7891,34290,6GVT,True,True,True,False,False,False,False,eligible_for_shift_screen
7892,34291,6GVU,True,True,True,False,False,False,False,eligible_for_shift_screen
7893,34292,6GW7,True,True,True,False,False,False,False,eligible_for_shift_screen
7894,34293,6GW8,True,True,True,False,False,False,False,eligible_for_shift_screen
7895,34294,6GWM,True,True,True,False,False,False,False,eligible_for_shift_screen
7896,34295,6GWX,True,True,True,False,False,False,False,eligible_for_shift_screen
7897,34296,6GZ7,True,True,True,False,False,False,False,eligible_for_shift_screen
7898,34297,6GZN,True,True,True,False,False,False,False,eligible_for_shift_screen
7899,34298,6H0I,True,True,True,False,False,False,False,eligible_for_shift_screen
7900,34299,6H0J,True,True,True,False,False,False,False,eligible_for_shift_screen
7901,34300,6F2X,True,True,True,False,False,False,False,eligible_for_shift_screen
7902,34301,6H0Q,True,True,True,False,False,False,False,eligible_for_shift_screen
7903,34302,6H1K,True,True,True,False,False,False,False,eligible_for_shift_screen
7904,34303,6H3E,True,True,True,False,False,False,False,eligible_for_shift_screen
7905,34304,6H5H,True,True,True,False,False,False,False,eligible_for_shift_screen
7906,34305,6H7I,True,True,True,False,False,False,False,eligible_for_shift_screen
7907,34306,6H7Q,True,True,True,False,False,False,False,eligible_for_shift_screen
7908,34307,6H8C,True,True,True,False,False,False,False,eligible_for_shift_screen
7909,34308,6HD2,True,True,True,False,False,False,False,eligible_for_shift_screen
7910,34309,6HH0,True,True,True,False,False,False,False,eligible_for_shift_screen
7911,34311,6HMI,True,True,True,False,False,False,False,eligible_for_shift_screen
7912,34312,6HMO,True,True,True,False,False,False,False,eligible_for_shift_screen
7913,34313,6HN9,True,True,True,False,False,False,False,eligible_for_shift_screen
7914,34314,6HNE,True,True,True,False,False,False,False,eligible_for_shift_screen
7915,34315,6HNG,True,True,True,False,False,False,False,eligible_for_shift_screen
7916,34316,6HNH,True,True,True,False,False,False,False,eligible_for_shift_screen
7917,34317,6HPJ,True,True,True,False,False,False,False,eligible_for_shift_screen
7918,34318,6HQ1,True,True,True,False,False,False,False,eligible_for_shift_screen
7919,34319,6HVB,True,True,True,False,False,False,False,eligible_for_shift_screen
7920,34319,6HVC,True,True,True,False,False,False,False,eligible_for_shift_screen
7921,34320,6HVK,True,True,True,False,False,False,False,eligible_for_shift_screen
7922,34321,6HYK,True,True,True,False,False,False,False,eligible_for_shift_screen
7923,34322,6HZ2,True,True,True,False,False,False,False,eligible_for_shift_screen
7924,34323,6I1V,True,True,True,False,False,False,False,eligible_for_shift_screen
7925,34324,6I1W,True,True,True,False,False,False,False,eligible_for_shift_screen
7926,34325,6I2O,True,True,True,False,False,False,False,eligible_for_shift_screen
7927,34326,6I3R,True,True,True,False,False,False,False,eligible_for_shift_screen
7928,34328,6I4O,True,True,True,False,False,False,False,eligible_for_shift_screen
7929,34329,6I57,True,True,True,False,False,False,False,eligible_for_shift_screen
7930,34330,6I9H,True,True,True,False,False,False,False,eligible_for_shift_screen
7931,34331,6IA0,True,True,True,False,False,False,False,eligible_for_shift_screen
7932,34332,6IA4,True,True,True,False,False,False,False,eligible_for_shift_screen
7933,34333,6IB6,True,True,True,False,False,False,False,eligible_for_shift_screen
7934,34334,6Q2Z,True,True,True,False,False,False,False,eligible_for_shift_screen
7935,34335,6Q5Z,True,True,True,False,False,False,False,eligible_for_shift_screen
7936,34336,6Q6E,True,True,True,False,False,False,False,eligible_for_shift_screen
7937,34338,6QAM,True,True,True,False,False,False,False,eligible_for_shift_screen
7938,34339,6QAN,True,True,True,False,False,False,False,eligible_for_shift_screen
7939,34340,6QAX,True,True,True,False,False,False,False,eligible_for_shift_screen
7940,34341,6QAY,True,True,True,False,False,False,False,eligible_for_shift_screen
7941,34342,6QB0,True,True,True,False,False,False,False,eligible_for_shift_screen
7942,34343,6QB1,True,True,True,False,False,False,False,eligible_for_shift_screen
7943,34344,6QBI,True,True,True,False,False,False,False,eligible_for_shift_screen
7944,34345,6QBK,True,True,True,False,False,False,False,eligible_for_shift_screen
7945,34346,6QBL,True,True,True,False,False,False,False,eligible_for_shift_screen
7946,34347,6QEB,True,True,True,False,False,False,False,eligible_for_shift_screen
7947,34348,6QES,True,True,True,False,False,False,False,eligible_for_shift_screen
7948,34349,6QET,True,True,True,False,False,False,False,eligible_for_shift_screen
7949,34350,6QEU,True,True,True,False,False,False,False,eligible_for_shift_screen
7950,34351,6QF8,True,True,True,False,False,False,False,eligible_for_shift_screen
7951,34352,6QH2,True,True,True,False,False,False,False,eligible_for_shift_screen
7952,34353,6QHI,True,True,True,False,False,False,False,eligible_for_shift_screen
7953,34354,6QJB,True,True,True,False,False,False,False,eligible_for_shift_screen
7954,34355,6QK5,True,True,True,False,False,False,False,eligible_for_shift_screen
7955,34356,6QK6,True,True,True,False,False,False,False,eligible_for_shift_screen
7956,34357,6QKF,True,True,True,False,False,False,False,eligible_for_shift_screen
7957,34358,6QKP,True,True,True,False,False,False,False,eligible_for_shift_screen
7958,34359,6QKQ,True,True,True,False,False,False,False,eligible_for_shift_screen
7959,34360,6QM1,True,True,True,False,False,False,False,eligible_for_shift_screen
7960,34361,6QS0,True,True,True,False,False,False,False,eligible_for_shift_screen
7961,34362,6QTC,True,True,True,False,False,False,False,eligible_for_shift_screen
7962,34363,6QTF,True,True,True,False,False,False,False,eligible_for_shift_screen
7963,34365,6QWR,True,True,True,False,False,False,False,eligible_for_shift_screen
7964,34366,6QXB,True,True,True,False,False,False,False,eligible_for_shift_screen
7965,34367,6QXC,True,True,True,False,False,False,False,eligible_for_shift_screen
7966,34369,6QYR,True,True,True,False,False,False,False,eligible_for_shift_screen
7967,34370,6QYS,True,True,True,False,False,False,False,eligible_for_shift_screen
7968,34371,6QYT,True,True,True,False,False,False,False,eligible_for_shift_screen
7969,34372,6QYU,True,True,True,False,False,False,False,eligible_for_shift_screen
7970,34373,6QYV,True,True,True,False,False,False,False,eligible_for_shift_screen
7971,34374,6QYW,True,True,True,False,False,False,False,eligible_for_shift_screen
7972,34376,6R0J,True,True,True,False,False,False,False,eligible_for_shift_screen
7973,34378,6R14,True,True,True,False,False,False,False,eligible_for_shift_screen
7974,34379,6R1V,True,True,True,False,False,False,False,eligible_for_shift_screen
7975,34380,6R28,True,True,True,False,False,False,False,eligible_for_shift_screen
7976,34381,6R2X,True,True,True,False,False,False,False,eligible_for_shift_screen
7977,34383,6R3C,True,True,True,False,False,False,False,eligible_for_shift_screen
7978,34384,6R5G,True,True,True,False,False,False,False,eligible_for_shift_screen
7979,34385,7AFR,True,True,True,False,False,False,False,eligible_for_shift_screen
7980,34386,6R8E,True,True,True,False,False,False,False,eligible_for_shift_screen
7981,34387,6R95,True,True,True,False,False,False,False,eligible_for_shift_screen
7982,34388,6R96,True,True,True,False,False,False,False,eligible_for_shift_screen
7983,34389,6R9K,True,True,True,False,False,False,False,eligible_for_shift_screen
7984,34390,6R9L,True,True,True,False,False,False,False,eligible_for_shift_screen
7985,34391,6R9Z,True,True,True,False,False,False,False,eligible_for_shift_screen
7986,34392,6RC7,True,True,True,False,False,False,False,eligible_for_shift_screen
7987,34393,6RFM,True,True,True,False,False,False,False,eligible_for_shift_screen
7988,34394,6RH5,True,True,True,False,False,False,False,eligible_for_shift_screen
7989,34395,6RH6,True,True,True,False,False,False,False,eligible_for_shift_screen
7990,34396,6RHY,True,True,True,False,False,False,False,eligible_for_shift_screen
7991,34397,6RIO,True,True,True,False,False,False,False,eligible_for_shift_screen
7992,34398,6RLS,True,True,True,False,False,False,False,eligible_for_shift_screen
7993,34399,6RPV,True,True,True,False,False,False,False,eligible_for_shift_screen
7994,34400,6RQS,True,True,True,False,False,False,False,eligible_for_shift_screen
7995,34401,6RRL,True,True,True,False,False,False,False,eligible_for_shift_screen
7996,34402,6RRO,True,True,True,False,False,False,False,eligible_for_shift_screen
7997,34403,6RS3,True,True,True,False,False,False,False,eligible_for_shift_screen
7998,34404,6RSF,True,True,True,False,False,False,False,eligible_for_shift_screen
7999,34405,6RSG,True,True,True,False,False,False,False,eligible_for_shift_screen
8000,34406,6RSM,True,True,True,False,False,False,False,eligible_for_shift_screen
8001,34407,6RSS,True,True,True,False,False,False,False,eligible_for_shift_screen
8002,34408,6RVA,True,True,True,False,False,False,False,eligible_for_shift_screen
8003,34409,6RWG,True,True,True,False,False,False,False,eligible_for_shift_screen
8004,34410,6RY9,True,True,True,False,False,False,False,eligible_for_shift_screen
8005,34411,6RYQ,True,True,True,False,False,False,False,eligible_for_shift_screen
8006,34412,6RZ1,True,True,True,False,False,False,False,eligible_for_shift_screen
8007,34413,6RZC,True,True,True,False,False,False,False,eligible_for_shift_screen
8008,34414,6S0N,True,True,True,False,False,False,False,eligible_for_shift_screen
8009,34416,6S2D,True,True,True,False,False,False,False,eligible_for_shift_screen
8010,34417,6SAA,True,True,True,False,False,False,False,eligible_for_shift_screen
8011,34418,6SAB,True,True,True,False,False,False,False,eligible_for_shift_screen
8012,34419,6SAI,True,True,True,False,False,False,False,eligible_for_shift_screen
8013,34420,6SCW,True,True,True,False,False,False,False,eligible_for_shift_screen
8014,34421,6SDW,True,True,True,False,False,False,False,eligible_for_shift_screen
8015,34422,6SDY,True,True,True,False,False,False,False,eligible_for_shift_screen
8016,34423,6SGO,True,True,True,False,False,False,False,eligible_for_shift_screen
8017,34424,6SJX,True,True,True,False,False,False,False,eligible_for_shift_screen
8018,34425,6SLY,True,True,True,False,False,False,False,eligible_for_shift_screen
8019,34427,6SNJ,True,True,True,False,False,False,False,eligible_for_shift_screen
8020,34428,6SO9,True,True,True,False,False,False,False,eligible_for_shift_screen
8021,34429,6SOE,True,True,True,False,False,False,False,eligible_for_shift_screen
8022,34430,6SOW,True,True,True,False,False,False,False,eligible_for_shift_screen
8023,34431,6SUU,True,True,True,False,False,False,False,eligible_for_shift_screen
8024,34432,6SVC,True,True,True,False,False,False,False,eligible_for_shift_screen
8025,34433,6SVE,True,True,True,False,False,False,False,eligible_for_shift_screen
8026,34434,6SVH,True,True,True,False,False,False,False,eligible_for_shift_screen
8027,34435,6SX3,True,True,True,False,False,False,False,eligible_for_shift_screen
8028,34436,6SX6,True,True,True,False,False,False,False,eligible_for_shift_screen
8029,34437,6SY2,True,True,True,False,False,False,False,eligible_for_shift_screen
8030,34438,6SYK,True,True,True,False,False,False,False,eligible_for_shift_screen
8031,34439,6SZC,True,True,True,False,False,False,False,eligible_for_shift_screen
8032,34440,6SZF,True,True,True,False,False,False,False,eligible_for_shift_screen
8033,34441,6T2G,True,True,True,False,False,False,False,eligible_for_shift_screen
8034,34442,6T3I,True,True,True,False,False,False,False,eligible_for_shift_screen
8035,34443,6TAZ,True,True,True,False,False,False,False,eligible_for_shift_screen
8036,34444,6TC8,True,True,True,False,False,False,False,eligible_for_shift_screen
8037,34445,6TCG,True,True,True,False,False,False,False,eligible_for_shift_screen
8038,34446,6TDD,True,True,True,False,False,False,False,eligible_for_shift_screen
8039,34447,6TDM,True,True,True,False,False,False,False,eligible_for_shift_screen
8040,34448,6TDN,True,True,True,False,False,False,False,eligible_for_shift_screen
8041,34449,6TEY,True,True,True,False,False,False,False,eligible_for_shift_screen
8042,34450,6TF4,True,True,True,False,False,False,False,eligible_for_shift_screen
8043,34451,6TG5,True,True,True,False,False,False,False,eligible_for_shift_screen
8044,34452,6TH8,True,True,True,False,False,False,False,eligible_for_shift_screen
8045,34453,6THI,True,True,True,False,False,False,False,eligible_for_shift_screen
8046,34454,6TI5,True,True,True,False,False,False,False,eligible_for_shift_screen
8047,34455,6TI6,True,True,True,False,False,False,False,eligible_for_shift_screen
8048,34456,6TI7,True,True,True,False,False,False,False,eligible_for_shift_screen
8049,34457,6TIQ,True,True,True,False,False,False,False,eligible_for_shift_screen
8050,34457,6TIR,True,True,True,False,False,False,False,eligible_for_shift_screen
8051,34459,6TJ3,True,True,True,False,False,False,False,eligible_for_shift_screen
8052,34460,6TK0,True,True,True,False,False,False,False,eligible_for_shift_screen
8053,34460,7O9U,True,True,True,False,False,False,False,eligible_for_shift_screen
8054,34461,6TL0,True,True,True,False,False,False,False,eligible_for_shift_screen
8055,34462,6TO6,True,True,True,False,False,False,False,eligible_for_shift_screen
8056,34463,6TOB,True,True,True,False,False,False,False,eligible_for_shift_screen
8057,34464,6TPB,True,True,True,False,False,False,False,eligible_for_shift_screen
8058,34465,6TPH,True,True,True,False,False,False,False,eligible_for_shift_screen
8059,34466,6TR0,True,True,True,False,False,False,False,eligible_for_shift_screen
8060,34467,6TR2,True,True,True,False,False,False,False,eligible_for_shift_screen
8061,34468,6TRM,True,True,True,False,False,False,False,eligible_for_shift_screen
8062,34469,6TRP,True,True,True,False,False,False,False,eligible_for_shift_screen
8063,34470,6TT6,True,True,True,False,False,False,False,eligible_for_shift_screen
8064,34471,6TT8,True,True,True,False,False,False,False,eligible_for_shift_screen
8065,34472,6TTC,True,True,True,False,False,False,False,eligible_for_shift_screen
8066,34473,6TV5,True,True,True,False,False,False,False,eligible_for_shift_screen
8067,34474,6TVJ,True,True,True,False,False,False,False,eligible_for_shift_screen
8068,34475,6TVM,True,True,True,False,False,False,False,eligible_for_shift_screen
8069,34476,6TWG,True,True,True,False,False,False,False,eligible_for_shift_screen
8070,34477,6TXT,True,True,True,False,False,False,False,eligible_for_shift_screen
8071,34478,6XTH,True,True,True,False,False,False,False,eligible_for_shift_screen
8072,34479,6XTI,True,True,True,False,False,False,False,eligible_for_shift_screen
8073,34480,6XTT,True,True,True,False,False,False,False,eligible_for_shift_screen
8074,34481,6XWI,True,True,True,False,False,False,False,eligible_for_shift_screen
8075,34482,6XWJ,True,True,True,False,False,False,False,eligible_for_shift_screen
8076,34483,6XWW,True,True,True,False,False,False,False,eligible_for_shift_screen
8077,34483,6XXB,True,True,True,False,False,False,False,eligible_for_shift_screen
8078,34484,6XXA,True,True,True,False,False,False,False,eligible_for_shift_screen
8079,34485,6XYH,True,True,True,False,False,False,False,eligible_for_shift_screen
8080,34486,6XYI,True,True,True,False,False,False,False,eligible_for_shift_screen
8081,34487,6XYV,True,True,True,False,False,False,False,eligible_for_shift_screen
8082,34487,7A4L,True,True,True,False,False,False,False,eligible_for_shift_screen
8083,34487,7A58,True,True,True,False,False,False,False,eligible_for_shift_screen
8084,34488,6Y06,True,True,True,False,False,False,False,eligible_for_shift_screen
8085,34489,6Y07,True,True,True,False,False,False,False,eligible_for_shift_screen
8086,34490,6Y1H,True,True,True,False,False,False,False,eligible_for_shift_screen
8087,34491,6Y1Q,True,True,True,False,False,False,False,eligible_for_shift_screen
8088,34492,6Y4H,True,True,True,False,False,False,False,eligible_for_shift_screen
8089,34493,6Y6M,True,True,True,False,False,False,False,eligible_for_shift_screen
8090,34494,6Y8V,True,True,True,False,False,False,False,eligible_for_shift_screen
8091,34495,6Y8W,True,True,True,False,False,False,False,eligible_for_shift_screen
8092,34496,6Y94,True,True,True,False,False,False,False,eligible_for_shift_screen
8093,34497,6Y95,True,True,True,False,False,False,False,eligible_for_shift_screen
8094,34498,6Y96,True,True,True,False,False,False,False,eligible_for_shift_screen
8095,34499,6YCV,True,True,True,False,False,False,False,eligible_for_shift_screen
8096,34500,6YDH,True,True,True,False,False,False,False,eligible_for_shift_screen
8097,34502,6YEP,True,True,True,False,False,False,False,eligible_for_shift_screen
8098,34503,6YET,True,True,True,False,False,False,False,eligible_for_shift_screen
8099,34504,6YEU,True,True,True,False,False,False,False,eligible_for_shift_screen
8100,34506,6YHF,True,True,True,False,False,False,False,eligible_for_shift_screen
8101,34507,6YHI,True,True,True,False,False,False,False,eligible_for_shift_screen
8102,34508,6YHO,True,True,True,False,False,False,False,eligible_for_shift_screen
8103,34509,6YHP,True,True,True,False,False,False,False,eligible_for_shift_screen
8104,34510,6YHX,True,True,True,False,False,False,False,eligible_for_shift_screen
8105,34511,6YI3,True,True,True,False,False,False,False,eligible_for_shift_screen
8106,34511,7ACS,True,True,True,False,False,False,False,eligible_for_shift_screen
8107,34511,7ACT,True,True,True,False,False,False,False,eligible_for_shift_screen
8108,34512,6YJL,True,True,True,False,False,False,False,eligible_for_shift_screen
8109,34513,6YP5,True,True,True,False,False,False,False,eligible_for_shift_screen
8110,34514,6YTC,True,True,True,False,False,False,False,eligible_for_shift_screen
8111,34515,6YW8,True,True,True,False,False,False,False,eligible_for_shift_screen
8112,34516,6YY4,True,True,True,False,False,False,False,eligible_for_shift_screen
8113,34517,6Z29,True,True,True,False,False,False,False,eligible_for_shift_screen
8114,34518,6Z35,True,True,True,False,False,False,False,eligible_for_shift_screen
8115,34519,6Z40,True,True,True,False,False,False,False,eligible_for_shift_screen
8116,34520,6Z41,True,True,True,False,False,False,False,eligible_for_shift_screen
8117,34521,6ZBI,True,True,True,False,False,False,False,eligible_for_shift_screen
8118,34522,6ZDB,True,True,True,False,False,False,False,eligible_for_shift_screen
8119,34523,6ZFV,True,True,True,False,False,False,False,eligible_for_shift_screen
8120,34524,6ZL2,True,True,True,False,False,False,False,eligible_for_shift_screen
8121,34525,6ZL9,True,True,True,False,False,False,False,eligible_for_shift_screen
8122,34526,6ZLE,True,True,True,False,False,False,False,eligible_for_shift_screen
8123,34527,6ZOP,True,True,True,False,False,False,False,eligible_for_shift_screen
8124,34528,6ZPR,True,True,True,False,False,False,False,eligible_for_shift_screen
8125,34529,6ZRM,True,True,True,False,False,False,False,eligible_for_shift_screen
8126,34531,6ZSO,True,True,True,False,False,False,False,eligible_for_shift_screen
8127,34532,6ZSS,True,True,True,False,False,False,False,eligible_for_shift_screen
8128,34533,6ZTE,True,True,True,False,False,False,False,eligible_for_shift_screen
8129,34534,6ZTG,True,True,True,False,False,False,False,eligible_for_shift_screen
8130,34535,6ZUY,True,True,True,False,False,False,False,eligible_for_shift_screen
8131,34536,6ZUZ,True,True,True,False,False,False,False,eligible_for_shift_screen
8132,34537,6ZV0,True,True,True,False,False,False,False,eligible_for_shift_screen
8133,34538,6ZV1,True,True,True,False,False,False,False,eligible_for_shift_screen
8134,34539,6ZV2,True,True,True,False,False,False,False,eligible_for_shift_screen
8135,34540,6ZV3,True,True,True,False,False,False,False,eligible_for_shift_screen
8136,34541,6ZV4,True,True,True,False,False,False,False,eligible_for_shift_screen
8137,34542,6ZX6,True,True,True,False,False,False,False,eligible_for_shift_screen
8138,34543,6ZX7,True,True,True,False,False,False,False,eligible_for_shift_screen
8139,34544,6ZXP,True,True,True,False,False,False,False,eligible_for_shift_screen
8140,34545,6ZYC,True,True,True,False,False,False,False,eligible_for_shift_screen
8141,34546,6ZYG,True,True,True,False,False,False,False,eligible_for_shift_screen
8142,34547,6ZZE,True,True,True,False,False,False,False,eligible_for_shift_screen
8143,34548,6ZZF,True,True,True,False,False,False,False,eligible_for_shift_screen
8144,34549,7A05,True,True,True,False,False,False,False,eligible_for_shift_screen
8145,34550,7A0I,True,True,True,False,False,False,False,eligible_for_shift_screen
8146,34551,7A0O,True,True,True,False,False,False,False,eligible_for_shift_screen
8147,34552,7A2D,True,True,True,False,False,False,False,eligible_for_shift_screen
8148,34553,7A3Y,True,True,True,False,False,False,False,eligible_for_shift_screen
8149,34554,7A64,True,True,True,False,False,False,False,eligible_for_shift_screen
8150,34555,7AAF,True,True,True,False,False,False,False,eligible_for_shift_screen
8151,34556,7AAO,True,True,True,False,False,False,False,eligible_for_shift_screen
8152,34557,7AC1,True,True,True,False,False,False,False,eligible_for_shift_screen
8153,34558,7ACB,True,True,True,False,False,False,False,eligible_for_shift_screen
8154,34559,7ACE,True,True,True,False,False,False,False,eligible_for_shift_screen
8155,34560,7AEP,True,True,True,False,False,False,False,eligible_for_shift_screen
8156,34564,7ALD,True,True,True,False,False,False,False,eligible_for_shift_screen
8157,34565,7ALU,True,True,True,False,False,False,False,eligible_for_shift_screen
8158,34566,7AQT,True,True,True,False,False,False,False,eligible_for_shift_screen
8159,34567,7ASY,True,True,True,False,False,False,False,eligible_for_shift_screen
8160,34568,7AT7,True,True,True,False,False,False,False,eligible_for_shift_screen
8161,34569,7ATB,True,True,True,False,False,False,False,eligible_for_shift_screen
8162,34570,7ATY,True,True,True,False,False,False,False,eligible_for_shift_screen
8163,34571,7ATZ,True,True,True,False,False,False,False,eligible_for_shift_screen
8164,34572,7AVA,True,True,True,False,False,False,False,eligible_for_shift_screen
8165,34573,7AVB,True,True,True,False,False,False,False,eligible_for_shift_screen
8166,34574,7AY8,True,True,True,False,False,False,False,eligible_for_shift_screen
8167,34575,7B2B,True,True,True,False,False,False,False,eligible_for_shift_screen
8168,34576,7B2F,True,True,True,False,False,False,False,eligible_for_shift_screen
8169,34577,7B3J,True,True,True,False,False,False,False,eligible_for_shift_screen
8170,34578,7B3K,True,True,True,False,False,False,False,eligible_for_shift_screen
8171,34579,7B4Z,True,True,True,False,False,False,False,eligible_for_shift_screen
8172,34580,7B71,True,True,True,False,False,False,False,eligible_for_shift_screen
8173,34581,7B72,True,True,True,False,False,False,False,eligible_for_shift_screen
8174,34582,7B7O,True,True,True,False,False,False,False,eligible_for_shift_screen
8175,34583,7B9X,True,True,True,False,False,False,False,eligible_for_shift_screen
8176,34584,7BBB,True,True,True,False,False,False,False,eligible_for_shift_screen
8177,34585,7BCJ,True,True,True,False,False,False,False,eligible_for_shift_screen
8178,34586,7BEV,True,True,True,False,False,False,False,eligible_for_shift_screen
8179,34587,7BFS,True,True,True,False,False,False,False,eligible_for_shift_screen
8180,34588,7BFX,True,True,True,False,False,False,False,eligible_for_shift_screen
8181,34589,7BGH,True,True,True,False,False,False,False,eligible_for_shift_screen
8182,34590,7BI0,True,True,True,False,False,False,False,eligible_for_shift_screen
8183,34591,7BL0,True,True,True,False,False,False,False,eligible_for_shift_screen
8184,34592,7BLM,True,True,True,False,False,False,False,eligible_for_shift_screen
8185,34593,7BMA,True,True,True,False,False,False,False,eligible_for_shift_screen
8186,34594,7NBK,True,True,True,False,False,False,False,eligible_for_shift_screen
8187,34595,7NBL,True,True,True,False,False,False,False,eligible_for_shift_screen
8188,34596,7NBP,True,True,True,False,False,False,False,eligible_for_shift_screen
8189,34598,7NE8,True,True,True,False,False,False,False,eligible_for_shift_screen
8190,34599,7NEJ,True,True,True,False,False,False,False,eligible_for_shift_screen
8191,34600,7NF9,True,True,True,False,False,False,False,eligible_for_shift_screen
8192,34602,7NHZ,True,True,True,False,False,False,False,eligible_for_shift_screen
8193,34603,7NM2,True,True,True,False,False,False,False,eligible_for_shift_screen
8194,34604,7NM4,True,True,True,False,False,False,False,eligible_for_shift_screen
8195,34605,7NM5,True,True,True,False,False,False,False,eligible_for_shift_screen
8196,34606,7NMB,True,True,True,False,False,False,False,eligible_for_shift_screen
8197,34607,7NN6,True,True,True,False,False,False,False,eligible_for_shift_screen
8198,34608,7NQC,True,True,True,False,False,False,False,eligible_for_shift_screen
8199,34609,7NRN,True,True,True,False,False,False,False,eligible_for_shift_screen
8200,34610,7NT7,True,True,True,False,False,False,False,eligible_for_shift_screen
8201,34611,7NWD,True,True,True,False,False,False,False,eligible_for_shift_screen
8202,34612,7NXI,True,True,True,False,False,False,False,eligible_for_shift_screen
8203,34613,7NY0,True,True,True,False,False,False,False,eligible_for_shift_screen
8204,34614,7NYI,True,True,True,False,False,False,False,eligible_for_shift_screen
8205,34615,7O1H,True,True,True,False,False,False,False,eligible_for_shift_screen
8206,34616,7O5E,True,True,True,False,False,False,False,eligible_for_shift_screen
8207,34617,7O7B,True,True,True,False,False,False,False,eligible_for_shift_screen
8208,34618,7O9U,True,True,True,False,False,False,False,eligible_for_shift_screen
8209,34619,7OD2,True,True,True,False,False,False,False,eligible_for_shift_screen
8210,34620,7OFG,True,True,True,False,False,False,False,eligible_for_shift_screen
8211,34621,7OFM,True,True,True,False,False,False,False,eligible_for_shift_screen
8212,34622,7OFO,True,True,True,False,False,False,False,eligible_for_shift_screen
8213,34623,7OGV,True,True,True,False,False,False,False,eligible_for_shift_screen
8214,34624,7OHE,True,True,True,False,False,False,False,eligible_for_shift_screen
8215,34625,7OHJ,True,True,True,False,False,False,False,eligible_for_shift_screen
8216,34626,7OHM,True,True,True,False,False,False,False,eligible_for_shift_screen
8217,34627,7OIO,True,True,True,False,False,False,False,eligible_for_shift_screen
8218,34628,7OJ9,True,True,True,False,False,False,False,eligible_for_shift_screen
8219,34629,7OLG,True,True,True,False,False,False,False,eligible_for_shift_screen
8220,34630,7OMK,True,True,True,False,False,False,False,eligible_for_shift_screen
8221,34631,7OQT,True,True,True,False,False,False,False,eligible_for_shift_screen
8222,34632,7OS8,True,True,True,False,False,False,False,eligible_for_shift_screen
8223,34633,7OSC,True,True,True,False,False,False,False,eligible_for_shift_screen
8224,34634,7OSD,True,True,True,False,False,False,False,eligible_for_shift_screen
8225,34635,7OSR,True,True,True,False,False,False,False,eligible_for_shift_screen
8226,34636,7OSW,True,True,True,False,False,False,False,eligible_for_shift_screen
8227,34637,7OTD,True,True,True,False,False,False,False,eligible_for_shift_screen
8228,34638,7OVC,True,True,True,False,False,False,False,eligible_for_shift_screen
8229,34639,7OVZ,True,True,True,False,False,False,False,eligible_for_shift_screen
8230,34640,7OX6,True,True,True,False,False,False,False,eligible_for_shift_screen
8231,34641,7OXF,True,True,True,False,False,False,False,eligible_for_shift_screen
8232,34642,7OZ0,True,True,True,False,False,False,False,eligible_for_shift_screen
8233,34643,7P08,True,True,True,False,False,False,False,eligible_for_shift_screen
8234,34645,7P3M,True,True,True,False,False,False,False,eligible_for_shift_screen
8235,34646,7P3O,True,True,True,False,False,False,False,eligible_for_shift_screen
8236,34647,7P3P,True,True,True,False,False,False,False,eligible_for_shift_screen
8237,34648,7P4N,True,True,True,False,False,False,False,eligible_for_shift_screen
8238,34649,7P4X,True,True,True,False,False,False,False,eligible_for_shift_screen
8239,34650,7P55,True,True,True,False,False,False,False,eligible_for_shift_screen
8240,34651,7P5G,True,True,True,False,False,False,False,eligible_for_shift_screen
8241,34652,7P5Q,True,True,True,False,False,False,False,eligible_for_shift_screen
8242,34653,7P5S,True,True,True,False,False,False,False,eligible_for_shift_screen
8243,34654,7PDU,True,True,True,False,False,False,False,eligible_for_shift_screen
8244,34655,7PGD,True,True,True,False,False,False,False,eligible_for_shift_screen
8245,34656,7PH8,True,True,True,False,False,False,False,eligible_for_shift_screen
8246,34657,7PHT,True,True,True,False,False,False,False,eligible_for_shift_screen
8247,34660,7PJL,True,True,True,False,False,False,False,eligible_for_shift_screen
8248,34660,8COO,True,True,True,False,False,False,False,eligible_for_shift_screen
8249,34661,7PKU,True,True,True,False,False,False,False,eligible_for_shift_screen
8250,34662,7PL4,True,True,True,False,False,False,False,eligible_for_shift_screen
8251,34663,7PMP,True,True,True,False,False,False,False,eligible_for_shift_screen
8252,34664,7PNE,True,True,True,False,False,False,False,eligible_for_shift_screen
8253,34665,7PNG,True,True,True,False,False,False,False,eligible_for_shift_screen
8254,34666,7PQ4,True,True,True,False,False,False,False,eligible_for_shift_screen
8255,34667,7PQW,True,True,True,False,False,False,False,eligible_for_shift_screen
8256,34668,7PRD,True,True,True,False,False,False,False,eligible_for_shift_screen
8257,34669,7PRE,True,True,True,False,False,False,False,eligible_for_shift_screen
8258,34670,7PS8,True,True,True,False,False,False,False,eligible_for_shift_screen
8259,34671,7PVB,True,True,True,False,False,False,False,eligible_for_shift_screen
8260,34673,7Q33,True,True,True,False,False,False,False,eligible_for_shift_screen
8261,34674,7Q48,True,True,True,False,False,False,False,eligible_for_shift_screen
8262,34675,7Q4L,True,True,True,False,False,False,False,eligible_for_shift_screen
8263,34676,7Q6L,True,True,True,False,False,False,False,eligible_for_shift_screen
8264,34677,7QA2,True,True,True,False,False,False,False,eligible_for_shift_screen
8265,34678,7QA5,True,True,True,False,False,False,False,eligible_for_shift_screen
8266,34679,7QA9,True,True,True,False,False,False,False,eligible_for_shift_screen
8267,34680,7QAL,True,True,True,False,False,False,False,eligible_for_shift_screen
8268,34681,7QAM,True,True,True,False,False,False,False,eligible_for_shift_screen
8269,34682,7QAO,True,True,True,False,False,False,False,eligible_for_shift_screen
8270,34683,7QAP,True,True,True,False,False,False,False,eligible_for_shift_screen
8271,34685,7QB3,True,True,True,False,False,False,False,eligible_for_shift_screen
8272,34686,7QBY,True,True,True,False,False,False,False,eligible_for_shift_screen
8273,34688,7QCX,True,True,True,False,False,False,False,eligible_for_shift_screen
8274,34689,7QCY,True,True,True,False,False,False,False,eligible_for_shift_screen
8275,34691,7QDD,True,True,True,False,False,False,False,eligible_for_shift_screen
8276,34692,7QDE,True,True,True,False,False,False,False,eligible_for_shift_screen
8277,34693,7QDW,True,True,True,False,False,False,False,eligible_for_shift_screen
8278,34694,7QI2,True,True,True,False,False,False,False,eligible_for_shift_screen
8279,34695,7QIL,True,True,True,False,False,False,False,eligible_for_shift_screen
8280,34696,7QJF,True,True,True,False,False,False,False,eligible_for_shift_screen
8281,34697,7QLF,True,True,True,False,False,False,False,eligible_for_shift_screen
8282,34698,7QRI,True,True,True,False,False,False,False,eligible_for_shift_screen
8283,34699,7QS6,True,True,True,False,False,False,False,eligible_for_shift_screen
8284,34699,7QV4,True,True,True,False,False,False,False,eligible_for_shift_screen
8285,34700,7QTR,True,True,True,False,False,False,False,eligible_for_shift_screen
8286,34701,7QTS,True,True,True,False,False,False,False,eligible_for_shift_screen
8287,34702,7QUU,True,True,True,False,False,False,False,eligible_for_shift_screen
8288,34703,7QXJ,True,True,True,False,False,False,False,eligible_for_shift_screen
8289,34704,7QYI,True,True,True,False,False,False,False,eligible_for_shift_screen
8290,34705,7QZV,True,True,True,False,False,False,False,eligible_for_shift_screen
8291,34706,7QZW,True,True,True,False,False,False,False,eligible_for_shift_screen
8292,34707,7R0R,True,True,True,False,False,False,False,eligible_for_shift_screen
8293,34708,7R3M,True,True,True,False,False,False,False,eligible_for_shift_screen
8294,34709,7YWQ,True,True,True,False,False,False,False,eligible_for_shift_screen
8295,34710,7YYI,True,True,True,False,False,False,False,eligible_for_shift_screen
8296,34711,7Z07,True,True,True,False,False,False,False,eligible_for_shift_screen
8297,34712,7Z08,True,True,True,False,False,False,False,eligible_for_shift_screen
8298,34713,7Z0B,True,True,True,False,False,False,False,eligible_for_shift_screen
8299,34714,7Z9L,True,True,True,False,False,False,False,eligible_for_shift_screen
8300,34715,7ZAP,True,True,True,False,False,False,False,eligible_for_shift_screen
8301,34716,7ZAX,True,True,True,False,False,False,False,eligible_for_shift_screen
8302,34717,7ZBQ,True,True,True,False,False,False,False,eligible_for_shift_screen
8303,34718,7ZBS,True,True,True,False,False,False,False,eligible_for_shift_screen
8304,34719,7ZE0,True,True,True,False,False,False,False,eligible_for_shift_screen
8305,34720,7ZED,True,True,True,False,False,False,False,eligible_for_shift_screen
8306,34721,7ZEK,True,True,True,False,False,False,False,eligible_for_shift_screen
8307,34722,7ZEM,True,True,True,False,False,False,False,eligible_for_shift_screen
8308,34723,7ZEO,True,True,True,False,False,False,False,eligible_for_shift_screen
8309,34724,7ZEV,True,True,True,False,False,False,False,eligible_for_shift_screen
8310,34725,7ZEW,True,True,True,False,False,False,False,eligible_for_shift_screen
8311,34726,7ZEX,True,True,True,False,False,False,False,eligible_for_shift_screen
8312,34727,7ZEY,True,True,True,False,False,False,False,eligible_for_shift_screen
8313,34728,7ZEZ,True,True,True,False,False,False,False,eligible_for_shift_screen
8314,34729,7ZJY,True,True,True,False,False,False,False,eligible_for_shift_screen
8315,34730,7ZK0,True,True,True,False,False,False,False,eligible_for_shift_screen
8316,34731,7ZKD,True,True,True,False,False,False,False,eligible_for_shift_screen
8317,34732,7ZRU,True,True,True,False,False,False,False,eligible_for_shift_screen
8318,34734,7ZWJ,True,True,True,False,False,False,False,eligible_for_shift_screen
8319,34735,7ZYX,True,True,True,False,False,False,False,eligible_for_shift_screen
8320,34736,8A4F,True,True,True,False,False,False,False,eligible_for_shift_screen
8321,34737,8A6I,True,True,True,False,False,False,False,eligible_for_shift_screen
8322,34738,8A6M,True,True,True,False,False,False,False,eligible_for_shift_screen
8323,34739,8A7Z,True,True,True,False,False,False,False,eligible_for_shift_screen
8324,34740,8ABD,True,True,True,False,False,False,False,eligible_for_shift_screen
8325,34741,8ABN,True,True,True,False,False,False,False,eligible_for_shift_screen
8326,34742,8AHK,True,True,True,False,False,False,False,eligible_for_shift_screen
8327,34743,8AIG,True,True,True,False,False,False,False,eligible_for_shift_screen
8328,34744,8ALL,True,True,True,False,False,False,False,eligible_for_shift_screen
8329,34745,8ALQ,True,True,True,False,False,False,False,eligible_for_shift_screen
8330,34746,8AO0,True,True,True,False,False,False,False,eligible_for_shift_screen
8331,34747,8AO1,True,True,True,False,False,False,False,eligible_for_shift_screen
8332,34748,8AOU,True,True,True,False,False,False,False,eligible_for_shift_screen
8333,34749,8AQ9,True,True,True,False,False,False,False,eligible_for_shift_screen
8334,34750,8AR0,True,True,True,False,False,False,False,eligible_for_shift_screen
8335,34751,8AR1,True,True,True,False,False,False,False,eligible_for_shift_screen
8336,34752,8AR2,True,True,True,False,False,False,False,eligible_for_shift_screen
8337,34753,8AR3,True,True,True,False,False,False,False,eligible_for_shift_screen
8338,34754,8AU4,True,True,True,False,False,False,False,eligible_for_shift_screen
8339,34755,8B1L,True,True,True,False,False,False,False,eligible_for_shift_screen
8340,34756,8B4R,True,True,True,False,False,False,False,eligible_for_shift_screen
8341,34757,8B4S,True,True,True,False,False,False,False,eligible_for_shift_screen
8342,34758,8B7I,True,True,True,False,False,False,False,eligible_for_shift_screen
8343,34759,8B7J,True,True,True,False,False,False,False,eligible_for_shift_screen
8344,34760,8B7T,True,True,True,False,False,False,False,eligible_for_shift_screen
8345,34761,8B8S,True,True,True,False,False,False,False,eligible_for_shift_screen
8346,34762,8B9Q,True,True,True,False,False,False,False,eligible_for_shift_screen
8347,34763,8B9R,True,True,True,False,False,False,False,eligible_for_shift_screen
8348,34764,8BD2,True,True,True,False,False,False,False,eligible_for_shift_screen
8349,34765,8BFG,True,True,True,False,False,False,False,eligible_for_shift_screen
8350,34766,8BGF,True,True,True,False,False,False,False,eligible_for_shift_screen
8351,34767,8BGK,True,True,True,False,False,False,False,eligible_for_shift_screen
8352,34768,8BM4,True,True,True,False,False,False,False,eligible_for_shift_screen
8353,34769,8BM6,True,True,True,False,False,False,False,eligible_for_shift_screen
8354,34770,8BM7,True,True,True,False,False,False,False,eligible_for_shift_screen
8355,34771,8BO0,True,True,True,False,False,False,False,eligible_for_shift_screen
8356,34772,8BQY,True,True,True,False,False,False,False,eligible_for_shift_screen
8357,34773,8BSS,True,True,True,False,False,False,False,eligible_for_shift_screen
8358,34774,8BV6,True,True,True,False,False,False,False,eligible_for_shift_screen
8359,34775,8BVC,True,True,True,False,False,False,False,eligible_for_shift_screen
8360,34776,8BWB,True,True,True,False,False,False,False,eligible_for_shift_screen
8361,34777,8BWT,True,True,True,False,False,False,False,eligible_for_shift_screen
8362,34778,8BWW,True,True,True,False,False,False,False,eligible_for_shift_screen
8363,34779,8BXJ,True,True,True,False,False,False,False,eligible_for_shift_screen
8364,34780,8BZU,True,True,True,False,False,False,False,eligible_for_shift_screen
8365,34781,8C18,True,True,True,False,False,False,False,eligible_for_shift_screen
8366,34782,8C8A,True,True,True,False,False,False,False,eligible_for_shift_screen
8367,34783,8CA0,True,True,True,False,False,False,False,eligible_for_shift_screen
8368,34784,8CF2,True,True,True,False,False,False,False,eligible_for_shift_screen
8369,34785,8CF4,True,True,True,False,False,False,False,eligible_for_shift_screen
8370,34785,8CHG,True,True,True,False,False,False,False,eligible_for_shift_screen
8371,34785,8CHH,True,True,True,False,False,False,False,eligible_for_shift_screen
8372,34786,8CGF,True,True,True,False,False,False,False,eligible_for_shift_screen
8373,34787,8CH7,True,True,True,False,False,False,False,eligible_for_shift_screen
8374,34790,8CIQ,True,True,True,False,False,False,False,eligible_for_shift_screen
8375,34791,8CJP,True,True,True,False,False,False,False,eligible_for_shift_screen
8376,34792,8CJQ,True,True,True,False,False,False,False,eligible_for_shift_screen
8377,34793,8CJR,True,True,True,False,False,False,False,eligible_for_shift_screen
8378,34794,8CJS,True,True,True,False,False,False,False,eligible_for_shift_screen
8379,34795,8CJT,True,True,True,False,False,False,False,eligible_for_shift_screen
8380,34796,8CLR,True,True,True,False,False,False,False,eligible_for_shift_screen
8381,34796,9SXV,True,True,True,False,False,False,False,eligible_for_shift_screen
8382,34796,9SY4,True,True,True,False,False,False,False,eligible_for_shift_screen
8383,34797,8CM3,True,True,True,False,False,False,False,eligible_for_shift_screen
8384,34798,8OFC,True,True,True,False,False,False,False,eligible_for_shift_screen
8385,34799,8OH7,True,True,True,False,False,False,False,eligible_for_shift_screen
8386,34800,8OJR,True,True,True,False,False,False,False,eligible_for_shift_screen
8387,34801,8OL8,True,True,True,False,False,False,False,eligible_for_shift_screen
8388,34802,8ONU,True,True,True,False,False,False,False,eligible_for_shift_screen
8389,34803,8OQB,True,True,True,False,False,False,False,eligible_for_shift_screen
8390,34803,9FLA,True,True,True,False,False,False,False,eligible_for_shift_screen
8391,34804,8OR5,True,True,True,False,False,False,False,eligible_for_shift_screen
8392,34805,8OR8,True,True,True,False,False,False,False,eligible_for_shift_screen
8393,34806,8ORY,True,True,True,False,False,False,False,eligible_for_shift_screen
8394,34807,8ORZ,True,True,True,False,False,False,False,eligible_for_shift_screen
8395,34808,8OS0,True,True,True,False,False,False,False,eligible_for_shift_screen
8396,34809,8OSQ,True,True,True,False,False,False,False,eligible_for_shift_screen
8397,34811,8OVI,True,True,True,False,False,False,False,eligible_for_shift_screen
8398,34812,8OVL,True,True,True,False,False,False,False,eligible_for_shift_screen
8399,34813,8OX2,True,True,True,False,False,False,False,eligible_for_shift_screen
8400,34814,8OYD,True,True,True,False,False,False,False,eligible_for_shift_screen
8401,34816,8P25,True,True,True,False,False,False,False,eligible_for_shift_screen
8402,34817,8P3A,True,True,True,False,False,False,False,eligible_for_shift_screen
8403,34818,8P66,True,True,True,False,False,False,False,eligible_for_shift_screen
8404,34822,8P7G,True,True,True,False,False,False,False,eligible_for_shift_screen
8405,34825,8PBV,True,True,True,False,False,False,False,eligible_for_shift_screen
8406,34826,8PEK,True,True,True,False,False,False,False,eligible_for_shift_screen
8407,34827,8PI0,True,True,True,False,False,False,False,eligible_for_shift_screen
8408,34828,8PIY,True,True,True,False,False,False,False,eligible_for_shift_screen
8409,34831,8POI,True,True,True,False,False,False,False,eligible_for_shift_screen
8410,34832,8PSB,True,True,True,False,False,False,False,eligible_for_shift_screen
8411,34833,8PSC,True,True,True,False,False,False,False,eligible_for_shift_screen
8412,34834,8PSE,True,True,True,False,False,False,False,eligible_for_shift_screen
8413,34835,8PSI,True,True,True,False,False,False,False,eligible_for_shift_screen
8414,34836,8PWR,True,True,True,False,False,False,False,eligible_for_shift_screen
8415,34837,8PWT,True,True,True,False,False,False,False,eligible_for_shift_screen
8416,34838,8PXS,True,True,True,False,False,False,False,eligible_for_shift_screen
8417,34839,8PXW,True,True,True,False,False,False,False,eligible_for_shift_screen
8418,34840,8PXX,True,True,True,False,False,False,False,eligible_for_shift_screen
8419,34841,8Q1L,True,True,True,False,False,False,False,eligible_for_shift_screen
8420,34843,8Q4O,True,True,True,False,False,False,False,eligible_for_shift_screen
8421,34844,8Q5B,True,True,True,False,False,False,False,eligible_for_shift_screen
8422,34845,8Q5Q,True,True,True,False,False,False,False,eligible_for_shift_screen
8423,34846,8Q7J,True,True,True,False,False,False,False,eligible_for_shift_screen
8424,34847,8QAJ,True,True,True,False,False,False,False,eligible_for_shift_screen
8425,34848,8QAQ,True,True,True,False,False,False,False,eligible_for_shift_screen
8426,34849,8QAS,True,True,True,False,False,False,False,eligible_for_shift_screen
8427,34850,8QBP,True,True,True,False,False,False,False,eligible_for_shift_screen
8428,34851,8QDK,True,True,True,False,False,False,False,eligible_for_shift_screen
8429,34852,8QDN,True,True,True,False,False,False,False,eligible_for_shift_screen
8430,34853,8QDP,True,True,True,False,False,False,False,eligible_for_shift_screen
8431,34854,8QDS,True,True,True,False,False,False,False,eligible_for_shift_screen
8432,34855,8QDT,True,True,True,False,False,False,False,eligible_for_shift_screen
8433,34856,8QDU,True,True,True,False,False,False,False,eligible_for_shift_screen
8434,34857,8QDW,True,True,True,False,False,False,False,eligible_for_shift_screen
8435,34858,8QE4,True,True,True,False,False,False,False,eligible_for_shift_screen
8436,34859,8QE6,True,True,True,False,False,False,False,eligible_for_shift_screen
8437,34860,8QE7,True,True,True,False,False,False,False,eligible_for_shift_screen
8438,34861,8QEI,True,True,True,False,False,False,False,eligible_for_shift_screen
8439,34862,8QEJ,True,True,True,False,False,False,False,eligible_for_shift_screen
8440,34863,8QKX,True,True,True,False,False,False,False,eligible_for_shift_screen
8441,34864,8QNJ,True,True,True,False,False,False,False,eligible_for_shift_screen
8442,34865,8QNT,True,True,True,False,False,False,False,eligible_for_shift_screen
8443,34866,8QNV,True,True,True,False,False,False,False,eligible_for_shift_screen
8444,34867,8QOR,True,True,True,False,False,False,False,eligible_for_shift_screen
8445,34868,8QPY,True,True,True,False,False,False,False,eligible_for_shift_screen
8446,34869,8QRX,True,True,True,False,False,False,False,eligible_for_shift_screen
8447,34870,8QSX,True,True,True,False,False,False,False,eligible_for_shift_screen
8448,34872,8QWQ,True,True,True,False,False,False,False,eligible_for_shift_screen
8449,34874,8R1X,True,True,True,False,False,False,False,eligible_for_shift_screen
8450,34876,8R4E,True,True,True,False,False,False,False,eligible_for_shift_screen
8451,34877,8R4W,True,True,True,False,False,False,False,eligible_for_shift_screen
8452,34878,8R62,True,True,True,False,False,False,False,eligible_for_shift_screen
8453,34879,8R63,True,True,True,False,False,False,False,eligible_for_shift_screen
8454,34880,8R6D,True,True,True,False,False,False,False,eligible_for_shift_screen
8455,34881,8R6G,True,True,True,False,False,False,False,eligible_for_shift_screen
8456,34882,8R6H,True,True,True,False,False,False,False,eligible_for_shift_screen
8457,34883,8R6T,True,True,True,False,False,False,False,eligible_for_shift_screen
8458,34884,8R89,True,True,True,False,False,False,False,eligible_for_shift_screen
8459,34885,8R8P,True,True,True,False,False,False,False,eligible_for_shift_screen
8460,34886,8RAJ,True,True,True,False,False,False,False,eligible_for_shift_screen
8461,34887,8RD6,True,True,True,False,False,False,False,eligible_for_shift_screen
8462,34888,8RHM,True,True,True,False,False,False,False,eligible_for_shift_screen
8463,34889,8RJX,True,True,True,False,False,False,False,eligible_for_shift_screen
8464,34890,8RLZ,True,True,True,False,False,False,False,eligible_for_shift_screen
8465,34891,8RP9,True,True,True,False,False,False,False,eligible_for_shift_screen
8466,34892,8RPQ,True,True,True,False,False,False,False,eligible_for_shift_screen
8467,34893,8RQ6,True,True,True,False,False,False,False,eligible_for_shift_screen
8468,34894,8RSW,True,True,True,False,False,False,False,eligible_for_shift_screen
8469,34895,8RW2,True,True,True,False,False,False,False,eligible_for_shift_screen
8470,34898,8RZX,True,True,True,False,False,False,False,eligible_for_shift_screen
8471,34899,8S03,True,True,True,False,False,False,False,eligible_for_shift_screen
8472,34900,8S1W,True,True,True,False,False,False,False,eligible_for_shift_screen
8473,34901,8S2A,True,True,True,False,False,False,False,eligible_for_shift_screen
8474,34902,8S2B,True,True,True,False,False,False,False,eligible_for_shift_screen
8475,34903,8S2C,True,True,True,False,False,False,False,eligible_for_shift_screen
8476,34904,8S2D,True,True,True,False,False,False,False,eligible_for_shift_screen
8477,34905,8S4L,True,True,True,False,False,False,False,eligible_for_shift_screen
8478,34906,8S4N,True,True,True,False,False,False,False,eligible_for_shift_screen
8479,34907,8S8N,True,True,True,False,False,False,False,eligible_for_shift_screen
8480,34908,8S8O,True,True,True,False,False,False,False,eligible_for_shift_screen
8481,34909,9EOW,True,True,True,False,False,False,False,eligible_for_shift_screen
8482,34910,9EP9,True,True,True,False,False,False,False,eligible_for_shift_screen
8483,34911,9EPS,True,True,True,False,False,False,False,eligible_for_shift_screen
8484,34912,9EUM,True,True,True,False,False,False,False,eligible_for_shift_screen
8485,34913,9F27,True,True,True,False,False,False,False,eligible_for_shift_screen
8486,34914,9F3D,True,True,True,False,False,False,False,eligible_for_shift_screen
8487,34915,9F3E,True,True,True,False,False,False,False,eligible_for_shift_screen
8488,34916,9F4C,True,True,True,False,False,False,False,eligible_for_shift_screen
8489,34918,9FLA,True,True,True,False,False,False,False,eligible_for_shift_screen
8490,34919,9FM4,True,True,True,False,False,False,False,eligible_for_shift_screen
8491,34920,9FP9,True,True,True,False,False,False,False,eligible_for_shift_screen
8492,34921,9FRQ,True,True,True,False,False,False,False,eligible_for_shift_screen
8493,34922,9FSI,True,True,True,False,False,False,False,eligible_for_shift_screen
8494,34925,9FU8,True,True,True,False,False,False,False,eligible_for_shift_screen
8495,34926,9FZM,True,True,True,False,False,False,False,eligible_for_shift_screen
8496,34927,9G0M,True,True,True,False,False,False,False,eligible_for_shift_screen
8497,34928,9G0N,True,True,True,False,False,False,False,eligible_for_shift_screen
8498,34929,9G1W,True,True,True,False,False,False,False,eligible_for_shift_screen
8499,34930,9G20,True,True,True,False,False,False,False,eligible_for_shift_screen
8500,34931,9G21,True,True,True,False,False,False,False,eligible_for_shift_screen
8501,34932,9G22,True,True,True,False,False,False,False,eligible_for_shift_screen
8502,34933,9G2N,True,True,True,False,False,False,False,eligible_for_shift_screen
8503,34934,9G2O,True,True,True,False,False,False,False,eligible_for_shift_screen
8504,34935,9G31,True,True,True,False,False,False,False,eligible_for_shift_screen
8505,34936,9G32,True,True,True,False,False,False,False,eligible_for_shift_screen
8506,34937,9G5P,True,True,True,False,False,False,False,eligible_for_shift_screen
8507,34939,9G8E,True,True,True,False,False,False,False,eligible_for_shift_screen
8508,34940,9GAG,True,True,True,False,False,False,False,eligible_for_shift_screen
8509,34941,9GDL,True,True,True,False,False,False,False,eligible_for_shift_screen
8510,34942,9GDM,True,True,True,False,False,False,False,eligible_for_shift_screen
8511,34943,9GDN,True,True,True,False,False,False,False,eligible_for_shift_screen
8512,34944,9GDT,True,True,True,False,False,False,False,eligible_for_shift_screen
8513,34945,9GDU,True,True,True,False,False,False,False,eligible_for_shift_screen
8514,34946,9GDW,True,True,True,False,False,False,False,eligible_for_shift_screen
8515,34949,9GE1,True,True,True,False,False,False,False,eligible_for_shift_screen
8516,34950,9GE9,True,True,True,False,False,False,False,eligible_for_shift_screen
8517,34951,9GEB,True,True,True,False,False,False,False,eligible_for_shift_screen
8518,34952,9GEC,True,True,True,False,False,False,False,eligible_for_shift_screen
8519,34953,9GI8,True,True,True,False,False,False,False,eligible_for_shift_screen
8520,34956,9GRK,True,True,True,False,False,False,False,eligible_for_shift_screen
8521,34957,9GRL,True,True,True,False,False,False,False,eligible_for_shift_screen
8522,34958,9GRM,True,True,True,False,False,False,False,eligible_for_shift_screen
8523,34959,9GSA,True,True,True,False,False,False,False,eligible_for_shift_screen
8524,34960,9GVI,True,True,True,False,False,False,False,eligible_for_shift_screen
8525,34961,9GVV,True,True,True,False,False,False,False,eligible_for_shift_screen
8526,34962,9GW6,True,True,True,False,False,False,False,eligible_for_shift_screen
8527,34963,9GWD,True,True,True,False,False,False,False,eligible_for_shift_screen
8528,34965,9H75,True,True,True,False,False,False,False,eligible_for_shift_screen
8529,34966,9HHO,True,True,True,False,False,False,False,eligible_for_shift_screen
8530,34968,9HKR,True,True,True,False,False,False,False,eligible_for_shift_screen
8531,34969,9HM8,True,True,True,False,False,False,False,eligible_for_shift_screen
8532,34970,9HNJ,True,True,True,False,False,False,False,eligible_for_shift_screen
8533,34971,9HR9,True,True,True,False,False,False,False,eligible_for_shift_screen
8534,34972,9HRO,True,True,True,False,False,False,False,eligible_for_shift_screen
8535,34975,9HXS,True,True,True,False,False,False,False,eligible_for_shift_screen
8536,34977,9I38,True,True,True,False,False,False,False,eligible_for_shift_screen
8537,34978,9I5S,True,True,True,False,False,False,False,eligible_for_shift_screen
8538,34979,9IA7,True,True,True,False,False,False,False,eligible_for_shift_screen
8539,34980,9IBI,True,True,True,False,False,False,False,eligible_for_shift_screen
8540,34981,9IBK,True,True,True,False,False,False,False,eligible_for_shift_screen
8541,34982,9IEW,True,True,True,False,False,False,False,eligible_for_shift_screen
8542,34983,9Q8T,True,True,True,False,False,False,False,eligible_for_shift_screen
8543,34984,9QAL,True,True,True,False,False,False,False,eligible_for_shift_screen
8544,34986,9QLM,True,True,True,False,False,False,False,eligible_for_shift_screen
8545,34988,9QPF,True,True,True,False,False,False,False,eligible_for_shift_screen
8546,34989,9QSB,True,True,True,False,False,False,False,eligible_for_shift_screen
8547,34990,9QUX,True,True,True,False,False,False,False,eligible_for_shift_screen
8548,34991,9QZJ,True,True,True,False,False,False,False,eligible_for_shift_screen
8549,34992,9R3Y,True,True,True,False,False,False,False,eligible_for_shift_screen
8550,34993,9R4V,True,True,True,False,False,False,False,eligible_for_shift_screen
8551,34994,9R4W,True,True,True,False,False,False,False,eligible_for_shift_screen
8552,34996,9RB5,True,True,True,False,False,False,False,eligible_for_shift_screen
8553,34997,9RCA,True,True,True,False,False,False,False,eligible_for_shift_screen
8554,34998,9RHK,True,True,True,False,False,False,False,eligible_for_shift_screen
8555,34999,9RKK,True,True,True,False,False,False,False,eligible_for_shift_screen
8556,35000,9RKL,True,True,True,False,False,False,False,eligible_for_shift_screen
8557,35001,9RLN,True,True,True,False,False,False,False,eligible_for_shift_screen
8558,35002,9RME,True,True,True,False,False,False,False,eligible_for_shift_screen
8559,35003,9RO6,True,True,True,False,False,False,False,eligible_for_shift_screen
8560,35006,9RRR,True,True,True,False,False,False,False,eligible_for_shift_screen
8561,35007,9RTJ,True,True,True,False,False,False,False,eligible_for_shift_screen
8562,35008,9RV3,True,True,True,False,False,False,False,eligible_for_shift_screen
8563,35009,9S5G,True,True,True,False,False,False,False,eligible_for_shift_screen
8564,35010,9S6I,True,True,True,False,False,False,False,eligible_for_shift_screen
8565,35011,9S6Z,True,True,True,False,False,False,False,eligible_for_shift_screen
8566,35012,9S9X,True,True,True,False,False,False,False,eligible_for_shift_screen
8567,35014,9SGW,True,True,True,False,False,False,False,eligible_for_shift_screen
8568,35015,9SGX,True,True,True,False,False,False,False,eligible_for_shift_screen
8569,35018,9SQC,True,True,True,False,False,False,False,eligible_for_shift_screen
8570,35020,9SY8,True,True,True,False,False,False,False,eligible_for_shift_screen
8571,35020,9SYC,True,True,True,False,False,False,False,eligible_for_shift_screen
8572,35021,9SYD,True,True,True,False,False,False,False,eligible_for_shift_screen
8573,35022,9SYE,True,True,True,False,False,False,False,eligible_for_shift_screen
8574,35023,9SYF,True,True,True,False,False,False,False,eligible_for_shift_screen
8575,35024,9T02,True,True,True,False,False,False,False,eligible_for_shift_screen
8576,35025,9T3O,True,True,True,False,False,False,False,eligible_for_shift_screen
8577,35027,9TNQ,True,True,True,False,False,False,False,eligible_for_shift_screen
8578,35028,9TNR,True,True,True,False,False,False,False,eligible_for_shift_screen
8579,35032,9U2V,True,True,True,False,False,False,False,eligible_for_shift_screen
8580,35048,30IB,True,True,True,False,False,False,False,eligible_for_shift_screen
8581,35053,30SC,True,True,True,False,False,False,False,eligible_for_shift_screen
8582,36000,5B7A,True,True,True,False,False,False,False,eligible_for_shift_screen
8583,36001,5B7J,True,True,True,False,False,False,False,eligible_for_shift_screen
8584,36002,5B7X,True,True,True,False,False,False,False,eligible_for_shift_screen
8585,36003,5B81,True,True,True,False,False,False,False,eligible_for_shift_screen
8586,36004,5B88,True,True,True,False,False,False,False,eligible_for_shift_screen
8587,36005,5GGM,True,True,True,False,False,False,False,eligible_for_shift_screen
8588,36006,5GHB,True,True,True,False,False,False,False,eligible_for_shift_screen
8589,36007,5GHC,True,True,True,False,False,False,False,eligible_for_shift_screen
8590,36008,5GHD,True,True,True,False,False,False,False,eligible_for_shift_screen
8591,36009,5GIW,True,True,True,False,False,False,False,eligible_for_shift_screen
8592,36011,5GJL,True,True,True,False,False,False,False,eligible_for_shift_screen
8593,36012,5GO0,True,True,True,False,False,False,False,eligible_for_shift_screen
8594,36013,5GOW,True,True,True,False,False,False,False,eligible_for_shift_screen
8595,36014,5GPH,True,True,True,False,False,False,False,eligible_for_shift_screen
8596,36016,5GSF,True,True,True,False,False,False,False,eligible_for_shift_screen
8597,36017,5GVO,True,True,True,False,False,False,False,eligible_for_shift_screen
8598,36018,5GVQ,True,True,True,False,False,False,False,eligible_for_shift_screen
8599,36019,5GWG,True,True,True,False,False,False,False,eligible_for_shift_screen
8600,36020,5GWL,True,True,True,False,False,False,False,eligible_for_shift_screen
8601,36021,5GWM,True,True,True,False,False,False,False,eligible_for_shift_screen
8602,36022,5GWQ,True,True,True,False,False,False,False,eligible_for_shift_screen
8603,36023,5H1H,True,True,True,False,False,False,False,eligible_for_shift_screen
8604,36024,5H1I,True,True,True,False,False,False,False,eligible_for_shift_screen
8605,36025,5H2S,True,True,True,False,False,False,False,eligible_for_shift_screen
8606,36026,5H3M,True,True,True,False,False,False,False,eligible_for_shift_screen
8607,36027,5H3N,True,True,True,False,False,False,False,eligible_for_shift_screen
8608,36034,5H7U,True,True,True,False,False,False,False,eligible_for_shift_screen
8609,36037,5WQZ,True,True,True,False,False,False,False,eligible_for_shift_screen
8610,36038,5WRX,True,True,True,False,False,False,False,eligible_for_shift_screen
8611,36040,5WUZ,True,True,True,False,False,False,False,eligible_for_shift_screen
8612,36041,5WXE,True,True,True,False,False,False,False,eligible_for_shift_screen
8613,36044,5WYE,True,True,True,False,False,False,False,eligible_for_shift_screen
8614,36045,5WYO,True,True,True,False,False,False,False,eligible_for_shift_screen
8615,36047,5X0S,True,True,True,False,False,False,False,eligible_for_shift_screen
8616,36048,5X1X,True,True,True,False,False,False,False,eligible_for_shift_screen
8617,36049,5X29,True,True,True,False,False,False,False,eligible_for_shift_screen
8618,36050,5X34,True,True,True,False,False,False,False,eligible_for_shift_screen
8619,36051,5X35,True,True,True,False,False,False,False,eligible_for_shift_screen
8620,36052,5X36,True,True,True,False,False,False,False,eligible_for_shift_screen
8621,36053,5X37,True,True,True,False,False,False,False,eligible_for_shift_screen
8622,36054,5X38,True,True,True,False,False,False,False,eligible_for_shift_screen
8623,36055,5X39,True,True,True,False,False,False,False,eligible_for_shift_screen
8624,36056,5X3C,True,True,True,False,False,False,False,eligible_for_shift_screen
8625,36057,5X3L,True,True,True,False,False,False,False,eligible_for_shift_screen
8626,36058,5X3Y,True,True,True,False,False,False,False,eligible_for_shift_screen
8627,36059,5X3Z,True,True,True,False,False,False,False,eligible_for_shift_screen
8628,36060,5X4F,True,True,True,False,False,False,False,eligible_for_shift_screen
8629,36061,5X5S,True,True,True,False,False,False,False,eligible_for_shift_screen
8630,36062,5X6T,True,True,True,False,False,False,False,eligible_for_shift_screen
8631,36064,5X9X,True,True,True,False,False,False,False,eligible_for_shift_screen
8632,36066,5XBD,True,True,True,False,False,False,False,eligible_for_shift_screen
8633,36068,5XDI,True,True,True,False,False,False,False,eligible_for_shift_screen
8634,36069,5XDJ,True,True,True,False,False,False,False,eligible_for_shift_screen
8635,36070,5XE4,True,True,True,False,False,False,False,eligible_for_shift_screen
8636,36071,5XEE,True,True,True,False,False,False,False,eligible_for_shift_screen
8637,36072,5XEK,True,True,True,False,False,False,False,eligible_for_shift_screen
8638,36073,5XER,True,True,True,False,False,False,False,eligible_for_shift_screen
8639,36074,5XES,True,True,True,False,False,False,False,eligible_for_shift_screen
8640,36075,5XHT,True,True,True,False,False,False,False,eligible_for_shift_screen
8641,36077,5XI9,True,True,True,False,False,False,False,eligible_for_shift_screen
8642,36078,5XIR,True,True,True,False,False,False,False,eligible_for_shift_screen
8643,36079,5XIV,True,True,True,False,False,False,False,eligible_for_shift_screen
8644,36080,5XJK,True,True,True,False,False,False,False,eligible_for_shift_screen
8645,36081,5XK4,True,True,True,False,False,False,False,eligible_for_shift_screen
8646,36082,5XK5,True,True,True,False,False,False,False,eligible_for_shift_screen
8647,36083,5XM4,True,True,True,False,False,False,False,eligible_for_shift_screen
8648,36084,5XME,True,True,True,False,False,False,False,eligible_for_shift_screen
8649,36085,5XN4,True,True,True,False,False,False,False,eligible_for_shift_screen
8650,36086,5XND,True,True,True,False,False,False,False,eligible_for_shift_screen
8651,36087,5XNG,True,True,True,False,False,False,False,eligible_for_shift_screen
8652,36096,5XQM,True,True,True,False,False,False,False,eligible_for_shift_screen
8653,36097,5XR1,True,True,True,False,False,False,False,eligible_for_shift_screen
8654,36098,5XRX,True,True,True,False,False,False,False,eligible_for_shift_screen
8655,36101,5XV8,True,True,True,False,False,False,False,eligible_for_shift_screen
8656,36102,5XV9,True,True,True,False,False,False,False,eligible_for_shift_screen
8657,36103,5XZK,True,True,True,False,False,False,False,eligible_for_shift_screen
8658,36105,5Y0H,True,True,True,False,False,False,False,eligible_for_shift_screen
8659,36106,5Y0I,True,True,True,False,False,False,False,eligible_for_shift_screen
8660,36107,5Y0J,True,True,True,False,False,False,False,eligible_for_shift_screen
8661,36109,5Y22,True,True,True,False,False,False,False,eligible_for_shift_screen
8662,36110,5Y3U,True,True,True,False,False,False,False,eligible_for_shift_screen
8663,36111,5Y4B,True,True,True,False,False,False,False,eligible_for_shift_screen
8664,36112,5Y70,True,True,True,False,False,False,False,eligible_for_shift_screen
8665,36114,5YDX,True,True,True,False,False,False,False,eligible_for_shift_screen
8666,36115,5YDY,True,True,True,False,False,False,False,eligible_for_shift_screen
8667,36116,5YEY,True,True,True,False,False,False,False,eligible_for_shift_screen
8668,36117,5YFG,True,True,True,False,False,False,False,eligible_for_shift_screen
8669,36119,5YI4,True,True,True,False,False,False,False,eligible_for_shift_screen
8670,36122,5YJ4,True,True,True,False,False,False,False,eligible_for_shift_screen
8671,36123,5YJ5,True,True,True,False,False,False,False,eligible_for_shift_screen
8672,36124,5YKK,True,True,True,False,False,False,False,eligible_for_shift_screen
8673,36125,5YKL,True,True,True,False,False,False,False,eligible_for_shift_screen
8674,36126,5YKQ,True,True,True,False,False,False,False,eligible_for_shift_screen
8675,36129,5YQ3,True,True,True,False,False,False,False,eligible_for_shift_screen
8676,36133,6IJQ,True,True,True,False,False,False,False,eligible_for_shift_screen
8677,36136,5YXI,True,True,True,False,False,False,False,eligible_for_shift_screen
8678,36142,5YZ6,True,True,True,False,False,False,False,eligible_for_shift_screen
8679,36143,5YZ9,True,True,True,False,False,False,False,eligible_for_shift_screen
8680,36146,5Z1Y,True,True,True,False,False,False,False,eligible_for_shift_screen
8681,36147,5Z26,True,True,True,False,False,False,False,eligible_for_shift_screen
8682,36148,5Z2O,True,True,True,False,False,False,False,eligible_for_shift_screen
8683,36149,5Z31,True,True,True,False,False,False,False,eligible_for_shift_screen
8684,36150,5Z32,True,True,True,False,False,False,False,eligible_for_shift_screen
8685,36151,5Z36,True,True,True,False,False,False,False,eligible_for_shift_screen
8686,36153,5Z4B,True,True,True,False,False,False,False,eligible_for_shift_screen
8687,36154,5Z4E,True,True,True,False,False,False,False,eligible_for_shift_screen
8688,36157,5Z5Q,True,True,True,False,False,False,False,eligible_for_shift_screen
8689,36158,5Z5R,True,True,True,False,False,False,False,eligible_for_shift_screen
8690,36159,5Z80,True,True,True,False,False,False,False,eligible_for_shift_screen
8691,36160,5Z8F,True,True,True,False,False,False,False,eligible_for_shift_screen
8692,36161,5Z8I,True,True,True,False,False,False,False,eligible_for_shift_screen
8693,36162,5Z8Q,True,True,True,False,False,False,False,eligible_for_shift_screen
8694,36163,5Z9C,True,True,True,False,False,False,False,eligible_for_shift_screen
8695,36165,5ZAZ,True,True,True,False,False,False,False,eligible_for_shift_screen
8696,36166,5ZC6,True,True,True,False,False,False,False,eligible_for_shift_screen
8697,36167,5ZCN,True,True,True,False,False,False,False,eligible_for_shift_screen
8698,36168,5ZEV,True,True,True,False,False,False,False,eligible_for_shift_screen
8699,36171,5ZFO,True,True,True,False,False,False,False,eligible_for_shift_screen
8700,36172,5ZGG,True,True,True,False,False,False,False,eligible_for_shift_screen
8701,36174,5ZLD,True,True,True,False,False,False,False,eligible_for_shift_screen
8702,36175,5ZMB,True,True,True,False,False,False,False,eligible_for_shift_screen
8703,36176,5ZMR,True,True,True,False,False,False,False,eligible_for_shift_screen
8704,36177,5ZNU,True,True,True,False,False,False,False,eligible_for_shift_screen
8705,36179,5ZOR,True,True,True,False,False,False,False,eligible_for_shift_screen
8706,36180,5ZPV,True,True,True,False,False,False,False,eligible_for_shift_screen
8707,36181,5ZR0,True,True,True,False,False,False,False,eligible_for_shift_screen
8708,36185,5ZUH,True,True,True,False,False,False,False,eligible_for_shift_screen
8709,36186,5ZUX,True,True,True,False,False,False,False,eligible_for_shift_screen
8710,36187,5ZUZ,True,True,True,False,False,False,False,eligible_for_shift_screen
8711,36189,5ZVF,True,True,True,False,False,False,False,eligible_for_shift_screen
8712,36190,5ZVN,True,True,True,False,False,False,False,eligible_for_shift_screen
8713,36200,6A8Y,True,True,True,False,False,False,False,eligible_for_shift_screen
8714,36201,6AAB,True,True,True,False,False,False,False,eligible_for_shift_screen
8715,36202,6AAS,True,True,True,False,False,False,False,eligible_for_shift_screen
8716,36203,6AC7,True,True,True,False,False,False,False,eligible_for_shift_screen
8717,36204,6ACV,True,True,True,False,False,False,False,eligible_for_shift_screen
8718,36205,6AFQ,True,True,True,False,False,False,False,eligible_for_shift_screen
8719,36207,6AHZ,True,True,True,False,False,False,False,eligible_for_shift_screen
8720,36213,6IMG,True,True,True,False,False,False,False,eligible_for_shift_screen
8721,36214,6IMH,True,True,True,False,False,False,False,eligible_for_shift_screen
8722,36220,6IVS,True,True,True,False,False,False,False,eligible_for_shift_screen
8723,36221,6IVU,True,True,True,False,False,False,False,eligible_for_shift_screen
8724,36226,6IZG,True,True,True,False,False,False,False,eligible_for_shift_screen
8725,36228,6J12,True,True,True,False,False,False,False,eligible_for_shift_screen
8726,36229,6J2W,True,True,True,False,False,False,False,eligible_for_shift_screen
8727,36243,6JPD,True,True,True,False,False,False,False,eligible_for_shift_screen
8728,36244,6JPP,True,True,True,False,False,False,False,eligible_for_shift_screen
8729,36250,6K2I,True,True,True,False,False,False,False,eligible_for_shift_screen
8730,36251,6K2K,True,True,True,False,False,False,False,eligible_for_shift_screen
8731,36258,6K59,True,True,True,False,False,False,False,eligible_for_shift_screen
8732,36259,6K5R,True,True,True,False,False,False,False,eligible_for_shift_screen
8733,36260,6K5T,True,True,True,False,False,False,False,eligible_for_shift_screen
8734,36261,6K5W,True,True,True,False,False,False,False,eligible_for_shift_screen
8735,36263,6K84,True,True,True,False,False,False,False,eligible_for_shift_screen
8736,36264,6K8Q,True,True,True,False,False,False,False,eligible_for_shift_screen
8737,36265,6KBO,True,True,True,False,False,False,False,eligible_for_shift_screen
8738,36266,6KBV,True,True,True,False,False,False,False,eligible_for_shift_screen
8739,36267,6KFI,True,True,True,False,False,False,False,eligible_for_shift_screen
8740,36268,6KFJ,True,True,True,False,False,False,False,eligible_for_shift_screen
8741,36269,6KH8,True,True,True,False,False,False,False,eligible_for_shift_screen
8742,36270,6KH9,True,True,True,False,False,False,False,eligible_for_shift_screen
8743,36271,6KHA,True,True,True,False,False,False,False,eligible_for_shift_screen
8744,36272,6KHV,True,True,True,False,False,False,False,eligible_for_shift_screen
8745,36273,6KLM,True,True,True,False,False,False,False,eligible_for_shift_screen
8746,36274,6KMY,True,True,True,False,False,False,False,eligible_for_shift_screen
8747,36275,6KN2,True,True,True,False,False,False,False,eligible_for_shift_screen
8748,36276,6KN3,True,True,True,False,False,False,False,eligible_for_shift_screen
8749,36279,6KNO,True,True,True,False,False,False,False,eligible_for_shift_screen
8750,36280,6KNP,True,True,True,False,False,False,False,eligible_for_shift_screen
8751,36284,6KR8,True,True,True,False,False,False,False,eligible_for_shift_screen
8752,36293,6L8R,True,True,True,False,False,False,False,eligible_for_shift_screen
8753,36294,6L8V,True,True,True,False,False,False,False,eligible_for_shift_screen
8754,36297,6L99,True,True,True,False,False,False,False,eligible_for_shift_screen
8755,36299,6LAG,True,True,True,False,False,False,False,eligible_for_shift_screen
8756,36305,6LLQ,True,True,True,False,False,False,False,eligible_for_shift_screen
8757,36309,6LQZ,True,True,True,False,False,False,False,eligible_for_shift_screen
8758,36310,6LR2,True,True,True,False,False,False,False,eligible_for_shift_screen
8759,36312,6LUL,True,True,True,False,False,False,False,eligible_for_shift_screen
8760,36316,6M0Y,True,True,True,False,False,False,False,eligible_for_shift_screen
8761,36317,6M19,True,True,True,False,False,False,False,eligible_for_shift_screen
8762,36320,6M3N,True,True,True,False,False,False,False,eligible_for_shift_screen
8763,36321,6M56,True,True,True,False,False,False,False,eligible_for_shift_screen
8764,36322,6M5C,True,True,True,False,False,False,False,eligible_for_shift_screen
8765,36323,6M6E,True,True,True,False,False,False,False,eligible_for_shift_screen
8766,36324,6M6F,True,True,True,False,False,False,False,eligible_for_shift_screen
8767,36326,6M6K,True,True,True,False,False,False,False,eligible_for_shift_screen
8768,36327,7BPL,True,True,True,False,False,False,False,eligible_for_shift_screen
8769,36328,7BPM,True,True,True,False,False,False,False,eligible_for_shift_screen
8770,36329,7BPN,True,True,True,False,False,False,False,eligible_for_shift_screen
8771,36330,7BPP,True,True,True,False,False,False,False,eligible_for_shift_screen
8772,36331,7BQB,True,True,True,False,False,False,False,eligible_for_shift_screen
8773,36332,7BQC,True,True,True,False,False,False,False,eligible_for_shift_screen
8774,36333,7BQD,True,True,True,False,False,False,False,eligible_for_shift_screen
8775,36334,7BQE,True,True,True,False,False,False,False,eligible_for_shift_screen
8776,36335,7BQM,True,True,True,False,False,False,False,eligible_for_shift_screen
8777,36336,7BQN,True,True,True,False,False,False,False,eligible_for_shift_screen
8778,36337,7BQQ,True,True,True,False,False,False,False,eligible_for_shift_screen
8779,36338,7BQR,True,True,True,False,False,False,False,eligible_for_shift_screen
8780,36339,7BQS,True,True,True,False,False,False,False,eligible_for_shift_screen
8781,36340,7BUL,True,True,True,False,False,False,False,eligible_for_shift_screen
8782,36341,7BUT,True,True,True,False,False,False,False,eligible_for_shift_screen
8783,36342,7BV9,True,True,True,False,False,False,False,eligible_for_shift_screen
8784,36343,7BW5,True,True,True,False,False,False,False,eligible_for_shift_screen
8785,36345,7BWI,True,True,True,False,False,False,False,eligible_for_shift_screen
8786,36347,7BX2,True,True,True,False,False,False,False,eligible_for_shift_screen
8787,36348,7BZ7,True,True,True,False,False,False,False,eligible_for_shift_screen
8788,36349,7BZ8,True,True,True,False,False,False,False,eligible_for_shift_screen
8789,36350,7BZ9,True,True,True,False,False,False,False,eligible_for_shift_screen
8790,36351,7BZA,True,True,True,False,False,False,False,eligible_for_shift_screen
8791,36352,7BZH,True,True,True,False,False,False,False,eligible_for_shift_screen
8792,36353,7C1M,True,True,True,False,False,False,False,eligible_for_shift_screen
8793,36358,7CG1,True,True,True,False,False,False,False,eligible_for_shift_screen
8794,36359,7CJV,True,True,True,False,False,False,False,eligible_for_shift_screen
8795,36360,7CJW,True,True,True,False,False,False,False,eligible_for_shift_screen
8796,36361,7CK5,True,True,True,False,False,False,False,eligible_for_shift_screen
8797,36362,7CKD,True,True,True,False,False,False,False,eligible_for_shift_screen
8798,36363,7CKE,True,True,True,False,False,False,False,eligible_for_shift_screen
8799,36368,7CQ1,True,True,True,False,False,False,False,eligible_for_shift_screen
8800,36374,7CV3,True,True,True,False,False,False,False,eligible_for_shift_screen
8801,36375,7CV4,True,True,True,False,False,False,False,eligible_for_shift_screen
8802,36378,7D0X,True,True,True,False,False,False,False,eligible_for_shift_screen
8803,36379,7D0Y,True,True,True,False,False,False,False,eligible_for_shift_screen
8804,36380,7D0Z,True,True,True,False,False,False,False,eligible_for_shift_screen
8805,36383,7D13,True,True,True,False,False,False,False,eligible_for_shift_screen
8806,36384,7D16,True,True,True,False,False,False,False,eligible_for_shift_screen
8807,36385,7D2O,True,True,True,False,False,False,False,eligible_for_shift_screen
8808,36386,7D37,True,True,True,False,False,False,False,eligible_for_shift_screen
8809,36390,7D5F,True,True,True,False,False,False,False,eligible_for_shift_screen
8810,36393,7DD4,True,True,True,False,False,False,False,eligible_for_shift_screen
8811,36395,7DFE,True,True,True,False,False,False,False,eligible_for_shift_screen
8812,36401,7DMD,True,True,True,False,False,False,False,eligible_for_shift_screen
8813,36402,7DME,True,True,True,False,False,False,False,eligible_for_shift_screen
8814,36403,7DOJ,True,True,True,False,False,False,False,eligible_for_shift_screen
8815,36404,7DTA,True,True,True,False,False,False,False,eligible_for_shift_screen
8816,36405,7DTH,True,True,True,False,False,False,False,eligible_for_shift_screen
8817,36406,7DTI,True,True,True,False,False,False,False,eligible_for_shift_screen
8818,36409,7E42,True,True,True,False,False,False,False,eligible_for_shift_screen
8819,36411,7E5P,True,True,True,False,False,False,False,eligible_for_shift_screen
8820,36412,7EAU,True,True,True,False,False,False,False,eligible_for_shift_screen
8821,36413,7EDK,True,True,True,False,False,False,False,eligible_for_shift_screen
8822,36414,7EES,True,True,True,False,False,False,False,eligible_for_shift_screen
8823,36417,7ELJ,True,True,True,False,False,False,False,eligible_for_shift_screen
8824,36418,7ELK,True,True,True,False,False,False,False,eligible_for_shift_screen
8825,36419,7ELY,True,True,True,False,False,False,False,eligible_for_shift_screen
8826,36420,7EN4,True,True,True,False,False,False,False,eligible_for_shift_screen
8827,36422,7EXY,True,True,True,False,False,False,False,eligible_for_shift_screen
8828,36425,7F32,True,True,True,False,False,False,False,eligible_for_shift_screen
8829,36426,7F7N,True,True,True,False,False,False,False,eligible_for_shift_screen
8830,36427,7F7X,True,True,True,False,False,False,False,eligible_for_shift_screen
8831,36430,7FBR,True,True,True,False,False,False,False,eligible_for_shift_screen
8832,36431,7FBV,True,True,True,False,False,False,False,eligible_for_shift_screen
8833,36434,7FHI,True,True,True,False,False,False,False,eligible_for_shift_screen
8834,36435,7FJ0,True,True,True,False,False,False,False,eligible_for_shift_screen
8835,36439,7V5F,True,True,True,False,False,False,False,eligible_for_shift_screen
8836,36445,7VH9,True,True,True,False,False,False,False,eligible_for_shift_screen
8837,36447,7VKV,True,True,True,False,False,False,False,eligible_for_shift_screen
8838,36450,7VQH,True,True,True,False,False,False,False,eligible_for_shift_screen
8839,36451,7VQI,True,True,True,False,False,False,False,eligible_for_shift_screen
8840,36452,7VRL,True,True,True,False,False,False,False,eligible_for_shift_screen
8841,36455,7W0V,True,True,True,False,False,False,False,eligible_for_shift_screen
8842,36457,7W8K,True,True,True,False,False,False,False,eligible_for_shift_screen
8843,36458,7W8O,True,True,True,False,False,False,False,eligible_for_shift_screen
8844,36459,7W8R,True,True,True,False,False,False,False,eligible_for_shift_screen
8845,36460,7W8T,True,True,True,False,False,False,False,eligible_for_shift_screen
8846,36461,7W8Z,True,True,True,False,False,False,False,eligible_for_shift_screen
8847,36462,7W96,True,True,True,False,False,False,False,eligible_for_shift_screen
8848,36464,7WBN,True,True,True,False,False,False,False,eligible_for_shift_screen
8849,36469,7WKF,True,True,True,False,False,False,False,eligible_for_shift_screen
8850,36471,7X31,True,True,True,False,False,False,False,eligible_for_shift_screen
8851,36473,7X5C,True,True,True,False,False,False,False,eligible_for_shift_screen
8852,36476,7X8N,True,True,True,False,False,False,False,eligible_for_shift_screen
8853,36483,7XGA,True,True,True,False,False,False,False,eligible_for_shift_screen
8854,36485,7XKZ,True,True,True,False,False,False,False,eligible_for_shift_screen
8855,36486,7XLN,True,True,True,False,False,False,False,eligible_for_shift_screen
8856,36489,7XRW,True,True,True,False,False,False,False,eligible_for_shift_screen
8857,36490,7XX8,True,True,True,False,False,False,False,eligible_for_shift_screen
8858,36491,7XX9,True,True,True,False,False,False,False,eligible_for_shift_screen
8859,36493,7Y4N,True,True,True,False,False,False,False,eligible_for_shift_screen
8860,36512,8H0G,True,True,True,False,False,False,False,eligible_for_shift_screen
8861,36513,8H0U,True,True,True,False,False,False,False,eligible_for_shift_screen
8862,36514,8H1D,True,True,True,False,False,False,False,eligible_for_shift_screen
8863,36515,8HEP,True,True,True,False,False,False,False,eligible_for_shift_screen
8864,36516,8HER,True,True,True,False,False,False,False,eligible_for_shift_screen
8865,36521,8HJC,True,True,True,False,False,False,False,eligible_for_shift_screen
8866,36522,8HJD,True,True,True,False,False,False,False,eligible_for_shift_screen
8867,36526,8HMW,True,True,True,False,False,False,False,eligible_for_shift_screen
8868,36527,8HPB,True,True,True,False,False,False,False,eligible_for_shift_screen
8869,36528,8HQB,True,True,True,False,False,False,False,eligible_for_shift_screen
8870,36532,8HTA,True,True,True,False,False,False,False,eligible_for_shift_screen
8871,36535,8HW9,True,True,True,False,False,False,False,eligible_for_shift_screen
8872,36542,8I43,True,True,True,False,False,False,False,eligible_for_shift_screen
8873,36544,8I45,True,True,True,False,False,False,False,eligible_for_shift_screen
8874,36545,8I46,True,True,True,False,False,False,False,eligible_for_shift_screen
8875,36546,8I53,True,True,True,False,False,False,False,eligible_for_shift_screen
8876,36548,8IEX,True,True,True,False,False,False,False,eligible_for_shift_screen
8877,36565,8J9A,True,True,True,False,False,False,False,eligible_for_shift_screen
8878,36569,8JHP,True,True,True,False,False,False,False,eligible_for_shift_screen
8879,36582,8K2T,True,True,True,False,False,False,False,eligible_for_shift_screen
8880,36583,8K3M,True,True,True,False,False,False,False,eligible_for_shift_screen
8881,36584,8K3N,True,True,True,False,False,False,False,eligible_for_shift_screen
8882,36587,8K8B,True,True,True,False,False,False,False,eligible_for_shift_screen
8883,36589,8KCQ,True,True,True,False,False,False,False,eligible_for_shift_screen
8884,36600,8WT5,True,True,True,False,False,False,False,eligible_for_shift_screen
8885,36612,8X1V,True,True,True,False,False,False,False,eligible_for_shift_screen
8886,36616,8X4F,True,True,True,False,False,False,False,eligible_for_shift_screen
8887,36619,8X8T,True,True,True,False,False,False,False,eligible_for_shift_screen
8888,36621,8XC7,True,True,True,False,False,False,False,eligible_for_shift_screen
8889,36623,8XEQ,True,True,True,False,False,False,False,eligible_for_shift_screen
8890,36625,8XGP,True,True,True,False,False,False,False,eligible_for_shift_screen
8891,36626,8XGW,True,True,True,False,False,False,False,eligible_for_shift_screen
8892,36627,8XIC,True,True,True,False,False,False,False,eligible_for_shift_screen
8893,36630,8XKJ,True,True,True,False,False,False,False,eligible_for_shift_screen
8894,36631,8XKK,True,True,True,False,False,False,False,eligible_for_shift_screen
8895,36633,8XLB,True,True,True,False,False,False,False,eligible_for_shift_screen
8896,36634,8XLC,True,True,True,False,False,False,False,eligible_for_shift_screen
8897,36640,8Y0F,True,True,True,False,False,False,False,eligible_for_shift_screen
8898,36641,8Y1I,True,True,True,False,False,False,False,eligible_for_shift_screen
8899,36651,8YG0,True,True,True,False,False,False,False,eligible_for_shift_screen
8900,36652,8YSY,True,True,True,False,False,False,False,eligible_for_shift_screen
8901,36654,8YZL,True,True,True,False,False,False,False,eligible_for_shift_screen
8902,36661,8Z5K,True,True,True,False,False,False,False,eligible_for_shift_screen
8903,36671,8ZU6,True,True,True,False,False,False,False,eligible_for_shift_screen
8904,36673,8ZVE,True,True,True,False,False,False,False,eligible_for_shift_screen
8905,36674,8ZW3,True,True,True,False,False,False,False,eligible_for_shift_screen
8906,36675,8ZXC,True,True,True,False,False,False,False,eligible_for_shift_screen
8907,36680,9IMY,True,True,True,False,False,False,False,eligible_for_shift_screen
8908,36681,9IO0,True,True,True,False,False,False,False,eligible_for_shift_screen
8909,36682,9IO1,True,True,True,False,False,False,False,eligible_for_shift_screen
8910,36683,9IO2,True,True,True,False,False,False,False,eligible_for_shift_screen
8911,36684,9IO3,True,True,True,False,False,False,False,eligible_for_shift_screen
8912,36685,9IOR,True,True,True,False,False,False,False,eligible_for_shift_screen
8913,36686,9IOS,True,True,True,False,False,False,False,eligible_for_shift_screen
8914,36687,9IOU,True,True,True,False,False,False,False,eligible_for_shift_screen
8915,36695,9JO1,True,True,True,False,False,False,False,eligible_for_shift_screen
8916,36696,9JO6,True,True,True,False,False,False,False,eligible_for_shift_screen
8917,36698,9JX5,True,True,True,False,False,False,False,eligible_for_shift_screen
8918,36699,9K8N,True,True,True,False,False,False,False,eligible_for_shift_screen
8919,36700,9KAD,True,True,True,False,False,False,False,eligible_for_shift_screen
8920,36702,9KAX,True,True,True,False,False,False,False,eligible_for_shift_screen
8921,36703,9KBA,True,True,True,False,False,False,False,eligible_for_shift_screen
8922,36715,9KRX,True,True,True,False,False,False,False,eligible_for_shift_screen
8923,36724,9LIB,True,True,True,False,False,False,False,eligible_for_shift_screen
8924,36728,9LO1,True,True,True,False,False,False,False,eligible_for_shift_screen
8925,36730,9LYH,True,True,True,False,False,False,False,eligible_for_shift_screen
8926,36731,9M1Y,True,True,True,False,False,False,False,eligible_for_shift_screen
8927,36732,9M27,True,True,True,False,False,False,False,eligible_for_shift_screen
8928,36733,9M2D,True,True,True,False,False,False,False,eligible_for_shift_screen
8929,36745,9U7M,True,True,True,False,False,False,False,eligible_for_shift_screen
8930,36746,9U83,True,True,True,False,False,False,False,eligible_for_shift_screen
8931,36747,9U89,True,True,True,False,False,False,False,eligible_for_shift_screen
8932,36748,9U9N,True,True,True,False,False,False,False,eligible_for_shift_screen
8933,36751,9UB0,True,True,True,False,False,False,False,eligible_for_shift_screen
8934,36752,9UKW,True,True,True,False,False,False,False,eligible_for_shift_screen
8935,36754,9UPS,True,True,True,False,False,False,False,eligible_for_shift_screen
8936,36756,9URO,True,True,True,False,False,False,False,eligible_for_shift_screen
8937,36759,9UV6,True,True,True,False,False,False,False,eligible_for_shift_screen
8938,36768,9VJL,True,True,True,False,False,False,False,eligible_for_shift_screen
8939,36770,9VQ1,True,True,True,False,False,False,False,eligible_for_shift_screen
8940,36771,9VR0,True,True,True,False,False,False,False,eligible_for_shift_screen
8941,36774,9VZW,True,True,True,False,False,False,False,eligible_for_shift_screen
8942,36775,9W4X,True,True,True,False,False,False,False,eligible_for_shift_screen
8943,36786,9WPR,True,True,True,False,False,False,False,eligible_for_shift_screen
8944,36787,9WPS,True,True,True,False,False,False,False,eligible_for_shift_screen
8945,36788,9WXK,True,True,True,False,False,False,False,eligible_for_shift_screen
8946,36795,9X6X,True,True,True,False,False,False,False,eligible_for_shift_screen
8947,36796,9X70,True,True,True,False,False,False,False,eligible_for_shift_screen
8948,36797,9X71,True,True,True,False,False,False,False,eligible_for_shift_screen
8949,36798,9X72,True,True,True,False,False,False,False,eligible_for_shift_screen
8950,36799,9X73,True,True,True,False,False,False,False,eligible_for_shift_screen
8951,36805,9XEA,True,True,True,False,False,False,False,eligible_for_shift_screen
8952,36816,21GE,True,True,True,False,False,False,False,eligible_for_shift_screen
8953,36817,21HJ,True,True,True,False,False,False,False,eligible_for_shift_screen
8954,50001,6SFT,True,True,True,False,False,False,False,eligible_for_shift_screen
8955,50007,6UCJ,True,True,True,False,False,False,False,eligible_for_shift_screen
8956,50007,6UCK,True,True,True,False,False,False,False,eligible_for_shift_screen
8957,50015,6YJ0,True,True,True,False,False,False,False,eligible_for_shift_screen
8958,50027,6T33,True,True,True,False,False,False,False,eligible_for_shift_screen
8959,50074,7UO6,True,True,True,False,False,False,False,eligible_for_shift_screen
8960,50088,6TKT,True,True,True,False,False,False,False,eligible_for_shift_screen
8961,50114,6YEL,True,True,True,False,False,False,False,eligible_for_shift_screen
8962,50117,7NIP,True,True,True,False,False,False,False,eligible_for_shift_screen
8963,50124,6Y0I,True,True,True,False,False,False,False,eligible_for_shift_screen
8964,50124,9HDI,True,True,True,False,False,False,False,eligible_for_shift_screen
8965,50135,7SWJ,True,True,True,False,False,False,False,eligible_for_shift_screen
8966,50167,6Z5N,True,True,True,False,False,False,False,eligible_for_shift_screen
8967,50185,6LKF,True,True,True,False,False,False,False,eligible_for_shift_screen
8968,50190,6YRR,True,True,True,False,False,False,False,eligible_for_shift_screen
8969,50202,6YFY,True,True,True,False,False,False,False,eligible_for_shift_screen
8970,50216,9RXE,True,True,True,False,False,False,False,eligible_for_shift_screen
8971,50218,6YI2,True,True,True,False,False,False,False,eligible_for_shift_screen
8972,50219,6YHZ,True,True,True,False,False,False,False,eligible_for_shift_screen
8973,50236,6WLH,True,True,True,False,False,False,False,eligible_for_shift_screen
8974,50263,6Z0G,True,True,True,False,False,False,False,eligible_for_shift_screen
8975,50264,6Z0H,True,True,True,False,False,False,False,eligible_for_shift_screen
8976,50265,6Z0I,True,True,True,False,False,False,False,eligible_for_shift_screen
8977,50268,6XB7,True,True,True,False,False,False,False,eligible_for_shift_screen
8978,50269,7JXG,True,True,True,False,False,False,False,eligible_for_shift_screen
8979,50304,8GDH,True,True,True,False,False,False,False,eligible_for_shift_screen
8980,50330,6XQC,True,True,True,False,False,False,False,eligible_for_shift_screen
8981,50331,6XMN,True,True,True,False,False,False,False,eligible_for_shift_screen
8982,50337,7LHQ,True,True,True,False,False,False,False,eligible_for_shift_screen
8983,50346,9FO9,True,True,True,False,False,False,False,eligible_for_shift_screen
8984,50347,8CQ1,True,True,True,False,False,False,False,eligible_for_shift_screen
8985,50411,7JK8,True,True,True,False,False,False,False,eligible_for_shift_screen
8986,50464,7K7X,True,True,True,False,False,False,False,eligible_for_shift_screen
8987,50507,7N45,True,True,True,False,False,False,False,eligible_for_shift_screen
8988,50517,7P2O,True,True,True,False,False,False,False,eligible_for_shift_screen
8989,50691,7PBH,True,True,True,False,False,False,False,eligible_for_shift_screen
8990,50711,7NKV,True,True,True,False,False,False,False,eligible_for_shift_screen
8991,50760,8CQ1,True,True,True,False,False,False,False,eligible_for_shift_screen
8992,50767,7NS1,True,True,True,False,False,False,False,eligible_for_shift_screen
8993,50778,7MPA,True,True,True,False,False,False,False,eligible_for_shift_screen
8994,50793,7NWJ,True,True,True,False,False,False,False,eligible_for_shift_screen
8995,50811,8QHH,True,True,True,False,False,False,False,eligible_for_shift_screen
8996,50811,8QHI,True,True,True,False,False,False,False,eligible_for_shift_screen
8997,50812,8QHH,True,True,True,False,False,False,False,eligible_for_shift_screen
8998,50812,8QHI,True,True,True,False,False,False,False,eligible_for_shift_screen
8999,50842,7MC1,True,True,True,False,False,False,False,eligible_for_shift_screen
9000,50842,7MC2,True,True,True,False,False,False,False,eligible_for_shift_screen
9001,50842,7MC3,True,True,True,False,False,False,False,eligible_for_shift_screen
9002,50886,7MLL,True,True,True,False,False,False,False,eligible_for_shift_screen
9003,50901,7PLL,True,True,True,False,False,False,False,eligible_for_shift_screen
9004,50901,8QDL,True,True,True,False,False,False,False,eligible_for_shift_screen
9005,50901,8QDM,True,True,True,False,False,False,False,eligible_for_shift_screen
9006,50902,7OB2,True,True,True,False,False,False,False,eligible_for_shift_screen
9007,50938,7QGV,True,True,True,False,False,False,False,eligible_for_shift_screen
9008,50957,9COJ,True,True,True,False,False,False,False,eligible_for_shift_screen
9009,50976,7R67,True,True,True,False,False,False,False,eligible_for_shift_screen
9010,50977,7R68,True,True,True,False,False,False,False,eligible_for_shift_screen
9011,50985,7P2K,True,True,True,False,False,False,False,eligible_for_shift_screen
9012,50994,8V0H,True,True,True,False,False,False,False,eligible_for_shift_screen
9013,50997,7PVM,True,True,True,False,False,False,False,eligible_for_shift_screen
9014,51020,8AJR,True,True,True,False,False,False,False,eligible_for_shift_screen
9015,51034,7SUR,True,True,True,False,False,False,False,eligible_for_shift_screen
9016,51043,7SUQ,True,True,True,False,False,False,False,eligible_for_shift_screen
9017,51044,7RNO,True,True,True,False,False,False,False,eligible_for_shift_screen
9018,51054,7S0N,True,True,True,False,False,False,False,eligible_for_shift_screen
9019,51072,8S9E,True,True,True,False,False,False,False,eligible_for_shift_screen
9020,51073,9MES,True,True,True,False,False,False,False,eligible_for_shift_screen
9021,51079,7POF,True,True,True,False,False,False,False,eligible_for_shift_screen
9022,51083,7SXB,True,True,True,False,False,False,False,eligible_for_shift_screen
9023,51091,7QAB,True,True,True,False,False,False,False,eligible_for_shift_screen
9024,51096,7Z3C,True,True,True,False,False,False,False,eligible_for_shift_screen
9025,51104,7ZOK,True,True,True,False,False,False,False,eligible_for_shift_screen
9026,51127,7SHX,True,True,True,False,False,False,False,eligible_for_shift_screen
9027,51138,9FO8,True,True,True,False,False,False,False,eligible_for_shift_screen
9028,51154,7QB0,True,True,True,False,False,False,False,eligible_for_shift_screen
9029,51187,8EOD,True,True,True,False,False,False,False,eligible_for_shift_screen
9030,51209,9Y13,True,True,True,False,False,False,False,eligible_for_shift_screen
9031,51210,9Y10,True,True,True,False,False,False,False,eligible_for_shift_screen
9032,51222,8DGK,True,True,True,False,False,False,False,eligible_for_shift_screen
9033,51231,7ZZV,True,True,True,False,False,False,False,eligible_for_shift_screen
9034,51290,7R0R,True,True,True,False,False,False,False,eligible_for_shift_screen
9035,51291,7R0R,True,True,True,False,False,False,False,eligible_for_shift_screen
9036,51292,7R0R,True,True,True,False,False,False,False,eligible_for_shift_screen
9037,51296,29JD,True,True,True,False,False,False,False,eligible_for_shift_screen
9038,51310,7V06,True,True,True,False,False,False,False,eligible_for_shift_screen
9039,51325,7YWR,True,True,True,False,False,False,False,eligible_for_shift_screen
9040,51339,8E6Y,True,True,True,False,False,False,False,eligible_for_shift_screen
9041,51340,9FLG,True,True,True,False,False,False,False,eligible_for_shift_screen
9042,51342,8ATK,True,True,True,False,False,False,False,eligible_for_shift_screen
9043,51350,7UGA,True,True,True,False,False,False,False,eligible_for_shift_screen
9044,51388,9FJN,True,True,True,False,False,False,False,eligible_for_shift_screen
9045,51391,8ACZ,True,True,True,False,False,False,False,eligible_for_shift_screen
9046,51400,7ZRF,True,True,True,False,False,False,False,eligible_for_shift_screen
9047,51406,7ZRO,True,True,True,False,False,False,False,eligible_for_shift_screen
9048,51408,9FJW,True,True,True,False,False,False,False,eligible_for_shift_screen
9049,51447,8DGH,True,True,True,False,False,False,False,eligible_for_shift_screen
9050,51518,9ZZ4,True,True,True,False,False,False,False,eligible_for_shift_screen
9051,51519,8DSB,True,True,True,False,False,False,False,eligible_for_shift_screen
9052,51520,8DRC,True,True,True,False,False,False,False,eligible_for_shift_screen
9053,51520,8DSX,True,True,True,False,False,False,False,eligible_for_shift_screen
9054,51521,8BDV,True,True,True,False,False,False,False,eligible_for_shift_screen
9055,51528,8B6X,True,True,True,False,False,False,False,eligible_for_shift_screen
9056,51531,8B6Y,True,True,True,False,False,False,False,eligible_for_shift_screen
9057,51532,8E2O,True,True,True,False,False,False,False,eligible_for_shift_screen
9058,51546,8AP5,True,True,True,False,False,False,False,eligible_for_shift_screen
9059,51591,8B1X,True,True,True,False,False,False,False,eligible_for_shift_screen
9060,51618,8EF4,True,True,True,False,False,False,False,eligible_for_shift_screen
9061,51620,9QWI,True,True,True,False,False,False,False,eligible_for_shift_screen
9062,51624,8BA1,True,True,True,False,False,False,False,eligible_for_shift_screen
9063,51655,8EPT,True,True,True,False,False,False,False,eligible_for_shift_screen
9064,51673,8BOO,True,True,True,False,False,False,False,eligible_for_shift_screen
9065,51691,8BVZ,True,True,True,False,False,False,False,eligible_for_shift_screen
9066,51715,9PQH,True,True,True,False,False,False,False,eligible_for_shift_screen
9067,51723,8HN2,True,True,True,False,False,False,False,eligible_for_shift_screen
9068,51726,8C2Q,True,True,True,False,False,False,False,eligible_for_shift_screen
9069,51784,8VSX,True,True,True,False,False,False,False,eligible_for_shift_screen
9070,51799,8QDL,True,True,True,False,False,False,False,eligible_for_shift_screen
9071,51799,8QDM,True,True,True,False,False,False,False,eligible_for_shift_screen
9072,51799,9EZN,True,True,True,False,False,False,False,eligible_for_shift_screen
9073,51799,9EZO,True,True,True,False,False,False,False,eligible_for_shift_screen
9074,51799,9EZP,True,True,True,False,False,False,False,eligible_for_shift_screen
9075,51821,9PQI,True,True,True,False,False,False,False,eligible_for_shift_screen
9076,51833,8GBC,True,True,True,False,False,False,False,eligible_for_shift_screen
9077,51834,8GBD,True,True,True,False,False,False,False,eligible_for_shift_screen
9078,51862,8OIL,True,True,True,False,False,False,False,eligible_for_shift_screen
9079,51867,8RVT,True,True,True,False,False,False,False,eligible_for_shift_screen
9080,51870,8TG0,True,True,True,False,False,False,False,eligible_for_shift_screen
9081,51896,8SED,True,True,True,False,False,False,False,eligible_for_shift_screen
9082,51951,8SXM,True,True,True,False,False,False,False,eligible_for_shift_screen
9083,51960,9FTD,True,True,True,False,False,False,False,eligible_for_shift_screen
9084,51978,8PTL,True,True,True,False,False,False,False,eligible_for_shift_screen
9085,51979,8PUI,True,True,True,False,False,False,False,eligible_for_shift_screen
9086,52045,8TNS,True,True,True,False,False,False,False,eligible_for_shift_screen
9087,52072,9DPJ,True,True,True,False,False,False,False,eligible_for_shift_screen
9088,52072,9DPK,True,True,True,False,False,False,False,eligible_for_shift_screen
9089,52072,9Q2Z,True,True,True,False,False,False,False,eligible_for_shift_screen
9090,52073,9Q2X,True,True,True,False,False,False,False,eligible_for_shift_screen
9091,52074,9DPH,True,True,True,False,False,False,False,eligible_for_shift_screen
9092,52074,9Q30,True,True,True,False,False,False,False,eligible_for_shift_screen
9093,52075,8TT7,True,True,True,False,False,False,False,eligible_for_shift_screen
9094,52088,8OZZ,True,True,True,False,False,False,False,eligible_for_shift_screen
9095,52089,8QFA,True,True,True,False,False,False,False,eligible_for_shift_screen
9096,52100,8U27,True,True,True,False,False,False,False,eligible_for_shift_screen
9097,52103,9BD0,True,True,True,False,False,False,False,eligible_for_shift_screen
9098,52114,8QTQ,True,True,True,False,False,False,False,eligible_for_shift_screen
9099,52129,8U9O,True,True,True,False,False,False,False,eligible_for_shift_screen
9100,52141,9DT0,True,True,True,False,False,False,False,eligible_for_shift_screen
9101,52149,30OA,True,True,True,False,False,False,False,eligible_for_shift_screen
9102,52150,8QON,True,True,True,False,False,False,False,eligible_for_shift_screen
9103,52150,8QPD,True,True,True,False,False,False,False,eligible_for_shift_screen
9104,52171,8QXI,True,True,True,False,False,False,False,eligible_for_shift_screen
9105,52188,8V4B,True,True,True,False,False,False,False,eligible_for_shift_screen
9106,52205,9HW9,True,True,True,False,False,False,False,eligible_for_shift_screen
9107,52208,8R1X,True,True,True,False,False,False,False,eligible_for_shift_screen
9108,52210,8VG3,True,True,True,False,False,False,False,eligible_for_shift_screen
9109,52210,9CJA,True,True,True,False,False,False,False,eligible_for_shift_screen
9110,52226,8RHS,True,True,True,False,False,False,False,eligible_for_shift_screen
9111,52285,9OBM,True,True,True,False,False,False,False,eligible_for_shift_screen
9112,52321,9EP7,True,True,True,False,False,False,False,eligible_for_shift_screen
9113,52384,9FDG,True,True,True,False,False,False,False,eligible_for_shift_screen
9114,52390,9F1F,True,True,True,False,False,False,False,eligible_for_shift_screen
9115,52391,9F1E,True,True,True,False,False,False,False,eligible_for_shift_screen
9116,52393,9F1G,True,True,True,False,False,False,False,eligible_for_shift_screen
9117,52414,9BV0,True,True,True,False,False,False,False,eligible_for_shift_screen
9118,52448,9FA8,True,True,True,False,False,False,False,eligible_for_shift_screen
9119,52491,9G7T,True,True,True,False,False,False,False,eligible_for_shift_screen
9120,52543,9CRB,True,True,True,False,False,False,False,eligible_for_shift_screen
9121,52595,9DLU,True,True,True,False,False,False,False,eligible_for_shift_screen
9122,52600,9DM3,True,True,True,False,False,False,False,eligible_for_shift_screen
9123,52635,9DYV,True,True,True,False,False,False,False,eligible_for_shift_screen
9124,52638,9MYQ,True,True,True,False,False,False,False,eligible_for_shift_screen
9125,52640,9DYU,True,True,True,False,False,False,False,eligible_for_shift_screen
9126,52678,9NUB,True,True,True,False,False,False,False,eligible_for_shift_screen
9127,52689,9HIO,True,True,True,False,False,False,False,eligible_for_shift_screen
9128,52690,9HIO,True,True,True,False,False,False,False,eligible_for_shift_screen
9129,52749,9MU0,True,True,True,False,False,False,False,eligible_for_shift_screen
9130,52750,9MTZ,True,True,True,False,False,False,False,eligible_for_shift_screen
9131,52790,36AV,True,True,True,False,False,False,False,eligible_for_shift_screen
9132,52801,9R53,True,True,True,False,False,False,False,eligible_for_shift_screen
9133,52888,9I8B,True,True,True,False,False,False,False,eligible_for_shift_screen
9134,52953,9VCD,True,True,True,False,False,False,False,eligible_for_shift_screen
9135,52961,9RWF,True,True,True,False,False,False,False,eligible_for_shift_screen
9136,52977,9O5C,True,True,True,False,False,False,False,eligible_for_shift_screen
9137,52985,9P7U,True,True,True,False,False,False,False,eligible_for_shift_screen
9138,53020,9OIL,True,True,True,False,False,False,False,eligible_for_shift_screen
9139,53021,9OIU,True,True,True,False,False,False,False,eligible_for_shift_screen
9140,53190,9P2Q,True,True,True,False,False,False,False,eligible_for_shift_screen
9141,53214,9P3Z,True,True,True,False,False,False,False,eligible_for_shift_screen
9142,53244,9W1L,True,True,True,False,False,False,False,eligible_for_shift_screen
9143,53268,9PL1,True,True,True,False,False,False,False,eligible_for_shift_screen
9144,53280,9SGJ,True,True,True,False,False,False,False,eligible_for_shift_screen
9145,53280,9SGV,True,True,True,False,False,False,False,eligible_for_shift_screen
9146,53283,9SGJ,True,True,True,False,False,False,False,eligible_for_shift_screen
9147,53304,9SMT,True,True,True,False,False,False,False,eligible_for_shift_screen
9148,53311,9Q70,True,True,True,False,False,False,False,eligible_for_shift_screen
9149,53313,9SLR,True,True,True,False,False,False,False,eligible_for_shift_screen
9150,53317,9T0O,True,True,True,False,False,False,False,eligible_for_shift_screen
9151,53398,8WWX,True,True,True,False,False,False,False,eligible_for_shift_screen
9152,53613,29SB,True,True,True,False,False,False,False,eligible_for_shift_screen
