unique_sequence_id,new_node_count,v15_role,assignment_disposition,winner_trial_index,winner_seed,winner_role_order
useq00006,1,excluded_buffer,excluded_direct_neighbor_of_evaluation,300,20560902,internal_test|model_selection_validation|new_external_blind
useq00007,1,excluded_buffer,excluded_direct_neighbor_of_evaluation,300,20560902,internal_test|model_selection_validation|new_external_blind
useq00008,1,excluded_buffer,excluded_direct_neighbor_of_evaluation,300,20560902,internal_test|model_selection_validation|new_external_blind
useq00009,1,excluded_buffer,excluded_direct_neighbor_of_evaluation,300,20560902,internal_test|model_selection_validation|new_external_blind
useq00013,1,excluded_buffer,excluded_direct_neighbor_of_evaluation,300,20560902,internal_test|model_selection_validation|new_external_blind
useq00021,3,excluded_buffer,excluded_direct_neighbor_of_evaluation,300,20560902,internal_test|model_selection_validation|new_external_blind
useq00026,3,excluded_buffer,excluded_direct_neighbor_of_evaluation,300,20560902,internal_test|model_selection_validation|new_external_blind
useq00034,1,excluded_buffer,excluded_direct_neighbor_of_evaluation,300,20560902,internal_test|model_selection_validation|new_external_blind
useq00036,1,excluded_buffer,excluded_direct_neighbor_of_evaluation,300,20560902,internal_test|model_selection_validation|new_external_blind
useq00044,1,excluded_buffer,excluded_direct_neighbor_of_evaluation,300,20560902,internal_test|model_selection_validation|new_external_blind
useq00046,1,excluded_buffer,excluded_direct_neighbor_of_evaluation,300,20560902,internal_test|model_selection_validation|new_external_blind
useq00056,1,excluded_buffer,excluded_direct_neighbor_of_evaluation,300,20560902,internal_test|model_selection_validation|new_external_blind
useq00057,1,excluded_buffer,excluded_direct_neighbor_of_evaluation,300,20560902,internal_test|model_selection_validation|new_external_blind
useq00060,1,excluded_buffer,excluded_direct_neighbor_of_evaluation,300,20560902,internal_test|model_selection_validation|new_external_blind
useq00067,1,excluded_buffer,excluded_direct_neighbor_of_evaluation,300,20560902,internal_test|model_selection_validation|new_external_blind
useq00068,1,excluded_buffer,excluded_direct_neighbor_of_evaluation,300,20560902,internal_test|model_selection_validation|new_external_blind
useq00073,1,excluded_buffer,excluded_direct_neighbor_of_evaluation,300,20560902,internal_test|model_selection_validation|new_external_blind
useq00074,1,excluded_buffer,excluded_direct_neighbor_of_evaluation,300,20560902,internal_test|model_selection_validation|new_external_blind
useq00079,1,excluded_buffer,excluded_direct_neighbor_of_evaluation,300,20560902,internal_test|model_selection_validation|new_external_blind
useq00081,1,excluded_buffer,excluded_direct_neighbor_of_evaluation,300,20560902,internal_test|model_selection_validation|new_external_blind
useq00087,1,excluded_buffer,excluded_direct_neighbor_of_evaluation,300,20560902,internal_test|model_selection_validation|new_external_blind
useq00093,2,excluded_buffer,excluded_direct_neighbor_of_evaluation,300,20560902,internal_test|model_selection_validation|new_external_blind
useq00101,1,excluded_buffer,excluded_direct_neighbor_of_evaluation,300,20560902,internal_test|model_selection_validation|new_external_blind
useq00103,2,excluded_buffer,excluded_direct_neighbor_of_evaluation,300,20560902,internal_test|model_selection_validation|new_external_blind
useq00111,1,excluded_buffer,excluded_direct_neighbor_of_evaluation,300,20560902,internal_test|model_selection_validation|new_external_blind
useq00125,1,excluded_buffer,excluded_direct_neighbor_of_evaluation,300,20560902,internal_test|model_selection_validation|new_external_blind
useq00126,1,excluded_buffer,excluded_direct_neighbor_of_evaluation,300,20560902,internal_test|model_selection_validation|new_external_blind
useq00142,1,excluded_buffer,excluded_direct_neighbor_of_evaluation,300,20560902,internal_test|model_selection_validation|new_external_blind
useq00149,1,excluded_buffer,excluded_direct_neighbor_of_evaluation,300,20560902,internal_test|model_selection_validation|new_external_blind
useq00155,1,excluded_buffer,excluded_direct_neighbor_of_evaluation,300,20560902,internal_test|model_selection_validation|new_external_blind
useq00164,1,excluded_buffer,excluded_direct_neighbor_of_evaluation,300,20560902,internal_test|model_selection_validation|new_external_blind
useq00166,1,excluded_buffer,excluded_direct_neighbor_of_evaluation,300,20560902,internal_test|model_selection_validation|new_external_blind
useq00177,1,excluded_buffer,excluded_direct_neighbor_of_evaluation,300,20560902,internal_test|model_selection_validation|new_external_blind
useq00184,1,excluded_buffer,excluded_direct_neighbor_of_evaluation,300,20560902,internal_test|model_selection_validation|new_external_blind
useq00185,1,excluded_buffer,excluded_direct_neighbor_of_evaluation,300,20560902,internal_test|model_selection_validation|new_external_blind
useq00186,1,excluded_buffer,excluded_direct_neighbor_of_evaluation,300,20560902,internal_test|model_selection_validation|new_external_blind
useq00191,2,excluded_buffer,excluded_direct_neighbor_of_evaluation,300,20560902,internal_test|model_selection_validation|new_external_blind
useq00192,1,excluded_buffer,excluded_direct_neighbor_of_evaluation,300,20560902,internal_test|model_selection_validation|new_external_blind
useq00197,1,excluded_buffer,excluded_direct_neighbor_of_evaluation,300,20560902,internal_test|model_selection_validation|new_external_blind
useq00200,2,excluded_buffer,excluded_direct_neighbor_of_evaluation,300,20560902,internal_test|model_selection_validation|new_external_blind
useq00206,1,excluded_buffer,excluded_direct_neighbor_of_evaluation,300,20560902,internal_test|model_selection_validation|new_external_blind
useq00208,1,excluded_buffer,excluded_direct_neighbor_of_evaluation,300,20560902,internal_test|model_selection_validation|new_external_blind
useq00209,1,excluded_buffer,excluded_direct_neighbor_of_evaluation,300,20560902,internal_test|model_selection_validation|new_external_blind
useq00214,1,excluded_buffer,excluded_direct_neighbor_of_evaluation,300,20560902,internal_test|model_selection_validation|new_external_blind
useq00217,1,excluded_buffer,excluded_direct_neighbor_of_evaluation,300,20560902,internal_test|model_selection_validation|new_external_blind
useq00219,1,excluded_buffer,excluded_direct_neighbor_of_evaluation,300,20560902,internal_test|model_selection_validation|new_external_blind
useq00245,1,excluded_buffer,excluded_direct_neighbor_of_evaluation,300,20560902,internal_test|model_selection_validation|new_external_blind
useq00246,1,excluded_buffer,excluded_direct_neighbor_of_evaluation,300,20560902,internal_test|model_selection_validation|new_external_blind
useq00247,1,excluded_buffer,excluded_direct_neighbor_of_evaluation,300,20560902,internal_test|model_selection_validation|new_external_blind
useq00249,1,excluded_buffer,excluded_direct_neighbor_of_evaluation,300,20560902,internal_test|model_selection_validation|new_external_blind
useq00250,1,excluded_buffer,excluded_direct_neighbor_of_evaluation,300,20560902,internal_test|model_selection_validation|new_external_blind
useq00251,1,excluded_buffer,excluded_direct_neighbor_of_evaluation,300,20560902,internal_test|model_selection_validation|new_external_blind
useq00258,1,excluded_buffer,excluded_direct_neighbor_of_evaluation,300,20560902,internal_test|model_selection_validation|new_external_blind
useq00259,1,excluded_buffer,excluded_direct_neighbor_of_evaluation,300,20560902,internal_test|model_selection_validation|new_external_blind
useq00267,1,excluded_buffer,excluded_direct_neighbor_of_evaluation,300,20560902,internal_test|model_selection_validation|new_external_blind
useq00269,1,excluded_buffer,excluded_direct_neighbor_of_evaluation,300,20560902,internal_test|model_selection_validation|new_external_blind
useq00277,1,excluded_buffer,excluded_direct_neighbor_of_evaluation,300,20560902,internal_test|model_selection_validation|new_external_blind
useq00281,1,excluded_buffer,excluded_direct_neighbor_of_evaluation,300,20560902,internal_test|model_selection_validation|new_external_blind
useq00283,1,excluded_buffer,excluded_direct_neighbor_of_evaluation,300,20560902,internal_test|model_selection_validation|new_external_blind
useq00285,1,excluded_buffer,excluded_direct_neighbor_of_evaluation,300,20560902,internal_test|model_selection_validation|new_external_blind
useq00286,1,excluded_buffer,excluded_direct_neighbor_of_evaluation,300,20560902,internal_test|model_selection_validation|new_external_blind
useq00290,2,excluded_buffer,excluded_direct_neighbor_of_evaluation,300,20560902,internal_test|model_selection_validation|new_external_blind
useq00291,1,excluded_buffer,excluded_direct_neighbor_of_evaluation,300,20560902,internal_test|model_selection_validation|new_external_blind
useq00297,1,excluded_buffer,excluded_direct_neighbor_of_evaluation,300,20560902,internal_test|model_selection_validation|new_external_blind
useq00301,1,excluded_buffer,excluded_direct_neighbor_of_evaluation,300,20560902,internal_test|model_selection_validation|new_external_blind
useq00309,2,excluded_buffer,excluded_direct_neighbor_of_evaluation,300,20560902,internal_test|model_selection_validation|new_external_blind
useq00310,1,excluded_buffer,excluded_direct_neighbor_of_evaluation,300,20560902,internal_test|model_selection_validation|new_external_blind
useq00312,1,excluded_buffer,excluded_direct_neighbor_of_evaluation,300,20560902,internal_test|model_selection_validation|new_external_blind
useq00316,1,excluded_buffer,excluded_direct_neighbor_of_evaluation,300,20560902,internal_test|model_selection_validation|new_external_blind
useq00320,1,excluded_buffer,excluded_direct_neighbor_of_evaluation,300,20560902,internal_test|model_selection_validation|new_external_blind
useq00322,1,excluded_buffer,excluded_direct_neighbor_of_evaluation,300,20560902,internal_test|model_selection_validation|new_external_blind
useq00325,1,excluded_buffer,excluded_direct_neighbor_of_evaluation,300,20560902,internal_test|model_selection_validation|new_external_blind
useq00327,1,excluded_buffer,excluded_direct_neighbor_of_evaluation,300,20560902,internal_test|model_selection_validation|new_external_blind
useq00328,1,excluded_buffer,excluded_direct_neighbor_of_evaluation,300,20560902,internal_test|model_selection_validation|new_external_blind
useq00330,3,excluded_buffer,excluded_direct_neighbor_of_evaluation,300,20560902,internal_test|model_selection_validation|new_external_blind
useq00331,1,excluded_buffer,excluded_direct_neighbor_of_evaluation,300,20560902,internal_test|model_selection_validation|new_external_blind
useq00334,1,excluded_buffer,excluded_direct_neighbor_of_evaluation,300,20560902,internal_test|model_selection_validation|new_external_blind
useq00336,1,excluded_buffer,excluded_direct_neighbor_of_evaluation,300,20560902,internal_test|model_selection_validation|new_external_blind
useq00341,1,excluded_buffer,excluded_direct_neighbor_of_evaluation,300,20560902,internal_test|model_selection_validation|new_external_blind
useq00347,1,excluded_buffer,excluded_direct_neighbor_of_evaluation,300,20560902,internal_test|model_selection_validation|new_external_blind
useq00350,1,excluded_buffer,excluded_direct_neighbor_of_evaluation,300,20560902,internal_test|model_selection_validation|new_external_blind
useq00353,1,excluded_buffer,excluded_direct_neighbor_of_evaluation,300,20560902,internal_test|model_selection_validation|new_external_blind
useq00356,1,excluded_buffer,excluded_direct_neighbor_of_evaluation,300,20560902,internal_test|model_selection_validation|new_external_blind
useq00363,1,excluded_buffer,excluded_direct_neighbor_of_evaluation,300,20560902,internal_test|model_selection_validation|new_external_blind
useq00375,1,excluded_buffer,excluded_direct_neighbor_of_evaluation,300,20560902,internal_test|model_selection_validation|new_external_blind
useq00387,1,excluded_buffer,excluded_direct_neighbor_of_evaluation,300,20560902,internal_test|model_selection_validation|new_external_blind
useq00395,1,excluded_buffer,excluded_direct_neighbor_of_evaluation,300,20560902,internal_test|model_selection_validation|new_external_blind
useq00401,2,excluded_buffer,excluded_direct_neighbor_of_evaluation,300,20560902,internal_test|model_selection_validation|new_external_blind
useq00413,1,excluded_buffer,excluded_direct_neighbor_of_evaluation,300,20560902,internal_test|model_selection_validation|new_external_blind
useq00414,1,excluded_buffer,excluded_direct_neighbor_of_evaluation,300,20560902,internal_test|model_selection_validation|new_external_blind
useq00422,1,excluded_buffer,excluded_direct_neighbor_of_evaluation,300,20560902,internal_test|model_selection_validation|new_external_blind
useq00429,1,excluded_buffer,excluded_direct_neighbor_of_evaluation,300,20560902,internal_test|model_selection_validation|new_external_blind
useq00430,1,excluded_buffer,excluded_direct_neighbor_of_evaluation,300,20560902,internal_test|model_selection_validation|new_external_blind
useq00432,1,excluded_buffer,excluded_direct_neighbor_of_evaluation,300,20560902,internal_test|model_selection_validation|new_external_blind
useq00437,1,excluded_buffer,excluded_direct_neighbor_of_evaluation,300,20560902,internal_test|model_selection_validation|new_external_blind
useq00441,1,excluded_buffer,excluded_direct_neighbor_of_evaluation,300,20560902,internal_test|model_selection_validation|new_external_blind
useq00446,2,excluded_buffer,excluded_direct_neighbor_of_evaluation,300,20560902,internal_test|model_selection_validation|new_external_blind
useq00448,2,excluded_buffer,excluded_direct_neighbor_of_evaluation,300,20560902,internal_test|model_selection_validation|new_external_blind
useq00465,1,excluded_buffer,excluded_direct_neighbor_of_evaluation,300,20560902,internal_test|model_selection_validation|new_external_blind
useq00477,1,excluded_buffer,excluded_direct_neighbor_of_evaluation,300,20560902,internal_test|model_selection_validation|new_external_blind
useq00483,1,excluded_buffer,excluded_direct_neighbor_of_evaluation,300,20560902,internal_test|model_selection_validation|new_external_blind
useq00486,1,excluded_buffer,excluded_direct_neighbor_of_evaluation,300,20560902,internal_test|model_selection_validation|new_external_blind
useq00489,1,excluded_buffer,excluded_direct_neighbor_of_evaluation,300,20560902,internal_test|model_selection_validation|new_external_blind
useq00490,1,excluded_buffer,excluded_direct_neighbor_of_evaluation,300,20560902,internal_test|model_selection_validation|new_external_blind
useq00497,1,excluded_buffer,excluded_direct_neighbor_of_evaluation,300,20560902,internal_test|model_selection_validation|new_external_blind
useq00500,1,excluded_buffer,excluded_direct_neighbor_of_evaluation,300,20560902,internal_test|model_selection_validation|new_external_blind
useq00501,1,excluded_buffer,excluded_direct_neighbor_of_evaluation,300,20560902,internal_test|model_selection_validation|new_external_blind
useq00502,1,excluded_buffer,excluded_direct_neighbor_of_evaluation,300,20560902,internal_test|model_selection_validation|new_external_blind
useq00503,1,excluded_buffer,excluded_direct_neighbor_of_evaluation,300,20560902,internal_test|model_selection_validation|new_external_blind
useq00511,1,excluded_buffer,excluded_direct_neighbor_of_evaluation,300,20560902,internal_test|model_selection_validation|new_external_blind
useq00521,1,excluded_buffer,excluded_direct_neighbor_of_evaluation,300,20560902,internal_test|model_selection_validation|new_external_blind
useq00525,1,excluded_buffer,excluded_direct_neighbor_of_evaluation,300,20560902,internal_test|model_selection_validation|new_external_blind
useq00538,1,excluded_buffer,excluded_direct_neighbor_of_evaluation,300,20560902,internal_test|model_selection_validation|new_external_blind
useq00539,1,excluded_buffer,excluded_direct_neighbor_of_evaluation,300,20560902,internal_test|model_selection_validation|new_external_blind
useq00541,1,excluded_buffer,excluded_direct_neighbor_of_evaluation,300,20560902,internal_test|model_selection_validation|new_external_blind
useq00545,1,excluded_buffer,excluded_direct_neighbor_of_evaluation,300,20560902,internal_test|model_selection_validation|new_external_blind
useq00546,1,excluded_buffer,excluded_direct_neighbor_of_evaluation,300,20560902,internal_test|model_selection_validation|new_external_blind
useq00548,1,excluded_buffer,excluded_direct_neighbor_of_evaluation,300,20560902,internal_test|model_selection_validation|new_external_blind
useq00553,1,excluded_buffer,excluded_direct_neighbor_of_evaluation,300,20560902,internal_test|model_selection_validation|new_external_blind
useq00556,3,excluded_buffer,excluded_direct_neighbor_of_evaluation,300,20560902,internal_test|model_selection_validation|new_external_blind
useq00560,1,excluded_buffer,excluded_direct_neighbor_of_evaluation,300,20560902,internal_test|model_selection_validation|new_external_blind
useq00562,1,excluded_buffer,excluded_direct_neighbor_of_evaluation,300,20560902,internal_test|model_selection_validation|new_external_blind
useq00564,1,excluded_buffer,excluded_direct_neighbor_of_evaluation,300,20560902,internal_test|model_selection_validation|new_external_blind
useq00566,1,excluded_buffer,excluded_direct_neighbor_of_evaluation,300,20560902,internal_test|model_selection_validation|new_external_blind
useq00581,1,excluded_buffer,excluded_direct_neighbor_of_evaluation,300,20560902,internal_test|model_selection_validation|new_external_blind
useq00582,1,excluded_buffer,excluded_direct_neighbor_of_evaluation,300,20560902,internal_test|model_selection_validation|new_external_blind
useq00592,1,excluded_buffer,excluded_direct_neighbor_of_evaluation,300,20560902,internal_test|model_selection_validation|new_external_blind
useq00597,1,excluded_buffer,excluded_direct_neighbor_of_evaluation,300,20560902,internal_test|model_selection_validation|new_external_blind
useq00602,1,excluded_buffer,excluded_direct_neighbor_of_evaluation,300,20560902,internal_test|model_selection_validation|new_external_blind
useq00610,1,excluded_buffer,excluded_direct_neighbor_of_evaluation,300,20560902,internal_test|model_selection_validation|new_external_blind
useq00613,1,excluded_buffer,excluded_direct_neighbor_of_evaluation,300,20560902,internal_test|model_selection_validation|new_external_blind
useq00617,1,excluded_buffer,excluded_direct_neighbor_of_evaluation,300,20560902,internal_test|model_selection_validation|new_external_blind
useq00620,1,excluded_buffer,excluded_direct_neighbor_of_evaluation,300,20560902,internal_test|model_selection_validation|new_external_blind
useq00621,1,excluded_buffer,excluded_direct_neighbor_of_evaluation,300,20560902,internal_test|model_selection_validation|new_external_blind
useq00622,2,excluded_buffer,excluded_direct_neighbor_of_evaluation,300,20560902,internal_test|model_selection_validation|new_external_blind
useq00623,1,excluded_buffer,excluded_direct_neighbor_of_evaluation,300,20560902,internal_test|model_selection_validation|new_external_blind
useq00632,1,excluded_buffer,excluded_direct_neighbor_of_evaluation,300,20560902,internal_test|model_selection_validation|new_external_blind
useq00645,1,excluded_buffer,excluded_direct_neighbor_of_evaluation,300,20560902,internal_test|model_selection_validation|new_external_blind
useq00646,1,excluded_buffer,excluded_direct_neighbor_of_evaluation,300,20560902,internal_test|model_selection_validation|new_external_blind
useq00647,1,excluded_buffer,excluded_direct_neighbor_of_evaluation,300,20560902,internal_test|model_selection_validation|new_external_blind
useq00657,1,excluded_buffer,excluded_direct_neighbor_of_evaluation,300,20560902,internal_test|model_selection_validation|new_external_blind
useq00662,1,excluded_buffer,excluded_direct_neighbor_of_evaluation,300,20560902,internal_test|model_selection_validation|new_external_blind
useq00663,1,excluded_buffer,excluded_direct_neighbor_of_evaluation,300,20560902,internal_test|model_selection_validation|new_external_blind
useq00667,1,excluded_buffer,excluded_direct_neighbor_of_evaluation,300,20560902,internal_test|model_selection_validation|new_external_blind
useq00669,1,excluded_buffer,excluded_direct_neighbor_of_evaluation,300,20560902,internal_test|model_selection_validation|new_external_blind
useq00679,2,excluded_buffer,excluded_direct_neighbor_of_evaluation,300,20560902,internal_test|model_selection_validation|new_external_blind
useq00680,1,excluded_buffer,excluded_direct_neighbor_of_evaluation,300,20560902,internal_test|model_selection_validation|new_external_blind
useq00682,1,excluded_buffer,excluded_direct_neighbor_of_evaluation,300,20560902,internal_test|model_selection_validation|new_external_blind
useq00696,1,excluded_buffer,excluded_direct_neighbor_of_evaluation,300,20560902,internal_test|model_selection_validation|new_external_blind
useq00700,1,excluded_buffer,excluded_direct_neighbor_of_evaluation,300,20560902,internal_test|model_selection_validation|new_external_blind
useq00705,1,excluded_buffer,excluded_direct_neighbor_of_evaluation,300,20560902,internal_test|model_selection_validation|new_external_blind
useq00713,1,excluded_buffer,excluded_direct_neighbor_of_evaluation,300,20560902,internal_test|model_selection_validation|new_external_blind
useq00720,1,excluded_buffer,excluded_direct_neighbor_of_evaluation,300,20560902,internal_test|model_selection_validation|new_external_blind
useq00726,1,excluded_buffer,excluded_direct_neighbor_of_evaluation,300,20560902,internal_test|model_selection_validation|new_external_blind
useq00729,1,excluded_buffer,excluded_direct_neighbor_of_evaluation,300,20560902,internal_test|model_selection_validation|new_external_blind
useq00732,1,excluded_buffer,excluded_direct_neighbor_of_evaluation,300,20560902,internal_test|model_selection_validation|new_external_blind
useq00739,1,excluded_buffer,excluded_direct_neighbor_of_evaluation,300,20560902,internal_test|model_selection_validation|new_external_blind
useq00744,1,excluded_buffer,excluded_direct_neighbor_of_evaluation,300,20560902,internal_test|model_selection_validation|new_external_blind
useq00752,1,excluded_buffer,excluded_direct_neighbor_of_evaluation,300,20560902,internal_test|model_selection_validation|new_external_blind
useq00753,1,excluded_buffer,excluded_direct_neighbor_of_evaluation,300,20560902,internal_test|model_selection_validation|new_external_blind
useq00761,1,excluded_buffer,excluded_direct_neighbor_of_evaluation,300,20560902,internal_test|model_selection_validation|new_external_blind
useq00763,1,excluded_buffer,excluded_direct_neighbor_of_evaluation,300,20560902,internal_test|model_selection_validation|new_external_blind
useq00770,1,excluded_buffer,excluded_direct_neighbor_of_evaluation,300,20560902,internal_test|model_selection_validation|new_external_blind
useq00773,1,excluded_buffer,excluded_direct_neighbor_of_evaluation,300,20560902,internal_test|model_selection_validation|new_external_blind
useq00786,1,excluded_buffer,excluded_direct_neighbor_of_evaluation,300,20560902,internal_test|model_selection_validation|new_external_blind
useq00795,1,excluded_buffer,excluded_direct_neighbor_of_evaluation,300,20560902,internal_test|model_selection_validation|new_external_blind
useq00808,1,excluded_buffer,excluded_direct_neighbor_of_evaluation,300,20560902,internal_test|model_selection_validation|new_external_blind
useq00811,1,excluded_buffer,excluded_direct_neighbor_of_evaluation,300,20560902,internal_test|model_selection_validation|new_external_blind
useq00817,1,excluded_buffer,excluded_direct_neighbor_of_evaluation,300,20560902,internal_test|model_selection_validation|new_external_blind
useq00819,2,excluded_buffer,excluded_direct_neighbor_of_evaluation,300,20560902,internal_test|model_selection_validation|new_external_blind
useq00829,1,excluded_buffer,excluded_direct_neighbor_of_evaluation,300,20560902,internal_test|model_selection_validation|new_external_blind
useq00846,1,excluded_buffer,excluded_direct_neighbor_of_evaluation,300,20560902,internal_test|model_selection_validation|new_external_blind
useq00852,1,excluded_buffer,excluded_direct_neighbor_of_evaluation,300,20560902,internal_test|model_selection_validation|new_external_blind
useq00853,1,excluded_buffer,excluded_direct_neighbor_of_evaluation,300,20560902,internal_test|model_selection_validation|new_external_blind
useq00856,2,excluded_buffer,excluded_direct_neighbor_of_evaluation,300,20560902,internal_test|model_selection_validation|new_external_blind
useq00862,1,excluded_buffer,excluded_direct_neighbor_of_evaluation,300,20560902,internal_test|model_selection_validation|new_external_blind
useq00864,1,excluded_buffer,excluded_direct_neighbor_of_evaluation,300,20560902,internal_test|model_selection_validation|new_external_blind
useq00866,1,excluded_buffer,excluded_direct_neighbor_of_evaluation,300,20560902,internal_test|model_selection_validation|new_external_blind
useq00870,1,excluded_buffer,excluded_direct_neighbor_of_evaluation,300,20560902,internal_test|model_selection_validation|new_external_blind
useq00873,1,excluded_buffer,excluded_direct_neighbor_of_evaluation,300,20560902,internal_test|model_selection_validation|new_external_blind
useq00882,1,excluded_buffer,excluded_direct_neighbor_of_evaluation,300,20560902,internal_test|model_selection_validation|new_external_blind
useq00887,1,excluded_buffer,excluded_direct_neighbor_of_evaluation,300,20560902,internal_test|model_selection_validation|new_external_blind
useq00889,1,excluded_buffer,excluded_direct_neighbor_of_evaluation,300,20560902,internal_test|model_selection_validation|new_external_blind
useq00890,1,excluded_buffer,excluded_direct_neighbor_of_evaluation,300,20560902,internal_test|model_selection_validation|new_external_blind
useq00892,1,excluded_buffer,excluded_direct_neighbor_of_evaluation,300,20560902,internal_test|model_selection_validation|new_external_blind
useq00894,1,excluded_buffer,excluded_direct_neighbor_of_evaluation,300,20560902,internal_test|model_selection_validation|new_external_blind
useq00910,1,excluded_buffer,excluded_direct_neighbor_of_evaluation,300,20560902,internal_test|model_selection_validation|new_external_blind
useq00923,1,excluded_buffer,excluded_direct_neighbor_of_evaluation,300,20560902,internal_test|model_selection_validation|new_external_blind
useq00929,1,excluded_buffer,excluded_direct_neighbor_of_evaluation,300,20560902,internal_test|model_selection_validation|new_external_blind
useq00937,1,excluded_buffer,excluded_direct_neighbor_of_evaluation,300,20560902,internal_test|model_selection_validation|new_external_blind
useq00939,1,excluded_buffer,excluded_direct_neighbor_of_evaluation,300,20560902,internal_test|model_selection_validation|new_external_blind
useq00941,1,excluded_buffer,excluded_direct_neighbor_of_evaluation,300,20560902,internal_test|model_selection_validation|new_external_blind
useq00942,1,excluded_buffer,excluded_direct_neighbor_of_evaluation,300,20560902,internal_test|model_selection_validation|new_external_blind
useq00944,2,excluded_buffer,excluded_direct_neighbor_of_evaluation,300,20560902,internal_test|model_selection_validation|new_external_blind
useq00946,1,excluded_buffer,excluded_direct_neighbor_of_evaluation,300,20560902,internal_test|model_selection_validation|new_external_blind
useq00949,1,excluded_buffer,excluded_direct_neighbor_of_evaluation,300,20560902,internal_test|model_selection_validation|new_external_blind
useq00955,1,excluded_buffer,excluded_direct_neighbor_of_evaluation,300,20560902,internal_test|model_selection_validation|new_external_blind
useq00964,1,excluded_buffer,excluded_direct_neighbor_of_evaluation,300,20560902,internal_test|model_selection_validation|new_external_blind
useq00966,1,excluded_buffer,excluded_direct_neighbor_of_evaluation,300,20560902,internal_test|model_selection_validation|new_external_blind
useq00982,1,excluded_buffer,excluded_direct_neighbor_of_evaluation,300,20560902,internal_test|model_selection_validation|new_external_blind
useq00983,1,excluded_buffer,excluded_direct_neighbor_of_evaluation,300,20560902,internal_test|model_selection_validation|new_external_blind
useq00990,2,excluded_buffer,excluded_direct_neighbor_of_evaluation,300,20560902,internal_test|model_selection_validation|new_external_blind
useq00992,1,excluded_buffer,excluded_direct_neighbor_of_evaluation,300,20560902,internal_test|model_selection_validation|new_external_blind
useq01005,2,excluded_buffer,excluded_direct_neighbor_of_evaluation,300,20560902,internal_test|model_selection_validation|new_external_blind
useq01006,1,excluded_buffer,excluded_direct_neighbor_of_evaluation,300,20560902,internal_test|model_selection_validation|new_external_blind
useq01008,2,excluded_buffer,excluded_direct_neighbor_of_evaluation,300,20560902,internal_test|model_selection_validation|new_external_blind
useq01019,1,excluded_buffer,excluded_direct_neighbor_of_evaluation,300,20560902,internal_test|model_selection_validation|new_external_blind
useq01026,1,excluded_buffer,excluded_direct_neighbor_of_evaluation,300,20560902,internal_test|model_selection_validation|new_external_blind
useq01028,1,excluded_buffer,excluded_direct_neighbor_of_evaluation,300,20560902,internal_test|model_selection_validation|new_external_blind
useq01035,1,excluded_buffer,excluded_direct_neighbor_of_evaluation,300,20560902,internal_test|model_selection_validation|new_external_blind
useq01041,1,excluded_buffer,excluded_direct_neighbor_of_evaluation,300,20560902,internal_test|model_selection_validation|new_external_blind
useq01046,1,excluded_buffer,excluded_direct_neighbor_of_evaluation,300,20560902,internal_test|model_selection_validation|new_external_blind
useq01048,1,excluded_buffer,excluded_direct_neighbor_of_evaluation,300,20560902,internal_test|model_selection_validation|new_external_blind
useq01063,1,excluded_buffer,excluded_direct_neighbor_of_evaluation,300,20560902,internal_test|model_selection_validation|new_external_blind
useq01064,1,excluded_buffer,excluded_direct_neighbor_of_evaluation,300,20560902,internal_test|model_selection_validation|new_external_blind
useq01068,2,excluded_buffer,excluded_direct_neighbor_of_evaluation,300,20560902,internal_test|model_selection_validation|new_external_blind
useq01082,1,excluded_buffer,excluded_direct_neighbor_of_evaluation,300,20560902,internal_test|model_selection_validation|new_external_blind
useq01088,1,excluded_buffer,excluded_direct_neighbor_of_evaluation,300,20560902,internal_test|model_selection_validation|new_external_blind
useq01089,1,excluded_buffer,excluded_direct_neighbor_of_evaluation,300,20560902,internal_test|model_selection_validation|new_external_blind
useq01090,1,excluded_buffer,excluded_direct_neighbor_of_evaluation,300,20560902,internal_test|model_selection_validation|new_external_blind
useq01098,1,excluded_buffer,excluded_direct_neighbor_of_evaluation,300,20560902,internal_test|model_selection_validation|new_external_blind
useq01103,1,excluded_buffer,excluded_direct_neighbor_of_evaluation,300,20560902,internal_test|model_selection_validation|new_external_blind
useq01112,1,excluded_buffer,excluded_direct_neighbor_of_evaluation,300,20560902,internal_test|model_selection_validation|new_external_blind
useq01114,1,excluded_buffer,excluded_direct_neighbor_of_evaluation,300,20560902,internal_test|model_selection_validation|new_external_blind
useq01116,1,excluded_buffer,excluded_direct_neighbor_of_evaluation,300,20560902,internal_test|model_selection_validation|new_external_blind
useq01135,1,excluded_buffer,excluded_direct_neighbor_of_evaluation,300,20560902,internal_test|model_selection_validation|new_external_blind
useq01150,1,excluded_buffer,excluded_direct_neighbor_of_evaluation,300,20560902,internal_test|model_selection_validation|new_external_blind
useq01154,1,excluded_buffer,excluded_direct_neighbor_of_evaluation,300,20560902,internal_test|model_selection_validation|new_external_blind
useq01155,1,excluded_buffer,excluded_direct_neighbor_of_evaluation,300,20560902,internal_test|model_selection_validation|new_external_blind
useq01157,1,excluded_buffer,excluded_direct_neighbor_of_evaluation,300,20560902,internal_test|model_selection_validation|new_external_blind
useq01162,1,excluded_buffer,excluded_direct_neighbor_of_evaluation,300,20560902,internal_test|model_selection_validation|new_external_blind
useq01167,2,excluded_buffer,excluded_direct_neighbor_of_evaluation,300,20560902,internal_test|model_selection_validation|new_external_blind
useq01178,2,excluded_buffer,excluded_direct_neighbor_of_evaluation,300,20560902,internal_test|model_selection_validation|new_external_blind
useq01182,1,excluded_buffer,excluded_direct_neighbor_of_evaluation,300,20560902,internal_test|model_selection_validation|new_external_blind
useq01190,1,excluded_buffer,excluded_direct_neighbor_of_evaluation,300,20560902,internal_test|model_selection_validation|new_external_blind
useq01193,1,excluded_buffer,excluded_direct_neighbor_of_evaluation,300,20560902,internal_test|model_selection_validation|new_external_blind
useq01194,1,excluded_buffer,excluded_direct_neighbor_of_evaluation,300,20560902,internal_test|model_selection_validation|new_external_blind
useq01196,1,excluded_buffer,excluded_direct_neighbor_of_evaluation,300,20560902,internal_test|model_selection_validation|new_external_blind
useq01205,1,excluded_buffer,excluded_direct_neighbor_of_evaluation,300,20560902,internal_test|model_selection_validation|new_external_blind
useq01206,1,excluded_buffer,excluded_direct_neighbor_of_evaluation,300,20560902,internal_test|model_selection_validation|new_external_blind
useq01217,1,excluded_buffer,excluded_direct_neighbor_of_evaluation,300,20560902,internal_test|model_selection_validation|new_external_blind
useq01218,1,excluded_buffer,excluded_direct_neighbor_of_evaluation,300,20560902,internal_test|model_selection_validation|new_external_blind
useq01220,1,excluded_buffer,excluded_direct_neighbor_of_evaluation,300,20560902,internal_test|model_selection_validation|new_external_blind
useq01238,1,excluded_buffer,excluded_direct_neighbor_of_evaluation,300,20560902,internal_test|model_selection_validation|new_external_blind
useq01240,1,excluded_buffer,excluded_direct_neighbor_of_evaluation,300,20560902,internal_test|model_selection_validation|new_external_blind
useq01246,1,excluded_buffer,excluded_direct_neighbor_of_evaluation,300,20560902,internal_test|model_selection_validation|new_external_blind
useq01247,1,excluded_buffer,excluded_direct_neighbor_of_evaluation,300,20560902,internal_test|model_selection_validation|new_external_blind
useq01250,1,excluded_buffer,excluded_direct_neighbor_of_evaluation,300,20560902,internal_test|model_selection_validation|new_external_blind
useq01251,1,excluded_buffer,excluded_direct_neighbor_of_evaluation,300,20560902,internal_test|model_selection_validation|new_external_blind
useq01264,1,excluded_buffer,excluded_direct_neighbor_of_evaluation,300,20560902,internal_test|model_selection_validation|new_external_blind
useq01281,1,excluded_buffer,excluded_direct_neighbor_of_evaluation,300,20560902,internal_test|model_selection_validation|new_external_blind
useq01284,1,excluded_buffer,excluded_direct_neighbor_of_evaluation,300,20560902,internal_test|model_selection_validation|new_external_blind
useq01290,1,excluded_buffer,excluded_direct_neighbor_of_evaluation,300,20560902,internal_test|model_selection_validation|new_external_blind
useq01292,1,excluded_buffer,excluded_direct_neighbor_of_evaluation,300,20560902,internal_test|model_selection_validation|new_external_blind
useq01303,1,excluded_buffer,excluded_direct_neighbor_of_evaluation,300,20560902,internal_test|model_selection_validation|new_external_blind
useq01306,1,excluded_buffer,excluded_direct_neighbor_of_evaluation,300,20560902,internal_test|model_selection_validation|new_external_blind
useq01311,1,excluded_buffer,excluded_direct_neighbor_of_evaluation,300,20560902,internal_test|model_selection_validation|new_external_blind
useq01314,1,excluded_buffer,excluded_direct_neighbor_of_evaluation,300,20560902,internal_test|model_selection_validation|new_external_blind
useq01315,1,excluded_buffer,excluded_direct_neighbor_of_evaluation,300,20560902,internal_test|model_selection_validation|new_external_blind
useq01331,1,excluded_buffer,excluded_direct_neighbor_of_evaluation,300,20560902,internal_test|model_selection_validation|new_external_blind
useq01334,1,excluded_buffer,excluded_direct_neighbor_of_evaluation,300,20560902,internal_test|model_selection_validation|new_external_blind
useq01339,1,excluded_buffer,excluded_direct_neighbor_of_evaluation,300,20560902,internal_test|model_selection_validation|new_external_blind
useq01352,1,excluded_buffer,excluded_direct_neighbor_of_evaluation,300,20560902,internal_test|model_selection_validation|new_external_blind
useq01357,1,excluded_buffer,excluded_direct_neighbor_of_evaluation,300,20560902,internal_test|model_selection_validation|new_external_blind
useq01360,1,excluded_buffer,excluded_direct_neighbor_of_evaluation,300,20560902,internal_test|model_selection_validation|new_external_blind
useq01363,1,excluded_buffer,excluded_direct_neighbor_of_evaluation,300,20560902,internal_test|model_selection_validation|new_external_blind
useq01364,1,excluded_buffer,excluded_direct_neighbor_of_evaluation,300,20560902,internal_test|model_selection_validation|new_external_blind
useq01366,1,excluded_buffer,excluded_direct_neighbor_of_evaluation,300,20560902,internal_test|model_selection_validation|new_external_blind
useq01369,1,excluded_buffer,excluded_direct_neighbor_of_evaluation,300,20560902,internal_test|model_selection_validation|new_external_blind
useq01371,1,excluded_buffer,excluded_direct_neighbor_of_evaluation,300,20560902,internal_test|model_selection_validation|new_external_blind
useq01377,1,excluded_buffer,excluded_direct_neighbor_of_evaluation,300,20560902,internal_test|model_selection_validation|new_external_blind
useq01380,2,excluded_buffer,excluded_direct_neighbor_of_evaluation,300,20560902,internal_test|model_selection_validation|new_external_blind
useq01381,1,excluded_buffer,excluded_direct_neighbor_of_evaluation,300,20560902,internal_test|model_selection_validation|new_external_blind
useq01398,1,excluded_buffer,excluded_direct_neighbor_of_evaluation,300,20560902,internal_test|model_selection_validation|new_external_blind
useq01404,1,excluded_buffer,excluded_direct_neighbor_of_evaluation,300,20560902,internal_test|model_selection_validation|new_external_blind
useq01405,1,excluded_buffer,excluded_direct_neighbor_of_evaluation,300,20560902,internal_test|model_selection_validation|new_external_blind
useq01418,1,excluded_buffer,excluded_direct_neighbor_of_evaluation,300,20560902,internal_test|model_selection_validation|new_external_blind
useq01422,2,excluded_buffer,excluded_direct_neighbor_of_evaluation,300,20560902,internal_test|model_selection_validation|new_external_blind
useq01427,1,excluded_buffer,excluded_direct_neighbor_of_evaluation,300,20560902,internal_test|model_selection_validation|new_external_blind
useq01432,1,excluded_buffer,excluded_direct_neighbor_of_evaluation,300,20560902,internal_test|model_selection_validation|new_external_blind
useq01435,1,excluded_buffer,excluded_direct_neighbor_of_evaluation,300,20560902,internal_test|model_selection_validation|new_external_blind
useq01436,1,excluded_buffer,excluded_direct_neighbor_of_evaluation,300,20560902,internal_test|model_selection_validation|new_external_blind
useq01445,2,excluded_buffer,excluded_direct_neighbor_of_evaluation,300,20560902,internal_test|model_selection_validation|new_external_blind
useq01450,1,excluded_buffer,excluded_direct_neighbor_of_evaluation,300,20560902,internal_test|model_selection_validation|new_external_blind
useq01451,1,excluded_buffer,excluded_direct_neighbor_of_evaluation,300,20560902,internal_test|model_selection_validation|new_external_blind
useq01466,1,excluded_buffer,excluded_direct_neighbor_of_evaluation,300,20560902,internal_test|model_selection_validation|new_external_blind
useq01469,1,excluded_buffer,excluded_direct_neighbor_of_evaluation,300,20560902,internal_test|model_selection_validation|new_external_blind
useq01480,1,excluded_buffer,excluded_direct_neighbor_of_evaluation,300,20560902,internal_test|model_selection_validation|new_external_blind
useq01489,1,excluded_buffer,excluded_direct_neighbor_of_evaluation,300,20560902,internal_test|model_selection_validation|new_external_blind
useq01499,1,excluded_buffer,excluded_direct_neighbor_of_evaluation,300,20560902,internal_test|model_selection_validation|new_external_blind
useq01509,1,excluded_buffer,excluded_direct_neighbor_of_evaluation,300,20560902,internal_test|model_selection_validation|new_external_blind
useq01510,1,excluded_buffer,excluded_direct_neighbor_of_evaluation,300,20560902,internal_test|model_selection_validation|new_external_blind
useq01525,1,excluded_buffer,excluded_direct_neighbor_of_evaluation,300,20560902,internal_test|model_selection_validation|new_external_blind
useq01529,1,excluded_buffer,excluded_direct_neighbor_of_evaluation,300,20560902,internal_test|model_selection_validation|new_external_blind
useq01538,1,excluded_buffer,excluded_direct_neighbor_of_evaluation,300,20560902,internal_test|model_selection_validation|new_external_blind
useq01558,1,excluded_buffer,excluded_direct_neighbor_of_evaluation,300,20560902,internal_test|model_selection_validation|new_external_blind
useq01559,1,excluded_buffer,excluded_direct_neighbor_of_evaluation,300,20560902,internal_test|model_selection_validation|new_external_blind
useq01566,1,excluded_buffer,excluded_direct_neighbor_of_evaluation,300,20560902,internal_test|model_selection_validation|new_external_blind
useq01569,1,excluded_buffer,excluded_direct_neighbor_of_evaluation,300,20560902,internal_test|model_selection_validation|new_external_blind
useq01570,1,excluded_buffer,excluded_direct_neighbor_of_evaluation,300,20560902,internal_test|model_selection_validation|new_external_blind
useq01577,2,excluded_buffer,excluded_direct_neighbor_of_evaluation,300,20560902,internal_test|model_selection_validation|new_external_blind
useq01584,1,excluded_buffer,excluded_direct_neighbor_of_evaluation,300,20560902,internal_test|model_selection_validation|new_external_blind
useq01587,1,excluded_buffer,excluded_direct_neighbor_of_evaluation,300,20560902,internal_test|model_selection_validation|new_external_blind
useq01589,2,excluded_buffer,excluded_direct_neighbor_of_evaluation,300,20560902,internal_test|model_selection_validation|new_external_blind
useq01592,1,excluded_buffer,excluded_direct_neighbor_of_evaluation,300,20560902,internal_test|model_selection_validation|new_external_blind
useq01600,1,excluded_buffer,excluded_direct_neighbor_of_evaluation,300,20560902,internal_test|model_selection_validation|new_external_blind
useq01607,1,excluded_buffer,excluded_direct_neighbor_of_evaluation,300,20560902,internal_test|model_selection_validation|new_external_blind
useq01609,1,excluded_buffer,excluded_direct_neighbor_of_evaluation,300,20560902,internal_test|model_selection_validation|new_external_blind
useq01619,2,excluded_buffer,excluded_direct_neighbor_of_evaluation,300,20560902,internal_test|model_selection_validation|new_external_blind
useq01624,1,excluded_buffer,excluded_direct_neighbor_of_evaluation,300,20560902,internal_test|model_selection_validation|new_external_blind
useq01630,1,excluded_buffer,excluded_direct_neighbor_of_evaluation,300,20560902,internal_test|model_selection_validation|new_external_blind
useq01639,1,excluded_buffer,excluded_direct_neighbor_of_evaluation,300,20560902,internal_test|model_selection_validation|new_external_blind
useq01640,2,excluded_buffer,excluded_direct_neighbor_of_evaluation,300,20560902,internal_test|model_selection_validation|new_external_blind
useq01650,1,excluded_buffer,excluded_direct_neighbor_of_evaluation,300,20560902,internal_test|model_selection_validation|new_external_blind
useq01651,1,excluded_buffer,excluded_direct_neighbor_of_evaluation,300,20560902,internal_test|model_selection_validation|new_external_blind
useq01656,1,excluded_buffer,excluded_direct_neighbor_of_evaluation,300,20560902,internal_test|model_selection_validation|new_external_blind
useq01659,1,excluded_buffer,excluded_direct_neighbor_of_evaluation,300,20560902,internal_test|model_selection_validation|new_external_blind
useq01671,1,excluded_buffer,excluded_direct_neighbor_of_evaluation,300,20560902,internal_test|model_selection_validation|new_external_blind
useq01677,1,excluded_buffer,excluded_direct_neighbor_of_evaluation,300,20560902,internal_test|model_selection_validation|new_external_blind
useq01678,1,excluded_buffer,excluded_direct_neighbor_of_evaluation,300,20560902,internal_test|model_selection_validation|new_external_blind
useq01685,1,excluded_buffer,excluded_direct_neighbor_of_evaluation,300,20560902,internal_test|model_selection_validation|new_external_blind
useq01707,1,excluded_buffer,excluded_direct_neighbor_of_evaluation,300,20560902,internal_test|model_selection_validation|new_external_blind
useq01708,1,excluded_buffer,excluded_direct_neighbor_of_evaluation,300,20560902,internal_test|model_selection_validation|new_external_blind
useq01710,1,excluded_buffer,excluded_direct_neighbor_of_evaluation,300,20560902,internal_test|model_selection_validation|new_external_blind
useq01712,1,excluded_buffer,excluded_direct_neighbor_of_evaluation,300,20560902,internal_test|model_selection_validation|new_external_blind
useq01713,1,excluded_buffer,excluded_direct_neighbor_of_evaluation,300,20560902,internal_test|model_selection_validation|new_external_blind
useq01721,1,excluded_buffer,excluded_direct_neighbor_of_evaluation,300,20560902,internal_test|model_selection_validation|new_external_blind
useq01728,1,excluded_buffer,excluded_direct_neighbor_of_evaluation,300,20560902,internal_test|model_selection_validation|new_external_blind
useq01730,1,excluded_buffer,excluded_direct_neighbor_of_evaluation,300,20560902,internal_test|model_selection_validation|new_external_blind
useq01753,1,excluded_buffer,excluded_direct_neighbor_of_evaluation,300,20560902,internal_test|model_selection_validation|new_external_blind
useq01758,1,excluded_buffer,excluded_direct_neighbor_of_evaluation,300,20560902,internal_test|model_selection_validation|new_external_blind
useq01764,2,excluded_buffer,excluded_direct_neighbor_of_evaluation,300,20560902,internal_test|model_selection_validation|new_external_blind
useq01765,1,excluded_buffer,excluded_direct_neighbor_of_evaluation,300,20560902,internal_test|model_selection_validation|new_external_blind
useq01774,1,excluded_buffer,excluded_direct_neighbor_of_evaluation,300,20560902,internal_test|model_selection_validation|new_external_blind
useq01791,1,excluded_buffer,excluded_direct_neighbor_of_evaluation,300,20560902,internal_test|model_selection_validation|new_external_blind
useq01796,1,excluded_buffer,excluded_direct_neighbor_of_evaluation,300,20560902,internal_test|model_selection_validation|new_external_blind
useq01814,1,excluded_buffer,excluded_direct_neighbor_of_evaluation,300,20560902,internal_test|model_selection_validation|new_external_blind
useq01817,1,excluded_buffer,excluded_direct_neighbor_of_evaluation,300,20560902,internal_test|model_selection_validation|new_external_blind
useq01821,1,excluded_buffer,excluded_direct_neighbor_of_evaluation,300,20560902,internal_test|model_selection_validation|new_external_blind
useq01827,1,excluded_buffer,excluded_direct_neighbor_of_evaluation,300,20560902,internal_test|model_selection_validation|new_external_blind
useq01839,1,excluded_buffer,excluded_direct_neighbor_of_evaluation,300,20560902,internal_test|model_selection_validation|new_external_blind
useq01847,1,excluded_buffer,excluded_direct_neighbor_of_evaluation,300,20560902,internal_test|model_selection_validation|new_external_blind
useq01849,1,excluded_buffer,excluded_direct_neighbor_of_evaluation,300,20560902,internal_test|model_selection_validation|new_external_blind
useq01851,1,excluded_buffer,excluded_direct_neighbor_of_evaluation,300,20560902,internal_test|model_selection_validation|new_external_blind
useq01861,1,excluded_buffer,excluded_direct_neighbor_of_evaluation,300,20560902,internal_test|model_selection_validation|new_external_blind
useq01865,1,excluded_buffer,excluded_direct_neighbor_of_evaluation,300,20560902,internal_test|model_selection_validation|new_external_blind
useq01871,1,excluded_buffer,excluded_direct_neighbor_of_evaluation,300,20560902,internal_test|model_selection_validation|new_external_blind
useq01878,1,excluded_buffer,excluded_direct_neighbor_of_evaluation,300,20560902,internal_test|model_selection_validation|new_external_blind
useq01889,1,excluded_buffer,excluded_direct_neighbor_of_evaluation,300,20560902,internal_test|model_selection_validation|new_external_blind
useq01893,1,excluded_buffer,excluded_direct_neighbor_of_evaluation,300,20560902,internal_test|model_selection_validation|new_external_blind
useq01897,1,excluded_buffer,excluded_direct_neighbor_of_evaluation,300,20560902,internal_test|model_selection_validation|new_external_blind
useq01898,1,excluded_buffer,excluded_direct_neighbor_of_evaluation,300,20560902,internal_test|model_selection_validation|new_external_blind
useq01907,1,excluded_buffer,excluded_direct_neighbor_of_evaluation,300,20560902,internal_test|model_selection_validation|new_external_blind
useq01910,1,excluded_buffer,excluded_direct_neighbor_of_evaluation,300,20560902,internal_test|model_selection_validation|new_external_blind
useq01923,1,excluded_buffer,excluded_direct_neighbor_of_evaluation,300,20560902,internal_test|model_selection_validation|new_external_blind
useq01930,1,excluded_buffer,excluded_direct_neighbor_of_evaluation,300,20560902,internal_test|model_selection_validation|new_external_blind
useq01932,1,excluded_buffer,excluded_direct_neighbor_of_evaluation,300,20560902,internal_test|model_selection_validation|new_external_blind
useq01947,1,excluded_buffer,excluded_direct_neighbor_of_evaluation,300,20560902,internal_test|model_selection_validation|new_external_blind
useq01950,1,excluded_buffer,excluded_direct_neighbor_of_evaluation,300,20560902,internal_test|model_selection_validation|new_external_blind
useq01952,1,excluded_buffer,excluded_direct_neighbor_of_evaluation,300,20560902,internal_test|model_selection_validation|new_external_blind
useq01961,1,excluded_buffer,excluded_direct_neighbor_of_evaluation,300,20560902,internal_test|model_selection_validation|new_external_blind
useq01971,2,excluded_buffer,excluded_direct_neighbor_of_evaluation,300,20560902,internal_test|model_selection_validation|new_external_blind
useq01975,1,excluded_buffer,excluded_direct_neighbor_of_evaluation,300,20560902,internal_test|model_selection_validation|new_external_blind
useq01978,1,excluded_buffer,excluded_direct_neighbor_of_evaluation,300,20560902,internal_test|model_selection_validation|new_external_blind
useq01981,1,excluded_buffer,excluded_direct_neighbor_of_evaluation,300,20560902,internal_test|model_selection_validation|new_external_blind
useq01982,1,excluded_buffer,excluded_direct_neighbor_of_evaluation,300,20560902,internal_test|model_selection_validation|new_external_blind
useq01983,1,excluded_buffer,excluded_direct_neighbor_of_evaluation,300,20560902,internal_test|model_selection_validation|new_external_blind
useq01987,1,excluded_buffer,excluded_direct_neighbor_of_evaluation,300,20560902,internal_test|model_selection_validation|new_external_blind
useq01988,1,excluded_buffer,excluded_direct_neighbor_of_evaluation,300,20560902,internal_test|model_selection_validation|new_external_blind
useq01992,1,excluded_buffer,excluded_direct_neighbor_of_evaluation,300,20560902,internal_test|model_selection_validation|new_external_blind
useq01999,1,excluded_buffer,excluded_direct_neighbor_of_evaluation,300,20560902,internal_test|model_selection_validation|new_external_blind
useq02001,1,excluded_buffer,excluded_direct_neighbor_of_evaluation,300,20560902,internal_test|model_selection_validation|new_external_blind
useq02003,1,excluded_buffer,excluded_direct_neighbor_of_evaluation,300,20560902,internal_test|model_selection_validation|new_external_blind
useq02006,1,excluded_buffer,excluded_direct_neighbor_of_evaluation,300,20560902,internal_test|model_selection_validation|new_external_blind
useq02007,1,excluded_buffer,excluded_direct_neighbor_of_evaluation,300,20560902,internal_test|model_selection_validation|new_external_blind
useq02008,1,excluded_buffer,excluded_direct_neighbor_of_evaluation,300,20560902,internal_test|model_selection_validation|new_external_blind
useq02009,3,excluded_buffer,excluded_direct_neighbor_of_evaluation,300,20560902,internal_test|model_selection_validation|new_external_blind
useq02010,1,excluded_buffer,excluded_direct_neighbor_of_evaluation,300,20560902,internal_test|model_selection_validation|new_external_blind
useq02013,1,excluded_buffer,excluded_direct_neighbor_of_evaluation,300,20560902,internal_test|model_selection_validation|new_external_blind
useq02017,1,excluded_buffer,excluded_direct_neighbor_of_evaluation,300,20560902,internal_test|model_selection_validation|new_external_blind
useq02018,1,excluded_buffer,excluded_direct_neighbor_of_evaluation,300,20560902,internal_test|model_selection_validation|new_external_blind
useq02022,1,excluded_buffer,excluded_direct_neighbor_of_evaluation,300,20560902,internal_test|model_selection_validation|new_external_blind
useq02023,1,excluded_buffer,excluded_direct_neighbor_of_evaluation,300,20560902,internal_test|model_selection_validation|new_external_blind
useq02025,1,excluded_buffer,excluded_direct_neighbor_of_evaluation,300,20560902,internal_test|model_selection_validation|new_external_blind
useq02026,1,excluded_buffer,excluded_direct_neighbor_of_evaluation,300,20560902,internal_test|model_selection_validation|new_external_blind
useq02030,1,excluded_buffer,excluded_direct_neighbor_of_evaluation,300,20560902,internal_test|model_selection_validation|new_external_blind
useq02038,1,excluded_buffer,excluded_direct_neighbor_of_evaluation,300,20560902,internal_test|model_selection_validation|new_external_blind
useq02053,1,excluded_buffer,excluded_direct_neighbor_of_evaluation,300,20560902,internal_test|model_selection_validation|new_external_blind
useq02059,1,excluded_buffer,excluded_direct_neighbor_of_evaluation,300,20560902,internal_test|model_selection_validation|new_external_blind
useq02065,1,excluded_buffer,excluded_direct_neighbor_of_evaluation,300,20560902,internal_test|model_selection_validation|new_external_blind
useq02066,1,excluded_buffer,excluded_direct_neighbor_of_evaluation,300,20560902,internal_test|model_selection_validation|new_external_blind
useq02070,1,excluded_buffer,excluded_direct_neighbor_of_evaluation,300,20560902,internal_test|model_selection_validation|new_external_blind
useq02075,1,excluded_buffer,excluded_direct_neighbor_of_evaluation,300,20560902,internal_test|model_selection_validation|new_external_blind
useq02078,1,excluded_buffer,excluded_direct_neighbor_of_evaluation,300,20560902,internal_test|model_selection_validation|new_external_blind
useq02083,1,excluded_buffer,excluded_direct_neighbor_of_evaluation,300,20560902,internal_test|model_selection_validation|new_external_blind
useq02084,1,excluded_buffer,excluded_direct_neighbor_of_evaluation,300,20560902,internal_test|model_selection_validation|new_external_blind
useq02086,1,excluded_buffer,excluded_direct_neighbor_of_evaluation,300,20560902,internal_test|model_selection_validation|new_external_blind
useq02087,1,excluded_buffer,excluded_direct_neighbor_of_evaluation,300,20560902,internal_test|model_selection_validation|new_external_blind
useq02088,1,excluded_buffer,excluded_direct_neighbor_of_evaluation,300,20560902,internal_test|model_selection_validation|new_external_blind
useq02090,1,excluded_buffer,excluded_direct_neighbor_of_evaluation,300,20560902,internal_test|model_selection_validation|new_external_blind
useq02094,2,excluded_buffer,excluded_direct_neighbor_of_evaluation,300,20560902,internal_test|model_selection_validation|new_external_blind
useq02097,2,excluded_buffer,excluded_direct_neighbor_of_evaluation,300,20560902,internal_test|model_selection_validation|new_external_blind
useq02102,1,excluded_buffer,excluded_direct_neighbor_of_evaluation,300,20560902,internal_test|model_selection_validation|new_external_blind
useq02106,1,excluded_buffer,excluded_direct_neighbor_of_evaluation,300,20560902,internal_test|model_selection_validation|new_external_blind
useq02107,1,excluded_buffer,excluded_direct_neighbor_of_evaluation,300,20560902,internal_test|model_selection_validation|new_external_blind
useq02117,1,excluded_buffer,excluded_direct_neighbor_of_evaluation,300,20560902,internal_test|model_selection_validation|new_external_blind
useq02121,1,excluded_buffer,excluded_direct_neighbor_of_evaluation,300,20560902,internal_test|model_selection_validation|new_external_blind
useq02123,1,excluded_buffer,excluded_direct_neighbor_of_evaluation,300,20560902,internal_test|model_selection_validation|new_external_blind
useq02130,1,excluded_buffer,excluded_direct_neighbor_of_evaluation,300,20560902,internal_test|model_selection_validation|new_external_blind
useq02138,1,excluded_buffer,excluded_direct_neighbor_of_evaluation,300,20560902,internal_test|model_selection_validation|new_external_blind
useq02139,1,excluded_buffer,excluded_direct_neighbor_of_evaluation,300,20560902,internal_test|model_selection_validation|new_external_blind
useq02141,1,excluded_buffer,excluded_direct_neighbor_of_evaluation,300,20560902,internal_test|model_selection_validation|new_external_blind
useq02157,2,excluded_buffer,excluded_direct_neighbor_of_evaluation,300,20560902,internal_test|model_selection_validation|new_external_blind
useq02162,1,excluded_buffer,excluded_direct_neighbor_of_evaluation,300,20560902,internal_test|model_selection_validation|new_external_blind
useq02165,1,excluded_buffer,excluded_direct_neighbor_of_evaluation,300,20560902,internal_test|model_selection_validation|new_external_blind
useq02167,1,excluded_buffer,excluded_direct_neighbor_of_evaluation,300,20560902,internal_test|model_selection_validation|new_external_blind
useq02178,1,excluded_buffer,excluded_direct_neighbor_of_evaluation,300,20560902,internal_test|model_selection_validation|new_external_blind
useq02193,1,excluded_buffer,excluded_direct_neighbor_of_evaluation,300,20560902,internal_test|model_selection_validation|new_external_blind
useq02208,1,excluded_buffer,excluded_direct_neighbor_of_evaluation,300,20560902,internal_test|model_selection_validation|new_external_blind
useq02213,1,excluded_buffer,excluded_direct_neighbor_of_evaluation,300,20560902,internal_test|model_selection_validation|new_external_blind
useq02217,1,excluded_buffer,excluded_direct_neighbor_of_evaluation,300,20560902,internal_test|model_selection_validation|new_external_blind
useq02219,2,excluded_buffer,excluded_direct_neighbor_of_evaluation,300,20560902,internal_test|model_selection_validation|new_external_blind
useq02220,1,excluded_buffer,excluded_direct_neighbor_of_evaluation,300,20560902,internal_test|model_selection_validation|new_external_blind
useq02222,1,excluded_buffer,excluded_direct_neighbor_of_evaluation,300,20560902,internal_test|model_selection_validation|new_external_blind
useq02232,1,excluded_buffer,excluded_direct_neighbor_of_evaluation,300,20560902,internal_test|model_selection_validation|new_external_blind
useq02238,1,excluded_buffer,excluded_direct_neighbor_of_evaluation,300,20560902,internal_test|model_selection_validation|new_external_blind
useq02240,1,excluded_buffer,excluded_direct_neighbor_of_evaluation,300,20560902,internal_test|model_selection_validation|new_external_blind
useq02246,1,excluded_buffer,excluded_direct_neighbor_of_evaluation,300,20560902,internal_test|model_selection_validation|new_external_blind
useq02254,1,excluded_buffer,excluded_direct_neighbor_of_evaluation,300,20560902,internal_test|model_selection_validation|new_external_blind
useq02255,2,excluded_buffer,excluded_direct_neighbor_of_evaluation,300,20560902,internal_test|model_selection_validation|new_external_blind
useq02257,1,excluded_buffer,excluded_direct_neighbor_of_evaluation,300,20560902,internal_test|model_selection_validation|new_external_blind
useq02258,1,excluded_buffer,excluded_direct_neighbor_of_evaluation,300,20560902,internal_test|model_selection_validation|new_external_blind
useq02263,1,excluded_buffer,excluded_direct_neighbor_of_evaluation,300,20560902,internal_test|model_selection_validation|new_external_blind
useq02276,1,excluded_buffer,excluded_direct_neighbor_of_evaluation,300,20560902,internal_test|model_selection_validation|new_external_blind
useq02277,1,excluded_buffer,excluded_direct_neighbor_of_evaluation,300,20560902,internal_test|model_selection_validation|new_external_blind
useq02283,1,excluded_buffer,excluded_direct_neighbor_of_evaluation,300,20560902,internal_test|model_selection_validation|new_external_blind
useq02284,1,excluded_buffer,excluded_direct_neighbor_of_evaluation,300,20560902,internal_test|model_selection_validation|new_external_blind
useq02285,2,excluded_buffer,excluded_direct_neighbor_of_evaluation,300,20560902,internal_test|model_selection_validation|new_external_blind
useq02287,2,excluded_buffer,excluded_direct_neighbor_of_evaluation,300,20560902,internal_test|model_selection_validation|new_external_blind
useq02292,1,excluded_buffer,excluded_direct_neighbor_of_evaluation,300,20560902,internal_test|model_selection_validation|new_external_blind
useq02305,1,excluded_buffer,excluded_direct_neighbor_of_evaluation,300,20560902,internal_test|model_selection_validation|new_external_blind
useq02309,1,excluded_buffer,excluded_direct_neighbor_of_evaluation,300,20560902,internal_test|model_selection_validation|new_external_blind
useq02310,1,excluded_buffer,excluded_direct_neighbor_of_evaluation,300,20560902,internal_test|model_selection_validation|new_external_blind
useq02311,1,excluded_buffer,excluded_direct_neighbor_of_evaluation,300,20560902,internal_test|model_selection_validation|new_external_blind
useq02312,1,excluded_buffer,excluded_direct_neighbor_of_evaluation,300,20560902,internal_test|model_selection_validation|new_external_blind
useq02314,1,excluded_buffer,excluded_direct_neighbor_of_evaluation,300,20560902,internal_test|model_selection_validation|new_external_blind
useq02315,1,excluded_buffer,excluded_direct_neighbor_of_evaluation,300,20560902,internal_test|model_selection_validation|new_external_blind
useq02319,1,excluded_buffer,excluded_direct_neighbor_of_evaluation,300,20560902,internal_test|model_selection_validation|new_external_blind
useq02323,1,excluded_buffer,excluded_direct_neighbor_of_evaluation,300,20560902,internal_test|model_selection_validation|new_external_blind
useq02324,1,excluded_buffer,excluded_direct_neighbor_of_evaluation,300,20560902,internal_test|model_selection_validation|new_external_blind
useq02325,1,excluded_buffer,excluded_direct_neighbor_of_evaluation,300,20560902,internal_test|model_selection_validation|new_external_blind
useq02328,1,excluded_buffer,excluded_direct_neighbor_of_evaluation,300,20560902,internal_test|model_selection_validation|new_external_blind
useq02329,1,excluded_buffer,excluded_direct_neighbor_of_evaluation,300,20560902,internal_test|model_selection_validation|new_external_blind
useq02338,1,excluded_buffer,excluded_direct_neighbor_of_evaluation,300,20560902,internal_test|model_selection_validation|new_external_blind
useq02342,1,excluded_buffer,excluded_direct_neighbor_of_evaluation,300,20560902,internal_test|model_selection_validation|new_external_blind
useq02345,2,excluded_buffer,excluded_direct_neighbor_of_evaluation,300,20560902,internal_test|model_selection_validation|new_external_blind
useq02351,1,excluded_buffer,excluded_direct_neighbor_of_evaluation,300,20560902,internal_test|model_selection_validation|new_external_blind
useq02353,1,excluded_buffer,excluded_direct_neighbor_of_evaluation,300,20560902,internal_test|model_selection_validation|new_external_blind
useq02365,1,excluded_buffer,excluded_direct_neighbor_of_evaluation,300,20560902,internal_test|model_selection_validation|new_external_blind
useq02366,1,excluded_buffer,excluded_direct_neighbor_of_evaluation,300,20560902,internal_test|model_selection_validation|new_external_blind
useq02374,1,excluded_buffer,excluded_direct_neighbor_of_evaluation,300,20560902,internal_test|model_selection_validation|new_external_blind
useq02378,1,excluded_buffer,excluded_direct_neighbor_of_evaluation,300,20560902,internal_test|model_selection_validation|new_external_blind
useq02382,1,excluded_buffer,excluded_direct_neighbor_of_evaluation,300,20560902,internal_test|model_selection_validation|new_external_blind
useq02391,1,excluded_buffer,excluded_direct_neighbor_of_evaluation,300,20560902,internal_test|model_selection_validation|new_external_blind
useq02392,1,excluded_buffer,excluded_direct_neighbor_of_evaluation,300,20560902,internal_test|model_selection_validation|new_external_blind
useq02394,1,excluded_buffer,excluded_direct_neighbor_of_evaluation,300,20560902,internal_test|model_selection_validation|new_external_blind
useq02396,1,excluded_buffer,excluded_direct_neighbor_of_evaluation,300,20560902,internal_test|model_selection_validation|new_external_blind
useq02398,1,excluded_buffer,excluded_direct_neighbor_of_evaluation,300,20560902,internal_test|model_selection_validation|new_external_blind
useq02402,1,excluded_buffer,excluded_direct_neighbor_of_evaluation,300,20560902,internal_test|model_selection_validation|new_external_blind
useq02413,1,excluded_buffer,excluded_direct_neighbor_of_evaluation,300,20560902,internal_test|model_selection_validation|new_external_blind
useq02415,1,excluded_buffer,excluded_direct_neighbor_of_evaluation,300,20560902,internal_test|model_selection_validation|new_external_blind
useq02418,1,excluded_buffer,excluded_direct_neighbor_of_evaluation,300,20560902,internal_test|model_selection_validation|new_external_blind
useq02426,1,excluded_buffer,excluded_direct_neighbor_of_evaluation,300,20560902,internal_test|model_selection_validation|new_external_blind
useq02428,4,excluded_buffer,excluded_direct_neighbor_of_evaluation,300,20560902,internal_test|model_selection_validation|new_external_blind
useq02429,1,excluded_buffer,excluded_direct_neighbor_of_evaluation,300,20560902,internal_test|model_selection_validation|new_external_blind
useq02432,1,excluded_buffer,excluded_direct_neighbor_of_evaluation,300,20560902,internal_test|model_selection_validation|new_external_blind
useq02436,1,excluded_buffer,excluded_direct_neighbor_of_evaluation,300,20560902,internal_test|model_selection_validation|new_external_blind
useq02440,1,excluded_buffer,excluded_direct_neighbor_of_evaluation,300,20560902,internal_test|model_selection_validation|new_external_blind
useq02443,1,excluded_buffer,excluded_direct_neighbor_of_evaluation,300,20560902,internal_test|model_selection_validation|new_external_blind
useq02453,1,excluded_buffer,excluded_direct_neighbor_of_evaluation,300,20560902,internal_test|model_selection_validation|new_external_blind
useq02456,1,excluded_buffer,excluded_direct_neighbor_of_evaluation,300,20560902,internal_test|model_selection_validation|new_external_blind
useq02459,1,excluded_buffer,excluded_direct_neighbor_of_evaluation,300,20560902,internal_test|model_selection_validation|new_external_blind
useq02467,1,excluded_buffer,excluded_direct_neighbor_of_evaluation,300,20560902,internal_test|model_selection_validation|new_external_blind
useq02472,1,excluded_buffer,excluded_direct_neighbor_of_evaluation,300,20560902,internal_test|model_selection_validation|new_external_blind
useq02477,1,excluded_buffer,excluded_direct_neighbor_of_evaluation,300,20560902,internal_test|model_selection_validation|new_external_blind
useq02493,1,excluded_buffer,excluded_direct_neighbor_of_evaluation,300,20560902,internal_test|model_selection_validation|new_external_blind
useq02494,1,excluded_buffer,excluded_direct_neighbor_of_evaluation,300,20560902,internal_test|model_selection_validation|new_external_blind
useq02496,1,excluded_buffer,excluded_direct_neighbor_of_evaluation,300,20560902,internal_test|model_selection_validation|new_external_blind
useq02500,1,excluded_buffer,excluded_direct_neighbor_of_evaluation,300,20560902,internal_test|model_selection_validation|new_external_blind
useq02502,1,excluded_buffer,excluded_direct_neighbor_of_evaluation,300,20560902,internal_test|model_selection_validation|new_external_blind
useq02507,1,excluded_buffer,excluded_direct_neighbor_of_evaluation,300,20560902,internal_test|model_selection_validation|new_external_blind
useq02509,1,excluded_buffer,excluded_direct_neighbor_of_evaluation,300,20560902,internal_test|model_selection_validation|new_external_blind
useq02521,1,excluded_buffer,excluded_direct_neighbor_of_evaluation,300,20560902,internal_test|model_selection_validation|new_external_blind
useq02524,1,excluded_buffer,excluded_direct_neighbor_of_evaluation,300,20560902,internal_test|model_selection_validation|new_external_blind
useq02527,1,excluded_buffer,excluded_direct_neighbor_of_evaluation,300,20560902,internal_test|model_selection_validation|new_external_blind
useq02529,1,excluded_buffer,excluded_direct_neighbor_of_evaluation,300,20560902,internal_test|model_selection_validation|new_external_blind
useq02530,1,excluded_buffer,excluded_direct_neighbor_of_evaluation,300,20560902,internal_test|model_selection_validation|new_external_blind
useq02531,1,excluded_buffer,excluded_direct_neighbor_of_evaluation,300,20560902,internal_test|model_selection_validation|new_external_blind
useq02535,1,excluded_buffer,excluded_direct_neighbor_of_evaluation,300,20560902,internal_test|model_selection_validation|new_external_blind
useq02537,1,excluded_buffer,excluded_direct_neighbor_of_evaluation,300,20560902,internal_test|model_selection_validation|new_external_blind
useq02546,1,excluded_buffer,excluded_direct_neighbor_of_evaluation,300,20560902,internal_test|model_selection_validation|new_external_blind
useq02549,1,excluded_buffer,excluded_direct_neighbor_of_evaluation,300,20560902,internal_test|model_selection_validation|new_external_blind
useq02558,1,excluded_buffer,excluded_direct_neighbor_of_evaluation,300,20560902,internal_test|model_selection_validation|new_external_blind
useq02559,1,excluded_buffer,excluded_direct_neighbor_of_evaluation,300,20560902,internal_test|model_selection_validation|new_external_blind
useq02563,1,excluded_buffer,excluded_direct_neighbor_of_evaluation,300,20560902,internal_test|model_selection_validation|new_external_blind
useq02567,1,excluded_buffer,excluded_direct_neighbor_of_evaluation,300,20560902,internal_test|model_selection_validation|new_external_blind
useq02568,1,excluded_buffer,excluded_direct_neighbor_of_evaluation,300,20560902,internal_test|model_selection_validation|new_external_blind
useq02576,1,excluded_buffer,excluded_direct_neighbor_of_evaluation,300,20560902,internal_test|model_selection_validation|new_external_blind
useq02580,1,excluded_buffer,excluded_direct_neighbor_of_evaluation,300,20560902,internal_test|model_selection_validation|new_external_blind
useq02584,1,excluded_buffer,excluded_direct_neighbor_of_evaluation,300,20560902,internal_test|model_selection_validation|new_external_blind
useq02591,1,excluded_buffer,excluded_direct_neighbor_of_evaluation,300,20560902,internal_test|model_selection_validation|new_external_blind
useq02595,1,excluded_buffer,excluded_direct_neighbor_of_evaluation,300,20560902,internal_test|model_selection_validation|new_external_blind
useq02613,1,excluded_buffer,excluded_direct_neighbor_of_evaluation,300,20560902,internal_test|model_selection_validation|new_external_blind
useq02614,1,excluded_buffer,excluded_direct_neighbor_of_evaluation,300,20560902,internal_test|model_selection_validation|new_external_blind
useq02616,1,excluded_buffer,excluded_direct_neighbor_of_evaluation,300,20560902,internal_test|model_selection_validation|new_external_blind
useq02622,1,excluded_buffer,excluded_direct_neighbor_of_evaluation,300,20560902,internal_test|model_selection_validation|new_external_blind
useq02623,1,excluded_buffer,excluded_direct_neighbor_of_evaluation,300,20560902,internal_test|model_selection_validation|new_external_blind
useq02625,1,excluded_buffer,excluded_direct_neighbor_of_evaluation,300,20560902,internal_test|model_selection_validation|new_external_blind
useq02628,1,excluded_buffer,excluded_direct_neighbor_of_evaluation,300,20560902,internal_test|model_selection_validation|new_external_blind
useq02644,1,excluded_buffer,excluded_direct_neighbor_of_evaluation,300,20560902,internal_test|model_selection_validation|new_external_blind
useq02648,1,excluded_buffer,excluded_direct_neighbor_of_evaluation,300,20560902,internal_test|model_selection_validation|new_external_blind
useq02652,1,excluded_buffer,excluded_direct_neighbor_of_evaluation,300,20560902,internal_test|model_selection_validation|new_external_blind
useq02654,1,excluded_buffer,excluded_direct_neighbor_of_evaluation,300,20560902,internal_test|model_selection_validation|new_external_blind
useq02657,1,excluded_buffer,excluded_direct_neighbor_of_evaluation,300,20560902,internal_test|model_selection_validation|new_external_blind
useq02663,1,excluded_buffer,excluded_direct_neighbor_of_evaluation,300,20560902,internal_test|model_selection_validation|new_external_blind
useq02665,1,excluded_buffer,excluded_direct_neighbor_of_evaluation,300,20560902,internal_test|model_selection_validation|new_external_blind
useq02668,1,excluded_buffer,excluded_direct_neighbor_of_evaluation,300,20560902,internal_test|model_selection_validation|new_external_blind
useq02670,1,excluded_buffer,excluded_direct_neighbor_of_evaluation,300,20560902,internal_test|model_selection_validation|new_external_blind
useq02676,1,excluded_buffer,excluded_direct_neighbor_of_evaluation,300,20560902,internal_test|model_selection_validation|new_external_blind
useq02682,1,excluded_buffer,excluded_direct_neighbor_of_evaluation,300,20560902,internal_test|model_selection_validation|new_external_blind
useq02684,1,excluded_buffer,excluded_direct_neighbor_of_evaluation,300,20560902,internal_test|model_selection_validation|new_external_blind
useq02690,1,excluded_buffer,excluded_direct_neighbor_of_evaluation,300,20560902,internal_test|model_selection_validation|new_external_blind
useq02692,1,excluded_buffer,excluded_direct_neighbor_of_evaluation,300,20560902,internal_test|model_selection_validation|new_external_blind
useq02696,1,excluded_buffer,excluded_direct_neighbor_of_evaluation,300,20560902,internal_test|model_selection_validation|new_external_blind
useq02704,1,excluded_buffer,excluded_direct_neighbor_of_evaluation,300,20560902,internal_test|model_selection_validation|new_external_blind
useq02714,1,excluded_buffer,excluded_direct_neighbor_of_evaluation,300,20560902,internal_test|model_selection_validation|new_external_blind
useq02717,1,excluded_buffer,excluded_direct_neighbor_of_evaluation,300,20560902,internal_test|model_selection_validation|new_external_blind
useq02725,1,excluded_buffer,excluded_direct_neighbor_of_evaluation,300,20560902,internal_test|model_selection_validation|new_external_blind
useq02735,1,excluded_buffer,excluded_direct_neighbor_of_evaluation,300,20560902,internal_test|model_selection_validation|new_external_blind
useq02737,1,excluded_buffer,excluded_direct_neighbor_of_evaluation,300,20560902,internal_test|model_selection_validation|new_external_blind
useq02738,1,excluded_buffer,excluded_direct_neighbor_of_evaluation,300,20560902,internal_test|model_selection_validation|new_external_blind
useq02739,1,excluded_buffer,excluded_direct_neighbor_of_evaluation,300,20560902,internal_test|model_selection_validation|new_external_blind
useq02746,1,excluded_buffer,excluded_direct_neighbor_of_evaluation,300,20560902,internal_test|model_selection_validation|new_external_blind
useq02754,1,excluded_buffer,excluded_direct_neighbor_of_evaluation,300,20560902,internal_test|model_selection_validation|new_external_blind
useq02771,1,excluded_buffer,excluded_direct_neighbor_of_evaluation,300,20560902,internal_test|model_selection_validation|new_external_blind
useq02774,2,excluded_buffer,excluded_direct_neighbor_of_evaluation,300,20560902,internal_test|model_selection_validation|new_external_blind
useq02776,1,excluded_buffer,excluded_direct_neighbor_of_evaluation,300,20560902,internal_test|model_selection_validation|new_external_blind
useq02780,1,excluded_buffer,excluded_direct_neighbor_of_evaluation,300,20560902,internal_test|model_selection_validation|new_external_blind
useq02787,1,excluded_buffer,excluded_direct_neighbor_of_evaluation,300,20560902,internal_test|model_selection_validation|new_external_blind
useq02794,1,excluded_buffer,excluded_direct_neighbor_of_evaluation,300,20560902,internal_test|model_selection_validation|new_external_blind
useq02799,1,excluded_buffer,excluded_direct_neighbor_of_evaluation,300,20560902,internal_test|model_selection_validation|new_external_blind
useq02803,1,excluded_buffer,excluded_direct_neighbor_of_evaluation,300,20560902,internal_test|model_selection_validation|new_external_blind
useq02810,1,excluded_buffer,excluded_direct_neighbor_of_evaluation,300,20560902,internal_test|model_selection_validation|new_external_blind
useq02811,1,excluded_buffer,excluded_direct_neighbor_of_evaluation,300,20560902,internal_test|model_selection_validation|new_external_blind
useq02818,1,excluded_buffer,excluded_direct_neighbor_of_evaluation,300,20560902,internal_test|model_selection_validation|new_external_blind
useq02825,1,excluded_buffer,excluded_direct_neighbor_of_evaluation,300,20560902,internal_test|model_selection_validation|new_external_blind
useq02827,1,excluded_buffer,excluded_direct_neighbor_of_evaluation,300,20560902,internal_test|model_selection_validation|new_external_blind
useq02835,1,excluded_buffer,excluded_direct_neighbor_of_evaluation,300,20560902,internal_test|model_selection_validation|new_external_blind
useq02837,1,excluded_buffer,excluded_direct_neighbor_of_evaluation,300,20560902,internal_test|model_selection_validation|new_external_blind
useq02840,1,excluded_buffer,excluded_direct_neighbor_of_evaluation,300,20560902,internal_test|model_selection_validation|new_external_blind
useq02848,1,excluded_buffer,excluded_direct_neighbor_of_evaluation,300,20560902,internal_test|model_selection_validation|new_external_blind
useq02849,3,excluded_buffer,excluded_direct_neighbor_of_evaluation,300,20560902,internal_test|model_selection_validation|new_external_blind
useq02854,1,excluded_buffer,excluded_direct_neighbor_of_evaluation,300,20560902,internal_test|model_selection_validation|new_external_blind
useq02856,1,excluded_buffer,excluded_direct_neighbor_of_evaluation,300,20560902,internal_test|model_selection_validation|new_external_blind
useq02873,1,excluded_buffer,excluded_direct_neighbor_of_evaluation,300,20560902,internal_test|model_selection_validation|new_external_blind
useq02874,1,excluded_buffer,excluded_direct_neighbor_of_evaluation,300,20560902,internal_test|model_selection_validation|new_external_blind
useq02876,1,excluded_buffer,excluded_direct_neighbor_of_evaluation,300,20560902,internal_test|model_selection_validation|new_external_blind
useq02885,1,excluded_buffer,excluded_direct_neighbor_of_evaluation,300,20560902,internal_test|model_selection_validation|new_external_blind
useq02896,1,excluded_buffer,excluded_direct_neighbor_of_evaluation,300,20560902,internal_test|model_selection_validation|new_external_blind
useq02902,1,excluded_buffer,excluded_direct_neighbor_of_evaluation,300,20560902,internal_test|model_selection_validation|new_external_blind
useq02903,1,excluded_buffer,excluded_direct_neighbor_of_evaluation,300,20560902,internal_test|model_selection_validation|new_external_blind
useq02919,1,excluded_buffer,excluded_direct_neighbor_of_evaluation,300,20560902,internal_test|model_selection_validation|new_external_blind
useq02923,1,excluded_buffer,excluded_direct_neighbor_of_evaluation,300,20560902,internal_test|model_selection_validation|new_external_blind
useq02926,1,excluded_buffer,excluded_direct_neighbor_of_evaluation,300,20560902,internal_test|model_selection_validation|new_external_blind
useq02927,2,excluded_buffer,excluded_direct_neighbor_of_evaluation,300,20560902,internal_test|model_selection_validation|new_external_blind
useq02937,1,excluded_buffer,excluded_direct_neighbor_of_evaluation,300,20560902,internal_test|model_selection_validation|new_external_blind
useq02940,1,excluded_buffer,excluded_direct_neighbor_of_evaluation,300,20560902,internal_test|model_selection_validation|new_external_blind
useq02944,1,excluded_buffer,excluded_direct_neighbor_of_evaluation,300,20560902,internal_test|model_selection_validation|new_external_blind
useq02952,1,excluded_buffer,excluded_direct_neighbor_of_evaluation,300,20560902,internal_test|model_selection_validation|new_external_blind
useq02954,1,excluded_buffer,excluded_direct_neighbor_of_evaluation,300,20560902,internal_test|model_selection_validation|new_external_blind
useq02956,1,excluded_buffer,excluded_direct_neighbor_of_evaluation,300,20560902,internal_test|model_selection_validation|new_external_blind
useq02957,1,excluded_buffer,excluded_direct_neighbor_of_evaluation,300,20560902,internal_test|model_selection_validation|new_external_blind
useq02967,1,excluded_buffer,excluded_direct_neighbor_of_evaluation,300,20560902,internal_test|model_selection_validation|new_external_blind
useq02971,1,excluded_buffer,excluded_direct_neighbor_of_evaluation,300,20560902,internal_test|model_selection_validation|new_external_blind
useq02972,1,excluded_buffer,excluded_direct_neighbor_of_evaluation,300,20560902,internal_test|model_selection_validation|new_external_blind
useq02974,1,excluded_buffer,excluded_direct_neighbor_of_evaluation,300,20560902,internal_test|model_selection_validation|new_external_blind
useq02975,1,excluded_buffer,excluded_direct_neighbor_of_evaluation,300,20560902,internal_test|model_selection_validation|new_external_blind
useq02978,1,excluded_buffer,excluded_direct_neighbor_of_evaluation,300,20560902,internal_test|model_selection_validation|new_external_blind
useq02985,1,excluded_buffer,excluded_direct_neighbor_of_evaluation,300,20560902,internal_test|model_selection_validation|new_external_blind
useq02991,1,excluded_buffer,excluded_direct_neighbor_of_evaluation,300,20560902,internal_test|model_selection_validation|new_external_blind
useq03002,1,excluded_buffer,excluded_direct_neighbor_of_evaluation,300,20560902,internal_test|model_selection_validation|new_external_blind
useq03005,1,excluded_buffer,excluded_direct_neighbor_of_evaluation,300,20560902,internal_test|model_selection_validation|new_external_blind
useq03017,1,excluded_buffer,excluded_direct_neighbor_of_evaluation,300,20560902,internal_test|model_selection_validation|new_external_blind
useq03018,1,excluded_buffer,excluded_direct_neighbor_of_evaluation,300,20560902,internal_test|model_selection_validation|new_external_blind
useq03019,1,excluded_buffer,excluded_direct_neighbor_of_evaluation,300,20560902,internal_test|model_selection_validation|new_external_blind
useq03026,1,excluded_buffer,excluded_direct_neighbor_of_evaluation,300,20560902,internal_test|model_selection_validation|new_external_blind
useq03027,1,excluded_buffer,excluded_direct_neighbor_of_evaluation,300,20560902,internal_test|model_selection_validation|new_external_blind
useq03028,1,excluded_buffer,excluded_direct_neighbor_of_evaluation,300,20560902,internal_test|model_selection_validation|new_external_blind
useq03033,1,excluded_buffer,excluded_direct_neighbor_of_evaluation,300,20560902,internal_test|model_selection_validation|new_external_blind
useq03036,1,excluded_buffer,excluded_direct_neighbor_of_evaluation,300,20560902,internal_test|model_selection_validation|new_external_blind
useq03041,2,excluded_buffer,excluded_direct_neighbor_of_evaluation,300,20560902,internal_test|model_selection_validation|new_external_blind
useq03046,1,excluded_buffer,excluded_direct_neighbor_of_evaluation,300,20560902,internal_test|model_selection_validation|new_external_blind
useq03050,1,excluded_buffer,excluded_direct_neighbor_of_evaluation,300,20560902,internal_test|model_selection_validation|new_external_blind
useq03062,1,excluded_buffer,excluded_direct_neighbor_of_evaluation,300,20560902,internal_test|model_selection_validation|new_external_blind
useq03063,1,excluded_buffer,excluded_direct_neighbor_of_evaluation,300,20560902,internal_test|model_selection_validation|new_external_blind
useq03067,1,excluded_buffer,excluded_direct_neighbor_of_evaluation,300,20560902,internal_test|model_selection_validation|new_external_blind
useq03069,1,excluded_buffer,excluded_direct_neighbor_of_evaluation,300,20560902,internal_test|model_selection_validation|new_external_blind
useq03072,1,excluded_buffer,excluded_direct_neighbor_of_evaluation,300,20560902,internal_test|model_selection_validation|new_external_blind
useq03083,1,excluded_buffer,excluded_direct_neighbor_of_evaluation,300,20560902,internal_test|model_selection_validation|new_external_blind
useq03084,1,excluded_buffer,excluded_direct_neighbor_of_evaluation,300,20560902,internal_test|model_selection_validation|new_external_blind
useq03088,1,excluded_buffer,excluded_direct_neighbor_of_evaluation,300,20560902,internal_test|model_selection_validation|new_external_blind
useq03105,1,excluded_buffer,excluded_direct_neighbor_of_evaluation,300,20560902,internal_test|model_selection_validation|new_external_blind
useq03119,1,excluded_buffer,excluded_direct_neighbor_of_evaluation,300,20560902,internal_test|model_selection_validation|new_external_blind
useq03123,1,excluded_buffer,excluded_direct_neighbor_of_evaluation,300,20560902,internal_test|model_selection_validation|new_external_blind
useq03127,1,excluded_buffer,excluded_direct_neighbor_of_evaluation,300,20560902,internal_test|model_selection_validation|new_external_blind
useq03128,1,excluded_buffer,excluded_direct_neighbor_of_evaluation,300,20560902,internal_test|model_selection_validation|new_external_blind
useq03134,1,excluded_buffer,excluded_direct_neighbor_of_evaluation,300,20560902,internal_test|model_selection_validation|new_external_blind
useq03147,1,excluded_buffer,excluded_direct_neighbor_of_evaluation,300,20560902,internal_test|model_selection_validation|new_external_blind
useq03151,1,excluded_buffer,excluded_direct_neighbor_of_evaluation,300,20560902,internal_test|model_selection_validation|new_external_blind
useq03157,1,excluded_buffer,excluded_direct_neighbor_of_evaluation,300,20560902,internal_test|model_selection_validation|new_external_blind
useq03162,1,excluded_buffer,excluded_direct_neighbor_of_evaluation,300,20560902,internal_test|model_selection_validation|new_external_blind
useq03165,1,excluded_buffer,excluded_direct_neighbor_of_evaluation,300,20560902,internal_test|model_selection_validation|new_external_blind
useq03168,1,excluded_buffer,excluded_direct_neighbor_of_evaluation,300,20560902,internal_test|model_selection_validation|new_external_blind
useq03169,1,excluded_buffer,excluded_direct_neighbor_of_evaluation,300,20560902,internal_test|model_selection_validation|new_external_blind
useq03173,1,excluded_buffer,excluded_direct_neighbor_of_evaluation,300,20560902,internal_test|model_selection_validation|new_external_blind
useq03176,1,excluded_buffer,excluded_direct_neighbor_of_evaluation,300,20560902,internal_test|model_selection_validation|new_external_blind
useq03179,1,excluded_buffer,excluded_direct_neighbor_of_evaluation,300,20560902,internal_test|model_selection_validation|new_external_blind
useq03186,1,excluded_buffer,excluded_direct_neighbor_of_evaluation,300,20560902,internal_test|model_selection_validation|new_external_blind
useq03193,1,excluded_buffer,excluded_direct_neighbor_of_evaluation,300,20560902,internal_test|model_selection_validation|new_external_blind
useq03214,1,excluded_buffer,excluded_direct_neighbor_of_evaluation,300,20560902,internal_test|model_selection_validation|new_external_blind
useq03215,1,excluded_buffer,excluded_direct_neighbor_of_evaluation,300,20560902,internal_test|model_selection_validation|new_external_blind
useq03219,1,excluded_buffer,excluded_direct_neighbor_of_evaluation,300,20560902,internal_test|model_selection_validation|new_external_blind
useq03222,1,excluded_buffer,excluded_direct_neighbor_of_evaluation,300,20560902,internal_test|model_selection_validation|new_external_blind
useq03235,1,excluded_buffer,excluded_direct_neighbor_of_evaluation,300,20560902,internal_test|model_selection_validation|new_external_blind
useq03245,1,excluded_buffer,excluded_direct_neighbor_of_evaluation,300,20560902,internal_test|model_selection_validation|new_external_blind
useq03259,1,excluded_buffer,excluded_direct_neighbor_of_evaluation,300,20560902,internal_test|model_selection_validation|new_external_blind
useq03273,1,excluded_buffer,excluded_direct_neighbor_of_evaluation,300,20560902,internal_test|model_selection_validation|new_external_blind
useq03275,1,excluded_buffer,excluded_direct_neighbor_of_evaluation,300,20560902,internal_test|model_selection_validation|new_external_blind
useq03282,1,excluded_buffer,excluded_direct_neighbor_of_evaluation,300,20560902,internal_test|model_selection_validation|new_external_blind
useq03283,1,excluded_buffer,excluded_direct_neighbor_of_evaluation,300,20560902,internal_test|model_selection_validation|new_external_blind
useq03286,1,excluded_buffer,excluded_direct_neighbor_of_evaluation,300,20560902,internal_test|model_selection_validation|new_external_blind
useq03288,2,excluded_buffer,excluded_direct_neighbor_of_evaluation,300,20560902,internal_test|model_selection_validation|new_external_blind
useq03296,1,excluded_buffer,excluded_direct_neighbor_of_evaluation,300,20560902,internal_test|model_selection_validation|new_external_blind
useq03297,1,excluded_buffer,excluded_direct_neighbor_of_evaluation,300,20560902,internal_test|model_selection_validation|new_external_blind
useq03300,1,excluded_buffer,excluded_direct_neighbor_of_evaluation,300,20560902,internal_test|model_selection_validation|new_external_blind
useq03303,1,excluded_buffer,excluded_direct_neighbor_of_evaluation,300,20560902,internal_test|model_selection_validation|new_external_blind
useq03306,1,excluded_buffer,excluded_direct_neighbor_of_evaluation,300,20560902,internal_test|model_selection_validation|new_external_blind
useq03313,1,excluded_buffer,excluded_direct_neighbor_of_evaluation,300,20560902,internal_test|model_selection_validation|new_external_blind
useq03316,1,excluded_buffer,excluded_direct_neighbor_of_evaluation,300,20560902,internal_test|model_selection_validation|new_external_blind
useq03318,1,excluded_buffer,excluded_direct_neighbor_of_evaluation,300,20560902,internal_test|model_selection_validation|new_external_blind
useq03325,1,excluded_buffer,excluded_direct_neighbor_of_evaluation,300,20560902,internal_test|model_selection_validation|new_external_blind
useq03338,1,excluded_buffer,excluded_direct_neighbor_of_evaluation,300,20560902,internal_test|model_selection_validation|new_external_blind
useq03340,1,excluded_buffer,excluded_direct_neighbor_of_evaluation,300,20560902,internal_test|model_selection_validation|new_external_blind
useq03352,1,excluded_buffer,excluded_direct_neighbor_of_evaluation,300,20560902,internal_test|model_selection_validation|new_external_blind
useq03357,1,excluded_buffer,excluded_direct_neighbor_of_evaluation,300,20560902,internal_test|model_selection_validation|new_external_blind
useq03366,1,excluded_buffer,excluded_direct_neighbor_of_evaluation,300,20560902,internal_test|model_selection_validation|new_external_blind
useq03374,2,excluded_buffer,excluded_direct_neighbor_of_evaluation,300,20560902,internal_test|model_selection_validation|new_external_blind
useq03375,1,excluded_buffer,excluded_direct_neighbor_of_evaluation,300,20560902,internal_test|model_selection_validation|new_external_blind
useq03379,1,excluded_buffer,excluded_direct_neighbor_of_evaluation,300,20560902,internal_test|model_selection_validation|new_external_blind
useq03391,1,excluded_buffer,excluded_direct_neighbor_of_evaluation,300,20560902,internal_test|model_selection_validation|new_external_blind
useq03392,1,excluded_buffer,excluded_direct_neighbor_of_evaluation,300,20560902,internal_test|model_selection_validation|new_external_blind
useq03394,1,excluded_buffer,excluded_direct_neighbor_of_evaluation,300,20560902,internal_test|model_selection_validation|new_external_blind
useq03395,1,excluded_buffer,excluded_direct_neighbor_of_evaluation,300,20560902,internal_test|model_selection_validation|new_external_blind
useq03398,1,excluded_buffer,excluded_direct_neighbor_of_evaluation,300,20560902,internal_test|model_selection_validation|new_external_blind
useq03418,1,excluded_buffer,excluded_direct_neighbor_of_evaluation,300,20560902,internal_test|model_selection_validation|new_external_blind
useq03435,1,excluded_buffer,excluded_direct_neighbor_of_evaluation,300,20560902,internal_test|model_selection_validation|new_external_blind
useq03437,1,excluded_buffer,excluded_direct_neighbor_of_evaluation,300,20560902,internal_test|model_selection_validation|new_external_blind
useq03440,1,excluded_buffer,excluded_direct_neighbor_of_evaluation,300,20560902,internal_test|model_selection_validation|new_external_blind
useq03442,1,excluded_buffer,excluded_direct_neighbor_of_evaluation,300,20560902,internal_test|model_selection_validation|new_external_blind
useq03449,1,excluded_buffer,excluded_direct_neighbor_of_evaluation,300,20560902,internal_test|model_selection_validation|new_external_blind
useq03455,1,excluded_buffer,excluded_direct_neighbor_of_evaluation,300,20560902,internal_test|model_selection_validation|new_external_blind
useq03456,1,excluded_buffer,excluded_direct_neighbor_of_evaluation,300,20560902,internal_test|model_selection_validation|new_external_blind
useq03458,1,excluded_buffer,excluded_direct_neighbor_of_evaluation,300,20560902,internal_test|model_selection_validation|new_external_blind
useq03479,1,excluded_buffer,excluded_direct_neighbor_of_evaluation,300,20560902,internal_test|model_selection_validation|new_external_blind
useq03481,1,excluded_buffer,excluded_direct_neighbor_of_evaluation,300,20560902,internal_test|model_selection_validation|new_external_blind
useq03485,1,excluded_buffer,excluded_direct_neighbor_of_evaluation,300,20560902,internal_test|model_selection_validation|new_external_blind
useq03488,1,excluded_buffer,excluded_direct_neighbor_of_evaluation,300,20560902,internal_test|model_selection_validation|new_external_blind
useq03494,1,excluded_buffer,excluded_direct_neighbor_of_evaluation,300,20560902,internal_test|model_selection_validation|new_external_blind
useq03504,1,excluded_buffer,excluded_direct_neighbor_of_evaluation,300,20560902,internal_test|model_selection_validation|new_external_blind
useq03513,1,excluded_buffer,excluded_direct_neighbor_of_evaluation,300,20560902,internal_test|model_selection_validation|new_external_blind
useq03514,1,excluded_buffer,excluded_direct_neighbor_of_evaluation,300,20560902,internal_test|model_selection_validation|new_external_blind
useq03521,1,excluded_buffer,excluded_direct_neighbor_of_evaluation,300,20560902,internal_test|model_selection_validation|new_external_blind
useq03527,3,excluded_buffer,excluded_direct_neighbor_of_evaluation,300,20560902,internal_test|model_selection_validation|new_external_blind
useq03528,1,excluded_buffer,excluded_direct_neighbor_of_evaluation,300,20560902,internal_test|model_selection_validation|new_external_blind
useq03545,1,excluded_buffer,excluded_direct_neighbor_of_evaluation,300,20560902,internal_test|model_selection_validation|new_external_blind
useq03552,1,excluded_buffer,excluded_direct_neighbor_of_evaluation,300,20560902,internal_test|model_selection_validation|new_external_blind
useq03555,1,excluded_buffer,excluded_direct_neighbor_of_evaluation,300,20560902,internal_test|model_selection_validation|new_external_blind
useq03558,2,excluded_buffer,excluded_direct_neighbor_of_evaluation,300,20560902,internal_test|model_selection_validation|new_external_blind
useq03563,1,excluded_buffer,excluded_direct_neighbor_of_evaluation,300,20560902,internal_test|model_selection_validation|new_external_blind
useq03577,1,excluded_buffer,excluded_direct_neighbor_of_evaluation,300,20560902,internal_test|model_selection_validation|new_external_blind
useq03581,1,excluded_buffer,excluded_direct_neighbor_of_evaluation,300,20560902,internal_test|model_selection_validation|new_external_blind
useq03588,1,excluded_buffer,excluded_direct_neighbor_of_evaluation,300,20560902,internal_test|model_selection_validation|new_external_blind
useq03594,1,excluded_buffer,excluded_direct_neighbor_of_evaluation,300,20560902,internal_test|model_selection_validation|new_external_blind
useq03595,1,excluded_buffer,excluded_direct_neighbor_of_evaluation,300,20560902,internal_test|model_selection_validation|new_external_blind
useq03602,1,excluded_buffer,excluded_direct_neighbor_of_evaluation,300,20560902,internal_test|model_selection_validation|new_external_blind
useq03607,1,excluded_buffer,excluded_direct_neighbor_of_evaluation,300,20560902,internal_test|model_selection_validation|new_external_blind
useq03613,1,excluded_buffer,excluded_direct_neighbor_of_evaluation,300,20560902,internal_test|model_selection_validation|new_external_blind
useq03618,1,excluded_buffer,excluded_direct_neighbor_of_evaluation,300,20560902,internal_test|model_selection_validation|new_external_blind
useq03620,1,excluded_buffer,excluded_direct_neighbor_of_evaluation,300,20560902,internal_test|model_selection_validation|new_external_blind
useq03630,1,excluded_buffer,excluded_direct_neighbor_of_evaluation,300,20560902,internal_test|model_selection_validation|new_external_blind
useq03633,1,excluded_buffer,excluded_direct_neighbor_of_evaluation,300,20560902,internal_test|model_selection_validation|new_external_blind
useq03637,1,excluded_buffer,excluded_direct_neighbor_of_evaluation,300,20560902,internal_test|model_selection_validation|new_external_blind
useq03638,1,excluded_buffer,excluded_direct_neighbor_of_evaluation,300,20560902,internal_test|model_selection_validation|new_external_blind
useq03640,1,excluded_buffer,excluded_direct_neighbor_of_evaluation,300,20560902,internal_test|model_selection_validation|new_external_blind
useq03642,1,excluded_buffer,excluded_direct_neighbor_of_evaluation,300,20560902,internal_test|model_selection_validation|new_external_blind
useq03643,3,excluded_buffer,excluded_direct_neighbor_of_evaluation,300,20560902,internal_test|model_selection_validation|new_external_blind
useq03646,1,excluded_buffer,excluded_direct_neighbor_of_evaluation,300,20560902,internal_test|model_selection_validation|new_external_blind
useq03647,1,excluded_buffer,excluded_direct_neighbor_of_evaluation,300,20560902,internal_test|model_selection_validation|new_external_blind
useq03649,1,excluded_buffer,excluded_direct_neighbor_of_evaluation,300,20560902,internal_test|model_selection_validation|new_external_blind
useq03669,1,excluded_buffer,excluded_direct_neighbor_of_evaluation,300,20560902,internal_test|model_selection_validation|new_external_blind
useq03670,1,excluded_buffer,excluded_direct_neighbor_of_evaluation,300,20560902,internal_test|model_selection_validation|new_external_blind
useq03681,1,excluded_buffer,excluded_direct_neighbor_of_evaluation,300,20560902,internal_test|model_selection_validation|new_external_blind
useq03688,1,excluded_buffer,excluded_direct_neighbor_of_evaluation,300,20560902,internal_test|model_selection_validation|new_external_blind
useq03692,1,excluded_buffer,excluded_direct_neighbor_of_evaluation,300,20560902,internal_test|model_selection_validation|new_external_blind
useq03701,1,excluded_buffer,excluded_direct_neighbor_of_evaluation,300,20560902,internal_test|model_selection_validation|new_external_blind
useq03702,1,excluded_buffer,excluded_direct_neighbor_of_evaluation,300,20560902,internal_test|model_selection_validation|new_external_blind
useq03726,1,excluded_buffer,excluded_direct_neighbor_of_evaluation,300,20560902,internal_test|model_selection_validation|new_external_blind
useq03737,1,excluded_buffer,excluded_direct_neighbor_of_evaluation,300,20560902,internal_test|model_selection_validation|new_external_blind
useq03744,1,excluded_buffer,excluded_direct_neighbor_of_evaluation,300,20560902,internal_test|model_selection_validation|new_external_blind
useq03751,1,excluded_buffer,excluded_direct_neighbor_of_evaluation,300,20560902,internal_test|model_selection_validation|new_external_blind
useq03758,1,excluded_buffer,excluded_direct_neighbor_of_evaluation,300,20560902,internal_test|model_selection_validation|new_external_blind
useq03759,1,excluded_buffer,excluded_direct_neighbor_of_evaluation,300,20560902,internal_test|model_selection_validation|new_external_blind
useq03776,2,excluded_buffer,excluded_direct_neighbor_of_evaluation,300,20560902,internal_test|model_selection_validation|new_external_blind
useq03778,1,excluded_buffer,excluded_direct_neighbor_of_evaluation,300,20560902,internal_test|model_selection_validation|new_external_blind
useq03781,1,excluded_buffer,excluded_direct_neighbor_of_evaluation,300,20560902,internal_test|model_selection_validation|new_external_blind
useq03782,1,excluded_buffer,excluded_direct_neighbor_of_evaluation,300,20560902,internal_test|model_selection_validation|new_external_blind
useq03791,1,excluded_buffer,excluded_direct_neighbor_of_evaluation,300,20560902,internal_test|model_selection_validation|new_external_blind
useq03798,1,excluded_buffer,excluded_direct_neighbor_of_evaluation,300,20560902,internal_test|model_selection_validation|new_external_blind
useq03810,1,excluded_buffer,excluded_direct_neighbor_of_evaluation,300,20560902,internal_test|model_selection_validation|new_external_blind
useq03811,2,excluded_buffer,excluded_direct_neighbor_of_evaluation,300,20560902,internal_test|model_selection_validation|new_external_blind
useq03812,1,excluded_buffer,excluded_direct_neighbor_of_evaluation,300,20560902,internal_test|model_selection_validation|new_external_blind
useq03814,1,excluded_buffer,excluded_direct_neighbor_of_evaluation,300,20560902,internal_test|model_selection_validation|new_external_blind
useq03821,1,excluded_buffer,excluded_direct_neighbor_of_evaluation,300,20560902,internal_test|model_selection_validation|new_external_blind
useq03823,1,excluded_buffer,excluded_direct_neighbor_of_evaluation,300,20560902,internal_test|model_selection_validation|new_external_blind
useq03830,1,excluded_buffer,excluded_direct_neighbor_of_evaluation,300,20560902,internal_test|model_selection_validation|new_external_blind
useq03835,1,excluded_buffer,excluded_direct_neighbor_of_evaluation,300,20560902,internal_test|model_selection_validation|new_external_blind
useq03849,1,excluded_buffer,excluded_direct_neighbor_of_evaluation,300,20560902,internal_test|model_selection_validation|new_external_blind
useq03852,1,excluded_buffer,excluded_direct_neighbor_of_evaluation,300,20560902,internal_test|model_selection_validation|new_external_blind
useq03854,1,excluded_buffer,excluded_direct_neighbor_of_evaluation,300,20560902,internal_test|model_selection_validation|new_external_blind
useq03866,1,excluded_buffer,excluded_direct_neighbor_of_evaluation,300,20560902,internal_test|model_selection_validation|new_external_blind
useq03871,1,excluded_buffer,excluded_direct_neighbor_of_evaluation,300,20560902,internal_test|model_selection_validation|new_external_blind
useq03879,2,excluded_buffer,excluded_direct_neighbor_of_evaluation,300,20560902,internal_test|model_selection_validation|new_external_blind
useq03884,1,excluded_buffer,excluded_direct_neighbor_of_evaluation,300,20560902,internal_test|model_selection_validation|new_external_blind
useq03888,1,excluded_buffer,excluded_direct_neighbor_of_evaluation,300,20560902,internal_test|model_selection_validation|new_external_blind
useq03889,1,excluded_buffer,excluded_direct_neighbor_of_evaluation,300,20560902,internal_test|model_selection_validation|new_external_blind
useq03890,1,excluded_buffer,excluded_direct_neighbor_of_evaluation,300,20560902,internal_test|model_selection_validation|new_external_blind
useq03893,1,excluded_buffer,excluded_direct_neighbor_of_evaluation,300,20560902,internal_test|model_selection_validation|new_external_blind
useq03895,1,excluded_buffer,excluded_direct_neighbor_of_evaluation,300,20560902,internal_test|model_selection_validation|new_external_blind
useq03896,1,excluded_buffer,excluded_direct_neighbor_of_evaluation,300,20560902,internal_test|model_selection_validation|new_external_blind
useq03899,1,excluded_buffer,excluded_direct_neighbor_of_evaluation,300,20560902,internal_test|model_selection_validation|new_external_blind
useq03914,1,excluded_buffer,excluded_direct_neighbor_of_evaluation,300,20560902,internal_test|model_selection_validation|new_external_blind
useq03920,1,excluded_buffer,excluded_direct_neighbor_of_evaluation,300,20560902,internal_test|model_selection_validation|new_external_blind
useq03923,1,excluded_buffer,excluded_direct_neighbor_of_evaluation,300,20560902,internal_test|model_selection_validation|new_external_blind
useq03926,1,excluded_buffer,excluded_direct_neighbor_of_evaluation,300,20560902,internal_test|model_selection_validation|new_external_blind
useq03929,1,excluded_buffer,excluded_direct_neighbor_of_evaluation,300,20560902,internal_test|model_selection_validation|new_external_blind
useq03930,1,excluded_buffer,excluded_direct_neighbor_of_evaluation,300,20560902,internal_test|model_selection_validation|new_external_blind
useq03933,1,excluded_buffer,excluded_direct_neighbor_of_evaluation,300,20560902,internal_test|model_selection_validation|new_external_blind
useq03934,1,excluded_buffer,excluded_direct_neighbor_of_evaluation,300,20560902,internal_test|model_selection_validation|new_external_blind
useq03936,1,excluded_buffer,excluded_direct_neighbor_of_evaluation,300,20560902,internal_test|model_selection_validation|new_external_blind
useq03937,1,excluded_buffer,excluded_direct_neighbor_of_evaluation,300,20560902,internal_test|model_selection_validation|new_external_blind
useq03941,1,excluded_buffer,excluded_direct_neighbor_of_evaluation,300,20560902,internal_test|model_selection_validation|new_external_blind
useq03945,2,excluded_buffer,excluded_direct_neighbor_of_evaluation,300,20560902,internal_test|model_selection_validation|new_external_blind
useq03952,1,excluded_buffer,excluded_direct_neighbor_of_evaluation,300,20560902,internal_test|model_selection_validation|new_external_blind
useq03954,1,excluded_buffer,excluded_direct_neighbor_of_evaluation,300,20560902,internal_test|model_selection_validation|new_external_blind
useq03958,1,excluded_buffer,excluded_direct_neighbor_of_evaluation,300,20560902,internal_test|model_selection_validation|new_external_blind
useq03963,1,excluded_buffer,excluded_direct_neighbor_of_evaluation,300,20560902,internal_test|model_selection_validation|new_external_blind
useq03974,1,excluded_buffer,excluded_direct_neighbor_of_evaluation,300,20560902,internal_test|model_selection_validation|new_external_blind
useq03977,1,excluded_buffer,excluded_direct_neighbor_of_evaluation,300,20560902,internal_test|model_selection_validation|new_external_blind
useq03982,1,excluded_buffer,excluded_direct_neighbor_of_evaluation,300,20560902,internal_test|model_selection_validation|new_external_blind
useq03983,1,excluded_buffer,excluded_direct_neighbor_of_evaluation,300,20560902,internal_test|model_selection_validation|new_external_blind
useq03986,1,excluded_buffer,excluded_direct_neighbor_of_evaluation,300,20560902,internal_test|model_selection_validation|new_external_blind
useq03990,1,excluded_buffer,excluded_direct_neighbor_of_evaluation,300,20560902,internal_test|model_selection_validation|new_external_blind
useq03993,1,excluded_buffer,excluded_direct_neighbor_of_evaluation,300,20560902,internal_test|model_selection_validation|new_external_blind
useq04001,1,excluded_buffer,excluded_direct_neighbor_of_evaluation,300,20560902,internal_test|model_selection_validation|new_external_blind
useq04019,1,excluded_buffer,excluded_direct_neighbor_of_evaluation,300,20560902,internal_test|model_selection_validation|new_external_blind
useq04030,1,excluded_buffer,excluded_direct_neighbor_of_evaluation,300,20560902,internal_test|model_selection_validation|new_external_blind
useq04034,1,excluded_buffer,excluded_direct_neighbor_of_evaluation,300,20560902,internal_test|model_selection_validation|new_external_blind
useq04042,1,excluded_buffer,excluded_direct_neighbor_of_evaluation,300,20560902,internal_test|model_selection_validation|new_external_blind
useq04046,1,excluded_buffer,excluded_direct_neighbor_of_evaluation,300,20560902,internal_test|model_selection_validation|new_external_blind
useq04048,1,excluded_buffer,excluded_direct_neighbor_of_evaluation,300,20560902,internal_test|model_selection_validation|new_external_blind
useq04052,1,excluded_buffer,excluded_direct_neighbor_of_evaluation,300,20560902,internal_test|model_selection_validation|new_external_blind
useq04053,1,excluded_buffer,excluded_direct_neighbor_of_evaluation,300,20560902,internal_test|model_selection_validation|new_external_blind
useq04057,1,excluded_buffer,excluded_direct_neighbor_of_evaluation,300,20560902,internal_test|model_selection_validation|new_external_blind
useq04080,1,excluded_buffer,excluded_direct_neighbor_of_evaluation,300,20560902,internal_test|model_selection_validation|new_external_blind
useq04088,1,excluded_buffer,excluded_direct_neighbor_of_evaluation,300,20560902,internal_test|model_selection_validation|new_external_blind
useq04089,1,excluded_buffer,excluded_direct_neighbor_of_evaluation,300,20560902,internal_test|model_selection_validation|new_external_blind
useq04092,1,excluded_buffer,excluded_direct_neighbor_of_evaluation,300,20560902,internal_test|model_selection_validation|new_external_blind
useq04095,1,excluded_buffer,excluded_direct_neighbor_of_evaluation,300,20560902,internal_test|model_selection_validation|new_external_blind
useq04101,1,excluded_buffer,excluded_direct_neighbor_of_evaluation,300,20560902,internal_test|model_selection_validation|new_external_blind
useq04105,1,excluded_buffer,excluded_direct_neighbor_of_evaluation,300,20560902,internal_test|model_selection_validation|new_external_blind
useq04107,1,excluded_buffer,excluded_direct_neighbor_of_evaluation,300,20560902,internal_test|model_selection_validation|new_external_blind
useq04114,1,excluded_buffer,excluded_direct_neighbor_of_evaluation,300,20560902,internal_test|model_selection_validation|new_external_blind
useq04118,1,excluded_buffer,excluded_direct_neighbor_of_evaluation,300,20560902,internal_test|model_selection_validation|new_external_blind
useq04119,1,excluded_buffer,excluded_direct_neighbor_of_evaluation,300,20560902,internal_test|model_selection_validation|new_external_blind
useq04120,1,excluded_buffer,excluded_direct_neighbor_of_evaluation,300,20560902,internal_test|model_selection_validation|new_external_blind
useq04129,1,excluded_buffer,excluded_direct_neighbor_of_evaluation,300,20560902,internal_test|model_selection_validation|new_external_blind
useq04134,1,excluded_buffer,excluded_direct_neighbor_of_evaluation,300,20560902,internal_test|model_selection_validation|new_external_blind
useq04136,1,excluded_buffer,excluded_direct_neighbor_of_evaluation,300,20560902,internal_test|model_selection_validation|new_external_blind
useq04139,1,excluded_buffer,excluded_direct_neighbor_of_evaluation,300,20560902,internal_test|model_selection_validation|new_external_blind
useq04163,1,excluded_buffer,excluded_direct_neighbor_of_evaluation,300,20560902,internal_test|model_selection_validation|new_external_blind
useq04165,1,excluded_buffer,excluded_direct_neighbor_of_evaluation,300,20560902,internal_test|model_selection_validation|new_external_blind
useq04167,1,excluded_buffer,excluded_direct_neighbor_of_evaluation,300,20560902,internal_test|model_selection_validation|new_external_blind
useq04174,1,excluded_buffer,excluded_direct_neighbor_of_evaluation,300,20560902,internal_test|model_selection_validation|new_external_blind
useq04180,1,excluded_buffer,excluded_direct_neighbor_of_evaluation,300,20560902,internal_test|model_selection_validation|new_external_blind
useq04184,1,excluded_buffer,excluded_direct_neighbor_of_evaluation,300,20560902,internal_test|model_selection_validation|new_external_blind
useq04197,1,excluded_buffer,excluded_direct_neighbor_of_evaluation,300,20560902,internal_test|model_selection_validation|new_external_blind
useq04198,1,excluded_buffer,excluded_direct_neighbor_of_evaluation,300,20560902,internal_test|model_selection_validation|new_external_blind
useq04204,1,excluded_buffer,excluded_direct_neighbor_of_evaluation,300,20560902,internal_test|model_selection_validation|new_external_blind
useq04218,1,excluded_buffer,excluded_direct_neighbor_of_evaluation,300,20560902,internal_test|model_selection_validation|new_external_blind
useq04223,1,excluded_buffer,excluded_direct_neighbor_of_evaluation,300,20560902,internal_test|model_selection_validation|new_external_blind
useq04235,1,excluded_buffer,excluded_direct_neighbor_of_evaluation,300,20560902,internal_test|model_selection_validation|new_external_blind
useq04239,1,excluded_buffer,excluded_direct_neighbor_of_evaluation,300,20560902,internal_test|model_selection_validation|new_external_blind
useq04241,1,excluded_buffer,excluded_direct_neighbor_of_evaluation,300,20560902,internal_test|model_selection_validation|new_external_blind
useq04243,1,excluded_buffer,excluded_direct_neighbor_of_evaluation,300,20560902,internal_test|model_selection_validation|new_external_blind
useq04252,2,excluded_buffer,excluded_direct_neighbor_of_evaluation,300,20560902,internal_test|model_selection_validation|new_external_blind
useq04257,2,excluded_buffer,excluded_direct_neighbor_of_evaluation,300,20560902,internal_test|model_selection_validation|new_external_blind
useq04258,2,excluded_buffer,excluded_direct_neighbor_of_evaluation,300,20560902,internal_test|model_selection_validation|new_external_blind
useq04268,1,excluded_buffer,excluded_direct_neighbor_of_evaluation,300,20560902,internal_test|model_selection_validation|new_external_blind
useq04269,2,excluded_buffer,excluded_direct_neighbor_of_evaluation,300,20560902,internal_test|model_selection_validation|new_external_blind
useq04274,1,excluded_buffer,excluded_direct_neighbor_of_evaluation,300,20560902,internal_test|model_selection_validation|new_external_blind
useq04275,1,excluded_buffer,excluded_direct_neighbor_of_evaluation,300,20560902,internal_test|model_selection_validation|new_external_blind
useq04278,1,excluded_buffer,excluded_direct_neighbor_of_evaluation,300,20560902,internal_test|model_selection_validation|new_external_blind
useq04289,1,excluded_buffer,excluded_direct_neighbor_of_evaluation,300,20560902,internal_test|model_selection_validation|new_external_blind
useq04290,1,excluded_buffer,excluded_direct_neighbor_of_evaluation,300,20560902,internal_test|model_selection_validation|new_external_blind
useq04293,1,excluded_buffer,excluded_direct_neighbor_of_evaluation,300,20560902,internal_test|model_selection_validation|new_external_blind
useq04294,1,excluded_buffer,excluded_direct_neighbor_of_evaluation,300,20560902,internal_test|model_selection_validation|new_external_blind
useq04299,1,excluded_buffer,excluded_direct_neighbor_of_evaluation,300,20560902,internal_test|model_selection_validation|new_external_blind
useq04302,1,excluded_buffer,excluded_direct_neighbor_of_evaluation,300,20560902,internal_test|model_selection_validation|new_external_blind
useq04306,1,excluded_buffer,excluded_direct_neighbor_of_evaluation,300,20560902,internal_test|model_selection_validation|new_external_blind
useq04309,1,excluded_buffer,excluded_direct_neighbor_of_evaluation,300,20560902,internal_test|model_selection_validation|new_external_blind
useq04322,2,excluded_buffer,excluded_direct_neighbor_of_evaluation,300,20560902,internal_test|model_selection_validation|new_external_blind
useq04324,1,excluded_buffer,excluded_direct_neighbor_of_evaluation,300,20560902,internal_test|model_selection_validation|new_external_blind
useq04331,1,excluded_buffer,excluded_direct_neighbor_of_evaluation,300,20560902,internal_test|model_selection_validation|new_external_blind
useq04334,1,excluded_buffer,excluded_direct_neighbor_of_evaluation,300,20560902,internal_test|model_selection_validation|new_external_blind
useq04342,1,excluded_buffer,excluded_direct_neighbor_of_evaluation,300,20560902,internal_test|model_selection_validation|new_external_blind
useq04347,1,excluded_buffer,excluded_direct_neighbor_of_evaluation,300,20560902,internal_test|model_selection_validation|new_external_blind
useq04348,1,excluded_buffer,excluded_direct_neighbor_of_evaluation,300,20560902,internal_test|model_selection_validation|new_external_blind
useq04353,1,excluded_buffer,excluded_direct_neighbor_of_evaluation,300,20560902,internal_test|model_selection_validation|new_external_blind
useq04356,1,excluded_buffer,excluded_direct_neighbor_of_evaluation,300,20560902,internal_test|model_selection_validation|new_external_blind
useq04358,1,excluded_buffer,excluded_direct_neighbor_of_evaluation,300,20560902,internal_test|model_selection_validation|new_external_blind
useq04361,2,excluded_buffer,excluded_direct_neighbor_of_evaluation,300,20560902,internal_test|model_selection_validation|new_external_blind
useq00000,1,historical_anchor_quarantine,excluded_opened_external_exact_or_direct,300,20560902,internal_test|model_selection_validation|new_external_blind
useq00001,1,historical_anchor_quarantine,excluded_opened_external_exact_or_direct,300,20560902,internal_test|model_selection_validation|new_external_blind
useq00002,1,historical_anchor_quarantine,excluded_opened_external_exact_or_direct,300,20560902,internal_test|model_selection_validation|new_external_blind
useq00003,1,historical_anchor_quarantine,excluded_opened_external_exact_or_direct,300,20560902,internal_test|model_selection_validation|new_external_blind
useq00010,1,historical_anchor_quarantine,excluded_opened_external_exact_or_direct,300,20560902,internal_test|model_selection_validation|new_external_blind
useq00011,1,historical_anchor_quarantine,excluded_opened_external_exact_or_direct,300,20560902,internal_test|model_selection_validation|new_external_blind
useq00014,1,historical_anchor_quarantine,excluded_opened_external_exact_or_direct,300,20560902,internal_test|model_selection_validation|new_external_blind
useq00017,1,historical_anchor_quarantine,excluded_opened_external_exact_or_direct,300,20560902,internal_test|model_selection_validation|new_external_blind
useq00018,1,historical_anchor_quarantine,excluded_opened_external_exact_or_direct,300,20560902,internal_test|model_selection_validation|new_external_blind
useq00019,1,historical_anchor_quarantine,excluded_opened_external_exact_or_direct,300,20560902,internal_test|model_selection_validation|new_external_blind
useq00022,1,historical_anchor_quarantine,excluded_opened_external_exact_or_direct,300,20560902,internal_test|model_selection_validation|new_external_blind
useq00023,1,historical_anchor_quarantine,excluded_opened_external_exact_or_direct,300,20560902,internal_test|model_selection_validation|new_external_blind
useq00024,2,historical_anchor_quarantine,excluded_opened_external_exact_or_direct,300,20560902,internal_test|model_selection_validation|new_external_blind
useq00025,1,historical_anchor_quarantine,excluded_opened_external_exact_or_direct,300,20560902,internal_test|model_selection_validation|new_external_blind
useq00029,1,historical_anchor_quarantine,excluded_opened_external_exact_or_direct,300,20560902,internal_test|model_selection_validation|new_external_blind
useq00032,1,historical_anchor_quarantine,excluded_opened_external_exact_or_direct,300,20560902,internal_test|model_selection_validation|new_external_blind
useq00033,1,historical_anchor_quarantine,excluded_opened_external_exact_or_direct,300,20560902,internal_test|model_selection_validation|new_external_blind
useq00035,1,historical_anchor_quarantine,excluded_opened_external_exact_or_direct,300,20560902,internal_test|model_selection_validation|new_external_blind
useq00037,1,historical_anchor_quarantine,excluded_opened_external_exact_or_direct,300,20560902,internal_test|model_selection_validation|new_external_blind
useq00040,1,historical_anchor_quarantine,excluded_opened_external_exact_or_direct,300,20560902,internal_test|model_selection_validation|new_external_blind
useq00041,1,historical_anchor_quarantine,excluded_opened_external_exact_or_direct,300,20560902,internal_test|model_selection_validation|new_external_blind
useq00047,1,historical_anchor_quarantine,excluded_opened_external_exact_or_direct,300,20560902,internal_test|model_selection_validation|new_external_blind
useq00050,1,historical_anchor_quarantine,excluded_opened_external_exact_or_direct,300,20560902,internal_test|model_selection_validation|new_external_blind
useq00053,1,historical_anchor_quarantine,excluded_opened_external_exact_or_direct,300,20560902,internal_test|model_selection_validation|new_external_blind
useq00054,1,historical_anchor_quarantine,excluded_opened_external_exact_or_direct,300,20560902,internal_test|model_selection_validation|new_external_blind
useq00055,1,historical_anchor_quarantine,excluded_opened_external_exact_or_direct,300,20560902,internal_test|model_selection_validation|new_external_blind
useq00058,1,historical_anchor_quarantine,excluded_opened_external_exact_or_direct,300,20560902,internal_test|model_selection_validation|new_external_blind
useq00063,1,historical_anchor_quarantine,excluded_opened_external_exact_or_direct,300,20560902,internal_test|model_selection_validation|new_external_blind
useq00064,1,historical_anchor_quarantine,excluded_opened_external_exact_or_direct,300,20560902,internal_test|model_selection_validation|new_external_blind
useq00066,1,historical_anchor_quarantine,excluded_opened_external_exact_or_direct,300,20560902,internal_test|model_selection_validation|new_external_blind
useq00070,2,historical_anchor_quarantine,excluded_opened_external_exact_or_direct,300,20560902,internal_test|model_selection_validation|new_external_blind
useq00072,1,historical_anchor_quarantine,excluded_opened_external_exact_or_direct,300,20560902,internal_test|model_selection_validation|new_external_blind
useq00075,1,historical_anchor_quarantine,excluded_opened_external_exact_or_direct,300,20560902,internal_test|model_selection_validation|new_external_blind
useq00076,1,historical_anchor_quarantine,excluded_opened_external_exact_or_direct,300,20560902,internal_test|model_selection_validation|new_external_blind
useq00078,1,historical_anchor_quarantine,excluded_opened_external_exact_or_direct,300,20560902,internal_test|model_selection_validation|new_external_blind
useq00080,1,historical_anchor_quarantine,excluded_opened_external_exact_or_direct,300,20560902,internal_test|model_selection_validation|new_external_blind
useq00083,1,historical_anchor_quarantine,excluded_opened_external_exact_or_direct,300,20560902,internal_test|model_selection_validation|new_external_blind
useq00084,1,historical_anchor_quarantine,excluded_opened_external_exact_or_direct,300,20560902,internal_test|model_selection_validation|new_external_blind
useq00086,1,historical_anchor_quarantine,excluded_opened_external_exact_or_direct,300,20560902,internal_test|model_selection_validation|new_external_blind
useq00088,1,historical_anchor_quarantine,excluded_opened_external_exact_or_direct,300,20560902,internal_test|model_selection_validation|new_external_blind
useq00089,1,historical_anchor_quarantine,excluded_opened_external_exact_or_direct,300,20560902,internal_test|model_selection_validation|new_external_blind
useq00090,1,historical_anchor_quarantine,excluded_opened_external_exact_or_direct,300,20560902,internal_test|model_selection_validation|new_external_blind
useq00091,1,historical_anchor_quarantine,excluded_opened_external_exact_or_direct,300,20560902,internal_test|model_selection_validation|new_external_blind
useq00092,1,historical_anchor_quarantine,excluded_opened_external_exact_or_direct,300,20560902,internal_test|model_selection_validation|new_external_blind
useq00096,2,historical_anchor_quarantine,excluded_opened_external_exact_or_direct,300,20560902,internal_test|model_selection_validation|new_external_blind
useq00097,1,historical_anchor_quarantine,excluded_opened_external_exact_or_direct,300,20560902,internal_test|model_selection_validation|new_external_blind
useq00098,1,historical_anchor_quarantine,excluded_opened_external_exact_or_direct,300,20560902,internal_test|model_selection_validation|new_external_blind
useq00100,2,historical_anchor_quarantine,excluded_opened_external_exact_or_direct,300,20560902,internal_test|model_selection_validation|new_external_blind
useq00104,1,historical_anchor_quarantine,excluded_opened_external_exact_or_direct,300,20560902,internal_test|model_selection_validation|new_external_blind
useq00106,1,historical_anchor_quarantine,excluded_opened_external_exact_or_direct,300,20560902,internal_test|model_selection_validation|new_external_blind
useq00108,1,historical_anchor_quarantine,excluded_opened_external_exact_or_direct,300,20560902,internal_test|model_selection_validation|new_external_blind
useq00109,1,historical_anchor_quarantine,excluded_opened_external_exact_or_direct,300,20560902,internal_test|model_selection_validation|new_external_blind
useq00110,1,historical_anchor_quarantine,excluded_opened_external_exact_or_direct,300,20560902,internal_test|model_selection_validation|new_external_blind
useq00112,1,historical_anchor_quarantine,excluded_opened_external_exact_or_direct,300,20560902,internal_test|model_selection_validation|new_external_blind
useq00113,1,historical_anchor_quarantine,excluded_opened_external_exact_or_direct,300,20560902,internal_test|model_selection_validation|new_external_blind
useq00118,1,historical_anchor_quarantine,excluded_opened_external_exact_or_direct,300,20560902,internal_test|model_selection_validation|new_external_blind
useq00119,1,historical_anchor_quarantine,excluded_opened_external_exact_or_direct,300,20560902,internal_test|model_selection_validation|new_external_blind
useq00120,1,historical_anchor_quarantine,excluded_opened_external_exact_or_direct,300,20560902,internal_test|model_selection_validation|new_external_blind
useq00121,2,historical_anchor_quarantine,excluded_opened_external_exact_or_direct,300,20560902,internal_test|model_selection_validation|new_external_blind
useq00122,1,historical_anchor_quarantine,excluded_opened_external_exact_or_direct,300,20560902,internal_test|model_selection_validation|new_external_blind
useq00123,1,historical_anchor_quarantine,excluded_opened_external_exact_or_direct,300,20560902,internal_test|model_selection_validation|new_external_blind
useq00124,1,historical_anchor_quarantine,excluded_opened_external_exact_or_direct,300,20560902,internal_test|model_selection_validation|new_external_blind
useq00127,2,historical_anchor_quarantine,excluded_opened_external_exact_or_direct,300,20560902,internal_test|model_selection_validation|new_external_blind
useq00128,1,historical_anchor_quarantine,excluded_opened_external_exact_or_direct,300,20560902,internal_test|model_selection_validation|new_external_blind
useq00129,1,historical_anchor_quarantine,excluded_opened_external_exact_or_direct,300,20560902,internal_test|model_selection_validation|new_external_blind
useq00131,1,historical_anchor_quarantine,excluded_opened_external_exact_or_direct,300,20560902,internal_test|model_selection_validation|new_external_blind
useq00132,1,historical_anchor_quarantine,excluded_opened_external_exact_or_direct,300,20560902,internal_test|model_selection_validation|new_external_blind
useq00133,4,historical_anchor_quarantine,excluded_opened_external_exact_or_direct,300,20560902,internal_test|model_selection_validation|new_external_blind
useq00134,1,historical_anchor_quarantine,excluded_opened_external_exact_or_direct,300,20560902,internal_test|model_selection_validation|new_external_blind
useq00137,1,historical_anchor_quarantine,excluded_opened_external_exact_or_direct,300,20560902,internal_test|model_selection_validation|new_external_blind
useq00138,1,historical_anchor_quarantine,excluded_opened_external_exact_or_direct,300,20560902,internal_test|model_selection_validation|new_external_blind
useq00139,1,historical_anchor_quarantine,excluded_opened_external_exact_or_direct,300,20560902,internal_test|model_selection_validation|new_external_blind
useq00141,1,historical_anchor_quarantine,excluded_opened_external_exact_or_direct,300,20560902,internal_test|model_selection_validation|new_external_blind
useq00143,1,historical_anchor_quarantine,excluded_opened_external_exact_or_direct,300,20560902,internal_test|model_selection_validation|new_external_blind
useq00144,1,historical_anchor_quarantine,excluded_opened_external_exact_or_direct,300,20560902,internal_test|model_selection_validation|new_external_blind
useq00147,1,historical_anchor_quarantine,excluded_opened_external_exact_or_direct,300,20560902,internal_test|model_selection_validation|new_external_blind
useq00150,1,historical_anchor_quarantine,excluded_opened_external_exact_or_direct,300,20560902,internal_test|model_selection_validation|new_external_blind
useq00151,1,historical_anchor_quarantine,excluded_opened_external_exact_or_direct,300,20560902,internal_test|model_selection_validation|new_external_blind
useq00153,1,historical_anchor_quarantine,excluded_opened_external_exact_or_direct,300,20560902,internal_test|model_selection_validation|new_external_blind
useq00154,1,historical_anchor_quarantine,excluded_opened_external_exact_or_direct,300,20560902,internal_test|model_selection_validation|new_external_blind
useq00156,1,historical_anchor_quarantine,excluded_opened_external_exact_or_direct,300,20560902,internal_test|model_selection_validation|new_external_blind
useq00157,1,historical_anchor_quarantine,excluded_opened_external_exact_or_direct,300,20560902,internal_test|model_selection_validation|new_external_blind
useq00158,1,historical_anchor_quarantine,excluded_opened_external_exact_or_direct,300,20560902,internal_test|model_selection_validation|new_external_blind
useq00159,1,historical_anchor_quarantine,excluded_opened_external_exact_or_direct,300,20560902,internal_test|model_selection_validation|new_external_blind
useq00160,1,historical_anchor_quarantine,excluded_opened_external_exact_or_direct,300,20560902,internal_test|model_selection_validation|new_external_blind
useq00161,1,historical_anchor_quarantine,excluded_opened_external_exact_or_direct,300,20560902,internal_test|model_selection_validation|new_external_blind
useq00163,1,historical_anchor_quarantine,excluded_opened_external_exact_or_direct,300,20560902,internal_test|model_selection_validation|new_external_blind
useq00167,1,historical_anchor_quarantine,excluded_opened_external_exact_or_direct,300,20560902,internal_test|model_selection_validation|new_external_blind
useq00170,1,historical_anchor_quarantine,excluded_opened_external_exact_or_direct,300,20560902,internal_test|model_selection_validation|new_external_blind
useq00171,1,historical_anchor_quarantine,excluded_opened_external_exact_or_direct,300,20560902,internal_test|model_selection_validation|new_external_blind
useq00172,1,historical_anchor_quarantine,excluded_opened_external_exact_or_direct,300,20560902,internal_test|model_selection_validation|new_external_blind
useq00173,1,historical_anchor_quarantine,excluded_opened_external_exact_or_direct,300,20560902,internal_test|model_selection_validation|new_external_blind
useq00176,1,historical_anchor_quarantine,excluded_opened_external_exact_or_direct,300,20560902,internal_test|model_selection_validation|new_external_blind
useq00178,1,historical_anchor_quarantine,excluded_opened_external_exact_or_direct,300,20560902,internal_test|model_selection_validation|new_external_blind
useq00183,1,historical_anchor_quarantine,excluded_opened_external_exact_or_direct,300,20560902,internal_test|model_selection_validation|new_external_blind
useq00190,1,historical_anchor_quarantine,excluded_opened_external_exact_or_direct,300,20560902,internal_test|model_selection_validation|new_external_blind
useq00193,1,historical_anchor_quarantine,excluded_opened_external_exact_or_direct,300,20560902,internal_test|model_selection_validation|new_external_blind
useq00194,1,historical_anchor_quarantine,excluded_opened_external_exact_or_direct,300,20560902,internal_test|model_selection_validation|new_external_blind
useq00195,1,historical_anchor_quarantine,excluded_opened_external_exact_or_direct,300,20560902,internal_test|model_selection_validation|new_external_blind
useq00199,1,historical_anchor_quarantine,excluded_opened_external_exact_or_direct,300,20560902,internal_test|model_selection_validation|new_external_blind
useq00202,1,historical_anchor_quarantine,excluded_opened_external_exact_or_direct,300,20560902,internal_test|model_selection_validation|new_external_blind
useq00203,1,historical_anchor_quarantine,excluded_opened_external_exact_or_direct,300,20560902,internal_test|model_selection_validation|new_external_blind
useq00204,1,historical_anchor_quarantine,excluded_opened_external_exact_or_direct,300,20560902,internal_test|model_selection_validation|new_external_blind
useq00205,1,historical_anchor_quarantine,excluded_opened_external_exact_or_direct,300,20560902,internal_test|model_selection_validation|new_external_blind
useq00207,1,historical_anchor_quarantine,excluded_opened_external_exact_or_direct,300,20560902,internal_test|model_selection_validation|new_external_blind
useq00210,1,historical_anchor_quarantine,excluded_opened_external_exact_or_direct,300,20560902,internal_test|model_selection_validation|new_external_blind
useq00211,1,historical_anchor_quarantine,excluded_opened_external_exact_or_direct,300,20560902,internal_test|model_selection_validation|new_external_blind
useq00216,1,historical_anchor_quarantine,excluded_opened_external_exact_or_direct,300,20560902,internal_test|model_selection_validation|new_external_blind
useq00218,1,historical_anchor_quarantine,excluded_opened_external_exact_or_direct,300,20560902,internal_test|model_selection_validation|new_external_blind
useq00223,1,historical_anchor_quarantine,excluded_opened_external_exact_or_direct,300,20560902,internal_test|model_selection_validation|new_external_blind
useq00224,1,historical_anchor_quarantine,excluded_opened_external_exact_or_direct,300,20560902,internal_test|model_selection_validation|new_external_blind
useq00225,1,historical_anchor_quarantine,excluded_opened_external_exact_or_direct,300,20560902,internal_test|model_selection_validation|new_external_blind
useq00226,1,historical_anchor_quarantine,excluded_opened_external_exact_or_direct,300,20560902,internal_test|model_selection_validation|new_external_blind
useq00229,1,historical_anchor_quarantine,excluded_opened_external_exact_or_direct,300,20560902,internal_test|model_selection_validation|new_external_blind
useq00231,1,historical_anchor_quarantine,excluded_opened_external_exact_or_direct,300,20560902,internal_test|model_selection_validation|new_external_blind
useq00232,1,historical_anchor_quarantine,excluded_opened_external_exact_or_direct,300,20560902,internal_test|model_selection_validation|new_external_blind
useq00234,1,historical_anchor_quarantine,excluded_opened_external_exact_or_direct,300,20560902,internal_test|model_selection_validation|new_external_blind
useq00235,1,historical_anchor_quarantine,excluded_opened_external_exact_or_direct,300,20560902,internal_test|model_selection_validation|new_external_blind
useq00236,1,historical_anchor_quarantine,excluded_opened_external_exact_or_direct,300,20560902,internal_test|model_selection_validation|new_external_blind
useq00237,1,historical_anchor_quarantine,excluded_opened_external_exact_or_direct,300,20560902,internal_test|model_selection_validation|new_external_blind
useq00240,1,historical_anchor_quarantine,excluded_opened_external_exact_or_direct,300,20560902,internal_test|model_selection_validation|new_external_blind
useq00242,1,historical_anchor_quarantine,excluded_opened_external_exact_or_direct,300,20560902,internal_test|model_selection_validation|new_external_blind
useq00244,1,historical_anchor_quarantine,excluded_opened_external_exact_or_direct,300,20560902,internal_test|model_selection_validation|new_external_blind
useq00248,1,historical_anchor_quarantine,excluded_opened_external_exact_or_direct,300,20560902,internal_test|model_selection_validation|new_external_blind
useq00252,1,historical_anchor_quarantine,excluded_opened_external_exact_or_direct,300,20560902,internal_test|model_selection_validation|new_external_blind
useq00253,1,historical_anchor_quarantine,excluded_opened_external_exact_or_direct,300,20560902,internal_test|model_selection_validation|new_external_blind
useq00255,3,historical_anchor_quarantine,excluded_opened_external_exact_or_direct,300,20560902,internal_test|model_selection_validation|new_external_blind
useq00260,2,historical_anchor_quarantine,excluded_opened_external_exact_or_direct,300,20560902,internal_test|model_selection_validation|new_external_blind
useq00262,1,historical_anchor_quarantine,excluded_opened_external_exact_or_direct,300,20560902,internal_test|model_selection_validation|new_external_blind
useq00264,1,historical_anchor_quarantine,excluded_opened_external_exact_or_direct,300,20560902,internal_test|model_selection_validation|new_external_blind
useq00268,1,historical_anchor_quarantine,excluded_opened_external_exact_or_direct,300,20560902,internal_test|model_selection_validation|new_external_blind
useq00271,1,historical_anchor_quarantine,excluded_opened_external_exact_or_direct,300,20560902,internal_test|model_selection_validation|new_external_blind
useq00273,1,historical_anchor_quarantine,excluded_opened_external_exact_or_direct,300,20560902,internal_test|model_selection_validation|new_external_blind
useq00274,1,historical_anchor_quarantine,excluded_opened_external_exact_or_direct,300,20560902,internal_test|model_selection_validation|new_external_blind
useq00275,1,historical_anchor_quarantine,excluded_opened_external_exact_or_direct,300,20560902,internal_test|model_selection_validation|new_external_blind
useq00278,1,historical_anchor_quarantine,excluded_opened_external_exact_or_direct,300,20560902,internal_test|model_selection_validation|new_external_blind
useq00280,1,historical_anchor_quarantine,excluded_opened_external_exact_or_direct,300,20560902,internal_test|model_selection_validation|new_external_blind
useq00282,1,historical_anchor_quarantine,excluded_opened_external_exact_or_direct,300,20560902,internal_test|model_selection_validation|new_external_blind
useq00287,1,historical_anchor_quarantine,excluded_opened_external_exact_or_direct,300,20560902,internal_test|model_selection_validation|new_external_blind
useq00288,1,historical_anchor_quarantine,excluded_opened_external_exact_or_direct,300,20560902,internal_test|model_selection_validation|new_external_blind
useq00293,1,historical_anchor_quarantine,excluded_opened_external_exact_or_direct,300,20560902,internal_test|model_selection_validation|new_external_blind
useq00295,1,historical_anchor_quarantine,excluded_opened_external_exact_or_direct,300,20560902,internal_test|model_selection_validation|new_external_blind
useq00296,1,historical_anchor_quarantine,excluded_opened_external_exact_or_direct,300,20560902,internal_test|model_selection_validation|new_external_blind
useq00299,1,historical_anchor_quarantine,excluded_opened_external_exact_or_direct,300,20560902,internal_test|model_selection_validation|new_external_blind
useq00302,1,historical_anchor_quarantine,excluded_opened_external_exact_or_direct,300,20560902,internal_test|model_selection_validation|new_external_blind
useq00304,1,historical_anchor_quarantine,excluded_opened_external_exact_or_direct,300,20560902,internal_test|model_selection_validation|new_external_blind
useq00306,1,historical_anchor_quarantine,excluded_opened_external_exact_or_direct,300,20560902,internal_test|model_selection_validation|new_external_blind
useq00308,2,historical_anchor_quarantine,excluded_opened_external_exact_or_direct,300,20560902,internal_test|model_selection_validation|new_external_blind
useq00313,1,historical_anchor_quarantine,excluded_opened_external_exact_or_direct,300,20560902,internal_test|model_selection_validation|new_external_blind
useq00314,1,historical_anchor_quarantine,excluded_opened_external_exact_or_direct,300,20560902,internal_test|model_selection_validation|new_external_blind
useq00317,2,historical_anchor_quarantine,excluded_opened_external_exact_or_direct,300,20560902,internal_test|model_selection_validation|new_external_blind
useq00318,1,historical_anchor_quarantine,excluded_opened_external_exact_or_direct,300,20560902,internal_test|model_selection_validation|new_external_blind
useq00324,1,historical_anchor_quarantine,excluded_opened_external_exact_or_direct,300,20560902,internal_test|model_selection_validation|new_external_blind
useq00326,1,historical_anchor_quarantine,excluded_opened_external_exact_or_direct,300,20560902,internal_test|model_selection_validation|new_external_blind
useq00329,1,historical_anchor_quarantine,excluded_opened_external_exact_or_direct,300,20560902,internal_test|model_selection_validation|new_external_blind
useq00332,1,historical_anchor_quarantine,excluded_opened_external_exact_or_direct,300,20560902,internal_test|model_selection_validation|new_external_blind
useq00333,1,historical_anchor_quarantine,excluded_opened_external_exact_or_direct,300,20560902,internal_test|model_selection_validation|new_external_blind
useq00335,1,historical_anchor_quarantine,excluded_opened_external_exact_or_direct,300,20560902,internal_test|model_selection_validation|new_external_blind
useq00338,1,historical_anchor_quarantine,excluded_opened_external_exact_or_direct,300,20560902,internal_test|model_selection_validation|new_external_blind
useq00340,1,historical_anchor_quarantine,excluded_opened_external_exact_or_direct,300,20560902,internal_test|model_selection_validation|new_external_blind
useq00342,1,historical_anchor_quarantine,excluded_opened_external_exact_or_direct,300,20560902,internal_test|model_selection_validation|new_external_blind
useq00343,1,historical_anchor_quarantine,excluded_opened_external_exact_or_direct,300,20560902,internal_test|model_selection_validation|new_external_blind
useq00344,1,historical_anchor_quarantine,excluded_opened_external_exact_or_direct,300,20560902,internal_test|model_selection_validation|new_external_blind
useq00345,1,historical_anchor_quarantine,excluded_opened_external_exact_or_direct,300,20560902,internal_test|model_selection_validation|new_external_blind
useq00346,1,historical_anchor_quarantine,excluded_opened_external_exact_or_direct,300,20560902,internal_test|model_selection_validation|new_external_blind
useq00348,1,historical_anchor_quarantine,excluded_opened_external_exact_or_direct,300,20560902,internal_test|model_selection_validation|new_external_blind
useq00349,1,historical_anchor_quarantine,excluded_opened_external_exact_or_direct,300,20560902,internal_test|model_selection_validation|new_external_blind
useq00352,1,historical_anchor_quarantine,excluded_opened_external_exact_or_direct,300,20560902,internal_test|model_selection_validation|new_external_blind
useq00354,1,historical_anchor_quarantine,excluded_opened_external_exact_or_direct,300,20560902,internal_test|model_selection_validation|new_external_blind
useq00358,1,historical_anchor_quarantine,excluded_opened_external_exact_or_direct,300,20560902,internal_test|model_selection_validation|new_external_blind
useq00359,1,historical_anchor_quarantine,excluded_opened_external_exact_or_direct,300,20560902,internal_test|model_selection_validation|new_external_blind
useq00360,1,historical_anchor_quarantine,excluded_opened_external_exact_or_direct,300,20560902,internal_test|model_selection_validation|new_external_blind
useq00361,1,historical_anchor_quarantine,excluded_opened_external_exact_or_direct,300,20560902,internal_test|model_selection_validation|new_external_blind
useq00362,1,historical_anchor_quarantine,excluded_opened_external_exact_or_direct,300,20560902,internal_test|model_selection_validation|new_external_blind
useq00364,1,historical_anchor_quarantine,excluded_opened_external_exact_or_direct,300,20560902,internal_test|model_selection_validation|new_external_blind
useq00365,1,historical_anchor_quarantine,excluded_opened_external_exact_or_direct,300,20560902,internal_test|model_selection_validation|new_external_blind
useq00366,1,historical_anchor_quarantine,excluded_opened_external_exact_or_direct,300,20560902,internal_test|model_selection_validation|new_external_blind
useq00367,1,historical_anchor_quarantine,excluded_opened_external_exact_or_direct,300,20560902,internal_test|model_selection_validation|new_external_blind
useq00368,1,historical_anchor_quarantine,excluded_opened_external_exact_or_direct,300,20560902,internal_test|model_selection_validation|new_external_blind
useq00371,1,historical_anchor_quarantine,excluded_opened_external_exact_or_direct,300,20560902,internal_test|model_selection_validation|new_external_blind
useq00372,1,historical_anchor_quarantine,excluded_opened_external_exact_or_direct,300,20560902,internal_test|model_selection_validation|new_external_blind
useq00376,1,historical_anchor_quarantine,excluded_opened_external_exact_or_direct,300,20560902,internal_test|model_selection_validation|new_external_blind
useq00377,1,historical_anchor_quarantine,excluded_opened_external_exact_or_direct,300,20560902,internal_test|model_selection_validation|new_external_blind
useq00378,1,historical_anchor_quarantine,excluded_opened_external_exact_or_direct,300,20560902,internal_test|model_selection_validation|new_external_blind
useq00381,1,historical_anchor_quarantine,excluded_opened_external_exact_or_direct,300,20560902,internal_test|model_selection_validation|new_external_blind
useq00382,1,historical_anchor_quarantine,excluded_opened_external_exact_or_direct,300,20560902,internal_test|model_selection_validation|new_external_blind
useq00384,1,historical_anchor_quarantine,excluded_opened_external_exact_or_direct,300,20560902,internal_test|model_selection_validation|new_external_blind
useq00385,1,historical_anchor_quarantine,excluded_opened_external_exact_or_direct,300,20560902,internal_test|model_selection_validation|new_external_blind
useq00388,1,historical_anchor_quarantine,excluded_opened_external_exact_or_direct,300,20560902,internal_test|model_selection_validation|new_external_blind
useq00389,1,historical_anchor_quarantine,excluded_opened_external_exact_or_direct,300,20560902,internal_test|model_selection_validation|new_external_blind
useq00392,1,historical_anchor_quarantine,excluded_opened_external_exact_or_direct,300,20560902,internal_test|model_selection_validation|new_external_blind
useq00393,1,historical_anchor_quarantine,excluded_opened_external_exact_or_direct,300,20560902,internal_test|model_selection_validation|new_external_blind
useq00394,1,historical_anchor_quarantine,excluded_opened_external_exact_or_direct,300,20560902,internal_test|model_selection_validation|new_external_blind
useq00396,1,historical_anchor_quarantine,excluded_opened_external_exact_or_direct,300,20560902,internal_test|model_selection_validation|new_external_blind
useq00397,1,historical_anchor_quarantine,excluded_opened_external_exact_or_direct,300,20560902,internal_test|model_selection_validation|new_external_blind
useq00399,1,historical_anchor_quarantine,excluded_opened_external_exact_or_direct,300,20560902,internal_test|model_selection_validation|new_external_blind
useq00400,1,historical_anchor_quarantine,excluded_opened_external_exact_or_direct,300,20560902,internal_test|model_selection_validation|new_external_blind
useq00402,1,historical_anchor_quarantine,excluded_opened_external_exact_or_direct,300,20560902,internal_test|model_selection_validation|new_external_blind
useq00403,1,historical_anchor_quarantine,excluded_opened_external_exact_or_direct,300,20560902,internal_test|model_selection_validation|new_external_blind
useq00405,1,historical_anchor_quarantine,excluded_opened_external_exact_or_direct,300,20560902,internal_test|model_selection_validation|new_external_blind
useq00410,1,historical_anchor_quarantine,excluded_opened_external_exact_or_direct,300,20560902,internal_test|model_selection_validation|new_external_blind
useq00411,2,historical_anchor_quarantine,excluded_opened_external_exact_or_direct,300,20560902,internal_test|model_selection_validation|new_external_blind
useq00415,1,historical_anchor_quarantine,excluded_opened_external_exact_or_direct,300,20560902,internal_test|model_selection_validation|new_external_blind
useq00416,1,historical_anchor_quarantine,excluded_opened_external_exact_or_direct,300,20560902,internal_test|model_selection_validation|new_external_blind
useq00417,1,historical_anchor_quarantine,excluded_opened_external_exact_or_direct,300,20560902,internal_test|model_selection_validation|new_external_blind
useq00421,1,historical_anchor_quarantine,excluded_opened_external_exact_or_direct,300,20560902,internal_test|model_selection_validation|new_external_blind
useq00423,1,historical_anchor_quarantine,excluded_opened_external_exact_or_direct,300,20560902,internal_test|model_selection_validation|new_external_blind
useq00424,1,historical_anchor_quarantine,excluded_opened_external_exact_or_direct,300,20560902,internal_test|model_selection_validation|new_external_blind
useq00426,1,historical_anchor_quarantine,excluded_opened_external_exact_or_direct,300,20560902,internal_test|model_selection_validation|new_external_blind
useq00434,1,historical_anchor_quarantine,excluded_opened_external_exact_or_direct,300,20560902,internal_test|model_selection_validation|new_external_blind
useq00435,1,historical_anchor_quarantine,excluded_opened_external_exact_or_direct,300,20560902,internal_test|model_selection_validation|new_external_blind
useq00436,1,historical_anchor_quarantine,excluded_opened_external_exact_or_direct,300,20560902,internal_test|model_selection_validation|new_external_blind
useq00438,1,historical_anchor_quarantine,excluded_opened_external_exact_or_direct,300,20560902,internal_test|model_selection_validation|new_external_blind
useq00443,1,historical_anchor_quarantine,excluded_opened_external_exact_or_direct,300,20560902,internal_test|model_selection_validation|new_external_blind
useq00445,1,historical_anchor_quarantine,excluded_opened_external_exact_or_direct,300,20560902,internal_test|model_selection_validation|new_external_blind
useq00447,1,historical_anchor_quarantine,excluded_opened_external_exact_or_direct,300,20560902,internal_test|model_selection_validation|new_external_blind
useq00449,2,historical_anchor_quarantine,excluded_opened_external_exact_or_direct,300,20560902,internal_test|model_selection_validation|new_external_blind
useq00450,1,historical_anchor_quarantine,excluded_opened_external_exact_or_direct,300,20560902,internal_test|model_selection_validation|new_external_blind
useq00452,1,historical_anchor_quarantine,excluded_opened_external_exact_or_direct,300,20560902,internal_test|model_selection_validation|new_external_blind
useq00454,2,historical_anchor_quarantine,excluded_opened_external_exact_or_direct,300,20560902,internal_test|model_selection_validation|new_external_blind
useq00455,1,historical_anchor_quarantine,excluded_opened_external_exact_or_direct,300,20560902,internal_test|model_selection_validation|new_external_blind
useq00456,1,historical_anchor_quarantine,excluded_opened_external_exact_or_direct,300,20560902,internal_test|model_selection_validation|new_external_blind
useq00457,1,historical_anchor_quarantine,excluded_opened_external_exact_or_direct,300,20560902,internal_test|model_selection_validation|new_external_blind
useq00458,1,historical_anchor_quarantine,excluded_opened_external_exact_or_direct,300,20560902,internal_test|model_selection_validation|new_external_blind
useq00459,1,historical_anchor_quarantine,excluded_opened_external_exact_or_direct,300,20560902,internal_test|model_selection_validation|new_external_blind
useq00460,1,historical_anchor_quarantine,excluded_opened_external_exact_or_direct,300,20560902,internal_test|model_selection_validation|new_external_blind
useq00461,1,historical_anchor_quarantine,excluded_opened_external_exact_or_direct,300,20560902,internal_test|model_selection_validation|new_external_blind
useq00464,1,historical_anchor_quarantine,excluded_opened_external_exact_or_direct,300,20560902,internal_test|model_selection_validation|new_external_blind
useq00466,1,historical_anchor_quarantine,excluded_opened_external_exact_or_direct,300,20560902,internal_test|model_selection_validation|new_external_blind
useq00469,1,historical_anchor_quarantine,excluded_opened_external_exact_or_direct,300,20560902,internal_test|model_selection_validation|new_external_blind
useq00470,1,historical_anchor_quarantine,excluded_opened_external_exact_or_direct,300,20560902,internal_test|model_selection_validation|new_external_blind
useq00472,1,historical_anchor_quarantine,excluded_opened_external_exact_or_direct,300,20560902,internal_test|model_selection_validation|new_external_blind
useq00474,1,historical_anchor_quarantine,excluded_opened_external_exact_or_direct,300,20560902,internal_test|model_selection_validation|new_external_blind
useq00475,1,historical_anchor_quarantine,excluded_opened_external_exact_or_direct,300,20560902,internal_test|model_selection_validation|new_external_blind
useq00478,1,historical_anchor_quarantine,excluded_opened_external_exact_or_direct,300,20560902,internal_test|model_selection_validation|new_external_blind
useq00480,1,historical_anchor_quarantine,excluded_opened_external_exact_or_direct,300,20560902,internal_test|model_selection_validation|new_external_blind
useq00481,1,historical_anchor_quarantine,excluded_opened_external_exact_or_direct,300,20560902,internal_test|model_selection_validation|new_external_blind
useq00485,1,historical_anchor_quarantine,excluded_opened_external_exact_or_direct,300,20560902,internal_test|model_selection_validation|new_external_blind
useq00488,1,historical_anchor_quarantine,excluded_opened_external_exact_or_direct,300,20560902,internal_test|model_selection_validation|new_external_blind
useq00492,1,historical_anchor_quarantine,excluded_opened_external_exact_or_direct,300,20560902,internal_test|model_selection_validation|new_external_blind
useq00494,1,historical_anchor_quarantine,excluded_opened_external_exact_or_direct,300,20560902,internal_test|model_selection_validation|new_external_blind
useq00495,1,historical_anchor_quarantine,excluded_opened_external_exact_or_direct,300,20560902,internal_test|model_selection_validation|new_external_blind
useq00496,1,historical_anchor_quarantine,excluded_opened_external_exact_or_direct,300,20560902,internal_test|model_selection_validation|new_external_blind
useq00498,1,historical_anchor_quarantine,excluded_opened_external_exact_or_direct,300,20560902,internal_test|model_selection_validation|new_external_blind
useq00499,1,historical_anchor_quarantine,excluded_opened_external_exact_or_direct,300,20560902,internal_test|model_selection_validation|new_external_blind
useq00504,1,historical_anchor_quarantine,excluded_opened_external_exact_or_direct,300,20560902,internal_test|model_selection_validation|new_external_blind
useq00509,1,historical_anchor_quarantine,excluded_opened_external_exact_or_direct,300,20560902,internal_test|model_selection_validation|new_external_blind
useq00510,1,historical_anchor_quarantine,excluded_opened_external_exact_or_direct,300,20560902,internal_test|model_selection_validation|new_external_blind
useq00512,1,historical_anchor_quarantine,excluded_opened_external_exact_or_direct,300,20560902,internal_test|model_selection_validation|new_external_blind
useq00517,1,historical_anchor_quarantine,excluded_opened_external_exact_or_direct,300,20560902,internal_test|model_selection_validation|new_external_blind
useq00518,1,historical_anchor_quarantine,excluded_opened_external_exact_or_direct,300,20560902,internal_test|model_selection_validation|new_external_blind
useq00519,1,historical_anchor_quarantine,excluded_opened_external_exact_or_direct,300,20560902,internal_test|model_selection_validation|new_external_blind
useq00522,1,historical_anchor_quarantine,excluded_opened_external_exact_or_direct,300,20560902,internal_test|model_selection_validation|new_external_blind
useq00523,1,historical_anchor_quarantine,excluded_opened_external_exact_or_direct,300,20560902,internal_test|model_selection_validation|new_external_blind
useq00524,1,historical_anchor_quarantine,excluded_opened_external_exact_or_direct,300,20560902,internal_test|model_selection_validation|new_external_blind
useq00526,1,historical_anchor_quarantine,excluded_opened_external_exact_or_direct,300,20560902,internal_test|model_selection_validation|new_external_blind
useq00528,1,historical_anchor_quarantine,excluded_opened_external_exact_or_direct,300,20560902,internal_test|model_selection_validation|new_external_blind
useq00529,1,historical_anchor_quarantine,excluded_opened_external_exact_or_direct,300,20560902,internal_test|model_selection_validation|new_external_blind
useq00533,1,historical_anchor_quarantine,excluded_opened_external_exact_or_direct,300,20560902,internal_test|model_selection_validation|new_external_blind
useq00536,1,historical_anchor_quarantine,excluded_opened_external_exact_or_direct,300,20560902,internal_test|model_selection_validation|new_external_blind
useq00537,1,historical_anchor_quarantine,excluded_opened_external_exact_or_direct,300,20560902,internal_test|model_selection_validation|new_external_blind
useq00540,1,historical_anchor_quarantine,excluded_opened_external_exact_or_direct,300,20560902,internal_test|model_selection_validation|new_external_blind
useq00543,2,historical_anchor_quarantine,excluded_opened_external_exact_or_direct,300,20560902,internal_test|model_selection_validation|new_external_blind
useq00547,1,historical_anchor_quarantine,excluded_opened_external_exact_or_direct,300,20560902,internal_test|model_selection_validation|new_external_blind
useq00550,1,historical_anchor_quarantine,excluded_opened_external_exact_or_direct,300,20560902,internal_test|model_selection_validation|new_external_blind
useq00551,1,historical_anchor_quarantine,excluded_opened_external_exact_or_direct,300,20560902,internal_test|model_selection_validation|new_external_blind
useq00555,1,historical_anchor_quarantine,excluded_opened_external_exact_or_direct,300,20560902,internal_test|model_selection_validation|new_external_blind
useq00557,2,historical_anchor_quarantine,excluded_opened_external_exact_or_direct,300,20560902,internal_test|model_selection_validation|new_external_blind
useq00558,1,historical_anchor_quarantine,excluded_opened_external_exact_or_direct,300,20560902,internal_test|model_selection_validation|new_external_blind
useq00559,1,historical_anchor_quarantine,excluded_opened_external_exact_or_direct,300,20560902,internal_test|model_selection_validation|new_external_blind
useq00561,2,historical_anchor_quarantine,excluded_opened_external_exact_or_direct,300,20560902,internal_test|model_selection_validation|new_external_blind
useq00563,1,historical_anchor_quarantine,excluded_opened_external_exact_or_direct,300,20560902,internal_test|model_selection_validation|new_external_blind
useq00567,1,historical_anchor_quarantine,excluded_opened_external_exact_or_direct,300,20560902,internal_test|model_selection_validation|new_external_blind
useq00569,12,historical_anchor_quarantine,excluded_opened_external_exact_or_direct,300,20560902,internal_test|model_selection_validation|new_external_blind
useq00570,1,historical_anchor_quarantine,excluded_opened_external_exact_or_direct,300,20560902,internal_test|model_selection_validation|new_external_blind
useq00571,1,historical_anchor_quarantine,excluded_opened_external_exact_or_direct,300,20560902,internal_test|model_selection_validation|new_external_blind
useq00572,1,historical_anchor_quarantine,excluded_opened_external_exact_or_direct,300,20560902,internal_test|model_selection_validation|new_external_blind
useq00573,1,historical_anchor_quarantine,excluded_opened_external_exact_or_direct,300,20560902,internal_test|model_selection_validation|new_external_blind
useq00574,1,historical_anchor_quarantine,excluded_opened_external_exact_or_direct,300,20560902,internal_test|model_selection_validation|new_external_blind
useq00576,1,historical_anchor_quarantine,excluded_opened_external_exact_or_direct,300,20560902,internal_test|model_selection_validation|new_external_blind
useq00578,1,historical_anchor_quarantine,excluded_opened_external_exact_or_direct,300,20560902,internal_test|model_selection_validation|new_external_blind
useq00579,1,historical_anchor_quarantine,excluded_opened_external_exact_or_direct,300,20560902,internal_test|model_selection_validation|new_external_blind
useq00584,2,historical_anchor_quarantine,excluded_opened_external_exact_or_direct,300,20560902,internal_test|model_selection_validation|new_external_blind
useq00587,1,historical_anchor_quarantine,excluded_opened_external_exact_or_direct,300,20560902,internal_test|model_selection_validation|new_external_blind
useq00588,1,historical_anchor_quarantine,excluded_opened_external_exact_or_direct,300,20560902,internal_test|model_selection_validation|new_external_blind
useq00590,1,historical_anchor_quarantine,excluded_opened_external_exact_or_direct,300,20560902,internal_test|model_selection_validation|new_external_blind
useq00593,1,historical_anchor_quarantine,excluded_opened_external_exact_or_direct,300,20560902,internal_test|model_selection_validation|new_external_blind
useq00595,1,historical_anchor_quarantine,excluded_opened_external_exact_or_direct,300,20560902,internal_test|model_selection_validation|new_external_blind
useq00598,1,historical_anchor_quarantine,excluded_opened_external_exact_or_direct,300,20560902,internal_test|model_selection_validation|new_external_blind
useq00599,1,historical_anchor_quarantine,excluded_opened_external_exact_or_direct,300,20560902,internal_test|model_selection_validation|new_external_blind
useq00600,1,historical_anchor_quarantine,excluded_opened_external_exact_or_direct,300,20560902,internal_test|model_selection_validation|new_external_blind
useq00601,1,historical_anchor_quarantine,excluded_opened_external_exact_or_direct,300,20560902,internal_test|model_selection_validation|new_external_blind
useq00603,1,historical_anchor_quarantine,excluded_opened_external_exact_or_direct,300,20560902,internal_test|model_selection_validation|new_external_blind
useq00604,1,historical_anchor_quarantine,excluded_opened_external_exact_or_direct,300,20560902,internal_test|model_selection_validation|new_external_blind
useq00605,1,historical_anchor_quarantine,excluded_opened_external_exact_or_direct,300,20560902,internal_test|model_selection_validation|new_external_blind
useq00606,1,historical_anchor_quarantine,excluded_opened_external_exact_or_direct,300,20560902,internal_test|model_selection_validation|new_external_blind
useq00608,1,historical_anchor_quarantine,excluded_opened_external_exact_or_direct,300,20560902,internal_test|model_selection_validation|new_external_blind
useq00609,1,historical_anchor_quarantine,excluded_opened_external_exact_or_direct,300,20560902,internal_test|model_selection_validation|new_external_blind
useq00614,1,historical_anchor_quarantine,excluded_opened_external_exact_or_direct,300,20560902,internal_test|model_selection_validation|new_external_blind
useq00615,1,historical_anchor_quarantine,excluded_opened_external_exact_or_direct,300,20560902,internal_test|model_selection_validation|new_external_blind
useq00616,1,historical_anchor_quarantine,excluded_opened_external_exact_or_direct,300,20560902,internal_test|model_selection_validation|new_external_blind
useq00618,1,historical_anchor_quarantine,excluded_opened_external_exact_or_direct,300,20560902,internal_test|model_selection_validation|new_external_blind
useq00624,1,historical_anchor_quarantine,excluded_opened_external_exact_or_direct,300,20560902,internal_test|model_selection_validation|new_external_blind
useq00626,1,historical_anchor_quarantine,excluded_opened_external_exact_or_direct,300,20560902,internal_test|model_selection_validation|new_external_blind
useq00627,1,historical_anchor_quarantine,excluded_opened_external_exact_or_direct,300,20560902,internal_test|model_selection_validation|new_external_blind
useq00628,1,historical_anchor_quarantine,excluded_opened_external_exact_or_direct,300,20560902,internal_test|model_selection_validation|new_external_blind
useq00630,1,historical_anchor_quarantine,excluded_opened_external_exact_or_direct,300,20560902,internal_test|model_selection_validation|new_external_blind
useq00634,1,historical_anchor_quarantine,excluded_opened_external_exact_or_direct,300,20560902,internal_test|model_selection_validation|new_external_blind
useq00635,2,historical_anchor_quarantine,excluded_opened_external_exact_or_direct,300,20560902,internal_test|model_selection_validation|new_external_blind
useq00638,1,historical_anchor_quarantine,excluded_opened_external_exact_or_direct,300,20560902,internal_test|model_selection_validation|new_external_blind
useq00641,1,historical_anchor_quarantine,excluded_opened_external_exact_or_direct,300,20560902,internal_test|model_selection_validation|new_external_blind
useq00642,1,historical_anchor_quarantine,excluded_opened_external_exact_or_direct,300,20560902,internal_test|model_selection_validation|new_external_blind
useq00644,1,historical_anchor_quarantine,excluded_opened_external_exact_or_direct,300,20560902,internal_test|model_selection_validation|new_external_blind
useq00651,1,historical_anchor_quarantine,excluded_opened_external_exact_or_direct,300,20560902,internal_test|model_selection_validation|new_external_blind
useq00652,1,historical_anchor_quarantine,excluded_opened_external_exact_or_direct,300,20560902,internal_test|model_selection_validation|new_external_blind
useq00655,1,historical_anchor_quarantine,excluded_opened_external_exact_or_direct,300,20560902,internal_test|model_selection_validation|new_external_blind
useq00656,1,historical_anchor_quarantine,excluded_opened_external_exact_or_direct,300,20560902,internal_test|model_selection_validation|new_external_blind
useq00658,1,historical_anchor_quarantine,excluded_opened_external_exact_or_direct,300,20560902,internal_test|model_selection_validation|new_external_blind
useq00660,1,historical_anchor_quarantine,excluded_opened_external_exact_or_direct,300,20560902,internal_test|model_selection_validation|new_external_blind
useq00664,1,historical_anchor_quarantine,excluded_opened_external_exact_or_direct,300,20560902,internal_test|model_selection_validation|new_external_blind
useq00665,1,historical_anchor_quarantine,excluded_opened_external_exact_or_direct,300,20560902,internal_test|model_selection_validation|new_external_blind
useq00668,1,historical_anchor_quarantine,excluded_opened_external_exact_or_direct,300,20560902,internal_test|model_selection_validation|new_external_blind
useq00670,2,historical_anchor_quarantine,excluded_opened_external_exact_or_direct,300,20560902,internal_test|model_selection_validation|new_external_blind
useq00671,1,historical_anchor_quarantine,excluded_opened_external_exact_or_direct,300,20560902,internal_test|model_selection_validation|new_external_blind
useq00673,1,historical_anchor_quarantine,excluded_opened_external_exact_or_direct,300,20560902,internal_test|model_selection_validation|new_external_blind
useq00674,1,historical_anchor_quarantine,excluded_opened_external_exact_or_direct,300,20560902,internal_test|model_selection_validation|new_external_blind
useq00675,2,historical_anchor_quarantine,excluded_opened_external_exact_or_direct,300,20560902,internal_test|model_selection_validation|new_external_blind
useq00677,1,historical_anchor_quarantine,excluded_opened_external_exact_or_direct,300,20560902,internal_test|model_selection_validation|new_external_blind
useq00678,1,historical_anchor_quarantine,excluded_opened_external_exact_or_direct,300,20560902,internal_test|model_selection_validation|new_external_blind
useq00681,1,historical_anchor_quarantine,excluded_opened_external_exact_or_direct,300,20560902,internal_test|model_selection_validation|new_external_blind
useq00683,1,historical_anchor_quarantine,excluded_opened_external_exact_or_direct,300,20560902,internal_test|model_selection_validation|new_external_blind
useq00684,1,historical_anchor_quarantine,excluded_opened_external_exact_or_direct,300,20560902,internal_test|model_selection_validation|new_external_blind
useq00686,1,historical_anchor_quarantine,excluded_opened_external_exact_or_direct,300,20560902,internal_test|model_selection_validation|new_external_blind
useq00687,1,historical_anchor_quarantine,excluded_opened_external_exact_or_direct,300,20560902,internal_test|model_selection_validation|new_external_blind
useq00688,1,historical_anchor_quarantine,excluded_opened_external_exact_or_direct,300,20560902,internal_test|model_selection_validation|new_external_blind
useq00690,1,historical_anchor_quarantine,excluded_opened_external_exact_or_direct,300,20560902,internal_test|model_selection_validation|new_external_blind
useq00691,1,historical_anchor_quarantine,excluded_opened_external_exact_or_direct,300,20560902,internal_test|model_selection_validation|new_external_blind
useq00693,1,historical_anchor_quarantine,excluded_opened_external_exact_or_direct,300,20560902,internal_test|model_selection_validation|new_external_blind
useq00694,1,historical_anchor_quarantine,excluded_opened_external_exact_or_direct,300,20560902,internal_test|model_selection_validation|new_external_blind
useq00697,1,historical_anchor_quarantine,excluded_opened_external_exact_or_direct,300,20560902,internal_test|model_selection_validation|new_external_blind
useq00702,2,historical_anchor_quarantine,excluded_opened_external_exact_or_direct,300,20560902,internal_test|model_selection_validation|new_external_blind
useq00703,1,historical_anchor_quarantine,excluded_opened_external_exact_or_direct,300,20560902,internal_test|model_selection_validation|new_external_blind
useq00704,1,historical_anchor_quarantine,excluded_opened_external_exact_or_direct,300,20560902,internal_test|model_selection_validation|new_external_blind
useq00706,1,historical_anchor_quarantine,excluded_opened_external_exact_or_direct,300,20560902,internal_test|model_selection_validation|new_external_blind
useq00707,1,historical_anchor_quarantine,excluded_opened_external_exact_or_direct,300,20560902,internal_test|model_selection_validation|new_external_blind
useq00708,1,historical_anchor_quarantine,excluded_opened_external_exact_or_direct,300,20560902,internal_test|model_selection_validation|new_external_blind
useq00710,1,historical_anchor_quarantine,excluded_opened_external_exact_or_direct,300,20560902,internal_test|model_selection_validation|new_external_blind
useq00712,1,historical_anchor_quarantine,excluded_opened_external_exact_or_direct,300,20560902,internal_test|model_selection_validation|new_external_blind
useq00714,1,historical_anchor_quarantine,excluded_opened_external_exact_or_direct,300,20560902,internal_test|model_selection_validation|new_external_blind
useq00715,2,historical_anchor_quarantine,excluded_opened_external_exact_or_direct,300,20560902,internal_test|model_selection_validation|new_external_blind
useq00717,1,historical_anchor_quarantine,excluded_opened_external_exact_or_direct,300,20560902,internal_test|model_selection_validation|new_external_blind
useq00718,1,historical_anchor_quarantine,excluded_opened_external_exact_or_direct,300,20560902,internal_test|model_selection_validation|new_external_blind
useq00721,1,historical_anchor_quarantine,excluded_opened_external_exact_or_direct,300,20560902,internal_test|model_selection_validation|new_external_blind
useq00722,1,historical_anchor_quarantine,excluded_opened_external_exact_or_direct,300,20560902,internal_test|model_selection_validation|new_external_blind
useq00723,1,historical_anchor_quarantine,excluded_opened_external_exact_or_direct,300,20560902,internal_test|model_selection_validation|new_external_blind
useq00724,1,historical_anchor_quarantine,excluded_opened_external_exact_or_direct,300,20560902,internal_test|model_selection_validation|new_external_blind
useq00725,1,historical_anchor_quarantine,excluded_opened_external_exact_or_direct,300,20560902,internal_test|model_selection_validation|new_external_blind
useq00727,1,historical_anchor_quarantine,excluded_opened_external_exact_or_direct,300,20560902,internal_test|model_selection_validation|new_external_blind
useq00730,1,historical_anchor_quarantine,excluded_opened_external_exact_or_direct,300,20560902,internal_test|model_selection_validation|new_external_blind
useq00733,1,historical_anchor_quarantine,excluded_opened_external_exact_or_direct,300,20560902,internal_test|model_selection_validation|new_external_blind
useq00734,1,historical_anchor_quarantine,excluded_opened_external_exact_or_direct,300,20560902,internal_test|model_selection_validation|new_external_blind
useq00735,1,historical_anchor_quarantine,excluded_opened_external_exact_or_direct,300,20560902,internal_test|model_selection_validation|new_external_blind
useq00736,1,historical_anchor_quarantine,excluded_opened_external_exact_or_direct,300,20560902,internal_test|model_selection_validation|new_external_blind
useq00738,1,historical_anchor_quarantine,excluded_opened_external_exact_or_direct,300,20560902,internal_test|model_selection_validation|new_external_blind
useq00743,1,historical_anchor_quarantine,excluded_opened_external_exact_or_direct,300,20560902,internal_test|model_selection_validation|new_external_blind
useq00746,1,historical_anchor_quarantine,excluded_opened_external_exact_or_direct,300,20560902,internal_test|model_selection_validation|new_external_blind
useq00748,1,historical_anchor_quarantine,excluded_opened_external_exact_or_direct,300,20560902,internal_test|model_selection_validation|new_external_blind
useq00751,1,historical_anchor_quarantine,excluded_opened_external_exact_or_direct,300,20560902,internal_test|model_selection_validation|new_external_blind
useq00755,1,historical_anchor_quarantine,excluded_opened_external_exact_or_direct,300,20560902,internal_test|model_selection_validation|new_external_blind
useq00756,1,historical_anchor_quarantine,excluded_opened_external_exact_or_direct,300,20560902,internal_test|model_selection_validation|new_external_blind
useq00757,1,historical_anchor_quarantine,excluded_opened_external_exact_or_direct,300,20560902,internal_test|model_selection_validation|new_external_blind
useq00759,1,historical_anchor_quarantine,excluded_opened_external_exact_or_direct,300,20560902,internal_test|model_selection_validation|new_external_blind
useq00760,1,historical_anchor_quarantine,excluded_opened_external_exact_or_direct,300,20560902,internal_test|model_selection_validation|new_external_blind
useq00762,1,historical_anchor_quarantine,excluded_opened_external_exact_or_direct,300,20560902,internal_test|model_selection_validation|new_external_blind
useq00764,1,historical_anchor_quarantine,excluded_opened_external_exact_or_direct,300,20560902,internal_test|model_selection_validation|new_external_blind
useq00765,1,historical_anchor_quarantine,excluded_opened_external_exact_or_direct,300,20560902,internal_test|model_selection_validation|new_external_blind
useq00767,1,historical_anchor_quarantine,excluded_opened_external_exact_or_direct,300,20560902,internal_test|model_selection_validation|new_external_blind
useq00769,1,historical_anchor_quarantine,excluded_opened_external_exact_or_direct,300,20560902,internal_test|model_selection_validation|new_external_blind
useq00771,1,historical_anchor_quarantine,excluded_opened_external_exact_or_direct,300,20560902,internal_test|model_selection_validation|new_external_blind
useq00775,1,historical_anchor_quarantine,excluded_opened_external_exact_or_direct,300,20560902,internal_test|model_selection_validation|new_external_blind
useq00777,1,historical_anchor_quarantine,excluded_opened_external_exact_or_direct,300,20560902,internal_test|model_selection_validation|new_external_blind
useq00778,1,historical_anchor_quarantine,excluded_opened_external_exact_or_direct,300,20560902,internal_test|model_selection_validation|new_external_blind
useq00780,1,historical_anchor_quarantine,excluded_opened_external_exact_or_direct,300,20560902,internal_test|model_selection_validation|new_external_blind
useq00781,2,historical_anchor_quarantine,excluded_opened_external_exact_or_direct,300,20560902,internal_test|model_selection_validation|new_external_blind
useq00782,1,historical_anchor_quarantine,excluded_opened_external_exact_or_direct,300,20560902,internal_test|model_selection_validation|new_external_blind
useq00783,1,historical_anchor_quarantine,excluded_opened_external_exact_or_direct,300,20560902,internal_test|model_selection_validation|new_external_blind
useq00785,3,historical_anchor_quarantine,excluded_opened_external_exact_or_direct,300,20560902,internal_test|model_selection_validation|new_external_blind
useq00787,1,historical_anchor_quarantine,excluded_opened_external_exact_or_direct,300,20560902,internal_test|model_selection_validation|new_external_blind
useq00788,1,historical_anchor_quarantine,excluded_opened_external_exact_or_direct,300,20560902,internal_test|model_selection_validation|new_external_blind
useq00789,1,historical_anchor_quarantine,excluded_opened_external_exact_or_direct,300,20560902,internal_test|model_selection_validation|new_external_blind
useq00790,1,historical_anchor_quarantine,excluded_opened_external_exact_or_direct,300,20560902,internal_test|model_selection_validation|new_external_blind
useq00791,2,historical_anchor_quarantine,excluded_opened_external_exact_or_direct,300,20560902,internal_test|model_selection_validation|new_external_blind
useq00793,1,historical_anchor_quarantine,excluded_opened_external_exact_or_direct,300,20560902,internal_test|model_selection_validation|new_external_blind
useq00794,1,historical_anchor_quarantine,excluded_opened_external_exact_or_direct,300,20560902,internal_test|model_selection_validation|new_external_blind
useq00798,1,historical_anchor_quarantine,excluded_opened_external_exact_or_direct,300,20560902,internal_test|model_selection_validation|new_external_blind
useq00799,1,historical_anchor_quarantine,excluded_opened_external_exact_or_direct,300,20560902,internal_test|model_selection_validation|new_external_blind
useq00800,1,historical_anchor_quarantine,excluded_opened_external_exact_or_direct,300,20560902,internal_test|model_selection_validation|new_external_blind
useq00801,1,historical_anchor_quarantine,excluded_opened_external_exact_or_direct,300,20560902,internal_test|model_selection_validation|new_external_blind
useq00802,1,historical_anchor_quarantine,excluded_opened_external_exact_or_direct,300,20560902,internal_test|model_selection_validation|new_external_blind
useq00803,1,historical_anchor_quarantine,excluded_opened_external_exact_or_direct,300,20560902,internal_test|model_selection_validation|new_external_blind
useq00804,1,historical_anchor_quarantine,excluded_opened_external_exact_or_direct,300,20560902,internal_test|model_selection_validation|new_external_blind
useq00805,1,historical_anchor_quarantine,excluded_opened_external_exact_or_direct,300,20560902,internal_test|model_selection_validation|new_external_blind
useq00806,1,historical_anchor_quarantine,excluded_opened_external_exact_or_direct,300,20560902,internal_test|model_selection_validation|new_external_blind
useq00809,1,historical_anchor_quarantine,excluded_opened_external_exact_or_direct,300,20560902,internal_test|model_selection_validation|new_external_blind
useq00812,1,historical_anchor_quarantine,excluded_opened_external_exact_or_direct,300,20560902,internal_test|model_selection_validation|new_external_blind
useq00813,1,historical_anchor_quarantine,excluded_opened_external_exact_or_direct,300,20560902,internal_test|model_selection_validation|new_external_blind
useq00816,1,historical_anchor_quarantine,excluded_opened_external_exact_or_direct,300,20560902,internal_test|model_selection_validation|new_external_blind
useq00818,1,historical_anchor_quarantine,excluded_opened_external_exact_or_direct,300,20560902,internal_test|model_selection_validation|new_external_blind
useq00820,1,historical_anchor_quarantine,excluded_opened_external_exact_or_direct,300,20560902,internal_test|model_selection_validation|new_external_blind
useq00822,1,historical_anchor_quarantine,excluded_opened_external_exact_or_direct,300,20560902,internal_test|model_selection_validation|new_external_blind
useq00823,1,historical_anchor_quarantine,excluded_opened_external_exact_or_direct,300,20560902,internal_test|model_selection_validation|new_external_blind
useq00827,1,historical_anchor_quarantine,excluded_opened_external_exact_or_direct,300,20560902,internal_test|model_selection_validation|new_external_blind
useq00831,1,historical_anchor_quarantine,excluded_opened_external_exact_or_direct,300,20560902,internal_test|model_selection_validation|new_external_blind
useq00832,1,historical_anchor_quarantine,excluded_opened_external_exact_or_direct,300,20560902,internal_test|model_selection_validation|new_external_blind
useq00833,1,historical_anchor_quarantine,excluded_opened_external_exact_or_direct,300,20560902,internal_test|model_selection_validation|new_external_blind
useq00834,1,historical_anchor_quarantine,excluded_opened_external_exact_or_direct,300,20560902,internal_test|model_selection_validation|new_external_blind
useq00837,2,historical_anchor_quarantine,excluded_opened_external_exact_or_direct,300,20560902,internal_test|model_selection_validation|new_external_blind
useq00838,1,historical_anchor_quarantine,excluded_opened_external_exact_or_direct,300,20560902,internal_test|model_selection_validation|new_external_blind
useq00840,1,historical_anchor_quarantine,excluded_opened_external_exact_or_direct,300,20560902,internal_test|model_selection_validation|new_external_blind
useq00841,1,historical_anchor_quarantine,excluded_opened_external_exact_or_direct,300,20560902,internal_test|model_selection_validation|new_external_blind
useq00844,1,historical_anchor_quarantine,excluded_opened_external_exact_or_direct,300,20560902,internal_test|model_selection_validation|new_external_blind
useq00845,1,historical_anchor_quarantine,excluded_opened_external_exact_or_direct,300,20560902,internal_test|model_selection_validation|new_external_blind
useq00847,1,historical_anchor_quarantine,excluded_opened_external_exact_or_direct,300,20560902,internal_test|model_selection_validation|new_external_blind
useq00848,1,historical_anchor_quarantine,excluded_opened_external_exact_or_direct,300,20560902,internal_test|model_selection_validation|new_external_blind
useq00849,1,historical_anchor_quarantine,excluded_opened_external_exact_or_direct,300,20560902,internal_test|model_selection_validation|new_external_blind
useq00854,1,historical_anchor_quarantine,excluded_opened_external_exact_or_direct,300,20560902,internal_test|model_selection_validation|new_external_blind
useq00855,1,historical_anchor_quarantine,excluded_opened_external_exact_or_direct,300,20560902,internal_test|model_selection_validation|new_external_blind
useq00857,1,historical_anchor_quarantine,excluded_opened_external_exact_or_direct,300,20560902,internal_test|model_selection_validation|new_external_blind
useq00860,1,historical_anchor_quarantine,excluded_opened_external_exact_or_direct,300,20560902,internal_test|model_selection_validation|new_external_blind
useq00863,1,historical_anchor_quarantine,excluded_opened_external_exact_or_direct,300,20560902,internal_test|model_selection_validation|new_external_blind
useq00867,1,historical_anchor_quarantine,excluded_opened_external_exact_or_direct,300,20560902,internal_test|model_selection_validation|new_external_blind
useq00869,1,historical_anchor_quarantine,excluded_opened_external_exact_or_direct,300,20560902,internal_test|model_selection_validation|new_external_blind
useq00877,1,historical_anchor_quarantine,excluded_opened_external_exact_or_direct,300,20560902,internal_test|model_selection_validation|new_external_blind
useq00878,1,historical_anchor_quarantine,excluded_opened_external_exact_or_direct,300,20560902,internal_test|model_selection_validation|new_external_blind
useq00879,1,historical_anchor_quarantine,excluded_opened_external_exact_or_direct,300,20560902,internal_test|model_selection_validation|new_external_blind
useq00880,1,historical_anchor_quarantine,excluded_opened_external_exact_or_direct,300,20560902,internal_test|model_selection_validation|new_external_blind
useq00881,1,historical_anchor_quarantine,excluded_opened_external_exact_or_direct,300,20560902,internal_test|model_selection_validation|new_external_blind
useq00883,1,historical_anchor_quarantine,excluded_opened_external_exact_or_direct,300,20560902,internal_test|model_selection_validation|new_external_blind
useq00884,1,historical_anchor_quarantine,excluded_opened_external_exact_or_direct,300,20560902,internal_test|model_selection_validation|new_external_blind
useq00885,2,historical_anchor_quarantine,excluded_opened_external_exact_or_direct,300,20560902,internal_test|model_selection_validation|new_external_blind
useq00886,1,historical_anchor_quarantine,excluded_opened_external_exact_or_direct,300,20560902,internal_test|model_selection_validation|new_external_blind
useq00888,1,historical_anchor_quarantine,excluded_opened_external_exact_or_direct,300,20560902,internal_test|model_selection_validation|new_external_blind
useq00893,1,historical_anchor_quarantine,excluded_opened_external_exact_or_direct,300,20560902,internal_test|model_selection_validation|new_external_blind
useq00895,1,historical_anchor_quarantine,excluded_opened_external_exact_or_direct,300,20560902,internal_test|model_selection_validation|new_external_blind
useq00896,1,historical_anchor_quarantine,excluded_opened_external_exact_or_direct,300,20560902,internal_test|model_selection_validation|new_external_blind
useq00897,1,historical_anchor_quarantine,excluded_opened_external_exact_or_direct,300,20560902,internal_test|model_selection_validation|new_external_blind
useq00898,2,historical_anchor_quarantine,excluded_opened_external_exact_or_direct,300,20560902,internal_test|model_selection_validation|new_external_blind
useq00899,1,historical_anchor_quarantine,excluded_opened_external_exact_or_direct,300,20560902,internal_test|model_selection_validation|new_external_blind
useq00901,1,historical_anchor_quarantine,excluded_opened_external_exact_or_direct,300,20560902,internal_test|model_selection_validation|new_external_blind
useq00902,1,historical_anchor_quarantine,excluded_opened_external_exact_or_direct,300,20560902,internal_test|model_selection_validation|new_external_blind
useq00903,1,historical_anchor_quarantine,excluded_opened_external_exact_or_direct,300,20560902,internal_test|model_selection_validation|new_external_blind
useq00905,1,historical_anchor_quarantine,excluded_opened_external_exact_or_direct,300,20560902,internal_test|model_selection_validation|new_external_blind
useq00907,1,historical_anchor_quarantine,excluded_opened_external_exact_or_direct,300,20560902,internal_test|model_selection_validation|new_external_blind
useq00908,1,historical_anchor_quarantine,excluded_opened_external_exact_or_direct,300,20560902,internal_test|model_selection_validation|new_external_blind
useq00913,1,historical_anchor_quarantine,excluded_opened_external_exact_or_direct,300,20560902,internal_test|model_selection_validation|new_external_blind
useq00915,1,historical_anchor_quarantine,excluded_opened_external_exact_or_direct,300,20560902,internal_test|model_selection_validation|new_external_blind
useq00916,1,historical_anchor_quarantine,excluded_opened_external_exact_or_direct,300,20560902,internal_test|model_selection_validation|new_external_blind
useq00917,1,historical_anchor_quarantine,excluded_opened_external_exact_or_direct,300,20560902,internal_test|model_selection_validation|new_external_blind
useq00918,1,historical_anchor_quarantine,excluded_opened_external_exact_or_direct,300,20560902,internal_test|model_selection_validation|new_external_blind
useq00919,1,historical_anchor_quarantine,excluded_opened_external_exact_or_direct,300,20560902,internal_test|model_selection_validation|new_external_blind
useq00920,1,historical_anchor_quarantine,excluded_opened_external_exact_or_direct,300,20560902,internal_test|model_selection_validation|new_external_blind
useq00921,1,historical_anchor_quarantine,excluded_opened_external_exact_or_direct,300,20560902,internal_test|model_selection_validation|new_external_blind
useq00924,1,historical_anchor_quarantine,excluded_opened_external_exact_or_direct,300,20560902,internal_test|model_selection_validation|new_external_blind
useq00925,1,historical_anchor_quarantine,excluded_opened_external_exact_or_direct,300,20560902,internal_test|model_selection_validation|new_external_blind
useq00927,1,historical_anchor_quarantine,excluded_opened_external_exact_or_direct,300,20560902,internal_test|model_selection_validation|new_external_blind
useq00928,1,historical_anchor_quarantine,excluded_opened_external_exact_or_direct,300,20560902,internal_test|model_selection_validation|new_external_blind
useq00932,1,historical_anchor_quarantine,excluded_opened_external_exact_or_direct,300,20560902,internal_test|model_selection_validation|new_external_blind
useq00933,1,historical_anchor_quarantine,excluded_opened_external_exact_or_direct,300,20560902,internal_test|model_selection_validation|new_external_blind
useq00934,1,historical_anchor_quarantine,excluded_opened_external_exact_or_direct,300,20560902,internal_test|model_selection_validation|new_external_blind
useq00935,1,historical_anchor_quarantine,excluded_opened_external_exact_or_direct,300,20560902,internal_test|model_selection_validation|new_external_blind
useq00936,1,historical_anchor_quarantine,excluded_opened_external_exact_or_direct,300,20560902,internal_test|model_selection_validation|new_external_blind
useq00938,1,historical_anchor_quarantine,excluded_opened_external_exact_or_direct,300,20560902,internal_test|model_selection_validation|new_external_blind
useq00943,1,historical_anchor_quarantine,excluded_opened_external_exact_or_direct,300,20560902,internal_test|model_selection_validation|new_external_blind
useq00945,1,historical_anchor_quarantine,excluded_opened_external_exact_or_direct,300,20560902,internal_test|model_selection_validation|new_external_blind
useq00948,1,historical_anchor_quarantine,excluded_opened_external_exact_or_direct,300,20560902,internal_test|model_selection_validation|new_external_blind
useq00951,1,historical_anchor_quarantine,excluded_opened_external_exact_or_direct,300,20560902,internal_test|model_selection_validation|new_external_blind
useq00953,1,historical_anchor_quarantine,excluded_opened_external_exact_or_direct,300,20560902,internal_test|model_selection_validation|new_external_blind
useq00954,1,historical_anchor_quarantine,excluded_opened_external_exact_or_direct,300,20560902,internal_test|model_selection_validation|new_external_blind
useq00956,1,historical_anchor_quarantine,excluded_opened_external_exact_or_direct,300,20560902,internal_test|model_selection_validation|new_external_blind
useq00957,1,historical_anchor_quarantine,excluded_opened_external_exact_or_direct,300,20560902,internal_test|model_selection_validation|new_external_blind
useq00960,1,historical_anchor_quarantine,excluded_opened_external_exact_or_direct,300,20560902,internal_test|model_selection_validation|new_external_blind
useq00961,1,historical_anchor_quarantine,excluded_opened_external_exact_or_direct,300,20560902,internal_test|model_selection_validation|new_external_blind
useq00963,1,historical_anchor_quarantine,excluded_opened_external_exact_or_direct,300,20560902,internal_test|model_selection_validation|new_external_blind
useq00967,1,historical_anchor_quarantine,excluded_opened_external_exact_or_direct,300,20560902,internal_test|model_selection_validation|new_external_blind
useq00969,1,historical_anchor_quarantine,excluded_opened_external_exact_or_direct,300,20560902,internal_test|model_selection_validation|new_external_blind
useq00970,1,historical_anchor_quarantine,excluded_opened_external_exact_or_direct,300,20560902,internal_test|model_selection_validation|new_external_blind
useq00971,1,historical_anchor_quarantine,excluded_opened_external_exact_or_direct,300,20560902,internal_test|model_selection_validation|new_external_blind
useq00972,1,historical_anchor_quarantine,excluded_opened_external_exact_or_direct,300,20560902,internal_test|model_selection_validation|new_external_blind
useq00974,1,historical_anchor_quarantine,excluded_opened_external_exact_or_direct,300,20560902,internal_test|model_selection_validation|new_external_blind
useq00975,1,historical_anchor_quarantine,excluded_opened_external_exact_or_direct,300,20560902,internal_test|model_selection_validation|new_external_blind
useq00976,1,historical_anchor_quarantine,excluded_opened_external_exact_or_direct,300,20560902,internal_test|model_selection_validation|new_external_blind
useq00979,1,historical_anchor_quarantine,excluded_opened_external_exact_or_direct,300,20560902,internal_test|model_selection_validation|new_external_blind
useq00985,1,historical_anchor_quarantine,excluded_opened_external_exact_or_direct,300,20560902,internal_test|model_selection_validation|new_external_blind
useq00986,1,historical_anchor_quarantine,excluded_opened_external_exact_or_direct,300,20560902,internal_test|model_selection_validation|new_external_blind
useq00987,1,historical_anchor_quarantine,excluded_opened_external_exact_or_direct,300,20560902,internal_test|model_selection_validation|new_external_blind
useq00988,1,historical_anchor_quarantine,excluded_opened_external_exact_or_direct,300,20560902,internal_test|model_selection_validation|new_external_blind
useq00989,1,historical_anchor_quarantine,excluded_opened_external_exact_or_direct,300,20560902,internal_test|model_selection_validation|new_external_blind
useq00993,1,historical_anchor_quarantine,excluded_opened_external_exact_or_direct,300,20560902,internal_test|model_selection_validation|new_external_blind
useq00994,1,historical_anchor_quarantine,excluded_opened_external_exact_or_direct,300,20560902,internal_test|model_selection_validation|new_external_blind
useq00995,2,historical_anchor_quarantine,excluded_opened_external_exact_or_direct,300,20560902,internal_test|model_selection_validation|new_external_blind
useq00996,1,historical_anchor_quarantine,excluded_opened_external_exact_or_direct,300,20560902,internal_test|model_selection_validation|new_external_blind
useq00997,1,historical_anchor_quarantine,excluded_opened_external_exact_or_direct,300,20560902,internal_test|model_selection_validation|new_external_blind
useq00998,2,historical_anchor_quarantine,excluded_opened_external_exact_or_direct,300,20560902,internal_test|model_selection_validation|new_external_blind
useq00999,1,historical_anchor_quarantine,excluded_opened_external_exact_or_direct,300,20560902,internal_test|model_selection_validation|new_external_blind
useq01000,1,historical_anchor_quarantine,excluded_opened_external_exact_or_direct,300,20560902,internal_test|model_selection_validation|new_external_blind
useq01001,1,historical_anchor_quarantine,excluded_opened_external_exact_or_direct,300,20560902,internal_test|model_selection_validation|new_external_blind
useq01003,1,historical_anchor_quarantine,excluded_opened_external_exact_or_direct,300,20560902,internal_test|model_selection_validation|new_external_blind
useq01004,1,historical_anchor_quarantine,excluded_opened_external_exact_or_direct,300,20560902,internal_test|model_selection_validation|new_external_blind
useq01007,1,historical_anchor_quarantine,excluded_opened_external_exact_or_direct,300,20560902,internal_test|model_selection_validation|new_external_blind
useq01010,1,historical_anchor_quarantine,excluded_opened_external_exact_or_direct,300,20560902,internal_test|model_selection_validation|new_external_blind
useq01016,1,historical_anchor_quarantine,excluded_opened_external_exact_or_direct,300,20560902,internal_test|model_selection_validation|new_external_blind
useq01017,1,historical_anchor_quarantine,excluded_opened_external_exact_or_direct,300,20560902,internal_test|model_selection_validation|new_external_blind
useq01021,4,historical_anchor_quarantine,excluded_opened_external_exact_or_direct,300,20560902,internal_test|model_selection_validation|new_external_blind
useq01023,1,historical_anchor_quarantine,excluded_opened_external_exact_or_direct,300,20560902,internal_test|model_selection_validation|new_external_blind
useq01024,1,historical_anchor_quarantine,excluded_opened_external_exact_or_direct,300,20560902,internal_test|model_selection_validation|new_external_blind
useq01025,1,historical_anchor_quarantine,excluded_opened_external_exact_or_direct,300,20560902,internal_test|model_selection_validation|new_external_blind
useq01027,1,historical_anchor_quarantine,excluded_opened_external_exact_or_direct,300,20560902,internal_test|model_selection_validation|new_external_blind
useq01030,1,historical_anchor_quarantine,excluded_opened_external_exact_or_direct,300,20560902,internal_test|model_selection_validation|new_external_blind
useq01031,1,historical_anchor_quarantine,excluded_opened_external_exact_or_direct,300,20560902,internal_test|model_selection_validation|new_external_blind
useq01032,1,historical_anchor_quarantine,excluded_opened_external_exact_or_direct,300,20560902,internal_test|model_selection_validation|new_external_blind
useq01033,1,historical_anchor_quarantine,excluded_opened_external_exact_or_direct,300,20560902,internal_test|model_selection_validation|new_external_blind
useq01034,1,historical_anchor_quarantine,excluded_opened_external_exact_or_direct,300,20560902,internal_test|model_selection_validation|new_external_blind
useq01036,1,historical_anchor_quarantine,excluded_opened_external_exact_or_direct,300,20560902,internal_test|model_selection_validation|new_external_blind
useq01037,1,historical_anchor_quarantine,excluded_opened_external_exact_or_direct,300,20560902,internal_test|model_selection_validation|new_external_blind
useq01039,1,historical_anchor_quarantine,excluded_opened_external_exact_or_direct,300,20560902,internal_test|model_selection_validation|new_external_blind
useq01042,1,historical_anchor_quarantine,excluded_opened_external_exact_or_direct,300,20560902,internal_test|model_selection_validation|new_external_blind
useq01049,1,historical_anchor_quarantine,excluded_opened_external_exact_or_direct,300,20560902,internal_test|model_selection_validation|new_external_blind
useq01050,1,historical_anchor_quarantine,excluded_opened_external_exact_or_direct,300,20560902,internal_test|model_selection_validation|new_external_blind
useq01051,1,historical_anchor_quarantine,excluded_opened_external_exact_or_direct,300,20560902,internal_test|model_selection_validation|new_external_blind
useq01055,1,historical_anchor_quarantine,excluded_opened_external_exact_or_direct,300,20560902,internal_test|model_selection_validation|new_external_blind
useq01058,1,historical_anchor_quarantine,excluded_opened_external_exact_or_direct,300,20560902,internal_test|model_selection_validation|new_external_blind
useq01061,1,historical_anchor_quarantine,excluded_opened_external_exact_or_direct,300,20560902,internal_test|model_selection_validation|new_external_blind
useq01062,1,historical_anchor_quarantine,excluded_opened_external_exact_or_direct,300,20560902,internal_test|model_selection_validation|new_external_blind
useq01065,1,historical_anchor_quarantine,excluded_opened_external_exact_or_direct,300,20560902,internal_test|model_selection_validation|new_external_blind
useq01066,1,historical_anchor_quarantine,excluded_opened_external_exact_or_direct,300,20560902,internal_test|model_selection_validation|new_external_blind
useq01067,1,historical_anchor_quarantine,excluded_opened_external_exact_or_direct,300,20560902,internal_test|model_selection_validation|new_external_blind
useq01069,1,historical_anchor_quarantine,excluded_opened_external_exact_or_direct,300,20560902,internal_test|model_selection_validation|new_external_blind
useq01070,1,historical_anchor_quarantine,excluded_opened_external_exact_or_direct,300,20560902,internal_test|model_selection_validation|new_external_blind
useq01071,1,historical_anchor_quarantine,excluded_opened_external_exact_or_direct,300,20560902,internal_test|model_selection_validation|new_external_blind
useq01073,1,historical_anchor_quarantine,excluded_opened_external_exact_or_direct,300,20560902,internal_test|model_selection_validation|new_external_blind
useq01075,1,historical_anchor_quarantine,excluded_opened_external_exact_or_direct,300,20560902,internal_test|model_selection_validation|new_external_blind
useq01077,1,historical_anchor_quarantine,excluded_opened_external_exact_or_direct,300,20560902,internal_test|model_selection_validation|new_external_blind
useq01078,1,historical_anchor_quarantine,excluded_opened_external_exact_or_direct,300,20560902,internal_test|model_selection_validation|new_external_blind
useq01079,1,historical_anchor_quarantine,excluded_opened_external_exact_or_direct,300,20560902,internal_test|model_selection_validation|new_external_blind
useq01080,1,historical_anchor_quarantine,excluded_opened_external_exact_or_direct,300,20560902,internal_test|model_selection_validation|new_external_blind
useq01081,1,historical_anchor_quarantine,excluded_opened_external_exact_or_direct,300,20560902,internal_test|model_selection_validation|new_external_blind
useq01083,11,historical_anchor_quarantine,excluded_opened_external_exact_or_direct,300,20560902,internal_test|model_selection_validation|new_external_blind
useq01087,1,historical_anchor_quarantine,excluded_opened_external_exact_or_direct,300,20560902,internal_test|model_selection_validation|new_external_blind
useq01094,1,historical_anchor_quarantine,excluded_opened_external_exact_or_direct,300,20560902,internal_test|model_selection_validation|new_external_blind
useq01095,1,historical_anchor_quarantine,excluded_opened_external_exact_or_direct,300,20560902,internal_test|model_selection_validation|new_external_blind
useq01096,1,historical_anchor_quarantine,excluded_opened_external_exact_or_direct,300,20560902,internal_test|model_selection_validation|new_external_blind
useq01097,1,historical_anchor_quarantine,excluded_opened_external_exact_or_direct,300,20560902,internal_test|model_selection_validation|new_external_blind
useq01100,1,historical_anchor_quarantine,excluded_opened_external_exact_or_direct,300,20560902,internal_test|model_selection_validation|new_external_blind
useq01102,1,historical_anchor_quarantine,excluded_opened_external_exact_or_direct,300,20560902,internal_test|model_selection_validation|new_external_blind
useq01104,1,historical_anchor_quarantine,excluded_opened_external_exact_or_direct,300,20560902,internal_test|model_selection_validation|new_external_blind
useq01105,1,historical_anchor_quarantine,excluded_opened_external_exact_or_direct,300,20560902,internal_test|model_selection_validation|new_external_blind
useq01106,2,historical_anchor_quarantine,excluded_opened_external_exact_or_direct,300,20560902,internal_test|model_selection_validation|new_external_blind
useq01108,1,historical_anchor_quarantine,excluded_opened_external_exact_or_direct,300,20560902,internal_test|model_selection_validation|new_external_blind
useq01109,1,historical_anchor_quarantine,excluded_opened_external_exact_or_direct,300,20560902,internal_test|model_selection_validation|new_external_blind
useq01110,1,historical_anchor_quarantine,excluded_opened_external_exact_or_direct,300,20560902,internal_test|model_selection_validation|new_external_blind
useq01111,1,historical_anchor_quarantine,excluded_opened_external_exact_or_direct,300,20560902,internal_test|model_selection_validation|new_external_blind
useq01113,1,historical_anchor_quarantine,excluded_opened_external_exact_or_direct,300,20560902,internal_test|model_selection_validation|new_external_blind
useq01115,1,historical_anchor_quarantine,excluded_opened_external_exact_or_direct,300,20560902,internal_test|model_selection_validation|new_external_blind
useq01117,1,historical_anchor_quarantine,excluded_opened_external_exact_or_direct,300,20560902,internal_test|model_selection_validation|new_external_blind
useq01118,1,historical_anchor_quarantine,excluded_opened_external_exact_or_direct,300,20560902,internal_test|model_selection_validation|new_external_blind
useq01119,1,historical_anchor_quarantine,excluded_opened_external_exact_or_direct,300,20560902,internal_test|model_selection_validation|new_external_blind
useq01120,1,historical_anchor_quarantine,excluded_opened_external_exact_or_direct,300,20560902,internal_test|model_selection_validation|new_external_blind
useq01124,1,historical_anchor_quarantine,excluded_opened_external_exact_or_direct,300,20560902,internal_test|model_selection_validation|new_external_blind
useq01129,1,historical_anchor_quarantine,excluded_opened_external_exact_or_direct,300,20560902,internal_test|model_selection_validation|new_external_blind
useq01131,1,historical_anchor_quarantine,excluded_opened_external_exact_or_direct,300,20560902,internal_test|model_selection_validation|new_external_blind
useq01132,1,historical_anchor_quarantine,excluded_opened_external_exact_or_direct,300,20560902,internal_test|model_selection_validation|new_external_blind
useq01134,1,historical_anchor_quarantine,excluded_opened_external_exact_or_direct,300,20560902,internal_test|model_selection_validation|new_external_blind
useq01137,1,historical_anchor_quarantine,excluded_opened_external_exact_or_direct,300,20560902,internal_test|model_selection_validation|new_external_blind
useq01139,2,historical_anchor_quarantine,excluded_opened_external_exact_or_direct,300,20560902,internal_test|model_selection_validation|new_external_blind
useq01140,1,historical_anchor_quarantine,excluded_opened_external_exact_or_direct,300,20560902,internal_test|model_selection_validation|new_external_blind
useq01141,1,historical_anchor_quarantine,excluded_opened_external_exact_or_direct,300,20560902,internal_test|model_selection_validation|new_external_blind
useq01142,1,historical_anchor_quarantine,excluded_opened_external_exact_or_direct,300,20560902,internal_test|model_selection_validation|new_external_blind
useq01143,1,historical_anchor_quarantine,excluded_opened_external_exact_or_direct,300,20560902,internal_test|model_selection_validation|new_external_blind
useq01144,1,historical_anchor_quarantine,excluded_opened_external_exact_or_direct,300,20560902,internal_test|model_selection_validation|new_external_blind
useq01146,1,historical_anchor_quarantine,excluded_opened_external_exact_or_direct,300,20560902,internal_test|model_selection_validation|new_external_blind
useq01148,1,historical_anchor_quarantine,excluded_opened_external_exact_or_direct,300,20560902,internal_test|model_selection_validation|new_external_blind
useq01149,1,historical_anchor_quarantine,excluded_opened_external_exact_or_direct,300,20560902,internal_test|model_selection_validation|new_external_blind
useq01151,1,historical_anchor_quarantine,excluded_opened_external_exact_or_direct,300,20560902,internal_test|model_selection_validation|new_external_blind
useq01156,1,historical_anchor_quarantine,excluded_opened_external_exact_or_direct,300,20560902,internal_test|model_selection_validation|new_external_blind
useq01163,1,historical_anchor_quarantine,excluded_opened_external_exact_or_direct,300,20560902,internal_test|model_selection_validation|new_external_blind
useq01164,1,historical_anchor_quarantine,excluded_opened_external_exact_or_direct,300,20560902,internal_test|model_selection_validation|new_external_blind
useq01165,1,historical_anchor_quarantine,excluded_opened_external_exact_or_direct,300,20560902,internal_test|model_selection_validation|new_external_blind
useq01166,1,historical_anchor_quarantine,excluded_opened_external_exact_or_direct,300,20560902,internal_test|model_selection_validation|new_external_blind
useq01169,1,historical_anchor_quarantine,excluded_opened_external_exact_or_direct,300,20560902,internal_test|model_selection_validation|new_external_blind
useq01170,1,historical_anchor_quarantine,excluded_opened_external_exact_or_direct,300,20560902,internal_test|model_selection_validation|new_external_blind
useq01171,2,historical_anchor_quarantine,excluded_opened_external_exact_or_direct,300,20560902,internal_test|model_selection_validation|new_external_blind
useq01172,1,historical_anchor_quarantine,excluded_opened_external_exact_or_direct,300,20560902,internal_test|model_selection_validation|new_external_blind
useq01174,1,historical_anchor_quarantine,excluded_opened_external_exact_or_direct,300,20560902,internal_test|model_selection_validation|new_external_blind
useq01177,3,historical_anchor_quarantine,excluded_opened_external_exact_or_direct,300,20560902,internal_test|model_selection_validation|new_external_blind
useq01179,1,historical_anchor_quarantine,excluded_opened_external_exact_or_direct,300,20560902,internal_test|model_selection_validation|new_external_blind
useq01185,1,historical_anchor_quarantine,excluded_opened_external_exact_or_direct,300,20560902,internal_test|model_selection_validation|new_external_blind
useq01186,1,historical_anchor_quarantine,excluded_opened_external_exact_or_direct,300,20560902,internal_test|model_selection_validation|new_external_blind
useq01188,1,historical_anchor_quarantine,excluded_opened_external_exact_or_direct,300,20560902,internal_test|model_selection_validation|new_external_blind
useq01189,1,historical_anchor_quarantine,excluded_opened_external_exact_or_direct,300,20560902,internal_test|model_selection_validation|new_external_blind
useq01191,1,historical_anchor_quarantine,excluded_opened_external_exact_or_direct,300,20560902,internal_test|model_selection_validation|new_external_blind
useq01192,1,historical_anchor_quarantine,excluded_opened_external_exact_or_direct,300,20560902,internal_test|model_selection_validation|new_external_blind
useq01198,1,historical_anchor_quarantine,excluded_opened_external_exact_or_direct,300,20560902,internal_test|model_selection_validation|new_external_blind
useq01200,2,historical_anchor_quarantine,excluded_opened_external_exact_or_direct,300,20560902,internal_test|model_selection_validation|new_external_blind
useq01203,1,historical_anchor_quarantine,excluded_opened_external_exact_or_direct,300,20560902,internal_test|model_selection_validation|new_external_blind
useq01204,1,historical_anchor_quarantine,excluded_opened_external_exact_or_direct,300,20560902,internal_test|model_selection_validation|new_external_blind
useq01207,1,historical_anchor_quarantine,excluded_opened_external_exact_or_direct,300,20560902,internal_test|model_selection_validation|new_external_blind
useq01208,1,historical_anchor_quarantine,excluded_opened_external_exact_or_direct,300,20560902,internal_test|model_selection_validation|new_external_blind
useq01209,1,historical_anchor_quarantine,excluded_opened_external_exact_or_direct,300,20560902,internal_test|model_selection_validation|new_external_blind
useq01211,1,historical_anchor_quarantine,excluded_opened_external_exact_or_direct,300,20560902,internal_test|model_selection_validation|new_external_blind
useq01213,1,historical_anchor_quarantine,excluded_opened_external_exact_or_direct,300,20560902,internal_test|model_selection_validation|new_external_blind
useq01215,1,historical_anchor_quarantine,excluded_opened_external_exact_or_direct,300,20560902,internal_test|model_selection_validation|new_external_blind
useq01222,1,historical_anchor_quarantine,excluded_opened_external_exact_or_direct,300,20560902,internal_test|model_selection_validation|new_external_blind
useq01227,1,historical_anchor_quarantine,excluded_opened_external_exact_or_direct,300,20560902,internal_test|model_selection_validation|new_external_blind
useq01228,1,historical_anchor_quarantine,excluded_opened_external_exact_or_direct,300,20560902,internal_test|model_selection_validation|new_external_blind
useq01230,1,historical_anchor_quarantine,excluded_opened_external_exact_or_direct,300,20560902,internal_test|model_selection_validation|new_external_blind
useq01231,1,historical_anchor_quarantine,excluded_opened_external_exact_or_direct,300,20560902,internal_test|model_selection_validation|new_external_blind
useq01233,2,historical_anchor_quarantine,excluded_opened_external_exact_or_direct,300,20560902,internal_test|model_selection_validation|new_external_blind
useq01234,1,historical_anchor_quarantine,excluded_opened_external_exact_or_direct,300,20560902,internal_test|model_selection_validation|new_external_blind
useq01236,1,historical_anchor_quarantine,excluded_opened_external_exact_or_direct,300,20560902,internal_test|model_selection_validation|new_external_blind
useq01239,1,historical_anchor_quarantine,excluded_opened_external_exact_or_direct,300,20560902,internal_test|model_selection_validation|new_external_blind
useq01241,1,historical_anchor_quarantine,excluded_opened_external_exact_or_direct,300,20560902,internal_test|model_selection_validation|new_external_blind
useq01242,1,historical_anchor_quarantine,excluded_opened_external_exact_or_direct,300,20560902,internal_test|model_selection_validation|new_external_blind
useq01243,2,historical_anchor_quarantine,excluded_opened_external_exact_or_direct,300,20560902,internal_test|model_selection_validation|new_external_blind
useq01245,1,historical_anchor_quarantine,excluded_opened_external_exact_or_direct,300,20560902,internal_test|model_selection_validation|new_external_blind
useq01248,2,historical_anchor_quarantine,excluded_opened_external_exact_or_direct,300,20560902,internal_test|model_selection_validation|new_external_blind
useq01252,1,historical_anchor_quarantine,excluded_opened_external_exact_or_direct,300,20560902,internal_test|model_selection_validation|new_external_blind
useq01253,1,historical_anchor_quarantine,excluded_opened_external_exact_or_direct,300,20560902,internal_test|model_selection_validation|new_external_blind
useq01254,1,historical_anchor_quarantine,excluded_opened_external_exact_or_direct,300,20560902,internal_test|model_selection_validation|new_external_blind
useq01255,1,historical_anchor_quarantine,excluded_opened_external_exact_or_direct,300,20560902,internal_test|model_selection_validation|new_external_blind
useq01257,3,historical_anchor_quarantine,excluded_opened_external_exact_or_direct,300,20560902,internal_test|model_selection_validation|new_external_blind
useq01258,1,historical_anchor_quarantine,excluded_opened_external_exact_or_direct,300,20560902,internal_test|model_selection_validation|new_external_blind
useq01260,1,historical_anchor_quarantine,excluded_opened_external_exact_or_direct,300,20560902,internal_test|model_selection_validation|new_external_blind
useq01262,1,historical_anchor_quarantine,excluded_opened_external_exact_or_direct,300,20560902,internal_test|model_selection_validation|new_external_blind
useq01267,1,historical_anchor_quarantine,excluded_opened_external_exact_or_direct,300,20560902,internal_test|model_selection_validation|new_external_blind
useq01268,1,historical_anchor_quarantine,excluded_opened_external_exact_or_direct,300,20560902,internal_test|model_selection_validation|new_external_blind
useq01269,1,historical_anchor_quarantine,excluded_opened_external_exact_or_direct,300,20560902,internal_test|model_selection_validation|new_external_blind
useq01270,2,historical_anchor_quarantine,excluded_opened_external_exact_or_direct,300,20560902,internal_test|model_selection_validation|new_external_blind
useq01271,1,historical_anchor_quarantine,excluded_opened_external_exact_or_direct,300,20560902,internal_test|model_selection_validation|new_external_blind
useq01272,1,historical_anchor_quarantine,excluded_opened_external_exact_or_direct,300,20560902,internal_test|model_selection_validation|new_external_blind
useq01274,1,historical_anchor_quarantine,excluded_opened_external_exact_or_direct,300,20560902,internal_test|model_selection_validation|new_external_blind
useq01275,1,historical_anchor_quarantine,excluded_opened_external_exact_or_direct,300,20560902,internal_test|model_selection_validation|new_external_blind
useq01276,1,historical_anchor_quarantine,excluded_opened_external_exact_or_direct,300,20560902,internal_test|model_selection_validation|new_external_blind
useq01278,1,historical_anchor_quarantine,excluded_opened_external_exact_or_direct,300,20560902,internal_test|model_selection_validation|new_external_blind
useq01282,1,historical_anchor_quarantine,excluded_opened_external_exact_or_direct,300,20560902,internal_test|model_selection_validation|new_external_blind
useq01285,1,historical_anchor_quarantine,excluded_opened_external_exact_or_direct,300,20560902,internal_test|model_selection_validation|new_external_blind
useq01286,3,historical_anchor_quarantine,excluded_opened_external_exact_or_direct,300,20560902,internal_test|model_selection_validation|new_external_blind
useq01288,1,historical_anchor_quarantine,excluded_opened_external_exact_or_direct,300,20560902,internal_test|model_selection_validation|new_external_blind
useq01289,1,historical_anchor_quarantine,excluded_opened_external_exact_or_direct,300,20560902,internal_test|model_selection_validation|new_external_blind
useq01291,1,historical_anchor_quarantine,excluded_opened_external_exact_or_direct,300,20560902,internal_test|model_selection_validation|new_external_blind
useq01293,2,historical_anchor_quarantine,excluded_opened_external_exact_or_direct,300,20560902,internal_test|model_selection_validation|new_external_blind
useq01294,1,historical_anchor_quarantine,excluded_opened_external_exact_or_direct,300,20560902,internal_test|model_selection_validation|new_external_blind
useq01295,1,historical_anchor_quarantine,excluded_opened_external_exact_or_direct,300,20560902,internal_test|model_selection_validation|new_external_blind
useq01296,1,historical_anchor_quarantine,excluded_opened_external_exact_or_direct,300,20560902,internal_test|model_selection_validation|new_external_blind
useq01297,1,historical_anchor_quarantine,excluded_opened_external_exact_or_direct,300,20560902,internal_test|model_selection_validation|new_external_blind
useq01298,1,historical_anchor_quarantine,excluded_opened_external_exact_or_direct,300,20560902,internal_test|model_selection_validation|new_external_blind
useq01299,1,historical_anchor_quarantine,excluded_opened_external_exact_or_direct,300,20560902,internal_test|model_selection_validation|new_external_blind
useq01300,1,historical_anchor_quarantine,excluded_opened_external_exact_or_direct,300,20560902,internal_test|model_selection_validation|new_external_blind
useq01301,1,historical_anchor_quarantine,excluded_opened_external_exact_or_direct,300,20560902,internal_test|model_selection_validation|new_external_blind
useq01304,1,historical_anchor_quarantine,excluded_opened_external_exact_or_direct,300,20560902,internal_test|model_selection_validation|new_external_blind
useq01309,2,historical_anchor_quarantine,excluded_opened_external_exact_or_direct,300,20560902,internal_test|model_selection_validation|new_external_blind
useq01312,1,historical_anchor_quarantine,excluded_opened_external_exact_or_direct,300,20560902,internal_test|model_selection_validation|new_external_blind
useq01313,1,historical_anchor_quarantine,excluded_opened_external_exact_or_direct,300,20560902,internal_test|model_selection_validation|new_external_blind
useq01316,2,historical_anchor_quarantine,excluded_opened_external_exact_or_direct,300,20560902,internal_test|model_selection_validation|new_external_blind
useq01318,1,historical_anchor_quarantine,excluded_opened_external_exact_or_direct,300,20560902,internal_test|model_selection_validation|new_external_blind
useq01322,1,historical_anchor_quarantine,excluded_opened_external_exact_or_direct,300,20560902,internal_test|model_selection_validation|new_external_blind
useq01323,1,historical_anchor_quarantine,excluded_opened_external_exact_or_direct,300,20560902,internal_test|model_selection_validation|new_external_blind
useq01325,2,historical_anchor_quarantine,excluded_opened_external_exact_or_direct,300,20560902,internal_test|model_selection_validation|new_external_blind
useq01327,1,historical_anchor_quarantine,excluded_opened_external_exact_or_direct,300,20560902,internal_test|model_selection_validation|new_external_blind
useq01328,2,historical_anchor_quarantine,excluded_opened_external_exact_or_direct,300,20560902,internal_test|model_selection_validation|new_external_blind
useq01329,1,historical_anchor_quarantine,excluded_opened_external_exact_or_direct,300,20560902,internal_test|model_selection_validation|new_external_blind
useq01332,2,historical_anchor_quarantine,excluded_opened_external_exact_or_direct,300,20560902,internal_test|model_selection_validation|new_external_blind
useq01335,1,historical_anchor_quarantine,excluded_opened_external_exact_or_direct,300,20560902,internal_test|model_selection_validation|new_external_blind
useq01336,1,historical_anchor_quarantine,excluded_opened_external_exact_or_direct,300,20560902,internal_test|model_selection_validation|new_external_blind
useq01337,1,historical_anchor_quarantine,excluded_opened_external_exact_or_direct,300,20560902,internal_test|model_selection_validation|new_external_blind
useq01340,1,historical_anchor_quarantine,excluded_opened_external_exact_or_direct,300,20560902,internal_test|model_selection_validation|new_external_blind
useq01342,1,historical_anchor_quarantine,excluded_opened_external_exact_or_direct,300,20560902,internal_test|model_selection_validation|new_external_blind
useq01345,1,historical_anchor_quarantine,excluded_opened_external_exact_or_direct,300,20560902,internal_test|model_selection_validation|new_external_blind
useq01346,1,historical_anchor_quarantine,excluded_opened_external_exact_or_direct,300,20560902,internal_test|model_selection_validation|new_external_blind
useq01347,1,historical_anchor_quarantine,excluded_opened_external_exact_or_direct,300,20560902,internal_test|model_selection_validation|new_external_blind
useq01349,1,historical_anchor_quarantine,excluded_opened_external_exact_or_direct,300,20560902,internal_test|model_selection_validation|new_external_blind
useq01350,1,historical_anchor_quarantine,excluded_opened_external_exact_or_direct,300,20560902,internal_test|model_selection_validation|new_external_blind
useq01354,1,historical_anchor_quarantine,excluded_opened_external_exact_or_direct,300,20560902,internal_test|model_selection_validation|new_external_blind
useq01355,1,historical_anchor_quarantine,excluded_opened_external_exact_or_direct,300,20560902,internal_test|model_selection_validation|new_external_blind
useq01358,2,historical_anchor_quarantine,excluded_opened_external_exact_or_direct,300,20560902,internal_test|model_selection_validation|new_external_blind
useq01367,1,historical_anchor_quarantine,excluded_opened_external_exact_or_direct,300,20560902,internal_test|model_selection_validation|new_external_blind
useq01368,1,historical_anchor_quarantine,excluded_opened_external_exact_or_direct,300,20560902,internal_test|model_selection_validation|new_external_blind
useq01372,1,historical_anchor_quarantine,excluded_opened_external_exact_or_direct,300,20560902,internal_test|model_selection_validation|new_external_blind
useq01373,1,historical_anchor_quarantine,excluded_opened_external_exact_or_direct,300,20560902,internal_test|model_selection_validation|new_external_blind
useq01378,1,historical_anchor_quarantine,excluded_opened_external_exact_or_direct,300,20560902,internal_test|model_selection_validation|new_external_blind
useq01382,1,historical_anchor_quarantine,excluded_opened_external_exact_or_direct,300,20560902,internal_test|model_selection_validation|new_external_blind
useq01384,1,historical_anchor_quarantine,excluded_opened_external_exact_or_direct,300,20560902,internal_test|model_selection_validation|new_external_blind
useq01386,1,historical_anchor_quarantine,excluded_opened_external_exact_or_direct,300,20560902,internal_test|model_selection_validation|new_external_blind
useq01387,1,historical_anchor_quarantine,excluded_opened_external_exact_or_direct,300,20560902,internal_test|model_selection_validation|new_external_blind
useq01391,1,historical_anchor_quarantine,excluded_opened_external_exact_or_direct,300,20560902,internal_test|model_selection_validation|new_external_blind
useq01395,1,historical_anchor_quarantine,excluded_opened_external_exact_or_direct,300,20560902,internal_test|model_selection_validation|new_external_blind
useq01399,1,historical_anchor_quarantine,excluded_opened_external_exact_or_direct,300,20560902,internal_test|model_selection_validation|new_external_blind
useq01400,1,historical_anchor_quarantine,excluded_opened_external_exact_or_direct,300,20560902,internal_test|model_selection_validation|new_external_blind
useq01401,1,historical_anchor_quarantine,excluded_opened_external_exact_or_direct,300,20560902,internal_test|model_selection_validation|new_external_blind
useq01402,1,historical_anchor_quarantine,excluded_opened_external_exact_or_direct,300,20560902,internal_test|model_selection_validation|new_external_blind
useq01403,2,historical_anchor_quarantine,excluded_opened_external_exact_or_direct,300,20560902,internal_test|model_selection_validation|new_external_blind
useq01407,1,historical_anchor_quarantine,excluded_opened_external_exact_or_direct,300,20560902,internal_test|model_selection_validation|new_external_blind
useq01410,1,historical_anchor_quarantine,excluded_opened_external_exact_or_direct,300,20560902,internal_test|model_selection_validation|new_external_blind
useq01411,1,historical_anchor_quarantine,excluded_opened_external_exact_or_direct,300,20560902,internal_test|model_selection_validation|new_external_blind
useq01413,1,historical_anchor_quarantine,excluded_opened_external_exact_or_direct,300,20560902,internal_test|model_selection_validation|new_external_blind
useq01414,1,historical_anchor_quarantine,excluded_opened_external_exact_or_direct,300,20560902,internal_test|model_selection_validation|new_external_blind
useq01416,1,historical_anchor_quarantine,excluded_opened_external_exact_or_direct,300,20560902,internal_test|model_selection_validation|new_external_blind
useq01420,1,historical_anchor_quarantine,excluded_opened_external_exact_or_direct,300,20560902,internal_test|model_selection_validation|new_external_blind
useq01424,1,historical_anchor_quarantine,excluded_opened_external_exact_or_direct,300,20560902,internal_test|model_selection_validation|new_external_blind
useq01428,1,historical_anchor_quarantine,excluded_opened_external_exact_or_direct,300,20560902,internal_test|model_selection_validation|new_external_blind
useq01429,1,historical_anchor_quarantine,excluded_opened_external_exact_or_direct,300,20560902,internal_test|model_selection_validation|new_external_blind
useq01431,1,historical_anchor_quarantine,excluded_opened_external_exact_or_direct,300,20560902,internal_test|model_selection_validation|new_external_blind
useq01437,1,historical_anchor_quarantine,excluded_opened_external_exact_or_direct,300,20560902,internal_test|model_selection_validation|new_external_blind
useq01438,1,historical_anchor_quarantine,excluded_opened_external_exact_or_direct,300,20560902,internal_test|model_selection_validation|new_external_blind
useq01439,1,historical_anchor_quarantine,excluded_opened_external_exact_or_direct,300,20560902,internal_test|model_selection_validation|new_external_blind
useq01443,1,historical_anchor_quarantine,excluded_opened_external_exact_or_direct,300,20560902,internal_test|model_selection_validation|new_external_blind
useq01444,1,historical_anchor_quarantine,excluded_opened_external_exact_or_direct,300,20560902,internal_test|model_selection_validation|new_external_blind
useq01446,1,historical_anchor_quarantine,excluded_opened_external_exact_or_direct,300,20560902,internal_test|model_selection_validation|new_external_blind
useq01447,1,historical_anchor_quarantine,excluded_opened_external_exact_or_direct,300,20560902,internal_test|model_selection_validation|new_external_blind
useq01448,1,historical_anchor_quarantine,excluded_opened_external_exact_or_direct,300,20560902,internal_test|model_selection_validation|new_external_blind
useq01449,1,historical_anchor_quarantine,excluded_opened_external_exact_or_direct,300,20560902,internal_test|model_selection_validation|new_external_blind
useq01452,1,historical_anchor_quarantine,excluded_opened_external_exact_or_direct,300,20560902,internal_test|model_selection_validation|new_external_blind
useq01454,1,historical_anchor_quarantine,excluded_opened_external_exact_or_direct,300,20560902,internal_test|model_selection_validation|new_external_blind
useq01455,2,historical_anchor_quarantine,excluded_opened_external_exact_or_direct,300,20560902,internal_test|model_selection_validation|new_external_blind
useq01456,1,historical_anchor_quarantine,excluded_opened_external_exact_or_direct,300,20560902,internal_test|model_selection_validation|new_external_blind
useq01458,1,historical_anchor_quarantine,excluded_opened_external_exact_or_direct,300,20560902,internal_test|model_selection_validation|new_external_blind
useq01459,2,historical_anchor_quarantine,excluded_opened_external_exact_or_direct,300,20560902,internal_test|model_selection_validation|new_external_blind
useq01460,1,historical_anchor_quarantine,excluded_opened_external_exact_or_direct,300,20560902,internal_test|model_selection_validation|new_external_blind
useq01461,1,historical_anchor_quarantine,excluded_opened_external_exact_or_direct,300,20560902,internal_test|model_selection_validation|new_external_blind
useq01462,1,historical_anchor_quarantine,excluded_opened_external_exact_or_direct,300,20560902,internal_test|model_selection_validation|new_external_blind
useq01464,1,historical_anchor_quarantine,excluded_opened_external_exact_or_direct,300,20560902,internal_test|model_selection_validation|new_external_blind
useq01465,1,historical_anchor_quarantine,excluded_opened_external_exact_or_direct,300,20560902,internal_test|model_selection_validation|new_external_blind
useq01467,1,historical_anchor_quarantine,excluded_opened_external_exact_or_direct,300,20560902,internal_test|model_selection_validation|new_external_blind
useq01468,1,historical_anchor_quarantine,excluded_opened_external_exact_or_direct,300,20560902,internal_test|model_selection_validation|new_external_blind
useq01472,1,historical_anchor_quarantine,excluded_opened_external_exact_or_direct,300,20560902,internal_test|model_selection_validation|new_external_blind
useq01473,2,historical_anchor_quarantine,excluded_opened_external_exact_or_direct,300,20560902,internal_test|model_selection_validation|new_external_blind
useq01475,1,historical_anchor_quarantine,excluded_opened_external_exact_or_direct,300,20560902,internal_test|model_selection_validation|new_external_blind
useq01478,1,historical_anchor_quarantine,excluded_opened_external_exact_or_direct,300,20560902,internal_test|model_selection_validation|new_external_blind
useq01479,7,historical_anchor_quarantine,excluded_opened_external_exact_or_direct,300,20560902,internal_test|model_selection_validation|new_external_blind
useq01481,1,historical_anchor_quarantine,excluded_opened_external_exact_or_direct,300,20560902,internal_test|model_selection_validation|new_external_blind
useq01482,1,historical_anchor_quarantine,excluded_opened_external_exact_or_direct,300,20560902,internal_test|model_selection_validation|new_external_blind
useq01485,1,historical_anchor_quarantine,excluded_opened_external_exact_or_direct,300,20560902,internal_test|model_selection_validation|new_external_blind
useq01486,3,historical_anchor_quarantine,excluded_opened_external_exact_or_direct,300,20560902,internal_test|model_selection_validation|new_external_blind
useq01488,1,historical_anchor_quarantine,excluded_opened_external_exact_or_direct,300,20560902,internal_test|model_selection_validation|new_external_blind
useq01490,1,historical_anchor_quarantine,excluded_opened_external_exact_or_direct,300,20560902,internal_test|model_selection_validation|new_external_blind
useq01492,1,historical_anchor_quarantine,excluded_opened_external_exact_or_direct,300,20560902,internal_test|model_selection_validation|new_external_blind
useq01493,1,historical_anchor_quarantine,excluded_opened_external_exact_or_direct,300,20560902,internal_test|model_selection_validation|new_external_blind
useq01494,1,historical_anchor_quarantine,excluded_opened_external_exact_or_direct,300,20560902,internal_test|model_selection_validation|new_external_blind
useq01495,1,historical_anchor_quarantine,excluded_opened_external_exact_or_direct,300,20560902,internal_test|model_selection_validation|new_external_blind
useq01500,1,historical_anchor_quarantine,excluded_opened_external_exact_or_direct,300,20560902,internal_test|model_selection_validation|new_external_blind
useq01501,1,historical_anchor_quarantine,excluded_opened_external_exact_or_direct,300,20560902,internal_test|model_selection_validation|new_external_blind
useq01502,1,historical_anchor_quarantine,excluded_opened_external_exact_or_direct,300,20560902,internal_test|model_selection_validation|new_external_blind
useq01504,1,historical_anchor_quarantine,excluded_opened_external_exact_or_direct,300,20560902,internal_test|model_selection_validation|new_external_blind
useq01506,1,historical_anchor_quarantine,excluded_opened_external_exact_or_direct,300,20560902,internal_test|model_selection_validation|new_external_blind
useq01507,1,historical_anchor_quarantine,excluded_opened_external_exact_or_direct,300,20560902,internal_test|model_selection_validation|new_external_blind
useq01508,1,historical_anchor_quarantine,excluded_opened_external_exact_or_direct,300,20560902,internal_test|model_selection_validation|new_external_blind
useq01513,1,historical_anchor_quarantine,excluded_opened_external_exact_or_direct,300,20560902,internal_test|model_selection_validation|new_external_blind
useq01515,2,historical_anchor_quarantine,excluded_opened_external_exact_or_direct,300,20560902,internal_test|model_selection_validation|new_external_blind
useq01517,1,historical_anchor_quarantine,excluded_opened_external_exact_or_direct,300,20560902,internal_test|model_selection_validation|new_external_blind
useq01519,1,historical_anchor_quarantine,excluded_opened_external_exact_or_direct,300,20560902,internal_test|model_selection_validation|new_external_blind
useq01520,2,historical_anchor_quarantine,excluded_opened_external_exact_or_direct,300,20560902,internal_test|model_selection_validation|new_external_blind
useq01522,1,historical_anchor_quarantine,excluded_opened_external_exact_or_direct,300,20560902,internal_test|model_selection_validation|new_external_blind
useq01523,1,historical_anchor_quarantine,excluded_opened_external_exact_or_direct,300,20560902,internal_test|model_selection_validation|new_external_blind
useq01527,1,historical_anchor_quarantine,excluded_opened_external_exact_or_direct,300,20560902,internal_test|model_selection_validation|new_external_blind
useq01528,1,historical_anchor_quarantine,excluded_opened_external_exact_or_direct,300,20560902,internal_test|model_selection_validation|new_external_blind
useq01531,1,historical_anchor_quarantine,excluded_opened_external_exact_or_direct,300,20560902,internal_test|model_selection_validation|new_external_blind
useq01532,1,historical_anchor_quarantine,excluded_opened_external_exact_or_direct,300,20560902,internal_test|model_selection_validation|new_external_blind
useq01533,1,historical_anchor_quarantine,excluded_opened_external_exact_or_direct,300,20560902,internal_test|model_selection_validation|new_external_blind
useq01534,1,historical_anchor_quarantine,excluded_opened_external_exact_or_direct,300,20560902,internal_test|model_selection_validation|new_external_blind
useq01535,1,historical_anchor_quarantine,excluded_opened_external_exact_or_direct,300,20560902,internal_test|model_selection_validation|new_external_blind
useq01536,1,historical_anchor_quarantine,excluded_opened_external_exact_or_direct,300,20560902,internal_test|model_selection_validation|new_external_blind
useq01539,1,historical_anchor_quarantine,excluded_opened_external_exact_or_direct,300,20560902,internal_test|model_selection_validation|new_external_blind
useq01540,1,historical_anchor_quarantine,excluded_opened_external_exact_or_direct,300,20560902,internal_test|model_selection_validation|new_external_blind
useq01541,1,historical_anchor_quarantine,excluded_opened_external_exact_or_direct,300,20560902,internal_test|model_selection_validation|new_external_blind
useq01543,1,historical_anchor_quarantine,excluded_opened_external_exact_or_direct,300,20560902,internal_test|model_selection_validation|new_external_blind
useq01545,1,historical_anchor_quarantine,excluded_opened_external_exact_or_direct,300,20560902,internal_test|model_selection_validation|new_external_blind
useq01547,1,historical_anchor_quarantine,excluded_opened_external_exact_or_direct,300,20560902,internal_test|model_selection_validation|new_external_blind
useq01548,1,historical_anchor_quarantine,excluded_opened_external_exact_or_direct,300,20560902,internal_test|model_selection_validation|new_external_blind
useq01549,1,historical_anchor_quarantine,excluded_opened_external_exact_or_direct,300,20560902,internal_test|model_selection_validation|new_external_blind
useq01550,1,historical_anchor_quarantine,excluded_opened_external_exact_or_direct,300,20560902,internal_test|model_selection_validation|new_external_blind
useq01551,1,historical_anchor_quarantine,excluded_opened_external_exact_or_direct,300,20560902,internal_test|model_selection_validation|new_external_blind
useq01552,1,historical_anchor_quarantine,excluded_opened_external_exact_or_direct,300,20560902,internal_test|model_selection_validation|new_external_blind
useq01555,1,historical_anchor_quarantine,excluded_opened_external_exact_or_direct,300,20560902,internal_test|model_selection_validation|new_external_blind
useq01556,1,historical_anchor_quarantine,excluded_opened_external_exact_or_direct,300,20560902,internal_test|model_selection_validation|new_external_blind
useq01560,5,historical_anchor_quarantine,excluded_opened_external_exact_or_direct,300,20560902,internal_test|model_selection_validation|new_external_blind
useq01562,1,historical_anchor_quarantine,excluded_opened_external_exact_or_direct,300,20560902,internal_test|model_selection_validation|new_external_blind
useq01565,1,historical_anchor_quarantine,excluded_opened_external_exact_or_direct,300,20560902,internal_test|model_selection_validation|new_external_blind
useq01567,1,historical_anchor_quarantine,excluded_opened_external_exact_or_direct,300,20560902,internal_test|model_selection_validation|new_external_blind
useq01568,1,historical_anchor_quarantine,excluded_opened_external_exact_or_direct,300,20560902,internal_test|model_selection_validation|new_external_blind
useq01571,1,historical_anchor_quarantine,excluded_opened_external_exact_or_direct,300,20560902,internal_test|model_selection_validation|new_external_blind
useq01572,1,historical_anchor_quarantine,excluded_opened_external_exact_or_direct,300,20560902,internal_test|model_selection_validation|new_external_blind
useq01573,1,historical_anchor_quarantine,excluded_opened_external_exact_or_direct,300,20560902,internal_test|model_selection_validation|new_external_blind
useq01576,1,historical_anchor_quarantine,excluded_opened_external_exact_or_direct,300,20560902,internal_test|model_selection_validation|new_external_blind
useq01578,1,historical_anchor_quarantine,excluded_opened_external_exact_or_direct,300,20560902,internal_test|model_selection_validation|new_external_blind
useq01580,1,historical_anchor_quarantine,excluded_opened_external_exact_or_direct,300,20560902,internal_test|model_selection_validation|new_external_blind
useq01581,1,historical_anchor_quarantine,excluded_opened_external_exact_or_direct,300,20560902,internal_test|model_selection_validation|new_external_blind
useq01585,1,historical_anchor_quarantine,excluded_opened_external_exact_or_direct,300,20560902,internal_test|model_selection_validation|new_external_blind
useq01586,1,historical_anchor_quarantine,excluded_opened_external_exact_or_direct,300,20560902,internal_test|model_selection_validation|new_external_blind
useq01590,1,historical_anchor_quarantine,excluded_opened_external_exact_or_direct,300,20560902,internal_test|model_selection_validation|new_external_blind
useq01591,1,historical_anchor_quarantine,excluded_opened_external_exact_or_direct,300,20560902,internal_test|model_selection_validation|new_external_blind
useq01593,1,historical_anchor_quarantine,excluded_opened_external_exact_or_direct,300,20560902,internal_test|model_selection_validation|new_external_blind
useq01594,1,historical_anchor_quarantine,excluded_opened_external_exact_or_direct,300,20560902,internal_test|model_selection_validation|new_external_blind
useq01597,1,historical_anchor_quarantine,excluded_opened_external_exact_or_direct,300,20560902,internal_test|model_selection_validation|new_external_blind
useq01598,1,historical_anchor_quarantine,excluded_opened_external_exact_or_direct,300,20560902,internal_test|model_selection_validation|new_external_blind
useq01599,1,historical_anchor_quarantine,excluded_opened_external_exact_or_direct,300,20560902,internal_test|model_selection_validation|new_external_blind
useq01601,1,historical_anchor_quarantine,excluded_opened_external_exact_or_direct,300,20560902,internal_test|model_selection_validation|new_external_blind
useq01602,1,historical_anchor_quarantine,excluded_opened_external_exact_or_direct,300,20560902,internal_test|model_selection_validation|new_external_blind
useq01604,1,historical_anchor_quarantine,excluded_opened_external_exact_or_direct,300,20560902,internal_test|model_selection_validation|new_external_blind
useq01605,1,historical_anchor_quarantine,excluded_opened_external_exact_or_direct,300,20560902,internal_test|model_selection_validation|new_external_blind
useq01606,1,historical_anchor_quarantine,excluded_opened_external_exact_or_direct,300,20560902,internal_test|model_selection_validation|new_external_blind
useq01610,1,historical_anchor_quarantine,excluded_opened_external_exact_or_direct,300,20560902,internal_test|model_selection_validation|new_external_blind
useq01611,1,historical_anchor_quarantine,excluded_opened_external_exact_or_direct,300,20560902,internal_test|model_selection_validation|new_external_blind
useq01612,1,historical_anchor_quarantine,excluded_opened_external_exact_or_direct,300,20560902,internal_test|model_selection_validation|new_external_blind
useq01613,1,historical_anchor_quarantine,excluded_opened_external_exact_or_direct,300,20560902,internal_test|model_selection_validation|new_external_blind
useq01617,1,historical_anchor_quarantine,excluded_opened_external_exact_or_direct,300,20560902,internal_test|model_selection_validation|new_external_blind
useq01618,1,historical_anchor_quarantine,excluded_opened_external_exact_or_direct,300,20560902,internal_test|model_selection_validation|new_external_blind
useq01620,1,historical_anchor_quarantine,excluded_opened_external_exact_or_direct,300,20560902,internal_test|model_selection_validation|new_external_blind
useq01621,1,historical_anchor_quarantine,excluded_opened_external_exact_or_direct,300,20560902,internal_test|model_selection_validation|new_external_blind
useq01622,1,historical_anchor_quarantine,excluded_opened_external_exact_or_direct,300,20560902,internal_test|model_selection_validation|new_external_blind
useq01625,2,historical_anchor_quarantine,excluded_opened_external_exact_or_direct,300,20560902,internal_test|model_selection_validation|new_external_blind
useq01627,1,historical_anchor_quarantine,excluded_opened_external_exact_or_direct,300,20560902,internal_test|model_selection_validation|new_external_blind
useq01628,1,historical_anchor_quarantine,excluded_opened_external_exact_or_direct,300,20560902,internal_test|model_selection_validation|new_external_blind
useq01629,1,historical_anchor_quarantine,excluded_opened_external_exact_or_direct,300,20560902,internal_test|model_selection_validation|new_external_blind
useq01631,1,historical_anchor_quarantine,excluded_opened_external_exact_or_direct,300,20560902,internal_test|model_selection_validation|new_external_blind
useq01633,1,historical_anchor_quarantine,excluded_opened_external_exact_or_direct,300,20560902,internal_test|model_selection_validation|new_external_blind
useq01634,1,historical_anchor_quarantine,excluded_opened_external_exact_or_direct,300,20560902,internal_test|model_selection_validation|new_external_blind
useq01635,1,historical_anchor_quarantine,excluded_opened_external_exact_or_direct,300,20560902,internal_test|model_selection_validation|new_external_blind
useq01636,1,historical_anchor_quarantine,excluded_opened_external_exact_or_direct,300,20560902,internal_test|model_selection_validation|new_external_blind
useq01637,1,historical_anchor_quarantine,excluded_opened_external_exact_or_direct,300,20560902,internal_test|model_selection_validation|new_external_blind
useq01638,1,historical_anchor_quarantine,excluded_opened_external_exact_or_direct,300,20560902,internal_test|model_selection_validation|new_external_blind
useq01642,1,historical_anchor_quarantine,excluded_opened_external_exact_or_direct,300,20560902,internal_test|model_selection_validation|new_external_blind
useq01643,1,historical_anchor_quarantine,excluded_opened_external_exact_or_direct,300,20560902,internal_test|model_selection_validation|new_external_blind
useq01645,1,historical_anchor_quarantine,excluded_opened_external_exact_or_direct,300,20560902,internal_test|model_selection_validation|new_external_blind
useq01647,1,historical_anchor_quarantine,excluded_opened_external_exact_or_direct,300,20560902,internal_test|model_selection_validation|new_external_blind
useq01648,1,historical_anchor_quarantine,excluded_opened_external_exact_or_direct,300,20560902,internal_test|model_selection_validation|new_external_blind
useq01649,1,historical_anchor_quarantine,excluded_opened_external_exact_or_direct,300,20560902,internal_test|model_selection_validation|new_external_blind
useq01654,1,historical_anchor_quarantine,excluded_opened_external_exact_or_direct,300,20560902,internal_test|model_selection_validation|new_external_blind
useq01658,1,historical_anchor_quarantine,excluded_opened_external_exact_or_direct,300,20560902,internal_test|model_selection_validation|new_external_blind
useq01661,1,historical_anchor_quarantine,excluded_opened_external_exact_or_direct,300,20560902,internal_test|model_selection_validation|new_external_blind
useq01662,1,historical_anchor_quarantine,excluded_opened_external_exact_or_direct,300,20560902,internal_test|model_selection_validation|new_external_blind
useq01664,1,historical_anchor_quarantine,excluded_opened_external_exact_or_direct,300,20560902,internal_test|model_selection_validation|new_external_blind
useq01665,1,historical_anchor_quarantine,excluded_opened_external_exact_or_direct,300,20560902,internal_test|model_selection_validation|new_external_blind
useq01667,1,historical_anchor_quarantine,excluded_opened_external_exact_or_direct,300,20560902,internal_test|model_selection_validation|new_external_blind
useq01668,1,historical_anchor_quarantine,excluded_opened_external_exact_or_direct,300,20560902,internal_test|model_selection_validation|new_external_blind
useq01672,1,historical_anchor_quarantine,excluded_opened_external_exact_or_direct,300,20560902,internal_test|model_selection_validation|new_external_blind
useq01673,1,historical_anchor_quarantine,excluded_opened_external_exact_or_direct,300,20560902,internal_test|model_selection_validation|new_external_blind
useq01675,1,historical_anchor_quarantine,excluded_opened_external_exact_or_direct,300,20560902,internal_test|model_selection_validation|new_external_blind
useq01676,1,historical_anchor_quarantine,excluded_opened_external_exact_or_direct,300,20560902,internal_test|model_selection_validation|new_external_blind
useq01679,1,historical_anchor_quarantine,excluded_opened_external_exact_or_direct,300,20560902,internal_test|model_selection_validation|new_external_blind
useq01680,1,historical_anchor_quarantine,excluded_opened_external_exact_or_direct,300,20560902,internal_test|model_selection_validation|new_external_blind
useq01681,1,historical_anchor_quarantine,excluded_opened_external_exact_or_direct,300,20560902,internal_test|model_selection_validation|new_external_blind
useq01683,2,historical_anchor_quarantine,excluded_opened_external_exact_or_direct,300,20560902,internal_test|model_selection_validation|new_external_blind
useq01684,1,historical_anchor_quarantine,excluded_opened_external_exact_or_direct,300,20560902,internal_test|model_selection_validation|new_external_blind
useq01688,1,historical_anchor_quarantine,excluded_opened_external_exact_or_direct,300,20560902,internal_test|model_selection_validation|new_external_blind
useq01690,1,historical_anchor_quarantine,excluded_opened_external_exact_or_direct,300,20560902,internal_test|model_selection_validation|new_external_blind
useq01692,1,historical_anchor_quarantine,excluded_opened_external_exact_or_direct,300,20560902,internal_test|model_selection_validation|new_external_blind
useq01693,1,historical_anchor_quarantine,excluded_opened_external_exact_or_direct,300,20560902,internal_test|model_selection_validation|new_external_blind
useq01694,2,historical_anchor_quarantine,excluded_opened_external_exact_or_direct,300,20560902,internal_test|model_selection_validation|new_external_blind
useq01695,1,historical_anchor_quarantine,excluded_opened_external_exact_or_direct,300,20560902,internal_test|model_selection_validation|new_external_blind
useq01696,1,historical_anchor_quarantine,excluded_opened_external_exact_or_direct,300,20560902,internal_test|model_selection_validation|new_external_blind
useq01697,1,historical_anchor_quarantine,excluded_opened_external_exact_or_direct,300,20560902,internal_test|model_selection_validation|new_external_blind
useq01699,1,historical_anchor_quarantine,excluded_opened_external_exact_or_direct,300,20560902,internal_test|model_selection_validation|new_external_blind
useq01702,1,historical_anchor_quarantine,excluded_opened_external_exact_or_direct,300,20560902,internal_test|model_selection_validation|new_external_blind
useq01703,1,historical_anchor_quarantine,excluded_opened_external_exact_or_direct,300,20560902,internal_test|model_selection_validation|new_external_blind
useq01705,1,historical_anchor_quarantine,excluded_opened_external_exact_or_direct,300,20560902,internal_test|model_selection_validation|new_external_blind
useq01706,1,historical_anchor_quarantine,excluded_opened_external_exact_or_direct,300,20560902,internal_test|model_selection_validation|new_external_blind
useq01711,1,historical_anchor_quarantine,excluded_opened_external_exact_or_direct,300,20560902,internal_test|model_selection_validation|new_external_blind
useq01714,1,historical_anchor_quarantine,excluded_opened_external_exact_or_direct,300,20560902,internal_test|model_selection_validation|new_external_blind
useq01715,1,historical_anchor_quarantine,excluded_opened_external_exact_or_direct,300,20560902,internal_test|model_selection_validation|new_external_blind
useq01716,1,historical_anchor_quarantine,excluded_opened_external_exact_or_direct,300,20560902,internal_test|model_selection_validation|new_external_blind
useq01717,1,historical_anchor_quarantine,excluded_opened_external_exact_or_direct,300,20560902,internal_test|model_selection_validation|new_external_blind
useq01718,1,historical_anchor_quarantine,excluded_opened_external_exact_or_direct,300,20560902,internal_test|model_selection_validation|new_external_blind
useq01719,2,historical_anchor_quarantine,excluded_opened_external_exact_or_direct,300,20560902,internal_test|model_selection_validation|new_external_blind
useq01723,1,historical_anchor_quarantine,excluded_opened_external_exact_or_direct,300,20560902,internal_test|model_selection_validation|new_external_blind
useq01725,1,historical_anchor_quarantine,excluded_opened_external_exact_or_direct,300,20560902,internal_test|model_selection_validation|new_external_blind
useq01727,1,historical_anchor_quarantine,excluded_opened_external_exact_or_direct,300,20560902,internal_test|model_selection_validation|new_external_blind
useq01731,1,historical_anchor_quarantine,excluded_opened_external_exact_or_direct,300,20560902,internal_test|model_selection_validation|new_external_blind
useq01732,1,historical_anchor_quarantine,excluded_opened_external_exact_or_direct,300,20560902,internal_test|model_selection_validation|new_external_blind
useq01733,1,historical_anchor_quarantine,excluded_opened_external_exact_or_direct,300,20560902,internal_test|model_selection_validation|new_external_blind
useq01734,1,historical_anchor_quarantine,excluded_opened_external_exact_or_direct,300,20560902,internal_test|model_selection_validation|new_external_blind
useq01735,1,historical_anchor_quarantine,excluded_opened_external_exact_or_direct,300,20560902,internal_test|model_selection_validation|new_external_blind
useq01737,2,historical_anchor_quarantine,excluded_opened_external_exact_or_direct,300,20560902,internal_test|model_selection_validation|new_external_blind
useq01738,1,historical_anchor_quarantine,excluded_opened_external_exact_or_direct,300,20560902,internal_test|model_selection_validation|new_external_blind
useq01739,1,historical_anchor_quarantine,excluded_opened_external_exact_or_direct,300,20560902,internal_test|model_selection_validation|new_external_blind
useq01741,1,historical_anchor_quarantine,excluded_opened_external_exact_or_direct,300,20560902,internal_test|model_selection_validation|new_external_blind
useq01743,1,historical_anchor_quarantine,excluded_opened_external_exact_or_direct,300,20560902,internal_test|model_selection_validation|new_external_blind
useq01744,1,historical_anchor_quarantine,excluded_opened_external_exact_or_direct,300,20560902,internal_test|model_selection_validation|new_external_blind
useq01745,2,historical_anchor_quarantine,excluded_opened_external_exact_or_direct,300,20560902,internal_test|model_selection_validation|new_external_blind
useq01746,1,historical_anchor_quarantine,excluded_opened_external_exact_or_direct,300,20560902,internal_test|model_selection_validation|new_external_blind
useq01748,1,historical_anchor_quarantine,excluded_opened_external_exact_or_direct,300,20560902,internal_test|model_selection_validation|new_external_blind
useq01749,1,historical_anchor_quarantine,excluded_opened_external_exact_or_direct,300,20560902,internal_test|model_selection_validation|new_external_blind
useq01750,1,historical_anchor_quarantine,excluded_opened_external_exact_or_direct,300,20560902,internal_test|model_selection_validation|new_external_blind
useq01751,1,historical_anchor_quarantine,excluded_opened_external_exact_or_direct,300,20560902,internal_test|model_selection_validation|new_external_blind
useq01752,1,historical_anchor_quarantine,excluded_opened_external_exact_or_direct,300,20560902,internal_test|model_selection_validation|new_external_blind
useq01754,2,historical_anchor_quarantine,excluded_opened_external_exact_or_direct,300,20560902,internal_test|model_selection_validation|new_external_blind
useq01756,2,historical_anchor_quarantine,excluded_opened_external_exact_or_direct,300,20560902,internal_test|model_selection_validation|new_external_blind
useq01757,1,historical_anchor_quarantine,excluded_opened_external_exact_or_direct,300,20560902,internal_test|model_selection_validation|new_external_blind
useq01759,1,historical_anchor_quarantine,excluded_opened_external_exact_or_direct,300,20560902,internal_test|model_selection_validation|new_external_blind
useq01761,1,historical_anchor_quarantine,excluded_opened_external_exact_or_direct,300,20560902,internal_test|model_selection_validation|new_external_blind
useq01763,1,historical_anchor_quarantine,excluded_opened_external_exact_or_direct,300,20560902,internal_test|model_selection_validation|new_external_blind
useq01767,1,historical_anchor_quarantine,excluded_opened_external_exact_or_direct,300,20560902,internal_test|model_selection_validation|new_external_blind
useq01768,1,historical_anchor_quarantine,excluded_opened_external_exact_or_direct,300,20560902,internal_test|model_selection_validation|new_external_blind
useq01770,1,historical_anchor_quarantine,excluded_opened_external_exact_or_direct,300,20560902,internal_test|model_selection_validation|new_external_blind
useq01772,1,historical_anchor_quarantine,excluded_opened_external_exact_or_direct,300,20560902,internal_test|model_selection_validation|new_external_blind
useq01773,1,historical_anchor_quarantine,excluded_opened_external_exact_or_direct,300,20560902,internal_test|model_selection_validation|new_external_blind
useq01775,1,historical_anchor_quarantine,excluded_opened_external_exact_or_direct,300,20560902,internal_test|model_selection_validation|new_external_blind
useq01777,1,historical_anchor_quarantine,excluded_opened_external_exact_or_direct,300,20560902,internal_test|model_selection_validation|new_external_blind
useq01779,1,historical_anchor_quarantine,excluded_opened_external_exact_or_direct,300,20560902,internal_test|model_selection_validation|new_external_blind
useq01781,1,historical_anchor_quarantine,excluded_opened_external_exact_or_direct,300,20560902,internal_test|model_selection_validation|new_external_blind
useq01782,1,historical_anchor_quarantine,excluded_opened_external_exact_or_direct,300,20560902,internal_test|model_selection_validation|new_external_blind
useq01786,1,historical_anchor_quarantine,excluded_opened_external_exact_or_direct,300,20560902,internal_test|model_selection_validation|new_external_blind
useq01787,1,historical_anchor_quarantine,excluded_opened_external_exact_or_direct,300,20560902,internal_test|model_selection_validation|new_external_blind
useq01789,1,historical_anchor_quarantine,excluded_opened_external_exact_or_direct,300,20560902,internal_test|model_selection_validation|new_external_blind
useq01790,1,historical_anchor_quarantine,excluded_opened_external_exact_or_direct,300,20560902,internal_test|model_selection_validation|new_external_blind
useq01793,1,historical_anchor_quarantine,excluded_opened_external_exact_or_direct,300,20560902,internal_test|model_selection_validation|new_external_blind
useq01794,1,historical_anchor_quarantine,excluded_opened_external_exact_or_direct,300,20560902,internal_test|model_selection_validation|new_external_blind
useq01795,1,historical_anchor_quarantine,excluded_opened_external_exact_or_direct,300,20560902,internal_test|model_selection_validation|new_external_blind
useq01797,1,historical_anchor_quarantine,excluded_opened_external_exact_or_direct,300,20560902,internal_test|model_selection_validation|new_external_blind
useq01798,1,historical_anchor_quarantine,excluded_opened_external_exact_or_direct,300,20560902,internal_test|model_selection_validation|new_external_blind
useq01801,1,historical_anchor_quarantine,excluded_opened_external_exact_or_direct,300,20560902,internal_test|model_selection_validation|new_external_blind
useq01803,1,historical_anchor_quarantine,excluded_opened_external_exact_or_direct,300,20560902,internal_test|model_selection_validation|new_external_blind
useq01805,1,historical_anchor_quarantine,excluded_opened_external_exact_or_direct,300,20560902,internal_test|model_selection_validation|new_external_blind
useq01806,1,historical_anchor_quarantine,excluded_opened_external_exact_or_direct,300,20560902,internal_test|model_selection_validation|new_external_blind
useq01808,1,historical_anchor_quarantine,excluded_opened_external_exact_or_direct,300,20560902,internal_test|model_selection_validation|new_external_blind
useq01809,1,historical_anchor_quarantine,excluded_opened_external_exact_or_direct,300,20560902,internal_test|model_selection_validation|new_external_blind
useq01810,1,historical_anchor_quarantine,excluded_opened_external_exact_or_direct,300,20560902,internal_test|model_selection_validation|new_external_blind
useq01811,1,historical_anchor_quarantine,excluded_opened_external_exact_or_direct,300,20560902,internal_test|model_selection_validation|new_external_blind
useq01816,4,historical_anchor_quarantine,excluded_opened_external_exact_or_direct,300,20560902,internal_test|model_selection_validation|new_external_blind
useq01818,1,historical_anchor_quarantine,excluded_opened_external_exact_or_direct,300,20560902,internal_test|model_selection_validation|new_external_blind
useq01820,1,historical_anchor_quarantine,excluded_opened_external_exact_or_direct,300,20560902,internal_test|model_selection_validation|new_external_blind
useq01825,1,historical_anchor_quarantine,excluded_opened_external_exact_or_direct,300,20560902,internal_test|model_selection_validation|new_external_blind
useq01828,2,historical_anchor_quarantine,excluded_opened_external_exact_or_direct,300,20560902,internal_test|model_selection_validation|new_external_blind
useq01832,1,historical_anchor_quarantine,excluded_opened_external_exact_or_direct,300,20560902,internal_test|model_selection_validation|new_external_blind
useq01834,1,historical_anchor_quarantine,excluded_opened_external_exact_or_direct,300,20560902,internal_test|model_selection_validation|new_external_blind
useq01835,1,historical_anchor_quarantine,excluded_opened_external_exact_or_direct,300,20560902,internal_test|model_selection_validation|new_external_blind
useq01837,1,historical_anchor_quarantine,excluded_opened_external_exact_or_direct,300,20560902,internal_test|model_selection_validation|new_external_blind
useq01838,1,historical_anchor_quarantine,excluded_opened_external_exact_or_direct,300,20560902,internal_test|model_selection_validation|new_external_blind
useq01842,1,historical_anchor_quarantine,excluded_opened_external_exact_or_direct,300,20560902,internal_test|model_selection_validation|new_external_blind
useq01843,1,historical_anchor_quarantine,excluded_opened_external_exact_or_direct,300,20560902,internal_test|model_selection_validation|new_external_blind
useq01844,1,historical_anchor_quarantine,excluded_opened_external_exact_or_direct,300,20560902,internal_test|model_selection_validation|new_external_blind
useq01845,1,historical_anchor_quarantine,excluded_opened_external_exact_or_direct,300,20560902,internal_test|model_selection_validation|new_external_blind
useq01850,1,historical_anchor_quarantine,excluded_opened_external_exact_or_direct,300,20560902,internal_test|model_selection_validation|new_external_blind
useq01852,1,historical_anchor_quarantine,excluded_opened_external_exact_or_direct,300,20560902,internal_test|model_selection_validation|new_external_blind
useq01854,1,historical_anchor_quarantine,excluded_opened_external_exact_or_direct,300,20560902,internal_test|model_selection_validation|new_external_blind
useq01858,1,historical_anchor_quarantine,excluded_opened_external_exact_or_direct,300,20560902,internal_test|model_selection_validation|new_external_blind
useq01859,1,historical_anchor_quarantine,excluded_opened_external_exact_or_direct,300,20560902,internal_test|model_selection_validation|new_external_blind
useq01862,1,historical_anchor_quarantine,excluded_opened_external_exact_or_direct,300,20560902,internal_test|model_selection_validation|new_external_blind
useq01863,1,historical_anchor_quarantine,excluded_opened_external_exact_or_direct,300,20560902,internal_test|model_selection_validation|new_external_blind
useq01864,1,historical_anchor_quarantine,excluded_opened_external_exact_or_direct,300,20560902,internal_test|model_selection_validation|new_external_blind
useq01866,1,historical_anchor_quarantine,excluded_opened_external_exact_or_direct,300,20560902,internal_test|model_selection_validation|new_external_blind
useq01867,1,historical_anchor_quarantine,excluded_opened_external_exact_or_direct,300,20560902,internal_test|model_selection_validation|new_external_blind
useq01869,1,historical_anchor_quarantine,excluded_opened_external_exact_or_direct,300,20560902,internal_test|model_selection_validation|new_external_blind
useq01873,1,historical_anchor_quarantine,excluded_opened_external_exact_or_direct,300,20560902,internal_test|model_selection_validation|new_external_blind
useq01875,1,historical_anchor_quarantine,excluded_opened_external_exact_or_direct,300,20560902,internal_test|model_selection_validation|new_external_blind
useq01876,1,historical_anchor_quarantine,excluded_opened_external_exact_or_direct,300,20560902,internal_test|model_selection_validation|new_external_blind
useq01877,2,historical_anchor_quarantine,excluded_opened_external_exact_or_direct,300,20560902,internal_test|model_selection_validation|new_external_blind
useq01879,1,historical_anchor_quarantine,excluded_opened_external_exact_or_direct,300,20560902,internal_test|model_selection_validation|new_external_blind
useq01882,1,historical_anchor_quarantine,excluded_opened_external_exact_or_direct,300,20560902,internal_test|model_selection_validation|new_external_blind
useq01883,1,historical_anchor_quarantine,excluded_opened_external_exact_or_direct,300,20560902,internal_test|model_selection_validation|new_external_blind
useq01884,1,historical_anchor_quarantine,excluded_opened_external_exact_or_direct,300,20560902,internal_test|model_selection_validation|new_external_blind
useq01885,1,historical_anchor_quarantine,excluded_opened_external_exact_or_direct,300,20560902,internal_test|model_selection_validation|new_external_blind
useq01887,1,historical_anchor_quarantine,excluded_opened_external_exact_or_direct,300,20560902,internal_test|model_selection_validation|new_external_blind
useq01890,1,historical_anchor_quarantine,excluded_opened_external_exact_or_direct,300,20560902,internal_test|model_selection_validation|new_external_blind
useq01891,1,historical_anchor_quarantine,excluded_opened_external_exact_or_direct,300,20560902,internal_test|model_selection_validation|new_external_blind
useq01892,1,historical_anchor_quarantine,excluded_opened_external_exact_or_direct,300,20560902,internal_test|model_selection_validation|new_external_blind
useq01895,1,historical_anchor_quarantine,excluded_opened_external_exact_or_direct,300,20560902,internal_test|model_selection_validation|new_external_blind
useq01899,1,historical_anchor_quarantine,excluded_opened_external_exact_or_direct,300,20560902,internal_test|model_selection_validation|new_external_blind
useq01900,1,historical_anchor_quarantine,excluded_opened_external_exact_or_direct,300,20560902,internal_test|model_selection_validation|new_external_blind
useq01901,1,historical_anchor_quarantine,excluded_opened_external_exact_or_direct,300,20560902,internal_test|model_selection_validation|new_external_blind
useq01903,3,historical_anchor_quarantine,excluded_opened_external_exact_or_direct,300,20560902,internal_test|model_selection_validation|new_external_blind
useq01904,1,historical_anchor_quarantine,excluded_opened_external_exact_or_direct,300,20560902,internal_test|model_selection_validation|new_external_blind
useq01906,1,historical_anchor_quarantine,excluded_opened_external_exact_or_direct,300,20560902,internal_test|model_selection_validation|new_external_blind
useq01908,1,historical_anchor_quarantine,excluded_opened_external_exact_or_direct,300,20560902,internal_test|model_selection_validation|new_external_blind
useq01912,1,historical_anchor_quarantine,excluded_opened_external_exact_or_direct,300,20560902,internal_test|model_selection_validation|new_external_blind
useq01913,1,historical_anchor_quarantine,excluded_opened_external_exact_or_direct,300,20560902,internal_test|model_selection_validation|new_external_blind
useq01914,1,historical_anchor_quarantine,excluded_opened_external_exact_or_direct,300,20560902,internal_test|model_selection_validation|new_external_blind
useq01916,1,historical_anchor_quarantine,excluded_opened_external_exact_or_direct,300,20560902,internal_test|model_selection_validation|new_external_blind
useq01917,1,historical_anchor_quarantine,excluded_opened_external_exact_or_direct,300,20560902,internal_test|model_selection_validation|new_external_blind
useq01919,1,historical_anchor_quarantine,excluded_opened_external_exact_or_direct,300,20560902,internal_test|model_selection_validation|new_external_blind
useq01920,1,historical_anchor_quarantine,excluded_opened_external_exact_or_direct,300,20560902,internal_test|model_selection_validation|new_external_blind
useq01921,1,historical_anchor_quarantine,excluded_opened_external_exact_or_direct,300,20560902,internal_test|model_selection_validation|new_external_blind
useq01922,1,historical_anchor_quarantine,excluded_opened_external_exact_or_direct,300,20560902,internal_test|model_selection_validation|new_external_blind
useq01925,1,historical_anchor_quarantine,excluded_opened_external_exact_or_direct,300,20560902,internal_test|model_selection_validation|new_external_blind
useq01926,2,historical_anchor_quarantine,excluded_opened_external_exact_or_direct,300,20560902,internal_test|model_selection_validation|new_external_blind
useq01927,1,historical_anchor_quarantine,excluded_opened_external_exact_or_direct,300,20560902,internal_test|model_selection_validation|new_external_blind
useq01929,1,historical_anchor_quarantine,excluded_opened_external_exact_or_direct,300,20560902,internal_test|model_selection_validation|new_external_blind
useq01933,1,historical_anchor_quarantine,excluded_opened_external_exact_or_direct,300,20560902,internal_test|model_selection_validation|new_external_blind
useq01934,1,historical_anchor_quarantine,excluded_opened_external_exact_or_direct,300,20560902,internal_test|model_selection_validation|new_external_blind
useq01936,1,historical_anchor_quarantine,excluded_opened_external_exact_or_direct,300,20560902,internal_test|model_selection_validation|new_external_blind
useq01937,1,historical_anchor_quarantine,excluded_opened_external_exact_or_direct,300,20560902,internal_test|model_selection_validation|new_external_blind
useq01938,1,historical_anchor_quarantine,excluded_opened_external_exact_or_direct,300,20560902,internal_test|model_selection_validation|new_external_blind
useq01939,1,historical_anchor_quarantine,excluded_opened_external_exact_or_direct,300,20560902,internal_test|model_selection_validation|new_external_blind
useq01944,1,historical_anchor_quarantine,excluded_opened_external_exact_or_direct,300,20560902,internal_test|model_selection_validation|new_external_blind
useq01945,1,historical_anchor_quarantine,excluded_opened_external_exact_or_direct,300,20560902,internal_test|model_selection_validation|new_external_blind
useq01946,1,historical_anchor_quarantine,excluded_opened_external_exact_or_direct,300,20560902,internal_test|model_selection_validation|new_external_blind
useq01948,1,historical_anchor_quarantine,excluded_opened_external_exact_or_direct,300,20560902,internal_test|model_selection_validation|new_external_blind
useq01949,1,historical_anchor_quarantine,excluded_opened_external_exact_or_direct,300,20560902,internal_test|model_selection_validation|new_external_blind
useq01951,1,historical_anchor_quarantine,excluded_opened_external_exact_or_direct,300,20560902,internal_test|model_selection_validation|new_external_blind
useq01953,1,historical_anchor_quarantine,excluded_opened_external_exact_or_direct,300,20560902,internal_test|model_selection_validation|new_external_blind
useq01954,1,historical_anchor_quarantine,excluded_opened_external_exact_or_direct,300,20560902,internal_test|model_selection_validation|new_external_blind
useq01962,2,historical_anchor_quarantine,excluded_opened_external_exact_or_direct,300,20560902,internal_test|model_selection_validation|new_external_blind
useq01963,1,historical_anchor_quarantine,excluded_opened_external_exact_or_direct,300,20560902,internal_test|model_selection_validation|new_external_blind
useq01964,1,historical_anchor_quarantine,excluded_opened_external_exact_or_direct,300,20560902,internal_test|model_selection_validation|new_external_blind
useq01965,1,historical_anchor_quarantine,excluded_opened_external_exact_or_direct,300,20560902,internal_test|model_selection_validation|new_external_blind
useq01966,1,historical_anchor_quarantine,excluded_opened_external_exact_or_direct,300,20560902,internal_test|model_selection_validation|new_external_blind
useq01967,1,historical_anchor_quarantine,excluded_opened_external_exact_or_direct,300,20560902,internal_test|model_selection_validation|new_external_blind
useq01968,1,historical_anchor_quarantine,excluded_opened_external_exact_or_direct,300,20560902,internal_test|model_selection_validation|new_external_blind
useq01969,3,historical_anchor_quarantine,excluded_opened_external_exact_or_direct,300,20560902,internal_test|model_selection_validation|new_external_blind
useq01972,1,historical_anchor_quarantine,excluded_opened_external_exact_or_direct,300,20560902,internal_test|model_selection_validation|new_external_blind
useq01973,1,historical_anchor_quarantine,excluded_opened_external_exact_or_direct,300,20560902,internal_test|model_selection_validation|new_external_blind
useq01974,2,historical_anchor_quarantine,excluded_opened_external_exact_or_direct,300,20560902,internal_test|model_selection_validation|new_external_blind
useq01976,1,historical_anchor_quarantine,excluded_opened_external_exact_or_direct,300,20560902,internal_test|model_selection_validation|new_external_blind
useq01980,1,historical_anchor_quarantine,excluded_opened_external_exact_or_direct,300,20560902,internal_test|model_selection_validation|new_external_blind
useq01984,1,historical_anchor_quarantine,excluded_opened_external_exact_or_direct,300,20560902,internal_test|model_selection_validation|new_external_blind
useq01985,1,historical_anchor_quarantine,excluded_opened_external_exact_or_direct,300,20560902,internal_test|model_selection_validation|new_external_blind
useq01989,1,historical_anchor_quarantine,excluded_opened_external_exact_or_direct,300,20560902,internal_test|model_selection_validation|new_external_blind
useq01993,1,historical_anchor_quarantine,excluded_opened_external_exact_or_direct,300,20560902,internal_test|model_selection_validation|new_external_blind
useq01995,1,historical_anchor_quarantine,excluded_opened_external_exact_or_direct,300,20560902,internal_test|model_selection_validation|new_external_blind
useq01996,1,historical_anchor_quarantine,excluded_opened_external_exact_or_direct,300,20560902,internal_test|model_selection_validation|new_external_blind
useq01997,1,historical_anchor_quarantine,excluded_opened_external_exact_or_direct,300,20560902,internal_test|model_selection_validation|new_external_blind
useq01998,1,historical_anchor_quarantine,excluded_opened_external_exact_or_direct,300,20560902,internal_test|model_selection_validation|new_external_blind
useq02002,1,historical_anchor_quarantine,excluded_opened_external_exact_or_direct,300,20560902,internal_test|model_selection_validation|new_external_blind
useq02005,1,historical_anchor_quarantine,excluded_opened_external_exact_or_direct,300,20560902,internal_test|model_selection_validation|new_external_blind
useq02012,1,historical_anchor_quarantine,excluded_opened_external_exact_or_direct,300,20560902,internal_test|model_selection_validation|new_external_blind
useq02015,1,historical_anchor_quarantine,excluded_opened_external_exact_or_direct,300,20560902,internal_test|model_selection_validation|new_external_blind
useq02019,1,historical_anchor_quarantine,excluded_opened_external_exact_or_direct,300,20560902,internal_test|model_selection_validation|new_external_blind
useq02020,1,historical_anchor_quarantine,excluded_opened_external_exact_or_direct,300,20560902,internal_test|model_selection_validation|new_external_blind
useq02021,1,historical_anchor_quarantine,excluded_opened_external_exact_or_direct,300,20560902,internal_test|model_selection_validation|new_external_blind
useq02027,3,historical_anchor_quarantine,excluded_opened_external_exact_or_direct,300,20560902,internal_test|model_selection_validation|new_external_blind
useq02028,1,historical_anchor_quarantine,excluded_opened_external_exact_or_direct,300,20560902,internal_test|model_selection_validation|new_external_blind
useq02032,2,historical_anchor_quarantine,excluded_opened_external_exact_or_direct,300,20560902,internal_test|model_selection_validation|new_external_blind
useq02033,1,historical_anchor_quarantine,excluded_opened_external_exact_or_direct,300,20560902,internal_test|model_selection_validation|new_external_blind
useq02034,1,historical_anchor_quarantine,excluded_opened_external_exact_or_direct,300,20560902,internal_test|model_selection_validation|new_external_blind
useq02036,1,historical_anchor_quarantine,excluded_opened_external_exact_or_direct,300,20560902,internal_test|model_selection_validation|new_external_blind
useq02037,1,historical_anchor_quarantine,excluded_opened_external_exact_or_direct,300,20560902,internal_test|model_selection_validation|new_external_blind
useq02039,1,historical_anchor_quarantine,excluded_opened_external_exact_or_direct,300,20560902,internal_test|model_selection_validation|new_external_blind
useq02041,1,historical_anchor_quarantine,excluded_opened_external_exact_or_direct,300,20560902,internal_test|model_selection_validation|new_external_blind
useq02042,1,historical_anchor_quarantine,excluded_opened_external_exact_or_direct,300,20560902,internal_test|model_selection_validation|new_external_blind
useq02043,1,historical_anchor_quarantine,excluded_opened_external_exact_or_direct,300,20560902,internal_test|model_selection_validation|new_external_blind
useq02044,1,historical_anchor_quarantine,excluded_opened_external_exact_or_direct,300,20560902,internal_test|model_selection_validation|new_external_blind
useq02045,1,historical_anchor_quarantine,excluded_opened_external_exact_or_direct,300,20560902,internal_test|model_selection_validation|new_external_blind
useq02046,1,historical_anchor_quarantine,excluded_opened_external_exact_or_direct,300,20560902,internal_test|model_selection_validation|new_external_blind
useq02050,1,historical_anchor_quarantine,excluded_opened_external_exact_or_direct,300,20560902,internal_test|model_selection_validation|new_external_blind
useq02052,1,historical_anchor_quarantine,excluded_opened_external_exact_or_direct,300,20560902,internal_test|model_selection_validation|new_external_blind
useq02055,2,historical_anchor_quarantine,excluded_opened_external_exact_or_direct,300,20560902,internal_test|model_selection_validation|new_external_blind
useq02057,1,historical_anchor_quarantine,excluded_opened_external_exact_or_direct,300,20560902,internal_test|model_selection_validation|new_external_blind
useq02058,1,historical_anchor_quarantine,excluded_opened_external_exact_or_direct,300,20560902,internal_test|model_selection_validation|new_external_blind
useq02060,1,historical_anchor_quarantine,excluded_opened_external_exact_or_direct,300,20560902,internal_test|model_selection_validation|new_external_blind
useq02067,1,historical_anchor_quarantine,excluded_opened_external_exact_or_direct,300,20560902,internal_test|model_selection_validation|new_external_blind
useq02071,1,historical_anchor_quarantine,excluded_opened_external_exact_or_direct,300,20560902,internal_test|model_selection_validation|new_external_blind
useq02072,1,historical_anchor_quarantine,excluded_opened_external_exact_or_direct,300,20560902,internal_test|model_selection_validation|new_external_blind
useq02073,1,historical_anchor_quarantine,excluded_opened_external_exact_or_direct,300,20560902,internal_test|model_selection_validation|new_external_blind
useq02074,1,historical_anchor_quarantine,excluded_opened_external_exact_or_direct,300,20560902,internal_test|model_selection_validation|new_external_blind
useq02076,1,historical_anchor_quarantine,excluded_opened_external_exact_or_direct,300,20560902,internal_test|model_selection_validation|new_external_blind
useq02079,1,historical_anchor_quarantine,excluded_opened_external_exact_or_direct,300,20560902,internal_test|model_selection_validation|new_external_blind
useq02080,1,historical_anchor_quarantine,excluded_opened_external_exact_or_direct,300,20560902,internal_test|model_selection_validation|new_external_blind
useq02082,1,historical_anchor_quarantine,excluded_opened_external_exact_or_direct,300,20560902,internal_test|model_selection_validation|new_external_blind
useq02089,1,historical_anchor_quarantine,excluded_opened_external_exact_or_direct,300,20560902,internal_test|model_selection_validation|new_external_blind
useq02093,1,historical_anchor_quarantine,excluded_opened_external_exact_or_direct,300,20560902,internal_test|model_selection_validation|new_external_blind
useq02095,1,historical_anchor_quarantine,excluded_opened_external_exact_or_direct,300,20560902,internal_test|model_selection_validation|new_external_blind
useq02101,1,historical_anchor_quarantine,excluded_opened_external_exact_or_direct,300,20560902,internal_test|model_selection_validation|new_external_blind
useq02104,1,historical_anchor_quarantine,excluded_opened_external_exact_or_direct,300,20560902,internal_test|model_selection_validation|new_external_blind
useq02108,1,historical_anchor_quarantine,excluded_opened_external_exact_or_direct,300,20560902,internal_test|model_selection_validation|new_external_blind
useq02111,1,historical_anchor_quarantine,excluded_opened_external_exact_or_direct,300,20560902,internal_test|model_selection_validation|new_external_blind
useq02112,1,historical_anchor_quarantine,excluded_opened_external_exact_or_direct,300,20560902,internal_test|model_selection_validation|new_external_blind
useq02113,1,historical_anchor_quarantine,excluded_opened_external_exact_or_direct,300,20560902,internal_test|model_selection_validation|new_external_blind
useq02114,1,historical_anchor_quarantine,excluded_opened_external_exact_or_direct,300,20560902,internal_test|model_selection_validation|new_external_blind
useq02115,1,historical_anchor_quarantine,excluded_opened_external_exact_or_direct,300,20560902,internal_test|model_selection_validation|new_external_blind
useq02118,1,historical_anchor_quarantine,excluded_opened_external_exact_or_direct,300,20560902,internal_test|model_selection_validation|new_external_blind
useq02119,1,historical_anchor_quarantine,excluded_opened_external_exact_or_direct,300,20560902,internal_test|model_selection_validation|new_external_blind
useq02122,2,historical_anchor_quarantine,excluded_opened_external_exact_or_direct,300,20560902,internal_test|model_selection_validation|new_external_blind
useq02124,1,historical_anchor_quarantine,excluded_opened_external_exact_or_direct,300,20560902,internal_test|model_selection_validation|new_external_blind
useq02125,1,historical_anchor_quarantine,excluded_opened_external_exact_or_direct,300,20560902,internal_test|model_selection_validation|new_external_blind
useq02126,2,historical_anchor_quarantine,excluded_opened_external_exact_or_direct,300,20560902,internal_test|model_selection_validation|new_external_blind
useq02127,1,historical_anchor_quarantine,excluded_opened_external_exact_or_direct,300,20560902,internal_test|model_selection_validation|new_external_blind
useq02128,1,historical_anchor_quarantine,excluded_opened_external_exact_or_direct,300,20560902,internal_test|model_selection_validation|new_external_blind
useq02129,1,historical_anchor_quarantine,excluded_opened_external_exact_or_direct,300,20560902,internal_test|model_selection_validation|new_external_blind
useq02133,1,historical_anchor_quarantine,excluded_opened_external_exact_or_direct,300,20560902,internal_test|model_selection_validation|new_external_blind
useq02134,1,historical_anchor_quarantine,excluded_opened_external_exact_or_direct,300,20560902,internal_test|model_selection_validation|new_external_blind
useq02140,1,historical_anchor_quarantine,excluded_opened_external_exact_or_direct,300,20560902,internal_test|model_selection_validation|new_external_blind
useq02143,1,historical_anchor_quarantine,excluded_opened_external_exact_or_direct,300,20560902,internal_test|model_selection_validation|new_external_blind
useq02144,1,historical_anchor_quarantine,excluded_opened_external_exact_or_direct,300,20560902,internal_test|model_selection_validation|new_external_blind
useq02146,1,historical_anchor_quarantine,excluded_opened_external_exact_or_direct,300,20560902,internal_test|model_selection_validation|new_external_blind
useq02147,1,historical_anchor_quarantine,excluded_opened_external_exact_or_direct,300,20560902,internal_test|model_selection_validation|new_external_blind
useq02148,1,historical_anchor_quarantine,excluded_opened_external_exact_or_direct,300,20560902,internal_test|model_selection_validation|new_external_blind
useq02149,2,historical_anchor_quarantine,excluded_opened_external_exact_or_direct,300,20560902,internal_test|model_selection_validation|new_external_blind
useq02150,1,historical_anchor_quarantine,excluded_opened_external_exact_or_direct,300,20560902,internal_test|model_selection_validation|new_external_blind
useq02151,1,historical_anchor_quarantine,excluded_opened_external_exact_or_direct,300,20560902,internal_test|model_selection_validation|new_external_blind
useq02153,1,historical_anchor_quarantine,excluded_opened_external_exact_or_direct,300,20560902,internal_test|model_selection_validation|new_external_blind
useq02154,1,historical_anchor_quarantine,excluded_opened_external_exact_or_direct,300,20560902,internal_test|model_selection_validation|new_external_blind
useq02156,1,historical_anchor_quarantine,excluded_opened_external_exact_or_direct,300,20560902,internal_test|model_selection_validation|new_external_blind
useq02158,1,historical_anchor_quarantine,excluded_opened_external_exact_or_direct,300,20560902,internal_test|model_selection_validation|new_external_blind
useq02159,1,historical_anchor_quarantine,excluded_opened_external_exact_or_direct,300,20560902,internal_test|model_selection_validation|new_external_blind
useq02163,1,historical_anchor_quarantine,excluded_opened_external_exact_or_direct,300,20560902,internal_test|model_selection_validation|new_external_blind
useq02166,1,historical_anchor_quarantine,excluded_opened_external_exact_or_direct,300,20560902,internal_test|model_selection_validation|new_external_blind
useq02168,1,historical_anchor_quarantine,excluded_opened_external_exact_or_direct,300,20560902,internal_test|model_selection_validation|new_external_blind
useq02170,1,historical_anchor_quarantine,excluded_opened_external_exact_or_direct,300,20560902,internal_test|model_selection_validation|new_external_blind
useq02171,1,historical_anchor_quarantine,excluded_opened_external_exact_or_direct,300,20560902,internal_test|model_selection_validation|new_external_blind
useq02172,1,historical_anchor_quarantine,excluded_opened_external_exact_or_direct,300,20560902,internal_test|model_selection_validation|new_external_blind
useq02173,1,historical_anchor_quarantine,excluded_opened_external_exact_or_direct,300,20560902,internal_test|model_selection_validation|new_external_blind
useq02177,1,historical_anchor_quarantine,excluded_opened_external_exact_or_direct,300,20560902,internal_test|model_selection_validation|new_external_blind
useq02179,1,historical_anchor_quarantine,excluded_opened_external_exact_or_direct,300,20560902,internal_test|model_selection_validation|new_external_blind
useq02180,1,historical_anchor_quarantine,excluded_opened_external_exact_or_direct,300,20560902,internal_test|model_selection_validation|new_external_blind
useq02183,1,historical_anchor_quarantine,excluded_opened_external_exact_or_direct,300,20560902,internal_test|model_selection_validation|new_external_blind
useq02184,1,historical_anchor_quarantine,excluded_opened_external_exact_or_direct,300,20560902,internal_test|model_selection_validation|new_external_blind
useq02186,1,historical_anchor_quarantine,excluded_opened_external_exact_or_direct,300,20560902,internal_test|model_selection_validation|new_external_blind
useq02187,1,historical_anchor_quarantine,excluded_opened_external_exact_or_direct,300,20560902,internal_test|model_selection_validation|new_external_blind
useq02189,1,historical_anchor_quarantine,excluded_opened_external_exact_or_direct,300,20560902,internal_test|model_selection_validation|new_external_blind
useq02191,1,historical_anchor_quarantine,excluded_opened_external_exact_or_direct,300,20560902,internal_test|model_selection_validation|new_external_blind
useq02192,1,historical_anchor_quarantine,excluded_opened_external_exact_or_direct,300,20560902,internal_test|model_selection_validation|new_external_blind
useq02194,1,historical_anchor_quarantine,excluded_opened_external_exact_or_direct,300,20560902,internal_test|model_selection_validation|new_external_blind
useq02195,1,historical_anchor_quarantine,excluded_opened_external_exact_or_direct,300,20560902,internal_test|model_selection_validation|new_external_blind
useq02196,1,historical_anchor_quarantine,excluded_opened_external_exact_or_direct,300,20560902,internal_test|model_selection_validation|new_external_blind
useq02197,1,historical_anchor_quarantine,excluded_opened_external_exact_or_direct,300,20560902,internal_test|model_selection_validation|new_external_blind
useq02198,1,historical_anchor_quarantine,excluded_opened_external_exact_or_direct,300,20560902,internal_test|model_selection_validation|new_external_blind
useq02201,1,historical_anchor_quarantine,excluded_opened_external_exact_or_direct,300,20560902,internal_test|model_selection_validation|new_external_blind
useq02202,1,historical_anchor_quarantine,excluded_opened_external_exact_or_direct,300,20560902,internal_test|model_selection_validation|new_external_blind
useq02203,1,historical_anchor_quarantine,excluded_opened_external_exact_or_direct,300,20560902,internal_test|model_selection_validation|new_external_blind
useq02204,1,historical_anchor_quarantine,excluded_opened_external_exact_or_direct,300,20560902,internal_test|model_selection_validation|new_external_blind
useq02210,1,historical_anchor_quarantine,excluded_opened_external_exact_or_direct,300,20560902,internal_test|model_selection_validation|new_external_blind
useq02211,1,historical_anchor_quarantine,excluded_opened_external_exact_or_direct,300,20560902,internal_test|model_selection_validation|new_external_blind
useq02214,1,historical_anchor_quarantine,excluded_opened_external_exact_or_direct,300,20560902,internal_test|model_selection_validation|new_external_blind
useq02216,1,historical_anchor_quarantine,excluded_opened_external_exact_or_direct,300,20560902,internal_test|model_selection_validation|new_external_blind
useq02218,1,historical_anchor_quarantine,excluded_opened_external_exact_or_direct,300,20560902,internal_test|model_selection_validation|new_external_blind
useq02223,1,historical_anchor_quarantine,excluded_opened_external_exact_or_direct,300,20560902,internal_test|model_selection_validation|new_external_blind
useq02224,1,historical_anchor_quarantine,excluded_opened_external_exact_or_direct,300,20560902,internal_test|model_selection_validation|new_external_blind
useq02225,1,historical_anchor_quarantine,excluded_opened_external_exact_or_direct,300,20560902,internal_test|model_selection_validation|new_external_blind
useq02231,1,historical_anchor_quarantine,excluded_opened_external_exact_or_direct,300,20560902,internal_test|model_selection_validation|new_external_blind
useq02233,1,historical_anchor_quarantine,excluded_opened_external_exact_or_direct,300,20560902,internal_test|model_selection_validation|new_external_blind
useq02234,1,historical_anchor_quarantine,excluded_opened_external_exact_or_direct,300,20560902,internal_test|model_selection_validation|new_external_blind
useq02235,3,historical_anchor_quarantine,excluded_opened_external_exact_or_direct,300,20560902,internal_test|model_selection_validation|new_external_blind
useq02236,1,historical_anchor_quarantine,excluded_opened_external_exact_or_direct,300,20560902,internal_test|model_selection_validation|new_external_blind
useq02239,1,historical_anchor_quarantine,excluded_opened_external_exact_or_direct,300,20560902,internal_test|model_selection_validation|new_external_blind
useq02242,1,historical_anchor_quarantine,excluded_opened_external_exact_or_direct,300,20560902,internal_test|model_selection_validation|new_external_blind
useq02243,1,historical_anchor_quarantine,excluded_opened_external_exact_or_direct,300,20560902,internal_test|model_selection_validation|new_external_blind
useq02244,1,historical_anchor_quarantine,excluded_opened_external_exact_or_direct,300,20560902,internal_test|model_selection_validation|new_external_blind
useq02247,1,historical_anchor_quarantine,excluded_opened_external_exact_or_direct,300,20560902,internal_test|model_selection_validation|new_external_blind
useq02249,1,historical_anchor_quarantine,excluded_opened_external_exact_or_direct,300,20560902,internal_test|model_selection_validation|new_external_blind
useq02250,1,historical_anchor_quarantine,excluded_opened_external_exact_or_direct,300,20560902,internal_test|model_selection_validation|new_external_blind
useq02251,1,historical_anchor_quarantine,excluded_opened_external_exact_or_direct,300,20560902,internal_test|model_selection_validation|new_external_blind
useq02252,4,historical_anchor_quarantine,excluded_opened_external_exact_or_direct,300,20560902,internal_test|model_selection_validation|new_external_blind
useq02260,1,historical_anchor_quarantine,excluded_opened_external_exact_or_direct,300,20560902,internal_test|model_selection_validation|new_external_blind
useq02261,1,historical_anchor_quarantine,excluded_opened_external_exact_or_direct,300,20560902,internal_test|model_selection_validation|new_external_blind
useq02265,1,historical_anchor_quarantine,excluded_opened_external_exact_or_direct,300,20560902,internal_test|model_selection_validation|new_external_blind
useq02266,1,historical_anchor_quarantine,excluded_opened_external_exact_or_direct,300,20560902,internal_test|model_selection_validation|new_external_blind
useq02267,1,historical_anchor_quarantine,excluded_opened_external_exact_or_direct,300,20560902,internal_test|model_selection_validation|new_external_blind
useq02269,1,historical_anchor_quarantine,excluded_opened_external_exact_or_direct,300,20560902,internal_test|model_selection_validation|new_external_blind
useq02270,1,historical_anchor_quarantine,excluded_opened_external_exact_or_direct,300,20560902,internal_test|model_selection_validation|new_external_blind
useq02271,1,historical_anchor_quarantine,excluded_opened_external_exact_or_direct,300,20560902,internal_test|model_selection_validation|new_external_blind
useq02273,1,historical_anchor_quarantine,excluded_opened_external_exact_or_direct,300,20560902,internal_test|model_selection_validation|new_external_blind
useq02275,1,historical_anchor_quarantine,excluded_opened_external_exact_or_direct,300,20560902,internal_test|model_selection_validation|new_external_blind
useq02278,2,historical_anchor_quarantine,excluded_opened_external_exact_or_direct,300,20560902,internal_test|model_selection_validation|new_external_blind
useq02279,2,historical_anchor_quarantine,excluded_opened_external_exact_or_direct,300,20560902,internal_test|model_selection_validation|new_external_blind
useq02280,1,historical_anchor_quarantine,excluded_opened_external_exact_or_direct,300,20560902,internal_test|model_selection_validation|new_external_blind
useq02281,1,historical_anchor_quarantine,excluded_opened_external_exact_or_direct,300,20560902,internal_test|model_selection_validation|new_external_blind
useq02286,1,historical_anchor_quarantine,excluded_opened_external_exact_or_direct,300,20560902,internal_test|model_selection_validation|new_external_blind
useq02288,1,historical_anchor_quarantine,excluded_opened_external_exact_or_direct,300,20560902,internal_test|model_selection_validation|new_external_blind
useq02289,1,historical_anchor_quarantine,excluded_opened_external_exact_or_direct,300,20560902,internal_test|model_selection_validation|new_external_blind
useq02290,1,historical_anchor_quarantine,excluded_opened_external_exact_or_direct,300,20560902,internal_test|model_selection_validation|new_external_blind
useq02293,1,historical_anchor_quarantine,excluded_opened_external_exact_or_direct,300,20560902,internal_test|model_selection_validation|new_external_blind
useq02294,1,historical_anchor_quarantine,excluded_opened_external_exact_or_direct,300,20560902,internal_test|model_selection_validation|new_external_blind
useq02295,1,historical_anchor_quarantine,excluded_opened_external_exact_or_direct,300,20560902,internal_test|model_selection_validation|new_external_blind
useq02296,1,historical_anchor_quarantine,excluded_opened_external_exact_or_direct,300,20560902,internal_test|model_selection_validation|new_external_blind
useq02298,1,historical_anchor_quarantine,excluded_opened_external_exact_or_direct,300,20560902,internal_test|model_selection_validation|new_external_blind
useq02301,1,historical_anchor_quarantine,excluded_opened_external_exact_or_direct,300,20560902,internal_test|model_selection_validation|new_external_blind
useq02306,2,historical_anchor_quarantine,excluded_opened_external_exact_or_direct,300,20560902,internal_test|model_selection_validation|new_external_blind
useq02308,1,historical_anchor_quarantine,excluded_opened_external_exact_or_direct,300,20560902,internal_test|model_selection_validation|new_external_blind
useq02313,2,historical_anchor_quarantine,excluded_opened_external_exact_or_direct,300,20560902,internal_test|model_selection_validation|new_external_blind
useq02316,1,historical_anchor_quarantine,excluded_opened_external_exact_or_direct,300,20560902,internal_test|model_selection_validation|new_external_blind
useq02326,1,historical_anchor_quarantine,excluded_opened_external_exact_or_direct,300,20560902,internal_test|model_selection_validation|new_external_blind
useq02327,1,historical_anchor_quarantine,excluded_opened_external_exact_or_direct,300,20560902,internal_test|model_selection_validation|new_external_blind
useq02331,1,historical_anchor_quarantine,excluded_opened_external_exact_or_direct,300,20560902,internal_test|model_selection_validation|new_external_blind
useq02332,1,historical_anchor_quarantine,excluded_opened_external_exact_or_direct,300,20560902,internal_test|model_selection_validation|new_external_blind
useq02334,1,historical_anchor_quarantine,excluded_opened_external_exact_or_direct,300,20560902,internal_test|model_selection_validation|new_external_blind
useq02337,1,historical_anchor_quarantine,excluded_opened_external_exact_or_direct,300,20560902,internal_test|model_selection_validation|new_external_blind
useq02339,1,historical_anchor_quarantine,excluded_opened_external_exact_or_direct,300,20560902,internal_test|model_selection_validation|new_external_blind
useq02340,1,historical_anchor_quarantine,excluded_opened_external_exact_or_direct,300,20560902,internal_test|model_selection_validation|new_external_blind
useq02341,1,historical_anchor_quarantine,excluded_opened_external_exact_or_direct,300,20560902,internal_test|model_selection_validation|new_external_blind
useq02344,1,historical_anchor_quarantine,excluded_opened_external_exact_or_direct,300,20560902,internal_test|model_selection_validation|new_external_blind
useq02346,1,historical_anchor_quarantine,excluded_opened_external_exact_or_direct,300,20560902,internal_test|model_selection_validation|new_external_blind
useq02347,1,historical_anchor_quarantine,excluded_opened_external_exact_or_direct,300,20560902,internal_test|model_selection_validation|new_external_blind
useq02348,1,historical_anchor_quarantine,excluded_opened_external_exact_or_direct,300,20560902,internal_test|model_selection_validation|new_external_blind
useq02350,2,historical_anchor_quarantine,excluded_opened_external_exact_or_direct,300,20560902,internal_test|model_selection_validation|new_external_blind
useq02352,1,historical_anchor_quarantine,excluded_opened_external_exact_or_direct,300,20560902,internal_test|model_selection_validation|new_external_blind
useq02355,1,historical_anchor_quarantine,excluded_opened_external_exact_or_direct,300,20560902,internal_test|model_selection_validation|new_external_blind
useq02357,1,historical_anchor_quarantine,excluded_opened_external_exact_or_direct,300,20560902,internal_test|model_selection_validation|new_external_blind
useq02358,1,historical_anchor_quarantine,excluded_opened_external_exact_or_direct,300,20560902,internal_test|model_selection_validation|new_external_blind
useq02359,1,historical_anchor_quarantine,excluded_opened_external_exact_or_direct,300,20560902,internal_test|model_selection_validation|new_external_blind
useq02360,1,historical_anchor_quarantine,excluded_opened_external_exact_or_direct,300,20560902,internal_test|model_selection_validation|new_external_blind
useq02362,1,historical_anchor_quarantine,excluded_opened_external_exact_or_direct,300,20560902,internal_test|model_selection_validation|new_external_blind
useq02363,1,historical_anchor_quarantine,excluded_opened_external_exact_or_direct,300,20560902,internal_test|model_selection_validation|new_external_blind
useq02367,1,historical_anchor_quarantine,excluded_opened_external_exact_or_direct,300,20560902,internal_test|model_selection_validation|new_external_blind
useq02368,1,historical_anchor_quarantine,excluded_opened_external_exact_or_direct,300,20560902,internal_test|model_selection_validation|new_external_blind
useq02369,1,historical_anchor_quarantine,excluded_opened_external_exact_or_direct,300,20560902,internal_test|model_selection_validation|new_external_blind
useq02373,1,historical_anchor_quarantine,excluded_opened_external_exact_or_direct,300,20560902,internal_test|model_selection_validation|new_external_blind
useq02375,1,historical_anchor_quarantine,excluded_opened_external_exact_or_direct,300,20560902,internal_test|model_selection_validation|new_external_blind
useq02376,1,historical_anchor_quarantine,excluded_opened_external_exact_or_direct,300,20560902,internal_test|model_selection_validation|new_external_blind
useq02379,1,historical_anchor_quarantine,excluded_opened_external_exact_or_direct,300,20560902,internal_test|model_selection_validation|new_external_blind
useq02380,1,historical_anchor_quarantine,excluded_opened_external_exact_or_direct,300,20560902,internal_test|model_selection_validation|new_external_blind
useq02383,1,historical_anchor_quarantine,excluded_opened_external_exact_or_direct,300,20560902,internal_test|model_selection_validation|new_external_blind
useq02384,1,historical_anchor_quarantine,excluded_opened_external_exact_or_direct,300,20560902,internal_test|model_selection_validation|new_external_blind
useq02385,1,historical_anchor_quarantine,excluded_opened_external_exact_or_direct,300,20560902,internal_test|model_selection_validation|new_external_blind
useq02386,1,historical_anchor_quarantine,excluded_opened_external_exact_or_direct,300,20560902,internal_test|model_selection_validation|new_external_blind
useq02388,1,historical_anchor_quarantine,excluded_opened_external_exact_or_direct,300,20560902,internal_test|model_selection_validation|new_external_blind
useq02390,2,historical_anchor_quarantine,excluded_opened_external_exact_or_direct,300,20560902,internal_test|model_selection_validation|new_external_blind
useq02393,1,historical_anchor_quarantine,excluded_opened_external_exact_or_direct,300,20560902,internal_test|model_selection_validation|new_external_blind
useq02395,1,historical_anchor_quarantine,excluded_opened_external_exact_or_direct,300,20560902,internal_test|model_selection_validation|new_external_blind
useq02397,1,historical_anchor_quarantine,excluded_opened_external_exact_or_direct,300,20560902,internal_test|model_selection_validation|new_external_blind
useq02399,1,historical_anchor_quarantine,excluded_opened_external_exact_or_direct,300,20560902,internal_test|model_selection_validation|new_external_blind
useq02401,2,historical_anchor_quarantine,excluded_opened_external_exact_or_direct,300,20560902,internal_test|model_selection_validation|new_external_blind
useq02403,1,historical_anchor_quarantine,excluded_opened_external_exact_or_direct,300,20560902,internal_test|model_selection_validation|new_external_blind
useq02404,1,historical_anchor_quarantine,excluded_opened_external_exact_or_direct,300,20560902,internal_test|model_selection_validation|new_external_blind
useq02407,1,historical_anchor_quarantine,excluded_opened_external_exact_or_direct,300,20560902,internal_test|model_selection_validation|new_external_blind
useq02408,1,historical_anchor_quarantine,excluded_opened_external_exact_or_direct,300,20560902,internal_test|model_selection_validation|new_external_blind
useq02409,1,historical_anchor_quarantine,excluded_opened_external_exact_or_direct,300,20560902,internal_test|model_selection_validation|new_external_blind
useq02410,1,historical_anchor_quarantine,excluded_opened_external_exact_or_direct,300,20560902,internal_test|model_selection_validation|new_external_blind
useq02411,1,historical_anchor_quarantine,excluded_opened_external_exact_or_direct,300,20560902,internal_test|model_selection_validation|new_external_blind
useq02412,1,historical_anchor_quarantine,excluded_opened_external_exact_or_direct,300,20560902,internal_test|model_selection_validation|new_external_blind
useq02414,1,historical_anchor_quarantine,excluded_opened_external_exact_or_direct,300,20560902,internal_test|model_selection_validation|new_external_blind
useq02417,1,historical_anchor_quarantine,excluded_opened_external_exact_or_direct,300,20560902,internal_test|model_selection_validation|new_external_blind
useq02419,2,historical_anchor_quarantine,excluded_opened_external_exact_or_direct,300,20560902,internal_test|model_selection_validation|new_external_blind
useq02420,1,historical_anchor_quarantine,excluded_opened_external_exact_or_direct,300,20560902,internal_test|model_selection_validation|new_external_blind
useq02421,1,historical_anchor_quarantine,excluded_opened_external_exact_or_direct,300,20560902,internal_test|model_selection_validation|new_external_blind
useq02422,2,historical_anchor_quarantine,excluded_opened_external_exact_or_direct,300,20560902,internal_test|model_selection_validation|new_external_blind
useq02423,1,historical_anchor_quarantine,excluded_opened_external_exact_or_direct,300,20560902,internal_test|model_selection_validation|new_external_blind
useq02424,2,historical_anchor_quarantine,excluded_opened_external_exact_or_direct,300,20560902,internal_test|model_selection_validation|new_external_blind
useq02425,1,historical_anchor_quarantine,excluded_opened_external_exact_or_direct,300,20560902,internal_test|model_selection_validation|new_external_blind
useq02427,1,historical_anchor_quarantine,excluded_opened_external_exact_or_direct,300,20560902,internal_test|model_selection_validation|new_external_blind
useq02430,1,historical_anchor_quarantine,excluded_opened_external_exact_or_direct,300,20560902,internal_test|model_selection_validation|new_external_blind
useq02433,1,historical_anchor_quarantine,excluded_opened_external_exact_or_direct,300,20560902,internal_test|model_selection_validation|new_external_blind
useq02434,1,historical_anchor_quarantine,excluded_opened_external_exact_or_direct,300,20560902,internal_test|model_selection_validation|new_external_blind
useq02435,1,historical_anchor_quarantine,excluded_opened_external_exact_or_direct,300,20560902,internal_test|model_selection_validation|new_external_blind
useq02438,1,historical_anchor_quarantine,excluded_opened_external_exact_or_direct,300,20560902,internal_test|model_selection_validation|new_external_blind
useq02439,1,historical_anchor_quarantine,excluded_opened_external_exact_or_direct,300,20560902,internal_test|model_selection_validation|new_external_blind
useq02441,1,historical_anchor_quarantine,excluded_opened_external_exact_or_direct,300,20560902,internal_test|model_selection_validation|new_external_blind
useq02442,1,historical_anchor_quarantine,excluded_opened_external_exact_or_direct,300,20560902,internal_test|model_selection_validation|new_external_blind
useq02444,1,historical_anchor_quarantine,excluded_opened_external_exact_or_direct,300,20560902,internal_test|model_selection_validation|new_external_blind
useq02445,1,historical_anchor_quarantine,excluded_opened_external_exact_or_direct,300,20560902,internal_test|model_selection_validation|new_external_blind
useq02446,1,historical_anchor_quarantine,excluded_opened_external_exact_or_direct,300,20560902,internal_test|model_selection_validation|new_external_blind
useq02447,1,historical_anchor_quarantine,excluded_opened_external_exact_or_direct,300,20560902,internal_test|model_selection_validation|new_external_blind
useq02448,1,historical_anchor_quarantine,excluded_opened_external_exact_or_direct,300,20560902,internal_test|model_selection_validation|new_external_blind
useq02450,1,historical_anchor_quarantine,excluded_opened_external_exact_or_direct,300,20560902,internal_test|model_selection_validation|new_external_blind
useq02452,1,historical_anchor_quarantine,excluded_opened_external_exact_or_direct,300,20560902,internal_test|model_selection_validation|new_external_blind
useq02454,1,historical_anchor_quarantine,excluded_opened_external_exact_or_direct,300,20560902,internal_test|model_selection_validation|new_external_blind
useq02457,1,historical_anchor_quarantine,excluded_opened_external_exact_or_direct,300,20560902,internal_test|model_selection_validation|new_external_blind
useq02458,1,historical_anchor_quarantine,excluded_opened_external_exact_or_direct,300,20560902,internal_test|model_selection_validation|new_external_blind
useq02463,1,historical_anchor_quarantine,excluded_opened_external_exact_or_direct,300,20560902,internal_test|model_selection_validation|new_external_blind
useq02464,1,historical_anchor_quarantine,excluded_opened_external_exact_or_direct,300,20560902,internal_test|model_selection_validation|new_external_blind
useq02465,1,historical_anchor_quarantine,excluded_opened_external_exact_or_direct,300,20560902,internal_test|model_selection_validation|new_external_blind
useq02469,1,historical_anchor_quarantine,excluded_opened_external_exact_or_direct,300,20560902,internal_test|model_selection_validation|new_external_blind
useq02470,1,historical_anchor_quarantine,excluded_opened_external_exact_or_direct,300,20560902,internal_test|model_selection_validation|new_external_blind
useq02475,1,historical_anchor_quarantine,excluded_opened_external_exact_or_direct,300,20560902,internal_test|model_selection_validation|new_external_blind
useq02479,2,historical_anchor_quarantine,excluded_opened_external_exact_or_direct,300,20560902,internal_test|model_selection_validation|new_external_blind
useq02480,1,historical_anchor_quarantine,excluded_opened_external_exact_or_direct,300,20560902,internal_test|model_selection_validation|new_external_blind
useq02482,2,historical_anchor_quarantine,excluded_opened_external_exact_or_direct,300,20560902,internal_test|model_selection_validation|new_external_blind
useq02484,1,historical_anchor_quarantine,excluded_opened_external_exact_or_direct,300,20560902,internal_test|model_selection_validation|new_external_blind
useq02486,3,historical_anchor_quarantine,excluded_opened_external_exact_or_direct,300,20560902,internal_test|model_selection_validation|new_external_blind
useq02488,1,historical_anchor_quarantine,excluded_opened_external_exact_or_direct,300,20560902,internal_test|model_selection_validation|new_external_blind
useq02489,1,historical_anchor_quarantine,excluded_opened_external_exact_or_direct,300,20560902,internal_test|model_selection_validation|new_external_blind
useq02491,1,historical_anchor_quarantine,excluded_opened_external_exact_or_direct,300,20560902,internal_test|model_selection_validation|new_external_blind
useq02495,1,historical_anchor_quarantine,excluded_opened_external_exact_or_direct,300,20560902,internal_test|model_selection_validation|new_external_blind
useq02501,1,historical_anchor_quarantine,excluded_opened_external_exact_or_direct,300,20560902,internal_test|model_selection_validation|new_external_blind
useq02503,2,historical_anchor_quarantine,excluded_opened_external_exact_or_direct,300,20560902,internal_test|model_selection_validation|new_external_blind
useq02504,2,historical_anchor_quarantine,excluded_opened_external_exact_or_direct,300,20560902,internal_test|model_selection_validation|new_external_blind
useq02505,1,historical_anchor_quarantine,excluded_opened_external_exact_or_direct,300,20560902,internal_test|model_selection_validation|new_external_blind
useq02508,1,historical_anchor_quarantine,excluded_opened_external_exact_or_direct,300,20560902,internal_test|model_selection_validation|new_external_blind
useq02510,1,historical_anchor_quarantine,excluded_opened_external_exact_or_direct,300,20560902,internal_test|model_selection_validation|new_external_blind
useq02511,1,historical_anchor_quarantine,excluded_opened_external_exact_or_direct,300,20560902,internal_test|model_selection_validation|new_external_blind
useq02512,1,historical_anchor_quarantine,excluded_opened_external_exact_or_direct,300,20560902,internal_test|model_selection_validation|new_external_blind
useq02513,1,historical_anchor_quarantine,excluded_opened_external_exact_or_direct,300,20560902,internal_test|model_selection_validation|new_external_blind
useq02514,1,historical_anchor_quarantine,excluded_opened_external_exact_or_direct,300,20560902,internal_test|model_selection_validation|new_external_blind
useq02515,1,historical_anchor_quarantine,excluded_opened_external_exact_or_direct,300,20560902,internal_test|model_selection_validation|new_external_blind
useq02519,1,historical_anchor_quarantine,excluded_opened_external_exact_or_direct,300,20560902,internal_test|model_selection_validation|new_external_blind
useq02522,1,historical_anchor_quarantine,excluded_opened_external_exact_or_direct,300,20560902,internal_test|model_selection_validation|new_external_blind
useq02525,1,historical_anchor_quarantine,excluded_opened_external_exact_or_direct,300,20560902,internal_test|model_selection_validation|new_external_blind
useq02528,1,historical_anchor_quarantine,excluded_opened_external_exact_or_direct,300,20560902,internal_test|model_selection_validation|new_external_blind
useq02532,1,historical_anchor_quarantine,excluded_opened_external_exact_or_direct,300,20560902,internal_test|model_selection_validation|new_external_blind
useq02534,1,historical_anchor_quarantine,excluded_opened_external_exact_or_direct,300,20560902,internal_test|model_selection_validation|new_external_blind
useq02538,1,historical_anchor_quarantine,excluded_opened_external_exact_or_direct,300,20560902,internal_test|model_selection_validation|new_external_blind
useq02539,1,historical_anchor_quarantine,excluded_opened_external_exact_or_direct,300,20560902,internal_test|model_selection_validation|new_external_blind
useq02541,1,historical_anchor_quarantine,excluded_opened_external_exact_or_direct,300,20560902,internal_test|model_selection_validation|new_external_blind
useq02542,1,historical_anchor_quarantine,excluded_opened_external_exact_or_direct,300,20560902,internal_test|model_selection_validation|new_external_blind
useq02543,1,historical_anchor_quarantine,excluded_opened_external_exact_or_direct,300,20560902,internal_test|model_selection_validation|new_external_blind
useq02544,1,historical_anchor_quarantine,excluded_opened_external_exact_or_direct,300,20560902,internal_test|model_selection_validation|new_external_blind
useq02545,1,historical_anchor_quarantine,excluded_opened_external_exact_or_direct,300,20560902,internal_test|model_selection_validation|new_external_blind
useq02548,2,historical_anchor_quarantine,excluded_opened_external_exact_or_direct,300,20560902,internal_test|model_selection_validation|new_external_blind
useq02551,1,historical_anchor_quarantine,excluded_opened_external_exact_or_direct,300,20560902,internal_test|model_selection_validation|new_external_blind
useq02552,2,historical_anchor_quarantine,excluded_opened_external_exact_or_direct,300,20560902,internal_test|model_selection_validation|new_external_blind
useq02553,1,historical_anchor_quarantine,excluded_opened_external_exact_or_direct,300,20560902,internal_test|model_selection_validation|new_external_blind
useq02554,1,historical_anchor_quarantine,excluded_opened_external_exact_or_direct,300,20560902,internal_test|model_selection_validation|new_external_blind
useq02556,1,historical_anchor_quarantine,excluded_opened_external_exact_or_direct,300,20560902,internal_test|model_selection_validation|new_external_blind
useq02557,1,historical_anchor_quarantine,excluded_opened_external_exact_or_direct,300,20560902,internal_test|model_selection_validation|new_external_blind
useq02560,1,historical_anchor_quarantine,excluded_opened_external_exact_or_direct,300,20560902,internal_test|model_selection_validation|new_external_blind
useq02562,1,historical_anchor_quarantine,excluded_opened_external_exact_or_direct,300,20560902,internal_test|model_selection_validation|new_external_blind
useq02564,1,historical_anchor_quarantine,excluded_opened_external_exact_or_direct,300,20560902,internal_test|model_selection_validation|new_external_blind
useq02565,1,historical_anchor_quarantine,excluded_opened_external_exact_or_direct,300,20560902,internal_test|model_selection_validation|new_external_blind
useq02566,1,historical_anchor_quarantine,excluded_opened_external_exact_or_direct,300,20560902,internal_test|model_selection_validation|new_external_blind
useq02570,1,historical_anchor_quarantine,excluded_opened_external_exact_or_direct,300,20560902,internal_test|model_selection_validation|new_external_blind
useq02571,1,historical_anchor_quarantine,excluded_opened_external_exact_or_direct,300,20560902,internal_test|model_selection_validation|new_external_blind
useq02573,1,historical_anchor_quarantine,excluded_opened_external_exact_or_direct,300,20560902,internal_test|model_selection_validation|new_external_blind
useq02574,1,historical_anchor_quarantine,excluded_opened_external_exact_or_direct,300,20560902,internal_test|model_selection_validation|new_external_blind
useq02575,1,historical_anchor_quarantine,excluded_opened_external_exact_or_direct,300,20560902,internal_test|model_selection_validation|new_external_blind
useq02578,1,historical_anchor_quarantine,excluded_opened_external_exact_or_direct,300,20560902,internal_test|model_selection_validation|new_external_blind
useq02579,1,historical_anchor_quarantine,excluded_opened_external_exact_or_direct,300,20560902,internal_test|model_selection_validation|new_external_blind
useq02581,2,historical_anchor_quarantine,excluded_opened_external_exact_or_direct,300,20560902,internal_test|model_selection_validation|new_external_blind
useq02583,1,historical_anchor_quarantine,excluded_opened_external_exact_or_direct,300,20560902,internal_test|model_selection_validation|new_external_blind
useq02586,1,historical_anchor_quarantine,excluded_opened_external_exact_or_direct,300,20560902,internal_test|model_selection_validation|new_external_blind
useq02587,1,historical_anchor_quarantine,excluded_opened_external_exact_or_direct,300,20560902,internal_test|model_selection_validation|new_external_blind
useq02589,1,historical_anchor_quarantine,excluded_opened_external_exact_or_direct,300,20560902,internal_test|model_selection_validation|new_external_blind
useq02592,1,historical_anchor_quarantine,excluded_opened_external_exact_or_direct,300,20560902,internal_test|model_selection_validation|new_external_blind
useq02596,1,historical_anchor_quarantine,excluded_opened_external_exact_or_direct,300,20560902,internal_test|model_selection_validation|new_external_blind
useq02601,1,historical_anchor_quarantine,excluded_opened_external_exact_or_direct,300,20560902,internal_test|model_selection_validation|new_external_blind
useq02602,1,historical_anchor_quarantine,excluded_opened_external_exact_or_direct,300,20560902,internal_test|model_selection_validation|new_external_blind
useq02603,1,historical_anchor_quarantine,excluded_opened_external_exact_or_direct,300,20560902,internal_test|model_selection_validation|new_external_blind
useq02604,1,historical_anchor_quarantine,excluded_opened_external_exact_or_direct,300,20560902,internal_test|model_selection_validation|new_external_blind
useq02606,1,historical_anchor_quarantine,excluded_opened_external_exact_or_direct,300,20560902,internal_test|model_selection_validation|new_external_blind
useq02607,1,historical_anchor_quarantine,excluded_opened_external_exact_or_direct,300,20560902,internal_test|model_selection_validation|new_external_blind
useq02608,1,historical_anchor_quarantine,excluded_opened_external_exact_or_direct,300,20560902,internal_test|model_selection_validation|new_external_blind
useq02610,1,historical_anchor_quarantine,excluded_opened_external_exact_or_direct,300,20560902,internal_test|model_selection_validation|new_external_blind
useq02611,1,historical_anchor_quarantine,excluded_opened_external_exact_or_direct,300,20560902,internal_test|model_selection_validation|new_external_blind
useq02612,1,historical_anchor_quarantine,excluded_opened_external_exact_or_direct,300,20560902,internal_test|model_selection_validation|new_external_blind
useq02617,1,historical_anchor_quarantine,excluded_opened_external_exact_or_direct,300,20560902,internal_test|model_selection_validation|new_external_blind
useq02618,1,historical_anchor_quarantine,excluded_opened_external_exact_or_direct,300,20560902,internal_test|model_selection_validation|new_external_blind
useq02619,1,historical_anchor_quarantine,excluded_opened_external_exact_or_direct,300,20560902,internal_test|model_selection_validation|new_external_blind
useq02620,1,historical_anchor_quarantine,excluded_opened_external_exact_or_direct,300,20560902,internal_test|model_selection_validation|new_external_blind
useq02621,1,historical_anchor_quarantine,excluded_opened_external_exact_or_direct,300,20560902,internal_test|model_selection_validation|new_external_blind
useq02624,1,historical_anchor_quarantine,excluded_opened_external_exact_or_direct,300,20560902,internal_test|model_selection_validation|new_external_blind
useq02627,2,historical_anchor_quarantine,excluded_opened_external_exact_or_direct,300,20560902,internal_test|model_selection_validation|new_external_blind
useq02629,1,historical_anchor_quarantine,excluded_opened_external_exact_or_direct,300,20560902,internal_test|model_selection_validation|new_external_blind
useq02631,2,historical_anchor_quarantine,excluded_opened_external_exact_or_direct,300,20560902,internal_test|model_selection_validation|new_external_blind
useq02632,1,historical_anchor_quarantine,excluded_opened_external_exact_or_direct,300,20560902,internal_test|model_selection_validation|new_external_blind
useq02633,1,historical_anchor_quarantine,excluded_opened_external_exact_or_direct,300,20560902,internal_test|model_selection_validation|new_external_blind
useq02636,1,historical_anchor_quarantine,excluded_opened_external_exact_or_direct,300,20560902,internal_test|model_selection_validation|new_external_blind
useq02637,1,historical_anchor_quarantine,excluded_opened_external_exact_or_direct,300,20560902,internal_test|model_selection_validation|new_external_blind
useq02638,1,historical_anchor_quarantine,excluded_opened_external_exact_or_direct,300,20560902,internal_test|model_selection_validation|new_external_blind
useq02639,1,historical_anchor_quarantine,excluded_opened_external_exact_or_direct,300,20560902,internal_test|model_selection_validation|new_external_blind
useq02640,1,historical_anchor_quarantine,excluded_opened_external_exact_or_direct,300,20560902,internal_test|model_selection_validation|new_external_blind
useq02642,1,historical_anchor_quarantine,excluded_opened_external_exact_or_direct,300,20560902,internal_test|model_selection_validation|new_external_blind
useq02645,1,historical_anchor_quarantine,excluded_opened_external_exact_or_direct,300,20560902,internal_test|model_selection_validation|new_external_blind
useq02647,1,historical_anchor_quarantine,excluded_opened_external_exact_or_direct,300,20560902,internal_test|model_selection_validation|new_external_blind
useq02649,1,historical_anchor_quarantine,excluded_opened_external_exact_or_direct,300,20560902,internal_test|model_selection_validation|new_external_blind
useq02650,2,historical_anchor_quarantine,excluded_opened_external_exact_or_direct,300,20560902,internal_test|model_selection_validation|new_external_blind
useq02656,1,historical_anchor_quarantine,excluded_opened_external_exact_or_direct,300,20560902,internal_test|model_selection_validation|new_external_blind
useq02658,1,historical_anchor_quarantine,excluded_opened_external_exact_or_direct,300,20560902,internal_test|model_selection_validation|new_external_blind
useq02659,1,historical_anchor_quarantine,excluded_opened_external_exact_or_direct,300,20560902,internal_test|model_selection_validation|new_external_blind
useq02660,1,historical_anchor_quarantine,excluded_opened_external_exact_or_direct,300,20560902,internal_test|model_selection_validation|new_external_blind
useq02661,1,historical_anchor_quarantine,excluded_opened_external_exact_or_direct,300,20560902,internal_test|model_selection_validation|new_external_blind
useq02662,1,historical_anchor_quarantine,excluded_opened_external_exact_or_direct,300,20560902,internal_test|model_selection_validation|new_external_blind
useq02664,1,historical_anchor_quarantine,excluded_opened_external_exact_or_direct,300,20560902,internal_test|model_selection_validation|new_external_blind
useq02667,1,historical_anchor_quarantine,excluded_opened_external_exact_or_direct,300,20560902,internal_test|model_selection_validation|new_external_blind
useq02669,1,historical_anchor_quarantine,excluded_opened_external_exact_or_direct,300,20560902,internal_test|model_selection_validation|new_external_blind
useq02672,1,historical_anchor_quarantine,excluded_opened_external_exact_or_direct,300,20560902,internal_test|model_selection_validation|new_external_blind
useq02674,1,historical_anchor_quarantine,excluded_opened_external_exact_or_direct,300,20560902,internal_test|model_selection_validation|new_external_blind
useq02675,1,historical_anchor_quarantine,excluded_opened_external_exact_or_direct,300,20560902,internal_test|model_selection_validation|new_external_blind
useq02677,1,historical_anchor_quarantine,excluded_opened_external_exact_or_direct,300,20560902,internal_test|model_selection_validation|new_external_blind
useq02678,1,historical_anchor_quarantine,excluded_opened_external_exact_or_direct,300,20560902,internal_test|model_selection_validation|new_external_blind
useq02680,1,historical_anchor_quarantine,excluded_opened_external_exact_or_direct,300,20560902,internal_test|model_selection_validation|new_external_blind
useq02681,1,historical_anchor_quarantine,excluded_opened_external_exact_or_direct,300,20560902,internal_test|model_selection_validation|new_external_blind
useq02683,1,historical_anchor_quarantine,excluded_opened_external_exact_or_direct,300,20560902,internal_test|model_selection_validation|new_external_blind
useq02685,1,historical_anchor_quarantine,excluded_opened_external_exact_or_direct,300,20560902,internal_test|model_selection_validation|new_external_blind
useq02687,1,historical_anchor_quarantine,excluded_opened_external_exact_or_direct,300,20560902,internal_test|model_selection_validation|new_external_blind
useq02689,1,historical_anchor_quarantine,excluded_opened_external_exact_or_direct,300,20560902,internal_test|model_selection_validation|new_external_blind
useq02691,1,historical_anchor_quarantine,excluded_opened_external_exact_or_direct,300,20560902,internal_test|model_selection_validation|new_external_blind
useq02693,1,historical_anchor_quarantine,excluded_opened_external_exact_or_direct,300,20560902,internal_test|model_selection_validation|new_external_blind
useq02695,1,historical_anchor_quarantine,excluded_opened_external_exact_or_direct,300,20560902,internal_test|model_selection_validation|new_external_blind
useq02697,1,historical_anchor_quarantine,excluded_opened_external_exact_or_direct,300,20560902,internal_test|model_selection_validation|new_external_blind
useq02698,1,historical_anchor_quarantine,excluded_opened_external_exact_or_direct,300,20560902,internal_test|model_selection_validation|new_external_blind
useq02699,1,historical_anchor_quarantine,excluded_opened_external_exact_or_direct,300,20560902,internal_test|model_selection_validation|new_external_blind
useq02700,1,historical_anchor_quarantine,excluded_opened_external_exact_or_direct,300,20560902,internal_test|model_selection_validation|new_external_blind
useq02701,1,historical_anchor_quarantine,excluded_opened_external_exact_or_direct,300,20560902,internal_test|model_selection_validation|new_external_blind
useq02702,1,historical_anchor_quarantine,excluded_opened_external_exact_or_direct,300,20560902,internal_test|model_selection_validation|new_external_blind
useq02703,1,historical_anchor_quarantine,excluded_opened_external_exact_or_direct,300,20560902,internal_test|model_selection_validation|new_external_blind
useq02706,1,historical_anchor_quarantine,excluded_opened_external_exact_or_direct,300,20560902,internal_test|model_selection_validation|new_external_blind
useq02710,1,historical_anchor_quarantine,excluded_opened_external_exact_or_direct,300,20560902,internal_test|model_selection_validation|new_external_blind
useq02711,2,historical_anchor_quarantine,excluded_opened_external_exact_or_direct,300,20560902,internal_test|model_selection_validation|new_external_blind
useq02713,1,historical_anchor_quarantine,excluded_opened_external_exact_or_direct,300,20560902,internal_test|model_selection_validation|new_external_blind
useq02715,1,historical_anchor_quarantine,excluded_opened_external_exact_or_direct,300,20560902,internal_test|model_selection_validation|new_external_blind
useq02716,1,historical_anchor_quarantine,excluded_opened_external_exact_or_direct,300,20560902,internal_test|model_selection_validation|new_external_blind
useq02720,1,historical_anchor_quarantine,excluded_opened_external_exact_or_direct,300,20560902,internal_test|model_selection_validation|new_external_blind
useq02721,1,historical_anchor_quarantine,excluded_opened_external_exact_or_direct,300,20560902,internal_test|model_selection_validation|new_external_blind
useq02723,1,historical_anchor_quarantine,excluded_opened_external_exact_or_direct,300,20560902,internal_test|model_selection_validation|new_external_blind
useq02726,1,historical_anchor_quarantine,excluded_opened_external_exact_or_direct,300,20560902,internal_test|model_selection_validation|new_external_blind
useq02727,1,historical_anchor_quarantine,excluded_opened_external_exact_or_direct,300,20560902,internal_test|model_selection_validation|new_external_blind
useq02728,1,historical_anchor_quarantine,excluded_opened_external_exact_or_direct,300,20560902,internal_test|model_selection_validation|new_external_blind
useq02729,1,historical_anchor_quarantine,excluded_opened_external_exact_or_direct,300,20560902,internal_test|model_selection_validation|new_external_blind
useq02730,1,historical_anchor_quarantine,excluded_opened_external_exact_or_direct,300,20560902,internal_test|model_selection_validation|new_external_blind
useq02731,2,historical_anchor_quarantine,excluded_opened_external_exact_or_direct,300,20560902,internal_test|model_selection_validation|new_external_blind
useq02732,1,historical_anchor_quarantine,excluded_opened_external_exact_or_direct,300,20560902,internal_test|model_selection_validation|new_external_blind
useq02734,1,historical_anchor_quarantine,excluded_opened_external_exact_or_direct,300,20560902,internal_test|model_selection_validation|new_external_blind
useq02736,1,historical_anchor_quarantine,excluded_opened_external_exact_or_direct,300,20560902,internal_test|model_selection_validation|new_external_blind
useq02741,1,historical_anchor_quarantine,excluded_opened_external_exact_or_direct,300,20560902,internal_test|model_selection_validation|new_external_blind
useq02742,1,historical_anchor_quarantine,excluded_opened_external_exact_or_direct,300,20560902,internal_test|model_selection_validation|new_external_blind
useq02743,1,historical_anchor_quarantine,excluded_opened_external_exact_or_direct,300,20560902,internal_test|model_selection_validation|new_external_blind
useq02744,1,historical_anchor_quarantine,excluded_opened_external_exact_or_direct,300,20560902,internal_test|model_selection_validation|new_external_blind
useq02745,1,historical_anchor_quarantine,excluded_opened_external_exact_or_direct,300,20560902,internal_test|model_selection_validation|new_external_blind
useq02748,1,historical_anchor_quarantine,excluded_opened_external_exact_or_direct,300,20560902,internal_test|model_selection_validation|new_external_blind
useq02751,1,historical_anchor_quarantine,excluded_opened_external_exact_or_direct,300,20560902,internal_test|model_selection_validation|new_external_blind
useq02752,1,historical_anchor_quarantine,excluded_opened_external_exact_or_direct,300,20560902,internal_test|model_selection_validation|new_external_blind
useq02753,1,historical_anchor_quarantine,excluded_opened_external_exact_or_direct,300,20560902,internal_test|model_selection_validation|new_external_blind
useq02755,2,historical_anchor_quarantine,excluded_opened_external_exact_or_direct,300,20560902,internal_test|model_selection_validation|new_external_blind
useq02756,1,historical_anchor_quarantine,excluded_opened_external_exact_or_direct,300,20560902,internal_test|model_selection_validation|new_external_blind
useq02757,1,historical_anchor_quarantine,excluded_opened_external_exact_or_direct,300,20560902,internal_test|model_selection_validation|new_external_blind
useq02759,1,historical_anchor_quarantine,excluded_opened_external_exact_or_direct,300,20560902,internal_test|model_selection_validation|new_external_blind
useq02760,1,historical_anchor_quarantine,excluded_opened_external_exact_or_direct,300,20560902,internal_test|model_selection_validation|new_external_blind
useq02761,1,historical_anchor_quarantine,excluded_opened_external_exact_or_direct,300,20560902,internal_test|model_selection_validation|new_external_blind
useq02762,1,historical_anchor_quarantine,excluded_opened_external_exact_or_direct,300,20560902,internal_test|model_selection_validation|new_external_blind
useq02763,1,historical_anchor_quarantine,excluded_opened_external_exact_or_direct,300,20560902,internal_test|model_selection_validation|new_external_blind
useq02765,1,historical_anchor_quarantine,excluded_opened_external_exact_or_direct,300,20560902,internal_test|model_selection_validation|new_external_blind
useq02767,1,historical_anchor_quarantine,excluded_opened_external_exact_or_direct,300,20560902,internal_test|model_selection_validation|new_external_blind
useq02769,1,historical_anchor_quarantine,excluded_opened_external_exact_or_direct,300,20560902,internal_test|model_selection_validation|new_external_blind
useq02770,1,historical_anchor_quarantine,excluded_opened_external_exact_or_direct,300,20560902,internal_test|model_selection_validation|new_external_blind
useq02772,1,historical_anchor_quarantine,excluded_opened_external_exact_or_direct,300,20560902,internal_test|model_selection_validation|new_external_blind
useq02773,1,historical_anchor_quarantine,excluded_opened_external_exact_or_direct,300,20560902,internal_test|model_selection_validation|new_external_blind
useq02775,1,historical_anchor_quarantine,excluded_opened_external_exact_or_direct,300,20560902,internal_test|model_selection_validation|new_external_blind
useq02777,1,historical_anchor_quarantine,excluded_opened_external_exact_or_direct,300,20560902,internal_test|model_selection_validation|new_external_blind
useq02779,1,historical_anchor_quarantine,excluded_opened_external_exact_or_direct,300,20560902,internal_test|model_selection_validation|new_external_blind
useq02782,1,historical_anchor_quarantine,excluded_opened_external_exact_or_direct,300,20560902,internal_test|model_selection_validation|new_external_blind
useq02783,1,historical_anchor_quarantine,excluded_opened_external_exact_or_direct,300,20560902,internal_test|model_selection_validation|new_external_blind
useq02786,1,historical_anchor_quarantine,excluded_opened_external_exact_or_direct,300,20560902,internal_test|model_selection_validation|new_external_blind
useq02788,1,historical_anchor_quarantine,excluded_opened_external_exact_or_direct,300,20560902,internal_test|model_selection_validation|new_external_blind
useq02789,1,historical_anchor_quarantine,excluded_opened_external_exact_or_direct,300,20560902,internal_test|model_selection_validation|new_external_blind
useq02791,1,historical_anchor_quarantine,excluded_opened_external_exact_or_direct,300,20560902,internal_test|model_selection_validation|new_external_blind
useq02792,1,historical_anchor_quarantine,excluded_opened_external_exact_or_direct,300,20560902,internal_test|model_selection_validation|new_external_blind
useq02793,1,historical_anchor_quarantine,excluded_opened_external_exact_or_direct,300,20560902,internal_test|model_selection_validation|new_external_blind
useq02795,1,historical_anchor_quarantine,excluded_opened_external_exact_or_direct,300,20560902,internal_test|model_selection_validation|new_external_blind
useq02802,1,historical_anchor_quarantine,excluded_opened_external_exact_or_direct,300,20560902,internal_test|model_selection_validation|new_external_blind
useq02804,1,historical_anchor_quarantine,excluded_opened_external_exact_or_direct,300,20560902,internal_test|model_selection_validation|new_external_blind
useq02806,1,historical_anchor_quarantine,excluded_opened_external_exact_or_direct,300,20560902,internal_test|model_selection_validation|new_external_blind
useq02808,1,historical_anchor_quarantine,excluded_opened_external_exact_or_direct,300,20560902,internal_test|model_selection_validation|new_external_blind
useq02809,1,historical_anchor_quarantine,excluded_opened_external_exact_or_direct,300,20560902,internal_test|model_selection_validation|new_external_blind
useq02812,1,historical_anchor_quarantine,excluded_opened_external_exact_or_direct,300,20560902,internal_test|model_selection_validation|new_external_blind
useq02813,1,historical_anchor_quarantine,excluded_opened_external_exact_or_direct,300,20560902,internal_test|model_selection_validation|new_external_blind
useq02814,1,historical_anchor_quarantine,excluded_opened_external_exact_or_direct,300,20560902,internal_test|model_selection_validation|new_external_blind
useq02815,1,historical_anchor_quarantine,excluded_opened_external_exact_or_direct,300,20560902,internal_test|model_selection_validation|new_external_blind
useq02816,1,historical_anchor_quarantine,excluded_opened_external_exact_or_direct,300,20560902,internal_test|model_selection_validation|new_external_blind
useq02819,1,historical_anchor_quarantine,excluded_opened_external_exact_or_direct,300,20560902,internal_test|model_selection_validation|new_external_blind
useq02821,1,historical_anchor_quarantine,excluded_opened_external_exact_or_direct,300,20560902,internal_test|model_selection_validation|new_external_blind
useq02824,1,historical_anchor_quarantine,excluded_opened_external_exact_or_direct,300,20560902,internal_test|model_selection_validation|new_external_blind
useq02828,1,historical_anchor_quarantine,excluded_opened_external_exact_or_direct,300,20560902,internal_test|model_selection_validation|new_external_blind
useq02830,1,historical_anchor_quarantine,excluded_opened_external_exact_or_direct,300,20560902,internal_test|model_selection_validation|new_external_blind
useq02831,1,historical_anchor_quarantine,excluded_opened_external_exact_or_direct,300,20560902,internal_test|model_selection_validation|new_external_blind
useq02833,1,historical_anchor_quarantine,excluded_opened_external_exact_or_direct,300,20560902,internal_test|model_selection_validation|new_external_blind
useq02834,1,historical_anchor_quarantine,excluded_opened_external_exact_or_direct,300,20560902,internal_test|model_selection_validation|new_external_blind
useq02838,1,historical_anchor_quarantine,excluded_opened_external_exact_or_direct,300,20560902,internal_test|model_selection_validation|new_external_blind
useq02839,1,historical_anchor_quarantine,excluded_opened_external_exact_or_direct,300,20560902,internal_test|model_selection_validation|new_external_blind
useq02841,1,historical_anchor_quarantine,excluded_opened_external_exact_or_direct,300,20560902,internal_test|model_selection_validation|new_external_blind
useq02845,1,historical_anchor_quarantine,excluded_opened_external_exact_or_direct,300,20560902,internal_test|model_selection_validation|new_external_blind
useq02846,1,historical_anchor_quarantine,excluded_opened_external_exact_or_direct,300,20560902,internal_test|model_selection_validation|new_external_blind
useq02847,1,historical_anchor_quarantine,excluded_opened_external_exact_or_direct,300,20560902,internal_test|model_selection_validation|new_external_blind
useq02851,1,historical_anchor_quarantine,excluded_opened_external_exact_or_direct,300,20560902,internal_test|model_selection_validation|new_external_blind
useq02852,1,historical_anchor_quarantine,excluded_opened_external_exact_or_direct,300,20560902,internal_test|model_selection_validation|new_external_blind
useq02858,1,historical_anchor_quarantine,excluded_opened_external_exact_or_direct,300,20560902,internal_test|model_selection_validation|new_external_blind
useq02860,1,historical_anchor_quarantine,excluded_opened_external_exact_or_direct,300,20560902,internal_test|model_selection_validation|new_external_blind
useq02862,1,historical_anchor_quarantine,excluded_opened_external_exact_or_direct,300,20560902,internal_test|model_selection_validation|new_external_blind
useq02864,1,historical_anchor_quarantine,excluded_opened_external_exact_or_direct,300,20560902,internal_test|model_selection_validation|new_external_blind
useq02865,1,historical_anchor_quarantine,excluded_opened_external_exact_or_direct,300,20560902,internal_test|model_selection_validation|new_external_blind
useq02866,1,historical_anchor_quarantine,excluded_opened_external_exact_or_direct,300,20560902,internal_test|model_selection_validation|new_external_blind
useq02877,1,historical_anchor_quarantine,excluded_opened_external_exact_or_direct,300,20560902,internal_test|model_selection_validation|new_external_blind
useq02879,1,historical_anchor_quarantine,excluded_opened_external_exact_or_direct,300,20560902,internal_test|model_selection_validation|new_external_blind
useq02880,2,historical_anchor_quarantine,excluded_opened_external_exact_or_direct,300,20560902,internal_test|model_selection_validation|new_external_blind
useq02881,1,historical_anchor_quarantine,excluded_opened_external_exact_or_direct,300,20560902,internal_test|model_selection_validation|new_external_blind
useq02883,1,historical_anchor_quarantine,excluded_opened_external_exact_or_direct,300,20560902,internal_test|model_selection_validation|new_external_blind
useq02886,2,historical_anchor_quarantine,excluded_opened_external_exact_or_direct,300,20560902,internal_test|model_selection_validation|new_external_blind
useq02887,1,historical_anchor_quarantine,excluded_opened_external_exact_or_direct,300,20560902,internal_test|model_selection_validation|new_external_blind
useq02888,1,historical_anchor_quarantine,excluded_opened_external_exact_or_direct,300,20560902,internal_test|model_selection_validation|new_external_blind
useq02889,1,historical_anchor_quarantine,excluded_opened_external_exact_or_direct,300,20560902,internal_test|model_selection_validation|new_external_blind
useq02890,1,historical_anchor_quarantine,excluded_opened_external_exact_or_direct,300,20560902,internal_test|model_selection_validation|new_external_blind
useq02891,4,historical_anchor_quarantine,excluded_opened_external_exact_or_direct,300,20560902,internal_test|model_selection_validation|new_external_blind
useq02892,1,historical_anchor_quarantine,excluded_opened_external_exact_or_direct,300,20560902,internal_test|model_selection_validation|new_external_blind
useq02895,1,historical_anchor_quarantine,excluded_opened_external_exact_or_direct,300,20560902,internal_test|model_selection_validation|new_external_blind
useq02898,1,historical_anchor_quarantine,excluded_opened_external_exact_or_direct,300,20560902,internal_test|model_selection_validation|new_external_blind
useq02901,1,historical_anchor_quarantine,excluded_opened_external_exact_or_direct,300,20560902,internal_test|model_selection_validation|new_external_blind
useq02904,1,historical_anchor_quarantine,excluded_opened_external_exact_or_direct,300,20560902,internal_test|model_selection_validation|new_external_blind
useq02906,1,historical_anchor_quarantine,excluded_opened_external_exact_or_direct,300,20560902,internal_test|model_selection_validation|new_external_blind
useq02907,1,historical_anchor_quarantine,excluded_opened_external_exact_or_direct,300,20560902,internal_test|model_selection_validation|new_external_blind
useq02908,1,historical_anchor_quarantine,excluded_opened_external_exact_or_direct,300,20560902,internal_test|model_selection_validation|new_external_blind
useq02910,2,historical_anchor_quarantine,excluded_opened_external_exact_or_direct,300,20560902,internal_test|model_selection_validation|new_external_blind
useq02912,1,historical_anchor_quarantine,excluded_opened_external_exact_or_direct,300,20560902,internal_test|model_selection_validation|new_external_blind
useq02913,2,historical_anchor_quarantine,excluded_opened_external_exact_or_direct,300,20560902,internal_test|model_selection_validation|new_external_blind
useq02916,1,historical_anchor_quarantine,excluded_opened_external_exact_or_direct,300,20560902,internal_test|model_selection_validation|new_external_blind
useq02917,1,historical_anchor_quarantine,excluded_opened_external_exact_or_direct,300,20560902,internal_test|model_selection_validation|new_external_blind
useq02918,1,historical_anchor_quarantine,excluded_opened_external_exact_or_direct,300,20560902,internal_test|model_selection_validation|new_external_blind
useq02920,1,historical_anchor_quarantine,excluded_opened_external_exact_or_direct,300,20560902,internal_test|model_selection_validation|new_external_blind
useq02921,1,historical_anchor_quarantine,excluded_opened_external_exact_or_direct,300,20560902,internal_test|model_selection_validation|new_external_blind
useq02922,1,historical_anchor_quarantine,excluded_opened_external_exact_or_direct,300,20560902,internal_test|model_selection_validation|new_external_blind
useq02924,1,historical_anchor_quarantine,excluded_opened_external_exact_or_direct,300,20560902,internal_test|model_selection_validation|new_external_blind
useq02929,1,historical_anchor_quarantine,excluded_opened_external_exact_or_direct,300,20560902,internal_test|model_selection_validation|new_external_blind
useq02930,1,historical_anchor_quarantine,excluded_opened_external_exact_or_direct,300,20560902,internal_test|model_selection_validation|new_external_blind
useq02932,1,historical_anchor_quarantine,excluded_opened_external_exact_or_direct,300,20560902,internal_test|model_selection_validation|new_external_blind
useq02933,1,historical_anchor_quarantine,excluded_opened_external_exact_or_direct,300,20560902,internal_test|model_selection_validation|new_external_blind
useq02936,1,historical_anchor_quarantine,excluded_opened_external_exact_or_direct,300,20560902,internal_test|model_selection_validation|new_external_blind
useq02938,1,historical_anchor_quarantine,excluded_opened_external_exact_or_direct,300,20560902,internal_test|model_selection_validation|new_external_blind
useq02941,1,historical_anchor_quarantine,excluded_opened_external_exact_or_direct,300,20560902,internal_test|model_selection_validation|new_external_blind
useq02942,1,historical_anchor_quarantine,excluded_opened_external_exact_or_direct,300,20560902,internal_test|model_selection_validation|new_external_blind
useq02943,1,historical_anchor_quarantine,excluded_opened_external_exact_or_direct,300,20560902,internal_test|model_selection_validation|new_external_blind
useq02946,1,historical_anchor_quarantine,excluded_opened_external_exact_or_direct,300,20560902,internal_test|model_selection_validation|new_external_blind
useq02947,1,historical_anchor_quarantine,excluded_opened_external_exact_or_direct,300,20560902,internal_test|model_selection_validation|new_external_blind
useq02948,1,historical_anchor_quarantine,excluded_opened_external_exact_or_direct,300,20560902,internal_test|model_selection_validation|new_external_blind
useq02949,1,historical_anchor_quarantine,excluded_opened_external_exact_or_direct,300,20560902,internal_test|model_selection_validation|new_external_blind
useq02950,1,historical_anchor_quarantine,excluded_opened_external_exact_or_direct,300,20560902,internal_test|model_selection_validation|new_external_blind
useq02951,1,historical_anchor_quarantine,excluded_opened_external_exact_or_direct,300,20560902,internal_test|model_selection_validation|new_external_blind
useq02953,1,historical_anchor_quarantine,excluded_opened_external_exact_or_direct,300,20560902,internal_test|model_selection_validation|new_external_blind
useq02958,1,historical_anchor_quarantine,excluded_opened_external_exact_or_direct,300,20560902,internal_test|model_selection_validation|new_external_blind
useq02960,1,historical_anchor_quarantine,excluded_opened_external_exact_or_direct,300,20560902,internal_test|model_selection_validation|new_external_blind
useq02963,1,historical_anchor_quarantine,excluded_opened_external_exact_or_direct,300,20560902,internal_test|model_selection_validation|new_external_blind
useq02968,1,historical_anchor_quarantine,excluded_opened_external_exact_or_direct,300,20560902,internal_test|model_selection_validation|new_external_blind
useq02969,1,historical_anchor_quarantine,excluded_opened_external_exact_or_direct,300,20560902,internal_test|model_selection_validation|new_external_blind
useq02970,1,historical_anchor_quarantine,excluded_opened_external_exact_or_direct,300,20560902,internal_test|model_selection_validation|new_external_blind
useq02973,1,historical_anchor_quarantine,excluded_opened_external_exact_or_direct,300,20560902,internal_test|model_selection_validation|new_external_blind
useq02976,1,historical_anchor_quarantine,excluded_opened_external_exact_or_direct,300,20560902,internal_test|model_selection_validation|new_external_blind
useq02977,1,historical_anchor_quarantine,excluded_opened_external_exact_or_direct,300,20560902,internal_test|model_selection_validation|new_external_blind
useq02980,1,historical_anchor_quarantine,excluded_opened_external_exact_or_direct,300,20560902,internal_test|model_selection_validation|new_external_blind
useq02981,1,historical_anchor_quarantine,excluded_opened_external_exact_or_direct,300,20560902,internal_test|model_selection_validation|new_external_blind
useq02984,2,historical_anchor_quarantine,excluded_opened_external_exact_or_direct,300,20560902,internal_test|model_selection_validation|new_external_blind
useq02986,1,historical_anchor_quarantine,excluded_opened_external_exact_or_direct,300,20560902,internal_test|model_selection_validation|new_external_blind
useq02987,1,historical_anchor_quarantine,excluded_opened_external_exact_or_direct,300,20560902,internal_test|model_selection_validation|new_external_blind
useq02989,1,historical_anchor_quarantine,excluded_opened_external_exact_or_direct,300,20560902,internal_test|model_selection_validation|new_external_blind
useq02995,1,historical_anchor_quarantine,excluded_opened_external_exact_or_direct,300,20560902,internal_test|model_selection_validation|new_external_blind
useq02997,1,historical_anchor_quarantine,excluded_opened_external_exact_or_direct,300,20560902,internal_test|model_selection_validation|new_external_blind
useq02998,1,historical_anchor_quarantine,excluded_opened_external_exact_or_direct,300,20560902,internal_test|model_selection_validation|new_external_blind
useq02999,1,historical_anchor_quarantine,excluded_opened_external_exact_or_direct,300,20560902,internal_test|model_selection_validation|new_external_blind
useq03000,1,historical_anchor_quarantine,excluded_opened_external_exact_or_direct,300,20560902,internal_test|model_selection_validation|new_external_blind
useq03001,1,historical_anchor_quarantine,excluded_opened_external_exact_or_direct,300,20560902,internal_test|model_selection_validation|new_external_blind
useq03006,1,historical_anchor_quarantine,excluded_opened_external_exact_or_direct,300,20560902,internal_test|model_selection_validation|new_external_blind
useq03007,1,historical_anchor_quarantine,excluded_opened_external_exact_or_direct,300,20560902,internal_test|model_selection_validation|new_external_blind
useq03008,1,historical_anchor_quarantine,excluded_opened_external_exact_or_direct,300,20560902,internal_test|model_selection_validation|new_external_blind
useq03010,1,historical_anchor_quarantine,excluded_opened_external_exact_or_direct,300,20560902,internal_test|model_selection_validation|new_external_blind
useq03011,1,historical_anchor_quarantine,excluded_opened_external_exact_or_direct,300,20560902,internal_test|model_selection_validation|new_external_blind
useq03013,1,historical_anchor_quarantine,excluded_opened_external_exact_or_direct,300,20560902,internal_test|model_selection_validation|new_external_blind
useq03014,1,historical_anchor_quarantine,excluded_opened_external_exact_or_direct,300,20560902,internal_test|model_selection_validation|new_external_blind
useq03016,1,historical_anchor_quarantine,excluded_opened_external_exact_or_direct,300,20560902,internal_test|model_selection_validation|new_external_blind
useq03022,1,historical_anchor_quarantine,excluded_opened_external_exact_or_direct,300,20560902,internal_test|model_selection_validation|new_external_blind
useq03023,1,historical_anchor_quarantine,excluded_opened_external_exact_or_direct,300,20560902,internal_test|model_selection_validation|new_external_blind
useq03024,1,historical_anchor_quarantine,excluded_opened_external_exact_or_direct,300,20560902,internal_test|model_selection_validation|new_external_blind
useq03025,2,historical_anchor_quarantine,excluded_opened_external_exact_or_direct,300,20560902,internal_test|model_selection_validation|new_external_blind
useq03030,1,historical_anchor_quarantine,excluded_opened_external_exact_or_direct,300,20560902,internal_test|model_selection_validation|new_external_blind
useq03031,1,historical_anchor_quarantine,excluded_opened_external_exact_or_direct,300,20560902,internal_test|model_selection_validation|new_external_blind
useq03032,1,historical_anchor_quarantine,excluded_opened_external_exact_or_direct,300,20560902,internal_test|model_selection_validation|new_external_blind
useq03038,1,historical_anchor_quarantine,excluded_opened_external_exact_or_direct,300,20560902,internal_test|model_selection_validation|new_external_blind
useq03040,1,historical_anchor_quarantine,excluded_opened_external_exact_or_direct,300,20560902,internal_test|model_selection_validation|new_external_blind
useq03043,1,historical_anchor_quarantine,excluded_opened_external_exact_or_direct,300,20560902,internal_test|model_selection_validation|new_external_blind
useq03044,2,historical_anchor_quarantine,excluded_opened_external_exact_or_direct,300,20560902,internal_test|model_selection_validation|new_external_blind
useq03047,2,historical_anchor_quarantine,excluded_opened_external_exact_or_direct,300,20560902,internal_test|model_selection_validation|new_external_blind
useq03048,1,historical_anchor_quarantine,excluded_opened_external_exact_or_direct,300,20560902,internal_test|model_selection_validation|new_external_blind
useq03049,1,historical_anchor_quarantine,excluded_opened_external_exact_or_direct,300,20560902,internal_test|model_selection_validation|new_external_blind
useq03051,1,historical_anchor_quarantine,excluded_opened_external_exact_or_direct,300,20560902,internal_test|model_selection_validation|new_external_blind
useq03052,1,historical_anchor_quarantine,excluded_opened_external_exact_or_direct,300,20560902,internal_test|model_selection_validation|new_external_blind
useq03054,1,historical_anchor_quarantine,excluded_opened_external_exact_or_direct,300,20560902,internal_test|model_selection_validation|new_external_blind
useq03056,1,historical_anchor_quarantine,excluded_opened_external_exact_or_direct,300,20560902,internal_test|model_selection_validation|new_external_blind
useq03057,1,historical_anchor_quarantine,excluded_opened_external_exact_or_direct,300,20560902,internal_test|model_selection_validation|new_external_blind
useq03058,1,historical_anchor_quarantine,excluded_opened_external_exact_or_direct,300,20560902,internal_test|model_selection_validation|new_external_blind
useq03059,1,historical_anchor_quarantine,excluded_opened_external_exact_or_direct,300,20560902,internal_test|model_selection_validation|new_external_blind
useq03060,1,historical_anchor_quarantine,excluded_opened_external_exact_or_direct,300,20560902,internal_test|model_selection_validation|new_external_blind
useq03061,1,historical_anchor_quarantine,excluded_opened_external_exact_or_direct,300,20560902,internal_test|model_selection_validation|new_external_blind
useq03064,1,historical_anchor_quarantine,excluded_opened_external_exact_or_direct,300,20560902,internal_test|model_selection_validation|new_external_blind
useq03068,1,historical_anchor_quarantine,excluded_opened_external_exact_or_direct,300,20560902,internal_test|model_selection_validation|new_external_blind
useq03070,1,historical_anchor_quarantine,excluded_opened_external_exact_or_direct,300,20560902,internal_test|model_selection_validation|new_external_blind
useq03074,1,historical_anchor_quarantine,excluded_opened_external_exact_or_direct,300,20560902,internal_test|model_selection_validation|new_external_blind
useq03076,1,historical_anchor_quarantine,excluded_opened_external_exact_or_direct,300,20560902,internal_test|model_selection_validation|new_external_blind
useq03077,1,historical_anchor_quarantine,excluded_opened_external_exact_or_direct,300,20560902,internal_test|model_selection_validation|new_external_blind
useq03079,1,historical_anchor_quarantine,excluded_opened_external_exact_or_direct,300,20560902,internal_test|model_selection_validation|new_external_blind
useq03081,1,historical_anchor_quarantine,excluded_opened_external_exact_or_direct,300,20560902,internal_test|model_selection_validation|new_external_blind
useq03085,1,historical_anchor_quarantine,excluded_opened_external_exact_or_direct,300,20560902,internal_test|model_selection_validation|new_external_blind
useq03086,1,historical_anchor_quarantine,excluded_opened_external_exact_or_direct,300,20560902,internal_test|model_selection_validation|new_external_blind
useq03087,1,historical_anchor_quarantine,excluded_opened_external_exact_or_direct,300,20560902,internal_test|model_selection_validation|new_external_blind
useq03089,1,historical_anchor_quarantine,excluded_opened_external_exact_or_direct,300,20560902,internal_test|model_selection_validation|new_external_blind
useq03091,1,historical_anchor_quarantine,excluded_opened_external_exact_or_direct,300,20560902,internal_test|model_selection_validation|new_external_blind
useq03094,1,historical_anchor_quarantine,excluded_opened_external_exact_or_direct,300,20560902,internal_test|model_selection_validation|new_external_blind
useq03095,1,historical_anchor_quarantine,excluded_opened_external_exact_or_direct,300,20560902,internal_test|model_selection_validation|new_external_blind
useq03096,1,historical_anchor_quarantine,excluded_opened_external_exact_or_direct,300,20560902,internal_test|model_selection_validation|new_external_blind
useq03099,1,historical_anchor_quarantine,excluded_opened_external_exact_or_direct,300,20560902,internal_test|model_selection_validation|new_external_blind
useq03102,1,historical_anchor_quarantine,excluded_opened_external_exact_or_direct,300,20560902,internal_test|model_selection_validation|new_external_blind
useq03103,1,historical_anchor_quarantine,excluded_opened_external_exact_or_direct,300,20560902,internal_test|model_selection_validation|new_external_blind
useq03107,1,historical_anchor_quarantine,excluded_opened_external_exact_or_direct,300,20560902,internal_test|model_selection_validation|new_external_blind
useq03108,1,historical_anchor_quarantine,excluded_opened_external_exact_or_direct,300,20560902,internal_test|model_selection_validation|new_external_blind
useq03109,1,historical_anchor_quarantine,excluded_opened_external_exact_or_direct,300,20560902,internal_test|model_selection_validation|new_external_blind
useq03110,1,historical_anchor_quarantine,excluded_opened_external_exact_or_direct,300,20560902,internal_test|model_selection_validation|new_external_blind
useq03112,1,historical_anchor_quarantine,excluded_opened_external_exact_or_direct,300,20560902,internal_test|model_selection_validation|new_external_blind
useq03115,1,historical_anchor_quarantine,excluded_opened_external_exact_or_direct,300,20560902,internal_test|model_selection_validation|new_external_blind
useq03117,1,historical_anchor_quarantine,excluded_opened_external_exact_or_direct,300,20560902,internal_test|model_selection_validation|new_external_blind
useq03118,1,historical_anchor_quarantine,excluded_opened_external_exact_or_direct,300,20560902,internal_test|model_selection_validation|new_external_blind
useq03120,1,historical_anchor_quarantine,excluded_opened_external_exact_or_direct,300,20560902,internal_test|model_selection_validation|new_external_blind
useq03121,1,historical_anchor_quarantine,excluded_opened_external_exact_or_direct,300,20560902,internal_test|model_selection_validation|new_external_blind
useq03122,1,historical_anchor_quarantine,excluded_opened_external_exact_or_direct,300,20560902,internal_test|model_selection_validation|new_external_blind
useq03124,1,historical_anchor_quarantine,excluded_opened_external_exact_or_direct,300,20560902,internal_test|model_selection_validation|new_external_blind
useq03126,1,historical_anchor_quarantine,excluded_opened_external_exact_or_direct,300,20560902,internal_test|model_selection_validation|new_external_blind
useq03129,1,historical_anchor_quarantine,excluded_opened_external_exact_or_direct,300,20560902,internal_test|model_selection_validation|new_external_blind
useq03130,1,historical_anchor_quarantine,excluded_opened_external_exact_or_direct,300,20560902,internal_test|model_selection_validation|new_external_blind
useq03136,1,historical_anchor_quarantine,excluded_opened_external_exact_or_direct,300,20560902,internal_test|model_selection_validation|new_external_blind
useq03137,1,historical_anchor_quarantine,excluded_opened_external_exact_or_direct,300,20560902,internal_test|model_selection_validation|new_external_blind
useq03138,1,historical_anchor_quarantine,excluded_opened_external_exact_or_direct,300,20560902,internal_test|model_selection_validation|new_external_blind
useq03139,1,historical_anchor_quarantine,excluded_opened_external_exact_or_direct,300,20560902,internal_test|model_selection_validation|new_external_blind
useq03140,1,historical_anchor_quarantine,excluded_opened_external_exact_or_direct,300,20560902,internal_test|model_selection_validation|new_external_blind
useq03143,1,historical_anchor_quarantine,excluded_opened_external_exact_or_direct,300,20560902,internal_test|model_selection_validation|new_external_blind
useq03145,1,historical_anchor_quarantine,excluded_opened_external_exact_or_direct,300,20560902,internal_test|model_selection_validation|new_external_blind
useq03146,1,historical_anchor_quarantine,excluded_opened_external_exact_or_direct,300,20560902,internal_test|model_selection_validation|new_external_blind
useq03149,1,historical_anchor_quarantine,excluded_opened_external_exact_or_direct,300,20560902,internal_test|model_selection_validation|new_external_blind
useq03150,1,historical_anchor_quarantine,excluded_opened_external_exact_or_direct,300,20560902,internal_test|model_selection_validation|new_external_blind
useq03153,1,historical_anchor_quarantine,excluded_opened_external_exact_or_direct,300,20560902,internal_test|model_selection_validation|new_external_blind
useq03155,1,historical_anchor_quarantine,excluded_opened_external_exact_or_direct,300,20560902,internal_test|model_selection_validation|new_external_blind
useq03159,2,historical_anchor_quarantine,excluded_opened_external_exact_or_direct,300,20560902,internal_test|model_selection_validation|new_external_blind
useq03163,1,historical_anchor_quarantine,excluded_opened_external_exact_or_direct,300,20560902,internal_test|model_selection_validation|new_external_blind
useq03164,1,historical_anchor_quarantine,excluded_opened_external_exact_or_direct,300,20560902,internal_test|model_selection_validation|new_external_blind
useq03170,1,historical_anchor_quarantine,excluded_opened_external_exact_or_direct,300,20560902,internal_test|model_selection_validation|new_external_blind
useq03171,1,historical_anchor_quarantine,excluded_opened_external_exact_or_direct,300,20560902,internal_test|model_selection_validation|new_external_blind
useq03172,1,historical_anchor_quarantine,excluded_opened_external_exact_or_direct,300,20560902,internal_test|model_selection_validation|new_external_blind
useq03174,1,historical_anchor_quarantine,excluded_opened_external_exact_or_direct,300,20560902,internal_test|model_selection_validation|new_external_blind
useq03175,1,historical_anchor_quarantine,excluded_opened_external_exact_or_direct,300,20560902,internal_test|model_selection_validation|new_external_blind
useq03177,1,historical_anchor_quarantine,excluded_opened_external_exact_or_direct,300,20560902,internal_test|model_selection_validation|new_external_blind
useq03178,1,historical_anchor_quarantine,excluded_opened_external_exact_or_direct,300,20560902,internal_test|model_selection_validation|new_external_blind
useq03180,2,historical_anchor_quarantine,excluded_opened_external_exact_or_direct,300,20560902,internal_test|model_selection_validation|new_external_blind
useq03181,1,historical_anchor_quarantine,excluded_opened_external_exact_or_direct,300,20560902,internal_test|model_selection_validation|new_external_blind
useq03182,1,historical_anchor_quarantine,excluded_opened_external_exact_or_direct,300,20560902,internal_test|model_selection_validation|new_external_blind
useq03183,2,historical_anchor_quarantine,excluded_opened_external_exact_or_direct,300,20560902,internal_test|model_selection_validation|new_external_blind
useq03184,1,historical_anchor_quarantine,excluded_opened_external_exact_or_direct,300,20560902,internal_test|model_selection_validation|new_external_blind
useq03185,1,historical_anchor_quarantine,excluded_opened_external_exact_or_direct,300,20560902,internal_test|model_selection_validation|new_external_blind
useq03187,1,historical_anchor_quarantine,excluded_opened_external_exact_or_direct,300,20560902,internal_test|model_selection_validation|new_external_blind
useq03188,1,historical_anchor_quarantine,excluded_opened_external_exact_or_direct,300,20560902,internal_test|model_selection_validation|new_external_blind
useq03189,1,historical_anchor_quarantine,excluded_opened_external_exact_or_direct,300,20560902,internal_test|model_selection_validation|new_external_blind
useq03190,1,historical_anchor_quarantine,excluded_opened_external_exact_or_direct,300,20560902,internal_test|model_selection_validation|new_external_blind
useq03191,1,historical_anchor_quarantine,excluded_opened_external_exact_or_direct,300,20560902,internal_test|model_selection_validation|new_external_blind
useq03192,1,historical_anchor_quarantine,excluded_opened_external_exact_or_direct,300,20560902,internal_test|model_selection_validation|new_external_blind
useq03194,1,historical_anchor_quarantine,excluded_opened_external_exact_or_direct,300,20560902,internal_test|model_selection_validation|new_external_blind
useq03195,1,historical_anchor_quarantine,excluded_opened_external_exact_or_direct,300,20560902,internal_test|model_selection_validation|new_external_blind
useq03197,1,historical_anchor_quarantine,excluded_opened_external_exact_or_direct,300,20560902,internal_test|model_selection_validation|new_external_blind
useq03199,1,historical_anchor_quarantine,excluded_opened_external_exact_or_direct,300,20560902,internal_test|model_selection_validation|new_external_blind
useq03200,1,historical_anchor_quarantine,excluded_opened_external_exact_or_direct,300,20560902,internal_test|model_selection_validation|new_external_blind
useq03202,1,historical_anchor_quarantine,excluded_opened_external_exact_or_direct,300,20560902,internal_test|model_selection_validation|new_external_blind
useq03204,1,historical_anchor_quarantine,excluded_opened_external_exact_or_direct,300,20560902,internal_test|model_selection_validation|new_external_blind
useq03205,1,historical_anchor_quarantine,excluded_opened_external_exact_or_direct,300,20560902,internal_test|model_selection_validation|new_external_blind
useq03206,1,historical_anchor_quarantine,excluded_opened_external_exact_or_direct,300,20560902,internal_test|model_selection_validation|new_external_blind
useq03211,1,historical_anchor_quarantine,excluded_opened_external_exact_or_direct,300,20560902,internal_test|model_selection_validation|new_external_blind
useq03212,1,historical_anchor_quarantine,excluded_opened_external_exact_or_direct,300,20560902,internal_test|model_selection_validation|new_external_blind
useq03216,1,historical_anchor_quarantine,excluded_opened_external_exact_or_direct,300,20560902,internal_test|model_selection_validation|new_external_blind
useq03217,1,historical_anchor_quarantine,excluded_opened_external_exact_or_direct,300,20560902,internal_test|model_selection_validation|new_external_blind
useq03218,1,historical_anchor_quarantine,excluded_opened_external_exact_or_direct,300,20560902,internal_test|model_selection_validation|new_external_blind
useq03220,1,historical_anchor_quarantine,excluded_opened_external_exact_or_direct,300,20560902,internal_test|model_selection_validation|new_external_blind
useq03221,1,historical_anchor_quarantine,excluded_opened_external_exact_or_direct,300,20560902,internal_test|model_selection_validation|new_external_blind
useq03224,1,historical_anchor_quarantine,excluded_opened_external_exact_or_direct,300,20560902,internal_test|model_selection_validation|new_external_blind
useq03225,1,historical_anchor_quarantine,excluded_opened_external_exact_or_direct,300,20560902,internal_test|model_selection_validation|new_external_blind
useq03227,1,historical_anchor_quarantine,excluded_opened_external_exact_or_direct,300,20560902,internal_test|model_selection_validation|new_external_blind
useq03228,1,historical_anchor_quarantine,excluded_opened_external_exact_or_direct,300,20560902,internal_test|model_selection_validation|new_external_blind
useq03229,1,historical_anchor_quarantine,excluded_opened_external_exact_or_direct,300,20560902,internal_test|model_selection_validation|new_external_blind
useq03230,2,historical_anchor_quarantine,excluded_opened_external_exact_or_direct,300,20560902,internal_test|model_selection_validation|new_external_blind
useq03233,1,historical_anchor_quarantine,excluded_opened_external_exact_or_direct,300,20560902,internal_test|model_selection_validation|new_external_blind
useq03234,1,historical_anchor_quarantine,excluded_opened_external_exact_or_direct,300,20560902,internal_test|model_selection_validation|new_external_blind
useq03236,1,historical_anchor_quarantine,excluded_opened_external_exact_or_direct,300,20560902,internal_test|model_selection_validation|new_external_blind
useq03237,1,historical_anchor_quarantine,excluded_opened_external_exact_or_direct,300,20560902,internal_test|model_selection_validation|new_external_blind
useq03239,1,historical_anchor_quarantine,excluded_opened_external_exact_or_direct,300,20560902,internal_test|model_selection_validation|new_external_blind
useq03240,1,historical_anchor_quarantine,excluded_opened_external_exact_or_direct,300,20560902,internal_test|model_selection_validation|new_external_blind
useq03241,1,historical_anchor_quarantine,excluded_opened_external_exact_or_direct,300,20560902,internal_test|model_selection_validation|new_external_blind
useq03242,1,historical_anchor_quarantine,excluded_opened_external_exact_or_direct,300,20560902,internal_test|model_selection_validation|new_external_blind
useq03243,1,historical_anchor_quarantine,excluded_opened_external_exact_or_direct,300,20560902,internal_test|model_selection_validation|new_external_blind
useq03246,1,historical_anchor_quarantine,excluded_opened_external_exact_or_direct,300,20560902,internal_test|model_selection_validation|new_external_blind
useq03248,1,historical_anchor_quarantine,excluded_opened_external_exact_or_direct,300,20560902,internal_test|model_selection_validation|new_external_blind
useq03249,1,historical_anchor_quarantine,excluded_opened_external_exact_or_direct,300,20560902,internal_test|model_selection_validation|new_external_blind
useq03250,1,historical_anchor_quarantine,excluded_opened_external_exact_or_direct,300,20560902,internal_test|model_selection_validation|new_external_blind
useq03253,2,historical_anchor_quarantine,excluded_opened_external_exact_or_direct,300,20560902,internal_test|model_selection_validation|new_external_blind
useq03255,1,historical_anchor_quarantine,excluded_opened_external_exact_or_direct,300,20560902,internal_test|model_selection_validation|new_external_blind
useq03256,1,historical_anchor_quarantine,excluded_opened_external_exact_or_direct,300,20560902,internal_test|model_selection_validation|new_external_blind
useq03257,1,historical_anchor_quarantine,excluded_opened_external_exact_or_direct,300,20560902,internal_test|model_selection_validation|new_external_blind
useq03260,1,historical_anchor_quarantine,excluded_opened_external_exact_or_direct,300,20560902,internal_test|model_selection_validation|new_external_blind
useq03262,1,historical_anchor_quarantine,excluded_opened_external_exact_or_direct,300,20560902,internal_test|model_selection_validation|new_external_blind
useq03263,1,historical_anchor_quarantine,excluded_opened_external_exact_or_direct,300,20560902,internal_test|model_selection_validation|new_external_blind
useq03264,1,historical_anchor_quarantine,excluded_opened_external_exact_or_direct,300,20560902,internal_test|model_selection_validation|new_external_blind
useq03265,1,historical_anchor_quarantine,excluded_opened_external_exact_or_direct,300,20560902,internal_test|model_selection_validation|new_external_blind
useq03268,1,historical_anchor_quarantine,excluded_opened_external_exact_or_direct,300,20560902,internal_test|model_selection_validation|new_external_blind
useq03269,1,historical_anchor_quarantine,excluded_opened_external_exact_or_direct,300,20560902,internal_test|model_selection_validation|new_external_blind
useq03270,1,historical_anchor_quarantine,excluded_opened_external_exact_or_direct,300,20560902,internal_test|model_selection_validation|new_external_blind
useq03271,2,historical_anchor_quarantine,excluded_opened_external_exact_or_direct,300,20560902,internal_test|model_selection_validation|new_external_blind
useq03272,2,historical_anchor_quarantine,excluded_opened_external_exact_or_direct,300,20560902,internal_test|model_selection_validation|new_external_blind
useq03274,1,historical_anchor_quarantine,excluded_opened_external_exact_or_direct,300,20560902,internal_test|model_selection_validation|new_external_blind
useq03276,1,historical_anchor_quarantine,excluded_opened_external_exact_or_direct,300,20560902,internal_test|model_selection_validation|new_external_blind
useq03278,1,historical_anchor_quarantine,excluded_opened_external_exact_or_direct,300,20560902,internal_test|model_selection_validation|new_external_blind
useq03279,1,historical_anchor_quarantine,excluded_opened_external_exact_or_direct,300,20560902,internal_test|model_selection_validation|new_external_blind
useq03287,1,historical_anchor_quarantine,excluded_opened_external_exact_or_direct,300,20560902,internal_test|model_selection_validation|new_external_blind
useq03289,1,historical_anchor_quarantine,excluded_opened_external_exact_or_direct,300,20560902,internal_test|model_selection_validation|new_external_blind
useq03290,1,historical_anchor_quarantine,excluded_opened_external_exact_or_direct,300,20560902,internal_test|model_selection_validation|new_external_blind
useq03291,1,historical_anchor_quarantine,excluded_opened_external_exact_or_direct,300,20560902,internal_test|model_selection_validation|new_external_blind
useq03293,1,historical_anchor_quarantine,excluded_opened_external_exact_or_direct,300,20560902,internal_test|model_selection_validation|new_external_blind
useq03294,1,historical_anchor_quarantine,excluded_opened_external_exact_or_direct,300,20560902,internal_test|model_selection_validation|new_external_blind
useq03298,1,historical_anchor_quarantine,excluded_opened_external_exact_or_direct,300,20560902,internal_test|model_selection_validation|new_external_blind
useq03302,2,historical_anchor_quarantine,excluded_opened_external_exact_or_direct,300,20560902,internal_test|model_selection_validation|new_external_blind
useq03304,1,historical_anchor_quarantine,excluded_opened_external_exact_or_direct,300,20560902,internal_test|model_selection_validation|new_external_blind
useq03307,1,historical_anchor_quarantine,excluded_opened_external_exact_or_direct,300,20560902,internal_test|model_selection_validation|new_external_blind
useq03308,1,historical_anchor_quarantine,excluded_opened_external_exact_or_direct,300,20560902,internal_test|model_selection_validation|new_external_blind
useq03309,1,historical_anchor_quarantine,excluded_opened_external_exact_or_direct,300,20560902,internal_test|model_selection_validation|new_external_blind
useq03312,1,historical_anchor_quarantine,excluded_opened_external_exact_or_direct,300,20560902,internal_test|model_selection_validation|new_external_blind
useq03314,1,historical_anchor_quarantine,excluded_opened_external_exact_or_direct,300,20560902,internal_test|model_selection_validation|new_external_blind
useq03315,1,historical_anchor_quarantine,excluded_opened_external_exact_or_direct,300,20560902,internal_test|model_selection_validation|new_external_blind
useq03317,1,historical_anchor_quarantine,excluded_opened_external_exact_or_direct,300,20560902,internal_test|model_selection_validation|new_external_blind
useq03319,1,historical_anchor_quarantine,excluded_opened_external_exact_or_direct,300,20560902,internal_test|model_selection_validation|new_external_blind
useq03320,2,historical_anchor_quarantine,excluded_opened_external_exact_or_direct,300,20560902,internal_test|model_selection_validation|new_external_blind
useq03322,1,historical_anchor_quarantine,excluded_opened_external_exact_or_direct,300,20560902,internal_test|model_selection_validation|new_external_blind
useq03323,1,historical_anchor_quarantine,excluded_opened_external_exact_or_direct,300,20560902,internal_test|model_selection_validation|new_external_blind
useq03324,2,historical_anchor_quarantine,excluded_opened_external_exact_or_direct,300,20560902,internal_test|model_selection_validation|new_external_blind
useq03327,1,historical_anchor_quarantine,excluded_opened_external_exact_or_direct,300,20560902,internal_test|model_selection_validation|new_external_blind
useq03329,2,historical_anchor_quarantine,excluded_opened_external_exact_or_direct,300,20560902,internal_test|model_selection_validation|new_external_blind
useq03331,1,historical_anchor_quarantine,excluded_opened_external_exact_or_direct,300,20560902,internal_test|model_selection_validation|new_external_blind
useq03333,1,historical_anchor_quarantine,excluded_opened_external_exact_or_direct,300,20560902,internal_test|model_selection_validation|new_external_blind
useq03334,1,historical_anchor_quarantine,excluded_opened_external_exact_or_direct,300,20560902,internal_test|model_selection_validation|new_external_blind
useq03336,1,historical_anchor_quarantine,excluded_opened_external_exact_or_direct,300,20560902,internal_test|model_selection_validation|new_external_blind
useq03342,1,historical_anchor_quarantine,excluded_opened_external_exact_or_direct,300,20560902,internal_test|model_selection_validation|new_external_blind
useq03346,1,historical_anchor_quarantine,excluded_opened_external_exact_or_direct,300,20560902,internal_test|model_selection_validation|new_external_blind
useq03347,1,historical_anchor_quarantine,excluded_opened_external_exact_or_direct,300,20560902,internal_test|model_selection_validation|new_external_blind
useq03348,1,historical_anchor_quarantine,excluded_opened_external_exact_or_direct,300,20560902,internal_test|model_selection_validation|new_external_blind
useq03349,1,historical_anchor_quarantine,excluded_opened_external_exact_or_direct,300,20560902,internal_test|model_selection_validation|new_external_blind
useq03350,1,historical_anchor_quarantine,excluded_opened_external_exact_or_direct,300,20560902,internal_test|model_selection_validation|new_external_blind
useq03353,1,historical_anchor_quarantine,excluded_opened_external_exact_or_direct,300,20560902,internal_test|model_selection_validation|new_external_blind
useq03355,1,historical_anchor_quarantine,excluded_opened_external_exact_or_direct,300,20560902,internal_test|model_selection_validation|new_external_blind
useq03356,2,historical_anchor_quarantine,excluded_opened_external_exact_or_direct,300,20560902,internal_test|model_selection_validation|new_external_blind
useq03358,1,historical_anchor_quarantine,excluded_opened_external_exact_or_direct,300,20560902,internal_test|model_selection_validation|new_external_blind
useq03359,2,historical_anchor_quarantine,excluded_opened_external_exact_or_direct,300,20560902,internal_test|model_selection_validation|new_external_blind
useq03360,1,historical_anchor_quarantine,excluded_opened_external_exact_or_direct,300,20560902,internal_test|model_selection_validation|new_external_blind
useq03361,1,historical_anchor_quarantine,excluded_opened_external_exact_or_direct,300,20560902,internal_test|model_selection_validation|new_external_blind
useq03363,1,historical_anchor_quarantine,excluded_opened_external_exact_or_direct,300,20560902,internal_test|model_selection_validation|new_external_blind
useq03364,1,historical_anchor_quarantine,excluded_opened_external_exact_or_direct,300,20560902,internal_test|model_selection_validation|new_external_blind
useq03367,1,historical_anchor_quarantine,excluded_opened_external_exact_or_direct,300,20560902,internal_test|model_selection_validation|new_external_blind
useq03370,1,historical_anchor_quarantine,excluded_opened_external_exact_or_direct,300,20560902,internal_test|model_selection_validation|new_external_blind
useq03373,1,historical_anchor_quarantine,excluded_opened_external_exact_or_direct,300,20560902,internal_test|model_selection_validation|new_external_blind
useq03378,1,historical_anchor_quarantine,excluded_opened_external_exact_or_direct,300,20560902,internal_test|model_selection_validation|new_external_blind
useq03380,1,historical_anchor_quarantine,excluded_opened_external_exact_or_direct,300,20560902,internal_test|model_selection_validation|new_external_blind
useq03381,1,historical_anchor_quarantine,excluded_opened_external_exact_or_direct,300,20560902,internal_test|model_selection_validation|new_external_blind
useq03382,1,historical_anchor_quarantine,excluded_opened_external_exact_or_direct,300,20560902,internal_test|model_selection_validation|new_external_blind
useq03383,1,historical_anchor_quarantine,excluded_opened_external_exact_or_direct,300,20560902,internal_test|model_selection_validation|new_external_blind
useq03384,1,historical_anchor_quarantine,excluded_opened_external_exact_or_direct,300,20560902,internal_test|model_selection_validation|new_external_blind
useq03386,1,historical_anchor_quarantine,excluded_opened_external_exact_or_direct,300,20560902,internal_test|model_selection_validation|new_external_blind
useq03387,1,historical_anchor_quarantine,excluded_opened_external_exact_or_direct,300,20560902,internal_test|model_selection_validation|new_external_blind
useq03388,1,historical_anchor_quarantine,excluded_opened_external_exact_or_direct,300,20560902,internal_test|model_selection_validation|new_external_blind
useq03393,1,historical_anchor_quarantine,excluded_opened_external_exact_or_direct,300,20560902,internal_test|model_selection_validation|new_external_blind
useq03399,1,historical_anchor_quarantine,excluded_opened_external_exact_or_direct,300,20560902,internal_test|model_selection_validation|new_external_blind
useq03401,1,historical_anchor_quarantine,excluded_opened_external_exact_or_direct,300,20560902,internal_test|model_selection_validation|new_external_blind
useq03402,1,historical_anchor_quarantine,excluded_opened_external_exact_or_direct,300,20560902,internal_test|model_selection_validation|new_external_blind
useq03403,1,historical_anchor_quarantine,excluded_opened_external_exact_or_direct,300,20560902,internal_test|model_selection_validation|new_external_blind
useq03405,1,historical_anchor_quarantine,excluded_opened_external_exact_or_direct,300,20560902,internal_test|model_selection_validation|new_external_blind
useq03407,1,historical_anchor_quarantine,excluded_opened_external_exact_or_direct,300,20560902,internal_test|model_selection_validation|new_external_blind
useq03411,1,historical_anchor_quarantine,excluded_opened_external_exact_or_direct,300,20560902,internal_test|model_selection_validation|new_external_blind
useq03412,1,historical_anchor_quarantine,excluded_opened_external_exact_or_direct,300,20560902,internal_test|model_selection_validation|new_external_blind
useq03415,1,historical_anchor_quarantine,excluded_opened_external_exact_or_direct,300,20560902,internal_test|model_selection_validation|new_external_blind
useq03416,1,historical_anchor_quarantine,excluded_opened_external_exact_or_direct,300,20560902,internal_test|model_selection_validation|new_external_blind
useq03420,1,historical_anchor_quarantine,excluded_opened_external_exact_or_direct,300,20560902,internal_test|model_selection_validation|new_external_blind
useq03422,1,historical_anchor_quarantine,excluded_opened_external_exact_or_direct,300,20560902,internal_test|model_selection_validation|new_external_blind
useq03423,1,historical_anchor_quarantine,excluded_opened_external_exact_or_direct,300,20560902,internal_test|model_selection_validation|new_external_blind
useq03424,1,historical_anchor_quarantine,excluded_opened_external_exact_or_direct,300,20560902,internal_test|model_selection_validation|new_external_blind
useq03428,1,historical_anchor_quarantine,excluded_opened_external_exact_or_direct,300,20560902,internal_test|model_selection_validation|new_external_blind
useq03429,1,historical_anchor_quarantine,excluded_opened_external_exact_or_direct,300,20560902,internal_test|model_selection_validation|new_external_blind
useq03430,1,historical_anchor_quarantine,excluded_opened_external_exact_or_direct,300,20560902,internal_test|model_selection_validation|new_external_blind
useq03432,1,historical_anchor_quarantine,excluded_opened_external_exact_or_direct,300,20560902,internal_test|model_selection_validation|new_external_blind
useq03434,1,historical_anchor_quarantine,excluded_opened_external_exact_or_direct,300,20560902,internal_test|model_selection_validation|new_external_blind
useq03436,1,historical_anchor_quarantine,excluded_opened_external_exact_or_direct,300,20560902,internal_test|model_selection_validation|new_external_blind
useq03441,1,historical_anchor_quarantine,excluded_opened_external_exact_or_direct,300,20560902,internal_test|model_selection_validation|new_external_blind
useq03443,1,historical_anchor_quarantine,excluded_opened_external_exact_or_direct,300,20560902,internal_test|model_selection_validation|new_external_blind
useq03444,1,historical_anchor_quarantine,excluded_opened_external_exact_or_direct,300,20560902,internal_test|model_selection_validation|new_external_blind
useq03446,1,historical_anchor_quarantine,excluded_opened_external_exact_or_direct,300,20560902,internal_test|model_selection_validation|new_external_blind
useq03447,1,historical_anchor_quarantine,excluded_opened_external_exact_or_direct,300,20560902,internal_test|model_selection_validation|new_external_blind
useq03450,1,historical_anchor_quarantine,excluded_opened_external_exact_or_direct,300,20560902,internal_test|model_selection_validation|new_external_blind
useq03452,1,historical_anchor_quarantine,excluded_opened_external_exact_or_direct,300,20560902,internal_test|model_selection_validation|new_external_blind
useq03453,1,historical_anchor_quarantine,excluded_opened_external_exact_or_direct,300,20560902,internal_test|model_selection_validation|new_external_blind
useq03454,1,historical_anchor_quarantine,excluded_opened_external_exact_or_direct,300,20560902,internal_test|model_selection_validation|new_external_blind
useq03457,1,historical_anchor_quarantine,excluded_opened_external_exact_or_direct,300,20560902,internal_test|model_selection_validation|new_external_blind
useq03459,1,historical_anchor_quarantine,excluded_opened_external_exact_or_direct,300,20560902,internal_test|model_selection_validation|new_external_blind
useq03460,1,historical_anchor_quarantine,excluded_opened_external_exact_or_direct,300,20560902,internal_test|model_selection_validation|new_external_blind
useq03462,1,historical_anchor_quarantine,excluded_opened_external_exact_or_direct,300,20560902,internal_test|model_selection_validation|new_external_blind
useq03463,1,historical_anchor_quarantine,excluded_opened_external_exact_or_direct,300,20560902,internal_test|model_selection_validation|new_external_blind
useq03467,1,historical_anchor_quarantine,excluded_opened_external_exact_or_direct,300,20560902,internal_test|model_selection_validation|new_external_blind
useq03468,1,historical_anchor_quarantine,excluded_opened_external_exact_or_direct,300,20560902,internal_test|model_selection_validation|new_external_blind
useq03469,1,historical_anchor_quarantine,excluded_opened_external_exact_or_direct,300,20560902,internal_test|model_selection_validation|new_external_blind
useq03470,1,historical_anchor_quarantine,excluded_opened_external_exact_or_direct,300,20560902,internal_test|model_selection_validation|new_external_blind
useq03471,1,historical_anchor_quarantine,excluded_opened_external_exact_or_direct,300,20560902,internal_test|model_selection_validation|new_external_blind
useq03472,1,historical_anchor_quarantine,excluded_opened_external_exact_or_direct,300,20560902,internal_test|model_selection_validation|new_external_blind
useq03476,1,historical_anchor_quarantine,excluded_opened_external_exact_or_direct,300,20560902,internal_test|model_selection_validation|new_external_blind
useq03480,1,historical_anchor_quarantine,excluded_opened_external_exact_or_direct,300,20560902,internal_test|model_selection_validation|new_external_blind
useq03482,1,historical_anchor_quarantine,excluded_opened_external_exact_or_direct,300,20560902,internal_test|model_selection_validation|new_external_blind
useq03484,1,historical_anchor_quarantine,excluded_opened_external_exact_or_direct,300,20560902,internal_test|model_selection_validation|new_external_blind
useq03486,1,historical_anchor_quarantine,excluded_opened_external_exact_or_direct,300,20560902,internal_test|model_selection_validation|new_external_blind
useq03489,2,historical_anchor_quarantine,excluded_opened_external_exact_or_direct,300,20560902,internal_test|model_selection_validation|new_external_blind
useq03490,1,historical_anchor_quarantine,excluded_opened_external_exact_or_direct,300,20560902,internal_test|model_selection_validation|new_external_blind
useq03491,1,historical_anchor_quarantine,excluded_opened_external_exact_or_direct,300,20560902,internal_test|model_selection_validation|new_external_blind
useq03493,1,historical_anchor_quarantine,excluded_opened_external_exact_or_direct,300,20560902,internal_test|model_selection_validation|new_external_blind
useq03495,1,historical_anchor_quarantine,excluded_opened_external_exact_or_direct,300,20560902,internal_test|model_selection_validation|new_external_blind
useq03496,1,historical_anchor_quarantine,excluded_opened_external_exact_or_direct,300,20560902,internal_test|model_selection_validation|new_external_blind
useq03497,1,historical_anchor_quarantine,excluded_opened_external_exact_or_direct,300,20560902,internal_test|model_selection_validation|new_external_blind
useq03499,1,historical_anchor_quarantine,excluded_opened_external_exact_or_direct,300,20560902,internal_test|model_selection_validation|new_external_blind
useq03500,1,historical_anchor_quarantine,excluded_opened_external_exact_or_direct,300,20560902,internal_test|model_selection_validation|new_external_blind
useq03501,1,historical_anchor_quarantine,excluded_opened_external_exact_or_direct,300,20560902,internal_test|model_selection_validation|new_external_blind
useq03502,1,historical_anchor_quarantine,excluded_opened_external_exact_or_direct,300,20560902,internal_test|model_selection_validation|new_external_blind
useq03503,1,historical_anchor_quarantine,excluded_opened_external_exact_or_direct,300,20560902,internal_test|model_selection_validation|new_external_blind
useq03507,1,historical_anchor_quarantine,excluded_opened_external_exact_or_direct,300,20560902,internal_test|model_selection_validation|new_external_blind
useq03508,1,historical_anchor_quarantine,excluded_opened_external_exact_or_direct,300,20560902,internal_test|model_selection_validation|new_external_blind
useq03510,1,historical_anchor_quarantine,excluded_opened_external_exact_or_direct,300,20560902,internal_test|model_selection_validation|new_external_blind
useq03511,1,historical_anchor_quarantine,excluded_opened_external_exact_or_direct,300,20560902,internal_test|model_selection_validation|new_external_blind
useq03515,1,historical_anchor_quarantine,excluded_opened_external_exact_or_direct,300,20560902,internal_test|model_selection_validation|new_external_blind
useq03516,3,historical_anchor_quarantine,excluded_opened_external_exact_or_direct,300,20560902,internal_test|model_selection_validation|new_external_blind
useq03517,1,historical_anchor_quarantine,excluded_opened_external_exact_or_direct,300,20560902,internal_test|model_selection_validation|new_external_blind
useq03518,1,historical_anchor_quarantine,excluded_opened_external_exact_or_direct,300,20560902,internal_test|model_selection_validation|new_external_blind
useq03522,1,historical_anchor_quarantine,excluded_opened_external_exact_or_direct,300,20560902,internal_test|model_selection_validation|new_external_blind
useq03524,1,historical_anchor_quarantine,excluded_opened_external_exact_or_direct,300,20560902,internal_test|model_selection_validation|new_external_blind
useq03525,1,historical_anchor_quarantine,excluded_opened_external_exact_or_direct,300,20560902,internal_test|model_selection_validation|new_external_blind
useq03526,1,historical_anchor_quarantine,excluded_opened_external_exact_or_direct,300,20560902,internal_test|model_selection_validation|new_external_blind
useq03529,1,historical_anchor_quarantine,excluded_opened_external_exact_or_direct,300,20560902,internal_test|model_selection_validation|new_external_blind
useq03530,1,historical_anchor_quarantine,excluded_opened_external_exact_or_direct,300,20560902,internal_test|model_selection_validation|new_external_blind
useq03531,1,historical_anchor_quarantine,excluded_opened_external_exact_or_direct,300,20560902,internal_test|model_selection_validation|new_external_blind
useq03532,1,historical_anchor_quarantine,excluded_opened_external_exact_or_direct,300,20560902,internal_test|model_selection_validation|new_external_blind
useq03533,1,historical_anchor_quarantine,excluded_opened_external_exact_or_direct,300,20560902,internal_test|model_selection_validation|new_external_blind
useq03534,1,historical_anchor_quarantine,excluded_opened_external_exact_or_direct,300,20560902,internal_test|model_selection_validation|new_external_blind
useq03536,1,historical_anchor_quarantine,excluded_opened_external_exact_or_direct,300,20560902,internal_test|model_selection_validation|new_external_blind
useq03538,1,historical_anchor_quarantine,excluded_opened_external_exact_or_direct,300,20560902,internal_test|model_selection_validation|new_external_blind
useq03539,2,historical_anchor_quarantine,excluded_opened_external_exact_or_direct,300,20560902,internal_test|model_selection_validation|new_external_blind
useq03541,1,historical_anchor_quarantine,excluded_opened_external_exact_or_direct,300,20560902,internal_test|model_selection_validation|new_external_blind
useq03543,1,historical_anchor_quarantine,excluded_opened_external_exact_or_direct,300,20560902,internal_test|model_selection_validation|new_external_blind
useq03549,1,historical_anchor_quarantine,excluded_opened_external_exact_or_direct,300,20560902,internal_test|model_selection_validation|new_external_blind
useq03550,1,historical_anchor_quarantine,excluded_opened_external_exact_or_direct,300,20560902,internal_test|model_selection_validation|new_external_blind
useq03553,1,historical_anchor_quarantine,excluded_opened_external_exact_or_direct,300,20560902,internal_test|model_selection_validation|new_external_blind
useq03557,1,historical_anchor_quarantine,excluded_opened_external_exact_or_direct,300,20560902,internal_test|model_selection_validation|new_external_blind
useq03559,1,historical_anchor_quarantine,excluded_opened_external_exact_or_direct,300,20560902,internal_test|model_selection_validation|new_external_blind
useq03562,1,historical_anchor_quarantine,excluded_opened_external_exact_or_direct,300,20560902,internal_test|model_selection_validation|new_external_blind
useq03564,1,historical_anchor_quarantine,excluded_opened_external_exact_or_direct,300,20560902,internal_test|model_selection_validation|new_external_blind
useq03565,1,historical_anchor_quarantine,excluded_opened_external_exact_or_direct,300,20560902,internal_test|model_selection_validation|new_external_blind
useq03568,1,historical_anchor_quarantine,excluded_opened_external_exact_or_direct,300,20560902,internal_test|model_selection_validation|new_external_blind
useq03570,1,historical_anchor_quarantine,excluded_opened_external_exact_or_direct,300,20560902,internal_test|model_selection_validation|new_external_blind
useq03571,2,historical_anchor_quarantine,excluded_opened_external_exact_or_direct,300,20560902,internal_test|model_selection_validation|new_external_blind
useq03572,1,historical_anchor_quarantine,excluded_opened_external_exact_or_direct,300,20560902,internal_test|model_selection_validation|new_external_blind
useq03575,1,historical_anchor_quarantine,excluded_opened_external_exact_or_direct,300,20560902,internal_test|model_selection_validation|new_external_blind
useq03579,1,historical_anchor_quarantine,excluded_opened_external_exact_or_direct,300,20560902,internal_test|model_selection_validation|new_external_blind
useq03580,1,historical_anchor_quarantine,excluded_opened_external_exact_or_direct,300,20560902,internal_test|model_selection_validation|new_external_blind
useq03583,1,historical_anchor_quarantine,excluded_opened_external_exact_or_direct,300,20560902,internal_test|model_selection_validation|new_external_blind
useq03584,3,historical_anchor_quarantine,excluded_opened_external_exact_or_direct,300,20560902,internal_test|model_selection_validation|new_external_blind
useq03585,1,historical_anchor_quarantine,excluded_opened_external_exact_or_direct,300,20560902,internal_test|model_selection_validation|new_external_blind
useq03587,1,historical_anchor_quarantine,excluded_opened_external_exact_or_direct,300,20560902,internal_test|model_selection_validation|new_external_blind
useq03589,1,historical_anchor_quarantine,excluded_opened_external_exact_or_direct,300,20560902,internal_test|model_selection_validation|new_external_blind
useq03590,1,historical_anchor_quarantine,excluded_opened_external_exact_or_direct,300,20560902,internal_test|model_selection_validation|new_external_blind
useq03591,1,historical_anchor_quarantine,excluded_opened_external_exact_or_direct,300,20560902,internal_test|model_selection_validation|new_external_blind
useq03593,1,historical_anchor_quarantine,excluded_opened_external_exact_or_direct,300,20560902,internal_test|model_selection_validation|new_external_blind
useq03596,1,historical_anchor_quarantine,excluded_opened_external_exact_or_direct,300,20560902,internal_test|model_selection_validation|new_external_blind
useq03597,1,historical_anchor_quarantine,excluded_opened_external_exact_or_direct,300,20560902,internal_test|model_selection_validation|new_external_blind
useq03599,1,historical_anchor_quarantine,excluded_opened_external_exact_or_direct,300,20560902,internal_test|model_selection_validation|new_external_blind
useq03603,1,historical_anchor_quarantine,excluded_opened_external_exact_or_direct,300,20560902,internal_test|model_selection_validation|new_external_blind
useq03605,1,historical_anchor_quarantine,excluded_opened_external_exact_or_direct,300,20560902,internal_test|model_selection_validation|new_external_blind
useq03606,1,historical_anchor_quarantine,excluded_opened_external_exact_or_direct,300,20560902,internal_test|model_selection_validation|new_external_blind
useq03608,1,historical_anchor_quarantine,excluded_opened_external_exact_or_direct,300,20560902,internal_test|model_selection_validation|new_external_blind
useq03609,1,historical_anchor_quarantine,excluded_opened_external_exact_or_direct,300,20560902,internal_test|model_selection_validation|new_external_blind
useq03611,1,historical_anchor_quarantine,excluded_opened_external_exact_or_direct,300,20560902,internal_test|model_selection_validation|new_external_blind
useq03612,1,historical_anchor_quarantine,excluded_opened_external_exact_or_direct,300,20560902,internal_test|model_selection_validation|new_external_blind
useq03614,1,historical_anchor_quarantine,excluded_opened_external_exact_or_direct,300,20560902,internal_test|model_selection_validation|new_external_blind
useq03617,1,historical_anchor_quarantine,excluded_opened_external_exact_or_direct,300,20560902,internal_test|model_selection_validation|new_external_blind
useq03619,1,historical_anchor_quarantine,excluded_opened_external_exact_or_direct,300,20560902,internal_test|model_selection_validation|new_external_blind
useq03622,1,historical_anchor_quarantine,excluded_opened_external_exact_or_direct,300,20560902,internal_test|model_selection_validation|new_external_blind
useq03624,1,historical_anchor_quarantine,excluded_opened_external_exact_or_direct,300,20560902,internal_test|model_selection_validation|new_external_blind
useq03625,1,historical_anchor_quarantine,excluded_opened_external_exact_or_direct,300,20560902,internal_test|model_selection_validation|new_external_blind
useq03626,1,historical_anchor_quarantine,excluded_opened_external_exact_or_direct,300,20560902,internal_test|model_selection_validation|new_external_blind
useq03628,1,historical_anchor_quarantine,excluded_opened_external_exact_or_direct,300,20560902,internal_test|model_selection_validation|new_external_blind
useq03629,3,historical_anchor_quarantine,excluded_opened_external_exact_or_direct,300,20560902,internal_test|model_selection_validation|new_external_blind
useq03632,1,historical_anchor_quarantine,excluded_opened_external_exact_or_direct,300,20560902,internal_test|model_selection_validation|new_external_blind
useq03634,1,historical_anchor_quarantine,excluded_opened_external_exact_or_direct,300,20560902,internal_test|model_selection_validation|new_external_blind
useq03635,1,historical_anchor_quarantine,excluded_opened_external_exact_or_direct,300,20560902,internal_test|model_selection_validation|new_external_blind
useq03639,1,historical_anchor_quarantine,excluded_opened_external_exact_or_direct,300,20560902,internal_test|model_selection_validation|new_external_blind
useq03645,1,historical_anchor_quarantine,excluded_opened_external_exact_or_direct,300,20560902,internal_test|model_selection_validation|new_external_blind
useq03650,1,historical_anchor_quarantine,excluded_opened_external_exact_or_direct,300,20560902,internal_test|model_selection_validation|new_external_blind
useq03651,1,historical_anchor_quarantine,excluded_opened_external_exact_or_direct,300,20560902,internal_test|model_selection_validation|new_external_blind
useq03653,1,historical_anchor_quarantine,excluded_opened_external_exact_or_direct,300,20560902,internal_test|model_selection_validation|new_external_blind
useq03656,1,historical_anchor_quarantine,excluded_opened_external_exact_or_direct,300,20560902,internal_test|model_selection_validation|new_external_blind
useq03661,1,historical_anchor_quarantine,excluded_opened_external_exact_or_direct,300,20560902,internal_test|model_selection_validation|new_external_blind
useq03663,1,historical_anchor_quarantine,excluded_opened_external_exact_or_direct,300,20560902,internal_test|model_selection_validation|new_external_blind
useq03664,1,historical_anchor_quarantine,excluded_opened_external_exact_or_direct,300,20560902,internal_test|model_selection_validation|new_external_blind
useq03667,1,historical_anchor_quarantine,excluded_opened_external_exact_or_direct,300,20560902,internal_test|model_selection_validation|new_external_blind
useq03668,1,historical_anchor_quarantine,excluded_opened_external_exact_or_direct,300,20560902,internal_test|model_selection_validation|new_external_blind
useq03677,1,historical_anchor_quarantine,excluded_opened_external_exact_or_direct,300,20560902,internal_test|model_selection_validation|new_external_blind
useq03678,1,historical_anchor_quarantine,excluded_opened_external_exact_or_direct,300,20560902,internal_test|model_selection_validation|new_external_blind
useq03682,1,historical_anchor_quarantine,excluded_opened_external_exact_or_direct,300,20560902,internal_test|model_selection_validation|new_external_blind
useq03683,1,historical_anchor_quarantine,excluded_opened_external_exact_or_direct,300,20560902,internal_test|model_selection_validation|new_external_blind
useq03684,1,historical_anchor_quarantine,excluded_opened_external_exact_or_direct,300,20560902,internal_test|model_selection_validation|new_external_blind
useq03686,1,historical_anchor_quarantine,excluded_opened_external_exact_or_direct,300,20560902,internal_test|model_selection_validation|new_external_blind
useq03687,1,historical_anchor_quarantine,excluded_opened_external_exact_or_direct,300,20560902,internal_test|model_selection_validation|new_external_blind
useq03690,1,historical_anchor_quarantine,excluded_opened_external_exact_or_direct,300,20560902,internal_test|model_selection_validation|new_external_blind
useq03693,1,historical_anchor_quarantine,excluded_opened_external_exact_or_direct,300,20560902,internal_test|model_selection_validation|new_external_blind
useq03696,1,historical_anchor_quarantine,excluded_opened_external_exact_or_direct,300,20560902,internal_test|model_selection_validation|new_external_blind
useq03703,1,historical_anchor_quarantine,excluded_opened_external_exact_or_direct,300,20560902,internal_test|model_selection_validation|new_external_blind
useq03704,1,historical_anchor_quarantine,excluded_opened_external_exact_or_direct,300,20560902,internal_test|model_selection_validation|new_external_blind
useq03705,1,historical_anchor_quarantine,excluded_opened_external_exact_or_direct,300,20560902,internal_test|model_selection_validation|new_external_blind
useq03706,2,historical_anchor_quarantine,excluded_opened_external_exact_or_direct,300,20560902,internal_test|model_selection_validation|new_external_blind
useq03707,1,historical_anchor_quarantine,excluded_opened_external_exact_or_direct,300,20560902,internal_test|model_selection_validation|new_external_blind
useq03709,1,historical_anchor_quarantine,excluded_opened_external_exact_or_direct,300,20560902,internal_test|model_selection_validation|new_external_blind
useq03710,1,historical_anchor_quarantine,excluded_opened_external_exact_or_direct,300,20560902,internal_test|model_selection_validation|new_external_blind
useq03711,1,historical_anchor_quarantine,excluded_opened_external_exact_or_direct,300,20560902,internal_test|model_selection_validation|new_external_blind
useq03712,1,historical_anchor_quarantine,excluded_opened_external_exact_or_direct,300,20560902,internal_test|model_selection_validation|new_external_blind
useq03714,1,historical_anchor_quarantine,excluded_opened_external_exact_or_direct,300,20560902,internal_test|model_selection_validation|new_external_blind
useq03717,1,historical_anchor_quarantine,excluded_opened_external_exact_or_direct,300,20560902,internal_test|model_selection_validation|new_external_blind
useq03722,1,historical_anchor_quarantine,excluded_opened_external_exact_or_direct,300,20560902,internal_test|model_selection_validation|new_external_blind
useq03723,1,historical_anchor_quarantine,excluded_opened_external_exact_or_direct,300,20560902,internal_test|model_selection_validation|new_external_blind
useq03724,1,historical_anchor_quarantine,excluded_opened_external_exact_or_direct,300,20560902,internal_test|model_selection_validation|new_external_blind
useq03727,1,historical_anchor_quarantine,excluded_opened_external_exact_or_direct,300,20560902,internal_test|model_selection_validation|new_external_blind
useq03728,1,historical_anchor_quarantine,excluded_opened_external_exact_or_direct,300,20560902,internal_test|model_selection_validation|new_external_blind
useq03729,1,historical_anchor_quarantine,excluded_opened_external_exact_or_direct,300,20560902,internal_test|model_selection_validation|new_external_blind
useq03730,1,historical_anchor_quarantine,excluded_opened_external_exact_or_direct,300,20560902,internal_test|model_selection_validation|new_external_blind
useq03731,1,historical_anchor_quarantine,excluded_opened_external_exact_or_direct,300,20560902,internal_test|model_selection_validation|new_external_blind
useq03732,1,historical_anchor_quarantine,excluded_opened_external_exact_or_direct,300,20560902,internal_test|model_selection_validation|new_external_blind
useq03733,2,historical_anchor_quarantine,excluded_opened_external_exact_or_direct,300,20560902,internal_test|model_selection_validation|new_external_blind
useq03734,1,historical_anchor_quarantine,excluded_opened_external_exact_or_direct,300,20560902,internal_test|model_selection_validation|new_external_blind
useq03739,1,historical_anchor_quarantine,excluded_opened_external_exact_or_direct,300,20560902,internal_test|model_selection_validation|new_external_blind
useq03740,1,historical_anchor_quarantine,excluded_opened_external_exact_or_direct,300,20560902,internal_test|model_selection_validation|new_external_blind
useq03741,1,historical_anchor_quarantine,excluded_opened_external_exact_or_direct,300,20560902,internal_test|model_selection_validation|new_external_blind
useq03742,1,historical_anchor_quarantine,excluded_opened_external_exact_or_direct,300,20560902,internal_test|model_selection_validation|new_external_blind
useq03745,1,historical_anchor_quarantine,excluded_opened_external_exact_or_direct,300,20560902,internal_test|model_selection_validation|new_external_blind
useq03746,1,historical_anchor_quarantine,excluded_opened_external_exact_or_direct,300,20560902,internal_test|model_selection_validation|new_external_blind
useq03748,1,historical_anchor_quarantine,excluded_opened_external_exact_or_direct,300,20560902,internal_test|model_selection_validation|new_external_blind
useq03749,1,historical_anchor_quarantine,excluded_opened_external_exact_or_direct,300,20560902,internal_test|model_selection_validation|new_external_blind
useq03750,1,historical_anchor_quarantine,excluded_opened_external_exact_or_direct,300,20560902,internal_test|model_selection_validation|new_external_blind
useq03753,1,historical_anchor_quarantine,excluded_opened_external_exact_or_direct,300,20560902,internal_test|model_selection_validation|new_external_blind
useq03756,1,historical_anchor_quarantine,excluded_opened_external_exact_or_direct,300,20560902,internal_test|model_selection_validation|new_external_blind
useq03757,1,historical_anchor_quarantine,excluded_opened_external_exact_or_direct,300,20560902,internal_test|model_selection_validation|new_external_blind
useq03762,1,historical_anchor_quarantine,excluded_opened_external_exact_or_direct,300,20560902,internal_test|model_selection_validation|new_external_blind
useq03763,1,historical_anchor_quarantine,excluded_opened_external_exact_or_direct,300,20560902,internal_test|model_selection_validation|new_external_blind
useq03765,1,historical_anchor_quarantine,excluded_opened_external_exact_or_direct,300,20560902,internal_test|model_selection_validation|new_external_blind
useq03766,2,historical_anchor_quarantine,excluded_opened_external_exact_or_direct,300,20560902,internal_test|model_selection_validation|new_external_blind
useq03767,1,historical_anchor_quarantine,excluded_opened_external_exact_or_direct,300,20560902,internal_test|model_selection_validation|new_external_blind
useq03769,1,historical_anchor_quarantine,excluded_opened_external_exact_or_direct,300,20560902,internal_test|model_selection_validation|new_external_blind
useq03770,1,historical_anchor_quarantine,excluded_opened_external_exact_or_direct,300,20560902,internal_test|model_selection_validation|new_external_blind
useq03775,1,historical_anchor_quarantine,excluded_opened_external_exact_or_direct,300,20560902,internal_test|model_selection_validation|new_external_blind
useq03780,1,historical_anchor_quarantine,excluded_opened_external_exact_or_direct,300,20560902,internal_test|model_selection_validation|new_external_blind
useq03783,1,historical_anchor_quarantine,excluded_opened_external_exact_or_direct,300,20560902,internal_test|model_selection_validation|new_external_blind
useq03784,1,historical_anchor_quarantine,excluded_opened_external_exact_or_direct,300,20560902,internal_test|model_selection_validation|new_external_blind
useq03786,1,historical_anchor_quarantine,excluded_opened_external_exact_or_direct,300,20560902,internal_test|model_selection_validation|new_external_blind
useq03788,1,historical_anchor_quarantine,excluded_opened_external_exact_or_direct,300,20560902,internal_test|model_selection_validation|new_external_blind
useq03789,1,historical_anchor_quarantine,excluded_opened_external_exact_or_direct,300,20560902,internal_test|model_selection_validation|new_external_blind
useq03790,1,historical_anchor_quarantine,excluded_opened_external_exact_or_direct,300,20560902,internal_test|model_selection_validation|new_external_blind
useq03794,1,historical_anchor_quarantine,excluded_opened_external_exact_or_direct,300,20560902,internal_test|model_selection_validation|new_external_blind
useq03795,1,historical_anchor_quarantine,excluded_opened_external_exact_or_direct,300,20560902,internal_test|model_selection_validation|new_external_blind
useq03796,1,historical_anchor_quarantine,excluded_opened_external_exact_or_direct,300,20560902,internal_test|model_selection_validation|new_external_blind
useq03797,1,historical_anchor_quarantine,excluded_opened_external_exact_or_direct,300,20560902,internal_test|model_selection_validation|new_external_blind
useq03800,1,historical_anchor_quarantine,excluded_opened_external_exact_or_direct,300,20560902,internal_test|model_selection_validation|new_external_blind
useq03802,1,historical_anchor_quarantine,excluded_opened_external_exact_or_direct,300,20560902,internal_test|model_selection_validation|new_external_blind
useq03806,1,historical_anchor_quarantine,excluded_opened_external_exact_or_direct,300,20560902,internal_test|model_selection_validation|new_external_blind
useq03808,1,historical_anchor_quarantine,excluded_opened_external_exact_or_direct,300,20560902,internal_test|model_selection_validation|new_external_blind
useq03813,1,historical_anchor_quarantine,excluded_opened_external_exact_or_direct,300,20560902,internal_test|model_selection_validation|new_external_blind
useq03817,1,historical_anchor_quarantine,excluded_opened_external_exact_or_direct,300,20560902,internal_test|model_selection_validation|new_external_blind
useq03818,1,historical_anchor_quarantine,excluded_opened_external_exact_or_direct,300,20560902,internal_test|model_selection_validation|new_external_blind
useq03820,1,historical_anchor_quarantine,excluded_opened_external_exact_or_direct,300,20560902,internal_test|model_selection_validation|new_external_blind
useq03822,1,historical_anchor_quarantine,excluded_opened_external_exact_or_direct,300,20560902,internal_test|model_selection_validation|new_external_blind
useq03827,1,historical_anchor_quarantine,excluded_opened_external_exact_or_direct,300,20560902,internal_test|model_selection_validation|new_external_blind
useq03828,1,historical_anchor_quarantine,excluded_opened_external_exact_or_direct,300,20560902,internal_test|model_selection_validation|new_external_blind
useq03829,1,historical_anchor_quarantine,excluded_opened_external_exact_or_direct,300,20560902,internal_test|model_selection_validation|new_external_blind
useq03832,1,historical_anchor_quarantine,excluded_opened_external_exact_or_direct,300,20560902,internal_test|model_selection_validation|new_external_blind
useq03836,1,historical_anchor_quarantine,excluded_opened_external_exact_or_direct,300,20560902,internal_test|model_selection_validation|new_external_blind
useq03837,1,historical_anchor_quarantine,excluded_opened_external_exact_or_direct,300,20560902,internal_test|model_selection_validation|new_external_blind
useq03838,1,historical_anchor_quarantine,excluded_opened_external_exact_or_direct,300,20560902,internal_test|model_selection_validation|new_external_blind
useq03840,1,historical_anchor_quarantine,excluded_opened_external_exact_or_direct,300,20560902,internal_test|model_selection_validation|new_external_blind
useq03841,1,historical_anchor_quarantine,excluded_opened_external_exact_or_direct,300,20560902,internal_test|model_selection_validation|new_external_blind
useq03842,1,historical_anchor_quarantine,excluded_opened_external_exact_or_direct,300,20560902,internal_test|model_selection_validation|new_external_blind
useq03844,1,historical_anchor_quarantine,excluded_opened_external_exact_or_direct,300,20560902,internal_test|model_selection_validation|new_external_blind
useq03846,1,historical_anchor_quarantine,excluded_opened_external_exact_or_direct,300,20560902,internal_test|model_selection_validation|new_external_blind
useq03848,1,historical_anchor_quarantine,excluded_opened_external_exact_or_direct,300,20560902,internal_test|model_selection_validation|new_external_blind
useq03851,1,historical_anchor_quarantine,excluded_opened_external_exact_or_direct,300,20560902,internal_test|model_selection_validation|new_external_blind
useq03853,1,historical_anchor_quarantine,excluded_opened_external_exact_or_direct,300,20560902,internal_test|model_selection_validation|new_external_blind
useq03855,1,historical_anchor_quarantine,excluded_opened_external_exact_or_direct,300,20560902,internal_test|model_selection_validation|new_external_blind
useq03856,1,historical_anchor_quarantine,excluded_opened_external_exact_or_direct,300,20560902,internal_test|model_selection_validation|new_external_blind
useq03857,1,historical_anchor_quarantine,excluded_opened_external_exact_or_direct,300,20560902,internal_test|model_selection_validation|new_external_blind
useq03858,1,historical_anchor_quarantine,excluded_opened_external_exact_or_direct,300,20560902,internal_test|model_selection_validation|new_external_blind
useq03859,1,historical_anchor_quarantine,excluded_opened_external_exact_or_direct,300,20560902,internal_test|model_selection_validation|new_external_blind
useq03862,1,historical_anchor_quarantine,excluded_opened_external_exact_or_direct,300,20560902,internal_test|model_selection_validation|new_external_blind
useq03863,1,historical_anchor_quarantine,excluded_opened_external_exact_or_direct,300,20560902,internal_test|model_selection_validation|new_external_blind
useq03864,2,historical_anchor_quarantine,excluded_opened_external_exact_or_direct,300,20560902,internal_test|model_selection_validation|new_external_blind
useq03865,1,historical_anchor_quarantine,excluded_opened_external_exact_or_direct,300,20560902,internal_test|model_selection_validation|new_external_blind
useq03867,1,historical_anchor_quarantine,excluded_opened_external_exact_or_direct,300,20560902,internal_test|model_selection_validation|new_external_blind
useq03868,1,historical_anchor_quarantine,excluded_opened_external_exact_or_direct,300,20560902,internal_test|model_selection_validation|new_external_blind
useq03873,1,historical_anchor_quarantine,excluded_opened_external_exact_or_direct,300,20560902,internal_test|model_selection_validation|new_external_blind
useq03874,1,historical_anchor_quarantine,excluded_opened_external_exact_or_direct,300,20560902,internal_test|model_selection_validation|new_external_blind
useq03877,1,historical_anchor_quarantine,excluded_opened_external_exact_or_direct,300,20560902,internal_test|model_selection_validation|new_external_blind
useq03880,1,historical_anchor_quarantine,excluded_opened_external_exact_or_direct,300,20560902,internal_test|model_selection_validation|new_external_blind
useq03881,6,historical_anchor_quarantine,excluded_opened_external_exact_or_direct,300,20560902,internal_test|model_selection_validation|new_external_blind
useq03882,1,historical_anchor_quarantine,excluded_opened_external_exact_or_direct,300,20560902,internal_test|model_selection_validation|new_external_blind
useq03886,1,historical_anchor_quarantine,excluded_opened_external_exact_or_direct,300,20560902,internal_test|model_selection_validation|new_external_blind
useq03887,1,historical_anchor_quarantine,excluded_opened_external_exact_or_direct,300,20560902,internal_test|model_selection_validation|new_external_blind
useq03892,1,historical_anchor_quarantine,excluded_opened_external_exact_or_direct,300,20560902,internal_test|model_selection_validation|new_external_blind
useq03897,1,historical_anchor_quarantine,excluded_opened_external_exact_or_direct,300,20560902,internal_test|model_selection_validation|new_external_blind
useq03898,1,historical_anchor_quarantine,excluded_opened_external_exact_or_direct,300,20560902,internal_test|model_selection_validation|new_external_blind
useq03900,1,historical_anchor_quarantine,excluded_opened_external_exact_or_direct,300,20560902,internal_test|model_selection_validation|new_external_blind
useq03901,1,historical_anchor_quarantine,excluded_opened_external_exact_or_direct,300,20560902,internal_test|model_selection_validation|new_external_blind
useq03903,1,historical_anchor_quarantine,excluded_opened_external_exact_or_direct,300,20560902,internal_test|model_selection_validation|new_external_blind
useq03904,1,historical_anchor_quarantine,excluded_opened_external_exact_or_direct,300,20560902,internal_test|model_selection_validation|new_external_blind
useq03906,1,historical_anchor_quarantine,excluded_opened_external_exact_or_direct,300,20560902,internal_test|model_selection_validation|new_external_blind
useq03907,1,historical_anchor_quarantine,excluded_opened_external_exact_or_direct,300,20560902,internal_test|model_selection_validation|new_external_blind
useq03908,1,historical_anchor_quarantine,excluded_opened_external_exact_or_direct,300,20560902,internal_test|model_selection_validation|new_external_blind
useq03909,1,historical_anchor_quarantine,excluded_opened_external_exact_or_direct,300,20560902,internal_test|model_selection_validation|new_external_blind
useq03911,1,historical_anchor_quarantine,excluded_opened_external_exact_or_direct,300,20560902,internal_test|model_selection_validation|new_external_blind
useq03912,2,historical_anchor_quarantine,excluded_opened_external_exact_or_direct,300,20560902,internal_test|model_selection_validation|new_external_blind
useq03913,1,historical_anchor_quarantine,excluded_opened_external_exact_or_direct,300,20560902,internal_test|model_selection_validation|new_external_blind
useq03916,1,historical_anchor_quarantine,excluded_opened_external_exact_or_direct,300,20560902,internal_test|model_selection_validation|new_external_blind
useq03917,1,historical_anchor_quarantine,excluded_opened_external_exact_or_direct,300,20560902,internal_test|model_selection_validation|new_external_blind
useq03921,2,historical_anchor_quarantine,excluded_opened_external_exact_or_direct,300,20560902,internal_test|model_selection_validation|new_external_blind
useq03922,1,historical_anchor_quarantine,excluded_opened_external_exact_or_direct,300,20560902,internal_test|model_selection_validation|new_external_blind
useq03924,1,historical_anchor_quarantine,excluded_opened_external_exact_or_direct,300,20560902,internal_test|model_selection_validation|new_external_blind
useq03925,1,historical_anchor_quarantine,excluded_opened_external_exact_or_direct,300,20560902,internal_test|model_selection_validation|new_external_blind
useq03927,1,historical_anchor_quarantine,excluded_opened_external_exact_or_direct,300,20560902,internal_test|model_selection_validation|new_external_blind
useq03931,1,historical_anchor_quarantine,excluded_opened_external_exact_or_direct,300,20560902,internal_test|model_selection_validation|new_external_blind
useq03932,1,historical_anchor_quarantine,excluded_opened_external_exact_or_direct,300,20560902,internal_test|model_selection_validation|new_external_blind
useq03939,1,historical_anchor_quarantine,excluded_opened_external_exact_or_direct,300,20560902,internal_test|model_selection_validation|new_external_blind
useq03940,1,historical_anchor_quarantine,excluded_opened_external_exact_or_direct,300,20560902,internal_test|model_selection_validation|new_external_blind
useq03942,1,historical_anchor_quarantine,excluded_opened_external_exact_or_direct,300,20560902,internal_test|model_selection_validation|new_external_blind
useq03946,1,historical_anchor_quarantine,excluded_opened_external_exact_or_direct,300,20560902,internal_test|model_selection_validation|new_external_blind
useq03947,2,historical_anchor_quarantine,excluded_opened_external_exact_or_direct,300,20560902,internal_test|model_selection_validation|new_external_blind
useq03948,1,historical_anchor_quarantine,excluded_opened_external_exact_or_direct,300,20560902,internal_test|model_selection_validation|new_external_blind
useq03949,1,historical_anchor_quarantine,excluded_opened_external_exact_or_direct,300,20560902,internal_test|model_selection_validation|new_external_blind
useq03950,2,historical_anchor_quarantine,excluded_opened_external_exact_or_direct,300,20560902,internal_test|model_selection_validation|new_external_blind
useq03951,1,historical_anchor_quarantine,excluded_opened_external_exact_or_direct,300,20560902,internal_test|model_selection_validation|new_external_blind
useq03953,1,historical_anchor_quarantine,excluded_opened_external_exact_or_direct,300,20560902,internal_test|model_selection_validation|new_external_blind
useq03955,1,historical_anchor_quarantine,excluded_opened_external_exact_or_direct,300,20560902,internal_test|model_selection_validation|new_external_blind
useq03957,1,historical_anchor_quarantine,excluded_opened_external_exact_or_direct,300,20560902,internal_test|model_selection_validation|new_external_blind
useq03959,1,historical_anchor_quarantine,excluded_opened_external_exact_or_direct,300,20560902,internal_test|model_selection_validation|new_external_blind
useq03960,2,historical_anchor_quarantine,excluded_opened_external_exact_or_direct,300,20560902,internal_test|model_selection_validation|new_external_blind
useq03961,1,historical_anchor_quarantine,excluded_opened_external_exact_or_direct,300,20560902,internal_test|model_selection_validation|new_external_blind
useq03962,1,historical_anchor_quarantine,excluded_opened_external_exact_or_direct,300,20560902,internal_test|model_selection_validation|new_external_blind
useq03964,1,historical_anchor_quarantine,excluded_opened_external_exact_or_direct,300,20560902,internal_test|model_selection_validation|new_external_blind
useq03965,1,historical_anchor_quarantine,excluded_opened_external_exact_or_direct,300,20560902,internal_test|model_selection_validation|new_external_blind
useq03967,1,historical_anchor_quarantine,excluded_opened_external_exact_or_direct,300,20560902,internal_test|model_selection_validation|new_external_blind
useq03968,1,historical_anchor_quarantine,excluded_opened_external_exact_or_direct,300,20560902,internal_test|model_selection_validation|new_external_blind
useq03969,1,historical_anchor_quarantine,excluded_opened_external_exact_or_direct,300,20560902,internal_test|model_selection_validation|new_external_blind
useq03970,1,historical_anchor_quarantine,excluded_opened_external_exact_or_direct,300,20560902,internal_test|model_selection_validation|new_external_blind
useq03971,1,historical_anchor_quarantine,excluded_opened_external_exact_or_direct,300,20560902,internal_test|model_selection_validation|new_external_blind
useq03972,1,historical_anchor_quarantine,excluded_opened_external_exact_or_direct,300,20560902,internal_test|model_selection_validation|new_external_blind
useq03973,1,historical_anchor_quarantine,excluded_opened_external_exact_or_direct,300,20560902,internal_test|model_selection_validation|new_external_blind
useq03978,1,historical_anchor_quarantine,excluded_opened_external_exact_or_direct,300,20560902,internal_test|model_selection_validation|new_external_blind
useq03981,1,historical_anchor_quarantine,excluded_opened_external_exact_or_direct,300,20560902,internal_test|model_selection_validation|new_external_blind
useq03984,1,historical_anchor_quarantine,excluded_opened_external_exact_or_direct,300,20560902,internal_test|model_selection_validation|new_external_blind
useq03985,5,historical_anchor_quarantine,excluded_opened_external_exact_or_direct,300,20560902,internal_test|model_selection_validation|new_external_blind
useq03987,1,historical_anchor_quarantine,excluded_opened_external_exact_or_direct,300,20560902,internal_test|model_selection_validation|new_external_blind
useq03991,1,historical_anchor_quarantine,excluded_opened_external_exact_or_direct,300,20560902,internal_test|model_selection_validation|new_external_blind
useq03994,1,historical_anchor_quarantine,excluded_opened_external_exact_or_direct,300,20560902,internal_test|model_selection_validation|new_external_blind
useq03995,1,historical_anchor_quarantine,excluded_opened_external_exact_or_direct,300,20560902,internal_test|model_selection_validation|new_external_blind
useq03996,1,historical_anchor_quarantine,excluded_opened_external_exact_or_direct,300,20560902,internal_test|model_selection_validation|new_external_blind
useq03998,1,historical_anchor_quarantine,excluded_opened_external_exact_or_direct,300,20560902,internal_test|model_selection_validation|new_external_blind
useq03999,1,historical_anchor_quarantine,excluded_opened_external_exact_or_direct,300,20560902,internal_test|model_selection_validation|new_external_blind
useq04003,1,historical_anchor_quarantine,excluded_opened_external_exact_or_direct,300,20560902,internal_test|model_selection_validation|new_external_blind
useq04005,1,historical_anchor_quarantine,excluded_opened_external_exact_or_direct,300,20560902,internal_test|model_selection_validation|new_external_blind
useq04007,1,historical_anchor_quarantine,excluded_opened_external_exact_or_direct,300,20560902,internal_test|model_selection_validation|new_external_blind
useq04008,1,historical_anchor_quarantine,excluded_opened_external_exact_or_direct,300,20560902,internal_test|model_selection_validation|new_external_blind
useq04011,1,historical_anchor_quarantine,excluded_opened_external_exact_or_direct,300,20560902,internal_test|model_selection_validation|new_external_blind
useq04012,1,historical_anchor_quarantine,excluded_opened_external_exact_or_direct,300,20560902,internal_test|model_selection_validation|new_external_blind
useq04014,2,historical_anchor_quarantine,excluded_opened_external_exact_or_direct,300,20560902,internal_test|model_selection_validation|new_external_blind
useq04015,1,historical_anchor_quarantine,excluded_opened_external_exact_or_direct,300,20560902,internal_test|model_selection_validation|new_external_blind
useq04016,1,historical_anchor_quarantine,excluded_opened_external_exact_or_direct,300,20560902,internal_test|model_selection_validation|new_external_blind
useq04017,1,historical_anchor_quarantine,excluded_opened_external_exact_or_direct,300,20560902,internal_test|model_selection_validation|new_external_blind
useq04018,1,historical_anchor_quarantine,excluded_opened_external_exact_or_direct,300,20560902,internal_test|model_selection_validation|new_external_blind
useq04021,1,historical_anchor_quarantine,excluded_opened_external_exact_or_direct,300,20560902,internal_test|model_selection_validation|new_external_blind
useq04022,1,historical_anchor_quarantine,excluded_opened_external_exact_or_direct,300,20560902,internal_test|model_selection_validation|new_external_blind
useq04025,1,historical_anchor_quarantine,excluded_opened_external_exact_or_direct,300,20560902,internal_test|model_selection_validation|new_external_blind
useq04027,1,historical_anchor_quarantine,excluded_opened_external_exact_or_direct,300,20560902,internal_test|model_selection_validation|new_external_blind
useq04028,1,historical_anchor_quarantine,excluded_opened_external_exact_or_direct,300,20560902,internal_test|model_selection_validation|new_external_blind
useq04029,1,historical_anchor_quarantine,excluded_opened_external_exact_or_direct,300,20560902,internal_test|model_selection_validation|new_external_blind
useq04031,1,historical_anchor_quarantine,excluded_opened_external_exact_or_direct,300,20560902,internal_test|model_selection_validation|new_external_blind
useq04035,1,historical_anchor_quarantine,excluded_opened_external_exact_or_direct,300,20560902,internal_test|model_selection_validation|new_external_blind
useq04037,1,historical_anchor_quarantine,excluded_opened_external_exact_or_direct,300,20560902,internal_test|model_selection_validation|new_external_blind
useq04039,1,historical_anchor_quarantine,excluded_opened_external_exact_or_direct,300,20560902,internal_test|model_selection_validation|new_external_blind
useq04040,1,historical_anchor_quarantine,excluded_opened_external_exact_or_direct,300,20560902,internal_test|model_selection_validation|new_external_blind
useq04043,1,historical_anchor_quarantine,excluded_opened_external_exact_or_direct,300,20560902,internal_test|model_selection_validation|new_external_blind
useq04044,1,historical_anchor_quarantine,excluded_opened_external_exact_or_direct,300,20560902,internal_test|model_selection_validation|new_external_blind
useq04047,2,historical_anchor_quarantine,excluded_opened_external_exact_or_direct,300,20560902,internal_test|model_selection_validation|new_external_blind
useq04049,1,historical_anchor_quarantine,excluded_opened_external_exact_or_direct,300,20560902,internal_test|model_selection_validation|new_external_blind
useq04054,1,historical_anchor_quarantine,excluded_opened_external_exact_or_direct,300,20560902,internal_test|model_selection_validation|new_external_blind
useq04055,1,historical_anchor_quarantine,excluded_opened_external_exact_or_direct,300,20560902,internal_test|model_selection_validation|new_external_blind
useq04056,1,historical_anchor_quarantine,excluded_opened_external_exact_or_direct,300,20560902,internal_test|model_selection_validation|new_external_blind
useq04059,1,historical_anchor_quarantine,excluded_opened_external_exact_or_direct,300,20560902,internal_test|model_selection_validation|new_external_blind
useq04060,1,historical_anchor_quarantine,excluded_opened_external_exact_or_direct,300,20560902,internal_test|model_selection_validation|new_external_blind
useq04062,2,historical_anchor_quarantine,excluded_opened_external_exact_or_direct,300,20560902,internal_test|model_selection_validation|new_external_blind
useq04063,1,historical_anchor_quarantine,excluded_opened_external_exact_or_direct,300,20560902,internal_test|model_selection_validation|new_external_blind
useq04065,1,historical_anchor_quarantine,excluded_opened_external_exact_or_direct,300,20560902,internal_test|model_selection_validation|new_external_blind
useq04067,1,historical_anchor_quarantine,excluded_opened_external_exact_or_direct,300,20560902,internal_test|model_selection_validation|new_external_blind
useq04068,1,historical_anchor_quarantine,excluded_opened_external_exact_or_direct,300,20560902,internal_test|model_selection_validation|new_external_blind
useq04069,1,historical_anchor_quarantine,excluded_opened_external_exact_or_direct,300,20560902,internal_test|model_selection_validation|new_external_blind
useq04070,1,historical_anchor_quarantine,excluded_opened_external_exact_or_direct,300,20560902,internal_test|model_selection_validation|new_external_blind
useq04071,2,historical_anchor_quarantine,excluded_opened_external_exact_or_direct,300,20560902,internal_test|model_selection_validation|new_external_blind
useq04072,1,historical_anchor_quarantine,excluded_opened_external_exact_or_direct,300,20560902,internal_test|model_selection_validation|new_external_blind
useq04073,1,historical_anchor_quarantine,excluded_opened_external_exact_or_direct,300,20560902,internal_test|model_selection_validation|new_external_blind
useq04075,1,historical_anchor_quarantine,excluded_opened_external_exact_or_direct,300,20560902,internal_test|model_selection_validation|new_external_blind
useq04076,1,historical_anchor_quarantine,excluded_opened_external_exact_or_direct,300,20560902,internal_test|model_selection_validation|new_external_blind
useq04077,2,historical_anchor_quarantine,excluded_opened_external_exact_or_direct,300,20560902,internal_test|model_selection_validation|new_external_blind
useq04078,2,historical_anchor_quarantine,excluded_opened_external_exact_or_direct,300,20560902,internal_test|model_selection_validation|new_external_blind
useq04079,1,historical_anchor_quarantine,excluded_opened_external_exact_or_direct,300,20560902,internal_test|model_selection_validation|new_external_blind
useq04081,1,historical_anchor_quarantine,excluded_opened_external_exact_or_direct,300,20560902,internal_test|model_selection_validation|new_external_blind
useq04082,1,historical_anchor_quarantine,excluded_opened_external_exact_or_direct,300,20560902,internal_test|model_selection_validation|new_external_blind
useq04084,1,historical_anchor_quarantine,excluded_opened_external_exact_or_direct,300,20560902,internal_test|model_selection_validation|new_external_blind
useq04086,1,historical_anchor_quarantine,excluded_opened_external_exact_or_direct,300,20560902,internal_test|model_selection_validation|new_external_blind
useq04087,1,historical_anchor_quarantine,excluded_opened_external_exact_or_direct,300,20560902,internal_test|model_selection_validation|new_external_blind
useq04090,1,historical_anchor_quarantine,excluded_opened_external_exact_or_direct,300,20560902,internal_test|model_selection_validation|new_external_blind
useq04091,1,historical_anchor_quarantine,excluded_opened_external_exact_or_direct,300,20560902,internal_test|model_selection_validation|new_external_blind
useq04093,1,historical_anchor_quarantine,excluded_opened_external_exact_or_direct,300,20560902,internal_test|model_selection_validation|new_external_blind
useq04096,1,historical_anchor_quarantine,excluded_opened_external_exact_or_direct,300,20560902,internal_test|model_selection_validation|new_external_blind
useq04097,1,historical_anchor_quarantine,excluded_opened_external_exact_or_direct,300,20560902,internal_test|model_selection_validation|new_external_blind
useq04098,1,historical_anchor_quarantine,excluded_opened_external_exact_or_direct,300,20560902,internal_test|model_selection_validation|new_external_blind
useq04099,1,historical_anchor_quarantine,excluded_opened_external_exact_or_direct,300,20560902,internal_test|model_selection_validation|new_external_blind
useq04100,1,historical_anchor_quarantine,excluded_opened_external_exact_or_direct,300,20560902,internal_test|model_selection_validation|new_external_blind
useq04102,1,historical_anchor_quarantine,excluded_opened_external_exact_or_direct,300,20560902,internal_test|model_selection_validation|new_external_blind
useq04103,1,historical_anchor_quarantine,excluded_opened_external_exact_or_direct,300,20560902,internal_test|model_selection_validation|new_external_blind
useq04104,1,historical_anchor_quarantine,excluded_opened_external_exact_or_direct,300,20560902,internal_test|model_selection_validation|new_external_blind
useq04109,1,historical_anchor_quarantine,excluded_opened_external_exact_or_direct,300,20560902,internal_test|model_selection_validation|new_external_blind
useq04110,1,historical_anchor_quarantine,excluded_opened_external_exact_or_direct,300,20560902,internal_test|model_selection_validation|new_external_blind
useq04112,1,historical_anchor_quarantine,excluded_opened_external_exact_or_direct,300,20560902,internal_test|model_selection_validation|new_external_blind
useq04115,1,historical_anchor_quarantine,excluded_opened_external_exact_or_direct,300,20560902,internal_test|model_selection_validation|new_external_blind
useq04116,1,historical_anchor_quarantine,excluded_opened_external_exact_or_direct,300,20560902,internal_test|model_selection_validation|new_external_blind
useq04122,1,historical_anchor_quarantine,excluded_opened_external_exact_or_direct,300,20560902,internal_test|model_selection_validation|new_external_blind
useq04125,6,historical_anchor_quarantine,excluded_opened_external_exact_or_direct,300,20560902,internal_test|model_selection_validation|new_external_blind
useq04126,1,historical_anchor_quarantine,excluded_opened_external_exact_or_direct,300,20560902,internal_test|model_selection_validation|new_external_blind
useq04128,2,historical_anchor_quarantine,excluded_opened_external_exact_or_direct,300,20560902,internal_test|model_selection_validation|new_external_blind
useq04130,1,historical_anchor_quarantine,excluded_opened_external_exact_or_direct,300,20560902,internal_test|model_selection_validation|new_external_blind
useq04131,1,historical_anchor_quarantine,excluded_opened_external_exact_or_direct,300,20560902,internal_test|model_selection_validation|new_external_blind
useq04133,1,historical_anchor_quarantine,excluded_opened_external_exact_or_direct,300,20560902,internal_test|model_selection_validation|new_external_blind
useq04135,1,historical_anchor_quarantine,excluded_opened_external_exact_or_direct,300,20560902,internal_test|model_selection_validation|new_external_blind
useq04140,1,historical_anchor_quarantine,excluded_opened_external_exact_or_direct,300,20560902,internal_test|model_selection_validation|new_external_blind
useq04141,1,historical_anchor_quarantine,excluded_opened_external_exact_or_direct,300,20560902,internal_test|model_selection_validation|new_external_blind
useq04142,2,historical_anchor_quarantine,excluded_opened_external_exact_or_direct,300,20560902,internal_test|model_selection_validation|new_external_blind
useq04145,1,historical_anchor_quarantine,excluded_opened_external_exact_or_direct,300,20560902,internal_test|model_selection_validation|new_external_blind
useq04148,1,historical_anchor_quarantine,excluded_opened_external_exact_or_direct,300,20560902,internal_test|model_selection_validation|new_external_blind
useq04151,1,historical_anchor_quarantine,excluded_opened_external_exact_or_direct,300,20560902,internal_test|model_selection_validation|new_external_blind
useq04152,1,historical_anchor_quarantine,excluded_opened_external_exact_or_direct,300,20560902,internal_test|model_selection_validation|new_external_blind
useq04153,1,historical_anchor_quarantine,excluded_opened_external_exact_or_direct,300,20560902,internal_test|model_selection_validation|new_external_blind
useq04154,1,historical_anchor_quarantine,excluded_opened_external_exact_or_direct,300,20560902,internal_test|model_selection_validation|new_external_blind
useq04156,1,historical_anchor_quarantine,excluded_opened_external_exact_or_direct,300,20560902,internal_test|model_selection_validation|new_external_blind
useq04157,3,historical_anchor_quarantine,excluded_opened_external_exact_or_direct,300,20560902,internal_test|model_selection_validation|new_external_blind
useq04158,1,historical_anchor_quarantine,excluded_opened_external_exact_or_direct,300,20560902,internal_test|model_selection_validation|new_external_blind
useq04162,1,historical_anchor_quarantine,excluded_opened_external_exact_or_direct,300,20560902,internal_test|model_selection_validation|new_external_blind
useq04166,1,historical_anchor_quarantine,excluded_opened_external_exact_or_direct,300,20560902,internal_test|model_selection_validation|new_external_blind
useq04168,2,historical_anchor_quarantine,excluded_opened_external_exact_or_direct,300,20560902,internal_test|model_selection_validation|new_external_blind
useq04171,1,historical_anchor_quarantine,excluded_opened_external_exact_or_direct,300,20560902,internal_test|model_selection_validation|new_external_blind
useq04173,3,historical_anchor_quarantine,excluded_opened_external_exact_or_direct,300,20560902,internal_test|model_selection_validation|new_external_blind
useq04175,1,historical_anchor_quarantine,excluded_opened_external_exact_or_direct,300,20560902,internal_test|model_selection_validation|new_external_blind
useq04176,1,historical_anchor_quarantine,excluded_opened_external_exact_or_direct,300,20560902,internal_test|model_selection_validation|new_external_blind
useq04177,1,historical_anchor_quarantine,excluded_opened_external_exact_or_direct,300,20560902,internal_test|model_selection_validation|new_external_blind
useq04178,1,historical_anchor_quarantine,excluded_opened_external_exact_or_direct,300,20560902,internal_test|model_selection_validation|new_external_blind
useq04179,1,historical_anchor_quarantine,excluded_opened_external_exact_or_direct,300,20560902,internal_test|model_selection_validation|new_external_blind
useq04181,1,historical_anchor_quarantine,excluded_opened_external_exact_or_direct,300,20560902,internal_test|model_selection_validation|new_external_blind
useq04182,1,historical_anchor_quarantine,excluded_opened_external_exact_or_direct,300,20560902,internal_test|model_selection_validation|new_external_blind
useq04183,1,historical_anchor_quarantine,excluded_opened_external_exact_or_direct,300,20560902,internal_test|model_selection_validation|new_external_blind
useq04186,1,historical_anchor_quarantine,excluded_opened_external_exact_or_direct,300,20560902,internal_test|model_selection_validation|new_external_blind
useq04187,1,historical_anchor_quarantine,excluded_opened_external_exact_or_direct,300,20560902,internal_test|model_selection_validation|new_external_blind
useq04188,1,historical_anchor_quarantine,excluded_opened_external_exact_or_direct,300,20560902,internal_test|model_selection_validation|new_external_blind
useq04193,1,historical_anchor_quarantine,excluded_opened_external_exact_or_direct,300,20560902,internal_test|model_selection_validation|new_external_blind
useq04194,1,historical_anchor_quarantine,excluded_opened_external_exact_or_direct,300,20560902,internal_test|model_selection_validation|new_external_blind
useq04195,1,historical_anchor_quarantine,excluded_opened_external_exact_or_direct,300,20560902,internal_test|model_selection_validation|new_external_blind
useq04196,1,historical_anchor_quarantine,excluded_opened_external_exact_or_direct,300,20560902,internal_test|model_selection_validation|new_external_blind
useq04199,1,historical_anchor_quarantine,excluded_opened_external_exact_or_direct,300,20560902,internal_test|model_selection_validation|new_external_blind
useq04200,1,historical_anchor_quarantine,excluded_opened_external_exact_or_direct,300,20560902,internal_test|model_selection_validation|new_external_blind
useq04203,1,historical_anchor_quarantine,excluded_opened_external_exact_or_direct,300,20560902,internal_test|model_selection_validation|new_external_blind
useq04206,1,historical_anchor_quarantine,excluded_opened_external_exact_or_direct,300,20560902,internal_test|model_selection_validation|new_external_blind
useq04207,1,historical_anchor_quarantine,excluded_opened_external_exact_or_direct,300,20560902,internal_test|model_selection_validation|new_external_blind
useq04208,1,historical_anchor_quarantine,excluded_opened_external_exact_or_direct,300,20560902,internal_test|model_selection_validation|new_external_blind
useq04209,1,historical_anchor_quarantine,excluded_opened_external_exact_or_direct,300,20560902,internal_test|model_selection_validation|new_external_blind
useq04211,1,historical_anchor_quarantine,excluded_opened_external_exact_or_direct,300,20560902,internal_test|model_selection_validation|new_external_blind
useq04212,1,historical_anchor_quarantine,excluded_opened_external_exact_or_direct,300,20560902,internal_test|model_selection_validation|new_external_blind
useq04213,1,historical_anchor_quarantine,excluded_opened_external_exact_or_direct,300,20560902,internal_test|model_selection_validation|new_external_blind
useq04214,2,historical_anchor_quarantine,excluded_opened_external_exact_or_direct,300,20560902,internal_test|model_selection_validation|new_external_blind
useq04215,1,historical_anchor_quarantine,excluded_opened_external_exact_or_direct,300,20560902,internal_test|model_selection_validation|new_external_blind
useq04216,1,historical_anchor_quarantine,excluded_opened_external_exact_or_direct,300,20560902,internal_test|model_selection_validation|new_external_blind
useq04219,1,historical_anchor_quarantine,excluded_opened_external_exact_or_direct,300,20560902,internal_test|model_selection_validation|new_external_blind
useq04220,1,historical_anchor_quarantine,excluded_opened_external_exact_or_direct,300,20560902,internal_test|model_selection_validation|new_external_blind
useq04222,1,historical_anchor_quarantine,excluded_opened_external_exact_or_direct,300,20560902,internal_test|model_selection_validation|new_external_blind
useq04224,1,historical_anchor_quarantine,excluded_opened_external_exact_or_direct,300,20560902,internal_test|model_selection_validation|new_external_blind
useq04225,1,historical_anchor_quarantine,excluded_opened_external_exact_or_direct,300,20560902,internal_test|model_selection_validation|new_external_blind
useq04226,2,historical_anchor_quarantine,excluded_opened_external_exact_or_direct,300,20560902,internal_test|model_selection_validation|new_external_blind
useq04228,1,historical_anchor_quarantine,excluded_opened_external_exact_or_direct,300,20560902,internal_test|model_selection_validation|new_external_blind
useq04229,1,historical_anchor_quarantine,excluded_opened_external_exact_or_direct,300,20560902,internal_test|model_selection_validation|new_external_blind
useq04230,1,historical_anchor_quarantine,excluded_opened_external_exact_or_direct,300,20560902,internal_test|model_selection_validation|new_external_blind
useq04231,1,historical_anchor_quarantine,excluded_opened_external_exact_or_direct,300,20560902,internal_test|model_selection_validation|new_external_blind
useq04232,1,historical_anchor_quarantine,excluded_opened_external_exact_or_direct,300,20560902,internal_test|model_selection_validation|new_external_blind
useq04234,1,historical_anchor_quarantine,excluded_opened_external_exact_or_direct,300,20560902,internal_test|model_selection_validation|new_external_blind
useq04236,4,historical_anchor_quarantine,excluded_opened_external_exact_or_direct,300,20560902,internal_test|model_selection_validation|new_external_blind
useq04237,1,historical_anchor_quarantine,excluded_opened_external_exact_or_direct,300,20560902,internal_test|model_selection_validation|new_external_blind
useq04238,1,historical_anchor_quarantine,excluded_opened_external_exact_or_direct,300,20560902,internal_test|model_selection_validation|new_external_blind
useq04244,1,historical_anchor_quarantine,excluded_opened_external_exact_or_direct,300,20560902,internal_test|model_selection_validation|new_external_blind
useq04245,1,historical_anchor_quarantine,excluded_opened_external_exact_or_direct,300,20560902,internal_test|model_selection_validation|new_external_blind
useq04249,1,historical_anchor_quarantine,excluded_opened_external_exact_or_direct,300,20560902,internal_test|model_selection_validation|new_external_blind
useq04250,1,historical_anchor_quarantine,excluded_opened_external_exact_or_direct,300,20560902,internal_test|model_selection_validation|new_external_blind
useq04253,1,historical_anchor_quarantine,excluded_opened_external_exact_or_direct,300,20560902,internal_test|model_selection_validation|new_external_blind
useq04254,1,historical_anchor_quarantine,excluded_opened_external_exact_or_direct,300,20560902,internal_test|model_selection_validation|new_external_blind
useq04259,1,historical_anchor_quarantine,excluded_opened_external_exact_or_direct,300,20560902,internal_test|model_selection_validation|new_external_blind
useq04263,1,historical_anchor_quarantine,excluded_opened_external_exact_or_direct,300,20560902,internal_test|model_selection_validation|new_external_blind
useq04266,1,historical_anchor_quarantine,excluded_opened_external_exact_or_direct,300,20560902,internal_test|model_selection_validation|new_external_blind
useq04267,1,historical_anchor_quarantine,excluded_opened_external_exact_or_direct,300,20560902,internal_test|model_selection_validation|new_external_blind
useq04271,1,historical_anchor_quarantine,excluded_opened_external_exact_or_direct,300,20560902,internal_test|model_selection_validation|new_external_blind
useq04272,1,historical_anchor_quarantine,excluded_opened_external_exact_or_direct,300,20560902,internal_test|model_selection_validation|new_external_blind
useq04276,1,historical_anchor_quarantine,excluded_opened_external_exact_or_direct,300,20560902,internal_test|model_selection_validation|new_external_blind
useq04279,1,historical_anchor_quarantine,excluded_opened_external_exact_or_direct,300,20560902,internal_test|model_selection_validation|new_external_blind
useq04280,1,historical_anchor_quarantine,excluded_opened_external_exact_or_direct,300,20560902,internal_test|model_selection_validation|new_external_blind
useq04282,1,historical_anchor_quarantine,excluded_opened_external_exact_or_direct,300,20560902,internal_test|model_selection_validation|new_external_blind
useq04284,2,historical_anchor_quarantine,excluded_opened_external_exact_or_direct,300,20560902,internal_test|model_selection_validation|new_external_blind
useq04285,1,historical_anchor_quarantine,excluded_opened_external_exact_or_direct,300,20560902,internal_test|model_selection_validation|new_external_blind
useq04288,1,historical_anchor_quarantine,excluded_opened_external_exact_or_direct,300,20560902,internal_test|model_selection_validation|new_external_blind
useq04291,1,historical_anchor_quarantine,excluded_opened_external_exact_or_direct,300,20560902,internal_test|model_selection_validation|new_external_blind
useq04292,1,historical_anchor_quarantine,excluded_opened_external_exact_or_direct,300,20560902,internal_test|model_selection_validation|new_external_blind
useq04297,1,historical_anchor_quarantine,excluded_opened_external_exact_or_direct,300,20560902,internal_test|model_selection_validation|new_external_blind
useq04300,2,historical_anchor_quarantine,excluded_opened_external_exact_or_direct,300,20560902,internal_test|model_selection_validation|new_external_blind
useq04301,1,historical_anchor_quarantine,excluded_opened_external_exact_or_direct,300,20560902,internal_test|model_selection_validation|new_external_blind
useq04303,1,historical_anchor_quarantine,excluded_opened_external_exact_or_direct,300,20560902,internal_test|model_selection_validation|new_external_blind
useq04304,1,historical_anchor_quarantine,excluded_opened_external_exact_or_direct,300,20560902,internal_test|model_selection_validation|new_external_blind
useq04305,2,historical_anchor_quarantine,excluded_opened_external_exact_or_direct,300,20560902,internal_test|model_selection_validation|new_external_blind
useq04307,1,historical_anchor_quarantine,excluded_opened_external_exact_or_direct,300,20560902,internal_test|model_selection_validation|new_external_blind
useq04308,1,historical_anchor_quarantine,excluded_opened_external_exact_or_direct,300,20560902,internal_test|model_selection_validation|new_external_blind
useq04310,1,historical_anchor_quarantine,excluded_opened_external_exact_or_direct,300,20560902,internal_test|model_selection_validation|new_external_blind
useq04314,1,historical_anchor_quarantine,excluded_opened_external_exact_or_direct,300,20560902,internal_test|model_selection_validation|new_external_blind
useq04315,1,historical_anchor_quarantine,excluded_opened_external_exact_or_direct,300,20560902,internal_test|model_selection_validation|new_external_blind
useq04319,1,historical_anchor_quarantine,excluded_opened_external_exact_or_direct,300,20560902,internal_test|model_selection_validation|new_external_blind
useq04321,1,historical_anchor_quarantine,excluded_opened_external_exact_or_direct,300,20560902,internal_test|model_selection_validation|new_external_blind
useq04323,1,historical_anchor_quarantine,excluded_opened_external_exact_or_direct,300,20560902,internal_test|model_selection_validation|new_external_blind
useq04325,1,historical_anchor_quarantine,excluded_opened_external_exact_or_direct,300,20560902,internal_test|model_selection_validation|new_external_blind
useq04326,1,historical_anchor_quarantine,excluded_opened_external_exact_or_direct,300,20560902,internal_test|model_selection_validation|new_external_blind
useq04327,1,historical_anchor_quarantine,excluded_opened_external_exact_or_direct,300,20560902,internal_test|model_selection_validation|new_external_blind
useq04328,1,historical_anchor_quarantine,excluded_opened_external_exact_or_direct,300,20560902,internal_test|model_selection_validation|new_external_blind
useq04336,1,historical_anchor_quarantine,excluded_opened_external_exact_or_direct,300,20560902,internal_test|model_selection_validation|new_external_blind
useq04339,1,historical_anchor_quarantine,excluded_opened_external_exact_or_direct,300,20560902,internal_test|model_selection_validation|new_external_blind
useq04340,1,historical_anchor_quarantine,excluded_opened_external_exact_or_direct,300,20560902,internal_test|model_selection_validation|new_external_blind
useq04341,1,historical_anchor_quarantine,excluded_opened_external_exact_or_direct,300,20560902,internal_test|model_selection_validation|new_external_blind
useq04343,1,historical_anchor_quarantine,excluded_opened_external_exact_or_direct,300,20560902,internal_test|model_selection_validation|new_external_blind
useq04345,1,historical_anchor_quarantine,excluded_opened_external_exact_or_direct,300,20560902,internal_test|model_selection_validation|new_external_blind
useq04349,1,historical_anchor_quarantine,excluded_opened_external_exact_or_direct,300,20560902,internal_test|model_selection_validation|new_external_blind
useq04350,1,historical_anchor_quarantine,excluded_opened_external_exact_or_direct,300,20560902,internal_test|model_selection_validation|new_external_blind
useq04354,1,historical_anchor_quarantine,excluded_opened_external_exact_or_direct,300,20560902,internal_test|model_selection_validation|new_external_blind
useq04362,1,historical_anchor_quarantine,excluded_opened_external_exact_or_direct,300,20560902,internal_test|model_selection_validation|new_external_blind
useq04363,1,historical_anchor_quarantine,excluded_opened_external_exact_or_direct,300,20560902,internal_test|model_selection_validation|new_external_blind
useq04364,1,historical_anchor_quarantine,excluded_opened_external_exact_or_direct,300,20560902,internal_test|model_selection_validation|new_external_blind
useq04365,1,historical_anchor_quarantine,excluded_opened_external_exact_or_direct,300,20560902,internal_test|model_selection_validation|new_external_blind
useq00016,1,internal_test,assigned_evaluation,300,20560902,internal_test|model_selection_validation|new_external_blind
useq00212,1,internal_test,assigned_evaluation,300,20560902,internal_test|model_selection_validation|new_external_blind
useq00409,1,internal_test,assigned_evaluation,300,20560902,internal_test|model_selection_validation|new_external_blind
useq00476,2,internal_test,assigned_evaluation,300,20560902,internal_test|model_selection_validation|new_external_blind
useq00534,1,internal_test,assigned_evaluation,300,20560902,internal_test|model_selection_validation|new_external_blind
useq00676,1,internal_test,assigned_evaluation,300,20560902,internal_test|model_selection_validation|new_external_blind
useq00814,1,internal_test,assigned_evaluation,300,20560902,internal_test|model_selection_validation|new_external_blind
useq00981,1,internal_test,assigned_evaluation,300,20560902,internal_test|model_selection_validation|new_external_blind
useq01277,1,internal_test,assigned_evaluation,300,20560902,internal_test|model_selection_validation|new_external_blind
useq01476,1,internal_test,assigned_evaluation,300,20560902,internal_test|model_selection_validation|new_external_blind
useq01918,1,internal_test,assigned_evaluation,300,20560902,internal_test|model_selection_validation|new_external_blind
useq02241,2,internal_test,assigned_evaluation,300,20560902,internal_test|model_selection_validation|new_external_blind
useq02673,1,internal_test,assigned_evaluation,300,20560902,internal_test|model_selection_validation|new_external_blind
useq02826,1,internal_test,assigned_evaluation,300,20560902,internal_test|model_selection_validation|new_external_blind
useq02884,1,internal_test,assigned_evaluation,300,20560902,internal_test|model_selection_validation|new_external_blind
useq03104,1,internal_test,assigned_evaluation,300,20560902,internal_test|model_selection_validation|new_external_blind
useq03332,1,internal_test,assigned_evaluation,300,20560902,internal_test|model_selection_validation|new_external_blind
useq03505,1,internal_test,assigned_evaluation,300,20560902,internal_test|model_selection_validation|new_external_blind
useq03546,1,internal_test,assigned_evaluation,300,20560902,internal_test|model_selection_validation|new_external_blind
useq03636,1,internal_test,assigned_evaluation,300,20560902,internal_test|model_selection_validation|new_external_blind
useq03905,1,internal_test,assigned_evaluation,300,20560902,internal_test|model_selection_validation|new_external_blind
useq04009,1,internal_test,assigned_evaluation,300,20560902,internal_test|model_selection_validation|new_external_blind
useq04013,1,internal_test,assigned_evaluation,300,20560902,internal_test|model_selection_validation|new_external_blind
useq04026,1,internal_test,assigned_evaluation,300,20560902,internal_test|model_selection_validation|new_external_blind
useq04083,2,internal_test,assigned_evaluation,300,20560902,internal_test|model_selection_validation|new_external_blind
useq04190,1,internal_test,assigned_evaluation,300,20560902,internal_test|model_selection_validation|new_external_blind
useq04270,1,internal_test,assigned_evaluation,300,20560902,internal_test|model_selection_validation|new_external_blind
useq00162,1,model_selection_validation,assigned_evaluation,300,20560902,internal_test|model_selection_validation|new_external_blind
useq00256,1,model_selection_validation,assigned_evaluation,300,20560902,internal_test|model_selection_validation|new_external_blind
useq00386,1,model_selection_validation,assigned_evaluation,300,20560902,internal_test|model_selection_validation|new_external_blind
useq00661,1,model_selection_validation,assigned_evaluation,300,20560902,internal_test|model_selection_validation|new_external_blind
useq00719,1,model_selection_validation,assigned_evaluation,300,20560902,internal_test|model_selection_validation|new_external_blind
useq01053,1,model_selection_validation,assigned_evaluation,300,20560902,internal_test|model_selection_validation|new_external_blind
useq01159,1,model_selection_validation,assigned_evaluation,300,20560902,internal_test|model_selection_validation|new_external_blind
useq01197,1,model_selection_validation,assigned_evaluation,300,20560902,internal_test|model_selection_validation|new_external_blind
useq01463,1,model_selection_validation,assigned_evaluation,300,20560902,internal_test|model_selection_validation|new_external_blind
useq01928,1,model_selection_validation,assigned_evaluation,300,20560902,internal_test|model_selection_validation|new_external_blind
useq01955,2,model_selection_validation,assigned_evaluation,300,20560902,internal_test|model_selection_validation|new_external_blind
useq01957,1,model_selection_validation,assigned_evaluation,300,20560902,internal_test|model_selection_validation|new_external_blind
useq02096,1,model_selection_validation,assigned_evaluation,300,20560902,internal_test|model_selection_validation|new_external_blind
useq02364,1,model_selection_validation,assigned_evaluation,300,20560902,internal_test|model_selection_validation|new_external_blind
useq02517,1,model_selection_validation,assigned_evaluation,300,20560902,internal_test|model_selection_validation|new_external_blind
useq02533,1,model_selection_validation,assigned_evaluation,300,20560902,internal_test|model_selection_validation|new_external_blind
useq02547,1,model_selection_validation,assigned_evaluation,300,20560902,internal_test|model_selection_validation|new_external_blind
useq02911,1,model_selection_validation,assigned_evaluation,300,20560902,internal_test|model_selection_validation|new_external_blind
useq03101,1,model_selection_validation,assigned_evaluation,300,20560902,internal_test|model_selection_validation|new_external_blind
useq03448,1,model_selection_validation,assigned_evaluation,300,20560902,internal_test|model_selection_validation|new_external_blind
useq03523,1,model_selection_validation,assigned_evaluation,300,20560902,internal_test|model_selection_validation|new_external_blind
useq03600,1,model_selection_validation,assigned_evaluation,300,20560902,internal_test|model_selection_validation|new_external_blind
useq03627,1,model_selection_validation,assigned_evaluation,300,20560902,internal_test|model_selection_validation|new_external_blind
useq03713,1,model_selection_validation,assigned_evaluation,300,20560902,internal_test|model_selection_validation|new_external_blind
useq03910,1,model_selection_validation,assigned_evaluation,300,20560902,internal_test|model_selection_validation|new_external_blind
useq04033,1,model_selection_validation,assigned_evaluation,300,20560902,internal_test|model_selection_validation|new_external_blind
useq04045,1,model_selection_validation,assigned_evaluation,300,20560902,internal_test|model_selection_validation|new_external_blind
useq04273,1,model_selection_validation,assigned_evaluation,300,20560902,internal_test|model_selection_validation|new_external_blind
useq04333,1,model_selection_validation,assigned_evaluation,300,20560902,internal_test|model_selection_validation|new_external_blind
useq00005,1,new_external_blind,assigned_evaluation,300,20560902,internal_test|model_selection_validation|new_external_blind
useq00095,1,new_external_blind,assigned_evaluation,300,20560902,internal_test|model_selection_validation|new_external_blind
useq00323,1,new_external_blind,assigned_evaluation,300,20560902,internal_test|model_selection_validation|new_external_blind
useq00444,1,new_external_blind,assigned_evaluation,300,20560902,internal_test|model_selection_validation|new_external_blind
useq00544,1,new_external_blind,assigned_evaluation,300,20560902,internal_test|model_selection_validation|new_external_blind
useq00552,1,new_external_blind,assigned_evaluation,300,20560902,internal_test|model_selection_validation|new_external_blind
useq00648,1,new_external_blind,assigned_evaluation,300,20560902,internal_test|model_selection_validation|new_external_blind
useq00784,1,new_external_blind,assigned_evaluation,300,20560902,internal_test|model_selection_validation|new_external_blind
useq00836,1,new_external_blind,assigned_evaluation,300,20560902,internal_test|model_selection_validation|new_external_blind
useq00962,2,new_external_blind,assigned_evaluation,300,20560902,internal_test|model_selection_validation|new_external_blind
useq01216,1,new_external_blind,assigned_evaluation,300,20560902,internal_test|model_selection_validation|new_external_blind
useq01259,1,new_external_blind,assigned_evaluation,300,20560902,internal_test|model_selection_validation|new_external_blind
useq01356,1,new_external_blind,assigned_evaluation,300,20560902,internal_test|model_selection_validation|new_external_blind
useq01370,1,new_external_blind,assigned_evaluation,300,20560902,internal_test|model_selection_validation|new_external_blind
useq01511,1,new_external_blind,assigned_evaluation,300,20560902,internal_test|model_selection_validation|new_external_blind
useq01802,1,new_external_blind,assigned_evaluation,300,20560902,internal_test|model_selection_validation|new_external_blind
useq01874,1,new_external_blind,assigned_evaluation,300,20560902,internal_test|model_selection_validation|new_external_blind
useq02291,1,new_external_blind,assigned_evaluation,300,20560902,internal_test|model_selection_validation|new_external_blind
useq02317,1,new_external_blind,assigned_evaluation,300,20560902,internal_test|model_selection_validation|new_external_blind
useq02499,2,new_external_blind,assigned_evaluation,300,20560902,internal_test|model_selection_validation|new_external_blind
useq02550,2,new_external_blind,assigned_evaluation,300,20560902,internal_test|model_selection_validation|new_external_blind
useq02945,1,new_external_blind,assigned_evaluation,300,20560902,internal_test|model_selection_validation|new_external_blind
useq02982,1,new_external_blind,assigned_evaluation,300,20560902,internal_test|model_selection_validation|new_external_blind
useq03097,1,new_external_blind,assigned_evaluation,300,20560902,internal_test|model_selection_validation|new_external_blind
useq03142,1,new_external_blind,assigned_evaluation,300,20560902,internal_test|model_selection_validation|new_external_blind
useq03208,1,new_external_blind,assigned_evaluation,300,20560902,internal_test|model_selection_validation|new_external_blind
useq03266,1,new_external_blind,assigned_evaluation,300,20560902,internal_test|model_selection_validation|new_external_blind
useq03465,1,new_external_blind,assigned_evaluation,300,20560902,internal_test|model_selection_validation|new_external_blind
useq03498,1,new_external_blind,assigned_evaluation,300,20560902,internal_test|model_selection_validation|new_external_blind
useq03551,1,new_external_blind,assigned_evaluation,300,20560902,internal_test|model_selection_validation|new_external_blind
useq03641,1,new_external_blind,assigned_evaluation,300,20560902,internal_test|model_selection_validation|new_external_blind
useq03694,1,new_external_blind,assigned_evaluation,300,20560902,internal_test|model_selection_validation|new_external_blind
useq03697,2,new_external_blind,assigned_evaluation,300,20560902,internal_test|model_selection_validation|new_external_blind
useq03754,2,new_external_blind,assigned_evaluation,300,20560902,internal_test|model_selection_validation|new_external_blind
useq03843,1,new_external_blind,assigned_evaluation,300,20560902,internal_test|model_selection_validation|new_external_blind
useq03850,2,new_external_blind,assigned_evaluation,300,20560902,internal_test|model_selection_validation|new_external_blind
useq03861,1,new_external_blind,assigned_evaluation,300,20560902,internal_test|model_selection_validation|new_external_blind
useq03876,1,new_external_blind,assigned_evaluation,300,20560902,internal_test|model_selection_validation|new_external_blind
useq03935,1,new_external_blind,assigned_evaluation,300,20560902,internal_test|model_selection_validation|new_external_blind
useq03980,1,new_external_blind,assigned_evaluation,300,20560902,internal_test|model_selection_validation|new_external_blind
useq04024,1,new_external_blind,assigned_evaluation,300,20560902,internal_test|model_selection_validation|new_external_blind
useq04051,1,new_external_blind,assigned_evaluation,300,20560902,internal_test|model_selection_validation|new_external_blind
useq04123,1,new_external_blind,assigned_evaluation,300,20560902,internal_test|model_selection_validation|new_external_blind
useq04296,1,new_external_blind,assigned_evaluation,300,20560902,internal_test|model_selection_validation|new_external_blind
useq00004,1,training,assigned_training,300,20560902,internal_test|model_selection_validation|new_external_blind
useq00012,1,training,assigned_training,300,20560902,internal_test|model_selection_validation|new_external_blind
useq00015,1,training,assigned_training,300,20560902,internal_test|model_selection_validation|new_external_blind
useq00020,1,training,assigned_training,300,20560902,internal_test|model_selection_validation|new_external_blind
useq00027,1,training,assigned_training,300,20560902,internal_test|model_selection_validation|new_external_blind
useq00028,1,training,assigned_training,300,20560902,internal_test|model_selection_validation|new_external_blind
useq00030,1,training,assigned_training,300,20560902,internal_test|model_selection_validation|new_external_blind
useq00031,2,training,assigned_training,300,20560902,internal_test|model_selection_validation|new_external_blind
useq00038,1,training,assigned_training,300,20560902,internal_test|model_selection_validation|new_external_blind
useq00039,1,training,assigned_training,300,20560902,internal_test|model_selection_validation|new_external_blind
useq00042,1,training,assigned_training,300,20560902,internal_test|model_selection_validation|new_external_blind
useq00043,1,training,assigned_training,300,20560902,internal_test|model_selection_validation|new_external_blind
useq00045,1,training,assigned_training,300,20560902,internal_test|model_selection_validation|new_external_blind
useq00048,1,training,assigned_training,300,20560902,internal_test|model_selection_validation|new_external_blind
useq00049,1,training,assigned_training,300,20560902,internal_test|model_selection_validation|new_external_blind
useq00051,2,training,assigned_training,300,20560902,internal_test|model_selection_validation|new_external_blind
useq00059,2,training,assigned_training,300,20560902,internal_test|model_selection_validation|new_external_blind
useq00061,1,training,assigned_training,300,20560902,internal_test|model_selection_validation|new_external_blind
useq00062,1,training,assigned_training,300,20560902,internal_test|model_selection_validation|new_external_blind
useq00065,1,training,assigned_training,300,20560902,internal_test|model_selection_validation|new_external_blind
useq00069,1,training,assigned_training,300,20560902,internal_test|model_selection_validation|new_external_blind
useq00071,1,training,assigned_training,300,20560902,internal_test|model_selection_validation|new_external_blind
useq00077,1,training,assigned_training,300,20560902,internal_test|model_selection_validation|new_external_blind
useq00082,1,training,assigned_training,300,20560902,internal_test|model_selection_validation|new_external_blind
useq00085,1,training,assigned_training,300,20560902,internal_test|model_selection_validation|new_external_blind
useq00094,1,training,assigned_training,300,20560902,internal_test|model_selection_validation|new_external_blind
useq00099,1,training,assigned_training,300,20560902,internal_test|model_selection_validation|new_external_blind
useq00102,1,training,assigned_training,300,20560902,internal_test|model_selection_validation|new_external_blind
useq00105,1,training,assigned_training,300,20560902,internal_test|model_selection_validation|new_external_blind
useq00107,2,training,assigned_training,300,20560902,internal_test|model_selection_validation|new_external_blind
useq00114,1,training,assigned_training,300,20560902,internal_test|model_selection_validation|new_external_blind
useq00116,1,training,assigned_training,300,20560902,internal_test|model_selection_validation|new_external_blind
useq00117,1,training,assigned_training,300,20560902,internal_test|model_selection_validation|new_external_blind
useq00135,2,training,assigned_training,300,20560902,internal_test|model_selection_validation|new_external_blind
useq00136,1,training,assigned_training,300,20560902,internal_test|model_selection_validation|new_external_blind
useq00140,1,training,assigned_training,300,20560902,internal_test|model_selection_validation|new_external_blind
useq00145,1,training,assigned_training,300,20560902,internal_test|model_selection_validation|new_external_blind
useq00146,1,training,assigned_training,300,20560902,internal_test|model_selection_validation|new_external_blind
useq00148,1,training,assigned_training,300,20560902,internal_test|model_selection_validation|new_external_blind
useq00152,1,training,assigned_training,300,20560902,internal_test|model_selection_validation|new_external_blind
useq00165,1,training,assigned_training,300,20560902,internal_test|model_selection_validation|new_external_blind
useq00168,2,training,assigned_training,300,20560902,internal_test|model_selection_validation|new_external_blind
useq00169,1,training,assigned_training,300,20560902,internal_test|model_selection_validation|new_external_blind
useq00174,1,training,assigned_training,300,20560902,internal_test|model_selection_validation|new_external_blind
useq00175,1,training,assigned_training,300,20560902,internal_test|model_selection_validation|new_external_blind
useq00180,1,training,assigned_training,300,20560902,internal_test|model_selection_validation|new_external_blind
useq00181,2,training,assigned_training,300,20560902,internal_test|model_selection_validation|new_external_blind
useq00182,1,training,assigned_training,300,20560902,internal_test|model_selection_validation|new_external_blind
useq00187,1,training,assigned_training,300,20560902,internal_test|model_selection_validation|new_external_blind
useq00188,1,training,assigned_training,300,20560902,internal_test|model_selection_validation|new_external_blind
useq00189,1,training,assigned_training,300,20560902,internal_test|model_selection_validation|new_external_blind
useq00196,1,training,assigned_training,300,20560902,internal_test|model_selection_validation|new_external_blind
useq00198,1,training,assigned_training,300,20560902,internal_test|model_selection_validation|new_external_blind
useq00213,1,training,assigned_training,300,20560902,internal_test|model_selection_validation|new_external_blind
useq00220,2,training,assigned_training,300,20560902,internal_test|model_selection_validation|new_external_blind
useq00221,1,training,assigned_training,300,20560902,internal_test|model_selection_validation|new_external_blind
useq00222,1,training,assigned_training,300,20560902,internal_test|model_selection_validation|new_external_blind
useq00228,1,training,assigned_training,300,20560902,internal_test|model_selection_validation|new_external_blind
useq00230,4,training,assigned_training,300,20560902,internal_test|model_selection_validation|new_external_blind
useq00233,1,training,assigned_training,300,20560902,internal_test|model_selection_validation|new_external_blind
useq00238,2,training,assigned_training,300,20560902,internal_test|model_selection_validation|new_external_blind
useq00239,1,training,assigned_training,300,20560902,internal_test|model_selection_validation|new_external_blind
useq00241,1,training,assigned_training,300,20560902,internal_test|model_selection_validation|new_external_blind
useq00243,1,training,assigned_training,300,20560902,internal_test|model_selection_validation|new_external_blind
useq00254,1,training,assigned_training,300,20560902,internal_test|model_selection_validation|new_external_blind
useq00261,1,training,assigned_training,300,20560902,internal_test|model_selection_validation|new_external_blind
useq00263,1,training,assigned_training,300,20560902,internal_test|model_selection_validation|new_external_blind
useq00265,1,training,assigned_training,300,20560902,internal_test|model_selection_validation|new_external_blind
useq00270,1,training,assigned_training,300,20560902,internal_test|model_selection_validation|new_external_blind
useq00272,1,training,assigned_training,300,20560902,internal_test|model_selection_validation|new_external_blind
useq00276,1,training,assigned_training,300,20560902,internal_test|model_selection_validation|new_external_blind
useq00279,1,training,assigned_training,300,20560902,internal_test|model_selection_validation|new_external_blind
useq00284,1,training,assigned_training,300,20560902,internal_test|model_selection_validation|new_external_blind
useq00289,1,training,assigned_training,300,20560902,internal_test|model_selection_validation|new_external_blind
useq00294,1,training,assigned_training,300,20560902,internal_test|model_selection_validation|new_external_blind
useq00298,1,training,assigned_training,300,20560902,internal_test|model_selection_validation|new_external_blind
useq00300,1,training,assigned_training,300,20560902,internal_test|model_selection_validation|new_external_blind
useq00303,1,training,assigned_training,300,20560902,internal_test|model_selection_validation|new_external_blind
useq00305,1,training,assigned_training,300,20560902,internal_test|model_selection_validation|new_external_blind
useq00307,1,training,assigned_training,300,20560902,internal_test|model_selection_validation|new_external_blind
useq00311,2,training,assigned_training,300,20560902,internal_test|model_selection_validation|new_external_blind
useq00315,1,training,assigned_training,300,20560902,internal_test|model_selection_validation|new_external_blind
useq00319,1,training,assigned_training,300,20560902,internal_test|model_selection_validation|new_external_blind
useq00321,1,training,assigned_training,300,20560902,internal_test|model_selection_validation|new_external_blind
useq00337,2,training,assigned_training,300,20560902,internal_test|model_selection_validation|new_external_blind
useq00339,1,training,assigned_training,300,20560902,internal_test|model_selection_validation|new_external_blind
useq00351,1,training,assigned_training,300,20560902,internal_test|model_selection_validation|new_external_blind
useq00355,1,training,assigned_training,300,20560902,internal_test|model_selection_validation|new_external_blind
useq00357,1,training,assigned_training,300,20560902,internal_test|model_selection_validation|new_external_blind
useq00369,1,training,assigned_training,300,20560902,internal_test|model_selection_validation|new_external_blind
useq00370,1,training,assigned_training,300,20560902,internal_test|model_selection_validation|new_external_blind
useq00373,1,training,assigned_training,300,20560902,internal_test|model_selection_validation|new_external_blind
useq00374,1,training,assigned_training,300,20560902,internal_test|model_selection_validation|new_external_blind
useq00380,1,training,assigned_training,300,20560902,internal_test|model_selection_validation|new_external_blind
useq00390,1,training,assigned_training,300,20560902,internal_test|model_selection_validation|new_external_blind
useq00391,1,training,assigned_training,300,20560902,internal_test|model_selection_validation|new_external_blind
useq00398,1,training,assigned_training,300,20560902,internal_test|model_selection_validation|new_external_blind
useq00407,1,training,assigned_training,300,20560902,internal_test|model_selection_validation|new_external_blind
useq00408,1,training,assigned_training,300,20560902,internal_test|model_selection_validation|new_external_blind
useq00418,1,training,assigned_training,300,20560902,internal_test|model_selection_validation|new_external_blind
useq00419,1,training,assigned_training,300,20560902,internal_test|model_selection_validation|new_external_blind
useq00420,1,training,assigned_training,300,20560902,internal_test|model_selection_validation|new_external_blind
useq00425,1,training,assigned_training,300,20560902,internal_test|model_selection_validation|new_external_blind
useq00427,1,training,assigned_training,300,20560902,internal_test|model_selection_validation|new_external_blind
useq00428,1,training,assigned_training,300,20560902,internal_test|model_selection_validation|new_external_blind
useq00439,1,training,assigned_training,300,20560902,internal_test|model_selection_validation|new_external_blind
useq00440,1,training,assigned_training,300,20560902,internal_test|model_selection_validation|new_external_blind
useq00442,1,training,assigned_training,300,20560902,internal_test|model_selection_validation|new_external_blind
useq00451,1,training,assigned_training,300,20560902,internal_test|model_selection_validation|new_external_blind
useq00462,3,training,assigned_training,300,20560902,internal_test|model_selection_validation|new_external_blind
useq00463,1,training,assigned_training,300,20560902,internal_test|model_selection_validation|new_external_blind
useq00467,1,training,assigned_training,300,20560902,internal_test|model_selection_validation|new_external_blind
useq00468,1,training,assigned_training,300,20560902,internal_test|model_selection_validation|new_external_blind
useq00471,2,training,assigned_training,300,20560902,internal_test|model_selection_validation|new_external_blind
useq00473,1,training,assigned_training,300,20560902,internal_test|model_selection_validation|new_external_blind
useq00479,1,training,assigned_training,300,20560902,internal_test|model_selection_validation|new_external_blind
useq00482,1,training,assigned_training,300,20560902,internal_test|model_selection_validation|new_external_blind
useq00484,1,training,assigned_training,300,20560902,internal_test|model_selection_validation|new_external_blind
useq00487,1,training,assigned_training,300,20560902,internal_test|model_selection_validation|new_external_blind
useq00491,2,training,assigned_training,300,20560902,internal_test|model_selection_validation|new_external_blind
useq00505,1,training,assigned_training,300,20560902,internal_test|model_selection_validation|new_external_blind
useq00506,1,training,assigned_training,300,20560902,internal_test|model_selection_validation|new_external_blind
useq00507,1,training,assigned_training,300,20560902,internal_test|model_selection_validation|new_external_blind
useq00508,1,training,assigned_training,300,20560902,internal_test|model_selection_validation|new_external_blind
useq00513,1,training,assigned_training,300,20560902,internal_test|model_selection_validation|new_external_blind
useq00514,1,training,assigned_training,300,20560902,internal_test|model_selection_validation|new_external_blind
useq00515,1,training,assigned_training,300,20560902,internal_test|model_selection_validation|new_external_blind
useq00520,2,training,assigned_training,300,20560902,internal_test|model_selection_validation|new_external_blind
useq00527,1,training,assigned_training,300,20560902,internal_test|model_selection_validation|new_external_blind
useq00530,1,training,assigned_training,300,20560902,internal_test|model_selection_validation|new_external_blind
useq00531,1,training,assigned_training,300,20560902,internal_test|model_selection_validation|new_external_blind
useq00532,1,training,assigned_training,300,20560902,internal_test|model_selection_validation|new_external_blind
useq00535,1,training,assigned_training,300,20560902,internal_test|model_selection_validation|new_external_blind
useq00542,1,training,assigned_training,300,20560902,internal_test|model_selection_validation|new_external_blind
useq00549,1,training,assigned_training,300,20560902,internal_test|model_selection_validation|new_external_blind
useq00554,1,training,assigned_training,300,20560902,internal_test|model_selection_validation|new_external_blind
useq00565,2,training,assigned_training,300,20560902,internal_test|model_selection_validation|new_external_blind
useq00575,1,training,assigned_training,300,20560902,internal_test|model_selection_validation|new_external_blind
useq00577,1,training,assigned_training,300,20560902,internal_test|model_selection_validation|new_external_blind
useq00580,2,training,assigned_training,300,20560902,internal_test|model_selection_validation|new_external_blind
useq00585,1,training,assigned_training,300,20560902,internal_test|model_selection_validation|new_external_blind
useq00586,1,training,assigned_training,300,20560902,internal_test|model_selection_validation|new_external_blind
useq00594,1,training,assigned_training,300,20560902,internal_test|model_selection_validation|new_external_blind
useq00596,1,training,assigned_training,300,20560902,internal_test|model_selection_validation|new_external_blind
useq00607,1,training,assigned_training,300,20560902,internal_test|model_selection_validation|new_external_blind
useq00611,1,training,assigned_training,300,20560902,internal_test|model_selection_validation|new_external_blind
useq00612,2,training,assigned_training,300,20560902,internal_test|model_selection_validation|new_external_blind
useq00619,1,training,assigned_training,300,20560902,internal_test|model_selection_validation|new_external_blind
useq00625,1,training,assigned_training,300,20560902,internal_test|model_selection_validation|new_external_blind
useq00629,1,training,assigned_training,300,20560902,internal_test|model_selection_validation|new_external_blind
useq00631,1,training,assigned_training,300,20560902,internal_test|model_selection_validation|new_external_blind
useq00633,1,training,assigned_training,300,20560902,internal_test|model_selection_validation|new_external_blind
useq00636,1,training,assigned_training,300,20560902,internal_test|model_selection_validation|new_external_blind
useq00637,1,training,assigned_training,300,20560902,internal_test|model_selection_validation|new_external_blind
useq00639,1,training,assigned_training,300,20560902,internal_test|model_selection_validation|new_external_blind
useq00640,1,training,assigned_training,300,20560902,internal_test|model_selection_validation|new_external_blind
useq00643,1,training,assigned_training,300,20560902,internal_test|model_selection_validation|new_external_blind
useq00649,2,training,assigned_training,300,20560902,internal_test|model_selection_validation|new_external_blind
useq00650,1,training,assigned_training,300,20560902,internal_test|model_selection_validation|new_external_blind
useq00653,1,training,assigned_training,300,20560902,internal_test|model_selection_validation|new_external_blind
useq00654,1,training,assigned_training,300,20560902,internal_test|model_selection_validation|new_external_blind
useq00666,1,training,assigned_training,300,20560902,internal_test|model_selection_validation|new_external_blind
useq00672,1,training,assigned_training,300,20560902,internal_test|model_selection_validation|new_external_blind
useq00685,2,training,assigned_training,300,20560902,internal_test|model_selection_validation|new_external_blind
useq00689,1,training,assigned_training,300,20560902,internal_test|model_selection_validation|new_external_blind
useq00692,1,training,assigned_training,300,20560902,internal_test|model_selection_validation|new_external_blind
useq00695,1,training,assigned_training,300,20560902,internal_test|model_selection_validation|new_external_blind
useq00698,1,training,assigned_training,300,20560902,internal_test|model_selection_validation|new_external_blind
useq00699,2,training,assigned_training,300,20560902,internal_test|model_selection_validation|new_external_blind
useq00701,2,training,assigned_training,300,20560902,internal_test|model_selection_validation|new_external_blind
useq00709,1,training,assigned_training,300,20560902,internal_test|model_selection_validation|new_external_blind
useq00711,1,training,assigned_training,300,20560902,internal_test|model_selection_validation|new_external_blind
useq00716,1,training,assigned_training,300,20560902,internal_test|model_selection_validation|new_external_blind
useq00728,1,training,assigned_training,300,20560902,internal_test|model_selection_validation|new_external_blind
useq00731,1,training,assigned_training,300,20560902,internal_test|model_selection_validation|new_external_blind
useq00737,1,training,assigned_training,300,20560902,internal_test|model_selection_validation|new_external_blind
useq00740,1,training,assigned_training,300,20560902,internal_test|model_selection_validation|new_external_blind
useq00741,1,training,assigned_training,300,20560902,internal_test|model_selection_validation|new_external_blind
useq00742,1,training,assigned_training,300,20560902,internal_test|model_selection_validation|new_external_blind
useq00745,1,training,assigned_training,300,20560902,internal_test|model_selection_validation|new_external_blind
useq00749,1,training,assigned_training,300,20560902,internal_test|model_selection_validation|new_external_blind
useq00750,1,training,assigned_training,300,20560902,internal_test|model_selection_validation|new_external_blind
useq00754,1,training,assigned_training,300,20560902,internal_test|model_selection_validation|new_external_blind
useq00758,1,training,assigned_training,300,20560902,internal_test|model_selection_validation|new_external_blind
useq00766,1,training,assigned_training,300,20560902,internal_test|model_selection_validation|new_external_blind
useq00768,1,training,assigned_training,300,20560902,internal_test|model_selection_validation|new_external_blind
useq00772,1,training,assigned_training,300,20560902,internal_test|model_selection_validation|new_external_blind
useq00774,1,training,assigned_training,300,20560902,internal_test|model_selection_validation|new_external_blind
useq00776,1,training,assigned_training,300,20560902,internal_test|model_selection_validation|new_external_blind
useq00779,1,training,assigned_training,300,20560902,internal_test|model_selection_validation|new_external_blind
useq00792,1,training,assigned_training,300,20560902,internal_test|model_selection_validation|new_external_blind
useq00796,1,training,assigned_training,300,20560902,internal_test|model_selection_validation|new_external_blind
useq00797,1,training,assigned_training,300,20560902,internal_test|model_selection_validation|new_external_blind
useq00807,1,training,assigned_training,300,20560902,internal_test|model_selection_validation|new_external_blind
useq00810,1,training,assigned_training,300,20560902,internal_test|model_selection_validation|new_external_blind
useq00815,1,training,assigned_training,300,20560902,internal_test|model_selection_validation|new_external_blind
useq00821,1,training,assigned_training,300,20560902,internal_test|model_selection_validation|new_external_blind
useq00824,1,training,assigned_training,300,20560902,internal_test|model_selection_validation|new_external_blind
useq00825,1,training,assigned_training,300,20560902,internal_test|model_selection_validation|new_external_blind
useq00828,1,training,assigned_training,300,20560902,internal_test|model_selection_validation|new_external_blind
useq00830,1,training,assigned_training,300,20560902,internal_test|model_selection_validation|new_external_blind
useq00835,1,training,assigned_training,300,20560902,internal_test|model_selection_validation|new_external_blind
useq00839,1,training,assigned_training,300,20560902,internal_test|model_selection_validation|new_external_blind
useq00842,1,training,assigned_training,300,20560902,internal_test|model_selection_validation|new_external_blind
useq00843,1,training,assigned_training,300,20560902,internal_test|model_selection_validation|new_external_blind
useq00850,1,training,assigned_training,300,20560902,internal_test|model_selection_validation|new_external_blind
useq00851,1,training,assigned_training,300,20560902,internal_test|model_selection_validation|new_external_blind
useq00858,2,training,assigned_training,300,20560902,internal_test|model_selection_validation|new_external_blind
useq00859,2,training,assigned_training,300,20560902,internal_test|model_selection_validation|new_external_blind
useq00861,1,training,assigned_training,300,20560902,internal_test|model_selection_validation|new_external_blind
useq00865,1,training,assigned_training,300,20560902,internal_test|model_selection_validation|new_external_blind
useq00868,1,training,assigned_training,300,20560902,internal_test|model_selection_validation|new_external_blind
useq00871,1,training,assigned_training,300,20560902,internal_test|model_selection_validation|new_external_blind
useq00872,1,training,assigned_training,300,20560902,internal_test|model_selection_validation|new_external_blind
useq00874,2,training,assigned_training,300,20560902,internal_test|model_selection_validation|new_external_blind
useq00875,1,training,assigned_training,300,20560902,internal_test|model_selection_validation|new_external_blind
useq00876,1,training,assigned_training,300,20560902,internal_test|model_selection_validation|new_external_blind
useq00891,1,training,assigned_training,300,20560902,internal_test|model_selection_validation|new_external_blind
useq00904,1,training,assigned_training,300,20560902,internal_test|model_selection_validation|new_external_blind
useq00906,1,training,assigned_training,300,20560902,internal_test|model_selection_validation|new_external_blind
useq00909,1,training,assigned_training,300,20560902,internal_test|model_selection_validation|new_external_blind
useq00911,1,training,assigned_training,300,20560902,internal_test|model_selection_validation|new_external_blind
useq00914,1,training,assigned_training,300,20560902,internal_test|model_selection_validation|new_external_blind
useq00922,1,training,assigned_training,300,20560902,internal_test|model_selection_validation|new_external_blind
useq00926,1,training,assigned_training,300,20560902,internal_test|model_selection_validation|new_external_blind
useq00930,1,training,assigned_training,300,20560902,internal_test|model_selection_validation|new_external_blind
useq00931,1,training,assigned_training,300,20560902,internal_test|model_selection_validation|new_external_blind
useq00940,1,training,assigned_training,300,20560902,internal_test|model_selection_validation|new_external_blind
useq00947,1,training,assigned_training,300,20560902,internal_test|model_selection_validation|new_external_blind
useq00950,1,training,assigned_training,300,20560902,internal_test|model_selection_validation|new_external_blind
useq00952,1,training,assigned_training,300,20560902,internal_test|model_selection_validation|new_external_blind
useq00958,2,training,assigned_training,300,20560902,internal_test|model_selection_validation|new_external_blind
useq00959,1,training,assigned_training,300,20560902,internal_test|model_selection_validation|new_external_blind
useq00965,2,training,assigned_training,300,20560902,internal_test|model_selection_validation|new_external_blind
useq00968,1,training,assigned_training,300,20560902,internal_test|model_selection_validation|new_external_blind
useq00977,1,training,assigned_training,300,20560902,internal_test|model_selection_validation|new_external_blind
useq00978,1,training,assigned_training,300,20560902,internal_test|model_selection_validation|new_external_blind
useq00980,1,training,assigned_training,300,20560902,internal_test|model_selection_validation|new_external_blind
useq00991,1,training,assigned_training,300,20560902,internal_test|model_selection_validation|new_external_blind
useq01002,1,training,assigned_training,300,20560902,internal_test|model_selection_validation|new_external_blind
useq01009,1,training,assigned_training,300,20560902,internal_test|model_selection_validation|new_external_blind
useq01011,1,training,assigned_training,300,20560902,internal_test|model_selection_validation|new_external_blind
useq01012,1,training,assigned_training,300,20560902,internal_test|model_selection_validation|new_external_blind
useq01013,1,training,assigned_training,300,20560902,internal_test|model_selection_validation|new_external_blind
useq01014,2,training,assigned_training,300,20560902,internal_test|model_selection_validation|new_external_blind
useq01015,1,training,assigned_training,300,20560902,internal_test|model_selection_validation|new_external_blind
useq01018,1,training,assigned_training,300,20560902,internal_test|model_selection_validation|new_external_blind
useq01020,1,training,assigned_training,300,20560902,internal_test|model_selection_validation|new_external_blind
useq01022,1,training,assigned_training,300,20560902,internal_test|model_selection_validation|new_external_blind
useq01029,1,training,assigned_training,300,20560902,internal_test|model_selection_validation|new_external_blind
useq01038,1,training,assigned_training,300,20560902,internal_test|model_selection_validation|new_external_blind
useq01040,1,training,assigned_training,300,20560902,internal_test|model_selection_validation|new_external_blind
useq01043,1,training,assigned_training,300,20560902,internal_test|model_selection_validation|new_external_blind
useq01045,1,training,assigned_training,300,20560902,internal_test|model_selection_validation|new_external_blind
useq01047,2,training,assigned_training,300,20560902,internal_test|model_selection_validation|new_external_blind
useq01052,1,training,assigned_training,300,20560902,internal_test|model_selection_validation|new_external_blind
useq01054,1,training,assigned_training,300,20560902,internal_test|model_selection_validation|new_external_blind
useq01056,1,training,assigned_training,300,20560902,internal_test|model_selection_validation|new_external_blind
useq01057,1,training,assigned_training,300,20560902,internal_test|model_selection_validation|new_external_blind
useq01060,1,training,assigned_training,300,20560902,internal_test|model_selection_validation|new_external_blind
useq01072,1,training,assigned_training,300,20560902,internal_test|model_selection_validation|new_external_blind
useq01074,1,training,assigned_training,300,20560902,internal_test|model_selection_validation|new_external_blind
useq01076,1,training,assigned_training,300,20560902,internal_test|model_selection_validation|new_external_blind
useq01084,1,training,assigned_training,300,20560902,internal_test|model_selection_validation|new_external_blind
useq01085,1,training,assigned_training,300,20560902,internal_test|model_selection_validation|new_external_blind
useq01086,1,training,assigned_training,300,20560902,internal_test|model_selection_validation|new_external_blind
useq01091,1,training,assigned_training,300,20560902,internal_test|model_selection_validation|new_external_blind
useq01092,1,training,assigned_training,300,20560902,internal_test|model_selection_validation|new_external_blind
useq01093,1,training,assigned_training,300,20560902,internal_test|model_selection_validation|new_external_blind
useq01101,1,training,assigned_training,300,20560902,internal_test|model_selection_validation|new_external_blind
useq01107,1,training,assigned_training,300,20560902,internal_test|model_selection_validation|new_external_blind
useq01121,2,training,assigned_training,300,20560902,internal_test|model_selection_validation|new_external_blind
useq01122,1,training,assigned_training,300,20560902,internal_test|model_selection_validation|new_external_blind
useq01123,1,training,assigned_training,300,20560902,internal_test|model_selection_validation|new_external_blind
useq01125,1,training,assigned_training,300,20560902,internal_test|model_selection_validation|new_external_blind
useq01126,1,training,assigned_training,300,20560902,internal_test|model_selection_validation|new_external_blind
useq01127,1,training,assigned_training,300,20560902,internal_test|model_selection_validation|new_external_blind
useq01130,1,training,assigned_training,300,20560902,internal_test|model_selection_validation|new_external_blind
useq01133,1,training,assigned_training,300,20560902,internal_test|model_selection_validation|new_external_blind
useq01145,2,training,assigned_training,300,20560902,internal_test|model_selection_validation|new_external_blind
useq01147,1,training,assigned_training,300,20560902,internal_test|model_selection_validation|new_external_blind
useq01152,1,training,assigned_training,300,20560902,internal_test|model_selection_validation|new_external_blind
useq01153,1,training,assigned_training,300,20560902,internal_test|model_selection_validation|new_external_blind
useq01161,1,training,assigned_training,300,20560902,internal_test|model_selection_validation|new_external_blind
useq01168,1,training,assigned_training,300,20560902,internal_test|model_selection_validation|new_external_blind
useq01173,1,training,assigned_training,300,20560902,internal_test|model_selection_validation|new_external_blind
useq01176,1,training,assigned_training,300,20560902,internal_test|model_selection_validation|new_external_blind
useq01180,1,training,assigned_training,300,20560902,internal_test|model_selection_validation|new_external_blind
useq01181,1,training,assigned_training,300,20560902,internal_test|model_selection_validation|new_external_blind
useq01183,1,training,assigned_training,300,20560902,internal_test|model_selection_validation|new_external_blind
useq01184,1,training,assigned_training,300,20560902,internal_test|model_selection_validation|new_external_blind
useq01187,1,training,assigned_training,300,20560902,internal_test|model_selection_validation|new_external_blind
useq01195,1,training,assigned_training,300,20560902,internal_test|model_selection_validation|new_external_blind
useq01199,1,training,assigned_training,300,20560902,internal_test|model_selection_validation|new_external_blind
useq01201,1,training,assigned_training,300,20560902,internal_test|model_selection_validation|new_external_blind
useq01202,1,training,assigned_training,300,20560902,internal_test|model_selection_validation|new_external_blind
useq01214,1,training,assigned_training,300,20560902,internal_test|model_selection_validation|new_external_blind
useq01219,1,training,assigned_training,300,20560902,internal_test|model_selection_validation|new_external_blind
useq01221,1,training,assigned_training,300,20560902,internal_test|model_selection_validation|new_external_blind
useq01223,1,training,assigned_training,300,20560902,internal_test|model_selection_validation|new_external_blind
useq01224,1,training,assigned_training,300,20560902,internal_test|model_selection_validation|new_external_blind
useq01225,1,training,assigned_training,300,20560902,internal_test|model_selection_validation|new_external_blind
useq01226,1,training,assigned_training,300,20560902,internal_test|model_selection_validation|new_external_blind
useq01229,1,training,assigned_training,300,20560902,internal_test|model_selection_validation|new_external_blind
useq01232,1,training,assigned_training,300,20560902,internal_test|model_selection_validation|new_external_blind
useq01235,1,training,assigned_training,300,20560902,internal_test|model_selection_validation|new_external_blind
useq01237,1,training,assigned_training,300,20560902,internal_test|model_selection_validation|new_external_blind
useq01244,1,training,assigned_training,300,20560902,internal_test|model_selection_validation|new_external_blind
useq01249,1,training,assigned_training,300,20560902,internal_test|model_selection_validation|new_external_blind
useq01256,1,training,assigned_training,300,20560902,internal_test|model_selection_validation|new_external_blind
useq01261,1,training,assigned_training,300,20560902,internal_test|model_selection_validation|new_external_blind
useq01263,1,training,assigned_training,300,20560902,internal_test|model_selection_validation|new_external_blind
useq01265,1,training,assigned_training,300,20560902,internal_test|model_selection_validation|new_external_blind
useq01266,1,training,assigned_training,300,20560902,internal_test|model_selection_validation|new_external_blind
useq01273,1,training,assigned_training,300,20560902,internal_test|model_selection_validation|new_external_blind
useq01279,2,training,assigned_training,300,20560902,internal_test|model_selection_validation|new_external_blind
useq01283,1,training,assigned_training,300,20560902,internal_test|model_selection_validation|new_external_blind
useq01287,1,training,assigned_training,300,20560902,internal_test|model_selection_validation|new_external_blind
useq01302,1,training,assigned_training,300,20560902,internal_test|model_selection_validation|new_external_blind
useq01305,1,training,assigned_training,300,20560902,internal_test|model_selection_validation|new_external_blind
useq01307,1,training,assigned_training,300,20560902,internal_test|model_selection_validation|new_external_blind
useq01308,1,training,assigned_training,300,20560902,internal_test|model_selection_validation|new_external_blind
useq01310,1,training,assigned_training,300,20560902,internal_test|model_selection_validation|new_external_blind
useq01319,1,training,assigned_training,300,20560902,internal_test|model_selection_validation|new_external_blind
useq01320,1,training,assigned_training,300,20560902,internal_test|model_selection_validation|new_external_blind
useq01321,1,training,assigned_training,300,20560902,internal_test|model_selection_validation|new_external_blind
useq01324,1,training,assigned_training,300,20560902,internal_test|model_selection_validation|new_external_blind
useq01326,1,training,assigned_training,300,20560902,internal_test|model_selection_validation|new_external_blind
useq01330,1,training,assigned_training,300,20560902,internal_test|model_selection_validation|new_external_blind
useq01333,1,training,assigned_training,300,20560902,internal_test|model_selection_validation|new_external_blind
useq01338,1,training,assigned_training,300,20560902,internal_test|model_selection_validation|new_external_blind
useq01341,1,training,assigned_training,300,20560902,internal_test|model_selection_validation|new_external_blind
useq01343,1,training,assigned_training,300,20560902,internal_test|model_selection_validation|new_external_blind
useq01344,1,training,assigned_training,300,20560902,internal_test|model_selection_validation|new_external_blind
useq01348,1,training,assigned_training,300,20560902,internal_test|model_selection_validation|new_external_blind
useq01351,1,training,assigned_training,300,20560902,internal_test|model_selection_validation|new_external_blind
useq01353,1,training,assigned_training,300,20560902,internal_test|model_selection_validation|new_external_blind
useq01359,1,training,assigned_training,300,20560902,internal_test|model_selection_validation|new_external_blind
useq01361,1,training,assigned_training,300,20560902,internal_test|model_selection_validation|new_external_blind
useq01362,1,training,assigned_training,300,20560902,internal_test|model_selection_validation|new_external_blind
useq01365,1,training,assigned_training,300,20560902,internal_test|model_selection_validation|new_external_blind
useq01374,1,training,assigned_training,300,20560902,internal_test|model_selection_validation|new_external_blind
useq01375,1,training,assigned_training,300,20560902,internal_test|model_selection_validation|new_external_blind
useq01376,1,training,assigned_training,300,20560902,internal_test|model_selection_validation|new_external_blind
useq01379,1,training,assigned_training,300,20560902,internal_test|model_selection_validation|new_external_blind
useq01383,1,training,assigned_training,300,20560902,internal_test|model_selection_validation|new_external_blind
useq01385,5,training,assigned_training,300,20560902,internal_test|model_selection_validation|new_external_blind
useq01388,1,training,assigned_training,300,20560902,internal_test|model_selection_validation|new_external_blind
useq01389,1,training,assigned_training,300,20560902,internal_test|model_selection_validation|new_external_blind
useq01390,1,training,assigned_training,300,20560902,internal_test|model_selection_validation|new_external_blind
useq01392,1,training,assigned_training,300,20560902,internal_test|model_selection_validation|new_external_blind
useq01393,1,training,assigned_training,300,20560902,internal_test|model_selection_validation|new_external_blind
useq01394,1,training,assigned_training,300,20560902,internal_test|model_selection_validation|new_external_blind
useq01396,1,training,assigned_training,300,20560902,internal_test|model_selection_validation|new_external_blind
useq01397,1,training,assigned_training,300,20560902,internal_test|model_selection_validation|new_external_blind
useq01408,1,training,assigned_training,300,20560902,internal_test|model_selection_validation|new_external_blind
useq01412,1,training,assigned_training,300,20560902,internal_test|model_selection_validation|new_external_blind
useq01415,1,training,assigned_training,300,20560902,internal_test|model_selection_validation|new_external_blind
useq01417,1,training,assigned_training,300,20560902,internal_test|model_selection_validation|new_external_blind
useq01419,1,training,assigned_training,300,20560902,internal_test|model_selection_validation|new_external_blind
useq01421,1,training,assigned_training,300,20560902,internal_test|model_selection_validation|new_external_blind
useq01423,1,training,assigned_training,300,20560902,internal_test|model_selection_validation|new_external_blind
useq01425,1,training,assigned_training,300,20560902,internal_test|model_selection_validation|new_external_blind
useq01426,2,training,assigned_training,300,20560902,internal_test|model_selection_validation|new_external_blind
useq01430,1,training,assigned_training,300,20560902,internal_test|model_selection_validation|new_external_blind
useq01433,1,training,assigned_training,300,20560902,internal_test|model_selection_validation|new_external_blind
useq01434,1,training,assigned_training,300,20560902,internal_test|model_selection_validation|new_external_blind
useq01440,1,training,assigned_training,300,20560902,internal_test|model_selection_validation|new_external_blind
useq01441,1,training,assigned_training,300,20560902,internal_test|model_selection_validation|new_external_blind
useq01442,1,training,assigned_training,300,20560902,internal_test|model_selection_validation|new_external_blind
useq01453,1,training,assigned_training,300,20560902,internal_test|model_selection_validation|new_external_blind
useq01457,1,training,assigned_training,300,20560902,internal_test|model_selection_validation|new_external_blind
useq01470,2,training,assigned_training,300,20560902,internal_test|model_selection_validation|new_external_blind
useq01471,1,training,assigned_training,300,20560902,internal_test|model_selection_validation|new_external_blind
useq01474,1,training,assigned_training,300,20560902,internal_test|model_selection_validation|new_external_blind
useq01477,1,training,assigned_training,300,20560902,internal_test|model_selection_validation|new_external_blind
useq01483,1,training,assigned_training,300,20560902,internal_test|model_selection_validation|new_external_blind
useq01487,1,training,assigned_training,300,20560902,internal_test|model_selection_validation|new_external_blind
useq01491,1,training,assigned_training,300,20560902,internal_test|model_selection_validation|new_external_blind
useq01496,1,training,assigned_training,300,20560902,internal_test|model_selection_validation|new_external_blind
useq01497,1,training,assigned_training,300,20560902,internal_test|model_selection_validation|new_external_blind
useq01498,1,training,assigned_training,300,20560902,internal_test|model_selection_validation|new_external_blind
useq01505,1,training,assigned_training,300,20560902,internal_test|model_selection_validation|new_external_blind
useq01512,2,training,assigned_training,300,20560902,internal_test|model_selection_validation|new_external_blind
useq01514,1,training,assigned_training,300,20560902,internal_test|model_selection_validation|new_external_blind
useq01516,1,training,assigned_training,300,20560902,internal_test|model_selection_validation|new_external_blind
useq01521,1,training,assigned_training,300,20560902,internal_test|model_selection_validation|new_external_blind
useq01524,1,training,assigned_training,300,20560902,internal_test|model_selection_validation|new_external_blind
useq01526,1,training,assigned_training,300,20560902,internal_test|model_selection_validation|new_external_blind
useq01530,1,training,assigned_training,300,20560902,internal_test|model_selection_validation|new_external_blind
useq01542,1,training,assigned_training,300,20560902,internal_test|model_selection_validation|new_external_blind
useq01544,1,training,assigned_training,300,20560902,internal_test|model_selection_validation|new_external_blind
useq01546,1,training,assigned_training,300,20560902,internal_test|model_selection_validation|new_external_blind
useq01557,1,training,assigned_training,300,20560902,internal_test|model_selection_validation|new_external_blind
useq01561,1,training,assigned_training,300,20560902,internal_test|model_selection_validation|new_external_blind
useq01563,1,training,assigned_training,300,20560902,internal_test|model_selection_validation|new_external_blind
useq01564,1,training,assigned_training,300,20560902,internal_test|model_selection_validation|new_external_blind
useq01574,1,training,assigned_training,300,20560902,internal_test|model_selection_validation|new_external_blind
useq01575,2,training,assigned_training,300,20560902,internal_test|model_selection_validation|new_external_blind
useq01579,1,training,assigned_training,300,20560902,internal_test|model_selection_validation|new_external_blind
useq01582,1,training,assigned_training,300,20560902,internal_test|model_selection_validation|new_external_blind
useq01583,1,training,assigned_training,300,20560902,internal_test|model_selection_validation|new_external_blind
useq01588,1,training,assigned_training,300,20560902,internal_test|model_selection_validation|new_external_blind
useq01595,1,training,assigned_training,300,20560902,internal_test|model_selection_validation|new_external_blind
useq01603,1,training,assigned_training,300,20560902,internal_test|model_selection_validation|new_external_blind
useq01608,1,training,assigned_training,300,20560902,internal_test|model_selection_validation|new_external_blind
useq01614,1,training,assigned_training,300,20560902,internal_test|model_selection_validation|new_external_blind
useq01615,1,training,assigned_training,300,20560902,internal_test|model_selection_validation|new_external_blind
useq01616,1,training,assigned_training,300,20560902,internal_test|model_selection_validation|new_external_blind
useq01623,2,training,assigned_training,300,20560902,internal_test|model_selection_validation|new_external_blind
useq01626,1,training,assigned_training,300,20560902,internal_test|model_selection_validation|new_external_blind
useq01632,1,training,assigned_training,300,20560902,internal_test|model_selection_validation|new_external_blind
useq01641,1,training,assigned_training,300,20560902,internal_test|model_selection_validation|new_external_blind
useq01644,1,training,assigned_training,300,20560902,internal_test|model_selection_validation|new_external_blind
useq01646,1,training,assigned_training,300,20560902,internal_test|model_selection_validation|new_external_blind
useq01652,1,training,assigned_training,300,20560902,internal_test|model_selection_validation|new_external_blind
useq01653,1,training,assigned_training,300,20560902,internal_test|model_selection_validation|new_external_blind
useq01655,1,training,assigned_training,300,20560902,internal_test|model_selection_validation|new_external_blind
useq01660,1,training,assigned_training,300,20560902,internal_test|model_selection_validation|new_external_blind
useq01663,1,training,assigned_training,300,20560902,internal_test|model_selection_validation|new_external_blind
useq01666,1,training,assigned_training,300,20560902,internal_test|model_selection_validation|new_external_blind
useq01669,1,training,assigned_training,300,20560902,internal_test|model_selection_validation|new_external_blind
useq01670,1,training,assigned_training,300,20560902,internal_test|model_selection_validation|new_external_blind
useq01674,1,training,assigned_training,300,20560902,internal_test|model_selection_validation|new_external_blind
useq01686,1,training,assigned_training,300,20560902,internal_test|model_selection_validation|new_external_blind
useq01687,1,training,assigned_training,300,20560902,internal_test|model_selection_validation|new_external_blind
useq01689,1,training,assigned_training,300,20560902,internal_test|model_selection_validation|new_external_blind
useq01691,1,training,assigned_training,300,20560902,internal_test|model_selection_validation|new_external_blind
useq01698,1,training,assigned_training,300,20560902,internal_test|model_selection_validation|new_external_blind
useq01700,1,training,assigned_training,300,20560902,internal_test|model_selection_validation|new_external_blind
useq01701,1,training,assigned_training,300,20560902,internal_test|model_selection_validation|new_external_blind
useq01704,1,training,assigned_training,300,20560902,internal_test|model_selection_validation|new_external_blind
useq01709,1,training,assigned_training,300,20560902,internal_test|model_selection_validation|new_external_blind
useq01720,1,training,assigned_training,300,20560902,internal_test|model_selection_validation|new_external_blind
useq01722,1,training,assigned_training,300,20560902,internal_test|model_selection_validation|new_external_blind
useq01726,1,training,assigned_training,300,20560902,internal_test|model_selection_validation|new_external_blind
useq01729,1,training,assigned_training,300,20560902,internal_test|model_selection_validation|new_external_blind
useq01736,1,training,assigned_training,300,20560902,internal_test|model_selection_validation|new_external_blind
useq01740,1,training,assigned_training,300,20560902,internal_test|model_selection_validation|new_external_blind
useq01742,1,training,assigned_training,300,20560902,internal_test|model_selection_validation|new_external_blind
useq01747,1,training,assigned_training,300,20560902,internal_test|model_selection_validation|new_external_blind
useq01760,1,training,assigned_training,300,20560902,internal_test|model_selection_validation|new_external_blind
useq01762,1,training,assigned_training,300,20560902,internal_test|model_selection_validation|new_external_blind
useq01766,1,training,assigned_training,300,20560902,internal_test|model_selection_validation|new_external_blind
useq01769,1,training,assigned_training,300,20560902,internal_test|model_selection_validation|new_external_blind
useq01771,1,training,assigned_training,300,20560902,internal_test|model_selection_validation|new_external_blind
useq01776,1,training,assigned_training,300,20560902,internal_test|model_selection_validation|new_external_blind
useq01778,1,training,assigned_training,300,20560902,internal_test|model_selection_validation|new_external_blind
useq01780,1,training,assigned_training,300,20560902,internal_test|model_selection_validation|new_external_blind
useq01783,1,training,assigned_training,300,20560902,internal_test|model_selection_validation|new_external_blind
useq01784,1,training,assigned_training,300,20560902,internal_test|model_selection_validation|new_external_blind
useq01785,1,training,assigned_training,300,20560902,internal_test|model_selection_validation|new_external_blind
useq01788,1,training,assigned_training,300,20560902,internal_test|model_selection_validation|new_external_blind
useq01792,1,training,assigned_training,300,20560902,internal_test|model_selection_validation|new_external_blind
useq01799,1,training,assigned_training,300,20560902,internal_test|model_selection_validation|new_external_blind
useq01804,1,training,assigned_training,300,20560902,internal_test|model_selection_validation|new_external_blind
useq01807,1,training,assigned_training,300,20560902,internal_test|model_selection_validation|new_external_blind
useq01812,1,training,assigned_training,300,20560902,internal_test|model_selection_validation|new_external_blind
useq01813,1,training,assigned_training,300,20560902,internal_test|model_selection_validation|new_external_blind
useq01815,1,training,assigned_training,300,20560902,internal_test|model_selection_validation|new_external_blind
useq01819,1,training,assigned_training,300,20560902,internal_test|model_selection_validation|new_external_blind
useq01822,1,training,assigned_training,300,20560902,internal_test|model_selection_validation|new_external_blind
useq01823,1,training,assigned_training,300,20560902,internal_test|model_selection_validation|new_external_blind
useq01824,1,training,assigned_training,300,20560902,internal_test|model_selection_validation|new_external_blind
useq01826,1,training,assigned_training,300,20560902,internal_test|model_selection_validation|new_external_blind
useq01829,1,training,assigned_training,300,20560902,internal_test|model_selection_validation|new_external_blind
useq01830,1,training,assigned_training,300,20560902,internal_test|model_selection_validation|new_external_blind
useq01831,1,training,assigned_training,300,20560902,internal_test|model_selection_validation|new_external_blind
useq01833,1,training,assigned_training,300,20560902,internal_test|model_selection_validation|new_external_blind
useq01836,1,training,assigned_training,300,20560902,internal_test|model_selection_validation|new_external_blind
useq01841,1,training,assigned_training,300,20560902,internal_test|model_selection_validation|new_external_blind
useq01846,1,training,assigned_training,300,20560902,internal_test|model_selection_validation|new_external_blind
useq01848,1,training,assigned_training,300,20560902,internal_test|model_selection_validation|new_external_blind
useq01853,1,training,assigned_training,300,20560902,internal_test|model_selection_validation|new_external_blind
useq01855,1,training,assigned_training,300,20560902,internal_test|model_selection_validation|new_external_blind
useq01856,2,training,assigned_training,300,20560902,internal_test|model_selection_validation|new_external_blind
useq01857,1,training,assigned_training,300,20560902,internal_test|model_selection_validation|new_external_blind
useq01860,1,training,assigned_training,300,20560902,internal_test|model_selection_validation|new_external_blind
useq01870,1,training,assigned_training,300,20560902,internal_test|model_selection_validation|new_external_blind
useq01872,1,training,assigned_training,300,20560902,internal_test|model_selection_validation|new_external_blind
useq01880,1,training,assigned_training,300,20560902,internal_test|model_selection_validation|new_external_blind
useq01881,1,training,assigned_training,300,20560902,internal_test|model_selection_validation|new_external_blind
useq01886,1,training,assigned_training,300,20560902,internal_test|model_selection_validation|new_external_blind
useq01888,1,training,assigned_training,300,20560902,internal_test|model_selection_validation|new_external_blind
useq01894,1,training,assigned_training,300,20560902,internal_test|model_selection_validation|new_external_blind
useq01896,1,training,assigned_training,300,20560902,internal_test|model_selection_validation|new_external_blind
useq01902,2,training,assigned_training,300,20560902,internal_test|model_selection_validation|new_external_blind
useq01905,4,training,assigned_training,300,20560902,internal_test|model_selection_validation|new_external_blind
useq01909,1,training,assigned_training,300,20560902,internal_test|model_selection_validation|new_external_blind
useq01911,1,training,assigned_training,300,20560902,internal_test|model_selection_validation|new_external_blind
useq01915,1,training,assigned_training,300,20560902,internal_test|model_selection_validation|new_external_blind
useq01931,1,training,assigned_training,300,20560902,internal_test|model_selection_validation|new_external_blind
useq01935,1,training,assigned_training,300,20560902,internal_test|model_selection_validation|new_external_blind
useq01941,1,training,assigned_training,300,20560902,internal_test|model_selection_validation|new_external_blind
useq01942,1,training,assigned_training,300,20560902,internal_test|model_selection_validation|new_external_blind
useq01943,1,training,assigned_training,300,20560902,internal_test|model_selection_validation|new_external_blind
useq01956,1,training,assigned_training,300,20560902,internal_test|model_selection_validation|new_external_blind
useq01958,1,training,assigned_training,300,20560902,internal_test|model_selection_validation|new_external_blind
useq01959,1,training,assigned_training,300,20560902,internal_test|model_selection_validation|new_external_blind
useq01970,1,training,assigned_training,300,20560902,internal_test|model_selection_validation|new_external_blind
useq01977,1,training,assigned_training,300,20560902,internal_test|model_selection_validation|new_external_blind
useq01979,1,training,assigned_training,300,20560902,internal_test|model_selection_validation|new_external_blind
useq01986,1,training,assigned_training,300,20560902,internal_test|model_selection_validation|new_external_blind
useq01990,1,training,assigned_training,300,20560902,internal_test|model_selection_validation|new_external_blind
useq01994,1,training,assigned_training,300,20560902,internal_test|model_selection_validation|new_external_blind
useq02000,1,training,assigned_training,300,20560902,internal_test|model_selection_validation|new_external_blind
useq02011,1,training,assigned_training,300,20560902,internal_test|model_selection_validation|new_external_blind
useq02014,1,training,assigned_training,300,20560902,internal_test|model_selection_validation|new_external_blind
useq02016,1,training,assigned_training,300,20560902,internal_test|model_selection_validation|new_external_blind
useq02024,1,training,assigned_training,300,20560902,internal_test|model_selection_validation|new_external_blind
useq02029,1,training,assigned_training,300,20560902,internal_test|model_selection_validation|new_external_blind
useq02031,1,training,assigned_training,300,20560902,internal_test|model_selection_validation|new_external_blind
useq02035,1,training,assigned_training,300,20560902,internal_test|model_selection_validation|new_external_blind
useq02040,1,training,assigned_training,300,20560902,internal_test|model_selection_validation|new_external_blind
useq02048,1,training,assigned_training,300,20560902,internal_test|model_selection_validation|new_external_blind
useq02049,1,training,assigned_training,300,20560902,internal_test|model_selection_validation|new_external_blind
useq02051,1,training,assigned_training,300,20560902,internal_test|model_selection_validation|new_external_blind
useq02054,1,training,assigned_training,300,20560902,internal_test|model_selection_validation|new_external_blind
useq02056,1,training,assigned_training,300,20560902,internal_test|model_selection_validation|new_external_blind
useq02061,1,training,assigned_training,300,20560902,internal_test|model_selection_validation|new_external_blind
useq02062,1,training,assigned_training,300,20560902,internal_test|model_selection_validation|new_external_blind
useq02063,1,training,assigned_training,300,20560902,internal_test|model_selection_validation|new_external_blind
useq02064,1,training,assigned_training,300,20560902,internal_test|model_selection_validation|new_external_blind
useq02068,1,training,assigned_training,300,20560902,internal_test|model_selection_validation|new_external_blind
useq02069,1,training,assigned_training,300,20560902,internal_test|model_selection_validation|new_external_blind
useq02077,1,training,assigned_training,300,20560902,internal_test|model_selection_validation|new_external_blind
useq02081,18,training,assigned_training,300,20560902,internal_test|model_selection_validation|new_external_blind
useq02085,1,training,assigned_training,300,20560902,internal_test|model_selection_validation|new_external_blind
useq02091,1,training,assigned_training,300,20560902,internal_test|model_selection_validation|new_external_blind
useq02098,2,training,assigned_training,300,20560902,internal_test|model_selection_validation|new_external_blind
useq02099,1,training,assigned_training,300,20560902,internal_test|model_selection_validation|new_external_blind
useq02100,1,training,assigned_training,300,20560902,internal_test|model_selection_validation|new_external_blind
useq02103,1,training,assigned_training,300,20560902,internal_test|model_selection_validation|new_external_blind
useq02105,2,training,assigned_training,300,20560902,internal_test|model_selection_validation|new_external_blind
useq02109,1,training,assigned_training,300,20560902,internal_test|model_selection_validation|new_external_blind
useq02110,1,training,assigned_training,300,20560902,internal_test|model_selection_validation|new_external_blind
useq02116,1,training,assigned_training,300,20560902,internal_test|model_selection_validation|new_external_blind
useq02120,1,training,assigned_training,300,20560902,internal_test|model_selection_validation|new_external_blind
useq02131,1,training,assigned_training,300,20560902,internal_test|model_selection_validation|new_external_blind
useq02132,1,training,assigned_training,300,20560902,internal_test|model_selection_validation|new_external_blind
useq02135,1,training,assigned_training,300,20560902,internal_test|model_selection_validation|new_external_blind
useq02136,1,training,assigned_training,300,20560902,internal_test|model_selection_validation|new_external_blind
useq02137,1,training,assigned_training,300,20560902,internal_test|model_selection_validation|new_external_blind
useq02142,1,training,assigned_training,300,20560902,internal_test|model_selection_validation|new_external_blind
useq02145,1,training,assigned_training,300,20560902,internal_test|model_selection_validation|new_external_blind
useq02152,1,training,assigned_training,300,20560902,internal_test|model_selection_validation|new_external_blind
useq02164,1,training,assigned_training,300,20560902,internal_test|model_selection_validation|new_external_blind
useq02169,2,training,assigned_training,300,20560902,internal_test|model_selection_validation|new_external_blind
useq02174,1,training,assigned_training,300,20560902,internal_test|model_selection_validation|new_external_blind
useq02175,1,training,assigned_training,300,20560902,internal_test|model_selection_validation|new_external_blind
useq02176,1,training,assigned_training,300,20560902,internal_test|model_selection_validation|new_external_blind
useq02181,1,training,assigned_training,300,20560902,internal_test|model_selection_validation|new_external_blind
useq02182,1,training,assigned_training,300,20560902,internal_test|model_selection_validation|new_external_blind
useq02185,1,training,assigned_training,300,20560902,internal_test|model_selection_validation|new_external_blind
useq02188,1,training,assigned_training,300,20560902,internal_test|model_selection_validation|new_external_blind
useq02190,1,training,assigned_training,300,20560902,internal_test|model_selection_validation|new_external_blind
useq02199,2,training,assigned_training,300,20560902,internal_test|model_selection_validation|new_external_blind
useq02200,1,training,assigned_training,300,20560902,internal_test|model_selection_validation|new_external_blind
useq02205,1,training,assigned_training,300,20560902,internal_test|model_selection_validation|new_external_blind
useq02206,1,training,assigned_training,300,20560902,internal_test|model_selection_validation|new_external_blind
useq02207,1,training,assigned_training,300,20560902,internal_test|model_selection_validation|new_external_blind
useq02209,1,training,assigned_training,300,20560902,internal_test|model_selection_validation|new_external_blind
useq02215,1,training,assigned_training,300,20560902,internal_test|model_selection_validation|new_external_blind
useq02221,1,training,assigned_training,300,20560902,internal_test|model_selection_validation|new_external_blind
useq02226,1,training,assigned_training,300,20560902,internal_test|model_selection_validation|new_external_blind
useq02227,1,training,assigned_training,300,20560902,internal_test|model_selection_validation|new_external_blind
useq02228,1,training,assigned_training,300,20560902,internal_test|model_selection_validation|new_external_blind
useq02229,2,training,assigned_training,300,20560902,internal_test|model_selection_validation|new_external_blind
useq02230,1,training,assigned_training,300,20560902,internal_test|model_selection_validation|new_external_blind
useq02237,2,training,assigned_training,300,20560902,internal_test|model_selection_validation|new_external_blind
useq02245,1,training,assigned_training,300,20560902,internal_test|model_selection_validation|new_external_blind
useq02248,1,training,assigned_training,300,20560902,internal_test|model_selection_validation|new_external_blind
useq02253,1,training,assigned_training,300,20560902,internal_test|model_selection_validation|new_external_blind
useq02259,2,training,assigned_training,300,20560902,internal_test|model_selection_validation|new_external_blind
useq02262,1,training,assigned_training,300,20560902,internal_test|model_selection_validation|new_external_blind
useq02264,1,training,assigned_training,300,20560902,internal_test|model_selection_validation|new_external_blind
useq02268,1,training,assigned_training,300,20560902,internal_test|model_selection_validation|new_external_blind
useq02274,1,training,assigned_training,300,20560902,internal_test|model_selection_validation|new_external_blind
useq02282,1,training,assigned_training,300,20560902,internal_test|model_selection_validation|new_external_blind
useq02297,1,training,assigned_training,300,20560902,internal_test|model_selection_validation|new_external_blind
useq02299,1,training,assigned_training,300,20560902,internal_test|model_selection_validation|new_external_blind
useq02302,1,training,assigned_training,300,20560902,internal_test|model_selection_validation|new_external_blind
useq02303,3,training,assigned_training,300,20560902,internal_test|model_selection_validation|new_external_blind
useq02304,2,training,assigned_training,300,20560902,internal_test|model_selection_validation|new_external_blind
useq02307,1,training,assigned_training,300,20560902,internal_test|model_selection_validation|new_external_blind
useq02318,1,training,assigned_training,300,20560902,internal_test|model_selection_validation|new_external_blind
useq02320,1,training,assigned_training,300,20560902,internal_test|model_selection_validation|new_external_blind
useq02321,2,training,assigned_training,300,20560902,internal_test|model_selection_validation|new_external_blind
useq02322,1,training,assigned_training,300,20560902,internal_test|model_selection_validation|new_external_blind
useq02330,1,training,assigned_training,300,20560902,internal_test|model_selection_validation|new_external_blind
useq02333,1,training,assigned_training,300,20560902,internal_test|model_selection_validation|new_external_blind
useq02336,1,training,assigned_training,300,20560902,internal_test|model_selection_validation|new_external_blind
useq02349,1,training,assigned_training,300,20560902,internal_test|model_selection_validation|new_external_blind
useq02354,2,training,assigned_training,300,20560902,internal_test|model_selection_validation|new_external_blind
useq02356,1,training,assigned_training,300,20560902,internal_test|model_selection_validation|new_external_blind
useq02361,1,training,assigned_training,300,20560902,internal_test|model_selection_validation|new_external_blind
useq02370,1,training,assigned_training,300,20560902,internal_test|model_selection_validation|new_external_blind
useq02371,1,training,assigned_training,300,20560902,internal_test|model_selection_validation|new_external_blind
useq02372,1,training,assigned_training,300,20560902,internal_test|model_selection_validation|new_external_blind
useq02377,1,training,assigned_training,300,20560902,internal_test|model_selection_validation|new_external_blind
useq02381,1,training,assigned_training,300,20560902,internal_test|model_selection_validation|new_external_blind
useq02387,1,training,assigned_training,300,20560902,internal_test|model_selection_validation|new_external_blind
useq02389,1,training,assigned_training,300,20560902,internal_test|model_selection_validation|new_external_blind
useq02400,1,training,assigned_training,300,20560902,internal_test|model_selection_validation|new_external_blind
useq02405,1,training,assigned_training,300,20560902,internal_test|model_selection_validation|new_external_blind
useq02406,1,training,assigned_training,300,20560902,internal_test|model_selection_validation|new_external_blind
useq02416,1,training,assigned_training,300,20560902,internal_test|model_selection_validation|new_external_blind
useq02431,1,training,assigned_training,300,20560902,internal_test|model_selection_validation|new_external_blind
useq02437,1,training,assigned_training,300,20560902,internal_test|model_selection_validation|new_external_blind
useq02451,1,training,assigned_training,300,20560902,internal_test|model_selection_validation|new_external_blind
useq02455,1,training,assigned_training,300,20560902,internal_test|model_selection_validation|new_external_blind
useq02460,1,training,assigned_training,300,20560902,internal_test|model_selection_validation|new_external_blind
useq02461,1,training,assigned_training,300,20560902,internal_test|model_selection_validation|new_external_blind
useq02462,1,training,assigned_training,300,20560902,internal_test|model_selection_validation|new_external_blind
useq02466,1,training,assigned_training,300,20560902,internal_test|model_selection_validation|new_external_blind
useq02471,1,training,assigned_training,300,20560902,internal_test|model_selection_validation|new_external_blind
useq02474,2,training,assigned_training,300,20560902,internal_test|model_selection_validation|new_external_blind
useq02476,1,training,assigned_training,300,20560902,internal_test|model_selection_validation|new_external_blind
useq02478,1,training,assigned_training,300,20560902,internal_test|model_selection_validation|new_external_blind
useq02481,2,training,assigned_training,300,20560902,internal_test|model_selection_validation|new_external_blind
useq02483,1,training,assigned_training,300,20560902,internal_test|model_selection_validation|new_external_blind
useq02485,1,training,assigned_training,300,20560902,internal_test|model_selection_validation|new_external_blind
useq02487,1,training,assigned_training,300,20560902,internal_test|model_selection_validation|new_external_blind
useq02490,1,training,assigned_training,300,20560902,internal_test|model_selection_validation|new_external_blind
useq02492,1,training,assigned_training,300,20560902,internal_test|model_selection_validation|new_external_blind
useq02497,1,training,assigned_training,300,20560902,internal_test|model_selection_validation|new_external_blind
useq02498,1,training,assigned_training,300,20560902,internal_test|model_selection_validation|new_external_blind
useq02516,1,training,assigned_training,300,20560902,internal_test|model_selection_validation|new_external_blind
useq02518,1,training,assigned_training,300,20560902,internal_test|model_selection_validation|new_external_blind
useq02520,1,training,assigned_training,300,20560902,internal_test|model_selection_validation|new_external_blind
useq02523,1,training,assigned_training,300,20560902,internal_test|model_selection_validation|new_external_blind
useq02526,1,training,assigned_training,300,20560902,internal_test|model_selection_validation|new_external_blind
useq02536,1,training,assigned_training,300,20560902,internal_test|model_selection_validation|new_external_blind
useq02540,1,training,assigned_training,300,20560902,internal_test|model_selection_validation|new_external_blind
useq02555,1,training,assigned_training,300,20560902,internal_test|model_selection_validation|new_external_blind
useq02569,1,training,assigned_training,300,20560902,internal_test|model_selection_validation|new_external_blind
useq02572,1,training,assigned_training,300,20560902,internal_test|model_selection_validation|new_external_blind
useq02577,1,training,assigned_training,300,20560902,internal_test|model_selection_validation|new_external_blind
useq02582,2,training,assigned_training,300,20560902,internal_test|model_selection_validation|new_external_blind
useq02585,1,training,assigned_training,300,20560902,internal_test|model_selection_validation|new_external_blind
useq02590,1,training,assigned_training,300,20560902,internal_test|model_selection_validation|new_external_blind
useq02593,1,training,assigned_training,300,20560902,internal_test|model_selection_validation|new_external_blind
useq02597,1,training,assigned_training,300,20560902,internal_test|model_selection_validation|new_external_blind
useq02598,1,training,assigned_training,300,20560902,internal_test|model_selection_validation|new_external_blind
useq02599,1,training,assigned_training,300,20560902,internal_test|model_selection_validation|new_external_blind
useq02600,1,training,assigned_training,300,20560902,internal_test|model_selection_validation|new_external_blind
useq02609,1,training,assigned_training,300,20560902,internal_test|model_selection_validation|new_external_blind
useq02615,1,training,assigned_training,300,20560902,internal_test|model_selection_validation|new_external_blind
useq02626,2,training,assigned_training,300,20560902,internal_test|model_selection_validation|new_external_blind
useq02630,1,training,assigned_training,300,20560902,internal_test|model_selection_validation|new_external_blind
useq02634,3,training,assigned_training,300,20560902,internal_test|model_selection_validation|new_external_blind
useq02635,1,training,assigned_training,300,20560902,internal_test|model_selection_validation|new_external_blind
useq02641,1,training,assigned_training,300,20560902,internal_test|model_selection_validation|new_external_blind
useq02643,1,training,assigned_training,300,20560902,internal_test|model_selection_validation|new_external_blind
useq02646,1,training,assigned_training,300,20560902,internal_test|model_selection_validation|new_external_blind
useq02651,1,training,assigned_training,300,20560902,internal_test|model_selection_validation|new_external_blind
useq02653,1,training,assigned_training,300,20560902,internal_test|model_selection_validation|new_external_blind
useq02655,1,training,assigned_training,300,20560902,internal_test|model_selection_validation|new_external_blind
useq02666,1,training,assigned_training,300,20560902,internal_test|model_selection_validation|new_external_blind
useq02671,1,training,assigned_training,300,20560902,internal_test|model_selection_validation|new_external_blind
useq02679,1,training,assigned_training,300,20560902,internal_test|model_selection_validation|new_external_blind
useq02686,1,training,assigned_training,300,20560902,internal_test|model_selection_validation|new_external_blind
useq02688,1,training,assigned_training,300,20560902,internal_test|model_selection_validation|new_external_blind
useq02694,1,training,assigned_training,300,20560902,internal_test|model_selection_validation|new_external_blind
useq02707,1,training,assigned_training,300,20560902,internal_test|model_selection_validation|new_external_blind
useq02708,1,training,assigned_training,300,20560902,internal_test|model_selection_validation|new_external_blind
useq02709,1,training,assigned_training,300,20560902,internal_test|model_selection_validation|new_external_blind
useq02712,1,training,assigned_training,300,20560902,internal_test|model_selection_validation|new_external_blind
useq02718,1,training,assigned_training,300,20560902,internal_test|model_selection_validation|new_external_blind
useq02722,2,training,assigned_training,300,20560902,internal_test|model_selection_validation|new_external_blind
useq02740,1,training,assigned_training,300,20560902,internal_test|model_selection_validation|new_external_blind
useq02747,1,training,assigned_training,300,20560902,internal_test|model_selection_validation|new_external_blind
useq02749,1,training,assigned_training,300,20560902,internal_test|model_selection_validation|new_external_blind
useq02750,1,training,assigned_training,300,20560902,internal_test|model_selection_validation|new_external_blind
useq02758,1,training,assigned_training,300,20560902,internal_test|model_selection_validation|new_external_blind
useq02768,1,training,assigned_training,300,20560902,internal_test|model_selection_validation|new_external_blind
useq02778,1,training,assigned_training,300,20560902,internal_test|model_selection_validation|new_external_blind
useq02781,1,training,assigned_training,300,20560902,internal_test|model_selection_validation|new_external_blind
useq02784,1,training,assigned_training,300,20560902,internal_test|model_selection_validation|new_external_blind
useq02785,1,training,assigned_training,300,20560902,internal_test|model_selection_validation|new_external_blind
useq02790,1,training,assigned_training,300,20560902,internal_test|model_selection_validation|new_external_blind
useq02797,1,training,assigned_training,300,20560902,internal_test|model_selection_validation|new_external_blind
useq02798,1,training,assigned_training,300,20560902,internal_test|model_selection_validation|new_external_blind
useq02800,1,training,assigned_training,300,20560902,internal_test|model_selection_validation|new_external_blind
useq02801,1,training,assigned_training,300,20560902,internal_test|model_selection_validation|new_external_blind
useq02805,1,training,assigned_training,300,20560902,internal_test|model_selection_validation|new_external_blind
useq02817,1,training,assigned_training,300,20560902,internal_test|model_selection_validation|new_external_blind
useq02820,1,training,assigned_training,300,20560902,internal_test|model_selection_validation|new_external_blind
useq02829,3,training,assigned_training,300,20560902,internal_test|model_selection_validation|new_external_blind
useq02832,1,training,assigned_training,300,20560902,internal_test|model_selection_validation|new_external_blind
useq02836,1,training,assigned_training,300,20560902,internal_test|model_selection_validation|new_external_blind
useq02842,1,training,assigned_training,300,20560902,internal_test|model_selection_validation|new_external_blind
useq02843,1,training,assigned_training,300,20560902,internal_test|model_selection_validation|new_external_blind
useq02844,1,training,assigned_training,300,20560902,internal_test|model_selection_validation|new_external_blind
useq02850,1,training,assigned_training,300,20560902,internal_test|model_selection_validation|new_external_blind
useq02855,1,training,assigned_training,300,20560902,internal_test|model_selection_validation|new_external_blind
useq02857,1,training,assigned_training,300,20560902,internal_test|model_selection_validation|new_external_blind
useq02861,1,training,assigned_training,300,20560902,internal_test|model_selection_validation|new_external_blind
useq02863,1,training,assigned_training,300,20560902,internal_test|model_selection_validation|new_external_blind
useq02867,1,training,assigned_training,300,20560902,internal_test|model_selection_validation|new_external_blind
useq02868,1,training,assigned_training,300,20560902,internal_test|model_selection_validation|new_external_blind
useq02869,1,training,assigned_training,300,20560902,internal_test|model_selection_validation|new_external_blind
useq02870,1,training,assigned_training,300,20560902,internal_test|model_selection_validation|new_external_blind
useq02871,1,training,assigned_training,300,20560902,internal_test|model_selection_validation|new_external_blind
useq02872,1,training,assigned_training,300,20560902,internal_test|model_selection_validation|new_external_blind
useq02875,1,training,assigned_training,300,20560902,internal_test|model_selection_validation|new_external_blind
useq02878,1,training,assigned_training,300,20560902,internal_test|model_selection_validation|new_external_blind
useq02882,1,training,assigned_training,300,20560902,internal_test|model_selection_validation|new_external_blind
useq02893,1,training,assigned_training,300,20560902,internal_test|model_selection_validation|new_external_blind
useq02894,1,training,assigned_training,300,20560902,internal_test|model_selection_validation|new_external_blind
useq02897,1,training,assigned_training,300,20560902,internal_test|model_selection_validation|new_external_blind
useq02899,1,training,assigned_training,300,20560902,internal_test|model_selection_validation|new_external_blind
useq02900,2,training,assigned_training,300,20560902,internal_test|model_selection_validation|new_external_blind
useq02905,1,training,assigned_training,300,20560902,internal_test|model_selection_validation|new_external_blind
useq02909,1,training,assigned_training,300,20560902,internal_test|model_selection_validation|new_external_blind
useq02914,1,training,assigned_training,300,20560902,internal_test|model_selection_validation|new_external_blind
useq02915,1,training,assigned_training,300,20560902,internal_test|model_selection_validation|new_external_blind
useq02925,2,training,assigned_training,300,20560902,internal_test|model_selection_validation|new_external_blind
useq02928,1,training,assigned_training,300,20560902,internal_test|model_selection_validation|new_external_blind
useq02931,1,training,assigned_training,300,20560902,internal_test|model_selection_validation|new_external_blind
useq02934,1,training,assigned_training,300,20560902,internal_test|model_selection_validation|new_external_blind
useq02935,1,training,assigned_training,300,20560902,internal_test|model_selection_validation|new_external_blind
useq02939,1,training,assigned_training,300,20560902,internal_test|model_selection_validation|new_external_blind
useq02959,1,training,assigned_training,300,20560902,internal_test|model_selection_validation|new_external_blind
useq02961,1,training,assigned_training,300,20560902,internal_test|model_selection_validation|new_external_blind
useq02962,1,training,assigned_training,300,20560902,internal_test|model_selection_validation|new_external_blind
useq02964,1,training,assigned_training,300,20560902,internal_test|model_selection_validation|new_external_blind
useq02965,1,training,assigned_training,300,20560902,internal_test|model_selection_validation|new_external_blind
useq02966,1,training,assigned_training,300,20560902,internal_test|model_selection_validation|new_external_blind
useq02979,1,training,assigned_training,300,20560902,internal_test|model_selection_validation|new_external_blind
useq02983,1,training,assigned_training,300,20560902,internal_test|model_selection_validation|new_external_blind
useq02988,1,training,assigned_training,300,20560902,internal_test|model_selection_validation|new_external_blind
useq02990,1,training,assigned_training,300,20560902,internal_test|model_selection_validation|new_external_blind
useq02992,1,training,assigned_training,300,20560902,internal_test|model_selection_validation|new_external_blind
useq02993,1,training,assigned_training,300,20560902,internal_test|model_selection_validation|new_external_blind
useq02994,1,training,assigned_training,300,20560902,internal_test|model_selection_validation|new_external_blind
useq03003,1,training,assigned_training,300,20560902,internal_test|model_selection_validation|new_external_blind
useq03004,1,training,assigned_training,300,20560902,internal_test|model_selection_validation|new_external_blind
useq03009,1,training,assigned_training,300,20560902,internal_test|model_selection_validation|new_external_blind
useq03012,1,training,assigned_training,300,20560902,internal_test|model_selection_validation|new_external_blind
useq03015,2,training,assigned_training,300,20560902,internal_test|model_selection_validation|new_external_blind
useq03020,1,training,assigned_training,300,20560902,internal_test|model_selection_validation|new_external_blind
useq03021,1,training,assigned_training,300,20560902,internal_test|model_selection_validation|new_external_blind
useq03029,1,training,assigned_training,300,20560902,internal_test|model_selection_validation|new_external_blind
useq03034,1,training,assigned_training,300,20560902,internal_test|model_selection_validation|new_external_blind
useq03035,1,training,assigned_training,300,20560902,internal_test|model_selection_validation|new_external_blind
useq03037,1,training,assigned_training,300,20560902,internal_test|model_selection_validation|new_external_blind
useq03039,1,training,assigned_training,300,20560902,internal_test|model_selection_validation|new_external_blind
useq03042,1,training,assigned_training,300,20560902,internal_test|model_selection_validation|new_external_blind
useq03045,1,training,assigned_training,300,20560902,internal_test|model_selection_validation|new_external_blind
useq03055,1,training,assigned_training,300,20560902,internal_test|model_selection_validation|new_external_blind
useq03065,1,training,assigned_training,300,20560902,internal_test|model_selection_validation|new_external_blind
useq03066,1,training,assigned_training,300,20560902,internal_test|model_selection_validation|new_external_blind
useq03071,1,training,assigned_training,300,20560902,internal_test|model_selection_validation|new_external_blind
useq03073,1,training,assigned_training,300,20560902,internal_test|model_selection_validation|new_external_blind
useq03075,1,training,assigned_training,300,20560902,internal_test|model_selection_validation|new_external_blind
useq03078,1,training,assigned_training,300,20560902,internal_test|model_selection_validation|new_external_blind
useq03080,1,training,assigned_training,300,20560902,internal_test|model_selection_validation|new_external_blind
useq03082,1,training,assigned_training,300,20560902,internal_test|model_selection_validation|new_external_blind
useq03090,3,training,assigned_training,300,20560902,internal_test|model_selection_validation|new_external_blind
useq03092,1,training,assigned_training,300,20560902,internal_test|model_selection_validation|new_external_blind
useq03093,1,training,assigned_training,300,20560902,internal_test|model_selection_validation|new_external_blind
useq03098,1,training,assigned_training,300,20560902,internal_test|model_selection_validation|new_external_blind
useq03100,1,training,assigned_training,300,20560902,internal_test|model_selection_validation|new_external_blind
useq03106,1,training,assigned_training,300,20560902,internal_test|model_selection_validation|new_external_blind
useq03111,1,training,assigned_training,300,20560902,internal_test|model_selection_validation|new_external_blind
useq03113,1,training,assigned_training,300,20560902,internal_test|model_selection_validation|new_external_blind
useq03114,1,training,assigned_training,300,20560902,internal_test|model_selection_validation|new_external_blind
useq03125,5,training,assigned_training,300,20560902,internal_test|model_selection_validation|new_external_blind
useq03132,1,training,assigned_training,300,20560902,internal_test|model_selection_validation|new_external_blind
useq03133,1,training,assigned_training,300,20560902,internal_test|model_selection_validation|new_external_blind
useq03135,1,training,assigned_training,300,20560902,internal_test|model_selection_validation|new_external_blind
useq03144,1,training,assigned_training,300,20560902,internal_test|model_selection_validation|new_external_blind
useq03148,1,training,assigned_training,300,20560902,internal_test|model_selection_validation|new_external_blind
useq03152,1,training,assigned_training,300,20560902,internal_test|model_selection_validation|new_external_blind
useq03154,1,training,assigned_training,300,20560902,internal_test|model_selection_validation|new_external_blind
useq03158,1,training,assigned_training,300,20560902,internal_test|model_selection_validation|new_external_blind
useq03160,1,training,assigned_training,300,20560902,internal_test|model_selection_validation|new_external_blind
useq03166,1,training,assigned_training,300,20560902,internal_test|model_selection_validation|new_external_blind
useq03167,1,training,assigned_training,300,20560902,internal_test|model_selection_validation|new_external_blind
useq03196,1,training,assigned_training,300,20560902,internal_test|model_selection_validation|new_external_blind
useq03198,1,training,assigned_training,300,20560902,internal_test|model_selection_validation|new_external_blind
useq03203,1,training,assigned_training,300,20560902,internal_test|model_selection_validation|new_external_blind
useq03207,1,training,assigned_training,300,20560902,internal_test|model_selection_validation|new_external_blind
useq03209,1,training,assigned_training,300,20560902,internal_test|model_selection_validation|new_external_blind
useq03210,1,training,assigned_training,300,20560902,internal_test|model_selection_validation|new_external_blind
useq03213,1,training,assigned_training,300,20560902,internal_test|model_selection_validation|new_external_blind
useq03223,1,training,assigned_training,300,20560902,internal_test|model_selection_validation|new_external_blind
useq03226,1,training,assigned_training,300,20560902,internal_test|model_selection_validation|new_external_blind
useq03231,1,training,assigned_training,300,20560902,internal_test|model_selection_validation|new_external_blind
useq03238,1,training,assigned_training,300,20560902,internal_test|model_selection_validation|new_external_blind
useq03244,2,training,assigned_training,300,20560902,internal_test|model_selection_validation|new_external_blind
useq03251,1,training,assigned_training,300,20560902,internal_test|model_selection_validation|new_external_blind
useq03252,1,training,assigned_training,300,20560902,internal_test|model_selection_validation|new_external_blind
useq03254,1,training,assigned_training,300,20560902,internal_test|model_selection_validation|new_external_blind
useq03261,1,training,assigned_training,300,20560902,internal_test|model_selection_validation|new_external_blind
useq03267,1,training,assigned_training,300,20560902,internal_test|model_selection_validation|new_external_blind
useq03281,1,training,assigned_training,300,20560902,internal_test|model_selection_validation|new_external_blind
useq03285,1,training,assigned_training,300,20560902,internal_test|model_selection_validation|new_external_blind
useq03292,2,training,assigned_training,300,20560902,internal_test|model_selection_validation|new_external_blind
useq03295,1,training,assigned_training,300,20560902,internal_test|model_selection_validation|new_external_blind
useq03299,1,training,assigned_training,300,20560902,internal_test|model_selection_validation|new_external_blind
useq03301,1,training,assigned_training,300,20560902,internal_test|model_selection_validation|new_external_blind
useq03305,1,training,assigned_training,300,20560902,internal_test|model_selection_validation|new_external_blind
useq03310,1,training,assigned_training,300,20560902,internal_test|model_selection_validation|new_external_blind
useq03311,2,training,assigned_training,300,20560902,internal_test|model_selection_validation|new_external_blind
useq03321,1,training,assigned_training,300,20560902,internal_test|model_selection_validation|new_external_blind
useq03326,1,training,assigned_training,300,20560902,internal_test|model_selection_validation|new_external_blind
useq03328,1,training,assigned_training,300,20560902,internal_test|model_selection_validation|new_external_blind
useq03330,1,training,assigned_training,300,20560902,internal_test|model_selection_validation|new_external_blind
useq03335,1,training,assigned_training,300,20560902,internal_test|model_selection_validation|new_external_blind
useq03337,1,training,assigned_training,300,20560902,internal_test|model_selection_validation|new_external_blind
useq03339,1,training,assigned_training,300,20560902,internal_test|model_selection_validation|new_external_blind
useq03341,1,training,assigned_training,300,20560902,internal_test|model_selection_validation|new_external_blind
useq03343,1,training,assigned_training,300,20560902,internal_test|model_selection_validation|new_external_blind
useq03344,1,training,assigned_training,300,20560902,internal_test|model_selection_validation|new_external_blind
useq03345,1,training,assigned_training,300,20560902,internal_test|model_selection_validation|new_external_blind
useq03351,1,training,assigned_training,300,20560902,internal_test|model_selection_validation|new_external_blind
useq03354,1,training,assigned_training,300,20560902,internal_test|model_selection_validation|new_external_blind
useq03362,1,training,assigned_training,300,20560902,internal_test|model_selection_validation|new_external_blind
useq03365,1,training,assigned_training,300,20560902,internal_test|model_selection_validation|new_external_blind
useq03369,1,training,assigned_training,300,20560902,internal_test|model_selection_validation|new_external_blind
useq03371,1,training,assigned_training,300,20560902,internal_test|model_selection_validation|new_external_blind
useq03372,4,training,assigned_training,300,20560902,internal_test|model_selection_validation|new_external_blind
useq03376,1,training,assigned_training,300,20560902,internal_test|model_selection_validation|new_external_blind
useq03377,1,training,assigned_training,300,20560902,internal_test|model_selection_validation|new_external_blind
useq03385,1,training,assigned_training,300,20560902,internal_test|model_selection_validation|new_external_blind
useq03389,1,training,assigned_training,300,20560902,internal_test|model_selection_validation|new_external_blind
useq03390,1,training,assigned_training,300,20560902,internal_test|model_selection_validation|new_external_blind
useq03396,1,training,assigned_training,300,20560902,internal_test|model_selection_validation|new_external_blind
useq03397,1,training,assigned_training,300,20560902,internal_test|model_selection_validation|new_external_blind
useq03400,1,training,assigned_training,300,20560902,internal_test|model_selection_validation|new_external_blind
useq03406,1,training,assigned_training,300,20560902,internal_test|model_selection_validation|new_external_blind
useq03408,1,training,assigned_training,300,20560902,internal_test|model_selection_validation|new_external_blind
useq03409,1,training,assigned_training,300,20560902,internal_test|model_selection_validation|new_external_blind
useq03410,1,training,assigned_training,300,20560902,internal_test|model_selection_validation|new_external_blind
useq03413,1,training,assigned_training,300,20560902,internal_test|model_selection_validation|new_external_blind
useq03414,1,training,assigned_training,300,20560902,internal_test|model_selection_validation|new_external_blind
useq03417,1,training,assigned_training,300,20560902,internal_test|model_selection_validation|new_external_blind
useq03419,1,training,assigned_training,300,20560902,internal_test|model_selection_validation|new_external_blind
useq03421,1,training,assigned_training,300,20560902,internal_test|model_selection_validation|new_external_blind
useq03425,4,training,assigned_training,300,20560902,internal_test|model_selection_validation|new_external_blind
useq03426,1,training,assigned_training,300,20560902,internal_test|model_selection_validation|new_external_blind
useq03427,1,training,assigned_training,300,20560902,internal_test|model_selection_validation|new_external_blind
useq03431,1,training,assigned_training,300,20560902,internal_test|model_selection_validation|new_external_blind
useq03433,1,training,assigned_training,300,20560902,internal_test|model_selection_validation|new_external_blind
useq03438,1,training,assigned_training,300,20560902,internal_test|model_selection_validation|new_external_blind
useq03439,1,training,assigned_training,300,20560902,internal_test|model_selection_validation|new_external_blind
useq03445,1,training,assigned_training,300,20560902,internal_test|model_selection_validation|new_external_blind
useq03451,1,training,assigned_training,300,20560902,internal_test|model_selection_validation|new_external_blind
useq03461,1,training,assigned_training,300,20560902,internal_test|model_selection_validation|new_external_blind
useq03464,1,training,assigned_training,300,20560902,internal_test|model_selection_validation|new_external_blind
useq03466,2,training,assigned_training,300,20560902,internal_test|model_selection_validation|new_external_blind
useq03473,1,training,assigned_training,300,20560902,internal_test|model_selection_validation|new_external_blind
useq03474,1,training,assigned_training,300,20560902,internal_test|model_selection_validation|new_external_blind
useq03475,1,training,assigned_training,300,20560902,internal_test|model_selection_validation|new_external_blind
useq03478,1,training,assigned_training,300,20560902,internal_test|model_selection_validation|new_external_blind
useq03483,1,training,assigned_training,300,20560902,internal_test|model_selection_validation|new_external_blind
useq03487,1,training,assigned_training,300,20560902,internal_test|model_selection_validation|new_external_blind
useq03492,1,training,assigned_training,300,20560902,internal_test|model_selection_validation|new_external_blind
useq03512,1,training,assigned_training,300,20560902,internal_test|model_selection_validation|new_external_blind
useq03519,1,training,assigned_training,300,20560902,internal_test|model_selection_validation|new_external_blind
useq03520,1,training,assigned_training,300,20560902,internal_test|model_selection_validation|new_external_blind
useq03535,1,training,assigned_training,300,20560902,internal_test|model_selection_validation|new_external_blind
useq03537,1,training,assigned_training,300,20560902,internal_test|model_selection_validation|new_external_blind
useq03540,1,training,assigned_training,300,20560902,internal_test|model_selection_validation|new_external_blind
useq03542,2,training,assigned_training,300,20560902,internal_test|model_selection_validation|new_external_blind
useq03544,2,training,assigned_training,300,20560902,internal_test|model_selection_validation|new_external_blind
useq03547,1,training,assigned_training,300,20560902,internal_test|model_selection_validation|new_external_blind
useq03548,1,training,assigned_training,300,20560902,internal_test|model_selection_validation|new_external_blind
useq03554,1,training,assigned_training,300,20560902,internal_test|model_selection_validation|new_external_blind
useq03560,1,training,assigned_training,300,20560902,internal_test|model_selection_validation|new_external_blind
useq03561,1,training,assigned_training,300,20560902,internal_test|model_selection_validation|new_external_blind
useq03567,1,training,assigned_training,300,20560902,internal_test|model_selection_validation|new_external_blind
useq03569,1,training,assigned_training,300,20560902,internal_test|model_selection_validation|new_external_blind
useq03573,1,training,assigned_training,300,20560902,internal_test|model_selection_validation|new_external_blind
useq03574,1,training,assigned_training,300,20560902,internal_test|model_selection_validation|new_external_blind
useq03576,1,training,assigned_training,300,20560902,internal_test|model_selection_validation|new_external_blind
useq03582,1,training,assigned_training,300,20560902,internal_test|model_selection_validation|new_external_blind
useq03586,1,training,assigned_training,300,20560902,internal_test|model_selection_validation|new_external_blind
useq03592,1,training,assigned_training,300,20560902,internal_test|model_selection_validation|new_external_blind
useq03598,1,training,assigned_training,300,20560902,internal_test|model_selection_validation|new_external_blind
useq03601,1,training,assigned_training,300,20560902,internal_test|model_selection_validation|new_external_blind
useq03604,1,training,assigned_training,300,20560902,internal_test|model_selection_validation|new_external_blind
useq03610,2,training,assigned_training,300,20560902,internal_test|model_selection_validation|new_external_blind
useq03615,1,training,assigned_training,300,20560902,internal_test|model_selection_validation|new_external_blind
useq03616,1,training,assigned_training,300,20560902,internal_test|model_selection_validation|new_external_blind
useq03621,1,training,assigned_training,300,20560902,internal_test|model_selection_validation|new_external_blind
useq03623,1,training,assigned_training,300,20560902,internal_test|model_selection_validation|new_external_blind
useq03631,1,training,assigned_training,300,20560902,internal_test|model_selection_validation|new_external_blind
useq03644,1,training,assigned_training,300,20560902,internal_test|model_selection_validation|new_external_blind
useq03648,1,training,assigned_training,300,20560902,internal_test|model_selection_validation|new_external_blind
useq03652,3,training,assigned_training,300,20560902,internal_test|model_selection_validation|new_external_blind
useq03654,1,training,assigned_training,300,20560902,internal_test|model_selection_validation|new_external_blind
useq03655,1,training,assigned_training,300,20560902,internal_test|model_selection_validation|new_external_blind
useq03657,1,training,assigned_training,300,20560902,internal_test|model_selection_validation|new_external_blind
useq03658,1,training,assigned_training,300,20560902,internal_test|model_selection_validation|new_external_blind
useq03659,1,training,assigned_training,300,20560902,internal_test|model_selection_validation|new_external_blind
useq03660,1,training,assigned_training,300,20560902,internal_test|model_selection_validation|new_external_blind
useq03662,1,training,assigned_training,300,20560902,internal_test|model_selection_validation|new_external_blind
useq03665,1,training,assigned_training,300,20560902,internal_test|model_selection_validation|new_external_blind
useq03666,1,training,assigned_training,300,20560902,internal_test|model_selection_validation|new_external_blind
useq03671,1,training,assigned_training,300,20560902,internal_test|model_selection_validation|new_external_blind
useq03672,1,training,assigned_training,300,20560902,internal_test|model_selection_validation|new_external_blind
useq03673,1,training,assigned_training,300,20560902,internal_test|model_selection_validation|new_external_blind
useq03674,1,training,assigned_training,300,20560902,internal_test|model_selection_validation|new_external_blind
useq03675,1,training,assigned_training,300,20560902,internal_test|model_selection_validation|new_external_blind
useq03676,1,training,assigned_training,300,20560902,internal_test|model_selection_validation|new_external_blind
useq03679,1,training,assigned_training,300,20560902,internal_test|model_selection_validation|new_external_blind
useq03680,1,training,assigned_training,300,20560902,internal_test|model_selection_validation|new_external_blind
useq03689,4,training,assigned_training,300,20560902,internal_test|model_selection_validation|new_external_blind
useq03691,1,training,assigned_training,300,20560902,internal_test|model_selection_validation|new_external_blind
useq03695,1,training,assigned_training,300,20560902,internal_test|model_selection_validation|new_external_blind
useq03699,1,training,assigned_training,300,20560902,internal_test|model_selection_validation|new_external_blind
useq03700,1,training,assigned_training,300,20560902,internal_test|model_selection_validation|new_external_blind
useq03708,1,training,assigned_training,300,20560902,internal_test|model_selection_validation|new_external_blind
useq03715,1,training,assigned_training,300,20560902,internal_test|model_selection_validation|new_external_blind
useq03716,1,training,assigned_training,300,20560902,internal_test|model_selection_validation|new_external_blind
useq03718,1,training,assigned_training,300,20560902,internal_test|model_selection_validation|new_external_blind
useq03719,1,training,assigned_training,300,20560902,internal_test|model_selection_validation|new_external_blind
useq03720,1,training,assigned_training,300,20560902,internal_test|model_selection_validation|new_external_blind
useq03721,1,training,assigned_training,300,20560902,internal_test|model_selection_validation|new_external_blind
useq03725,4,training,assigned_training,300,20560902,internal_test|model_selection_validation|new_external_blind
useq03735,1,training,assigned_training,300,20560902,internal_test|model_selection_validation|new_external_blind
useq03736,1,training,assigned_training,300,20560902,internal_test|model_selection_validation|new_external_blind
useq03743,1,training,assigned_training,300,20560902,internal_test|model_selection_validation|new_external_blind
useq03747,1,training,assigned_training,300,20560902,internal_test|model_selection_validation|new_external_blind
useq03752,1,training,assigned_training,300,20560902,internal_test|model_selection_validation|new_external_blind
useq03755,1,training,assigned_training,300,20560902,internal_test|model_selection_validation|new_external_blind
useq03760,1,training,assigned_training,300,20560902,internal_test|model_selection_validation|new_external_blind
useq03761,1,training,assigned_training,300,20560902,internal_test|model_selection_validation|new_external_blind
useq03764,1,training,assigned_training,300,20560902,internal_test|model_selection_validation|new_external_blind
useq03768,1,training,assigned_training,300,20560902,internal_test|model_selection_validation|new_external_blind
useq03771,1,training,assigned_training,300,20560902,internal_test|model_selection_validation|new_external_blind
useq03772,1,training,assigned_training,300,20560902,internal_test|model_selection_validation|new_external_blind
useq03773,1,training,assigned_training,300,20560902,internal_test|model_selection_validation|new_external_blind
useq03774,1,training,assigned_training,300,20560902,internal_test|model_selection_validation|new_external_blind
useq03777,1,training,assigned_training,300,20560902,internal_test|model_selection_validation|new_external_blind
useq03785,2,training,assigned_training,300,20560902,internal_test|model_selection_validation|new_external_blind
useq03787,1,training,assigned_training,300,20560902,internal_test|model_selection_validation|new_external_blind
useq03792,1,training,assigned_training,300,20560902,internal_test|model_selection_validation|new_external_blind
useq03793,1,training,assigned_training,300,20560902,internal_test|model_selection_validation|new_external_blind
useq03799,1,training,assigned_training,300,20560902,internal_test|model_selection_validation|new_external_blind
useq03801,1,training,assigned_training,300,20560902,internal_test|model_selection_validation|new_external_blind
useq03803,1,training,assigned_training,300,20560902,internal_test|model_selection_validation|new_external_blind
useq03804,1,training,assigned_training,300,20560902,internal_test|model_selection_validation|new_external_blind
useq03805,2,training,assigned_training,300,20560902,internal_test|model_selection_validation|new_external_blind
useq03807,1,training,assigned_training,300,20560902,internal_test|model_selection_validation|new_external_blind
useq03815,1,training,assigned_training,300,20560902,internal_test|model_selection_validation|new_external_blind
useq03816,1,training,assigned_training,300,20560902,internal_test|model_selection_validation|new_external_blind
useq03819,1,training,assigned_training,300,20560902,internal_test|model_selection_validation|new_external_blind
useq03824,1,training,assigned_training,300,20560902,internal_test|model_selection_validation|new_external_blind
useq03826,1,training,assigned_training,300,20560902,internal_test|model_selection_validation|new_external_blind
useq03831,1,training,assigned_training,300,20560902,internal_test|model_selection_validation|new_external_blind
useq03833,1,training,assigned_training,300,20560902,internal_test|model_selection_validation|new_external_blind
useq03834,1,training,assigned_training,300,20560902,internal_test|model_selection_validation|new_external_blind
useq03839,1,training,assigned_training,300,20560902,internal_test|model_selection_validation|new_external_blind
useq03845,1,training,assigned_training,300,20560902,internal_test|model_selection_validation|new_external_blind
useq03847,2,training,assigned_training,300,20560902,internal_test|model_selection_validation|new_external_blind
useq03860,1,training,assigned_training,300,20560902,internal_test|model_selection_validation|new_external_blind
useq03869,1,training,assigned_training,300,20560902,internal_test|model_selection_validation|new_external_blind
useq03870,1,training,assigned_training,300,20560902,internal_test|model_selection_validation|new_external_blind
useq03872,1,training,assigned_training,300,20560902,internal_test|model_selection_validation|new_external_blind
useq03875,1,training,assigned_training,300,20560902,internal_test|model_selection_validation|new_external_blind
useq03878,1,training,assigned_training,300,20560902,internal_test|model_selection_validation|new_external_blind
useq03883,1,training,assigned_training,300,20560902,internal_test|model_selection_validation|new_external_blind
useq03885,1,training,assigned_training,300,20560902,internal_test|model_selection_validation|new_external_blind
useq03891,1,training,assigned_training,300,20560902,internal_test|model_selection_validation|new_external_blind
useq03894,1,training,assigned_training,300,20560902,internal_test|model_selection_validation|new_external_blind
useq03902,1,training,assigned_training,300,20560902,internal_test|model_selection_validation|new_external_blind
useq03915,1,training,assigned_training,300,20560902,internal_test|model_selection_validation|new_external_blind
useq03918,1,training,assigned_training,300,20560902,internal_test|model_selection_validation|new_external_blind
useq03928,1,training,assigned_training,300,20560902,internal_test|model_selection_validation|new_external_blind
useq03938,1,training,assigned_training,300,20560902,internal_test|model_selection_validation|new_external_blind
useq03943,1,training,assigned_training,300,20560902,internal_test|model_selection_validation|new_external_blind
useq03944,1,training,assigned_training,300,20560902,internal_test|model_selection_validation|new_external_blind
useq03956,1,training,assigned_training,300,20560902,internal_test|model_selection_validation|new_external_blind
useq03975,1,training,assigned_training,300,20560902,internal_test|model_selection_validation|new_external_blind
useq03976,1,training,assigned_training,300,20560902,internal_test|model_selection_validation|new_external_blind
useq03979,3,training,assigned_training,300,20560902,internal_test|model_selection_validation|new_external_blind
useq03988,1,training,assigned_training,300,20560902,internal_test|model_selection_validation|new_external_blind
useq03989,1,training,assigned_training,300,20560902,internal_test|model_selection_validation|new_external_blind
useq03992,1,training,assigned_training,300,20560902,internal_test|model_selection_validation|new_external_blind
useq03997,1,training,assigned_training,300,20560902,internal_test|model_selection_validation|new_external_blind
useq04000,1,training,assigned_training,300,20560902,internal_test|model_selection_validation|new_external_blind
useq04004,1,training,assigned_training,300,20560902,internal_test|model_selection_validation|new_external_blind
useq04006,1,training,assigned_training,300,20560902,internal_test|model_selection_validation|new_external_blind
useq04010,1,training,assigned_training,300,20560902,internal_test|model_selection_validation|new_external_blind
useq04020,1,training,assigned_training,300,20560902,internal_test|model_selection_validation|new_external_blind
useq04023,1,training,assigned_training,300,20560902,internal_test|model_selection_validation|new_external_blind
useq04032,1,training,assigned_training,300,20560902,internal_test|model_selection_validation|new_external_blind
useq04036,1,training,assigned_training,300,20560902,internal_test|model_selection_validation|new_external_blind
useq04041,1,training,assigned_training,300,20560902,internal_test|model_selection_validation|new_external_blind
useq04050,1,training,assigned_training,300,20560902,internal_test|model_selection_validation|new_external_blind
useq04058,1,training,assigned_training,300,20560902,internal_test|model_selection_validation|new_external_blind
useq04061,1,training,assigned_training,300,20560902,internal_test|model_selection_validation|new_external_blind
useq04064,1,training,assigned_training,300,20560902,internal_test|model_selection_validation|new_external_blind
useq04066,1,training,assigned_training,300,20560902,internal_test|model_selection_validation|new_external_blind
useq04074,1,training,assigned_training,300,20560902,internal_test|model_selection_validation|new_external_blind
useq04085,1,training,assigned_training,300,20560902,internal_test|model_selection_validation|new_external_blind
useq04094,1,training,assigned_training,300,20560902,internal_test|model_selection_validation|new_external_blind
useq04106,1,training,assigned_training,300,20560902,internal_test|model_selection_validation|new_external_blind
useq04108,1,training,assigned_training,300,20560902,internal_test|model_selection_validation|new_external_blind
useq04111,1,training,assigned_training,300,20560902,internal_test|model_selection_validation|new_external_blind
useq04113,1,training,assigned_training,300,20560902,internal_test|model_selection_validation|new_external_blind
useq04117,1,training,assigned_training,300,20560902,internal_test|model_selection_validation|new_external_blind
useq04121,1,training,assigned_training,300,20560902,internal_test|model_selection_validation|new_external_blind
useq04124,1,training,assigned_training,300,20560902,internal_test|model_selection_validation|new_external_blind
useq04132,1,training,assigned_training,300,20560902,internal_test|model_selection_validation|new_external_blind
useq04138,1,training,assigned_training,300,20560902,internal_test|model_selection_validation|new_external_blind
useq04143,1,training,assigned_training,300,20560902,internal_test|model_selection_validation|new_external_blind
useq04144,1,training,assigned_training,300,20560902,internal_test|model_selection_validation|new_external_blind
useq04146,1,training,assigned_training,300,20560902,internal_test|model_selection_validation|new_external_blind
useq04147,1,training,assigned_training,300,20560902,internal_test|model_selection_validation|new_external_blind
useq04149,1,training,assigned_training,300,20560902,internal_test|model_selection_validation|new_external_blind
useq04150,1,training,assigned_training,300,20560902,internal_test|model_selection_validation|new_external_blind
useq04155,1,training,assigned_training,300,20560902,internal_test|model_selection_validation|new_external_blind
useq04159,1,training,assigned_training,300,20560902,internal_test|model_selection_validation|new_external_blind
useq04160,1,training,assigned_training,300,20560902,internal_test|model_selection_validation|new_external_blind
useq04161,1,training,assigned_training,300,20560902,internal_test|model_selection_validation|new_external_blind
useq04164,1,training,assigned_training,300,20560902,internal_test|model_selection_validation|new_external_blind
useq04169,1,training,assigned_training,300,20560902,internal_test|model_selection_validation|new_external_blind
useq04170,1,training,assigned_training,300,20560902,internal_test|model_selection_validation|new_external_blind
useq04172,1,training,assigned_training,300,20560902,internal_test|model_selection_validation|new_external_blind
useq04185,1,training,assigned_training,300,20560902,internal_test|model_selection_validation|new_external_blind
useq04189,1,training,assigned_training,300,20560902,internal_test|model_selection_validation|new_external_blind
useq04191,1,training,assigned_training,300,20560902,internal_test|model_selection_validation|new_external_blind
useq04192,1,training,assigned_training,300,20560902,internal_test|model_selection_validation|new_external_blind
useq04201,1,training,assigned_training,300,20560902,internal_test|model_selection_validation|new_external_blind
useq04202,1,training,assigned_training,300,20560902,internal_test|model_selection_validation|new_external_blind
useq04205,1,training,assigned_training,300,20560902,internal_test|model_selection_validation|new_external_blind
useq04210,1,training,assigned_training,300,20560902,internal_test|model_selection_validation|new_external_blind
useq04217,1,training,assigned_training,300,20560902,internal_test|model_selection_validation|new_external_blind
useq04221,1,training,assigned_training,300,20560902,internal_test|model_selection_validation|new_external_blind
useq04233,1,training,assigned_training,300,20560902,internal_test|model_selection_validation|new_external_blind
useq04240,1,training,assigned_training,300,20560902,internal_test|model_selection_validation|new_external_blind
useq04242,1,training,assigned_training,300,20560902,internal_test|model_selection_validation|new_external_blind
useq04246,1,training,assigned_training,300,20560902,internal_test|model_selection_validation|new_external_blind
useq04247,1,training,assigned_training,300,20560902,internal_test|model_selection_validation|new_external_blind
useq04248,1,training,assigned_training,300,20560902,internal_test|model_selection_validation|new_external_blind
useq04251,1,training,assigned_training,300,20560902,internal_test|model_selection_validation|new_external_blind
useq04255,1,training,assigned_training,300,20560902,internal_test|model_selection_validation|new_external_blind
useq04256,1,training,assigned_training,300,20560902,internal_test|model_selection_validation|new_external_blind
useq04260,1,training,assigned_training,300,20560902,internal_test|model_selection_validation|new_external_blind
useq04261,1,training,assigned_training,300,20560902,internal_test|model_selection_validation|new_external_blind
useq04262,1,training,assigned_training,300,20560902,internal_test|model_selection_validation|new_external_blind
useq04264,1,training,assigned_training,300,20560902,internal_test|model_selection_validation|new_external_blind
useq04265,1,training,assigned_training,300,20560902,internal_test|model_selection_validation|new_external_blind
useq04277,1,training,assigned_training,300,20560902,internal_test|model_selection_validation|new_external_blind
useq04281,1,training,assigned_training,300,20560902,internal_test|model_selection_validation|new_external_blind
useq04283,1,training,assigned_training,300,20560902,internal_test|model_selection_validation|new_external_blind
useq04286,1,training,assigned_training,300,20560902,internal_test|model_selection_validation|new_external_blind
useq04287,1,training,assigned_training,300,20560902,internal_test|model_selection_validation|new_external_blind
useq04295,3,training,assigned_training,300,20560902,internal_test|model_selection_validation|new_external_blind
useq04298,1,training,assigned_training,300,20560902,internal_test|model_selection_validation|new_external_blind
useq04312,4,training,assigned_training,300,20560902,internal_test|model_selection_validation|new_external_blind
useq04313,1,training,assigned_training,300,20560902,internal_test|model_selection_validation|new_external_blind
useq04316,1,training,assigned_training,300,20560902,internal_test|model_selection_validation|new_external_blind
useq04317,1,training,assigned_training,300,20560902,internal_test|model_selection_validation|new_external_blind
useq04318,1,training,assigned_training,300,20560902,internal_test|model_selection_validation|new_external_blind
useq04320,1,training,assigned_training,300,20560902,internal_test|model_selection_validation|new_external_blind
useq04329,1,training,assigned_training,300,20560902,internal_test|model_selection_validation|new_external_blind
useq04330,3,training,assigned_training,300,20560902,internal_test|model_selection_validation|new_external_blind
useq04332,1,training,assigned_training,300,20560902,internal_test|model_selection_validation|new_external_blind
useq04335,1,training,assigned_training,300,20560902,internal_test|model_selection_validation|new_external_blind
useq04337,1,training,assigned_training,300,20560902,internal_test|model_selection_validation|new_external_blind
useq04338,1,training,assigned_training,300,20560902,internal_test|model_selection_validation|new_external_blind
useq04344,1,training,assigned_training,300,20560902,internal_test|model_selection_validation|new_external_blind
useq04346,1,training,assigned_training,300,20560902,internal_test|model_selection_validation|new_external_blind
useq04352,2,training,assigned_training,300,20560902,internal_test|model_selection_validation|new_external_blind
useq04355,1,training,assigned_training,300,20560902,internal_test|model_selection_validation|new_external_blind
useq04357,1,training,assigned_training,300,20560902,internal_test|model_selection_validation|new_external_blind
useq04359,1,training,assigned_training,300,20560902,internal_test|model_selection_validation|new_external_blind
useq04360,1,training,assigned_training,300,20560902,internal_test|model_selection_validation|new_external_blind
