sequence_a_bmrb_id,sequence_a_pdb_id,sequence_a_chain_id,sequence_a_length,sequence_b_bmrb_id,sequence_b_pdb_id,sequence_b_chain_id,sequence_b_length,global_identity,exact_matches,alignment_columns,mismatches,sequence_a_gap_columns,sequence_b_gap_columns,alignment_score,identity_threshold,component_edge
4232,1ZAC,A,90,4264,3EZA,A,249,0.2071713147410358,52,251,36,161,2,-147,0.4,False
4232,1ZAC,A,90,4386,1EZY,A,129,0.2519083969465648,33,131,55,41,2,-65,0.4,False
4232,1ZAC,A,90,4417,1B6F,A,159,0.2378048780487804,39,164,46,74,5,-86,0.4,False
4232,1ZAC,A,90,4429,1RQU,A,120,0.2834645669291338,36,127,47,37,7,-55,0.4,False
4232,1ZAC,A,90,4431,1CKV,A,141,0.2653061224489796,39,147,45,57,6,-69,0.4,False
4232,1ZAC,A,90,4447,1H6Q,A,168,0.2280701754385964,39,171,48,81,3,-93,0.4,False
4232,1ZAC,A,90,4448,1F3Y,A,165,0.2544378698224852,43,169,43,79,4,-83,0.4,False
4232,1ZAC,A,90,4452,2AFP,A,129,0.1969696969696969,26,132,61,42,3,-80,0.4,False
4232,1ZAC,A,90,4467,1UB1,A,125,0.2296296296296296,31,135,49,45,10,-73,0.4,False
4232,1ZAC,A,90,4491,1QJT,A,99,0.2741935483870967,34,124,31,34,25,-56,0.4,False
4232,1ZAC,A,90,4492,1JBA,A,189,0.2525773195876288,49,194,36,104,5,-96,0.4,False
4232,1ZAC,A,90,4497,7HSC,A,159,0.2363636363636363,39,165,45,75,6,-87,0.4,False
4232,1ZAC,A,90,4519,1D7Q,A,143,0.2275862068965517,33,145,55,55,2,-79,0.4,False
4232,1ZAC,A,90,4528,1DC8,A,123,0.21875,28,128,57,38,5,-72,0.4,False
4232,1ZAC,A,90,4553,1DGQ,A,188,0.233160621761658,45,193,40,103,5,-103,0.4,False
4232,1ZAC,A,90,4566,1L6U,A,108,0.2456140350877192,28,114,56,24,6,-58,0.4,False
4232,1ZAC,A,90,4574,1D4B,A,122,0.2325581395348837,30,129,53,39,7,-69,0.4,False
4232,1ZAC,A,90,4577,1C05,A,159,0.2256097560975609,37,164,48,74,5,-90,0.4,False
4232,1ZAC,A,90,4636,1F2H,A,169,0.2254335260115607,39,173,47,83,4,-95,0.4,False
4232,1ZAC,A,90,4641,1FO7,A,107,0.2393162393162393,28,117,52,27,10,-61,0.4,False
4232,1ZAC,A,90,4648,1FZT,A,211,0.2169811320754717,46,212,43,122,1,-120,0.4,False
4232,1ZAC,A,90,4649,1G03,A,134,0.2413793103448276,35,145,44,55,11,-75,0.4,False
4232,1ZAC,A,90,4664,1JZU,A,157,0.253012048192771,42,166,39,76,9,-82,0.4,False
4232,1ZAC,A,90,4668,1IX5,A,151,0.2662337662337662,41,154,46,64,3,-72,0.4,False
4232,1ZAC,A,90,4688,1ILY,A,90,0.238095238095238,25,105,50,15,15,-55,0.4,False
4232,1ZAC,A,90,4697,1D1N,A,99,0.2777777777777778,30,108,51,18,9,-48,0.4,False
4232,1ZAC,A,90,4700,1CF4,A,184,0.2052631578947368,39,190,45,100,6,-112,0.4,False
4232,1ZAC,A,90,4701,1D9S,A,136,0.2302158273381295,32,139,55,49,3,-75,0.4,False
4232,1ZAC,A,90,4706,1CX1,A,153,0.2356687898089172,37,157,49,67,4,-83,0.4,False
4232,1ZAC,A,90,4716,1N4C,A,182,0.2204301075268817,41,186,45,96,4,-104,0.4,False
4232,1ZAC,A,90,4717,1F7W,A,144,0.2709677419354839,42,155,37,65,11,-71,0.4,False
4232,1ZAC,A,90,4735,1JYT,A,163,0.2455089820359281,41,167,45,77,4,-85,0.4,False
4232,1ZAC,A,90,4751,1IVM,A,130,0.2030075187969924,27,133,60,43,3,-79,0.4,False
4232,1ZAC,A,90,4775,1DUJ,A,187,0.2,38,190,49,100,3,-114,0.4,False
4232,1ZAC,A,90,4779,1PLO,A,122,0.2283464566929134,29,127,56,37,5,-69,0.4,False
4232,1ZAC,A,90,4791,1JR6,A,138,0.25,36,144,48,54,6,-72,0.4,False
4232,1ZAC,A,90,4797,1KD6,A,179,0.2131147540983606,39,183,47,93,4,-105,0.4,False
4232,1ZAC,A,90,4814,1LS4,A,164,0.2058823529411764,35,170,49,80,6,-100,0.4,False
4232,1ZAC,A,90,4825,1M58,A,106,0.25,28,112,56,22,6,-56,0.4,False
4232,1ZAC,A,90,4841,1E91,A,85,0.2718446601941747,28,103,44,13,18,-47,0.4,False
4264,3EZA,A,249,4373,1FHO,A,119,0.2151394422310757,54,251,63,2,132,-143,0.4,False
4264,3EZA,A,249,4391,1JGK,A,66,0.1513944223107569,38,251,26,2,185,-175,0.4,False
4264,3EZA,A,249,4394,2IFE,A,91,0.2031872509960159,51,251,38,2,160,-149,0.4,False
4264,3EZA,A,249,4395,1B75,A,94,0.2128514056224899,53,249,41,0,155,-143,0.4,False
4264,3EZA,A,249,4396,1COU,A,85,0.1752988047808765,44,251,39,2,166,-163,0.4,False
4264,3EZA,A,249,4397,1B2T,A,77,0.16,40,250,36,1,173,-170,0.4,False
4264,3EZA,A,249,4405,1KHM,A,89,0.1967871485943775,49,249,40,0,160,-151,0.4,False
4264,3EZA,A,249,4413,1COK,A,68,0.1526104417670682,38,249,30,0,181,-173,0.4,False
4264,3EZA,A,249,4424,1QHK,A,47,0.12,30,250,16,1,203,-190,0.4,False
4264,3EZA,A,249,4425,3BDO,A,82,0.1912350597609561,48,251,32,2,169,-155,0.4,False
4264,3EZA,A,249,4428,1QQV,A,67,0.1606425702811245,40,249,27,0,182,-169,0.4,False
4264,3EZA,A,249,4437,1CEJ,A,96,0.18,45,250,50,1,154,-160,0.4,False
4264,3EZA,A,249,4445,1D8B,A,81,0.172,43,250,37,1,169,-164,0.4,False
4264,3EZA,A,249,4455,1CI5,A,95,0.1976284584980237,50,253,41,4,158,-153,0.4,False
4264,3EZA,A,249,4473,1L6E,A,46,0.12,30,250,15,1,204,-190,0.4,False
4264,3EZA,A,249,4478,1B4R,A,80,0.199203187250996,50,251,28,2,171,-151,0.4,False
4264,3EZA,A,249,4493,1UD7,A,76,0.1818181818181818,46,253,26,4,177,-161,0.4,False
4264,3EZA,A,249,4494,3LRI,A,83,0.1666666666666666,42,252,38,3,169,-168,0.4,False
4264,3EZA,A,249,4496,1OM2,A,95,0.2191235059760956,55,251,38,2,156,-141,0.4,False
4264,3EZA,A,249,4510,1CXW,A,60,0.132,33,250,26,1,190,-184,0.4,False
4264,3EZA,A,249,4514,1D2L,A,45,0.1195219123505976,30,251,13,2,206,-191,0.4,False
4264,3EZA,A,249,4516,1D5G,A,96,0.2094861660079051,53,253,39,4,157,-147,0.4,False
4264,3EZA,A,249,4524,1DAQ,A,71,0.1785714285714285,45,252,23,3,181,-162,0.4,False
4264,3EZA,A,249,4540,1NLA,A,53,0.132,33,250,19,1,197,-184,0.4,False
4264,3EZA,A,249,4579,1HYI,A,65,0.1405622489959839,35,249,30,0,184,-179,0.4,False
4264,3EZA,A,249,4583,1DOQ,A,69,0.172,43,250,25,1,181,-164,0.4,False
4264,3EZA,A,249,4584,1DP3,A,55,0.152,38,250,16,1,195,-174,0.4,False
4264,3EZA,A,249,4588,1ED7,A,45,0.124,31,250,13,1,205,-188,0.4,False
4264,3EZA,A,249,4589,1EHX,A,94,0.1968503937007874,50,254,39,5,160,-154,0.4,False
4264,3EZA,A,249,4593,1EOQ,A,77,0.184,46,250,30,1,173,-158,0.4,False
4264,3EZA,A,249,4602,1DO9,A,94,0.2015810276679842,51,253,39,4,159,-151,0.4,False
4264,3EZA,A,249,4603,1DV5,A,80,0.1887550200803212,47,249,33,0,169,-155,0.4,False
4264,3EZA,A,249,4619,1E0E,A,47,0.1365461847389558,34,249,13,0,202,-181,0.4,False
4264,3EZA,A,249,4621,1E4U,A,78,0.16,40,250,37,1,172,-170,0.4,False
4264,3EZA,A,249,4622,1E52,A,56,0.1566265060240964,39,249,17,0,193,-171,0.4,False
4264,3EZA,A,249,4637,1F43,A,61,0.16,40,250,20,1,189,-170,0.4,False
4264,3EZA,A,249,4661,1C15,A,97,0.199203187250996,50,251,45,2,154,-151,0.4,False
4264,3EZA,A,249,4666,1DCZ,A,77,0.1897233201581027,48,253,25,4,176,-157,0.4,False
4264,3EZA,A,249,4677,1EXK,A,79,0.16,40,250,38,1,171,-170,0.4,False
4264,3EZA,A,249,4721,1D8J,A,81,0.199203187250996,50,251,29,2,170,-151,0.4,False
4264,3EZA,A,249,4740,1GH9,A,71,0.1792828685258964,45,251,24,2,180,-161,0.4,False
4264,3EZA,A,249,4752,1J9I,A,68,0.172,43,250,24,1,182,-164,0.4,False
4264,3EZA,A,249,4757,1DV0,A,45,0.1405622489959839,35,249,10,0,204,-179,0.4,False
4264,3EZA,A,249,4759,1QPU,A,106,0.22265625,57,256,42,7,150,-142,0.4,False
4264,3EZA,A,249,4771,1S62,A,102,0.2031872509960159,51,251,49,2,149,-149,0.4,False
4264,3EZA,A,249,4781,1F6U,A,55,0.1365461847389558,34,249,21,0,194,-181,0.4,False
4264,3EZA,A,249,4792,2AN7,A,83,0.2134387351778656,54,253,25,4,170,-145,0.4,False
4264,3EZA,A,249,4829,1JXS,A,98,0.1904761904761904,48,252,47,3,154,-156,0.4,False
4264,3EZA,A,249,4833,1G6E,A,87,0.1566265060240964,39,249,48,0,162,-171,0.4,False
4373,1FHO,A,119,4386,1EZY,A,129,0.2397260273972602,35,146,67,27,17,-76,0.4,False
4373,1FHO,A,119,4417,1B6F,A,159,0.2560975609756097,42,164,72,45,5,-80,0.4,False
4373,1FHO,A,119,4429,1RQU,A,120,0.2352941176470588,32,136,71,17,16,-72,0.4,False
4373,1FHO,A,119,4431,1CKV,A,141,0.2547770700636942,40,157,63,38,16,-77,0.4,False
4373,1FHO,A,119,4447,1H6Q,A,168,0.2369942196531791,41,173,73,54,5,-91,0.4,False
4373,1FHO,A,119,4448,1F3Y,A,165,0.2616279069767442,45,172,67,53,7,-82,0.4,False
4373,1FHO,A,119,4452,2AFP,A,129,0.2317880794701986,35,151,62,32,22,-81,0.4,False
4373,1FHO,A,119,4467,1UB1,A,125,0.2450331125827814,37,151,56,32,26,-77,0.4,False
4373,1FHO,A,119,4491,1QJT,A,99,0.2338709677419354,29,124,65,5,25,-66,0.4,False
4373,1FHO,A,119,4492,1JBA,A,189,0.2436548223350254,48,197,63,78,8,-101,0.4,False
4373,1FHO,A,119,4497,7HSC,A,159,0.2574850299401197,43,167,68,48,8,-81,0.4,False
4373,1FHO,A,119,4519,1D7Q,A,143,0.2515337423312883,41,163,58,44,20,-81,0.4,False
4373,1FHO,A,119,4528,1DC8,A,123,0.2657342657342657,38,143,61,24,20,-67,0.4,False
4373,1FHO,A,119,4553,1DGQ,A,188,0.25,48,192,67,73,4,-96,0.4,False
4373,1FHO,A,119,4566,1L6U,A,108,0.2330827067669172,31,133,63,14,25,-71,0.4,False
4373,1FHO,A,119,4574,1D4B,A,122,0.2206896551724138,32,145,64,26,23,-81,0.4,False
4373,1FHO,A,119,4577,1C05,A,159,0.2774566473988439,48,173,57,54,14,-77,0.4,False
4373,1FHO,A,119,4636,1F2H,A,169,0.2329545454545454,41,176,71,57,7,-94,0.4,False
4373,1FHO,A,119,4641,1FO7,A,107,0.2761194029850746,37,134,55,15,27,-60,0.4,False
4373,1FHO,A,119,4648,1FZT,A,211,0.2465116279069767,53,215,62,96,4,-109,0.4,False
4373,1FHO,A,119,4649,1G03,A,134,0.2291666666666666,33,144,76,25,10,-78,0.4,False
4373,1FHO,A,119,4664,1JZU,A,157,0.2701149425287356,47,174,55,55,17,-80,0.4,False
4373,1FHO,A,119,4668,1IX5,A,151,0.2666666666666666,44,165,61,46,14,-77,0.4,False
4373,1FHO,A,119,4688,1ILY,A,90,0.2519685039370078,32,127,50,8,37,-63,0.4,False
4373,1FHO,A,119,4697,1D1N,A,99,0.2748091603053435,36,131,51,12,32,-59,0.4,False
4373,1FHO,A,119,4700,1CF4,A,184,0.2459893048128342,46,187,70,68,3,-95,0.4,False
4373,1FHO,A,119,4701,1D9S,A,136,0.2756410256410256,43,156,56,37,20,-70,0.4,False
4373,1FHO,A,119,4706,1CX1,A,153,0.2256097560975609,37,164,71,45,11,-90,0.4,False
4373,1FHO,A,119,4716,1N4C,A,182,0.2474226804123711,48,194,59,75,12,-98,0.4,False
4373,1FHO,A,119,4717,1F7W,A,144,0.26875,43,160,60,41,16,-74,0.4,False
4373,1FHO,A,119,4735,1JYT,A,163,0.2640449438202247,47,178,57,59,15,-84,0.4,False
4373,1FHO,A,119,4751,1IVM,A,130,0.1985815602836879,28,141,80,22,11,-85,0.4,False
4373,1FHO,A,119,4775,1DUJ,A,187,0.2524752475247525,51,202,53,83,15,-100,0.4,False
4373,1FHO,A,119,4779,1PLO,A,122,0.2482269503546099,35,141,65,22,19,-71,0.4,False
4373,1FHO,A,119,4791,1JR6,A,138,0.2364864864864864,35,148,74,29,10,-78,0.4,False
4373,1FHO,A,119,4797,1KD6,A,179,0.227027027027027,42,185,71,66,6,-101,0.4,False
4373,1FHO,A,119,4814,1LS4,A,164,0.239766081871345,41,171,71,52,7,-89,0.4,False
4373,1FHO,A,119,4825,1M58,A,106,0.2666666666666666,36,135,54,16,29,-63,0.4,False
4373,1FHO,A,119,4841,1E91,A,85,0.2713178294573643,35,129,40,10,44,-59,0.4,False
4386,1EZY,A,129,4391,1JGK,A,66,0.208955223880597,28,134,33,5,68,-78,0.4,False
4386,1EZY,A,129,4394,2IFE,A,91,0.2518518518518518,34,135,51,6,44,-67,0.4,False
4386,1EZY,A,129,4395,1B75,A,94,0.2517985611510791,35,139,49,10,45,-69,0.4,False
4386,1EZY,A,129,4396,1COU,A,85,0.2296296296296296,31,135,48,6,50,-73,0.4,False
4386,1EZY,A,129,4397,1B2T,A,77,0.237037037037037,32,135,39,6,58,-71,0.4,False
4386,1EZY,A,129,4405,1KHM,A,89,0.225563909774436,30,133,55,4,44,-73,0.4,False
4386,1EZY,A,129,4413,1COK,A,68,0.2262773722627737,31,137,29,8,69,-75,0.4,False
4386,1EZY,A,129,4424,1QHK,A,47,0.1860465116279069,24,129,23,0,82,-81,0.4,False
4386,1EZY,A,129,4425,3BDO,A,82,0.2408759124087591,33,137,41,8,55,-71,0.4,False
4386,1EZY,A,129,4428,1QQV,A,67,0.2137404580152671,28,131,37,2,64,-75,0.4,False
4386,1EZY,A,129,4437,1CEJ,A,96,0.2740740740740741,37,135,53,6,39,-61,0.4,False
4386,1EZY,A,129,4445,1D8B,A,81,0.2213740458015267,29,131,50,2,50,-73,0.4,False
4386,1EZY,A,129,4455,1CI5,A,95,0.2746478873239437,39,142,43,13,47,-64,0.4,False
4386,1EZY,A,129,4473,1L6E,A,46,0.1603053435114503,21,131,23,2,85,-89,0.4,False
4386,1EZY,A,129,4478,1B4R,A,80,0.1969696969696969,26,132,51,3,52,-80,0.4,False
4386,1EZY,A,129,4493,1UD7,A,76,0.2388059701492537,32,134,39,5,58,-70,0.4,False
4386,1EZY,A,129,4494,3LRI,A,83,0.2196969696969697,29,132,51,3,49,-74,0.4,False
4386,1EZY,A,129,4496,1OM2,A,95,0.225563909774436,30,133,61,4,38,-73,0.4,False
4386,1EZY,A,129,4510,1CXW,A,60,0.2015503875968992,26,129,34,0,69,-77,0.4,False
4386,1EZY,A,129,4514,1D2L,A,45,0.1374045801526717,18,131,25,2,86,-95,0.4,False
4386,1EZY,A,129,4516,1D5G,A,96,0.2246376811594203,31,138,56,9,42,-76,0.4,False
4386,1EZY,A,129,4524,1DAQ,A,71,0.2213740458015267,29,131,40,2,60,-73,0.4,False
4386,1EZY,A,129,4540,1NLA,A,53,0.1923076923076923,25,130,27,1,77,-80,0.4,False
4386,1EZY,A,129,4579,1HYI,A,65,0.2307692307692307,30,130,34,1,65,-70,0.4,False
4386,1EZY,A,129,4583,1DOQ,A,69,0.2635658914728682,34,129,35,0,60,-61,0.4,False
4386,1EZY,A,129,4584,1DP3,A,55,0.1984732824427481,26,131,27,2,76,-79,0.4,False
4386,1EZY,A,129,4588,1ED7,A,45,0.1615384615384615,21,130,23,1,85,-88,0.4,False
4386,1EZY,A,129,4589,1EHX,A,94,0.2518518518518518,34,135,54,6,41,-67,0.4,False
4386,1EZY,A,129,4593,1EOQ,A,77,0.2153846153846154,28,130,48,1,53,-74,0.4,False
4386,1EZY,A,129,4602,1DO9,A,94,0.2536231884057971,35,138,50,9,44,-68,0.4,False
4386,1EZY,A,129,4603,1DV5,A,80,0.2180451127819548,29,133,47,4,53,-75,0.4,False
4386,1EZY,A,129,4619,1E0E,A,47,0.1969696969696969,26,132,18,3,85,-80,0.4,False
4386,1EZY,A,129,4621,1E4U,A,78,0.2153846153846154,28,130,49,1,52,-74,0.4,False
4386,1EZY,A,129,4622,1E52,A,56,0.1893939393939394,25,132,28,3,76,-82,0.4,False
4386,1EZY,A,129,4637,1F43,A,61,0.2290076335877862,30,131,29,2,70,-71,0.4,False
4386,1EZY,A,129,4661,1C15,A,97,0.2554744525547445,35,137,54,8,40,-67,0.4,False
4386,1EZY,A,129,4666,1DCZ,A,77,0.2213740458015267,29,131,46,2,54,-73,0.4,False
4386,1EZY,A,129,4677,1EXK,A,79,0.18796992481203,25,133,50,4,54,-83,0.4,False
4386,1EZY,A,129,4721,1D8J,A,81,0.217391304347826,30,138,42,9,57,-78,0.4,False
4386,1EZY,A,129,4740,1GH9,A,71,0.1985294117647058,27,136,37,7,65,-82,0.4,False
4386,1EZY,A,129,4752,1J9I,A,68,0.2290076335877862,30,131,36,2,63,-71,0.4,False
4386,1EZY,A,129,4757,1DV0,A,45,0.2307692307692307,30,130,14,1,85,-70,0.4,False
4386,1EZY,A,129,4759,1QPU,A,106,0.2571428571428571,36,140,59,11,34,-68,0.4,False
4386,1EZY,A,129,4771,1S62,A,102,0.2330827067669172,31,133,67,4,31,-71,0.4,False
4386,1EZY,A,129,4781,1F6U,A,55,0.1908396946564885,25,131,28,2,76,-81,0.4,False
4386,1EZY,A,129,4792,2AN7,A,83,0.2121212121212121,28,132,52,3,49,-76,0.4,False
4386,1EZY,A,129,4829,1JXS,A,98,0.2463768115942029,34,138,55,9,40,-70,0.4,False
4386,1EZY,A,129,4833,1G6E,A,87,0.2446043165467626,34,139,43,10,52,-71,0.4,False
4391,1JGK,A,66,4417,1B6F,A,159,0.20625,33,160,32,94,1,-94,0.4,False
4391,1JGK,A,66,4429,1RQU,A,120,0.2066115702479339,25,121,40,55,1,-71,0.4,False
4391,1JGK,A,66,4431,1CKV,A,141,0.2027972027972027,29,143,35,77,2,-85,0.4,False
4391,1JGK,A,66,4447,1H6Q,A,168,0.1823529411764705,31,170,33,104,2,-108,0.4,False
4391,1JGK,A,66,4448,1F3Y,A,165,0.1867469879518072,31,166,34,100,1,-104,0.4,False
4391,1JGK,A,66,4452,2AFP,A,129,0.2137404580152671,28,131,36,65,2,-75,0.4,False
4391,1JGK,A,66,4467,1UB1,A,125,0.1968503937007874,25,127,39,61,2,-77,0.4,False
4391,1JGK,A,66,4491,1QJT,A,99,0.2058823529411764,21,102,42,36,3,-60,0.4,False
4391,1JGK,A,66,4492,1JBA,A,189,0.1736842105263158,33,190,32,124,1,-124,0.4,False
4391,1JGK,A,66,4497,7HSC,A,159,0.175,28,160,37,94,1,-104,0.4,False
4391,1JGK,A,66,4519,1D7Q,A,143,0.2068965517241379,30,145,34,79,2,-85,0.4,False
4391,1JGK,A,66,4528,1DC8,A,123,0.2093023255813953,27,129,33,63,6,-75,0.4,False
4391,1JGK,A,66,4553,1DGQ,A,188,0.1746031746031746,33,189,32,123,1,-123,0.4,False
4391,1JGK,A,66,4566,1L6U,A,108,0.2342342342342342,26,111,37,45,3,-59,0.4,False
4391,1JGK,A,66,4574,1D4B,A,122,0.208,26,125,37,59,3,-73,0.4,False
4391,1JGK,A,66,4577,1C05,A,159,0.191358024691358,31,162,32,96,3,-100,0.4,False
4391,1JGK,A,66,4636,1F2H,A,169,0.1764705882352941,30,170,35,104,1,-110,0.4,False
4391,1JGK,A,66,4641,1FO7,A,107,0.1666666666666666,18,108,47,42,1,-72,0.4,False
4391,1JGK,A,66,4648,1FZT,A,211,0.1839622641509433,39,212,26,146,1,-134,0.4,False
4391,1JGK,A,66,4649,1G03,A,134,0.1851851851851851,25,135,40,69,1,-85,0.4,False
4391,1JGK,A,66,4664,1JZU,A,157,0.2278481012658227,36,158,29,92,1,-86,0.4,False
4391,1JGK,A,66,4668,1IX5,A,151,0.2193548387096774,34,155,28,89,4,-87,0.4,False
4391,1JGK,A,66,4688,1ILY,A,90,0.2365591397849462,22,93,41,27,3,-49,0.4,False
4391,1JGK,A,66,4697,1D1N,A,99,0.2358490566037736,25,106,34,40,7,-56,0.4,False
4391,1JGK,A,66,4700,1CF4,A,184,0.1978609625668449,37,187,26,121,3,-113,0.4,False
4391,1JGK,A,66,4701,1D9S,A,136,0.2028985507246377,28,138,36,72,2,-82,0.4,False
4391,1JGK,A,66,4706,1CX1,A,153,0.1935483870967742,30,155,34,89,2,-95,0.4,False
4391,1JGK,A,66,4716,1N4C,A,182,0.174863387978142,32,183,33,117,1,-119,0.4,False
4391,1JGK,A,66,4717,1F7W,A,144,0.2119205298013245,32,151,27,85,7,-87,0.4,False
4391,1JGK,A,66,4735,1JYT,A,163,0.1829268292682926,30,164,35,98,1,-104,0.4,False
4391,1JGK,A,66,4751,1IVM,A,130,0.2424242424242424,32,132,32,66,2,-68,0.4,False
4391,1JGK,A,66,4775,1DUJ,A,187,0.1798941798941798,34,189,30,123,2,-121,0.4,False
4391,1JGK,A,66,4779,1PLO,A,122,0.2301587301587301,29,126,33,60,4,-68,0.4,False
4391,1JGK,A,66,4791,1JR6,A,138,0.1843971631205673,26,141,37,75,3,-89,0.4,False
4391,1JGK,A,66,4797,1KD6,A,179,0.1712707182320442,31,181,33,115,2,-119,0.4,False
4391,1JGK,A,66,4814,1LS4,A,164,0.1626506024096385,27,166,37,100,2,-112,0.4,False
4391,1JGK,A,66,4825,1M58,A,106,0.2149532710280373,23,107,42,41,1,-61,0.4,False
4391,1JGK,A,66,4841,1E91,A,85,0.1839080459770115,16,87,48,21,2,-55,0.4,False
4394,2IFE,A,91,4417,1B6F,A,159,0.2228915662650602,37,166,47,75,7,-92,0.4,False
4394,2IFE,A,91,4429,1RQU,A,120,0.2578125,33,128,50,37,8,-62,0.4,False
4394,2IFE,A,91,4431,1CKV,A,141,0.2649006622516556,40,151,41,60,10,-71,0.4,False
4394,2IFE,A,91,4447,1H6Q,A,168,0.2386363636363636,42,176,41,85,8,-92,0.4,False
4394,2IFE,A,91,4448,1F3Y,A,165,0.239766081871345,41,171,44,80,6,-89,0.4,False
4394,2IFE,A,91,4452,2AFP,A,129,0.2246376811594203,31,138,51,47,9,-76,0.4,False
4394,2IFE,A,91,4467,1UB1,A,125,0.25,34,136,46,45,11,-68,0.4,False
4394,2IFE,A,91,4491,1QJT,A,99,0.2543859649122807,29,114,47,23,15,-56,0.4,False
4394,2IFE,A,91,4492,1JBA,A,189,0.2210526315789473,42,190,48,99,1,-106,0.4,False
4394,2IFE,A,91,4497,7HSC,A,159,0.25,41,164,45,73,5,-82,0.4,False
4394,2IFE,A,91,4519,1D7Q,A,143,0.2550335570469799,38,149,47,58,6,-73,0.4,False
4394,2IFE,A,91,4528,1DC8,A,123,0.2519083969465648,33,131,50,40,8,-65,0.4,False
4394,2IFE,A,91,4553,1DGQ,A,188,0.2135416666666666,41,192,46,101,4,-110,0.4,False
4394,2IFE,A,91,4566,1L6U,A,108,0.2809917355371901,34,121,44,30,13,-53,0.4,False
4394,2IFE,A,91,4574,1D4B,A,122,0.2283464566929134,29,127,57,36,5,-69,0.4,False
4394,2IFE,A,91,4577,1C05,A,159,0.2559523809523809,43,168,39,77,9,-82,0.4,False
4394,2IFE,A,91,4636,1F2H,A,169,0.2248520710059171,38,169,53,78,0,-93,0.4,False
4394,2IFE,A,91,4641,1FO7,A,107,0.2288135593220339,27,118,53,27,11,-64,0.4,False
4394,2IFE,A,91,4648,1FZT,A,211,0.2325581395348837,50,215,37,124,4,-115,0.4,False
4394,2IFE,A,91,4649,1G03,A,134,0.2318840579710145,32,138,55,47,4,-74,0.4,False
4394,2IFE,A,91,4664,1JZU,A,157,0.2515337423312883,41,163,44,72,6,-81,0.4,False
4394,2IFE,A,91,4668,1IX5,A,151,0.2662337662337662,41,154,47,63,3,-72,0.4,False
4394,2IFE,A,91,4688,1ILY,A,90,0.2641509433962264,28,106,47,15,16,-50,0.4,False
4394,2IFE,A,91,4697,1D1N,A,99,0.3103448275862069,36,116,38,25,17,-44,0.4,False
4394,2IFE,A,91,4700,1CF4,A,184,0.2460732984293193,47,191,37,100,7,-97,0.4,False
4394,2IFE,A,91,4701,1D9S,A,136,0.2602739726027397,38,146,43,55,10,-70,0.4,False
4394,2IFE,A,91,4706,1CX1,A,153,0.20625,33,160,51,69,7,-94,0.4,False
4394,2IFE,A,91,4716,1N4C,A,182,0.2299465240641711,43,187,43,96,5,-101,0.4,False
4394,2IFE,A,91,4717,1F7W,A,144,0.2368421052631578,36,152,47,61,8,-80,0.4,False
4394,2IFE,A,91,4735,1JYT,A,163,0.2366863905325443,40,169,45,78,6,-89,0.4,False
4394,2IFE,A,91,4751,1IVM,A,130,0.2205882352941176,30,136,55,45,6,-76,0.4,False
4394,2IFE,A,91,4775,1DUJ,A,187,0.2408376963350785,46,191,41,100,4,-99,0.4,False
4394,2IFE,A,91,4779,1PLO,A,122,0.2222222222222222,28,126,59,35,4,-70,0.4,False
4394,2IFE,A,91,4791,1JR6,A,138,0.2448979591836734,36,147,46,56,9,-75,0.4,False
4394,2IFE,A,91,4797,1KD6,A,179,0.217391304347826,40,184,46,93,5,-104,0.4,False
4394,2IFE,A,91,4814,1LS4,A,164,0.2261904761904762,38,168,49,77,4,-92,0.4,False
4394,2IFE,A,91,4825,1M58,A,106,0.2608695652173913,30,115,52,24,9,-55,0.4,False
4394,2IFE,A,91,4841,1E91,A,85,0.3243243243243243,36,111,29,20,26,-39,0.4,False
4395,1B75,A,94,4417,1B6F,A,159,0.2559523809523809,43,168,42,74,9,-82,0.4,False
4395,1B75,A,94,4429,1RQU,A,120,0.2538461538461538,33,130,51,36,10,-64,0.4,False
4395,1B75,A,94,4431,1CKV,A,141,0.2377622377622377,34,143,58,49,2,-75,0.4,False
4395,1B75,A,94,4447,1H6Q,A,168,0.2254335260115607,39,173,50,79,5,-95,0.4,False
4395,1B75,A,94,4448,1F3Y,A,165,0.2514619883040935,43,171,45,77,6,-85,0.4,False
4395,1B75,A,94,4452,2AFP,A,129,0.2164179104477611,29,134,60,40,5,-76,0.4,False
4395,1B75,A,94,4467,1UB1,A,125,0.2366412213740458,31,131,57,37,6,-69,0.4,False
4395,1B75,A,94,4491,1QJT,A,99,0.2905982905982906,34,117,42,23,18,-49,0.4,False
4395,1B75,A,94,4492,1JBA,A,189,0.21875,42,192,49,98,3,-108,0.4,False
4395,1B75,A,94,4497,7HSC,A,159,0.2409638554216867,40,166,47,72,7,-86,0.4,False
4395,1B75,A,94,4519,1D7Q,A,143,0.2337662337662337,36,154,47,60,11,-82,0.4,False
4395,1B75,A,94,4528,1DC8,A,123,0.2615384615384615,34,130,53,36,7,-62,0.4,False
4395,1B75,A,94,4553,1DGQ,A,188,0.2303664921465968,44,191,47,97,3,-103,0.4,False
4395,1B75,A,94,4566,1L6U,A,108,0.2564102564102564,30,117,55,23,9,-57,0.4,False
4395,1B75,A,94,4574,1D4B,A,122,0.2142857142857142,27,126,63,32,4,-72,0.4,False
4395,1B75,A,94,4577,1C05,A,159,0.2317073170731707,38,164,51,70,5,-88,0.4,False
4395,1B75,A,94,4636,1F2H,A,169,0.2203389830508474,39,177,47,83,8,-99,0.4,False
4395,1B75,A,94,4641,1FO7,A,107,0.2393162393162393,28,117,56,23,10,-61,0.4,False
4395,1B75,A,94,4648,1FZT,A,211,0.2442396313364055,53,217,35,123,6,-111,0.4,False
4395,1B75,A,94,4649,1G03,A,134,0.2323943661971831,33,142,53,48,8,-76,0.4,False
4395,1B75,A,94,4664,1JZU,A,157,0.2530864197530864,41,162,48,68,5,-80,0.4,False
4395,1B75,A,94,4668,1IX5,A,151,0.2721518987341772,43,158,44,64,7,-72,0.4,False
4395,1B75,A,94,4688,1ILY,A,90,0.2735042735042735,32,117,35,23,27,-53,0.4,False
4395,1B75,A,94,4697,1D1N,A,99,0.2991452991452991,35,117,41,23,18,-47,0.4,False
4395,1B75,A,94,4700,1CF4,A,184,0.225130890052356,43,191,44,97,7,-105,0.4,False
4395,1B75,A,94,4701,1D9S,A,136,0.2569444444444444,37,144,49,50,8,-70,0.4,False
4395,1B75,A,94,4706,1CX1,A,153,0.220125786163522,35,159,53,65,6,-89,0.4,False
4395,1B75,A,94,4716,1N4C,A,182,0.2365591397849462,44,186,46,92,4,-98,0.4,False
4395,1B75,A,94,4717,1F7W,A,144,0.26,39,150,49,56,6,-72,0.4,False
4395,1B75,A,94,4735,1JYT,A,163,0.2339181286549707,40,171,46,77,8,-91,0.4,False
4395,1B75,A,94,4751,1IVM,A,130,0.2408759124087591,33,137,54,43,7,-71,0.4,False
4395,1B75,A,94,4775,1DUJ,A,187,0.2263157894736842,43,190,48,96,3,-104,0.4,False
4395,1B75,A,94,4779,1PLO,A,122,0.2230769230769231,29,130,57,36,8,-72,0.4,False
4395,1B75,A,94,4791,1JR6,A,138,0.2551724137931034,37,145,50,51,7,-71,0.4,False
4395,1B75,A,94,4797,1KD6,A,179,0.2311827956989247,43,186,44,92,7,-100,0.4,False
4395,1B75,A,94,4814,1LS4,A,164,0.2409638554216867,40,166,52,72,2,-86,0.4,False
4395,1B75,A,94,4825,1M58,A,106,0.2564102564102564,30,117,53,23,11,-57,0.4,False
4395,1B75,A,94,4841,1E91,A,85,0.2568807339449541,28,109,42,15,24,-53,0.4,False
4396,1COU,A,85,4417,1B6F,A,159,0.2,32,160,52,75,1,-96,0.4,False
4396,1COU,A,85,4429,1RQU,A,120,0.224,28,125,52,40,5,-69,0.4,False
4396,1COU,A,85,4431,1CKV,A,141,0.2328767123287671,34,146,46,61,5,-78,0.4,False
4396,1COU,A,85,4447,1H6Q,A,168,0.2176470588235294,37,170,46,85,2,-96,0.4,False
4396,1COU,A,85,4448,1F3Y,A,165,0.1976047904191616,33,167,50,82,2,-101,0.4,False
4396,1COU,A,85,4452,2AFP,A,129,0.2164179104477611,29,134,51,49,5,-76,0.4,False
4396,1COU,A,85,4467,1UB1,A,125,0.2262773722627737,31,137,42,52,12,-75,0.4,False
4396,1COU,A,85,4491,1QJT,A,99,0.2075471698113207,22,106,56,21,7,-62,0.4,False
4396,1COU,A,85,4492,1JBA,A,189,0.2153846153846154,42,195,37,110,6,-111,0.4,False
4396,1COU,A,85,4497,7HSC,A,159,0.1987577639751552,32,161,51,76,2,-97,0.4,False
4396,1COU,A,85,4519,1D7Q,A,143,0.2260273972602739,33,146,49,61,3,-80,0.4,False
4396,1COU,A,85,4528,1DC8,A,123,0.208955223880597,28,134,46,49,11,-78,0.4,False
4396,1COU,A,85,4553,1DGQ,A,188,0.1884816753926701,36,191,46,106,3,-119,0.4,False
4396,1COU,A,85,4566,1L6U,A,108,0.2393162393162393,28,117,48,32,9,-61,0.4,False
4396,1COU,A,85,4574,1D4B,A,122,0.1788617886178861,22,123,62,38,1,-79,0.4,False
4396,1COU,A,85,4577,1C05,A,159,0.2111801242236025,34,161,49,76,2,-93,0.4,False
4396,1COU,A,85,4636,1F2H,A,169,0.2126436781609195,37,174,43,89,5,-100,0.4,False
4396,1COU,A,85,4641,1FO7,A,107,0.2280701754385964,26,114,52,29,7,-62,0.4,False
4396,1COU,A,85,4648,1FZT,A,211,0.1906976744186046,41,215,40,130,4,-133,0.4,False
4396,1COU,A,85,4649,1G03,A,134,0.217391304347826,30,138,51,53,4,-78,0.4,False
4396,1COU,A,85,4664,1JZU,A,157,0.21875,35,160,47,75,3,-90,0.4,False
4396,1COU,A,85,4668,1IX5,A,151,0.2468354430379747,39,158,39,73,7,-80,0.4,False
4396,1COU,A,85,4688,1ILY,A,90,0.196078431372549,20,102,53,17,12,-62,0.4,False
4396,1COU,A,85,4697,1D1N,A,99,0.2767857142857143,31,112,41,27,13,-50,0.4,False
4396,1COU,A,85,4700,1CF4,A,184,0.1956521739130435,36,184,49,99,0,-112,0.4,False
4396,1COU,A,85,4701,1D9S,A,136,0.2237762237762237,32,143,46,58,7,-79,0.4,False
4396,1COU,A,85,4706,1CX1,A,153,0.2111801242236025,34,161,43,76,8,-93,0.4,False
4396,1COU,A,85,4716,1N4C,A,182,0.2065217391304347,38,184,45,99,2,-108,0.4,False
4396,1COU,A,85,4717,1F7W,A,144,0.22,33,150,46,65,6,-84,0.4,False
4396,1COU,A,85,4735,1JYT,A,163,0.206060606060606,34,165,49,80,2,-97,0.4,False
4396,1COU,A,85,4751,1IVM,A,130,0.2030075187969924,27,133,55,48,3,-79,0.4,False
4396,1COU,A,85,4775,1DUJ,A,187,0.2083333333333333,40,192,40,107,5,-112,0.4,False
4396,1COU,A,85,4779,1PLO,A,122,0.2578125,33,128,46,43,6,-62,0.4,False
4396,1COU,A,85,4791,1JR6,A,138,0.2237762237762237,32,143,48,58,5,-79,0.4,False
4396,1COU,A,85,4797,1KD6,A,179,0.1868131868131868,34,182,48,97,3,-114,0.4,False
4396,1COU,A,85,4814,1LS4,A,164,0.1757575757575757,29,165,55,80,1,-107,0.4,False
4396,1COU,A,85,4825,1M58,A,106,0.2434782608695652,28,115,48,30,9,-59,0.4,False
4396,1COU,A,85,4841,1E91,A,85,0.1979166666666666,19,96,55,11,11,-58,0.4,False
4397,1B2T,A,77,4417,1B6F,A,159,0.2083333333333333,35,168,33,91,9,-98,0.4,False
4397,1B2T,A,77,4429,1RQU,A,120,0.2258064516129032,28,124,45,47,4,-68,0.4,False
4397,1B2T,A,77,4431,1CKV,A,141,0.1904761904761904,28,147,43,70,6,-91,0.4,False
4397,1B2T,A,77,4447,1H6Q,A,168,0.1929824561403508,33,171,41,94,3,-105,0.4,False
4397,1B2T,A,77,4448,1F3Y,A,165,0.2083333333333333,35,168,39,91,3,-98,0.4,False
4397,1B2T,A,77,4452,2AFP,A,129,0.2262773722627737,31,137,38,60,8,-75,0.4,False
4397,1B2T,A,77,4467,1UB1,A,125,0.1889763779527559,24,127,51,50,2,-79,0.4,False
4397,1B2T,A,77,4491,1QJT,A,99,0.2115384615384615,22,104,50,27,5,-60,0.4,False
4397,1B2T,A,77,4492,1JBA,A,189,0.198019801980198,40,202,24,125,13,-122,0.4,False
4397,1B2T,A,77,4497,7HSC,A,159,0.21875,35,160,41,83,1,-90,0.4,False
4397,1B2T,A,77,4519,1D7Q,A,143,0.2013888888888889,29,144,47,67,1,-86,0.4,False
4397,1B2T,A,77,4528,1DC8,A,123,0.2362204724409448,30,127,43,50,4,-67,0.4,False
4397,1B2T,A,77,4553,1DGQ,A,188,0.203125,39,192,34,115,4,-114,0.4,False
4397,1B2T,A,77,4566,1L6U,A,108,0.2631578947368421,30,114,41,37,6,-54,0.4,False
4397,1B2T,A,77,4574,1D4B,A,122,0.2049180327868852,25,122,52,45,0,-72,0.4,False
4397,1B2T,A,77,4577,1C05,A,159,0.2037037037037037,33,162,41,85,3,-96,0.4,False
4397,1B2T,A,77,4636,1F2H,A,169,0.2325581395348837,40,172,34,95,3,-92,0.4,False
4397,1B2T,A,77,4641,1FO7,A,107,0.2142857142857142,24,112,48,35,5,-64,0.4,False
4397,1B2T,A,77,4648,1FZT,A,211,0.1981132075471698,42,212,34,135,1,-128,0.4,False
4397,1B2T,A,77,4649,1G03,A,134,0.2296296296296296,31,135,45,58,1,-73,0.4,False
4397,1B2T,A,77,4664,1JZU,A,157,0.1949685534591195,31,159,44,82,2,-97,0.4,False
4397,1B2T,A,77,4668,1IX5,A,151,0.2302631578947368,35,152,41,75,1,-82,0.4,False
4397,1B2T,A,77,4688,1ILY,A,90,0.2673267326732673,27,101,39,24,11,-47,0.4,False
4397,1B2T,A,77,4697,1D1N,A,99,0.2660550458715596,29,109,38,32,10,-51,0.4,False
4397,1B2T,A,77,4700,1CF4,A,184,0.2010869565217391,37,184,40,107,0,-110,0.4,False
4397,1B2T,A,77,4701,1D9S,A,136,0.2464788732394366,35,142,36,65,6,-72,0.4,False
4397,1B2T,A,77,4706,1CX1,A,153,0.20625,33,160,37,83,7,-94,0.4,False
4397,1B2T,A,77,4716,1N4C,A,182,0.1935483870967742,36,186,37,109,4,-114,0.4,False
4397,1B2T,A,77,4717,1F7W,A,144,0.2040816326530612,30,147,44,70,3,-87,0.4,False
4397,1B2T,A,77,4735,1JYT,A,163,0.2134146341463414,35,164,41,87,1,-94,0.4,False
4397,1B2T,A,77,4751,1IVM,A,130,0.2388059701492537,32,134,41,57,4,-70,0.4,False
4397,1B2T,A,77,4775,1DUJ,A,187,0.1957671957671957,37,189,38,112,2,-115,0.4,False
4397,1B2T,A,77,4779,1PLO,A,122,0.232,29,125,45,48,3,-67,0.4,False
4397,1B2T,A,77,4791,1JR6,A,138,0.2071428571428571,29,140,46,63,2,-82,0.4,False
4397,1B2T,A,77,4797,1KD6,A,179,0.1988950276243093,36,181,39,104,2,-109,0.4,False
4397,1B2T,A,77,4814,1LS4,A,164,0.2142857142857142,36,168,37,91,4,-96,0.4,False
4397,1B2T,A,77,4825,1M58,A,106,0.2222222222222222,24,108,51,31,2,-60,0.4,False
4397,1B2T,A,77,4841,1E91,A,85,0.2446808510638297,23,94,45,17,9,-48,0.4,False
4405,1KHM,A,89,4417,1B6F,A,159,0.2514970059880239,42,167,39,78,8,-83,0.4,False
4405,1KHM,A,89,4429,1RQU,A,120,0.1953125,25,128,56,39,8,-78,0.4,False
4405,1KHM,A,89,4431,1CKV,A,141,0.2377622377622377,34,143,53,54,2,-75,0.4,False
4405,1KHM,A,89,4447,1H6Q,A,168,0.2126436781609195,37,174,46,85,6,-100,0.4,False
4405,1KHM,A,89,4448,1F3Y,A,165,0.2427745664739884,42,173,39,84,8,-89,0.4,False
4405,1KHM,A,89,4452,2AFP,A,129,0.2611940298507462,35,134,49,45,5,-64,0.4,False
4405,1KHM,A,89,4467,1UB1,A,125,0.2480620155038759,32,129,53,40,4,-65,0.4,False
4405,1KHM,A,89,4491,1QJT,A,99,0.2272727272727272,25,110,53,21,11,-60,0.4,False
4405,1KHM,A,89,4492,1JBA,A,189,0.2,38,190,50,101,1,-114,0.4,False
4405,1KHM,A,89,4497,7HSC,A,159,0.2469135802469135,40,162,46,73,3,-82,0.4,False
4405,1KHM,A,89,4519,1D7Q,A,143,0.2214765100671141,33,149,50,60,6,-83,0.4,False
4405,1KHM,A,89,4528,1DC8,A,123,0.2444444444444444,33,135,44,46,12,-69,0.4,False
4405,1KHM,A,89,4553,1DGQ,A,188,0.2094240837696335,40,191,46,102,3,-111,0.4,False
4405,1KHM,A,89,4566,1L6U,A,108,0.2436974789915966,29,119,49,30,11,-61,0.4,False
4405,1KHM,A,89,4574,1D4B,A,122,0.2442748091603053,32,131,48,42,9,-67,0.4,False
4405,1KHM,A,89,4577,1C05,A,159,0.2235294117647059,38,170,40,81,11,-94,0.4,False
4405,1KHM,A,89,4636,1F2H,A,169,0.2215909090909091,39,176,43,87,7,-98,0.4,False
4405,1KHM,A,89,4641,1FO7,A,107,0.2222222222222222,26,117,53,28,10,-65,0.4,False
4405,1KHM,A,89,4648,1FZT,A,211,0.227906976744186,49,215,36,126,4,-117,0.4,False
4405,1KHM,A,89,4649,1G03,A,134,0.2464788732394366,35,142,46,53,8,-72,0.4,False
4405,1KHM,A,89,4664,1JZU,A,157,0.1910828025477707,30,157,59,68,0,-97,0.4,False
4405,1KHM,A,89,4668,1IX5,A,151,0.2420382165605095,38,157,45,68,6,-81,0.4,False
4405,1KHM,A,89,4688,1ILY,A,90,0.2307692307692307,24,104,51,15,14,-56,0.4,False
4405,1KHM,A,89,4697,1D1N,A,99,0.2454545454545454,27,110,51,21,11,-56,0.4,False
4405,1KHM,A,89,4700,1CF4,A,184,0.2127659574468085,40,188,45,99,4,-108,0.4,False
4405,1KHM,A,89,4701,1D9S,A,136,0.2285714285714285,32,140,53,51,4,-76,0.4,False
4405,1KHM,A,89,4706,1CX1,A,153,0.2115384615384615,33,156,53,67,3,-90,0.4,False
4405,1KHM,A,89,4716,1N4C,A,182,0.2228260869565217,41,184,46,95,2,-102,0.4,False
4405,1KHM,A,89,4717,1F7W,A,144,0.232258064516129,36,155,42,66,11,-83,0.4,False
4405,1KHM,A,89,4735,1JYT,A,163,0.2261904761904762,38,168,46,79,5,-92,0.4,False
4405,1KHM,A,89,4751,1IVM,A,130,0.2164179104477611,29,134,56,45,4,-76,0.4,False
4405,1KHM,A,89,4775,1DUJ,A,187,0.2368421052631578,45,190,41,101,3,-100,0.4,False
4405,1KHM,A,89,4779,1PLO,A,122,0.2125984251968504,27,127,57,38,5,-73,0.4,False
4405,1KHM,A,89,4791,1JR6,A,138,0.25,36,144,47,55,6,-72,0.4,False
4405,1KHM,A,89,4797,1KD6,A,179,0.1933701657458563,35,181,52,92,2,-111,0.4,False
4405,1KHM,A,89,4814,1LS4,A,164,0.2155688622754491,36,167,50,78,3,-95,0.4,False
4405,1KHM,A,89,4825,1M58,A,106,0.208695652173913,24,115,56,26,9,-67,0.4,False
4405,1KHM,A,89,4841,1E91,A,85,0.2524271844660194,26,103,45,14,18,-51,0.4,False
4413,1COK,A,68,4417,1B6F,A,159,0.2125,34,160,33,92,1,-92,0.4,False
4413,1COK,A,68,4429,1RQU,A,120,0.1935483870967742,24,124,40,56,4,-76,0.4,False
4413,1COK,A,68,4431,1CKV,A,141,0.2183098591549295,31,142,36,74,1,-80,0.4,False
4413,1COK,A,68,4447,1H6Q,A,168,0.2011834319526627,34,169,33,101,1,-101,0.4,False
4413,1COK,A,68,4448,1F3Y,A,165,0.1916167664670658,32,167,34,99,2,-103,0.4,False
4413,1COK,A,68,4452,2AFP,A,129,0.2076923076923077,27,130,40,62,1,-76,0.4,False
4413,1COK,A,68,4467,1UB1,A,125,0.2137404580152671,28,131,34,63,6,-75,0.4,False
4413,1COK,A,68,4491,1QJT,A,99,0.25,28,112,27,44,13,-56,0.4,False
4413,1COK,A,68,4492,1JBA,A,189,0.1813471502590673,35,193,29,125,4,-123,0.4,False
4413,1COK,A,68,4497,7HSC,A,159,0.2269938650306748,37,163,27,95,4,-89,0.4,False
4413,1COK,A,68,4519,1D7Q,A,143,0.2094594594594594,31,148,32,80,5,-86,0.4,False
4413,1COK,A,68,4528,1DC8,A,123,0.2301587301587301,29,126,36,58,3,-68,0.4,False
4413,1COK,A,68,4553,1DGQ,A,188,0.1927083333333333,37,192,27,124,4,-118,0.4,False
4413,1COK,A,68,4566,1L6U,A,108,0.2568807339449541,28,109,39,41,1,-53,0.4,False
4413,1COK,A,68,4574,1D4B,A,122,0.248,31,125,34,57,3,-63,0.4,False
4413,1COK,A,68,4577,1C05,A,159,0.2111801242236025,34,161,32,93,2,-93,0.4,False
4413,1COK,A,68,4636,1F2H,A,169,0.2011834319526627,34,169,34,101,0,-101,0.4,False
4413,1COK,A,68,4641,1FO7,A,107,0.1944444444444444,21,108,46,40,1,-66,0.4,False
4413,1COK,A,68,4648,1FZT,A,211,0.2075471698113207,44,212,23,144,1,-124,0.4,False
4413,1COK,A,68,4649,1G03,A,134,0.2222222222222222,30,135,37,67,1,-75,0.4,False
4413,1COK,A,68,4664,1JZU,A,157,0.2151898734177215,34,158,33,90,1,-90,0.4,False
4413,1COK,A,68,4668,1IX5,A,151,0.2026143790849673,31,153,35,85,2,-91,0.4,False
4413,1COK,A,68,4688,1ILY,A,90,0.2346938775510204,23,98,37,30,8,-52,0.4,False
4413,1COK,A,68,4697,1D1N,A,99,0.2524271844660194,26,103,38,35,4,-51,0.4,False
4413,1COK,A,68,4700,1CF4,A,184,0.1891891891891892,35,185,32,117,1,-115,0.4,False
4413,1COK,A,68,4701,1D9S,A,136,0.2318840579710145,32,138,34,70,2,-74,0.4,False
4413,1COK,A,68,4706,1CX1,A,153,0.2115384615384615,33,156,32,88,3,-90,0.4,False
4413,1COK,A,68,4716,1N4C,A,182,0.1989247311827957,37,186,27,118,4,-112,0.4,False
4413,1COK,A,68,4717,1F7W,A,144,0.2206896551724138,32,145,35,77,1,-81,0.4,False
4413,1COK,A,68,4735,1JYT,A,163,0.206060606060606,34,165,32,97,2,-97,0.4,False
4413,1COK,A,68,4751,1IVM,A,130,0.2272727272727272,30,132,36,64,2,-72,0.4,False
4413,1COK,A,68,4775,1DUJ,A,187,0.1884816753926701,36,191,28,123,4,-119,0.4,False
4413,1COK,A,68,4779,1PLO,A,122,0.2142857142857142,27,126,37,58,4,-72,0.4,False
4413,1COK,A,68,4791,1JR6,A,138,0.2013888888888889,29,144,33,76,6,-86,0.4,False
4413,1COK,A,68,4797,1KD6,A,179,0.2,36,180,31,112,1,-108,0.4,False
4413,1COK,A,68,4814,1LS4,A,164,0.2048192771084337,34,166,32,98,2,-98,0.4,False
4413,1COK,A,68,4825,1M58,A,106,0.2129629629629629,23,108,43,40,2,-62,0.4,False
4413,1COK,A,68,4841,1E91,A,85,0.2688172043010752,25,93,35,25,8,-43,0.4,False
4417,1B6F,A,159,4424,1QHK,A,47,0.1823899371069182,29,159,18,0,112,-101,0.4,False
4417,1B6F,A,159,4425,3BDO,A,82,0.228395061728395,37,162,42,3,80,-88,0.4,False
4417,1B6F,A,159,4428,1QQV,A,67,0.2085889570552147,34,163,29,4,96,-95,0.4,False
4417,1B6F,A,159,4437,1CEJ,A,96,0.2085889570552147,34,163,58,4,67,-95,0.4,False
4417,1B6F,A,159,4445,1D8B,A,81,0.216867469879518,36,166,38,7,85,-94,0.4,False
4417,1B6F,A,159,4455,1CI5,A,95,0.2409638554216867,40,166,48,7,71,-86,0.4,False
4417,1B6F,A,159,4473,1L6E,A,46,0.1509433962264151,24,159,22,0,113,-111,0.4,False
4417,1B6F,A,159,4478,1B4R,A,80,0.2298136645962732,37,161,41,2,81,-87,0.4,False
4417,1B6F,A,159,4493,1UD7,A,76,0.2331288343558282,38,163,34,4,87,-87,0.4,False
4417,1B6F,A,159,4494,3LRI,A,83,0.2349397590361445,39,166,37,7,83,-88,0.4,False
4417,1B6F,A,159,4496,1OM2,A,95,0.225,36,160,58,1,65,-88,0.4,False
4417,1B6F,A,159,4510,1CXW,A,60,0.1949685534591195,31,159,29,0,99,-97,0.4,False
4417,1B6F,A,159,4514,1D2L,A,45,0.15625,25,160,19,1,115,-110,0.4,False
4417,1B6F,A,159,4516,1D5G,A,96,0.253012048192771,42,166,47,7,70,-82,0.4,False
4417,1B6F,A,159,4524,1DAQ,A,71,0.2147239263803681,35,163,32,4,92,-93,0.4,False
4417,1B6F,A,159,4540,1NLA,A,53,0.1761006289308176,28,159,25,0,106,-103,0.4,False
4417,1B6F,A,159,4579,1HYI,A,65,0.1975308641975308,32,162,30,3,97,-98,0.4,False
4417,1B6F,A,159,4583,1DOQ,A,69,0.23125,37,160,31,1,91,-86,0.4,False
4417,1B6F,A,159,4584,1DP3,A,55,0.1949685534591195,31,159,24,0,104,-97,0.4,False
4417,1B6F,A,159,4588,1ED7,A,45,0.15527950310559,25,161,18,2,116,-111,0.4,False
4417,1B6F,A,159,4589,1EHX,A,94,0.2530864197530864,41,162,50,3,68,-80,0.4,False
4417,1B6F,A,159,4593,1EOQ,A,77,0.2269938650306748,37,163,36,4,86,-89,0.4,False
4417,1B6F,A,159,4602,1DO9,A,94,0.2317073170731707,38,164,51,5,70,-88,0.4,False
4417,1B6F,A,159,4603,1DV5,A,80,0.1925465838509316,31,161,47,2,81,-99,0.4,False
4417,1B6F,A,159,4619,1E0E,A,47,0.1761006289308176,28,159,19,0,112,-103,0.4,False
4417,1B6F,A,159,4621,1E4U,A,78,0.2037037037037037,33,162,42,3,84,-96,0.4,False
4417,1B6F,A,159,4622,1E52,A,56,0.175,28,160,27,1,104,-104,0.4,False
4417,1B6F,A,159,4637,1F43,A,61,0.1975308641975308,32,162,26,3,101,-98,0.4,False
4417,1B6F,A,159,4661,1C15,A,97,0.2195121951219512,36,164,56,5,67,-92,0.4,False
4417,1B6F,A,159,4666,1DCZ,A,77,0.2439024390243902,40,164,32,5,87,-84,0.4,False
4417,1B6F,A,159,4677,1EXK,A,79,0.2222222222222222,36,162,40,3,83,-90,0.4,False
4417,1B6F,A,159,4721,1D8J,A,81,0.2098765432098765,34,162,44,3,81,-94,0.4,False
4417,1B6F,A,159,4740,1GH9,A,71,0.1987577639751552,32,161,37,2,90,-97,0.4,False
4417,1B6F,A,159,4752,1J9I,A,68,0.2298136645962732,37,161,29,2,93,-87,0.4,False
4417,1B6F,A,159,4757,1DV0,A,45,0.1698113207547169,27,159,18,0,114,-105,0.4,False
4417,1B6F,A,159,4759,1QPU,A,106,0.2694610778443114,45,167,53,8,61,-77,0.4,False
4417,1B6F,A,159,4771,1S62,A,102,0.2469879518072289,41,166,54,7,64,-84,0.4,False
4417,1B6F,A,159,4781,1F6U,A,55,0.1761006289308176,28,159,27,0,104,-103,0.4,False
4417,1B6F,A,159,4792,2AN7,A,83,0.2363636363636363,39,165,38,6,82,-87,0.4,False
4417,1B6F,A,159,4829,1JXS,A,98,0.2261904761904762,38,168,51,9,70,-92,0.4,False
4417,1B6F,A,159,4833,1G6E,A,87,0.2215568862275449,37,167,42,8,80,-93,0.4,False
4424,1QHK,A,47,4429,1RQU,A,120,0.1721311475409836,21,122,24,75,2,-80,0.4,False
4424,1QHK,A,47,4431,1CKV,A,141,0.1901408450704225,27,142,19,95,1,-88,0.4,False
4424,1QHK,A,47,4447,1H6Q,A,168,0.1538461538461538,26,169,20,122,1,-117,0.4,False
4424,1QHK,A,47,4448,1F3Y,A,165,0.1845238095238095,31,168,13,121,3,-106,0.4,False
4424,1QHK,A,47,4452,2AFP,A,129,0.183206106870229,24,131,21,84,2,-83,0.4,False
4424,1QHK,A,47,4467,1UB1,A,125,0.192,24,125,23,78,0,-77,0.4,False
4424,1QHK,A,47,4491,1QJT,A,99,0.1881188118811881,19,101,26,54,2,-63,0.4,False
4424,1QHK,A,47,4492,1JBA,A,189,0.1578947368421052,30,190,16,143,1,-130,0.4,False
4424,1QHK,A,47,4497,7HSC,A,159,0.1823899371069182,29,159,18,112,0,-101,0.4,False
4424,1QHK,A,47,4519,1D7Q,A,143,0.193103448275862,28,145,17,98,2,-89,0.4,False
4424,1QHK,A,47,4528,1DC8,A,123,0.1788617886178861,22,123,25,76,0,-79,0.4,False
4424,1QHK,A,47,4553,1DGQ,A,188,0.164021164021164,31,189,15,142,1,-127,0.4,False
4424,1QHK,A,47,4566,1L6U,A,108,0.1834862385321101,20,109,26,62,1,-69,0.4,False
4424,1QHK,A,47,4574,1D4B,A,122,0.1557377049180328,19,122,28,75,0,-84,0.4,False
4424,1QHK,A,47,4577,1C05,A,159,0.1625,26,160,20,113,1,-108,0.4,False
4424,1QHK,A,47,4636,1F2H,A,169,0.1301775147928994,22,169,25,122,0,-125,0.4,False
4424,1QHK,A,47,4641,1FO7,A,107,0.2110091743119266,23,109,22,62,2,-63,0.4,False
4424,1QHK,A,47,4648,1FZT,A,211,0.1516587677725118,32,211,15,164,0,-147,0.4,False
4424,1QHK,A,47,4649,1G03,A,134,0.1544117647058823,21,136,24,89,2,-94,0.4,False
4424,1QHK,A,47,4664,1JZU,A,157,0.1772151898734177,28,158,18,111,1,-102,0.4,False
4424,1QHK,A,47,4668,1IX5,A,151,0.1589403973509933,24,151,23,104,0,-103,0.4,False
4424,1QHK,A,47,4688,1ILY,A,90,0.2043010752688172,19,93,25,46,3,-55,0.4,False
4424,1QHK,A,47,4697,1D1N,A,99,0.21,21,100,25,53,1,-58,0.4,False
4424,1QHK,A,47,4700,1CF4,A,184,0.1521739130434782,28,184,19,137,0,-128,0.4,False
4424,1QHK,A,47,4701,1D9S,A,136,0.1521739130434782,21,138,24,91,2,-96,0.4,False
4424,1QHK,A,47,4706,1CX1,A,153,0.1623376623376623,25,154,21,107,1,-104,0.4,False
4424,1QHK,A,47,4716,1N4C,A,182,0.1648351648351648,30,182,17,135,0,-122,0.4,False
4424,1QHK,A,47,4717,1F7W,A,144,0.1632653061224489,24,147,20,100,3,-99,0.4,False
4424,1QHK,A,47,4735,1JYT,A,163,0.1585365853658536,26,164,20,117,1,-112,0.4,False
4424,1QHK,A,47,4751,1IVM,A,130,0.183206106870229,24,131,22,84,1,-83,0.4,False
4424,1QHK,A,47,4775,1DUJ,A,187,0.1550802139037433,29,187,18,140,0,-129,0.4,False
4424,1QHK,A,47,4779,1PLO,A,122,0.1967213114754098,24,122,23,75,0,-74,0.4,False
4424,1QHK,A,47,4791,1JR6,A,138,0.1870503597122302,26,139,20,92,1,-87,0.4,False
4424,1QHK,A,47,4797,1KD6,A,179,0.1666666666666666,30,180,16,133,1,-120,0.4,False
4424,1QHK,A,47,4814,1LS4,A,164,0.1463414634146341,24,164,23,117,0,-116,0.4,False
4424,1QHK,A,47,4825,1M58,A,106,0.205607476635514,22,107,24,60,1,-63,0.4,False
4424,1QHK,A,47,4841,1E91,A,85,0.2117647058823529,18,85,29,38,0,-49,0.4,False
4425,3BDO,A,82,4429,1RQU,A,120,0.2635658914728682,34,129,39,47,9,-61,0.4,False
4425,3BDO,A,82,4431,1CKV,A,141,0.2413793103448276,35,145,43,63,4,-75,0.4,False
4425,3BDO,A,82,4447,1H6Q,A,168,0.2294117647058823,39,170,41,88,2,-92,0.4,False
4425,3BDO,A,82,4448,1F3Y,A,165,0.2108433734939759,35,166,46,84,1,-96,0.4,False
4425,3BDO,A,82,4452,2AFP,A,129,0.1954887218045112,26,133,52,51,4,-81,0.4,False
4425,3BDO,A,82,4467,1UB1,A,125,0.2325581395348837,30,129,48,47,4,-69,0.4,False
4425,3BDO,A,82,4491,1QJT,A,99,0.2568807339449541,28,109,44,27,10,-53,0.4,False
4425,3BDO,A,82,4492,1JBA,A,189,0.21875,42,192,37,110,3,-108,0.4,False
4425,3BDO,A,82,4497,7HSC,A,159,0.2392638036809816,39,163,39,81,4,-85,0.4,False
4425,3BDO,A,82,4519,1D7Q,A,143,0.2281879194630872,34,149,42,67,6,-81,0.4,False
4425,3BDO,A,82,4528,1DC8,A,123,0.2338709677419354,29,124,52,42,1,-66,0.4,False
4425,3BDO,A,82,4553,1DGQ,A,188,0.2395833333333333,46,192,32,110,4,-100,0.4,False
4425,3BDO,A,82,4566,1L6U,A,108,0.25,29,116,45,34,8,-58,0.4,False
4425,3BDO,A,82,4574,1D4B,A,122,0.2403100775193798,31,129,44,47,7,-67,0.4,False
4425,3BDO,A,82,4577,1C05,A,159,0.253012048192771,42,166,33,84,7,-82,0.4,False
4425,3BDO,A,82,4636,1F2H,A,169,0.2105263157894736,36,171,44,89,2,-99,0.4,False
4425,3BDO,A,82,4641,1FO7,A,107,0.2123893805309734,24,113,52,31,6,-65,0.4,False
4425,3BDO,A,82,4648,1FZT,A,211,0.2093023255813953,45,215,33,133,4,-125,0.4,False
4425,3BDO,A,82,4649,1G03,A,134,0.2116788321167883,29,137,50,55,3,-79,0.4,False
4425,3BDO,A,82,4664,1JZU,A,157,0.2292993630573248,36,157,46,75,0,-85,0.4,False
4425,3BDO,A,82,4668,1IX5,A,151,0.2802547770700637,44,157,32,75,6,-69,0.4,False
4425,3BDO,A,82,4688,1ILY,A,90,0.2772277227722772,28,101,43,19,11,-45,0.4,False
4425,3BDO,A,82,4697,1D1N,A,99,0.287037037037037,31,108,42,26,9,-46,0.4,False
4425,3BDO,A,82,4700,1CF4,A,184,0.2421052631578947,46,190,30,108,6,-98,0.4,False
4425,3BDO,A,82,4701,1D9S,A,136,0.2285714285714285,32,140,46,58,4,-76,0.4,False
4425,3BDO,A,82,4706,1CX1,A,153,0.2091503267973856,32,153,50,71,0,-89,0.4,False
4425,3BDO,A,82,4716,1N4C,A,182,0.2287234042553191,43,188,33,106,6,-102,0.4,False
4425,3BDO,A,82,4717,1F7W,A,144,0.2275862068965517,33,145,48,63,1,-79,0.4,False
4425,3BDO,A,82,4735,1JYT,A,163,0.2321428571428571,39,168,38,86,5,-90,0.4,False
4425,3BDO,A,82,4751,1IVM,A,130,0.208955223880597,28,134,50,52,4,-78,0.4,False
4425,3BDO,A,82,4775,1DUJ,A,187,0.2222222222222222,42,189,38,107,2,-105,0.4,False
4425,3BDO,A,82,4779,1PLO,A,122,0.2519685039370078,32,127,45,45,5,-63,0.4,False
4425,3BDO,A,82,4791,1JR6,A,138,0.2285714285714285,32,140,48,58,2,-76,0.4,False
4425,3BDO,A,82,4797,1KD6,A,179,0.2166666666666666,39,180,42,98,1,-102,0.4,False
4425,3BDO,A,82,4814,1LS4,A,164,0.2242424242424242,37,165,44,83,1,-91,0.4,False
4425,3BDO,A,82,4825,1M58,A,106,0.2608695652173913,30,115,43,33,9,-55,0.4,False
4425,3BDO,A,82,4841,1E91,A,85,0.2371134020618556,23,97,47,15,12,-51,0.4,False
4428,1QQV,A,67,4429,1RQU,A,120,0.2416666666666666,29,120,38,53,0,-62,0.4,False
4428,1QQV,A,67,4431,1CKV,A,141,0.1888111888111888,27,143,38,76,2,-89,0.4,False
4428,1QQV,A,67,4447,1H6Q,A,168,0.1952662721893491,33,169,33,102,1,-103,0.4,False
4428,1QQV,A,67,4448,1F3Y,A,165,0.2048192771084337,34,166,32,99,1,-98,0.4,False
4428,1QQV,A,67,4452,2AFP,A,129,0.2076923076923077,27,130,39,63,1,-76,0.4,False
4428,1QQV,A,67,4467,1UB1,A,125,0.208,26,125,41,58,0,-73,0.4,False
4428,1QQV,A,67,4491,1QJT,A,99,0.26,26,100,40,33,1,-48,0.4,False
4428,1QQV,A,67,4492,1JBA,A,189,0.1727748691099476,33,191,32,124,2,-125,0.4,False
4428,1QQV,A,67,4497,7HSC,A,159,0.2,32,160,34,93,1,-96,0.4,False
4428,1QQV,A,67,4519,1D7Q,A,143,0.2083333333333333,30,144,36,77,1,-84,0.4,False
4428,1QQV,A,67,4528,1DC8,A,123,0.208,26,125,39,58,2,-73,0.4,False
4428,1QQV,A,67,4553,1DGQ,A,188,0.2063492063492063,39,189,27,122,1,-111,0.4,False
4428,1QQV,A,67,4566,1L6U,A,108,0.2252252252252252,25,111,39,44,3,-61,0.4,False
4428,1QQV,A,67,4574,1D4B,A,122,0.2258064516129032,28,124,37,57,2,-68,0.4,False
4428,1QQV,A,67,4577,1C05,A,159,0.2111801242236025,34,161,31,94,2,-93,0.4,False
4428,1QQV,A,67,4636,1F2H,A,169,0.2,34,170,32,103,1,-102,0.4,False
4428,1QQV,A,67,4641,1FO7,A,107,0.1743119266055046,19,109,46,42,2,-71,0.4,False
4428,1QQV,A,67,4648,1FZT,A,211,0.1971830985915492,42,213,23,146,2,-129,0.4,False
4428,1QQV,A,67,4649,1G03,A,134,0.213235294117647,29,136,36,69,2,-78,0.4,False
4428,1QQV,A,67,4664,1JZU,A,157,0.21875,35,160,29,93,3,-90,0.4,False
4428,1QQV,A,67,4668,1IX5,A,151,0.2052980132450331,31,151,36,84,0,-89,0.4,False
4428,1QQV,A,67,4688,1ILY,A,90,0.2708333333333333,26,96,35,29,6,-44,0.4,False
4428,1QQV,A,67,4697,1D1N,A,99,0.2254901960784313,23,102,41,35,3,-56,0.4,False
4428,1QQV,A,67,4700,1CF4,A,184,0.2108108108108108,39,185,27,118,1,-107,0.4,False
4428,1QQV,A,67,4701,1D9S,A,136,0.2214285714285714,31,140,32,73,4,-78,0.4,False
4428,1QQV,A,67,4706,1CX1,A,153,0.2207792207792207,34,154,32,87,1,-86,0.4,False
4428,1QQV,A,67,4716,1N4C,A,182,0.1945945945945946,36,185,28,118,3,-113,0.4,False
4428,1QQV,A,67,4717,1F7W,A,144,0.2123287671232876,31,146,34,79,2,-84,0.4,False
4428,1QQV,A,67,4735,1JYT,A,163,0.2261904761904762,38,168,24,101,5,-92,0.4,False
4428,1QQV,A,67,4751,1IVM,A,130,0.2121212121212121,28,132,37,65,2,-76,0.4,False
4428,1QQV,A,67,4775,1DUJ,A,187,0.1914893617021276,36,188,30,121,1,-116,0.4,False
4428,1QQV,A,67,4779,1PLO,A,122,0.2032520325203252,25,123,41,56,1,-73,0.4,False
4428,1QQV,A,67,4791,1JR6,A,138,0.1956521739130435,27,138,40,71,0,-84,0.4,False
4428,1QQV,A,67,4797,1KD6,A,179,0.1868131868131868,34,182,30,115,3,-114,0.4,False
4428,1QQV,A,67,4814,1LS4,A,164,0.2155688622754491,36,167,28,100,3,-95,0.4,False
4428,1QQV,A,67,4825,1M58,A,106,0.2589285714285714,29,112,32,45,6,-54,0.4,False
4428,1QQV,A,67,4841,1E91,A,85,0.2727272727272727,24,88,40,21,3,-40,0.4,False
4429,1RQU,A,120,4437,1CEJ,A,96,0.184,23,125,68,5,29,-79,0.4,False
4429,1RQU,A,120,4445,1D8B,A,81,0.24,30,125,46,5,44,-65,0.4,False
4429,1RQU,A,120,4455,1CI5,A,95,0.2377049180327868,29,122,64,2,27,-64,0.4,False
4429,1RQU,A,120,4473,1L6E,A,46,0.1583333333333333,19,120,27,0,74,-82,0.4,False
4429,1RQU,A,120,4478,1B4R,A,80,0.2661290322580645,33,124,43,4,44,-58,0.4,False
4429,1RQU,A,120,4493,1UD7,A,76,0.2230769230769231,29,130,37,10,54,-72,0.4,False
4429,1RQU,A,120,4494,3LRI,A,83,0.2142857142857142,27,126,50,6,43,-72,0.4,False
4429,1RQU,A,120,4496,1OM2,A,95,0.2461538461538461,32,130,53,10,35,-66,0.4,False
4429,1RQU,A,120,4510,1CXW,A,60,0.1721311475409836,21,122,37,2,62,-80,0.4,False
4429,1RQU,A,120,4514,1D2L,A,45,0.1583333333333333,19,120,26,0,75,-82,0.4,False
4429,1RQU,A,120,4516,1D5G,A,96,0.303030303030303,40,132,44,12,36,-52,0.4,False
4429,1RQU,A,120,4524,1DAQ,A,71,0.2276422764227642,28,123,40,3,52,-67,0.4,False
4429,1RQU,A,120,4540,1NLA,A,53,0.1983471074380165,24,121,28,1,68,-73,0.4,False
4429,1RQU,A,120,4579,1HYI,A,65,0.2049180327868852,25,122,38,2,57,-72,0.4,False
4429,1RQU,A,120,4583,1DOQ,A,69,0.256198347107438,31,121,37,1,52,-59,0.4,False
4429,1RQU,A,120,4584,1DP3,A,55,0.2295081967213114,28,122,25,2,67,-66,0.4,False
4429,1RQU,A,120,4588,1ED7,A,45,0.1570247933884297,19,121,25,1,76,-83,0.4,False
4429,1RQU,A,120,4589,1EHX,A,94,0.2301587301587301,29,126,59,6,32,-68,0.4,False
4429,1RQU,A,120,4593,1EOQ,A,77,0.2301587301587301,29,126,42,6,49,-68,0.4,False
4429,1RQU,A,120,4602,1DO9,A,94,0.2325581395348837,30,129,55,9,35,-69,0.4,False
4429,1RQU,A,120,4603,1DV5,A,80,0.2276422764227642,28,123,49,3,43,-67,0.4,False
4429,1RQU,A,120,4619,1E0E,A,47,0.1900826446280991,23,121,23,1,74,-75,0.4,False
4429,1RQU,A,120,4621,1E4U,A,78,0.2096774193548387,26,124,48,4,46,-72,0.4,False
4429,1RQU,A,120,4622,1E52,A,56,0.1916666666666666,23,120,33,0,64,-74,0.4,False
4429,1RQU,A,120,4637,1F43,A,61,0.1900826446280991,23,121,37,1,60,-75,0.4,False
4429,1RQU,A,120,4661,1C15,A,97,0.2734375,35,128,54,8,31,-58,0.4,False
4429,1RQU,A,120,4666,1DCZ,A,77,0.2777777777777778,35,126,36,6,49,-56,0.4,False
4429,1RQU,A,120,4677,1EXK,A,79,0.2096774193548387,26,124,49,4,45,-72,0.4,False
4429,1RQU,A,120,4721,1D8J,A,81,0.2258064516129032,28,124,49,4,43,-68,0.4,False
4429,1RQU,A,120,4740,1GH9,A,71,0.2148760330578512,26,121,44,1,50,-69,0.4,False
4429,1RQU,A,120,4752,1J9I,A,68,0.25,31,124,33,4,56,-62,0.4,False
4429,1RQU,A,120,4757,1DV0,A,45,0.1983471074380165,24,121,20,1,76,-73,0.4,False
4429,1RQU,A,120,4759,1QPU,A,106,0.2846715328467153,39,137,50,17,31,-59,0.4,False
4429,1RQU,A,120,4771,1S62,A,102,0.2692307692307692,35,130,57,10,28,-60,0.4,False
4429,1RQU,A,120,4781,1F6U,A,55,0.1735537190082644,21,121,33,1,66,-79,0.4,False
4429,1RQU,A,120,4792,2AN7,A,83,0.2651515151515151,35,132,36,12,49,-62,0.4,False
4429,1RQU,A,120,4829,1JXS,A,98,0.2330827067669172,31,133,54,13,35,-71,0.4,False
4429,1RQU,A,120,4833,1G6E,A,87,0.2301587301587301,29,126,52,6,39,-68,0.4,False
4431,1CKV,A,141,4437,1CEJ,A,96,0.2547770700636942,40,157,40,16,61,-77,0.4,False
4431,1CKV,A,141,4445,1D8B,A,81,0.2176870748299319,32,147,43,6,66,-83,0.4,False
4431,1CKV,A,141,4455,1CI5,A,95,0.2587412587412587,37,143,56,2,48,-69,0.4,False
4431,1CKV,A,141,4473,1L6E,A,46,0.1843971631205673,26,141,20,0,95,-89,0.4,False
4431,1CKV,A,141,4478,1B4R,A,80,0.2361111111111111,34,144,43,3,64,-76,0.4,False
4431,1CKV,A,141,4493,1UD7,A,76,0.2638888888888889,38,144,35,3,68,-68,0.4,False
4431,1CKV,A,141,4494,3LRI,A,83,0.2176870748299319,32,147,45,6,64,-83,0.4,False
4431,1CKV,A,141,4496,1OM2,A,95,0.2751677852348993,41,149,46,8,54,-67,0.4,False
4431,1CKV,A,141,4510,1CXW,A,60,0.1971830985915492,28,142,31,1,82,-86,0.4,False
4431,1CKV,A,141,4514,1D2L,A,45,0.1690140845070422,24,142,20,1,97,-94,0.4,False
4431,1CKV,A,141,4516,1D5G,A,96,0.2666666666666666,40,150,47,9,54,-70,0.4,False
4431,1CKV,A,141,4524,1DAQ,A,71,0.2585034013605442,38,147,27,6,76,-71,0.4,False
4431,1CKV,A,141,4540,1NLA,A,53,0.204225352112676,29,142,23,1,89,-84,0.4,False
4431,1CKV,A,141,4579,1HYI,A,65,0.1748251748251748,25,143,38,2,78,-93,0.4,False
4431,1CKV,A,141,4583,1DOQ,A,69,0.2206896551724138,32,145,33,4,76,-81,0.4,False
4431,1CKV,A,141,4584,1DP3,A,55,0.2275862068965517,33,145,18,4,90,-79,0.4,False
4431,1CKV,A,141,4588,1ED7,A,45,0.1748251748251748,25,143,18,2,98,-93,0.4,False
4431,1CKV,A,141,4589,1EHX,A,94,0.277027027027027,41,148,46,7,54,-66,0.4,False
4431,1CKV,A,141,4593,1EOQ,A,77,0.2483221476510067,37,149,32,8,72,-75,0.4,False
4431,1CKV,A,141,4602,1DO9,A,94,0.2666666666666666,40,150,45,9,56,-70,0.4,False
4431,1CKV,A,141,4603,1DV5,A,80,0.2653061224489796,39,147,35,6,67,-69,0.4,False
4431,1CKV,A,141,4619,1E0E,A,47,0.1678321678321678,24,143,21,2,96,-95,0.4,False
4431,1CKV,A,141,4621,1E4U,A,78,0.2222222222222222,32,144,43,3,66,-80,0.4,False
4431,1CKV,A,141,4622,1E52,A,56,0.1818181818181818,26,143,28,2,87,-91,0.4,False
4431,1CKV,A,141,4637,1F43,A,61,0.2083333333333333,30,144,28,3,83,-84,0.4,False
4431,1CKV,A,141,4661,1C15,A,97,0.25,37,148,53,7,51,-74,0.4,False
4431,1CKV,A,141,4666,1DCZ,A,77,0.25,37,148,33,7,71,-74,0.4,False
4431,1CKV,A,141,4677,1EXK,A,79,0.1944444444444444,28,144,48,3,65,-88,0.4,False
4431,1CKV,A,141,4721,1D8J,A,81,0.2344827586206896,34,145,43,4,64,-77,0.4,False
4431,1CKV,A,141,4740,1GH9,A,71,0.2361111111111111,34,144,34,3,73,-76,0.4,False
4431,1CKV,A,141,4752,1J9I,A,68,0.226950354609929,32,141,36,0,73,-77,0.4,False
4431,1CKV,A,141,4757,1DV0,A,45,0.1901408450704225,27,142,17,1,97,-88,0.4,False
4431,1CKV,A,141,4759,1QPU,A,106,0.2361111111111111,34,144,69,3,38,-76,0.4,False
4431,1CKV,A,141,4771,1S62,A,102,0.2214765100671141,33,149,61,8,47,-83,0.4,False
4431,1CKV,A,141,4781,1F6U,A,55,0.2,29,145,22,4,90,-87,0.4,False
4431,1CKV,A,141,4792,2AN7,A,83,0.261744966442953,39,149,36,8,66,-71,0.4,False
4431,1CKV,A,141,4829,1JXS,A,98,0.2533333333333333,38,150,51,9,52,-74,0.4,False
4431,1CKV,A,141,4833,1G6E,A,87,0.2434210526315789,37,152,39,11,65,-78,0.4,False
4437,1CEJ,A,96,4447,1H6Q,A,168,0.2105263157894736,36,171,57,75,3,-99,0.4,False
4437,1CEJ,A,96,4448,1F3Y,A,165,0.2130177514792899,36,169,56,73,4,-97,0.4,False
4437,1CEJ,A,96,4452,2AFP,A,129,0.2318840579710145,32,138,55,42,9,-74,0.4,False
4437,1CEJ,A,96,4467,1UB1,A,125,0.2137404580152671,28,131,62,35,6,-75,0.4,False
4437,1CEJ,A,96,4491,1QJT,A,99,0.2136752136752136,25,117,53,21,18,-67,0.4,False
4437,1CEJ,A,96,4492,1JBA,A,189,0.2072538860103626,40,193,52,97,4,-113,0.4,False
4437,1CEJ,A,96,4497,7HSC,A,159,0.217391304347826,35,161,59,65,2,-91,0.4,False
4437,1CEJ,A,96,4519,1D7Q,A,143,0.2312925170068027,34,147,58,51,4,-79,0.4,False
4437,1CEJ,A,96,4528,1DC8,A,123,0.2344827586206896,34,145,40,49,22,-77,0.4,False
4437,1CEJ,A,96,4553,1DGQ,A,188,0.21875,42,192,50,96,4,-108,0.4,False
4437,1CEJ,A,96,4566,1L6U,A,108,0.25,32,128,44,32,20,-64,0.4,False
4437,1CEJ,A,96,4574,1D4B,A,122,0.21875,28,128,62,32,6,-72,0.4,False
4437,1CEJ,A,96,4577,1C05,A,159,0.2222222222222222,36,162,57,66,3,-90,0.4,False
4437,1CEJ,A,96,4636,1F2H,A,169,0.175438596491228,30,171,64,75,2,-111,0.4,False
4437,1CEJ,A,96,4641,1FO7,A,107,0.225,27,120,56,24,13,-66,0.4,False
4437,1CEJ,A,96,4648,1FZT,A,211,0.2129629629629629,46,216,45,120,5,-124,0.4,False
4437,1CEJ,A,96,4649,1G03,A,134,0.1703703703703703,23,135,72,39,1,-89,0.4,False
4437,1CEJ,A,96,4664,1JZU,A,157,0.186335403726708,30,161,62,65,4,-101,0.4,False
4437,1CEJ,A,96,4668,1IX5,A,151,0.2193548387096774,34,155,58,59,4,-87,0.4,False
4437,1CEJ,A,96,4688,1ILY,A,90,0.1826923076923076,19,104,63,8,14,-66,0.4,False
4437,1CEJ,A,96,4697,1D1N,A,99,0.2053571428571428,23,112,60,16,13,-66,0.4,False
4437,1CEJ,A,96,4700,1CF4,A,184,0.2192513368983957,41,187,52,91,3,-105,0.4,False
4437,1CEJ,A,96,4701,1D9S,A,136,0.1928571428571428,27,140,65,44,4,-86,0.4,False
4437,1CEJ,A,96,4706,1CX1,A,153,0.2341772151898734,37,158,54,62,5,-84,0.4,False
4437,1CEJ,A,96,4716,1N4C,A,182,0.2074468085106383,39,188,51,92,6,-110,0.4,False
4437,1CEJ,A,96,4717,1F7W,A,144,0.2066666666666666,31,150,59,54,6,-88,0.4,False
4437,1CEJ,A,96,4735,1JYT,A,163,0.2261904761904762,38,168,53,72,5,-92,0.4,False
4437,1CEJ,A,96,4751,1IVM,A,130,0.2014925373134328,27,134,65,38,4,-80,0.4,False
4437,1CEJ,A,96,4775,1DUJ,A,187,0.2291666666666666,44,192,47,96,5,-104,0.4,False
4437,1CEJ,A,96,4779,1PLO,A,122,0.2835820895522388,38,134,46,38,12,-58,0.4,False
4437,1CEJ,A,96,4791,1JR6,A,138,0.2483221476510067,37,149,48,53,11,-75,0.4,False
4437,1CEJ,A,96,4797,1KD6,A,179,0.2044198895027624,37,181,57,85,2,-107,0.4,False
4437,1CEJ,A,96,4814,1LS4,A,164,0.2228915662650602,37,166,57,70,2,-92,0.4,False
4437,1CEJ,A,96,4825,1M58,A,106,0.2436974789915966,29,119,54,23,13,-61,0.4,False
4437,1CEJ,A,96,4841,1E91,A,85,0.2156862745098039,22,102,57,6,17,-58,0.4,False
4445,1D8B,A,81,4447,1H6Q,A,168,0.2126436781609195,37,174,38,93,6,-100,0.4,False
4445,1D8B,A,81,4448,1F3Y,A,165,0.2071005917159763,35,169,42,88,4,-99,0.4,False
4445,1D8B,A,81,4452,2AFP,A,129,0.2121212121212121,28,132,50,51,3,-76,0.4,False
4445,1D8B,A,81,4467,1UB1,A,125,0.2403100775193798,31,129,46,48,4,-67,0.4,False
4445,1D8B,A,81,4491,1QJT,A,99,0.2636363636363636,29,110,41,29,11,-52,0.4,False
4445,1D8B,A,81,4492,1JBA,A,189,0.1927083333333333,37,192,41,111,3,-118,0.4,False
4445,1D8B,A,81,4497,7HSC,A,159,0.2392638036809816,39,163,38,82,4,-85,0.4,False
4445,1D8B,A,81,4519,1D7Q,A,143,0.2244897959183673,33,147,44,66,4,-81,0.4,False
4445,1D8B,A,81,4528,1DC8,A,123,0.2519685039370078,32,127,45,46,4,-63,0.4,False
4445,1D8B,A,81,4553,1DGQ,A,188,0.2094240837696335,40,191,38,110,3,-111,0.4,False
4445,1D8B,A,81,4566,1L6U,A,108,0.2232142857142857,25,112,52,31,4,-62,0.4,False
4445,1D8B,A,81,4574,1D4B,A,122,0.2619047619047619,33,126,44,45,4,-60,0.4,False
4445,1D8B,A,81,4577,1C05,A,159,0.2453987730061349,40,163,37,82,4,-83,0.4,False
4445,1D8B,A,81,4636,1F2H,A,169,0.1929824561403508,33,171,46,90,2,-105,0.4,False
4445,1D8B,A,81,4641,1FO7,A,107,0.2389380530973451,27,113,48,32,6,-59,0.4,False
4445,1D8B,A,81,4648,1FZT,A,211,0.2155963302752293,47,218,27,137,7,-124,0.4,False
4445,1D8B,A,81,4649,1G03,A,134,0.2222222222222222,30,135,50,54,1,-75,0.4,False
4445,1D8B,A,81,4664,1JZU,A,157,0.2264150943396226,36,159,43,78,2,-87,0.4,False
4445,1D8B,A,81,4668,1IX5,A,151,0.2064516129032258,32,155,45,74,4,-91,0.4,False
4445,1D8B,A,81,4688,1ILY,A,90,0.2761904761904762,29,105,37,24,15,-47,0.4,False
4445,1D8B,A,81,4697,1D1N,A,99,0.2058823529411764,21,102,57,21,3,-60,0.4,False
4445,1D8B,A,81,4700,1CF4,A,184,0.1945945945945946,36,185,44,104,1,-113,0.4,False
4445,1D8B,A,81,4701,1D9S,A,136,0.2302158273381295,32,139,46,58,3,-75,0.4,False
4445,1D8B,A,81,4706,1CX1,A,153,0.2371794871794871,37,156,41,75,3,-82,0.4,False
4445,1D8B,A,81,4716,1N4C,A,182,0.2032967032967033,37,182,44,101,0,-108,0.4,False
4445,1D8B,A,81,4717,1F7W,A,144,0.24,36,150,39,69,6,-78,0.4,False
4445,1D8B,A,81,4735,1JYT,A,163,0.2363636363636363,39,165,40,84,2,-87,0.4,False
4445,1D8B,A,81,4751,1IVM,A,130,0.2290076335877862,30,131,50,50,1,-71,0.4,False
4445,1D8B,A,81,4775,1DUJ,A,187,0.1989528795811518,38,191,39,110,4,-115,0.4,False
4445,1D8B,A,81,4779,1PLO,A,122,0.2125984251968504,27,127,49,46,5,-73,0.4,False
4445,1D8B,A,81,4791,1JR6,A,138,0.2260273972602739,33,146,40,65,8,-80,0.4,False
4445,1D8B,A,81,4797,1KD6,A,179,0.2197802197802197,40,182,38,101,3,-102,0.4,False
4445,1D8B,A,81,4814,1LS4,A,164,0.2071005917159763,35,169,41,88,5,-99,0.4,False
4445,1D8B,A,81,4825,1M58,A,106,0.2222222222222222,26,117,44,36,11,-65,0.4,False
4445,1D8B,A,81,4841,1E91,A,85,0.21875,21,96,49,15,11,-54,0.4,False
4447,1H6Q,A,168,4455,1CI5,A,95,0.2598870056497175,46,177,40,9,82,-85,0.4,False
4447,1H6Q,A,168,4473,1L6E,A,46,0.1578947368421052,27,171,16,3,125,-117,0.4,False
4447,1H6Q,A,168,4478,1B4R,A,80,0.2339181286549707,40,171,37,3,91,-91,0.4,False
4447,1H6Q,A,168,4493,1UD7,A,76,0.2138728323699422,37,173,34,5,97,-99,0.4,False
4447,1H6Q,A,168,4494,3LRI,A,83,0.1988636363636363,35,176,40,8,93,-106,0.4,False
4447,1H6Q,A,168,4496,1OM2,A,95,0.2248520710059171,38,169,56,1,74,-93,0.4,False
4447,1H6Q,A,168,4510,1CXW,A,60,0.1607142857142857,27,168,33,0,108,-114,0.4,False
4447,1H6Q,A,168,4514,1D2L,A,45,0.1488095238095238,25,168,20,0,123,-118,0.4,False
4447,1H6Q,A,168,4516,1D5G,A,96,0.2280701754385964,39,171,54,3,75,-93,0.4,False
4447,1H6Q,A,168,4524,1DAQ,A,71,0.2339181286549707,40,171,28,3,100,-91,0.4,False
4447,1H6Q,A,168,4540,1NLA,A,53,0.1834319526627219,31,169,21,1,116,-107,0.4,False
4447,1H6Q,A,168,4579,1HYI,A,65,0.1812865497076023,31,171,31,3,106,-109,0.4,False
4447,1H6Q,A,168,4583,1DOQ,A,69,0.2071005917159763,35,169,33,1,100,-99,0.4,False
4447,1H6Q,A,168,4584,1DP3,A,55,0.1952662721893491,33,169,21,1,114,-103,0.4,False
4447,1H6Q,A,168,4588,1ED7,A,45,0.1529411764705882,26,170,17,2,125,-118,0.4,False
4447,1H6Q,A,168,4589,1EHX,A,94,0.2529411764705882,43,170,49,2,76,-84,0.4,False
4447,1H6Q,A,168,4593,1EOQ,A,77,0.2196531791907514,38,173,34,5,96,-97,0.4,False
4447,1H6Q,A,168,4602,1DO9,A,94,0.2117647058823529,36,170,56,2,76,-98,0.4,False
4447,1H6Q,A,168,4603,1DV5,A,80,0.2441860465116279,42,172,34,4,92,-88,0.4,False
4447,1H6Q,A,168,4619,1E0E,A,47,0.1547619047619047,26,168,21,0,121,-116,0.4,False
4447,1H6Q,A,168,4621,1E4U,A,78,0.2222222222222222,38,171,37,3,93,-95,0.4,False
4447,1H6Q,A,168,4622,1E52,A,56,0.1834319526627219,31,169,24,1,113,-107,0.4,False
4447,1H6Q,A,168,4637,1F43,A,61,0.1904761904761904,32,168,29,0,107,-104,0.4,False
4447,1H6Q,A,168,4661,1C15,A,97,0.2514619883040935,43,171,51,3,74,-85,0.4,False
4447,1H6Q,A,168,4666,1DCZ,A,77,0.2352941176470588,40,170,35,2,93,-90,0.4,False
4447,1H6Q,A,168,4677,1EXK,A,79,0.1834319526627219,31,169,47,1,90,-107,0.4,False
4447,1H6Q,A,168,4721,1D8J,A,81,0.2383720930232558,41,172,36,4,91,-90,0.4,False
4447,1H6Q,A,168,4740,1GH9,A,71,0.2093023255813953,36,172,31,4,101,-100,0.4,False
4447,1H6Q,A,168,4752,1J9I,A,68,0.2046783625730994,35,171,30,3,103,-101,0.4,False
4447,1H6Q,A,168,4757,1DV0,A,45,0.1597633136094674,27,169,17,1,124,-115,0.4,False
4447,1H6Q,A,168,4759,1QPU,A,106,0.239766081871345,41,171,62,3,65,-89,0.4,False
4447,1H6Q,A,168,4771,1S62,A,102,0.24,42,175,53,7,73,-91,0.4,False
4447,1H6Q,A,168,4781,1F6U,A,55,0.1488095238095238,25,168,30,0,113,-118,0.4,False
4447,1H6Q,A,168,4792,2AN7,A,83,0.2046783625730994,35,171,45,3,88,-101,0.4,False
4447,1H6Q,A,168,4829,1JXS,A,98,0.2339181286549707,40,171,55,3,73,-91,0.4,False
4447,1H6Q,A,168,4833,1G6E,A,87,0.2254335260115607,39,173,43,5,86,-95,0.4,False
4448,1F3Y,A,165,4455,1CI5,A,95,0.2485549132947976,43,173,44,8,78,-87,0.4,False
4448,1F3Y,A,165,4473,1L6E,A,46,0.1686746987951807,28,166,17,1,120,-110,0.4,False
4448,1F3Y,A,165,4478,1B4R,A,80,0.2321428571428571,39,168,38,3,88,-90,0.4,False
4448,1F3Y,A,165,4493,1UD7,A,76,0.2209302325581395,38,172,31,7,96,-96,0.4,False
4448,1F3Y,A,165,4494,3LRI,A,83,0.2130177514792899,36,169,43,4,86,-97,0.4,False
4448,1F3Y,A,165,4496,1OM2,A,95,0.2267441860465116,39,172,49,7,77,-94,0.4,False
4448,1F3Y,A,165,4510,1CXW,A,60,0.1785714285714285,30,168,27,3,108,-108,0.4,False
4448,1F3Y,A,165,4514,1D2L,A,45,0.1676646706586826,28,167,15,2,122,-111,0.4,False
4448,1F3Y,A,165,4516,1D5G,A,96,0.2352941176470588,40,170,51,5,74,-90,0.4,False
4448,1F3Y,A,165,4524,1DAQ,A,71,0.2155688622754491,36,167,33,2,96,-95,0.4,False
4448,1F3Y,A,165,4540,1NLA,A,53,0.1916167664670658,32,167,19,2,114,-103,0.4,False
4448,1F3Y,A,165,4579,1HYI,A,65,0.1726190476190476,29,168,33,3,103,-110,0.4,False
4448,1F3Y,A,165,4583,1DOQ,A,69,0.2023809523809523,34,168,32,3,99,-100,0.4,False
4448,1F3Y,A,165,4584,1DP3,A,55,0.1736526946107784,29,167,24,2,112,-109,0.4,False
4448,1F3Y,A,165,4588,1ED7,A,45,0.1515151515151515,25,165,20,0,120,-115,0.4,False
4448,1F3Y,A,165,4589,1EHX,A,94,0.2471264367816092,43,174,42,9,80,-88,0.4,False
4448,1F3Y,A,165,4593,1EOQ,A,77,0.2470588235294117,42,170,30,5,93,-86,0.4,False
4448,1F3Y,A,165,4602,1DO9,A,94,0.2294117647058823,39,170,50,5,76,-92,0.4,False
4448,1F3Y,A,165,4603,1DV5,A,80,0.2335329341317365,39,167,39,2,87,-89,0.4,False
4448,1F3Y,A,165,4619,1E0E,A,47,0.165680473372781,28,169,15,4,122,-113,0.4,False
4448,1F3Y,A,165,4621,1E4U,A,78,0.2083333333333333,35,168,40,3,90,-98,0.4,False
4448,1F3Y,A,165,4622,1E52,A,56,0.1964285714285714,33,168,20,3,112,-102,0.4,False
4448,1F3Y,A,165,4637,1F43,A,61,0.1867469879518072,31,166,29,1,105,-104,0.4,False
4448,1F3Y,A,165,4661,1C15,A,97,0.2307692307692307,39,169,54,4,72,-91,0.4,False
4448,1F3Y,A,165,4666,1DCZ,A,77,0.2235294117647059,38,170,34,5,93,-94,0.4,False
4448,1F3Y,A,165,4677,1EXK,A,79,0.1987951807228915,33,166,45,1,87,-100,0.4,False
4448,1F3Y,A,165,4721,1D8J,A,81,0.2469879518072289,41,166,39,1,85,-84,0.4,False
4448,1F3Y,A,165,4740,1GH9,A,71,0.2058823529411764,35,170,31,5,99,-100,0.4,False
4448,1F3Y,A,165,4752,1J9I,A,68,0.2275449101796407,38,167,28,2,99,-91,0.4,False
4448,1F3Y,A,165,4757,1DV0,A,45,0.1566265060240964,26,166,18,1,121,-114,0.4,False
4448,1F3Y,A,165,4759,1QPU,A,106,0.2528735632183908,44,174,53,9,68,-86,0.4,False
4448,1F3Y,A,165,4771,1S62,A,102,0.239766081871345,41,171,55,6,69,-89,0.4,False
4448,1F3Y,A,165,4781,1F6U,A,55,0.1696969696969697,28,165,27,0,110,-109,0.4,False
4448,1F3Y,A,165,4792,2AN7,A,83,0.2529411764705882,43,170,35,5,87,-84,0.4,False
4448,1F3Y,A,165,4829,1JXS,A,98,0.2307692307692307,39,169,55,4,71,-91,0.4,False
4448,1F3Y,A,165,4833,1G6E,A,87,0.2248520710059171,38,169,45,4,82,-93,0.4,False
4452,2AFP,A,129,4455,1CI5,A,95,0.2127659574468085,30,141,53,12,46,-81,0.4,False
4452,2AFP,A,129,4473,1L6E,A,46,0.1666666666666666,22,132,21,3,86,-88,0.4,False
4452,2AFP,A,129,4478,1B4R,A,80,0.2313432835820895,31,134,44,5,54,-72,0.4,False
4452,2AFP,A,129,4493,1UD7,A,76,0.1969696969696969,26,132,47,3,56,-80,0.4,False
4452,2AFP,A,129,4494,3LRI,A,83,0.2481203007518796,33,133,46,4,50,-67,0.4,False
4452,2AFP,A,129,4496,1OM2,A,95,0.2481203007518796,33,133,58,4,38,-67,0.4,False
4452,2AFP,A,129,4510,1CXW,A,60,0.2137404580152671,28,131,30,2,71,-75,0.4,False
4452,2AFP,A,129,4514,1D2L,A,45,0.1923076923076923,25,130,19,1,85,-80,0.4,False
4452,2AFP,A,129,4516,1D5G,A,96,0.2657342657342657,38,143,44,14,47,-67,0.4,False
4452,2AFP,A,129,4524,1DAQ,A,71,0.2076923076923077,27,130,43,1,59,-76,0.4,False
4452,2AFP,A,129,4540,1NLA,A,53,0.1603053435114503,21,131,30,2,78,-89,0.4,False
4452,2AFP,A,129,4579,1HYI,A,65,0.2330827067669172,31,133,30,4,68,-71,0.4,False
4452,2AFP,A,129,4583,1DOQ,A,69,0.1940298507462686,26,134,38,5,65,-82,0.4,False
4452,2AFP,A,129,4584,1DP3,A,55,0.1705426356589147,22,129,33,0,74,-85,0.4,False
4452,2AFP,A,129,4588,1ED7,A,45,0.1923076923076923,25,130,19,1,85,-80,0.4,False
4452,2AFP,A,129,4589,1EHX,A,94,0.2180451127819548,29,133,61,4,39,-75,0.4,False
4452,2AFP,A,129,4593,1EOQ,A,77,0.2116788321167883,29,137,40,8,60,-79,0.4,False
4452,2AFP,A,129,4602,1DO9,A,94,0.2426470588235294,33,136,54,7,42,-70,0.4,False
4452,2AFP,A,129,4603,1DV5,A,80,0.2121212121212121,28,132,49,3,52,-76,0.4,False
4452,2AFP,A,129,4619,1E0E,A,47,0.183206106870229,24,131,21,2,84,-83,0.4,False
4452,2AFP,A,129,4621,1E4U,A,78,0.2074074074074074,28,135,44,6,57,-79,0.4,False
4452,2AFP,A,129,4622,1E52,A,56,0.18796992481203,25,133,27,4,77,-83,0.4,False
4452,2AFP,A,129,4637,1F43,A,61,0.1755725190839694,23,131,36,2,70,-85,0.4,False
4452,2AFP,A,129,4661,1C15,A,97,0.2153846153846154,28,130,68,1,33,-74,0.4,False
4452,2AFP,A,129,4666,1DCZ,A,77,0.2153846153846154,28,130,48,1,53,-74,0.4,False
4452,2AFP,A,129,4677,1EXK,A,79,0.2015503875968992,26,129,53,0,50,-77,0.4,False
4452,2AFP,A,129,4721,1D8J,A,81,0.18796992481203,25,133,52,4,52,-83,0.4,False
4452,2AFP,A,129,4740,1GH9,A,71,0.1860465116279069,24,129,47,0,58,-81,0.4,False
4452,2AFP,A,129,4752,1J9I,A,68,0.1846153846153846,24,130,43,1,62,-82,0.4,False
4452,2AFP,A,129,4757,1DV0,A,45,0.1846153846153846,24,130,20,1,85,-82,0.4,False
4452,2AFP,A,129,4759,1QPU,A,106,0.2397260273972602,35,146,54,17,40,-76,0.4,False
4452,2AFP,A,129,4771,1S62,A,102,0.2517482517482518,36,143,52,14,41,-71,0.4,False
4452,2AFP,A,129,4781,1F6U,A,55,0.1846153846153846,24,130,30,1,75,-82,0.4,False
4452,2AFP,A,129,4792,2AN7,A,83,0.2148148148148148,29,135,48,6,52,-77,0.4,False
4452,2AFP,A,129,4829,1JXS,A,98,0.2279411764705882,31,136,60,7,38,-74,0.4,False
4452,2AFP,A,129,4833,1G6E,A,87,0.213235294117647,29,136,51,7,49,-78,0.4,False
4455,1CI5,A,95,4467,1UB1,A,125,0.2700729927007299,37,137,46,42,12,-63,0.4,False
4455,1CI5,A,95,4491,1QJT,A,99,0.2272727272727272,25,110,59,15,11,-60,0.4,False
4455,1CI5,A,95,4492,1JBA,A,189,0.2164948453608247,42,194,48,99,5,-110,0.4,False
4455,1CI5,A,95,4497,7HSC,A,159,0.2574850299401197,43,167,44,72,8,-81,0.4,False
4455,1CI5,A,95,4519,1D7Q,A,143,0.2483221476510067,37,149,52,54,6,-75,0.4,False
4455,1CI5,A,95,4528,1DC8,A,123,0.2272727272727272,30,132,56,37,9,-72,0.4,False
4455,1CI5,A,95,4553,1DGQ,A,188,0.2474226804123711,48,194,41,99,6,-98,0.4,False
4455,1CI5,A,95,4566,1L6U,A,108,0.2212389380530973,25,113,65,18,5,-63,0.4,False
4455,1CI5,A,95,4574,1D4B,A,122,0.2248062015503876,29,129,59,34,7,-71,0.4,False
4455,1CI5,A,95,4577,1C05,A,159,0.253012048192771,42,166,46,71,7,-82,0.4,False
4455,1CI5,A,95,4636,1F2H,A,169,0.2102272727272727,37,176,51,81,7,-102,0.4,False
4455,1CI5,A,95,4641,1FO7,A,107,0.2396694214876033,29,121,52,26,14,-63,0.4,False
4455,1CI5,A,95,4648,1FZT,A,211,0.2093023255813953,45,215,46,120,4,-125,0.4,False
4455,1CI5,A,95,4649,1G03,A,134,0.2275862068965517,33,145,51,50,11,-79,0.4,False
4455,1CI5,A,95,4664,1JZU,A,157,0.2606060606060606,43,165,44,70,8,-79,0.4,False
4455,1CI5,A,95,4668,1IX5,A,151,0.2564102564102564,40,156,50,61,5,-76,0.4,False
4455,1CI5,A,95,4688,1ILY,A,90,0.2454545454545454,27,110,48,15,20,-56,0.4,False
4455,1CI5,A,95,4697,1D1N,A,99,0.2456140350877192,28,114,52,19,15,-58,0.4,False
4455,1CI5,A,95,4700,1CF4,A,184,0.2263157894736842,43,190,46,95,6,-104,0.4,False
4455,1CI5,A,95,4701,1D9S,A,136,0.2142857142857142,30,140,61,45,4,-80,0.4,False
4455,1CI5,A,95,4706,1CX1,A,153,0.2327044025157232,37,159,52,64,6,-85,0.4,False
4455,1CI5,A,95,4716,1N4C,A,182,0.2287234042553191,43,188,46,93,6,-102,0.4,False
4455,1CI5,A,95,4717,1F7W,A,144,0.2214765100671141,33,149,57,54,5,-83,0.4,False
4455,1CI5,A,95,4735,1JYT,A,163,0.2529411764705882,43,170,45,75,7,-84,0.4,False
4455,1CI5,A,95,4751,1IVM,A,130,0.1985815602836879,28,141,56,46,11,-85,0.4,False
4455,1CI5,A,95,4775,1DUJ,A,187,0.2552083333333333,49,192,41,97,5,-94,0.4,False
4455,1CI5,A,95,4779,1PLO,A,122,0.237037037037037,32,135,50,40,13,-71,0.4,False
4455,1CI5,A,95,4791,1JR6,A,138,0.2689655172413793,39,145,49,50,7,-67,0.4,False
4455,1CI5,A,95,4797,1KD6,A,179,0.2265193370165746,41,181,52,86,2,-99,0.4,False
4455,1CI5,A,95,4814,1LS4,A,164,0.2261904761904762,38,168,53,73,4,-92,0.4,False
4455,1CI5,A,95,4825,1M58,A,106,0.2586206896551724,30,116,55,21,10,-56,0.4,False
4455,1CI5,A,95,4841,1E91,A,85,0.2612612612612612,29,111,40,16,26,-53,0.4,False
4467,1UB1,A,125,4473,1L6E,A,46,0.1904761904761904,24,126,21,1,80,-78,0.4,False
4467,1UB1,A,125,4478,1B4R,A,80,0.2307692307692307,30,130,45,5,50,-70,0.4,False
4467,1UB1,A,125,4493,1UD7,A,76,0.25,32,128,41,3,52,-64,0.4,False
4467,1UB1,A,125,4494,3LRI,A,83,0.2631578947368421,35,133,40,8,50,-63,0.4,False
4467,1UB1,A,125,4496,1OM2,A,95,0.2137404580152671,28,131,61,6,36,-75,0.4,False
4467,1UB1,A,125,4510,1CXW,A,60,0.1825396825396825,23,126,36,1,66,-80,0.4,False
4467,1UB1,A,125,4514,1D2L,A,45,0.1587301587301587,20,126,24,1,81,-86,0.4,False
4467,1UB1,A,125,4516,1D5G,A,96,0.2631578947368421,35,133,53,8,37,-63,0.4,False
4467,1UB1,A,125,4524,1DAQ,A,71,0.21875,28,128,40,3,57,-72,0.4,False
4467,1UB1,A,125,4540,1NLA,A,53,0.2063492063492063,26,126,26,1,73,-74,0.4,False
4467,1UB1,A,125,4579,1HYI,A,65,0.1796875,23,128,39,3,63,-82,0.4,False
4467,1UB1,A,125,4583,1DOQ,A,69,0.234375,30,128,36,3,59,-68,0.4,False
4467,1UB1,A,125,4584,1DP3,A,55,0.1889763779527559,24,127,29,2,72,-79,0.4,False
4467,1UB1,A,125,4588,1ED7,A,45,0.1746031746031746,22,126,22,1,81,-82,0.4,False
4467,1UB1,A,125,4589,1EHX,A,94,0.2556390977443609,34,133,52,8,39,-65,0.4,False
4467,1UB1,A,125,4593,1EOQ,A,77,0.2125984251968504,27,127,48,2,50,-73,0.4,False
4467,1UB1,A,125,4602,1DO9,A,94,0.2426470588235294,33,136,50,11,42,-70,0.4,False
4467,1UB1,A,125,4603,1DV5,A,80,0.225563909774436,30,133,42,8,53,-73,0.4,False
4467,1UB1,A,125,4619,1E0E,A,47,0.168,21,125,26,0,78,-83,0.4,False
4467,1UB1,A,125,4621,1E4U,A,78,0.2213740458015267,29,131,43,6,53,-73,0.4,False
4467,1UB1,A,125,4622,1E52,A,56,0.1825396825396825,23,126,32,1,70,-80,0.4,False
4467,1UB1,A,125,4637,1F43,A,61,0.232,29,125,32,0,64,-67,0.4,False
4467,1UB1,A,125,4661,1C15,A,97,0.2213740458015267,29,131,62,6,34,-73,0.4,False
4467,1UB1,A,125,4666,1DCZ,A,77,0.2538461538461538,33,130,39,5,53,-64,0.4,False
4467,1UB1,A,125,4677,1EXK,A,79,0.234375,30,128,46,3,49,-68,0.4,False
4467,1UB1,A,125,4721,1D8J,A,81,0.2125984251968504,27,127,52,2,46,-73,0.4,False
4467,1UB1,A,125,4740,1GH9,A,71,0.2442748091603053,32,131,33,6,60,-67,0.4,False
4467,1UB1,A,125,4752,1J9I,A,68,0.192,24,125,44,0,57,-77,0.4,False
4467,1UB1,A,125,4757,1DV0,A,45,0.1860465116279069,24,129,17,4,84,-81,0.4,False
4467,1UB1,A,125,4759,1QPU,A,106,0.2262773722627737,31,137,63,12,31,-75,0.4,False
4467,1UB1,A,125,4771,1S62,A,102,0.2571428571428571,36,140,51,15,38,-68,0.4,False
4467,1UB1,A,125,4781,1F6U,A,55,0.1796875,23,128,29,3,73,-82,0.4,False
4467,1UB1,A,125,4792,2AN7,A,83,0.2204724409448819,28,127,53,2,44,-71,0.4,False
4467,1UB1,A,125,4829,1JXS,A,98,0.2727272727272727,36,132,55,7,34,-60,0.4,False
4467,1UB1,A,125,4833,1G6E,A,87,0.2153846153846154,28,130,54,5,43,-74,0.4,False
4473,1L6E,A,46,4491,1QJT,A,99,0.21,21,100,24,54,1,-58,0.4,False
4473,1L6E,A,46,4492,1JBA,A,189,0.1428571428571428,27,189,19,143,0,-135,0.4,False
4473,1L6E,A,46,4497,7HSC,A,159,0.1801242236024844,29,161,15,115,2,-103,0.4,False
4473,1L6E,A,46,4519,1D7Q,A,143,0.1538461538461538,22,143,24,97,0,-99,0.4,False
4473,1L6E,A,46,4528,1DC8,A,123,0.2301587301587301,29,126,14,80,3,-68,0.4,False
4473,1L6E,A,46,4553,1DGQ,A,188,0.1421052631578947,27,190,17,144,2,-136,0.4,False
4473,1L6E,A,46,4566,1L6U,A,108,0.1944444444444444,21,108,25,62,0,-66,0.4,False
4473,1L6E,A,46,4574,1D4B,A,122,0.1788617886178861,22,123,23,77,1,-79,0.4,False
4473,1L6E,A,46,4577,1C05,A,159,0.19375,31,160,14,114,1,-98,0.4,False
4473,1L6E,A,46,4636,1F2H,A,169,0.1695906432748538,29,171,15,125,2,-113,0.4,False
4473,1L6E,A,46,4641,1FO7,A,107,0.209090909090909,23,110,20,64,3,-64,0.4,False
4473,1L6E,A,46,4648,1FZT,A,211,0.1415094339622641,30,212,15,166,1,-152,0.4,False
4473,1L6E,A,46,4649,1G03,A,134,0.1970802919708029,27,137,16,91,3,-83,0.4,False
4473,1L6E,A,46,4664,1JZU,A,157,0.1677018633540372,27,161,15,115,4,-107,0.4,False
4473,1L6E,A,46,4668,1IX5,A,151,0.1710526315789473,26,152,19,106,1,-100,0.4,False
4473,1L6E,A,46,4688,1ILY,A,90,0.2527472527472527,23,91,22,45,1,-45,0.4,False
4473,1L6E,A,46,4697,1D1N,A,99,0.2079207920792079,21,101,23,55,2,-59,0.4,False
4473,1L6E,A,46,4700,1CF4,A,184,0.1612903225806451,30,186,14,140,2,-126,0.4,False
4473,1L6E,A,46,4701,1D9S,A,136,0.2116788321167883,29,137,16,91,1,-79,0.4,False
4473,1L6E,A,46,4706,1CX1,A,153,0.1688311688311688,26,154,19,108,1,-102,0.4,False
4473,1L6E,A,46,4716,1N4C,A,182,0.1483516483516483,27,182,19,136,0,-128,0.4,False
4473,1L6E,A,46,4717,1F7W,A,144,0.1736111111111111,25,144,21,98,0,-94,0.4,False
4473,1L6E,A,46,4735,1JYT,A,163,0.1768292682926829,29,164,16,118,1,-106,0.4,False
4473,1L6E,A,46,4751,1IVM,A,130,0.1526717557251908,20,131,25,85,1,-91,0.4,False
4473,1L6E,A,46,4775,1DUJ,A,187,0.1657754010695187,31,187,15,141,0,-125,0.4,False
4473,1L6E,A,46,4779,1PLO,A,122,0.1463414634146341,18,123,27,77,1,-87,0.4,False
4473,1L6E,A,46,4791,1JR6,A,138,0.1884057971014492,26,138,20,92,0,-86,0.4,False
4473,1L6E,A,46,4797,1KD6,A,179,0.1508379888268156,27,179,19,133,0,-125,0.4,False
4473,1L6E,A,46,4814,1LS4,A,164,0.1768292682926829,29,164,17,118,0,-106,0.4,False
4473,1L6E,A,46,4825,1M58,A,106,0.1666666666666666,18,108,26,62,2,-72,0.4,False
4473,1L6E,A,46,4841,1E91,A,85,0.2444444444444444,22,90,19,44,5,-46,0.4,False
4478,1B4R,A,80,4491,1QJT,A,99,0.2660550458715596,29,109,41,29,10,-51,0.4,False
4478,1B4R,A,80,4492,1JBA,A,189,0.2020725388601036,39,193,37,113,4,-115,0.4,False
4478,1B4R,A,80,4497,7HSC,A,159,0.2098765432098765,34,162,43,82,3,-94,0.4,False
4478,1B4R,A,80,4519,1D7Q,A,143,0.2013888888888889,29,144,50,64,1,-86,0.4,False
4478,1B4R,A,80,4528,1DC8,A,123,0.2761194029850746,37,134,32,54,11,-60,0.4,False
4478,1B4R,A,80,4553,1DGQ,A,188,0.2157894736842105,41,190,37,110,2,-108,0.4,False
4478,1B4R,A,80,4566,1L6U,A,108,0.2521008403361344,30,119,39,39,11,-59,0.4,False
4478,1B4R,A,80,4574,1D4B,A,122,0.232,29,125,48,45,3,-67,0.4,False
4478,1B4R,A,80,4577,1C05,A,159,0.2108433734939759,35,166,38,86,7,-96,0.4,False
4478,1B4R,A,80,4636,1F2H,A,169,0.2325581395348837,40,172,37,92,3,-92,0.4,False
4478,1B4R,A,80,4641,1FO7,A,107,0.2283464566929134,29,127,31,47,20,-69,0.4,False
4478,1B4R,A,80,4648,1FZT,A,211,0.2372093023255814,51,215,25,135,4,-113,0.4,False
4478,1B4R,A,80,4649,1G03,A,134,0.2661870503597122,37,139,38,59,5,-65,0.4,False
4478,1B4R,A,80,4664,1JZU,A,157,0.263803680981595,43,163,31,83,6,-77,0.4,False
4478,1B4R,A,80,4668,1IX5,A,151,0.2451612903225806,38,155,38,75,4,-79,0.4,False
4478,1B4R,A,80,4688,1ILY,A,90,0.3039215686274509,31,102,37,22,12,-40,0.4,False
4478,1B4R,A,80,4697,1D1N,A,99,0.2429906542056074,26,107,46,27,8,-55,0.4,False
4478,1B4R,A,80,4700,1CF4,A,184,0.1956521739130435,36,184,44,104,0,-112,0.4,False
4478,1B4R,A,80,4701,1D9S,A,136,0.2758620689655172,40,145,31,65,9,-65,0.4,False
4478,1B4R,A,80,4706,1CX1,A,153,0.2628205128205128,41,156,36,76,3,-74,0.4,False
4478,1B4R,A,80,4716,1N4C,A,182,0.2054054054054054,38,185,39,105,3,-109,0.4,False
4478,1B4R,A,80,4717,1F7W,A,144,0.2094594594594594,31,148,45,68,4,-86,0.4,False
4478,1B4R,A,80,4735,1JYT,A,163,0.2289156626506024,38,166,39,86,3,-90,0.4,False
4478,1B4R,A,80,4751,1IVM,A,130,0.2462686567164179,33,134,43,54,4,-68,0.4,False
4478,1B4R,A,80,4775,1DUJ,A,187,0.1968911917098445,38,193,36,113,6,-117,0.4,False
4478,1B4R,A,80,4779,1PLO,A,122,0.1953125,25,128,49,48,6,-78,0.4,False
4478,1B4R,A,80,4791,1JR6,A,138,0.2727272727272727,39,143,36,63,5,-65,0.4,False
4478,1B4R,A,80,4797,1KD6,A,179,0.2154696132596685,39,181,39,101,2,-103,0.4,False
4478,1B4R,A,80,4814,1LS4,A,164,0.2261904761904762,38,168,38,88,4,-92,0.4,False
4478,1B4R,A,80,4825,1M58,A,106,0.2037037037037037,22,108,56,28,2,-64,0.4,False
4478,1B4R,A,80,4841,1E91,A,85,0.2371134020618556,23,97,45,17,12,-51,0.4,False
4491,1QJT,A,99,4493,1UD7,A,76,0.2803738317757009,30,107,38,8,31,-47,0.4,False
4491,1QJT,A,99,4494,3LRI,A,83,0.2782608695652174,32,115,35,16,32,-51,0.4,False
4491,1QJT,A,99,4496,1OM2,A,95,0.2522522522522522,28,111,55,12,16,-55,0.4,False
4491,1QJT,A,99,4510,1CXW,A,60,0.2075471698113207,22,106,31,7,46,-62,0.4,False
4491,1QJT,A,99,4514,1D2L,A,45,0.2,20,100,24,1,55,-60,0.4,False
4491,1QJT,A,99,4516,1D5G,A,96,0.2564102564102564,30,117,48,18,21,-57,0.4,False
4491,1QJT,A,99,4524,1DAQ,A,71,0.2761904761904762,29,105,36,6,34,-47,0.4,False
4491,1QJT,A,99,4540,1NLA,A,53,0.1919191919191919,19,99,34,0,46,-61,0.4,False
4491,1QJT,A,99,4579,1HYI,A,65,0.1904761904761904,20,105,39,6,40,-65,0.4,False
4491,1QJT,A,99,4583,1DOQ,A,69,0.2376237623762376,24,101,43,2,32,-53,0.4,False
4491,1QJT,A,99,4584,1DP3,A,55,0.24,24,100,30,1,45,-52,0.4,False
4491,1QJT,A,99,4588,1ED7,A,45,0.21,21,100,23,1,55,-58,0.4,False
4491,1QJT,A,99,4589,1EHX,A,94,0.2162162162162162,24,111,58,12,17,-63,0.4,False
4491,1QJT,A,99,4593,1EOQ,A,77,0.238095238095238,25,105,46,6,28,-55,0.4,False
4491,1QJT,A,99,4602,1DO9,A,94,0.2619047619047619,33,126,34,27,32,-60,0.4,False
4491,1QJT,A,99,4603,1DV5,A,80,0.238095238095238,25,105,49,6,25,-55,0.4,False
4491,1QJT,A,99,4619,1E0E,A,47,0.1881188118811881,19,101,26,2,54,-63,0.4,False
4491,1QJT,A,99,4621,1E4U,A,78,0.22,22,100,55,1,22,-56,0.4,False
4491,1QJT,A,99,4622,1E52,A,56,0.2135922330097087,22,103,30,4,47,-59,0.4,False
4491,1QJT,A,99,4637,1F43,A,61,0.2211538461538461,23,104,33,5,43,-58,0.4,False
4491,1QJT,A,99,4661,1C15,A,97,0.219298245614035,25,114,57,15,17,-64,0.4,False
4491,1QJT,A,99,4666,1DCZ,A,77,0.2403846153846154,25,104,47,5,27,-54,0.4,False
4491,1QJT,A,99,4677,1EXK,A,79,0.2242990654205607,24,107,47,8,28,-59,0.4,False
4491,1QJT,A,99,4721,1D8J,A,81,0.2924528301886792,31,106,43,7,25,-44,0.4,False
4491,1QJT,A,99,4740,1GH9,A,71,0.233009708737864,24,103,43,4,32,-55,0.4,False
4491,1QJT,A,99,4752,1J9I,A,68,0.2156862745098039,22,102,43,3,34,-58,0.4,False
4491,1QJT,A,99,4757,1DV0,A,45,0.25,25,100,19,1,55,-50,0.4,False
4491,1QJT,A,99,4759,1QPU,A,106,0.3083333333333333,37,120,48,21,14,-46,0.4,False
4491,1QJT,A,99,4771,1S62,A,102,0.2631578947368421,30,114,57,15,12,-54,0.4,False
4491,1QJT,A,99,4781,1F6U,A,55,0.198019801980198,20,101,33,2,46,-61,0.4,False
4491,1QJT,A,99,4792,2AN7,A,83,0.2807017543859649,32,114,36,15,31,-50,0.4,False
4491,1QJT,A,99,4829,1JXS,A,98,0.2542372881355932,30,118,49,19,20,-58,0.4,False
4491,1QJT,A,99,4833,1G6E,A,87,0.2477064220183486,27,109,50,10,22,-55,0.4,False
4492,1JBA,A,189,4493,1UD7,A,76,0.2124352331606217,41,193,31,4,117,-111,0.4,False
4492,1JBA,A,189,4494,3LRI,A,83,0.193717277486911,37,191,44,2,108,-117,0.4,False
4492,1JBA,A,189,4496,1OM2,A,95,0.233160621761658,45,193,46,4,98,-103,0.4,False
4492,1JBA,A,189,4510,1CXW,A,60,0.1684210526315789,32,190,27,1,130,-126,0.4,False
4492,1JBA,A,189,4514,1D2L,A,45,0.1481481481481481,28,189,17,0,144,-133,0.4,False
4492,1JBA,A,189,4516,1D5G,A,96,0.2295918367346938,45,196,44,7,100,-106,0.4,False
4492,1JBA,A,189,4524,1DAQ,A,71,0.1875,36,192,32,3,121,-120,0.4,False
4492,1JBA,A,189,4540,1NLA,A,53,0.1623036649214659,31,191,20,2,138,-129,0.4,False
4492,1JBA,A,189,4579,1HYI,A,65,0.1842105263157894,35,190,29,1,125,-120,0.4,False
4492,1JBA,A,189,4583,1DOQ,A,69,0.2198952879581152,42,191,25,2,122,-107,0.4,False
4492,1JBA,A,189,4584,1DP3,A,55,0.1631578947368421,31,190,23,1,135,-128,0.4,False
4492,1JBA,A,189,4588,1ED7,A,45,0.1587301587301587,30,189,15,0,144,-129,0.4,False
4492,1JBA,A,189,4589,1EHX,A,94,0.2,38,190,55,1,96,-114,0.4,False
4492,1JBA,A,189,4593,1EOQ,A,77,0.1927083333333333,37,192,37,3,115,-118,0.4,False
4492,1JBA,A,189,4602,1DO9,A,94,0.2052631578947368,39,190,54,1,96,-112,0.4,False
4492,1JBA,A,189,4603,1DV5,A,80,0.2105263157894736,40,190,39,1,110,-110,0.4,False
4492,1JBA,A,189,4619,1E0E,A,47,0.1578947368421052,30,190,16,1,143,-130,0.4,False
4492,1JBA,A,189,4621,1E4U,A,78,0.2,38,190,39,1,112,-114,0.4,False
4492,1JBA,A,189,4622,1E52,A,56,0.1701030927835051,33,194,18,5,138,-128,0.4,False
4492,1JBA,A,189,4637,1F43,A,61,0.1884816753926701,36,191,23,2,130,-119,0.4,False
4492,1JBA,A,189,4661,1C15,A,97,0.2094240837696335,40,191,55,2,94,-111,0.4,False
4492,1JBA,A,189,4666,1DCZ,A,77,0.2157894736842105,41,190,35,1,113,-108,0.4,False
4492,1JBA,A,189,4677,1EXK,A,79,0.1675392670157068,32,191,45,2,112,-127,0.4,False
4492,1JBA,A,189,4721,1D8J,A,81,0.2216494845360824,43,194,33,5,113,-108,0.4,False
4492,1JBA,A,189,4740,1GH9,A,71,0.1822916666666666,35,192,33,3,121,-122,0.4,False
4492,1JBA,A,189,4752,1J9I,A,68,0.1736842105263158,33,190,34,1,122,-124,0.4,False
4492,1JBA,A,189,4757,1DV0,A,45,0.1631578947368421,31,190,13,1,145,-128,0.4,False
4492,1JBA,A,189,4759,1QPU,A,106,0.2227979274611398,43,193,59,4,87,-107,0.4,False
4492,1JBA,A,189,4771,1S62,A,102,0.2244897959183673,44,196,51,7,94,-108,0.4,False
4492,1JBA,A,189,4781,1F6U,A,55,0.1631578947368421,31,190,23,1,135,-128,0.4,False
4492,1JBA,A,189,4792,2AN7,A,83,0.2157894736842105,41,190,41,1,107,-108,0.4,False
4492,1JBA,A,189,4829,1JXS,A,98,0.211340206185567,41,194,52,5,96,-112,0.4,False
4492,1JBA,A,189,4833,1G6E,A,87,0.1968911917098445,38,193,45,4,106,-117,0.4,False
4493,1UD7,A,76,4497,7HSC,A,159,0.2422360248447205,39,161,35,85,2,-83,0.4,False
4493,1UD7,A,76,4519,1D7Q,A,143,0.2123287671232876,31,146,42,70,3,-84,0.4,False
4493,1UD7,A,76,4528,1DC8,A,123,0.2519685039370078,32,127,40,51,4,-63,0.4,False
4493,1UD7,A,76,4553,1DGQ,A,188,0.2222222222222222,42,189,33,113,1,-105,0.4,False
4493,1UD7,A,76,4566,1L6U,A,108,0.247787610619469,28,113,43,37,5,-57,0.4,False
4493,1UD7,A,76,4574,1D4B,A,122,0.25,32,128,38,52,6,-64,0.4,False
4493,1UD7,A,76,4577,1C05,A,159,0.2160493827160493,35,162,38,86,3,-92,0.4,False
4493,1UD7,A,76,4636,1F2H,A,169,0.2235294117647059,38,170,37,94,1,-94,0.4,False
4493,1UD7,A,76,4641,1FO7,A,107,0.1964285714285714,22,112,49,36,5,-68,0.4,False
4493,1UD7,A,76,4648,1FZT,A,211,0.2216981132075471,47,212,28,136,1,-118,0.4,False
4493,1UD7,A,76,4649,1G03,A,134,0.218978102189781,30,137,43,61,3,-77,0.4,False
4493,1UD7,A,76,4664,1JZU,A,157,0.220125786163522,35,159,39,83,2,-89,0.4,False
4493,1UD7,A,76,4668,1IX5,A,151,0.2451612903225806,38,155,34,79,4,-79,0.4,False
4493,1UD7,A,76,4688,1ILY,A,90,0.2727272727272727,27,99,40,23,9,-45,0.4,False
4493,1UD7,A,76,4697,1D1N,A,99,0.2735849056603773,29,106,40,30,7,-48,0.4,False
4493,1UD7,A,76,4700,1CF4,A,184,0.2282608695652173,42,184,34,108,0,-100,0.4,False
4493,1UD7,A,76,4701,1D9S,A,136,0.2262773722627737,31,137,44,61,1,-75,0.4,False
4493,1UD7,A,76,4706,1CX1,A,153,0.2064516129032258,32,155,42,79,2,-91,0.4,False
4493,1UD7,A,76,4716,1N4C,A,182,0.1923076923076923,35,182,41,106,0,-112,0.4,False
4493,1UD7,A,76,4717,1F7W,A,144,0.2251655629139073,34,151,35,75,7,-83,0.4,False
4493,1UD7,A,76,4735,1JYT,A,163,0.2256097560975609,37,164,38,88,1,-90,0.4,False
4493,1UD7,A,76,4751,1IVM,A,130,0.2272727272727272,30,132,44,56,2,-72,0.4,False
4493,1UD7,A,76,4775,1DUJ,A,187,0.2135416666666666,41,192,30,116,5,-110,0.4,False
4493,1UD7,A,76,4779,1PLO,A,122,0.21875,28,128,42,52,6,-72,0.4,False
4493,1UD7,A,76,4791,1JR6,A,138,0.2361111111111111,34,144,36,68,6,-76,0.4,False
4493,1UD7,A,76,4797,1KD6,A,179,0.2265193370165746,41,181,33,105,2,-99,0.4,False
4493,1UD7,A,76,4814,1LS4,A,164,0.2095808383233532,35,167,38,91,3,-97,0.4,False
4493,1UD7,A,76,4825,1M58,A,106,0.3008849557522124,34,113,35,37,7,-45,0.4,False
4493,1UD7,A,76,4841,1E91,A,85,0.2258064516129032,21,93,47,17,8,-51,0.4,False
4494,3LRI,A,83,4497,7HSC,A,159,0.2236024844720497,36,161,45,78,2,-89,0.4,False
4494,3LRI,A,83,4519,1D7Q,A,143,0.2012987012987013,31,154,41,71,11,-92,0.4,False
4494,3LRI,A,83,4528,1DC8,A,123,0.2222222222222222,28,126,52,43,3,-70,0.4,False
4494,3LRI,A,83,4553,1DGQ,A,188,0.1842105263157894,35,190,46,107,2,-120,0.4,False
4494,3LRI,A,83,4566,1L6U,A,108,0.2368421052631578,27,114,50,31,6,-60,0.4,False
4494,3LRI,A,83,4574,1D4B,A,122,0.238095238095238,30,126,49,43,4,-66,0.4,False
4494,3LRI,A,83,4577,1C05,A,159,0.228395061728395,37,162,43,79,3,-88,0.4,False
4494,3LRI,A,83,4636,1F2H,A,169,0.2413793103448276,42,174,36,91,5,-90,0.4,False
4494,3LRI,A,83,4641,1FO7,A,107,0.217391304347826,25,115,50,32,8,-65,0.4,False
4494,3LRI,A,83,4648,1FZT,A,211,0.2009345794392523,43,214,37,131,3,-128,0.4,False
4494,3LRI,A,83,4649,1G03,A,134,0.2553191489361702,36,141,40,58,7,-69,0.4,False
4494,3LRI,A,83,4664,1JZU,A,157,0.2138364779874214,34,159,47,76,2,-91,0.4,False
4494,3LRI,A,83,4668,1IX5,A,151,0.2026143790849673,31,153,50,70,2,-91,0.4,False
4494,3LRI,A,83,4688,1ILY,A,90,0.2254901960784313,23,102,48,19,12,-56,0.4,False
4494,3LRI,A,83,4697,1D1N,A,99,0.2542372881355932,30,118,34,35,19,-58,0.4,False
4494,3LRI,A,83,4700,1CF4,A,184,0.2150537634408602,40,186,41,103,2,-106,0.4,False
4494,3LRI,A,83,4701,1D9S,A,136,0.2318840579710145,32,138,49,55,2,-74,0.4,False
4494,3LRI,A,83,4706,1CX1,A,153,0.2578616352201258,41,159,36,76,6,-77,0.4,False
4494,3LRI,A,83,4716,1N4C,A,182,0.2021857923497267,37,183,45,100,1,-109,0.4,False
4494,3LRI,A,83,4717,1F7W,A,144,0.2483221476510067,37,149,41,66,5,-75,0.4,False
4494,3LRI,A,83,4735,1JYT,A,163,0.2289156626506024,38,166,42,83,3,-90,0.4,False
4494,3LRI,A,83,4751,1IVM,A,130,0.218978102189781,30,137,46,54,7,-77,0.4,False
4494,3LRI,A,83,4775,1DUJ,A,187,0.201058201058201,38,189,43,106,2,-113,0.4,False
4494,3LRI,A,83,4779,1PLO,A,122,0.2109375,27,128,50,45,6,-74,0.4,False
4494,3LRI,A,83,4791,1JR6,A,138,0.2340425531914893,33,141,47,58,3,-75,0.4,False
4494,3LRI,A,83,4797,1KD6,A,179,0.2228260869565217,41,184,37,101,5,-102,0.4,False
4494,3LRI,A,83,4814,1LS4,A,164,0.1952662721893491,33,169,45,86,5,-103,0.4,False
4494,3LRI,A,83,4825,1M58,A,106,0.2564102564102564,30,117,42,34,11,-57,0.4,False
4494,3LRI,A,83,4841,1E91,A,85,0.2673267326732673,27,101,40,18,16,-47,0.4,False
4496,1OM2,A,95,4497,7HSC,A,159,0.228395061728395,37,162,55,67,3,-88,0.4,False
4496,1OM2,A,95,4519,1D7Q,A,143,0.2328767123287671,34,146,58,51,3,-78,0.4,False
4496,1OM2,A,95,4528,1DC8,A,123,0.2595419847328244,34,131,53,36,8,-63,0.4,False
4496,1OM2,A,95,4553,1DGQ,A,188,0.2412060301507537,48,199,36,104,11,-103,0.4,False
4496,1OM2,A,95,4566,1L6U,A,108,0.25,31,124,48,29,16,-62,0.4,False
4496,1OM2,A,95,4574,1D4B,A,122,0.2578125,33,128,56,33,6,-62,0.4,False
4496,1OM2,A,95,4577,1C05,A,159,0.2484848484848484,41,165,48,70,6,-83,0.4,False
4496,1OM2,A,95,4636,1F2H,A,169,0.2383720930232558,41,172,51,77,3,-90,0.4,False
4496,1OM2,A,95,4641,1FO7,A,107,0.2100840336134453,25,119,58,24,12,-69,0.4,False
4496,1OM2,A,95,4648,1FZT,A,211,0.2304147465437788,50,217,39,122,6,-117,0.4,False
4496,1OM2,A,95,4649,1G03,A,134,0.2335766423357664,32,137,60,42,3,-73,0.4,False
4496,1OM2,A,95,4664,1JZU,A,157,0.2545454545454545,42,165,45,70,8,-81,0.4,False
4496,1OM2,A,95,4668,1IX5,A,151,0.2532467532467532,39,154,53,59,3,-76,0.4,False
4496,1OM2,A,95,4688,1ILY,A,90,0.2788461538461538,29,104,52,9,14,-46,0.4,False
4496,1OM2,A,95,4697,1D1N,A,99,0.2342342342342342,26,111,57,16,12,-59,0.4,False
4496,1OM2,A,95,4700,1CF4,A,184,0.2204301075268817,41,186,52,91,2,-104,0.4,False
4496,1OM2,A,95,4701,1D9S,A,136,0.2394366197183098,34,142,55,47,6,-74,0.4,False
4496,1OM2,A,95,4706,1CX1,A,153,0.2469135802469135,40,162,46,67,9,-82,0.4,False
4496,1OM2,A,95,4716,1N4C,A,182,0.2131147540983606,39,183,55,88,1,-105,0.4,False
4496,1OM2,A,95,4717,1F7W,A,144,0.25,38,152,49,57,8,-76,0.4,False
4496,1OM2,A,95,4735,1JYT,A,163,0.2603550295857988,44,169,45,74,6,-81,0.4,False
4496,1OM2,A,95,4751,1IVM,A,130,0.2074074074074074,28,135,62,40,5,-79,0.4,False
4496,1OM2,A,95,4775,1DUJ,A,187,0.2421052631578947,46,190,46,95,3,-98,0.4,False
4496,1OM2,A,95,4779,1PLO,A,122,0.2325581395348837,30,129,58,34,7,-69,0.4,False
4496,1OM2,A,95,4791,1JR6,A,138,0.2483221476510067,37,149,47,54,11,-75,0.4,False
4496,1OM2,A,95,4797,1KD6,A,179,0.2311827956989247,43,186,45,91,7,-100,0.4,False
4496,1OM2,A,95,4814,1LS4,A,164,0.2571428571428571,45,175,39,80,11,-85,0.4,False
4496,1OM2,A,95,4825,1M58,A,106,0.2393162393162393,28,117,56,22,11,-61,0.4,False
4496,1OM2,A,95,4841,1E91,A,85,0.2403846153846154,25,104,51,9,19,-54,0.4,False
4497,7HSC,A,159,4510,1CXW,A,60,0.186335403726708,30,161,28,2,101,-101,0.4,False
4497,7HSC,A,159,4514,1D2L,A,45,0.1614906832298136,26,161,17,2,116,-109,0.4,False
4497,7HSC,A,159,4516,1D5G,A,96,0.2424242424242424,40,165,50,6,69,-85,0.4,False
4497,7HSC,A,159,4524,1DAQ,A,71,0.2236024844720497,36,161,33,2,90,-89,0.4,False
4497,7HSC,A,159,4540,1NLA,A,53,0.1851851851851851,30,162,20,3,109,-102,0.4,False
4497,7HSC,A,159,4579,1HYI,A,65,0.1698113207547169,27,159,38,0,94,-105,0.4,False
4497,7HSC,A,159,4583,1DOQ,A,69,0.2360248447204969,38,161,29,2,92,-85,0.4,False
4497,7HSC,A,159,4584,1DP3,A,55,0.2012578616352201,32,159,23,0,104,-95,0.4,False
4497,7HSC,A,159,4588,1ED7,A,45,0.15625,25,160,19,1,115,-110,0.4,False
4497,7HSC,A,159,4589,1EHX,A,94,0.2621951219512195,43,164,46,5,70,-78,0.4,False
4497,7HSC,A,159,4593,1EOQ,A,77,0.2195121951219512,36,164,36,5,87,-92,0.4,False
4497,7HSC,A,159,4602,1DO9,A,94,0.2484848484848484,41,165,47,6,71,-83,0.4,False
4497,7HSC,A,159,4603,1DV5,A,80,0.2378048780487804,39,164,36,5,84,-86,0.4,False
4497,7HSC,A,159,4619,1E0E,A,47,0.1677018633540372,27,161,18,2,114,-107,0.4,False
4497,7HSC,A,159,4621,1E4U,A,78,0.2222222222222222,36,162,39,3,84,-90,0.4,False
4497,7HSC,A,159,4622,1E52,A,56,0.1761006289308176,28,159,28,0,103,-103,0.4,False
4497,7HSC,A,159,4637,1F43,A,61,0.191358024691358,31,162,27,3,101,-100,0.4,False
4497,7HSC,A,159,4661,1C15,A,97,0.2298136645962732,37,161,58,2,64,-87,0.4,False
4497,7HSC,A,159,4666,1DCZ,A,77,0.23125,37,160,39,1,83,-86,0.4,False
4497,7HSC,A,159,4677,1EXK,A,79,0.2121212121212121,35,165,38,6,86,-95,0.4,False
4497,7HSC,A,159,4721,1D8J,A,81,0.225,36,160,44,1,79,-88,0.4,False
4497,7HSC,A,159,4740,1GH9,A,71,0.2,32,160,38,1,89,-96,0.4,False
4497,7HSC,A,159,4752,1J9I,A,68,0.2375,38,160,29,1,92,-84,0.4,False
4497,7HSC,A,159,4757,1DV0,A,45,0.16875,27,160,17,1,115,-106,0.4,False
4497,7HSC,A,159,4759,1QPU,A,106,0.2484848484848484,41,165,59,6,59,-83,0.4,False
4497,7HSC,A,159,4771,1S62,A,102,0.2363636363636363,39,165,57,6,63,-87,0.4,False
4497,7HSC,A,159,4781,1F6U,A,55,0.186335403726708,30,161,23,2,106,-101,0.4,False
4497,7HSC,A,159,4792,2AN7,A,83,0.2392638036809816,39,163,40,4,80,-85,0.4,False
4497,7HSC,A,159,4829,1JXS,A,98,0.2392638036809816,39,163,55,4,65,-85,0.4,False
4497,7HSC,A,159,4833,1G6E,A,87,0.2195121951219512,36,164,46,5,77,-92,0.4,False
4510,1CXW,A,60,4519,1D7Q,A,143,0.1888111888111888,27,143,33,83,0,-89,0.4,False
4510,1CXW,A,60,4528,1DC8,A,123,0.1746031746031746,22,126,35,66,3,-82,0.4,False
4510,1CXW,A,60,4553,1DGQ,A,188,0.175531914893617,33,188,27,128,0,-122,0.4,False
4510,1CXW,A,60,4566,1L6U,A,108,0.1944444444444444,21,108,39,48,0,-66,0.4,False
4510,1CXW,A,60,4574,1D4B,A,122,0.1935483870967742,24,124,34,64,2,-76,0.4,False
4510,1CXW,A,60,4577,1C05,A,159,0.1875,30,160,29,100,1,-100,0.4,False
4510,1CXW,A,60,4636,1F2H,A,169,0.1538461538461538,26,169,34,109,0,-117,0.4,False
4510,1CXW,A,60,4641,1FO7,A,107,0.2035398230088495,23,113,31,53,6,-67,0.4,False
4510,1CXW,A,60,4648,1FZT,A,211,0.1650943396226415,35,212,24,152,1,-142,0.4,False
4510,1CXW,A,60,4649,1G03,A,134,0.1838235294117647,25,136,33,76,2,-86,0.4,False
4510,1CXW,A,60,4664,1JZU,A,157,0.1847133757961783,29,157,31,97,0,-99,0.4,False
4510,1CXW,A,60,4668,1IX5,A,151,0.1788079470198675,27,151,33,91,0,-97,0.4,False
4510,1CXW,A,60,4688,1ILY,A,90,0.2127659574468085,20,94,36,34,4,-54,0.4,False
4510,1CXW,A,60,4697,1D1N,A,99,0.2277227722772277,23,101,35,41,2,-55,0.4,False
4510,1CXW,A,60,4700,1CF4,A,184,0.1837837837837838,34,185,25,125,1,-117,0.4,False
4510,1CXW,A,60,4701,1D9S,A,136,0.1956521739130435,27,138,31,78,2,-84,0.4,False
4510,1CXW,A,60,4706,1CX1,A,153,0.2179487179487179,34,156,23,96,3,-88,0.4,False
4510,1CXW,A,60,4716,1N4C,A,182,0.1793478260869565,33,184,25,124,2,-118,0.4,False
4510,1CXW,A,60,4717,1F7W,A,144,0.1946308724832214,29,149,26,89,5,-91,0.4,False
4510,1CXW,A,60,4735,1JYT,A,163,0.1840490797546012,30,163,30,103,0,-103,0.4,False
4510,1CXW,A,60,4751,1IVM,A,130,0.1954887218045112,26,133,31,73,3,-81,0.4,False
4510,1CXW,A,60,4775,1DUJ,A,187,0.1764705882352941,33,187,27,127,0,-121,0.4,False
4510,1CXW,A,60,4779,1PLO,A,122,0.224,28,125,29,65,3,-69,0.4,False
4510,1CXW,A,60,4791,1JR6,A,138,0.2142857142857142,30,140,28,80,2,-80,0.4,False
4510,1CXW,A,60,4797,1KD6,A,179,0.1833333333333333,33,180,26,120,1,-114,0.4,False
4510,1CXW,A,60,4814,1LS4,A,164,0.1515151515151515,25,165,34,105,1,-115,0.4,False
4510,1CXW,A,60,4825,1M58,A,106,0.205607476635514,22,107,37,47,1,-63,0.4,False
4510,1CXW,A,60,4841,1E91,A,85,0.2528735632183908,22,87,36,27,2,-43,0.4,False
4514,1D2L,A,45,4519,1D7Q,A,143,0.1875,27,144,17,99,1,-90,0.4,False
4514,1D2L,A,45,4528,1DC8,A,123,0.192,24,125,19,80,2,-77,0.4,False
4514,1D2L,A,45,4553,1DGQ,A,188,0.1382978723404255,26,188,19,143,0,-136,0.4,False
4514,1D2L,A,45,4566,1L6U,A,108,0.1981981981981982,22,111,20,66,3,-67,0.4,False
4514,1D2L,A,45,4574,1D4B,A,122,0.192,24,125,18,80,3,-77,0.4,False
4514,1D2L,A,45,4577,1C05,A,159,0.15625,25,160,19,115,1,-110,0.4,False
4514,1D2L,A,45,4636,1F2H,A,169,0.1597633136094674,27,169,18,124,0,-115,0.4,False
4514,1D2L,A,45,4641,1FO7,A,107,0.1743119266055046,19,109,24,64,2,-71,0.4,False
4514,1D2L,A,45,4648,1FZT,A,211,0.1279620853080568,27,211,18,166,0,-157,0.4,False
4514,1D2L,A,45,4649,1G03,A,134,0.1777777777777777,24,135,20,90,1,-87,0.4,False
4514,1D2L,A,45,4664,1JZU,A,157,0.1401273885350318,22,157,23,112,0,-113,0.4,False
4514,1D2L,A,45,4668,1IX5,A,151,0.1699346405228758,26,153,17,108,2,-101,0.4,False
4514,1D2L,A,45,4688,1ILY,A,90,0.1612903225806451,15,93,27,48,3,-63,0.4,False
4514,1D2L,A,45,4697,1D1N,A,99,0.21,21,100,23,55,1,-58,0.4,False
4514,1D2L,A,45,4700,1CF4,A,184,0.1358695652173913,25,184,20,139,0,-134,0.4,False
4514,1D2L,A,45,4701,1D9S,A,136,0.1838235294117647,25,136,20,91,0,-86,0.4,False
4514,1D2L,A,45,4706,1CX1,A,153,0.1558441558441558,24,154,20,109,1,-106,0.4,False
4514,1D2L,A,45,4716,1N4C,A,182,0.1584699453551912,29,183,15,138,1,-125,0.4,False
4514,1D2L,A,45,4717,1F7W,A,144,0.1496598639455782,22,147,20,102,3,-103,0.4,False
4514,1D2L,A,45,4735,1JYT,A,163,0.1646341463414634,27,164,17,119,1,-110,0.4,False
4514,1D2L,A,45,4751,1IVM,A,130,0.1893939393939394,25,132,18,87,2,-82,0.4,False
4514,1D2L,A,45,4775,1DUJ,A,187,0.1489361702127659,28,188,16,143,1,-132,0.4,False
4514,1D2L,A,45,4779,1PLO,A,122,0.1885245901639344,23,122,22,77,0,-76,0.4,False
4514,1D2L,A,45,4791,1JR6,A,138,0.181159420289855,25,138,20,93,0,-88,0.4,False
4514,1D2L,A,45,4797,1KD6,A,179,0.1333333333333333,24,180,20,135,1,-132,0.4,False
4514,1D2L,A,45,4814,1LS4,A,164,0.1566265060240964,26,166,17,121,2,-114,0.4,False
4514,1D2L,A,45,4825,1M58,A,106,0.1759259259259259,19,108,24,63,2,-70,0.4,False
4514,1D2L,A,45,4841,1E91,A,85,0.1847826086956521,17,92,21,47,7,-58,0.4,False
4516,1D5G,A,96,4519,1D7Q,A,143,0.2465753424657534,36,146,57,50,3,-74,0.4,False
4516,1D5G,A,96,4528,1DC8,A,123,0.2611940298507462,35,134,50,38,11,-64,0.4,False
4516,1D5G,A,96,4553,1DGQ,A,188,0.225130890052356,43,191,50,95,3,-105,0.4,False
4516,1D5G,A,96,4566,1L6U,A,108,0.2459016393442623,30,122,52,26,14,-62,0.4,False
4516,1D5G,A,96,4574,1D4B,A,122,0.2978723404255319,42,141,35,45,19,-57,0.4,False
4516,1D5G,A,96,4577,1C05,A,159,0.2349397590361445,39,166,50,70,7,-88,0.4,False
4516,1D5G,A,96,4636,1F2H,A,169,0.2443181818181818,43,176,46,80,7,-90,0.4,False
4516,1D5G,A,96,4641,1FO7,A,107,0.1982758620689655,23,116,64,20,9,-70,0.4,False
4516,1D5G,A,96,4648,1FZT,A,211,0.2558139534883721,55,215,37,119,4,-105,0.4,False
4516,1D5G,A,96,4649,1G03,A,134,0.2262773722627737,31,137,62,41,3,-75,0.4,False
4516,1D5G,A,96,4664,1JZU,A,157,0.2590361445783132,43,166,44,70,9,-80,0.4,False
4516,1D5G,A,96,4668,1IX5,A,151,0.270440251572327,43,159,45,63,8,-73,0.4,False
4516,1D5G,A,96,4688,1ILY,A,90,0.2596153846153846,27,104,55,8,14,-50,0.4,False
4516,1D5G,A,96,4697,1D1N,A,99,0.3008849557522124,34,113,48,17,14,-45,0.4,False
4516,1D5G,A,96,4700,1CF4,A,184,0.2204301075268817,41,186,53,90,2,-104,0.4,False
4516,1D5G,A,96,4701,1D9S,A,136,0.2482269503546099,35,141,56,45,5,-71,0.4,False
4516,1D5G,A,96,4706,1CX1,A,153,0.2848101265822785,45,158,46,62,5,-68,0.4,False
4516,1D5G,A,96,4716,1N4C,A,182,0.2287234042553191,43,188,47,92,6,-102,0.4,False
4516,1D5G,A,96,4717,1F7W,A,144,0.26,39,150,51,54,6,-72,0.4,False
4516,1D5G,A,96,4735,1JYT,A,163,0.2261904761904762,38,168,53,72,5,-92,0.4,False
4516,1D5G,A,96,4751,1IVM,A,130,0.2313432835820895,31,134,61,38,4,-72,0.4,False
4516,1D5G,A,96,4775,1DUJ,A,187,0.2371134020618556,46,194,43,98,7,-102,0.4,False
4516,1D5G,A,96,4779,1PLO,A,122,0.2047244094488189,26,127,65,31,5,-75,0.4,False
4516,1D5G,A,96,4791,1JR6,A,138,0.2602739726027397,38,146,50,50,8,-70,0.4,False
4516,1D5G,A,96,4797,1KD6,A,179,0.2539682539682539,48,189,38,93,10,-93,0.4,False
4516,1D5G,A,96,4814,1LS4,A,164,0.2409638554216867,40,166,54,70,2,-86,0.4,False
4516,1D5G,A,96,4825,1M58,A,106,0.225,27,120,55,24,14,-66,0.4,False
4516,1D5G,A,96,4841,1E91,A,85,0.308411214953271,33,107,41,11,22,-41,0.4,False
4519,1D7Q,A,143,4524,1DAQ,A,71,0.2465753424657534,36,146,32,3,75,-74,0.4,False
4519,1D7Q,A,143,4540,1NLA,A,53,0.1958041958041958,28,143,25,0,90,-87,0.4,False
4519,1D7Q,A,143,4579,1HYI,A,65,0.2133333333333333,32,150,26,7,85,-86,0.4,False
4519,1D7Q,A,143,4583,1DOQ,A,69,0.2432432432432432,36,148,28,5,79,-76,0.4,False
4519,1D7Q,A,143,4584,1DP3,A,55,0.1655172413793103,24,145,29,2,90,-97,0.4,False
4519,1D7Q,A,143,4588,1ED7,A,45,0.1517241379310344,22,145,21,2,100,-101,0.4,False
4519,1D7Q,A,143,4589,1EHX,A,94,0.2229729729729729,33,148,56,5,54,-82,0.4,False
4519,1D7Q,A,143,4593,1EOQ,A,77,0.2176870748299319,32,147,41,4,70,-83,0.4,False
4519,1D7Q,A,143,4602,1DO9,A,94,0.2206896551724138,32,145,60,2,51,-81,0.4,False
4519,1D7Q,A,143,4603,1DV5,A,80,0.2266666666666666,34,150,39,7,70,-82,0.4,False
4519,1D7Q,A,143,4619,1E0E,A,47,0.1666666666666666,24,144,22,1,97,-96,0.4,False
4519,1D7Q,A,143,4621,1E4U,A,78,0.2068965517241379,30,145,46,2,67,-85,0.4,False
4519,1D7Q,A,143,4622,1E52,A,56,0.1736111111111111,25,144,30,1,88,-94,0.4,False
4519,1D7Q,A,143,4637,1F43,A,61,0.2083333333333333,30,144,30,1,83,-84,0.4,False
4519,1D7Q,A,143,4661,1C15,A,97,0.2397260273972602,35,146,59,3,49,-76,0.4,False
4519,1D7Q,A,143,4666,1DCZ,A,77,0.2533333333333333,38,150,32,7,73,-74,0.4,False
4519,1D7Q,A,143,4677,1EXK,A,79,0.1958041958041958,28,143,51,0,64,-87,0.4,False
4519,1D7Q,A,143,4721,1D8J,A,81,0.2229729729729729,33,148,43,5,67,-82,0.4,False
4519,1D7Q,A,143,4740,1GH9,A,71,0.2206896551724138,32,145,37,2,74,-81,0.4,False
4519,1D7Q,A,143,4752,1J9I,A,68,0.2482758620689655,36,145,30,2,77,-73,0.4,False
4519,1D7Q,A,143,4757,1DV0,A,45,0.2,29,145,14,2,100,-87,0.4,False
4519,1D7Q,A,143,4759,1QPU,A,106,0.2397260273972602,35,146,68,3,40,-76,0.4,False
4519,1D7Q,A,143,4771,1S62,A,102,0.2517006802721088,37,147,61,4,45,-73,0.4,False
4519,1D7Q,A,143,4781,1F6U,A,55,0.1958041958041958,28,143,27,0,88,-87,0.4,False
4519,1D7Q,A,143,4792,2AN7,A,83,0.2244897959183673,33,147,46,4,64,-81,0.4,False
4519,1D7Q,A,143,4829,1JXS,A,98,0.2207792207792207,34,154,53,11,56,-86,0.4,False
4519,1D7Q,A,143,4833,1G6E,A,87,0.25,37,148,45,5,61,-74,0.4,False
4524,1DAQ,A,71,4528,1DC8,A,123,0.232,29,125,40,54,2,-67,0.4,False
4524,1DAQ,A,71,4553,1DGQ,A,188,0.233160621761658,45,193,21,122,5,-103,0.4,False
4524,1DAQ,A,71,4566,1L6U,A,108,0.2432432432432432,27,111,41,40,3,-57,0.4,False
4524,1DAQ,A,71,4574,1D4B,A,122,0.2538461538461538,33,130,30,59,8,-64,0.4,False
4524,1DAQ,A,71,4577,1C05,A,159,0.2345679012345679,38,162,30,91,3,-86,0.4,False
4524,1DAQ,A,71,4636,1F2H,A,169,0.2058823529411764,35,170,35,99,1,-100,0.4,False
4524,1DAQ,A,71,4641,1FO7,A,107,0.2018348623853211,22,109,47,38,2,-65,0.4,False
4524,1DAQ,A,71,4648,1FZT,A,211,0.2169811320754717,46,212,24,141,1,-120,0.4,False
4524,1DAQ,A,71,4649,1G03,A,134,0.2335766423357664,32,137,36,66,3,-73,0.4,False
4524,1DAQ,A,71,4664,1JZU,A,157,0.2111801242236025,34,161,33,90,4,-93,0.4,False
4524,1DAQ,A,71,4668,1IX5,A,151,0.2292993630573248,36,157,29,86,6,-85,0.4,False
4524,1DAQ,A,71,4688,1ILY,A,90,0.2553191489361702,24,94,43,23,4,-46,0.4,False
4524,1DAQ,A,71,4697,1D1N,A,99,0.284313725490196,29,102,39,31,3,-44,0.4,False
4524,1DAQ,A,71,4700,1CF4,A,184,0.2150537634408602,40,186,29,115,2,-106,0.4,False
4524,1DAQ,A,71,4701,1D9S,A,136,0.2230215827338129,31,139,37,68,3,-77,0.4,False
4524,1DAQ,A,71,4706,1CX1,A,153,0.2193548387096774,34,155,35,84,2,-87,0.4,False
4524,1DAQ,A,71,4716,1N4C,A,182,0.2010869565217391,37,184,32,113,2,-110,0.4,False
4524,1DAQ,A,71,4717,1F7W,A,144,0.2152777777777778,31,144,40,73,0,-82,0.4,False
4524,1DAQ,A,71,4735,1JYT,A,163,0.2469879518072289,41,166,27,95,3,-84,0.4,False
4524,1DAQ,A,71,4751,1IVM,A,130,0.25,34,136,31,65,6,-68,0.4,False
4524,1DAQ,A,71,4775,1DUJ,A,187,0.2105263157894736,40,190,28,119,3,-110,0.4,False
4524,1DAQ,A,71,4779,1PLO,A,122,0.21875,28,128,37,57,6,-72,0.4,False
4524,1DAQ,A,71,4791,1JR6,A,138,0.2394366197183098,34,142,33,71,4,-74,0.4,False
4524,1DAQ,A,71,4797,1KD6,A,179,0.2282608695652173,42,184,24,113,5,-100,0.4,False
4524,1DAQ,A,71,4814,1LS4,A,164,0.1976047904191616,33,167,35,96,3,-101,0.4,False
4524,1DAQ,A,71,4825,1M58,A,106,0.2792792792792792,31,111,35,40,5,-49,0.4,False
4524,1DAQ,A,71,4841,1E91,A,85,0.2413793103448276,21,87,48,16,2,-45,0.4,False
4528,1DC8,A,123,4540,1NLA,A,53,0.1935483870967742,24,124,28,1,71,-76,0.4,False
4528,1DC8,A,123,4579,1HYI,A,65,0.1984126984126984,25,126,37,3,61,-76,0.4,False
4528,1DC8,A,123,4583,1DOQ,A,69,0.2419354838709677,30,124,38,1,55,-64,0.4,False
4528,1DC8,A,123,4584,1DP3,A,55,0.2142857142857142,27,126,25,3,71,-72,0.4,False
4528,1DC8,A,123,4588,1ED7,A,45,0.192,24,125,19,2,80,-77,0.4,False
4528,1DC8,A,123,4589,1EHX,A,94,0.2635658914728682,34,129,54,6,35,-61,0.4,False
4528,1DC8,A,123,4593,1EOQ,A,77,0.2362204724409448,30,127,43,4,50,-67,0.4,False
4528,1DC8,A,123,4602,1DO9,A,94,0.2272727272727272,30,132,55,9,38,-72,0.4,False
4528,1DC8,A,123,4603,1DV5,A,80,0.2857142857142857,36,126,41,3,46,-54,0.4,False
4528,1DC8,A,123,4619,1E0E,A,47,0.1653543307086614,21,127,22,4,80,-85,0.4,False
4528,1DC8,A,123,4621,1E4U,A,78,0.2301587301587301,29,126,46,3,48,-68,0.4,False
4528,1DC8,A,123,4622,1E52,A,56,0.2,25,125,29,2,69,-75,0.4,False
4528,1DC8,A,123,4637,1F43,A,61,0.1788617886178861,22,123,39,0,62,-79,0.4,False
4528,1DC8,A,123,4661,1C15,A,97,0.2700729927007299,37,137,46,14,40,-63,0.4,False
4528,1DC8,A,123,4666,1DCZ,A,77,0.2537313432835821,34,134,32,11,57,-66,0.4,False
4528,1DC8,A,123,4677,1EXK,A,79,0.2204724409448819,28,127,47,4,48,-71,0.4,False
4528,1DC8,A,123,4721,1D8J,A,81,0.2480620155038759,32,129,43,6,48,-65,0.4,False
4528,1DC8,A,123,4740,1GH9,A,71,0.2063492063492063,26,126,42,3,55,-74,0.4,False
4528,1DC8,A,123,4752,1J9I,A,68,0.2301587301587301,29,126,36,3,58,-68,0.4,False
4528,1DC8,A,123,4757,1DV0,A,45,0.1869918699186991,23,123,22,0,78,-77,0.4,False
4528,1DC8,A,123,4759,1QPU,A,106,0.2611940298507462,35,134,60,11,28,-64,0.4,False
4528,1DC8,A,123,4771,1S62,A,102,0.25,32,128,65,5,26,-64,0.4,False
4528,1DC8,A,123,4781,1F6U,A,55,0.192,24,125,29,2,70,-77,0.4,False
4528,1DC8,A,123,4792,2AN7,A,83,0.2790697674418604,36,129,41,6,46,-57,0.4,False
4528,1DC8,A,123,4829,1JXS,A,98,0.2164179104477611,29,134,58,11,36,-76,0.4,False
4528,1DC8,A,123,4833,1G6E,A,87,0.2651515151515151,35,132,43,9,45,-62,0.4,False
4540,1NLA,A,53,4553,1DGQ,A,188,0.1842105263157894,35,190,16,137,2,-120,0.4,False
4540,1NLA,A,53,4566,1L6U,A,108,0.1981981981981982,22,111,28,58,3,-67,0.4,False
4540,1NLA,A,53,4574,1D4B,A,122,0.221311475409836,27,122,26,69,0,-68,0.4,False
4540,1NLA,A,53,4577,1C05,A,159,0.2012578616352201,32,159,21,106,0,-95,0.4,False
4540,1NLA,A,53,4636,1F2H,A,169,0.1705882352941176,29,170,23,117,1,-112,0.4,False
4540,1NLA,A,53,4641,1FO7,A,107,0.2407407407407407,26,108,26,55,1,-56,0.4,False
4540,1NLA,A,53,4648,1FZT,A,211,0.1516587677725118,32,211,21,158,0,-147,0.4,False
4540,1NLA,A,53,4649,1G03,A,134,0.1985294117647058,27,136,24,83,2,-82,0.4,False
4540,1NLA,A,53,4664,1JZU,A,157,0.197452229299363,31,157,22,104,0,-95,0.4,False
4540,1NLA,A,53,4668,1IX5,A,151,0.2,31,155,18,102,4,-93,0.4,False
4540,1NLA,A,53,4688,1ILY,A,90,0.2282608695652173,21,92,30,39,2,-50,0.4,False
4540,1NLA,A,53,4697,1D1N,A,99,0.2323232323232323,23,99,30,46,0,-53,0.4,False
4540,1NLA,A,53,4700,1CF4,A,184,0.1675675675675675,31,185,21,132,1,-123,0.4,False
4540,1NLA,A,53,4701,1D9S,A,136,0.1897810218978102,26,137,26,84,1,-85,0.4,False
4540,1NLA,A,53,4706,1CX1,A,153,0.1818181818181818,28,154,24,101,1,-98,0.4,False
4540,1NLA,A,53,4716,1N4C,A,182,0.1593406593406593,29,182,24,129,0,-124,0.4,False
4540,1NLA,A,53,4717,1F7W,A,144,0.1793103448275862,26,145,26,92,1,-93,0.4,False
4540,1NLA,A,53,4735,1JYT,A,163,0.1867469879518072,31,166,19,113,3,-104,0.4,False
4540,1NLA,A,53,4751,1IVM,A,130,0.1804511278195488,24,133,26,80,3,-85,0.4,False
4540,1NLA,A,53,4775,1DUJ,A,187,0.175531914893617,33,188,19,135,1,-122,0.4,False
4540,1NLA,A,53,4779,1PLO,A,122,0.1869918699186991,23,123,29,70,1,-77,0.4,False
4540,1NLA,A,53,4791,1JR6,A,138,0.1843971631205673,26,141,24,88,3,-89,0.4,False
4540,1NLA,A,53,4797,1KD6,A,179,0.1777777777777777,32,180,20,127,1,-116,0.4,False
4540,1NLA,A,53,4814,1LS4,A,164,0.1646341463414634,27,164,26,111,0,-110,0.4,False
4540,1NLA,A,53,4825,1M58,A,106,0.2018348623853211,22,109,28,56,3,-65,0.4,False
4540,1NLA,A,53,4841,1E91,A,85,0.2209302325581395,19,86,33,33,1,-48,0.4,False
4553,1DGQ,A,188,4579,1HYI,A,65,0.1693121693121693,32,189,32,1,124,-125,0.4,False
4553,1DGQ,A,188,4583,1DOQ,A,69,0.2222222222222222,42,189,26,1,120,-105,0.4,False
4553,1DGQ,A,188,4584,1DP3,A,55,0.1832460732984293,35,191,17,3,136,-121,0.4,False
4553,1DGQ,A,188,4588,1ED7,A,45,0.1473684210526315,28,190,15,2,145,-134,0.4,False
4553,1DGQ,A,188,4589,1EHX,A,94,0.2268041237113402,44,194,44,6,100,-106,0.4,False
4553,1DGQ,A,188,4593,1EOQ,A,77,0.2052631578947368,39,190,36,2,113,-112,0.4,False
4553,1DGQ,A,188,4602,1DO9,A,94,0.2408376963350785,46,191,45,3,97,-99,0.4,False
4553,1DGQ,A,188,4603,1DV5,A,80,0.2239583333333333,43,192,33,4,112,-106,0.4,False
4553,1DGQ,A,188,4619,1E0E,A,47,0.1534391534391534,29,189,17,1,142,-131,0.4,False
4553,1DGQ,A,188,4621,1E4U,A,78,0.1957671957671957,37,189,40,1,111,-115,0.4,False
4553,1DGQ,A,188,4622,1E52,A,56,0.1693121693121693,32,189,23,1,133,-125,0.4,False
4553,1DGQ,A,188,4637,1F43,A,61,0.1587301587301587,30,189,30,1,128,-129,0.4,False
4553,1DGQ,A,188,4661,1C15,A,97,0.234375,45,192,48,4,95,-102,0.4,False
4553,1DGQ,A,188,4666,1DCZ,A,77,0.202127659574468,38,188,39,0,111,-112,0.4,False
4553,1DGQ,A,188,4677,1EXK,A,79,0.1587301587301587,30,189,48,1,110,-129,0.4,False
4553,1DGQ,A,188,4721,1D8J,A,81,0.2279792746113989,44,193,32,5,112,-105,0.4,False
4553,1DGQ,A,188,4740,1GH9,A,71,0.1947368421052631,37,190,32,2,119,-116,0.4,False
4553,1DGQ,A,188,4752,1J9I,A,68,0.1884816753926701,36,191,29,3,123,-119,0.4,False
4553,1DGQ,A,188,4757,1DV0,A,45,0.1436170212765957,27,188,18,0,143,-134,0.4,False
4553,1DGQ,A,188,4759,1QPU,A,106,0.2628865979381443,51,194,49,6,88,-92,0.4,False
4553,1DGQ,A,188,4771,1S62,A,102,0.2275132275132275,43,189,58,1,87,-103,0.4,False
4553,1DGQ,A,188,4781,1F6U,A,55,0.1648936170212765,31,188,24,0,133,-126,0.4,False
4553,1DGQ,A,188,4792,2AN7,A,83,0.231578947368421,44,190,37,2,107,-102,0.4,False
4553,1DGQ,A,188,4829,1JXS,A,98,0.2222222222222222,42,189,55,1,91,-105,0.4,False
4553,1DGQ,A,188,4833,1G6E,A,87,0.2010309278350515,39,194,42,6,107,-116,0.4,False
4566,1L6U,A,108,4579,1HYI,A,65,0.2201834862385321,24,109,40,1,44,-61,0.4,False
4566,1L6U,A,108,4583,1DOQ,A,69,0.2478632478632478,29,117,31,9,48,-59,0.4,False
4566,1L6U,A,108,4584,1DP3,A,55,0.2385321100917431,26,109,28,1,54,-57,0.4,False
4566,1L6U,A,108,4588,1ED7,A,45,0.2,22,110,21,2,65,-66,0.4,False
4566,1L6U,A,108,4589,1EHX,A,94,0.2605042016806723,31,119,52,11,25,-57,0.4,False
4566,1L6U,A,108,4593,1EOQ,A,77,0.2456140350877192,28,114,43,6,37,-58,0.4,False
4566,1L6U,A,108,4602,1DO9,A,94,0.2521008403361344,30,119,53,11,25,-59,0.4,False
4566,1L6U,A,108,4603,1DV5,A,80,0.2719298245614035,31,114,43,6,34,-52,0.4,False
4566,1L6U,A,108,4619,1E0E,A,47,0.1926605504587156,21,109,25,1,62,-67,0.4,False
4566,1L6U,A,108,4621,1E4U,A,78,0.2389380530973451,27,113,46,5,35,-59,0.4,False
4566,1L6U,A,108,4622,1E52,A,56,0.2181818181818181,24,110,30,2,54,-62,0.4,False
4566,1L6U,A,108,4637,1F43,A,61,0.2142857142857142,24,112,33,4,51,-64,0.4,False
4566,1L6U,A,108,4661,1C15,A,97,0.2307692307692307,27,117,61,9,20,-63,0.4,False
4566,1L6U,A,108,4666,1DCZ,A,77,0.2321428571428571,26,112,47,4,35,-60,0.4,False
4566,1L6U,A,108,4677,1EXK,A,79,0.2232142857142857,25,112,50,4,33,-62,0.4,False
4566,1L6U,A,108,4721,1D8J,A,81,0.2644628099173554,32,121,36,13,40,-57,0.4,False
4566,1L6U,A,108,4740,1GH9,A,71,0.247787610619469,28,113,38,5,42,-57,0.4,False
4566,1L6U,A,108,4752,1J9I,A,68,0.2162162162162162,24,111,41,3,43,-63,0.4,False
4566,1L6U,A,108,4757,1DV0,A,45,0.2201834862385321,24,109,20,1,64,-61,0.4,False
4566,1L6U,A,108,4759,1QPU,A,106,0.2241379310344827,26,116,72,8,10,-64,0.4,False
4566,1L6U,A,108,4771,1S62,A,102,0.2666666666666666,36,135,39,27,33,-63,0.4,False
4566,1L6U,A,108,4781,1F6U,A,55,0.2105263157894736,24,114,25,6,59,-66,0.4,False
4566,1L6U,A,108,4792,2AN7,A,83,0.247787610619469,28,113,50,5,30,-57,0.4,False
4566,1L6U,A,108,4829,1JXS,A,98,0.2203389830508474,26,118,62,10,20,-66,0.4,False
4566,1L6U,A,108,4833,1G6E,A,87,0.2288135593220339,27,118,50,10,31,-64,0.4,False
4574,1D4B,A,122,4579,1HYI,A,65,0.2222222222222222,28,126,33,4,61,-70,0.4,False
4574,1D4B,A,122,4583,1DOQ,A,69,0.232,29,125,37,3,56,-67,0.4,False
4574,1D4B,A,122,4584,1DP3,A,55,0.1967213114754098,24,122,31,0,67,-74,0.4,False
4574,1D4B,A,122,4588,1ED7,A,45,0.1788617886178861,22,123,22,1,78,-79,0.4,False
4574,1D4B,A,122,4589,1EHX,A,94,0.2598425196850393,33,127,56,5,33,-61,0.4,False
4574,1D4B,A,122,4593,1EOQ,A,77,0.2290076335877862,30,131,38,9,54,-71,0.4,False
4574,1D4B,A,122,4602,1DO9,A,94,0.2153846153846154,28,130,58,8,36,-74,0.4,False
4574,1D4B,A,122,4603,1DV5,A,80,0.2366412213740458,31,131,40,9,51,-69,0.4,False
4574,1D4B,A,122,4619,1E0E,A,47,0.1639344262295081,20,122,27,0,75,-82,0.4,False
4574,1D4B,A,122,4621,1E4U,A,78,0.2170542635658914,28,129,43,7,51,-73,0.4,False
4574,1D4B,A,122,4622,1E52,A,56,0.1885245901639344,23,122,33,0,66,-76,0.4,False
4574,1D4B,A,122,4637,1F43,A,61,0.2113821138211382,26,123,34,1,62,-71,0.4,False
4574,1D4B,A,122,4661,1C15,A,97,0.2442748091603053,32,131,56,9,34,-67,0.4,False
4574,1D4B,A,122,4666,1DCZ,A,77,0.2578125,33,128,38,6,51,-62,0.4,False
4574,1D4B,A,122,4677,1EXK,A,79,0.2,25,125,51,3,46,-75,0.4,False
4574,1D4B,A,122,4721,1D8J,A,81,0.238095238095238,30,126,47,4,45,-66,0.4,False
4574,1D4B,A,122,4740,1GH9,A,71,0.2357723577235772,29,123,41,1,52,-65,0.4,False
4574,1D4B,A,122,4752,1J9I,A,68,0.208,26,125,39,3,57,-73,0.4,False
4574,1D4B,A,122,4757,1DV0,A,45,0.1707317073170731,21,123,23,1,78,-81,0.4,False
4574,1D4B,A,122,4759,1QPU,A,106,0.2777777777777778,40,144,44,22,38,-64,0.4,False
4574,1D4B,A,122,4771,1S62,A,102,0.2265625,29,128,67,6,26,-70,0.4,False
4574,1D4B,A,122,4781,1F6U,A,55,0.1774193548387097,22,124,31,2,69,-80,0.4,False
4574,1D4B,A,122,4792,2AN7,A,83,0.2366412213740458,31,131,43,9,48,-69,0.4,False
4574,1D4B,A,122,4829,1JXS,A,98,0.2196969696969697,29,132,59,10,34,-74,0.4,False
4574,1D4B,A,122,4833,1G6E,A,87,0.24,30,125,54,3,38,-65,0.4,False
4577,1C05,A,159,4579,1HYI,A,65,0.2138364779874214,34,159,31,0,94,-91,0.4,False
4577,1C05,A,159,4583,1DOQ,A,69,0.25,40,160,28,1,91,-80,0.4,False
4577,1C05,A,159,4584,1DP3,A,55,0.1886792452830188,30,159,25,0,104,-99,0.4,False
4577,1C05,A,159,4588,1ED7,A,45,0.1635220125786163,26,159,19,0,114,-107,0.4,False
4577,1C05,A,159,4589,1EHX,A,94,0.2269938650306748,37,163,53,4,69,-89,0.4,False
4577,1C05,A,159,4593,1EOQ,A,77,0.2075471698113207,33,159,44,0,82,-93,0.4,False
4577,1C05,A,159,4602,1DO9,A,94,0.2634730538922156,44,167,42,8,73,-79,0.4,False
4577,1C05,A,159,4603,1DV5,A,80,0.21875,35,160,44,1,80,-90,0.4,False
4577,1C05,A,159,4619,1E0E,A,47,0.1625,26,160,20,1,113,-108,0.4,False
4577,1C05,A,159,4621,1E4U,A,78,0.2037037037037037,33,162,42,3,84,-96,0.4,False
4577,1C05,A,159,4622,1E52,A,56,0.1875,30,160,25,1,104,-100,0.4,False
4577,1C05,A,159,4637,1F43,A,61,0.2,32,160,28,1,99,-96,0.4,False
4577,1C05,A,159,4661,1C15,A,97,0.2515337423312883,41,163,52,4,66,-81,0.4,False
4577,1C05,A,159,4666,1DCZ,A,77,0.2303030303030303,38,165,33,6,88,-89,0.4,False
4577,1C05,A,159,4677,1EXK,A,79,0.2085889570552147,34,163,41,4,84,-95,0.4,False
4577,1C05,A,159,4721,1D8J,A,81,0.2453987730061349,40,163,37,4,82,-83,0.4,False
4577,1C05,A,159,4740,1GH9,A,71,0.2181818181818181,36,165,29,6,94,-93,0.4,False
4577,1C05,A,159,4752,1J9I,A,68,0.2222222222222222,36,162,29,3,94,-90,0.4,False
4577,1C05,A,159,4757,1DV0,A,45,0.1823899371069182,29,159,16,0,114,-101,0.4,False
4577,1C05,A,159,4759,1QPU,A,106,0.2363636363636363,39,165,61,6,59,-87,0.4,False
4577,1C05,A,159,4771,1S62,A,102,0.2349397590361445,39,166,56,7,64,-88,0.4,False
4577,1C05,A,159,4781,1F6U,A,55,0.19375,31,160,23,1,105,-98,0.4,False
4577,1C05,A,159,4792,2AN7,A,83,0.2422360248447205,39,161,42,2,78,-83,0.4,False
4577,1C05,A,159,4829,1JXS,A,98,0.2619047619047619,44,168,45,9,70,-80,0.4,False
4577,1C05,A,159,4833,1G6E,A,87,0.2469135802469135,40,162,44,3,75,-82,0.4,False
4579,1HYI,A,65,4636,1F2H,A,169,0.191860465116279,33,172,29,107,3,-106,0.4,False
4579,1HYI,A,65,4641,1FO7,A,107,0.1834862385321101,20,109,43,44,2,-69,0.4,False
4579,1HYI,A,65,4648,1FZT,A,211,0.1627906976744186,35,215,26,150,4,-145,0.4,False
4579,1HYI,A,65,4649,1G03,A,134,0.1985294117647058,27,136,36,71,2,-82,0.4,False
4579,1HYI,A,65,4664,1JZU,A,157,0.2012578616352201,32,159,31,94,2,-95,0.4,False
4579,1HYI,A,65,4668,1IX5,A,151,0.1818181818181818,28,154,34,89,3,-98,0.4,False
4579,1HYI,A,65,4688,1ILY,A,90,0.2577319587628865,25,97,33,32,7,-47,0.4,False
4579,1HYI,A,65,4697,1D1N,A,99,0.2452830188679245,26,106,32,41,7,-54,0.4,False
4579,1HYI,A,65,4700,1CF4,A,184,0.1793478260869565,33,184,32,119,0,-118,0.4,False
4579,1HYI,A,65,4701,1D9S,A,136,0.2101449275362318,29,138,34,73,2,-80,0.4,False
4579,1HYI,A,65,4706,1CX1,A,153,0.1830065359477124,28,153,37,88,0,-97,0.4,False
4579,1HYI,A,65,4716,1N4C,A,182,0.1902173913043478,35,184,28,119,2,-114,0.4,False
4579,1HYI,A,65,4717,1F7W,A,144,0.2,30,150,29,85,6,-90,0.4,False
4579,1HYI,A,65,4735,1JYT,A,163,0.1927710843373494,32,166,30,101,3,-102,0.4,False
4579,1HYI,A,65,4751,1IVM,A,130,0.2592592592592592,35,135,25,70,5,-65,0.4,False
4579,1HYI,A,65,4775,1DUJ,A,187,0.1702127659574468,32,188,32,123,1,-124,0.4,False
4579,1HYI,A,65,4779,1PLO,A,122,0.2421875,31,128,28,63,6,-66,0.4,False
4579,1HYI,A,65,4791,1JR6,A,138,0.1928571428571428,27,140,36,75,2,-86,0.4,False
4579,1HYI,A,65,4797,1KD6,A,179,0.1666666666666666,30,180,34,115,1,-120,0.4,False
4579,1HYI,A,65,4814,1LS4,A,164,0.18562874251497,31,167,31,102,3,-105,0.4,False
4579,1HYI,A,65,4825,1M58,A,106,0.2410714285714285,27,112,32,47,6,-58,0.4,False
4579,1HYI,A,65,4841,1E91,A,85,0.2234042553191489,21,94,35,29,9,-52,0.4,False
4583,1DOQ,A,69,4636,1F2H,A,169,0.2339181286549707,40,171,27,102,2,-91,0.4,False
4583,1DOQ,A,69,4641,1FO7,A,107,0.1982758620689655,23,116,37,47,9,-70,0.4,False
4583,1DOQ,A,69,4648,1FZT,A,211,0.2311320754716981,49,212,19,143,1,-114,0.4,False
4583,1DOQ,A,69,4649,1G03,A,134,0.218978102189781,30,137,36,68,3,-77,0.4,False
4583,1DOQ,A,69,4664,1JZU,A,157,0.1962025316455696,31,158,37,89,1,-96,0.4,False
4583,1DOQ,A,69,4668,1IX5,A,151,0.2418300653594771,37,153,30,84,2,-79,0.4,False
4583,1DOQ,A,69,4688,1ILY,A,90,0.2857142857142857,28,98,33,29,8,-42,0.4,False
4583,1DOQ,A,69,4697,1D1N,A,99,0.2452830188679245,26,106,36,37,7,-54,0.4,False
4583,1DOQ,A,69,4700,1CF4,A,184,0.2108108108108108,39,185,29,116,1,-107,0.4,False
4583,1DOQ,A,69,4701,1D9S,A,136,0.2071428571428571,29,140,36,71,4,-82,0.4,False
4583,1DOQ,A,69,4706,1CX1,A,153,0.2307692307692307,36,156,30,87,3,-84,0.4,False
4583,1DOQ,A,69,4716,1N4C,A,182,0.1978609625668449,37,187,27,118,5,-113,0.4,False
4583,1DOQ,A,69,4717,1F7W,A,144,0.2040816326530612,30,147,36,78,3,-87,0.4,False
4583,1DOQ,A,69,4735,1JYT,A,163,0.2514970059880239,42,167,23,98,4,-83,0.4,False
4583,1DOQ,A,69,4751,1IVM,A,130,0.183206106870229,24,131,44,62,1,-83,0.4,False
4583,1DOQ,A,69,4775,1DUJ,A,187,0.2083333333333333,40,192,24,123,5,-112,0.4,False
4583,1DOQ,A,69,4779,1PLO,A,122,0.2,25,125,41,56,3,-75,0.4,False
4583,1DOQ,A,69,4791,1JR6,A,138,0.2127659574468085,30,141,36,72,3,-81,0.4,False
4583,1DOQ,A,69,4797,1KD6,A,179,0.2099447513812154,38,181,29,112,2,-105,0.4,False
4583,1DOQ,A,69,4814,1LS4,A,164,0.2469879518072289,41,166,26,97,2,-84,0.4,False
4583,1DOQ,A,69,4825,1M58,A,106,0.2314814814814814,25,108,42,39,2,-58,0.4,False
4583,1DOQ,A,69,4841,1E91,A,85,0.2857142857142857,26,91,37,22,6,-39,0.4,False
4584,1DP3,A,55,4636,1F2H,A,169,0.1952662721893491,33,169,22,114,0,-103,0.4,False
4584,1DP3,A,55,4641,1FO7,A,107,0.1926605504587156,21,109,32,54,2,-67,0.4,False
4584,1DP3,A,55,4648,1FZT,A,211,0.1611374407582938,34,211,21,156,0,-143,0.4,False
4584,1DP3,A,55,4649,1G03,A,134,0.1851851851851851,25,135,29,80,1,-85,0.4,False
4584,1DP3,A,55,4664,1JZU,A,157,0.2038216560509554,32,157,23,102,0,-93,0.4,False
4584,1DP3,A,55,4668,1IX5,A,151,0.1842105263157894,28,152,26,97,1,-96,0.4,False
4584,1DP3,A,55,4688,1ILY,A,90,0.2365591397849462,22,93,30,38,3,-49,0.4,False
4584,1DP3,A,55,4697,1D1N,A,99,0.2718446601941747,28,103,23,48,4,-47,0.4,False
4584,1DP3,A,55,4700,1CF4,A,184,0.1881720430107527,35,186,18,131,2,-116,0.4,False
4584,1DP3,A,55,4701,1D9S,A,136,0.1751824817518248,24,137,30,82,1,-89,0.4,False
4584,1DP3,A,55,4706,1CX1,A,153,0.1688311688311688,26,154,28,99,1,-102,0.4,False
4584,1DP3,A,55,4716,1N4C,A,182,0.1648351648351648,30,182,25,127,0,-122,0.4,False
4584,1DP3,A,55,4717,1F7W,A,144,0.1862068965517241,27,145,27,90,1,-91,0.4,False
4584,1DP3,A,55,4735,1JYT,A,163,0.1840490797546012,30,163,25,108,0,-103,0.4,False
4584,1DP3,A,55,4751,1IVM,A,130,0.1969696969696969,26,132,27,77,2,-80,0.4,False
4584,1DP3,A,55,4775,1DUJ,A,187,0.1904761904761904,36,189,17,134,2,-117,0.4,False
4584,1DP3,A,55,4779,1PLO,A,122,0.1707317073170731,21,123,33,68,1,-81,0.4,False
4584,1DP3,A,55,4791,1JR6,A,138,0.2086330935251798,29,139,25,84,1,-81,0.4,False
4584,1DP3,A,55,4797,1KD6,A,179,0.1888888888888888,34,180,20,125,1,-112,0.4,False
4584,1DP3,A,55,4814,1LS4,A,164,0.1696969696969697,28,165,26,110,1,-109,0.4,False
4584,1DP3,A,55,4825,1M58,A,106,0.2242990654205607,24,107,30,52,1,-59,0.4,False
4584,1DP3,A,55,4841,1E91,A,85,0.2584269662921348,23,89,28,34,4,-43,0.4,False
4588,1ED7,A,45,4636,1F2H,A,169,0.1479289940828402,25,169,20,124,0,-119,0.4,False
4588,1ED7,A,45,4641,1FO7,A,107,0.1621621621621621,18,111,23,66,4,-75,0.4,False
4588,1ED7,A,45,4648,1FZT,A,211,0.1462264150943396,31,212,13,167,1,-150,0.4,False
4588,1ED7,A,45,4649,1G03,A,134,0.1911764705882352,26,136,17,91,2,-84,0.4,False
4588,1ED7,A,45,4664,1JZU,A,157,0.1772151898734177,28,158,16,113,1,-102,0.4,False
4588,1ED7,A,45,4668,1IX5,A,151,0.1578947368421052,24,152,20,107,1,-104,0.4,False
4588,1ED7,A,45,4688,1ILY,A,90,0.1978021978021978,18,91,26,46,1,-55,0.4,False
4588,1ED7,A,45,4697,1D1N,A,99,0.23,23,100,21,55,1,-54,0.4,False
4588,1ED7,A,45,4700,1CF4,A,184,0.1567567567567567,29,185,15,140,1,-127,0.4,False
4588,1ED7,A,45,4701,1D9S,A,136,0.1691176470588235,23,136,22,91,0,-90,0.4,False
4588,1ED7,A,45,4706,1CX1,A,153,0.1923076923076923,30,156,12,111,3,-96,0.4,False
4588,1ED7,A,45,4716,1N4C,A,182,0.1475409836065573,27,183,17,138,1,-129,0.4,False
4588,1ED7,A,45,4717,1F7W,A,144,0.1597222222222222,23,144,22,99,0,-98,0.4,False
4588,1ED7,A,45,4735,1JYT,A,163,0.1696969696969697,28,165,15,120,2,-109,0.4,False
4588,1ED7,A,45,4751,1IVM,A,130,0.2061068702290076,27,131,17,86,1,-77,0.4,False
4588,1ED7,A,45,4775,1DUJ,A,187,0.1497326203208556,28,187,17,142,0,-131,0.4,False
4588,1ED7,A,45,4779,1PLO,A,122,0.1626016260162601,20,123,24,78,1,-83,0.4,False
4588,1ED7,A,45,4791,1JR6,A,138,0.158273381294964,22,139,22,94,1,-95,0.4,False
4588,1ED7,A,45,4797,1KD6,A,179,0.1564245810055866,28,179,17,134,0,-123,0.4,False
4588,1ED7,A,45,4814,1LS4,A,164,0.1757575757575757,29,165,15,120,1,-107,0.4,False
4588,1ED7,A,45,4825,1M58,A,106,0.2110091743119266,23,109,19,64,3,-63,0.4,False
4588,1ED7,A,45,4841,1E91,A,85,0.2386363636363636,21,88,21,43,3,-46,0.4,False
4589,1EHX,A,94,4636,1F2H,A,169,0.191860465116279,33,172,58,78,3,-106,0.4,False
4589,1EHX,A,94,4641,1FO7,A,107,0.1964285714285714,22,112,67,18,5,-68,0.4,False
4589,1EHX,A,94,4648,1FZT,A,211,0.2300469483568075,49,213,43,119,2,-115,0.4,False
4589,1EHX,A,94,4649,1G03,A,134,0.2553191489361702,36,141,51,47,7,-69,0.4,False
4589,1EHX,A,94,4664,1JZU,A,157,0.25,41,164,46,70,7,-82,0.4,False
4589,1EHX,A,94,4668,1IX5,A,151,0.2564102564102564,40,156,49,62,5,-76,0.4,False
4589,1EHX,A,94,4688,1ILY,A,90,0.2592592592592592,28,108,48,14,18,-52,0.4,False
4589,1EHX,A,94,4697,1D1N,A,99,0.2478632478632478,29,117,47,23,18,-59,0.4,False
4589,1EHX,A,94,4700,1CF4,A,184,0.2406417112299465,45,187,46,93,3,-97,0.4,False
4589,1EHX,A,94,4701,1D9S,A,136,0.2411347517730496,34,141,55,47,5,-73,0.4,False
4589,1EHX,A,94,4706,1CX1,A,153,0.25625,41,160,46,66,7,-78,0.4,False
4589,1EHX,A,94,4716,1N4C,A,182,0.2150537634408602,40,186,50,92,4,-106,0.4,False
4589,1EHX,A,94,4717,1F7W,A,144,0.2549019607843137,39,153,46,59,9,-75,0.4,False
4589,1EHX,A,94,4735,1JYT,A,163,0.2261904761904762,38,168,51,74,5,-92,0.4,False
4589,1EHX,A,94,4751,1IVM,A,130,0.2180451127819548,29,133,62,39,3,-75,0.4,False
4589,1EHX,A,94,4775,1DUJ,A,187,0.2074468085106383,39,188,54,94,1,-110,0.4,False
4589,1EHX,A,94,4779,1PLO,A,122,0.2262773722627737,31,137,48,43,15,-75,0.4,False
4589,1EHX,A,94,4791,1JR6,A,138,0.2653061224489796,39,147,46,53,9,-69,0.4,False
4589,1EHX,A,94,4797,1KD6,A,179,0.2419354838709677,45,186,42,92,7,-96,0.4,False
4589,1EHX,A,94,4814,1LS4,A,164,0.2325581395348837,40,172,46,78,8,-92,0.4,False
4589,1EHX,A,94,4825,1M58,A,106,0.2605042016806723,31,119,50,25,13,-57,0.4,False
4589,1EHX,A,94,4841,1E91,A,85,0.2254901960784313,23,102,54,8,17,-56,0.4,False
4593,1EOQ,A,77,4636,1F2H,A,169,0.2339181286549707,40,171,35,94,2,-91,0.4,False
4593,1EOQ,A,77,4641,1FO7,A,107,0.2347826086956521,27,115,42,38,8,-61,0.4,False
4593,1EOQ,A,77,4648,1FZT,A,211,0.2065727699530516,44,213,31,136,2,-125,0.4,False
4593,1EOQ,A,77,4649,1G03,A,134,0.2205882352941176,30,136,45,59,2,-76,0.4,False
4593,1EOQ,A,77,4664,1JZU,A,157,0.23125,37,160,37,83,3,-86,0.4,False
4593,1EOQ,A,77,4668,1IX5,A,151,0.2287581699346405,35,153,40,76,2,-83,0.4,False
4593,1EOQ,A,77,4688,1ILY,A,90,0.238095238095238,25,105,37,28,15,-55,0.4,False
4593,1EOQ,A,77,4697,1D1N,A,99,0.2233009708737864,23,103,50,26,4,-57,0.4,False
4593,1EOQ,A,77,4700,1CF4,A,184,0.2162162162162162,40,185,36,108,1,-105,0.4,False
4593,1EOQ,A,77,4701,1D9S,A,136,0.2394366197183098,34,142,37,65,6,-74,0.4,False
4593,1EOQ,A,77,4706,1CX1,A,153,0.2337662337662337,36,154,40,77,1,-82,0.4,False
4593,1EOQ,A,77,4716,1N4C,A,182,0.217391304347826,40,184,35,107,2,-104,0.4,False
4593,1EOQ,A,77,4717,1F7W,A,144,0.24,36,150,35,73,6,-78,0.4,False
4593,1EOQ,A,77,4735,1JYT,A,163,0.2202380952380952,37,168,35,91,5,-94,0.4,False
4593,1EOQ,A,77,4751,1IVM,A,130,0.2030075187969924,27,133,47,56,3,-79,0.4,False
4593,1EOQ,A,77,4775,1DUJ,A,187,0.2234042553191489,42,188,34,111,1,-104,0.4,False
4593,1EOQ,A,77,4779,1PLO,A,122,0.2109375,27,128,44,51,6,-74,0.4,False
4593,1EOQ,A,77,4791,1JR6,A,138,0.2222222222222222,32,144,39,67,6,-80,0.4,False
4593,1EOQ,A,77,4797,1KD6,A,179,0.2142857142857142,39,182,35,105,3,-104,0.4,False
4593,1EOQ,A,77,4814,1LS4,A,164,0.2195121951219512,36,164,41,87,0,-92,0.4,False
4593,1EOQ,A,77,4825,1M58,A,106,0.2393162393162393,28,117,38,40,11,-61,0.4,False
4593,1EOQ,A,77,4841,1E91,A,85,0.2258064516129032,21,93,48,16,8,-51,0.4,False
4602,1DO9,A,94,4636,1F2H,A,169,0.2080924855491329,36,173,54,79,4,-101,0.4,False
4602,1DO9,A,94,4641,1FO7,A,107,0.2016806722689075,24,119,58,25,12,-71,0.4,False
4602,1DO9,A,94,4648,1FZT,A,211,0.2336448598130841,50,214,41,120,3,-114,0.4,False
4602,1DO9,A,94,4649,1G03,A,134,0.2028985507246377,28,138,62,44,4,-82,0.4,False
4602,1DO9,A,94,4664,1JZU,A,157,0.23125,37,160,54,66,3,-86,0.4,False
4602,1DO9,A,94,4668,1IX5,A,151,0.2547770700636942,40,157,48,63,6,-77,0.4,False
4602,1DO9,A,94,4688,1ILY,A,90,0.25,27,108,49,14,18,-54,0.4,False
4602,1DO9,A,94,4697,1D1N,A,99,0.25,28,112,53,18,13,-56,0.4,False
4602,1DO9,A,94,4700,1CF4,A,184,0.2180851063829787,41,188,49,94,4,-106,0.4,False
4602,1DO9,A,94,4701,1D9S,A,136,0.2137931034482758,31,145,54,51,9,-83,0.4,False
4602,1DO9,A,94,4706,1CX1,A,153,0.2453987730061349,40,163,44,69,10,-83,0.4,False
4602,1DO9,A,94,4716,1N4C,A,182,0.2052631578947368,39,190,47,96,8,-112,0.4,False
4602,1DO9,A,94,4717,1F7W,A,144,0.2229729729729729,33,148,57,54,4,-82,0.4,False
4602,1DO9,A,94,4735,1JYT,A,163,0.2485207100591716,42,169,46,75,6,-85,0.4,False
4602,1DO9,A,94,4751,1IVM,A,130,0.1985294117647058,27,136,61,42,6,-82,0.4,False
4602,1DO9,A,94,4775,1DUJ,A,187,0.2052631578947368,39,190,52,96,3,-112,0.4,False
4602,1DO9,A,94,4779,1PLO,A,122,0.2230769230769231,29,130,57,36,8,-72,0.4,False
4602,1DO9,A,94,4791,1JR6,A,138,0.2361111111111111,34,144,54,50,6,-76,0.4,False
4602,1DO9,A,94,4797,1KD6,A,179,0.233695652173913,43,184,46,90,5,-98,0.4,False
4602,1DO9,A,94,4814,1LS4,A,164,0.2261904761904762,38,168,52,74,4,-92,0.4,False
4602,1DO9,A,94,4825,1M58,A,106,0.2352941176470588,28,119,53,25,13,-63,0.4,False
4602,1DO9,A,94,4841,1E91,A,85,0.2857142857142857,30,105,44,11,20,-45,0.4,False
4603,1DV5,A,80,4636,1F2H,A,169,0.2254335260115607,39,173,37,93,4,-95,0.4,False
4603,1DV5,A,80,4641,1FO7,A,107,0.2037037037037037,22,108,57,28,1,-64,0.4,False
4603,1DV5,A,80,4648,1FZT,A,211,0.2129629629629629,46,216,29,136,5,-124,0.4,False
4603,1DV5,A,80,4649,1G03,A,134,0.2335766423357664,32,137,45,57,3,-73,0.4,False
4603,1DV5,A,80,4664,1JZU,A,157,0.225,36,160,41,80,3,-88,0.4,False
4603,1DV5,A,80,4668,1IX5,A,151,0.2641509433962264,42,159,30,79,8,-75,0.4,False
4603,1DV5,A,80,4688,1ILY,A,90,0.2474226804123711,24,97,49,17,7,-49,0.4,False
4603,1DV5,A,80,4697,1D1N,A,99,0.2641509433962264,28,106,45,26,7,-50,0.4,False
4603,1DV5,A,80,4700,1CF4,A,184,0.2096774193548387,39,186,39,106,2,-108,0.4,False
4603,1DV5,A,80,4701,1D9S,A,136,0.2335766423357664,32,137,47,57,1,-73,0.4,False
4603,1DV5,A,80,4706,1CX1,A,153,0.2229299363057325,35,157,41,77,4,-87,0.4,False
4603,1DV5,A,80,4716,1N4C,A,182,0.2108108108108108,39,185,38,105,3,-107,0.4,False
4603,1DV5,A,80,4717,1F7W,A,144,0.2620689655172414,38,145,41,65,1,-69,0.4,False
4603,1DV5,A,80,4735,1JYT,A,163,0.2455089820359281,41,167,35,87,4,-85,0.4,False
4603,1DV5,A,80,4751,1IVM,A,130,0.2238805970149253,30,134,46,54,4,-74,0.4,False
4603,1DV5,A,80,4775,1DUJ,A,187,0.2164948453608247,42,194,31,114,7,-110,0.4,False
4603,1DV5,A,80,4779,1PLO,A,122,0.2222222222222222,28,126,48,46,4,-70,0.4,False
4603,1DV5,A,80,4791,1JR6,A,138,0.226950354609929,32,141,45,61,3,-77,0.4,False
4603,1DV5,A,80,4797,1KD6,A,179,0.2432432432432432,45,185,29,105,6,-95,0.4,False
4603,1DV5,A,80,4814,1LS4,A,164,0.2634730538922156,44,167,33,87,3,-79,0.4,False
4603,1DV5,A,80,4825,1M58,A,106,0.2589285714285714,29,112,45,32,6,-54,0.4,False
4603,1DV5,A,80,4841,1E91,A,85,0.2596153846153846,27,104,34,24,19,-50,0.4,False
4619,1E0E,A,47,4636,1F2H,A,169,0.1529411764705882,26,170,20,123,1,-118,0.4,False
4619,1E0E,A,47,4641,1FO7,A,107,0.2,22,110,22,63,3,-66,0.4,False
4619,1E0E,A,47,4648,1FZT,A,211,0.1469194312796208,31,211,16,164,0,-149,0.4,False
4619,1E0E,A,47,4649,1G03,A,134,0.1777777777777777,24,135,22,88,1,-87,0.4,False
4619,1E0E,A,47,4664,1JZU,A,157,0.1592356687898089,25,157,22,110,0,-107,0.4,False
4619,1E0E,A,47,4668,1IX5,A,151,0.1644736842105263,25,152,21,105,1,-102,0.4,False
4619,1E0E,A,47,4688,1ILY,A,90,0.2340425531914893,22,94,21,47,4,-50,0.4,False
4619,1E0E,A,47,4697,1D1N,A,99,0.2079207920792079,21,101,24,54,2,-59,0.4,False
4619,1E0E,A,47,4700,1CF4,A,184,0.1559139784946236,29,186,16,139,2,-128,0.4,False
4619,1E0E,A,47,4701,1D9S,A,136,0.1594202898550724,22,138,23,91,2,-94,0.4,False
4619,1E0E,A,47,4706,1CX1,A,153,0.1548387096774193,24,155,21,108,2,-107,0.4,False
4619,1E0E,A,47,4716,1N4C,A,182,0.1593406593406593,29,182,18,135,0,-124,0.4,False
4619,1E0E,A,47,4717,1F7W,A,144,0.1793103448275862,26,145,20,98,1,-93,0.4,False
4619,1E0E,A,47,4735,1JYT,A,163,0.1626506024096385,27,166,17,119,3,-112,0.4,False
4619,1E0E,A,47,4751,1IVM,A,130,0.183206106870229,24,131,22,84,1,-83,0.4,False
4619,1E0E,A,47,4775,1DUJ,A,187,0.1481481481481481,28,189,17,142,2,-133,0.4,False
4619,1E0E,A,47,4779,1PLO,A,122,0.1626016260162601,20,123,26,76,1,-83,0.4,False
4619,1E0E,A,47,4791,1JR6,A,138,0.1870503597122302,26,139,20,92,1,-87,0.4,False
4619,1E0E,A,47,4797,1KD6,A,179,0.1444444444444444,26,180,20,133,1,-128,0.4,False
4619,1E0E,A,47,4814,1LS4,A,164,0.1746987951807229,29,166,16,119,2,-108,0.4,False
4619,1E0E,A,47,4825,1M58,A,106,0.1869158878504672,20,107,26,60,1,-67,0.4,False
4619,1E0E,A,47,4841,1E91,A,85,0.2441860465116279,21,86,25,39,1,-44,0.4,False
4621,1E4U,A,78,4636,1F2H,A,169,0.2247191011235955,40,178,29,100,9,-98,0.4,False
4621,1E4U,A,78,4641,1FO7,A,107,0.2342342342342342,26,111,48,33,4,-59,0.4,False
4621,1E4U,A,78,4648,1FZT,A,211,0.1886792452830188,40,212,37,134,1,-132,0.4,False
4621,1E4U,A,78,4649,1G03,A,134,0.2043795620437956,28,137,47,59,3,-81,0.4,False
4621,1E4U,A,78,4664,1JZU,A,157,0.2138364779874214,34,159,42,81,2,-91,0.4,False
4621,1E4U,A,78,4668,1IX5,A,151,0.2077922077922078,32,154,43,76,3,-90,0.4,False
4621,1E4U,A,78,4688,1ILY,A,90,0.2323232323232323,23,99,46,21,9,-53,0.4,False
4621,1E4U,A,78,4697,1D1N,A,99,0.203883495145631,21,103,53,25,4,-61,0.4,False
4621,1E4U,A,78,4700,1CF4,A,184,0.2,37,185,40,107,1,-111,0.4,False
4621,1E4U,A,78,4701,1D9S,A,136,0.2222222222222222,32,144,38,66,8,-80,0.4,False
4621,1E4U,A,78,4706,1CX1,A,153,0.2165605095541401,34,157,40,79,4,-89,0.4,False
4621,1E4U,A,78,4716,1N4C,A,182,0.1956521739130435,36,184,40,106,2,-112,0.4,False
4621,1E4U,A,78,4717,1F7W,A,144,0.2317880794701986,35,151,36,73,7,-81,0.4,False
4621,1E4U,A,78,4735,1JYT,A,163,0.2202380952380952,37,168,36,90,5,-94,0.4,False
4621,1E4U,A,78,4751,1IVM,A,130,0.225563909774436,30,133,45,55,3,-73,0.4,False
4621,1E4U,A,78,4775,1DUJ,A,187,0.1894736842105263,36,190,39,112,3,-118,0.4,False
4621,1E4U,A,78,4779,1PLO,A,122,0.238095238095238,30,126,44,48,4,-66,0.4,False
4621,1E4U,A,78,4791,1JR6,A,138,0.1928571428571428,27,140,49,62,2,-86,0.4,False
4621,1E4U,A,78,4797,1KD6,A,179,0.1703296703296703,31,182,44,104,3,-120,0.4,False
4621,1E4U,A,78,4814,1LS4,A,164,0.1964285714285714,33,168,41,90,4,-102,0.4,False
4621,1E4U,A,78,4825,1M58,A,106,0.2410714285714285,27,112,45,34,6,-58,0.4,False
4621,1E4U,A,78,4841,1E91,A,85,0.231578947368421,22,95,46,17,10,-51,0.4,False
4622,1E52,A,56,4636,1F2H,A,169,0.2071005917159763,35,169,21,113,0,-99,0.4,False
4622,1E52,A,56,4641,1FO7,A,107,0.1981981981981982,22,111,30,55,4,-67,0.4,False
4622,1E52,A,56,4648,1FZT,A,211,0.1698113207547169,36,212,19,156,1,-140,0.4,False
4622,1E52,A,56,4649,1G03,A,134,0.2238805970149253,30,134,26,78,0,-74,0.4,False
4622,1E52,A,56,4664,1JZU,A,157,0.1847133757961783,29,157,27,101,0,-99,0.4,False
4622,1E52,A,56,4668,1IX5,A,151,0.2091503267973856,32,153,22,97,2,-89,0.4,False
4622,1E52,A,56,4688,1ILY,A,90,0.2346938775510204,23,98,25,42,8,-52,0.4,False
4622,1E52,A,56,4697,1D1N,A,99,0.2,20,100,35,44,1,-60,0.4,False
4622,1E52,A,56,4700,1CF4,A,184,0.1684782608695652,31,184,25,128,0,-122,0.4,False
4622,1E52,A,56,4701,1D9S,A,136,0.2101449275362318,29,138,25,82,2,-80,0.4,False
4622,1E52,A,56,4706,1CX1,A,153,0.1870967741935484,29,155,25,99,2,-97,0.4,False
4622,1E52,A,56,4716,1N4C,A,182,0.180327868852459,33,183,22,127,1,-117,0.4,False
4622,1E52,A,56,4717,1F7W,A,144,0.2054794520547945,30,146,24,90,2,-86,0.4,False
4622,1E52,A,56,4735,1JYT,A,163,0.2024539877300613,33,163,23,107,0,-97,0.4,False
4622,1E52,A,56,4751,1IVM,A,130,0.183206106870229,24,131,31,75,1,-83,0.4,False
4622,1E52,A,56,4775,1DUJ,A,187,0.160427807486631,30,187,26,131,0,-127,0.4,False
4622,1E52,A,56,4779,1PLO,A,122,0.192,24,125,29,69,3,-77,0.4,False
4622,1E52,A,56,4791,1JR6,A,138,0.1739130434782608,24,138,32,82,0,-90,0.4,False
4622,1E52,A,56,4797,1KD6,A,179,0.1611111111111111,29,180,26,124,1,-122,0.4,False
4622,1E52,A,56,4814,1LS4,A,164,0.206060606060606,34,165,21,109,1,-97,0.4,False
4622,1E52,A,56,4825,1M58,A,106,0.2336448598130841,25,107,30,51,1,-57,0.4,False
4622,1E52,A,56,4841,1E91,A,85,0.264367816091954,23,87,31,31,2,-41,0.4,False
4636,1F2H,A,169,4637,1F43,A,61,0.1823529411764705,31,170,29,1,109,-108,0.4,False
4636,1F2H,A,169,4661,1C15,A,97,0.2320441988950276,42,181,43,12,84,-97,0.4,False
4636,1F2H,A,169,4666,1DCZ,A,77,0.2247191011235955,40,178,28,9,101,-98,0.4,False
4636,1F2H,A,169,4677,1EXK,A,79,0.2093023255813953,36,172,40,3,93,-100,0.4,False
4636,1F2H,A,169,4721,1D8J,A,81,0.2105263157894736,36,171,43,2,90,-99,0.4,False
4636,1F2H,A,169,4740,1GH9,A,71,0.1929824561403508,33,171,36,2,100,-105,0.4,False
4636,1F2H,A,169,4752,1J9I,A,68,0.2176470588235294,37,170,30,1,102,-96,0.4,False
4636,1F2H,A,169,4757,1DV0,A,45,0.1705882352941176,29,170,15,1,125,-112,0.4,False
4636,1F2H,A,169,4759,1QPU,A,106,0.2571428571428571,45,175,55,6,69,-85,0.4,False
4636,1F2H,A,169,4771,1S62,A,102,0.2383720930232558,41,172,58,3,70,-90,0.4,False
4636,1F2H,A,169,4781,1F6U,A,55,0.1538461538461538,26,169,29,0,114,-117,0.4,False
4636,1F2H,A,169,4792,2AN7,A,83,0.2441860465116279,42,172,38,3,89,-88,0.4,False
4636,1F2H,A,169,4829,1JXS,A,98,0.2228571428571428,39,175,53,6,77,-97,0.4,False
4636,1F2H,A,169,4833,1G6E,A,87,0.2023121387283237,35,173,48,4,86,-103,0.4,False
4637,1F43,A,61,4641,1FO7,A,107,0.2181818181818181,24,110,34,49,3,-62,0.4,False
4637,1F43,A,61,4648,1FZT,A,211,0.1877934272300469,40,213,19,152,2,-133,0.4,False
4637,1F43,A,61,4649,1G03,A,134,0.2230215827338129,31,139,25,78,5,-77,0.4,False
4637,1F43,A,61,4664,1JZU,A,157,0.1962025316455696,31,158,29,97,1,-96,0.4,False
4637,1F43,A,61,4668,1IX5,A,151,0.2026143790849673,31,153,28,92,2,-91,0.4,False
4637,1F43,A,61,4688,1ILY,A,90,0.217391304347826,20,92,39,31,2,-52,0.4,False
4637,1F43,A,61,4697,1D1N,A,99,0.2307692307692307,24,104,32,43,5,-56,0.4,False
4637,1F43,A,61,4700,1CF4,A,184,0.1739130434782608,32,184,29,123,0,-120,0.4,False
4637,1F43,A,61,4701,1D9S,A,136,0.1928571428571428,27,140,30,79,4,-86,0.4,False
4637,1F43,A,61,4706,1CX1,A,153,0.1818181818181818,28,154,32,93,1,-98,0.4,False
4637,1F43,A,61,4716,1N4C,A,182,0.2021857923497267,37,183,23,122,1,-109,0.4,False
4637,1F43,A,61,4717,1F7W,A,144,0.2068965517241379,30,145,30,84,1,-85,0.4,False
4637,1F43,A,61,4735,1JYT,A,163,0.1818181818181818,30,165,29,104,2,-105,0.4,False
4637,1F43,A,61,4751,1IVM,A,130,0.2121212121212121,28,132,31,71,2,-76,0.4,False
4637,1F43,A,61,4775,1DUJ,A,187,0.1904761904761904,36,189,23,128,2,-117,0.4,False
4637,1F43,A,61,4779,1PLO,A,122,0.2177419354838709,27,124,32,63,2,-70,0.4,False
4637,1F43,A,61,4791,1JR6,A,138,0.1971830985915492,28,142,29,81,4,-86,0.4,False
4637,1F43,A,61,4797,1KD6,A,179,0.1657458563535911,30,181,29,120,2,-121,0.4,False
4637,1F43,A,61,4814,1LS4,A,164,0.1585365853658536,26,164,35,103,0,-112,0.4,False
4637,1F43,A,61,4825,1M58,A,106,0.2201834862385321,24,109,34,48,3,-61,0.4,False
4637,1F43,A,61,4841,1E91,A,85,0.25,22,88,36,27,3,-44,0.4,False
4641,1FO7,A,107,4661,1C15,A,97,0.1739130434782608,20,115,69,8,18,-75,0.4,False
4641,1FO7,A,107,4666,1DCZ,A,77,0.2347826086956521,27,115,42,8,38,-61,0.4,False
4641,1FO7,A,107,4677,1EXK,A,79,0.1909090909090909,21,110,55,3,31,-68,0.4,False
4641,1FO7,A,107,4721,1D8J,A,81,0.2521739130434782,29,115,44,8,34,-57,0.4,False
4641,1FO7,A,107,4740,1GH9,A,71,0.2142857142857142,24,112,42,5,41,-64,0.4,False
4641,1FO7,A,107,4752,1J9I,A,68,0.2105263157894736,24,114,37,7,46,-66,0.4,False
4641,1FO7,A,107,4757,1DV0,A,45,0.1401869158878504,15,107,30,0,62,-77,0.4,False
4641,1FO7,A,107,4759,1QPU,A,106,0.2184873949579832,26,119,68,12,13,-67,0.4,False
4641,1FO7,A,107,4771,1S62,A,102,0.2015503875968992,26,129,54,22,27,-77,0.4,False
4641,1FO7,A,107,4781,1F6U,A,55,0.2201834862385321,24,109,29,2,54,-61,0.4,False
4641,1FO7,A,107,4792,2AN7,A,83,0.2053571428571428,23,112,55,5,29,-66,0.4,False
4641,1FO7,A,107,4829,1JXS,A,98,0.2321428571428571,26,112,67,5,14,-60,0.4,False
4641,1FO7,A,107,4833,1G6E,A,87,0.2129629629629629,23,108,63,1,21,-62,0.4,False
4648,1FZT,A,211,4661,1C15,A,97,0.2372093023255814,51,215,42,4,118,-113,0.4,False
4648,1FZT,A,211,4666,1DCZ,A,77,0.2149532710280373,46,214,28,3,137,-122,0.4,False
4648,1FZT,A,211,4677,1EXK,A,79,0.1971830985915492,42,213,35,2,134,-129,0.4,False
4648,1FZT,A,211,4721,1D8J,A,81,0.219626168224299,47,214,31,3,133,-120,0.4,False
4648,1FZT,A,211,4740,1GH9,A,71,0.1813953488372093,39,215,28,4,144,-137,0.4,False
4648,1FZT,A,211,4752,1J9I,A,68,0.2075471698113207,44,212,23,1,144,-124,0.4,False
4648,1FZT,A,211,4757,1DV0,A,45,0.1516587677725118,32,211,13,0,166,-147,0.4,False
4648,1FZT,A,211,4759,1QPU,A,106,0.2580645161290322,56,217,44,6,111,-105,0.4,False
4648,1FZT,A,211,4771,1S62,A,102,0.2383177570093458,51,214,48,3,112,-112,0.4,False
4648,1FZT,A,211,4781,1F6U,A,55,0.1556603773584905,33,212,21,1,157,-146,0.4,False
4648,1FZT,A,211,4792,2AN7,A,83,0.2431192660550458,53,218,23,7,135,-112,0.4,False
4648,1FZT,A,211,4829,1JXS,A,98,0.2083333333333333,45,216,48,5,118,-126,0.4,False
4648,1FZT,A,211,4833,1G6E,A,87,0.2009345794392523,43,214,41,3,127,-128,0.4,False
4649,1G03,A,134,4661,1C15,A,97,0.2517482517482518,36,143,52,9,46,-71,0.4,False
4649,1G03,A,134,4666,1DCZ,A,77,0.2246376811594203,31,138,42,4,61,-76,0.4,False
4649,1G03,A,134,4677,1EXK,A,79,0.2086330935251798,29,139,45,5,60,-81,0.4,False
4649,1G03,A,134,4721,1D8J,A,81,0.2357142857142857,33,140,42,6,59,-74,0.4,False
4649,1G03,A,134,4740,1GH9,A,71,0.1838235294117647,25,136,44,2,65,-86,0.4,False
4649,1G03,A,134,4752,1J9I,A,68,0.2058823529411764,28,136,38,2,68,-80,0.4,False
4649,1G03,A,134,4757,1DV0,A,45,0.1897810218978102,26,137,16,3,92,-85,0.4,False
4649,1G03,A,134,4759,1QPU,A,106,0.2340425531914893,33,141,66,7,35,-75,0.4,False
4649,1G03,A,134,4771,1S62,A,102,0.2285714285714285,32,140,64,6,38,-76,0.4,False
4649,1G03,A,134,4781,1F6U,A,55,0.1678832116788321,23,137,29,3,82,-91,0.4,False
4649,1G03,A,134,4792,2AN7,A,83,0.2571428571428571,36,140,41,6,57,-68,0.4,False
4649,1G03,A,134,4829,1JXS,A,98,0.2340425531914893,33,141,58,7,43,-75,0.4,False
4649,1G03,A,134,4833,1G6E,A,87,0.1985294117647058,27,136,58,2,49,-82,0.4,False
4661,1C15,A,97,4664,1JZU,A,157,0.2468354430379747,39,158,57,61,1,-80,0.4,False
4661,1C15,A,97,4668,1IX5,A,151,0.2625,42,160,46,63,9,-76,0.4,False
4661,1C15,A,97,4688,1ILY,A,90,0.2660550458715596,29,109,49,12,19,-51,0.4,False
4661,1C15,A,97,4697,1D1N,A,99,0.2545454545454545,28,110,58,13,11,-54,0.4,False
4661,1C15,A,97,4700,1CF4,A,184,0.2210526315789473,42,190,49,93,6,-106,0.4,False
4661,1C15,A,97,4701,1D9S,A,136,0.2222222222222222,32,144,57,47,8,-80,0.4,False
4661,1C15,A,97,4706,1CX1,A,153,0.2142857142857142,33,154,63,57,1,-88,0.4,False
4661,1C15,A,97,4716,1N4C,A,182,0.2162162162162162,40,185,54,88,3,-105,0.4,False
4661,1C15,A,97,4717,1F7W,A,144,0.2416107382550335,36,149,56,52,5,-77,0.4,False
4661,1C15,A,97,4735,1JYT,A,163,0.2662721893491124,45,169,46,72,6,-79,0.4,False
4661,1C15,A,97,4751,1IVM,A,130,0.2340425531914893,33,141,53,44,11,-75,0.4,False
4661,1C15,A,97,4775,1DUJ,A,187,0.2146596858638743,41,191,52,94,4,-109,0.4,False
4661,1C15,A,97,4779,1PLO,A,122,0.2290076335877862,30,131,58,34,9,-71,0.4,False
4661,1C15,A,97,4791,1JR6,A,138,0.2176870748299319,32,147,56,50,9,-83,0.4,False
4661,1C15,A,97,4797,1KD6,A,179,0.2166666666666666,39,180,57,83,1,-102,0.4,False
4661,1C15,A,97,4814,1LS4,A,164,0.2321428571428571,39,168,54,71,4,-90,0.4,False
4661,1C15,A,97,4825,1M58,A,106,0.2540983606557377,31,122,50,25,16,-60,0.4,False
4661,1C15,A,97,4841,1E91,A,85,0.2641509433962264,28,106,48,9,21,-50,0.4,False
4664,1JZU,A,157,4666,1DCZ,A,77,0.2236024844720497,36,161,37,4,84,-89,0.4,False
4664,1JZU,A,157,4677,1EXK,A,79,0.1987577639751552,32,161,43,4,82,-97,0.4,False
4664,1JZU,A,157,4721,1D8J,A,81,0.2049689440993788,33,161,44,4,80,-95,0.4,False
4664,1JZU,A,157,4740,1GH9,A,71,0.2101910828025477,33,157,38,0,86,-91,0.4,False
4664,1JZU,A,157,4752,1J9I,A,68,0.2389937106918239,38,159,28,2,91,-83,0.4,False
4664,1JZU,A,157,4757,1DV0,A,45,0.1761006289308176,28,159,15,2,114,-103,0.4,False
4664,1JZU,A,157,4759,1QPU,A,106,0.2422360248447205,39,161,63,4,55,-83,0.4,False
4664,1JZU,A,157,4771,1S62,A,102,0.2275449101796407,38,167,54,10,65,-91,0.4,False
4664,1JZU,A,157,4781,1F6U,A,55,0.18125,29,160,23,3,105,-102,0.4,False
4664,1JZU,A,157,4792,2AN7,A,83,0.225,36,160,44,3,77,-88,0.4,False
4664,1JZU,A,157,4829,1JXS,A,98,0.2147239263803681,35,163,57,6,65,-93,0.4,False
4664,1JZU,A,157,4833,1G6E,A,87,0.2147239263803681,35,163,46,6,76,-93,0.4,False
4666,1DCZ,A,77,4668,1IX5,A,151,0.2628205128205128,41,156,31,79,5,-74,0.4,False
4666,1DCZ,A,77,4688,1ILY,A,90,0.297029702970297,30,101,36,24,11,-41,0.4,False
4666,1DCZ,A,77,4697,1D1N,A,99,0.2818181818181818,31,110,35,33,11,-48,0.4,False
4666,1DCZ,A,77,4700,1CF4,A,184,0.2291666666666666,44,192,25,115,8,-104,0.4,False
4666,1DCZ,A,77,4701,1D9S,A,136,0.2605633802816901,37,142,34,65,6,-68,0.4,False
4666,1DCZ,A,77,4706,1CX1,A,153,0.2337662337662337,36,154,40,77,1,-82,0.4,False
4666,1DCZ,A,77,4716,1N4C,A,182,0.217391304347826,40,184,35,107,2,-104,0.4,False
4666,1DCZ,A,77,4717,1F7W,A,144,0.2244897959183673,33,147,41,70,3,-81,0.4,False
4666,1DCZ,A,77,4735,1JYT,A,163,0.2121212121212121,35,165,40,88,2,-95,0.4,False
4666,1DCZ,A,77,4751,1IVM,A,130,0.2238805970149253,30,134,43,57,4,-74,0.4,False
4666,1DCZ,A,77,4775,1DUJ,A,187,0.2052631578947368,39,190,35,113,3,-112,0.4,False
4666,1DCZ,A,77,4779,1PLO,A,122,0.1935483870967742,24,124,51,47,2,-76,0.4,False
4666,1DCZ,A,77,4791,1JR6,A,138,0.2553191489361702,36,141,38,64,3,-69,0.4,False
4666,1DCZ,A,77,4797,1KD6,A,179,0.2349726775956284,43,183,30,106,4,-97,0.4,False
4666,1DCZ,A,77,4814,1LS4,A,164,0.2155688622754491,36,167,38,90,3,-95,0.4,False
4666,1DCZ,A,77,4825,1M58,A,106,0.1909090909090909,21,110,52,33,4,-68,0.4,False
4666,1DCZ,A,77,4841,1E91,A,85,0.2421052631578947,23,95,44,18,10,-49,0.4,False
4668,1IX5,A,151,4677,1EXK,A,79,0.2317880794701986,35,151,44,0,72,-81,0.4,False
4668,1IX5,A,151,4721,1D8J,A,81,0.2236842105263158,34,152,46,1,71,-84,0.4,False
4668,1IX5,A,151,4740,1GH9,A,71,0.2091503267973856,32,153,37,2,82,-89,0.4,False
4668,1IX5,A,151,4752,1J9I,A,68,0.2549019607843137,39,153,27,2,85,-75,0.4,False
4668,1IX5,A,151,4757,1DV0,A,45,0.1854304635761589,28,151,17,0,106,-95,0.4,False
4668,1IX5,A,151,4759,1QPU,A,106,0.2337662337662337,36,154,67,3,48,-82,0.4,False
4668,1IX5,A,151,4771,1S62,A,102,0.2515723270440251,40,159,54,8,57,-79,0.4,False
4668,1IX5,A,151,4781,1F6U,A,55,0.1764705882352941,27,153,26,2,98,-99,0.4,False
4668,1IX5,A,151,4792,2AN7,A,83,0.2387096774193548,37,155,42,4,72,-81,0.4,False
4668,1IX5,A,151,4829,1JXS,A,98,0.2287581699346405,35,153,61,2,55,-83,0.4,False
4668,1IX5,A,151,4833,1G6E,A,87,0.2272727272727272,35,154,49,3,67,-84,0.4,False
4677,1EXK,A,79,4688,1ILY,A,90,0.2452830188679245,26,106,37,27,16,-54,0.4,False
4677,1EXK,A,79,4697,1D1N,A,99,0.2545454545454545,28,110,40,31,11,-54,0.4,False
4677,1EXK,A,79,4700,1CF4,A,184,0.1871657754010695,35,187,41,108,3,-117,0.4,False
4677,1EXK,A,79,4701,1D9S,A,136,0.2142857142857142,30,140,45,61,4,-80,0.4,False
4677,1EXK,A,79,4706,1CX1,A,153,0.2129032258064516,33,155,44,76,2,-89,0.4,False
4677,1EXK,A,79,4716,1N4C,A,182,0.1576086956521739,29,184,48,105,2,-126,0.4,False
4677,1EXK,A,79,4717,1F7W,A,144,0.2244897959183673,33,147,43,68,3,-81,0.4,False
4677,1EXK,A,79,4735,1JYT,A,163,0.1939393939393939,32,165,45,86,2,-101,0.4,False
4677,1EXK,A,79,4751,1IVM,A,130,0.225563909774436,30,133,46,54,3,-73,0.4,False
4677,1EXK,A,79,4775,1DUJ,A,187,0.1979166666666666,38,192,36,113,5,-116,0.4,False
4677,1EXK,A,79,4779,1PLO,A,122,0.2016129032258064,25,124,52,45,2,-74,0.4,False
4677,1EXK,A,79,4791,1JR6,A,138,0.25,37,148,32,69,10,-74,0.4,False
4677,1EXK,A,79,4797,1KD6,A,179,0.1933701657458563,35,181,42,102,2,-111,0.4,False
4677,1EXK,A,79,4814,1LS4,A,164,0.1696969696969697,28,165,50,86,1,-109,0.4,False
4677,1EXK,A,79,4825,1M58,A,106,0.2242990654205607,24,107,54,28,1,-59,0.4,False
4677,1EXK,A,79,4841,1E91,A,85,0.2105263157894736,20,95,49,16,10,-55,0.4,False
4688,1ILY,A,90,4721,1D8J,A,81,0.2621359223300971,27,103,41,13,22,-49,0.4,False
4688,1ILY,A,90,4740,1GH9,A,71,0.2626262626262626,26,99,36,9,28,-47,0.4,False
4688,1ILY,A,90,4752,1J9I,A,68,0.28125,27,96,35,6,28,-42,0.4,False
4688,1ILY,A,90,4757,1DV0,A,45,0.2197802197802197,20,91,24,1,46,-51,0.4,False
4688,1ILY,A,90,4759,1QPU,A,106,0.2432432432432432,27,111,58,21,5,-57,0.4,False
4688,1ILY,A,90,4771,1S62,A,102,0.2678571428571428,30,112,50,22,10,-52,0.4,False
4688,1ILY,A,90,4781,1F6U,A,55,0.217391304347826,20,92,33,2,37,-52,0.4,False
4688,1ILY,A,90,4792,2AN7,A,83,0.28,28,100,45,10,17,-44,0.4,False
4688,1ILY,A,90,4829,1JXS,A,98,0.2522522522522522,28,111,49,21,13,-55,0.4,False
4688,1ILY,A,90,4833,1G6E,A,87,0.2254901960784313,23,102,52,12,15,-56,0.4,False
4697,1D1N,A,99,4721,1D8J,A,81,0.25,27,108,45,9,27,-54,0.4,False
4697,1D1N,A,99,4740,1GH9,A,71,0.2621359223300971,27,103,40,4,32,-49,0.4,False
4697,1D1N,A,99,4752,1J9I,A,68,0.2621359223300971,27,103,37,4,35,-49,0.4,False
4697,1D1N,A,99,4757,1DV0,A,45,0.2254901960784313,23,102,19,3,57,-56,0.4,False
4697,1D1N,A,99,4759,1QPU,A,106,0.28,35,125,45,26,19,-55,0.4,False
4697,1D1N,A,99,4771,1S62,A,102,0.2288135593220339,27,118,56,19,16,-64,0.4,False
4697,1D1N,A,99,4781,1F6U,A,55,0.2352941176470588,24,102,28,3,47,-54,0.4,False
4697,1D1N,A,99,4792,2AN7,A,83,0.2612612612612612,29,111,42,12,28,-53,0.4,False
4697,1D1N,A,99,4829,1JXS,A,98,0.2792792792792792,31,111,55,12,13,-49,0.4,False
4697,1D1N,A,99,4833,1G6E,A,87,0.2169811320754717,23,106,57,7,19,-60,0.4,False
4700,1CF4,A,184,4721,1D8J,A,81,0.2169312169312169,41,189,35,5,108,-107,0.4,False
4700,1CF4,A,184,4740,1GH9,A,71,0.202127659574468,38,188,29,4,117,-112,0.4,False
4700,1CF4,A,184,4752,1J9I,A,68,0.1978609625668449,37,187,28,3,119,-113,0.4,False
4700,1CF4,A,184,4757,1DV0,A,45,0.1521739130434782,28,184,17,0,139,-128,0.4,False
4700,1CF4,A,184,4759,1QPU,A,106,0.2486772486772486,47,189,54,5,83,-95,0.4,False
4700,1CF4,A,184,4771,1S62,A,102,0.231578947368421,44,190,52,6,88,-102,0.4,False
4700,1CF4,A,184,4781,1F6U,A,55,0.1576086956521739,29,184,26,0,129,-126,0.4,False
4700,1CF4,A,184,4792,2AN7,A,83,0.2074468085106383,39,188,40,4,105,-110,0.4,False
4700,1CF4,A,184,4829,1JXS,A,98,0.2116402116402116,40,189,53,5,91,-109,0.4,False
4700,1CF4,A,184,4833,1G6E,A,87,0.2054054054054054,38,185,48,1,98,-109,0.4,False
4701,1D9S,A,136,4721,1D8J,A,81,0.217391304347826,30,138,49,2,57,-78,0.4,False
4701,1D9S,A,136,4740,1GH9,A,71,0.1956521739130435,27,138,42,2,67,-84,0.4,False
4701,1D9S,A,136,4752,1J9I,A,68,0.2101449275362318,29,138,37,2,70,-80,0.4,False
4701,1D9S,A,136,4757,1DV0,A,45,0.1739130434782608,24,138,19,2,93,-90,0.4,False
4701,1D9S,A,136,4759,1QPU,A,106,0.25,36,144,62,8,38,-72,0.4,False
4701,1D9S,A,136,4771,1S62,A,102,0.2262773722627737,31,137,70,1,35,-75,0.4,False
4701,1D9S,A,136,4781,1F6U,A,55,0.1798561151079136,25,139,27,3,84,-89,0.4,False
4701,1D9S,A,136,4792,2AN7,A,83,0.2777777777777778,40,144,35,8,61,-64,0.4,False
4701,1D9S,A,136,4829,1JXS,A,98,0.2097902097902098,30,143,61,7,45,-83,0.4,False
4701,1D9S,A,136,4833,1G6E,A,87,0.2246376811594203,31,138,54,2,51,-76,0.4,False
4706,1CX1,A,153,4721,1D8J,A,81,0.2142857142857142,33,154,47,1,73,-88,0.4,False
4706,1CX1,A,153,4740,1GH9,A,71,0.2,31,155,38,2,84,-93,0.4,False
4706,1CX1,A,153,4752,1J9I,A,68,0.2026143790849673,31,153,37,0,85,-91,0.4,False
4706,1CX1,A,153,4757,1DV0,A,45,0.1818181818181818,28,154,16,1,109,-98,0.4,False
4706,1CX1,A,153,4759,1QPU,A,106,0.2514970059880239,42,167,50,14,61,-83,0.4,False
4706,1CX1,A,153,4771,1S62,A,102,0.2243589743589743,35,156,64,3,54,-86,0.4,False
4706,1CX1,A,153,4781,1F6U,A,55,0.1372549019607843,21,153,34,0,98,-111,0.4,False
4706,1CX1,A,153,4792,2AN7,A,83,0.2179487179487179,34,156,46,3,73,-88,0.4,False
4706,1CX1,A,153,4829,1JXS,A,98,0.2243589743589743,35,156,60,3,58,-86,0.4,False
4706,1CX1,A,153,4833,1G6E,A,87,0.23125,37,160,43,7,73,-86,0.4,False
4716,1N4C,A,182,4721,1D8J,A,81,0.2204301075268817,41,186,36,4,105,-104,0.4,False
4716,1N4C,A,182,4740,1GH9,A,71,0.1923076923076923,35,182,36,0,111,-112,0.4,False
4716,1N4C,A,182,4752,1J9I,A,68,0.2,37,185,28,3,117,-111,0.4,False
4716,1N4C,A,182,4757,1DV0,A,45,0.1428571428571428,26,182,19,0,137,-130,0.4,False
4716,1N4C,A,182,4759,1QPU,A,106,0.2473118279569892,46,186,56,4,80,-94,0.4,False
4716,1N4C,A,182,4771,1S62,A,102,0.2473118279569892,46,186,52,4,84,-94,0.4,False
4716,1N4C,A,182,4781,1F6U,A,55,0.1758241758241758,32,182,23,0,127,-118,0.4,False
4716,1N4C,A,182,4792,2AN7,A,83,0.2365591397849462,44,186,35,4,103,-98,0.4,False
4716,1N4C,A,182,4829,1JXS,A,98,0.2204301075268817,41,186,53,4,88,-104,0.4,False
4716,1N4C,A,182,4833,1G6E,A,87,0.1967213114754098,36,183,50,1,96,-111,0.4,False
4717,1F7W,A,144,4721,1D8J,A,81,0.2162162162162162,32,148,45,4,67,-84,0.4,False
4717,1F7W,A,144,4740,1GH9,A,71,0.2027027027027027,30,148,37,4,77,-88,0.4,False
4717,1F7W,A,144,4752,1J9I,A,68,0.2176870748299319,32,147,33,3,79,-83,0.4,False
4717,1F7W,A,144,4757,1DV0,A,45,0.184931506849315,27,146,16,2,101,-92,0.4,False
4717,1F7W,A,144,4759,1QPU,A,106,0.2662337662337662,41,154,55,10,48,-72,0.4,False
4717,1F7W,A,144,4771,1S62,A,102,0.2214765100671141,33,149,64,5,47,-83,0.4,False
4717,1F7W,A,144,4781,1F6U,A,55,0.1891891891891892,28,148,23,4,93,-92,0.4,False
4717,1F7W,A,144,4792,2AN7,A,83,0.25,37,148,42,4,65,-74,0.4,False
4717,1F7W,A,144,4829,1JXS,A,98,0.25,38,152,52,8,54,-76,0.4,False
4717,1F7W,A,144,4833,1G6E,A,87,0.2364864864864864,35,148,48,4,61,-78,0.4,False
4721,1D8J,A,81,4735,1JYT,A,163,0.2303030303030303,38,165,41,84,2,-89,0.4,False
4721,1D8J,A,81,4751,1IVM,A,130,0.2444444444444444,33,135,43,54,5,-69,0.4,False
4721,1D8J,A,81,4775,1DUJ,A,187,0.2222222222222222,42,189,37,108,2,-105,0.4,False
4721,1D8J,A,81,4779,1PLO,A,122,0.232,29,125,49,44,3,-67,0.4,False
4721,1D8J,A,81,4791,1JR6,A,138,0.2307692307692307,33,143,43,62,5,-77,0.4,False
4721,1D8J,A,81,4797,1KD6,A,179,0.2240437158469945,41,183,36,102,4,-101,0.4,False
4721,1D8J,A,81,4814,1LS4,A,164,0.2142857142857142,36,168,41,87,4,-96,0.4,False
4721,1D8J,A,81,4825,1M58,A,106,0.2123893805309734,24,113,50,32,7,-65,0.4,False
4721,1D8J,A,81,4841,1E91,A,85,0.2959183673469387,29,98,39,17,13,-40,0.4,False
4735,1JYT,A,163,4740,1GH9,A,71,0.2130177514792899,36,169,29,6,98,-97,0.4,False
4735,1JYT,A,163,4752,1J9I,A,68,0.2242424242424242,37,165,29,2,97,-91,0.4,False
4735,1JYT,A,163,4757,1DV0,A,45,0.1636363636363636,27,165,16,2,120,-111,0.4,False
4735,1JYT,A,163,4759,1QPU,A,106,0.2485549132947976,43,173,53,10,67,-87,0.4,False
4735,1JYT,A,163,4771,1S62,A,102,0.25,42,168,55,5,66,-84,0.4,False
4735,1JYT,A,163,4781,1F6U,A,55,0.1656441717791411,27,163,28,0,108,-109,0.4,False
4735,1JYT,A,163,4792,2AN7,A,83,0.244047619047619,41,168,37,5,85,-86,0.4,False
4735,1JYT,A,163,4829,1JXS,A,98,0.2181818181818181,36,165,60,2,67,-93,0.4,False
4735,1JYT,A,163,4833,1G6E,A,87,0.2,33,165,52,2,78,-99,0.4,False
4740,1GH9,A,71,4751,1IVM,A,130,0.2137404580152671,28,131,42,60,1,-75,0.4,False
4740,1GH9,A,71,4775,1DUJ,A,187,0.201058201058201,38,189,31,118,2,-113,0.4,False
4740,1GH9,A,71,4779,1PLO,A,122,0.224,28,125,40,54,3,-69,0.4,False
4740,1GH9,A,71,4791,1JR6,A,138,0.2071428571428571,29,140,40,69,2,-82,0.4,False
4740,1GH9,A,71,4797,1KD6,A,179,0.2011173184357542,36,179,35,108,0,-107,0.4,False
4740,1GH9,A,71,4814,1LS4,A,164,0.1867469879518072,31,166,38,95,2,-104,0.4,False
4740,1GH9,A,71,4825,1M58,A,106,0.247787610619469,28,113,36,42,7,-57,0.4,False
4740,1GH9,A,71,4841,1E91,A,85,0.2708333333333333,26,96,34,25,11,-44,0.4,False
4751,1IVM,A,130,4752,1J9I,A,68,0.2290076335877862,30,131,37,1,63,-71,0.4,False
4751,1IVM,A,130,4757,1DV0,A,45,0.1969696969696969,26,132,17,2,87,-80,0.4,False
4751,1IVM,A,130,4759,1QPU,A,106,0.25,36,144,56,14,38,-72,0.4,False
4751,1IVM,A,130,4771,1S62,A,102,0.2631578947368421,35,133,64,3,31,-63,0.4,False
4751,1IVM,A,130,4781,1F6U,A,55,0.183206106870229,24,131,30,1,76,-83,0.4,False
4751,1IVM,A,130,4792,2AN7,A,83,0.2105263157894736,28,133,52,3,50,-77,0.4,False
4751,1IVM,A,130,4829,1JXS,A,98,0.2447552447552447,35,143,50,13,45,-73,0.4,False
4751,1IVM,A,130,4833,1G6E,A,87,0.271523178807947,41,151,25,21,64,-69,0.4,False
4752,1J9I,A,68,4775,1DUJ,A,187,0.1818181818181818,34,187,34,119,0,-119,0.4,False
4752,1J9I,A,68,4779,1PLO,A,122,0.232,29,125,36,57,3,-67,0.4,False
4752,1J9I,A,68,4791,1JR6,A,138,0.2028985507246377,28,138,40,70,0,-82,0.4,False
4752,1J9I,A,68,4797,1KD6,A,179,0.2087912087912088,38,182,27,114,3,-106,0.4,False
4752,1J9I,A,68,4814,1LS4,A,164,0.1939393939393939,32,165,35,97,1,-101,0.4,False
4752,1J9I,A,68,4825,1M58,A,106,0.2660550458715596,29,109,36,41,3,-51,0.4,False
4752,1J9I,A,68,4841,1E91,A,85,0.2717391304347826,25,92,36,24,7,-42,0.4,False
4757,1DV0,A,45,4775,1DUJ,A,187,0.1497326203208556,28,187,17,142,0,-131,0.4,False
4757,1DV0,A,45,4779,1PLO,A,122,0.1639344262295081,20,122,25,77,0,-82,0.4,False
4757,1DV0,A,45,4791,1JR6,A,138,0.1726618705035971,24,139,20,94,1,-91,0.4,False
4757,1DV0,A,45,4797,1KD6,A,179,0.1452513966480447,26,179,19,134,0,-127,0.4,False
4757,1DV0,A,45,4814,1LS4,A,164,0.1757575757575757,29,165,15,120,1,-107,0.4,False
4757,1DV0,A,45,4825,1M58,A,106,0.2222222222222222,24,108,19,63,2,-60,0.4,False
4757,1DV0,A,45,4841,1E91,A,85,0.2727272727272727,24,88,18,43,3,-40,0.4,False
4759,1QPU,A,106,4775,1DUJ,A,187,0.233160621761658,45,193,55,87,6,-103,0.4,False
4759,1QPU,A,106,4779,1PLO,A,122,0.2279411764705882,31,136,61,30,14,-74,0.4,False
4759,1QPU,A,106,4791,1JR6,A,138,0.2430555555555555,35,144,65,38,6,-74,0.4,False
4759,1QPU,A,106,4797,1KD6,A,179,0.2349726775956284,43,183,59,77,4,-97,0.4,False
4759,1QPU,A,106,4814,1LS4,A,164,0.2738095238095238,46,168,56,62,4,-76,0.4,False
4759,1QPU,A,106,4825,1M58,A,106,0.2419354838709677,30,124,58,18,18,-64,0.4,False
4759,1QPU,A,106,4841,1E91,A,85,0.2672413793103448,31,116,44,10,31,-54,0.4,False
4771,1S62,A,102,4775,1DUJ,A,187,0.2323232323232323,46,198,45,96,11,-106,0.4,False
4771,1S62,A,102,4779,1PLO,A,122,0.2213740458015267,29,131,64,29,9,-73,0.4,False
4771,1S62,A,102,4791,1JR6,A,138,0.2567567567567567,38,148,54,46,10,-72,0.4,False
4771,1S62,A,102,4797,1KD6,A,179,0.2404371584699453,44,183,54,81,4,-95,0.4,False
4771,1S62,A,102,4814,1LS4,A,164,0.2456140350877192,42,171,53,69,7,-87,0.4,False
4771,1S62,A,102,4825,1M58,A,106,0.246031746031746,31,126,51,24,20,-64,0.4,False
4771,1S62,A,102,4841,1E91,A,85,0.2293577981651376,25,109,53,7,24,-59,0.4,False
4775,1DUJ,A,187,4781,1F6U,A,55,0.1657754010695187,31,187,24,0,132,-125,0.4,False
4775,1DUJ,A,187,4792,2AN7,A,83,0.2074468085106383,39,188,43,1,105,-110,0.4,False
4775,1DUJ,A,187,4829,1JXS,A,98,0.225130890052356,43,191,51,4,93,-105,0.4,False
4775,1DUJ,A,187,4833,1G6E,A,87,0.2157894736842105,41,190,43,3,103,-108,0.4,False
4779,1PLO,A,122,4781,1F6U,A,55,0.2177419354838709,27,124,26,2,69,-70,0.4,False
4779,1PLO,A,122,4792,2AN7,A,83,0.2093023255813953,27,129,49,7,46,-75,0.4,False
4779,1PLO,A,122,4829,1JXS,A,98,0.2421875,31,128,61,6,30,-66,0.4,False
4779,1PLO,A,122,4833,1G6E,A,87,0.2137404580152671,28,131,50,9,44,-75,0.4,False
4781,1F6U,A,55,4791,1JR6,A,138,0.1654676258992805,23,139,31,84,1,-93,0.4,False
4781,1F6U,A,55,4797,1KD6,A,179,0.1538461538461538,28,182,24,127,3,-126,0.4,False
4781,1F6U,A,55,4814,1LS4,A,164,0.1463414634146341,24,164,31,109,0,-116,0.4,False
4781,1F6U,A,55,4825,1M58,A,106,0.2407407407407407,26,108,27,53,2,-56,0.4,False
4781,1F6U,A,55,4841,1E91,A,85,0.2045454545454545,18,88,34,33,3,-52,0.4,False
4791,1JR6,A,138,4792,2AN7,A,83,0.2447552447552447,35,143,43,5,60,-73,0.4,False
4791,1JR6,A,138,4829,1JXS,A,98,0.2377622377622377,34,143,59,5,45,-75,0.4,False
4791,1JR6,A,138,4833,1G6E,A,87,0.2551724137931034,37,145,43,7,58,-71,0.4,False
4792,2AN7,A,83,4797,1KD6,A,179,0.2258064516129032,42,186,34,103,7,-102,0.4,False
4792,2AN7,A,83,4814,1LS4,A,164,0.2275449101796407,38,167,42,84,3,-91,0.4,False
4792,2AN7,A,83,4825,1M58,A,106,0.2758620689655172,32,116,41,33,10,-52,0.4,False
4792,2AN7,A,83,4841,1E91,A,85,0.26,26,100,42,17,15,-48,0.4,False
4797,1KD6,A,179,4829,1JXS,A,98,0.2282608695652173,42,184,51,5,86,-100,0.4,False
4797,1KD6,A,179,4833,1G6E,A,87,0.2307692307692307,42,182,42,3,95,-98,0.4,False
4814,1LS4,A,164,4829,1JXS,A,98,0.2573099415204678,44,171,47,7,73,-83,0.4,False
4814,1LS4,A,164,4833,1G6E,A,87,0.2352941176470588,40,170,41,6,83,-90,0.4,False
4825,1M58,A,106,4829,1JXS,A,98,0.2764227642276423,34,123,47,17,25,-55,0.4,False
4825,1M58,A,106,4833,1G6E,A,87,0.2735042735042735,32,117,44,11,30,-53,0.4,False
4829,1JXS,A,98,4841,1E91,A,85,0.2592592592592592,28,108,47,10,23,-52,0.4,False
4833,1G6E,A,87,4841,1E91,A,85,0.2429906542056074,26,107,39,20,22,-55,0.4,False
