component_id,bmrb_id,pdb_id,chain_id,selected_shift_list_id,entity_assembly_id,entity_id,comp_index_id,seq_id,target_comp_id,shift_h_raw,shift_n_raw,entity_position_zero_based,pdb_position_zero_based,pdb_resseq,pdb_insertion_code,pdb_comp_id,mapping_status,mapped_target,reference_correction_applied,v14_expansion_split,development_candidate_rank
CC0060,4661,1C15,A,1,1,1,1,1,MET,8.11,123.5,0,0.0,1.0,,MET,mapped,True,False,train,2
CC0060,4661,1C15,A,1,1,1,2,2,ASP,9.39,127.0,1,1.0,2.0,,ASP,mapped,True,False,train,2
CC0060,4661,1C15,A,1,1,1,3,3,ALA,8.69,125.9,2,2.0,3.0,,ALA,mapped,True,False,train,2
CC0060,4661,1C15,A,1,1,1,4,4,LYS,8.54,116.3,3,3.0,4.0,,LYS,mapped,True,False,train,2
CC0060,4661,1C15,A,1,1,1,5,5,ALA,6.74,122.8,4,4.0,5.0,,ALA,mapped,True,False,train,2
CC0060,4661,1C15,A,1,1,1,6,6,ARG,7.9,118.3,5,5.0,6.0,,ARG,mapped,True,False,train,2
CC0060,4661,1C15,A,1,1,1,7,7,ASN,8.61,114.1,6,6.0,7.0,,ASN,mapped,True,False,train,2
CC0060,4661,1C15,A,1,1,1,8,8,CYS,7.71,121.3,7,7.0,8.0,,CYS,mapped,True,False,train,2
CC0060,4661,1C15,A,1,1,1,9,9,LEU,7.86,118.0,8,8.0,9.0,,LEU,mapped,True,False,train,2
CC0060,4661,1C15,A,1,1,1,10,10,LEU,8.16,114.6,9,9.0,10.0,,LEU,mapped,True,False,train,2
CC0060,4661,1C15,A,1,1,1,11,11,GLN,8.3,119.1,10,10.0,11.0,,GLN,mapped,True,False,train,2
CC0060,4661,1C15,A,1,1,1,12,12,HIS,7.29,114.1,11,11.0,12.0,,HIS,mapped,True,False,train,2
CC0060,4661,1C15,A,1,1,1,13,13,ARG,7.37,120.9,12,12.0,13.0,,ARG,mapped,True,False,train,2
CC0060,4661,1C15,A,1,1,1,14,14,GLU,8.68,118.0,13,13.0,14.0,,GLU,mapped,True,False,train,2
CC0060,4661,1C15,A,1,1,1,15,15,ALA,7.73,121.7,14,14.0,15.0,,ALA,mapped,True,False,train,2
CC0060,4661,1C15,A,1,1,1,16,16,LEU,7.91,116.3,15,15.0,16.0,,LEU,mapped,True,False,train,2
CC0060,4661,1C15,A,1,1,1,17,17,GLU,8.5,115.4,16,16.0,17.0,,GLU,mapped,True,False,train,2
CC0060,4661,1C15,A,1,1,1,18,18,LYS,7.28,114.1,17,17.0,18.0,,LYS,mapped,True,False,train,2
CC0060,4661,1C15,A,1,1,1,19,19,ASP,6.95,113.7,18,18.0,19.0,,ASP,mapped,True,False,train,2
CC0060,4661,1C15,A,1,1,1,20,20,ILE,7.52,112.6,19,19.0,20.0,,ILE,mapped,True,False,train,2
CC0060,4661,1C15,A,1,1,1,21,21,LYS,7.37,122.8,20,20.0,21.0,,LYS,mapped,True,False,train,2
CC0060,4661,1C15,A,1,1,1,24,24,TYR,7.46,118.7,23,23.0,24.0,,TYR,mapped,True,False,train,2
CC0060,4661,1C15,A,1,1,1,25,25,ILE,7.27,116.5,24,24.0,25.0,,ILE,mapped,True,False,train,2
CC0060,4661,1C15,A,1,1,1,26,26,MET,8.44,117.0,25,25.0,26.0,,MET,mapped,True,False,train,2
CC0060,4661,1C15,A,1,1,1,27,27,ASP,7.79,117.8,26,26.0,27.0,,ASP,mapped,True,False,train,2
CC0060,4661,1C15,A,1,1,1,28,28,HIS,7.21,116.3,27,27.0,28.0,,HIS,mapped,True,False,train,2
CC0060,4661,1C15,A,1,1,1,29,29,MET,7.65,117.0,28,28.0,29.0,,MET,mapped,True,False,train,2
CC0060,4661,1C15,A,1,1,1,30,30,ILE,8.95,121.3,29,29.0,30.0,,ILE,mapped,True,False,train,2
CC0060,4661,1C15,A,1,1,1,31,31,SER,7.8,117.4,30,30.0,31.0,,SER,mapped,True,False,train,2
CC0060,4661,1C15,A,1,1,1,32,32,ASP,7.93,117.8,31,31.0,32.0,,ASP,mapped,True,False,train,2
CC0060,4661,1C15,A,1,1,1,33,33,GLY,7.54,104.3,32,32.0,33.0,,GLY,mapped,True,False,train,2
CC0060,4661,1C15,A,1,1,1,34,34,PHE,7.69,117.0,33,33.0,34.0,,PHE,mapped,True,False,train,2
CC0060,4661,1C15,A,1,1,1,35,35,LEU,7.05,119.1,34,34.0,35.0,,LEU,mapped,True,False,train,2
CC0060,4661,1C15,A,1,1,1,36,36,THR,8.96,115.7,35,35.0,36.0,,THR,mapped,True,False,train,2
CC0060,4661,1C15,A,1,1,1,37,37,ILE,8.58,119.4,36,36.0,37.0,,ILE,mapped,True,False,train,2
CC0060,4661,1C15,A,1,1,1,38,38,SER,7.98,115.0,37,37.0,38.0,,SER,mapped,True,False,train,2
CC0060,4661,1C15,A,1,1,1,39,39,GLU,7.57,123.3,38,38.0,39.0,,GLU,mapped,True,False,train,2
CC0060,4661,1C15,A,1,1,1,40,40,GLU,8.23,120.2,39,39.0,40.0,,GLU,mapped,True,False,train,2
CC0060,4661,1C15,A,1,1,1,41,41,GLU,8.03,117.6,40,40.0,41.0,,GLU,mapped,True,False,train,2
CC0060,4661,1C15,A,1,1,1,42,42,LYS,7.33,118.3,41,41.0,42.0,,LYS,mapped,True,False,train,2
CC0060,4661,1C15,A,1,1,1,43,43,VAL,7.78,118.9,42,42.0,43.0,,VAL,mapped,True,False,train,2
CC0060,4661,1C15,A,1,1,1,44,44,ARG,8.35,115.9,43,43.0,44.0,,ARG,mapped,True,False,train,2
CC0060,4661,1C15,A,1,1,1,45,45,ASN,7.37,113.3,44,44.0,45.0,,ASN,mapped,True,False,train,2
CC0060,4661,1C15,A,1,1,1,46,46,GLU,7.74,120.9,45,45.0,46.0,,GLU,mapped,True,False,train,2
CC0060,4661,1C15,A,1,1,1,48,48,THR,6.77,104.6,47,47.0,48.0,,THR,mapped,True,False,train,2
CC0060,4661,1C15,A,1,1,1,51,51,GLN,7.6,117.0,50,50.0,51.0,,GLN,mapped,True,False,train,2
CC0060,4661,1C15,A,1,1,1,52,52,ARG,8.44,122.3,51,51.0,52.0,,ARG,mapped,True,False,train,2
CC0060,4661,1C15,A,1,1,1,53,53,ALA,8.13,121.3,52,52.0,53.0,,ALA,mapped,True,False,train,2
CC0060,4661,1C15,A,1,1,1,54,54,ALA,8.42,118.0,53,53.0,54.0,,ALA,mapped,True,False,train,2
CC0060,4661,1C15,A,1,1,1,55,55,MET,7.82,117.6,54,54.0,55.0,,MET,mapped,True,False,train,2
CC0060,4661,1C15,A,1,1,1,56,56,LEU,8.2,120.2,55,55.0,56.0,,LEU,mapped,True,False,train,2
CC0060,4661,1C15,A,1,1,1,57,57,ILE,8.11,117.6,56,56.0,57.0,,ILE,mapped,True,False,train,2
CC0060,4661,1C15,A,1,1,1,58,58,LYS,7.8,118.7,57,57.0,58.0,,LYS,mapped,True,False,train,2
CC0060,4661,1C15,A,1,1,1,59,59,MET,7.95,116.3,58,58.0,59.0,,MET,mapped,True,False,train,2
CC0060,4661,1C15,A,1,1,1,60,60,ILE,8.18,120.4,59,59.0,60.0,,ILE,mapped,True,False,train,2
CC0060,4661,1C15,A,1,1,1,61,61,LEU,8.02,117.6,60,60.0,61.0,,LEU,mapped,True,False,train,2
CC0060,4661,1C15,A,1,1,1,62,62,LYS,7.02,115.9,61,61.0,62.0,,LYS,mapped,True,False,train,2
CC0060,4661,1C15,A,1,1,1,63,63,LYS,7.83,121.5,62,62.0,63.0,,LYS,mapped,True,False,train,2
CC0060,4661,1C15,A,1,1,1,64,64,ASP,7.54,117.4,63,63.0,64.0,,ASP,mapped,True,False,train,2
CC0060,4661,1C15,A,1,1,1,65,65,ASN,8.53,118.5,64,64.0,65.0,,ASN,mapped,True,False,train,2
CC0060,4661,1C15,A,1,1,1,66,66,ASP,8.11,118.0,65,65.0,66.0,,ASP,mapped,True,False,train,2
CC0060,4661,1C15,A,1,1,1,67,67,SER,7.88,117.6,66,66.0,67.0,,SER,mapped,True,False,train,2
CC0060,4661,1C15,A,1,1,1,68,68,TYR,7.55,123.7,67,67.0,68.0,,TYR,mapped,True,False,train,2
CC0060,4661,1C15,A,1,1,1,69,69,VAL,7.95,118.3,68,68.0,69.0,,VAL,mapped,True,False,train,2
CC0060,4661,1C15,A,1,1,1,70,70,SER,7.66,113.7,69,69.0,70.0,,SER,mapped,True,False,train,2
CC0060,4661,1C15,A,1,1,1,71,71,PHE,8.17,120.9,70,70.0,71.0,,PHE,mapped,True,False,train,2
CC0060,4661,1C15,A,1,1,1,72,72,TYR,8.43,119.8,71,71.0,72.0,,TYR,mapped,True,False,train,2
CC0060,4661,1C15,A,1,1,1,73,73,ASN,8.85,116.7,72,72.0,73.0,,ASN,mapped,True,False,train,2
CC0060,4661,1C15,A,1,1,1,74,74,ALA,8.39,124.8,73,73.0,74.0,,ALA,mapped,True,False,train,2
CC0060,4661,1C15,A,1,1,1,75,75,LEU,7.96,117.2,74,74.0,75.0,,LEU,mapped,True,False,train,2
CC0060,4661,1C15,A,1,1,1,76,76,LEU,7.57,117.8,75,75.0,76.0,,LEU,mapped,True,False,train,2
CC0060,4661,1C15,A,1,1,1,77,77,HIS,8.39,118.9,76,76.0,77.0,,HIS,mapped,True,False,train,2
CC0060,4661,1C15,A,1,1,1,78,78,GLU,7.6,113.9,77,77.0,78.0,,GLU,mapped,True,False,train,2
CC0060,4661,1C15,A,1,1,1,79,79,GLY,7.45,105.0,78,78.0,79.0,,GLY,mapped,True,False,train,2
CC0060,4661,1C15,A,1,1,1,80,80,TYR,8.32,122.8,79,79.0,80.0,,TYR,mapped,True,False,train,2
CC0060,4661,1C15,A,1,1,1,81,81,LYS,7.7,120.7,80,80.0,81.0,,LYS,mapped,True,False,train,2
CC0060,4661,1C15,A,1,1,1,82,82,ASP,8.41,118.9,81,81.0,82.0,,ASP,mapped,True,False,train,2
CC0060,4661,1C15,A,1,1,1,83,83,LEU,7.68,119.6,82,82.0,83.0,,LEU,mapped,True,False,train,2
CC0060,4661,1C15,A,1,1,1,84,84,ALA,8.18,119.6,83,83.0,84.0,,ALA,mapped,True,False,train,2
CC0060,4661,1C15,A,1,1,1,85,85,ALA,7.57,117.8,84,84.0,85.0,,ALA,mapped,True,False,train,2
CC0060,4661,1C15,A,1,1,1,86,86,LEU,7.17,116.7,85,85.0,86.0,,LEU,mapped,True,False,train,2
CC0060,4661,1C15,A,1,1,1,87,87,LEU,7.29,114.1,86,86.0,87.0,,LEU,mapped,True,False,train,2
CC0060,4661,1C15,A,1,1,1,88,88,HIS,8.12,122.4,87,87.0,88.0,,HIS,mapped,True,False,train,2
CC0060,4661,1C15,A,1,1,1,89,89,ASP,8.28,116.7,88,88.0,89.0,,ASP,mapped,True,False,train,2
CC0060,4661,1C15,A,1,1,1,90,90,GLY,7.47,104.6,89,89.0,90.0,,GLY,mapped,True,False,train,2
CC0060,4661,1C15,A,1,1,1,91,91,ILE,6.89,120.0,90,90.0,91.0,,ILE,mapped,True,False,train,2
CC0060,4661,1C15,A,1,1,1,93,93,VAL,8.07,120.9,92,92.0,93.0,,VAL,mapped,True,False,train,2
CC0060,4661,1C15,A,1,1,1,94,94,VAL,8.16,124.1,93,93.0,94.0,,VAL,mapped,True,False,train,2
CC0060,4661,1C15,A,1,1,1,95,95,SER,8.42,119.8,94,94.0,95.0,,SER,mapped,True,False,train,2
CC0060,4661,1C15,A,1,1,1,96,96,SER,7.97,122.8,95,95.0,96.0,,SER,mapped,True,False,train,2
CC0078,4759,1QPU,A,1,1,1,2,2,ASP,8.7,119.1,1,1.0,2.0,,ASP,mapped,True,False,train,5
CC0078,4759,1QPU,A,1,1,1,3,3,LEU,8.5,121.7,2,2.0,3.0,,LEU,mapped,True,False,train,5
CC0078,4759,1QPU,A,1,1,1,4,4,GLU,8.5,116.7,3,3.0,4.0,,GLU,mapped,True,False,train,5
CC0078,4759,1QPU,A,1,1,1,12,12,ASP,9.3,117.7,11,11.0,12.0,,ASP,mapped,True,False,train,5
CC0078,4759,1QPU,A,1,1,1,13,13,ASN,7.9,116.2,12,12.0,13.0,,ASN,mapped,True,False,train,5
CC0078,4759,1QPU,A,1,1,1,14,14,LEU,8.3,123.8,13,13.0,14.0,,LEU,mapped,True,False,train,5
CC0078,4759,1QPU,A,1,1,1,15,15,LYS,7.5,116.7,14,14.0,15.0,,LYS,mapped,True,False,train,5
CC0078,4759,1QPU,A,1,1,1,16,16,VAL,7.5,118.5,15,15.0,16.0,,VAL,mapped,True,False,train,5
CC0078,4759,1QPU,A,1,1,1,17,17,ILE,8.0,119.1,16,16.0,17.0,,ILE,mapped,True,False,train,5
CC0078,4759,1QPU,A,1,1,1,18,18,GLU,7.9,116.4,17,17.0,18.0,,GLU,mapped,True,False,train,5
CC0078,4759,1QPU,A,1,1,1,19,19,LYS,7.4,115.1,18,18.0,19.0,,LYS,mapped,True,False,train,5
CC0078,4759,1QPU,A,1,1,1,20,20,ALA,7.3,123.0,19,19.0,20.0,,ALA,mapped,True,False,train,5
CC0078,4759,1QPU,A,1,1,1,21,21,ASP,8.7,115.7,20,20.0,21.0,,ASP,mapped,True,False,train,5
CC0078,4759,1QPU,A,1,1,1,22,22,ASN,7.6,113.0,21,21.0,22.0,,ASN,mapped,True,False,train,5
CC0078,4759,1QPU,A,1,1,1,23,23,ALA,9.1,121.9,22,22.0,23.0,,ALA,mapped,True,False,train,5
CC0078,4759,1QPU,A,1,1,1,24,24,ALA,8.4,121.7,23,23.0,24.0,,ALA,mapped,True,False,train,5
CC0078,4759,1QPU,A,1,1,1,25,25,GLN,8.0,117.0,24,24.0,25.0,,GLN,mapped,True,False,train,5
CC0078,4759,1QPU,A,1,1,1,26,26,VAL,7.1,117.5,25,25.0,26.0,,VAL,mapped,True,False,train,5
CC0078,4759,1QPU,A,1,1,1,27,27,LYS,8.8,119.1,26,26.0,27.0,,LYS,mapped,True,False,train,5
CC0078,4759,1QPU,A,1,1,1,28,28,ASP,8.2,120.1,27,27.0,28.0,,ASP,mapped,True,False,train,5
CC0078,4759,1QPU,A,1,1,1,29,29,ALA,7.6,121.2,28,28.0,29.0,,ALA,mapped,True,False,train,5
CC0078,4759,1QPU,A,1,1,1,30,30,LEU,8.6,117.7,29,29.0,30.0,,LEU,mapped,True,False,train,5
CC0078,4759,1QPU,A,1,1,1,31,31,THR,8.3,115.9,30,30.0,31.0,,THR,mapped,True,False,train,5
CC0078,4759,1QPU,A,1,1,1,32,32,LYS,7.5,121.9,31,31.0,32.0,,LYS,mapped,True,False,train,5
CC0078,4759,1QPU,A,1,1,1,33,33,MET,8.3,118.3,32,32.0,33.0,,MET,mapped,True,False,train,5
CC0078,4759,1QPU,A,1,1,1,34,34,ARG,8.5,120.4,33,33.0,34.0,,ARG,mapped,True,False,train,5
CC0078,4759,1QPU,A,1,1,1,35,35,ALA,7.0,116.4,34,34.0,35.0,,ALA,mapped,True,False,train,5
CC0078,4759,1QPU,A,1,1,1,36,36,ALA,7.4,120.1,35,35.0,36.0,,ALA,mapped,True,False,train,5
CC0078,4759,1QPU,A,1,1,1,37,37,ALA,8.2,119.6,36,36.0,37.0,,ALA,mapped,True,False,train,5
CC0078,4759,1QPU,A,1,1,1,38,38,LEU,7.4,114.6,37,37.0,38.0,,LEU,mapped,True,False,train,5
CC0078,4759,1QPU,A,1,1,1,39,39,ASP,7.4,118.8,38,38.0,39.0,,ASP,mapped,True,False,train,5
CC0078,4759,1QPU,A,1,1,1,40,40,ALA,7.8,123.5,39,39.0,40.0,,ALA,mapped,True,False,train,5
CC0078,4759,1QPU,A,1,1,1,41,41,GLN,6.5,112.8,40,40.0,41.0,,GLN,mapped,True,False,train,5
CC0078,4759,1QPU,A,1,1,1,42,42,LYS,6.8,113.6,41,41.0,42.0,,LYS,mapped,True,False,train,5
CC0078,4759,1QPU,A,1,1,1,43,43,ALA,7.7,122.5,42,42.0,43.0,,ALA,mapped,True,False,train,5
CC0078,4759,1QPU,A,1,1,1,44,44,THR,8.2,114.1,43,43.0,44.0,,THR,mapped,True,False,train,5
CC0078,4759,1QPU,A,1,1,1,47,47,LYS,9.5,115.1,46,46.0,47.0,,LYS,mapped,True,False,train,5
CC0078,4759,1QPU,A,1,1,1,48,48,LEU,7.9,114.3,47,47.0,48.0,,LEU,mapped,True,False,train,5
CC0078,4759,1QPU,A,1,1,1,49,49,GLU,7.3,118.5,48,48.0,49.0,,GLU,mapped,True,False,train,5
CC0078,4759,1QPU,A,1,1,1,50,50,ASP,8.5,114.9,49,49.0,50.0,,ASP,mapped,True,False,train,5
CC0078,4759,1QPU,A,1,1,1,51,51,LYS,7.7,118.5,50,50.0,51.0,,LYS,mapped,True,False,train,5
CC0078,4759,1QPU,A,1,1,1,52,52,SER,8.9,117.0,51,51.0,52.0,,SER,mapped,True,False,train,5
CC0078,4759,1QPU,A,1,1,1,54,54,ASP,8.0,113.3,53,53.0,54.0,,ASP,mapped,True,False,train,5
CC0078,4759,1QPU,A,1,1,1,55,55,SER,7.8,115.7,54,54.0,55.0,,SER,mapped,True,False,train,5
CC0078,4759,1QPU,A,1,1,1,57,57,GLU,9.7,117.5,56,56.0,57.0,,GLU,mapped,True,False,train,5
CC0078,4759,1QPU,A,1,1,1,58,58,MET,7.6,117.2,57,57.0,58.0,,MET,mapped,True,False,train,5
CC0078,4759,1QPU,A,1,1,1,59,59,LYS,8.5,118.5,58,58.0,59.0,,LYS,mapped,True,False,train,5
CC0078,4759,1QPU,A,1,1,1,60,60,ASP,8.4,120.6,59,59.0,60.0,,ASP,mapped,True,False,train,5
CC0078,4759,1QPU,A,1,1,1,61,61,PHE,8.9,121.2,60,60.0,61.0,,PHE,mapped,True,False,train,5
CC0078,4759,1QPU,A,1,1,1,62,62,ARG,8.5,114.3,61,61.0,62.0,,ARG,mapped,True,False,train,5
CC0078,4759,1QPU,A,1,1,1,63,63,HIS,8.6,119.8,62,62.0,63.0,,HIS,mapped,True,False,train,5
CC0078,4759,1QPU,A,1,1,1,64,64,GLY,8.3,107.8,63,63.0,64.0,,GLY,mapped,True,False,train,5
CC0078,4759,1QPU,A,1,1,1,65,65,PHE,7.0,114.9,64,64.0,65.0,,PHE,mapped,True,False,train,5
CC0078,4759,1QPU,A,1,1,1,66,66,ASP,7.3,120.4,65,65.0,66.0,,ASP,mapped,True,False,train,5
CC0078,4759,1QPU,A,1,1,1,67,67,ILE,7.8,120.6,66,66.0,67.0,,ILE,mapped,True,False,train,5
CC0078,4759,1QPU,A,1,1,1,68,68,LEU,8.0,120.6,67,67.0,68.0,,LEU,mapped,True,False,train,5
CC0078,4759,1QPU,A,1,1,1,69,69,VAL,9.0,117.5,68,68.0,69.0,,VAL,mapped,True,False,train,5
CC0078,4759,1QPU,A,1,1,1,70,70,GLY,7.9,106.8,69,69.0,70.0,,GLY,mapped,True,False,train,5
CC0078,4759,1QPU,A,1,1,1,71,71,GLN,8.1,120.4,70,70.0,71.0,,GLN,mapped,True,False,train,5
CC0078,4759,1QPU,A,1,1,1,72,72,ILE,8.9,123.2,71,71.0,72.0,,ILE,mapped,True,False,train,5
CC0078,4759,1QPU,A,1,1,1,73,73,ASP,9.2,121.4,72,72.0,73.0,,ASP,mapped,True,False,train,5
CC0078,4759,1QPU,A,1,1,1,74,74,ASP,8.2,121.9,73,73.0,74.0,,ASP,mapped,True,False,train,5
CC0078,4759,1QPU,A,1,1,1,75,75,ALA,7.8,122.5,74,74.0,75.0,,ALA,mapped,True,False,train,5
CC0078,4759,1QPU,A,1,1,1,76,76,LEU,9.3,121.2,75,75.0,76.0,,LEU,mapped,True,False,train,5
CC0078,4759,1QPU,A,1,1,1,77,77,LYS,7.8,119.6,76,76.0,77.0,,LYS,mapped,True,False,train,5
CC0078,4759,1QPU,A,1,1,1,78,78,LEU,6.9,117.0,77,77.0,78.0,,LEU,mapped,True,False,train,5
CC0078,4759,1QPU,A,1,1,1,79,79,ALA,8.6,122.2,78,78.0,79.0,,ALA,mapped,True,False,train,5
CC0078,4759,1QPU,A,1,1,1,80,80,ASN,8.9,118.0,79,79.0,80.0,,ASN,mapped,True,False,train,5
CC0078,4759,1QPU,A,1,1,1,81,81,GLU,7.4,116.4,80,80.0,81.0,,GLU,mapped,True,False,train,5
CC0078,4759,1QPU,A,1,1,1,82,82,GLY,7.9,107.0,81,81.0,82.0,,GLY,mapped,True,False,train,5
CC0078,4759,1QPU,A,1,1,1,83,83,LYS,7.8,122.7,82,82.0,83.0,,LYS,mapped,True,False,train,5
CC0078,4759,1QPU,A,1,1,1,84,84,VAL,7.7,121.9,83,83.0,84.0,,VAL,mapped,True,False,train,5
CC0078,4759,1QPU,A,1,1,1,85,85,LYS,8.6,119.6,84,84.0,85.0,,LYS,mapped,True,False,train,5
CC0078,4759,1QPU,A,1,1,1,86,86,GLU,9.3,120.6,85,85.0,86.0,,GLU,mapped,True,False,train,5
CC0078,4759,1QPU,A,1,1,1,87,87,ALA,8.6,124.0,86,86.0,87.0,,ALA,mapped,True,False,train,5
CC0078,4759,1QPU,A,1,1,1,88,88,GLN,8.7,116.4,87,87.0,88.0,,GLN,mapped,True,False,train,5
CC0078,4759,1QPU,A,1,1,1,89,89,ALA,8.2,122.2,88,88.0,89.0,,ALA,mapped,True,False,train,5
CC0078,4759,1QPU,A,1,1,1,90,90,ALA,8.2,121.2,89,89.0,90.0,,ALA,mapped,True,False,train,5
CC0078,4759,1QPU,A,1,1,1,91,91,ALA,8.5,121.2,90,90.0,91.0,,ALA,mapped,True,False,train,5
CC0078,4759,1QPU,A,1,1,1,92,92,GLU,7.8,115.4,91,91.0,92.0,,GLU,mapped,True,False,train,5
CC0078,4759,1QPU,A,1,1,1,93,93,GLN,7.6,116.4,92,92.0,93.0,,GLN,mapped,True,False,train,5
CC0078,4759,1QPU,A,1,1,1,94,94,LEU,7.9,118.0,93,93.0,94.0,,LEU,mapped,True,False,train,5
CC0078,4759,1QPU,A,1,1,1,95,95,LYS,7.6,114.1,94,94.0,95.0,,LYS,mapped,True,False,train,5
CC0078,4759,1QPU,A,1,1,1,96,96,THR,7.4,114.9,95,95.0,96.0,,THR,mapped,True,False,train,5
CC0078,4759,1QPU,A,1,1,1,97,97,THR,7.2,120.9,96,96.0,97.0,,THR,mapped,True,False,train,5
CC0078,4759,1QPU,A,1,1,1,98,98,ARG,8.4,119.6,97,97.0,98.0,,ARG,mapped,True,False,train,5
CC0078,4759,1QPU,A,1,1,1,99,99,ASN,8.0,114.9,98,98.0,99.0,,ASN,mapped,True,False,train,5
CC0078,4759,1QPU,A,1,1,1,100,100,ALA,7.5,120.9,99,99.0,100.0,,ALA,mapped,True,False,train,5
CC0078,4759,1QPU,A,1,1,1,102,102,HIS,6.8,117.0,101,101.0,102.0,,HIS,mapped,True,False,train,5
CC0001,4232,1ZAC,A,1,1,1,2,2,SER,8.9,123.4,1,1.0,2.0,,SER,mapped,True,False,train,6
CC0001,4232,1ZAC,A,1,1,1,3,3,MET,9.06,123.8,2,2.0,3.0,,MET,mapped,True,False,train,6
CC0001,4232,1ZAC,A,1,1,1,4,4,THR,8.25,115.3,3,3.0,4.0,,THR,mapped,True,False,train,6
CC0001,4232,1ZAC,A,1,1,1,5,5,ASP,8.51,120.9,4,4.0,5.0,,ASP,mapped,True,False,train,6
CC0001,4232,1ZAC,A,1,1,1,6,6,GLN,8.46,119.6,5,5.0,6.0,,GLN,mapped,True,False,train,6
CC0001,4232,1ZAC,A,1,1,1,7,7,GLN,8.01,122.9,6,6.0,7.0,,GLN,mapped,True,False,train,6
CC0001,4232,1ZAC,A,1,1,1,8,8,ALA,8.04,123.0,7,7.0,8.0,,ALA,mapped,True,False,train,6
CC0001,4232,1ZAC,A,1,1,1,9,9,GLU,8.18,112.0,8,8.0,9.0,,GLU,mapped,True,False,train,6
CC0001,4232,1ZAC,A,1,1,1,10,10,ALA,8.16,124.2,9,9.0,10.0,,ALA,mapped,True,False,train,6
CC0001,4232,1ZAC,A,1,1,1,11,11,ARG,7.95,115.3,10,10.0,11.0,,ARG,mapped,True,False,train,6
CC0001,4232,1ZAC,A,1,1,1,12,12,ALA,7.65,119.3,11,11.0,12.0,,ALA,mapped,True,False,train,6
CC0001,4232,1ZAC,A,1,1,1,13,13,PHE,7.76,119.3,12,12.0,13.0,,PHE,mapped,True,False,train,6
CC0001,4232,1ZAC,A,1,1,1,14,14,LEU,7.46,118.8,13,13.0,14.0,,LEU,mapped,True,False,train,6
CC0001,4232,1ZAC,A,1,1,1,15,15,SER,8.12,116.9,14,14.0,15.0,,SER,mapped,True,False,train,6
CC0001,4232,1ZAC,A,1,1,1,16,16,GLU,9.13,121.7,15,15.0,16.0,,GLU,mapped,True,False,train,6
CC0001,4232,1ZAC,A,1,1,1,17,17,GLU,9.01,120.1,16,16.0,17.0,,GLU,mapped,True,False,train,6
CC0001,4232,1ZAC,A,1,1,1,18,18,MET,7.99,122.5,17,17.0,18.0,,MET,mapped,True,False,train,6
CC0001,4232,1ZAC,A,1,1,1,19,19,ILE,8.22,119.3,18,18.0,19.0,,ILE,mapped,True,False,train,6
CC0001,4232,1ZAC,A,1,1,1,20,20,ALA,7.86,120.5,19,19.0,20.0,,ALA,mapped,True,False,train,6
CC0001,4232,1ZAC,A,1,1,1,21,21,GLU,7.97,122.5,20,20.0,21.0,,GLU,mapped,True,False,train,6
CC0001,4232,1ZAC,A,1,1,1,22,22,PHE,9.21,122.1,21,21.0,22.0,,PHE,mapped,True,False,train,6
CC0001,4232,1ZAC,A,1,1,1,23,23,LYS,9.29,121.7,22,22.0,23.0,,LYS,mapped,True,False,train,6
CC0001,4232,1ZAC,A,1,1,1,24,24,ALA,7.92,120.1,23,23.0,24.0,,ALA,mapped,True,False,train,6
CC0001,4232,1ZAC,A,1,1,1,25,25,ALA,7.37,119.7,24,24.0,25.0,,ALA,mapped,True,False,train,6
CC0001,4232,1ZAC,A,1,1,1,26,26,PHE,8.41,119.4,25,25.0,26.0,,PHE,mapped,True,False,train,6
CC0001,4232,1ZAC,A,1,1,1,27,27,ASP,9.12,115.9,26,26.0,27.0,,ASP,mapped,True,False,train,6
CC0001,4232,1ZAC,A,1,1,1,28,28,MET,7.49,118.5,27,27.0,28.0,,MET,mapped,True,False,train,6
CC0001,4232,1ZAC,A,1,1,1,29,29,PHE,7.73,116.4,28,28.0,29.0,,PHE,mapped,True,False,train,6
CC0001,4232,1ZAC,A,1,1,1,30,30,ASP,7.26,122.9,29,29.0,30.0,,ASP,mapped,True,False,train,6
CC0001,4232,1ZAC,A,1,1,1,31,31,ALA,8.34,127.5,30,30.0,31.0,,ALA,mapped,True,False,train,6
CC0001,4232,1ZAC,A,1,1,1,32,32,ASP,8.44,114.7,31,31.0,32.0,,ASP,mapped,True,False,train,6
CC0001,4232,1ZAC,A,1,1,1,33,33,GLY,8.17,111.9,32,32.0,33.0,,GLY,mapped,True,False,train,6
CC0001,4232,1ZAC,A,1,1,1,34,34,GLY,8.86,110.7,33,33.0,34.0,,GLY,mapped,True,False,train,6
CC0001,4232,1ZAC,A,1,1,1,35,35,GLY,10.44,113.6,34,34.0,35.0,,GLY,mapped,True,False,train,6
CC0001,4232,1ZAC,A,1,1,1,36,36,ASP,7.87,118.1,35,35.0,36.0,,ASP,mapped,True,False,train,6
CC0001,4232,1ZAC,A,1,1,1,37,37,ILE,8.34,110.9,36,36.0,37.0,,ILE,mapped,True,False,train,6
CC0001,4232,1ZAC,A,1,1,1,38,38,SER,8.72,114.5,37,37.0,38.0,,SER,mapped,True,False,train,6
CC0001,4232,1ZAC,A,1,1,1,39,39,THR,8.71,119.3,38,38.0,39.0,,THR,mapped,True,False,train,6
CC0001,4232,1ZAC,A,1,1,1,40,40,LYS,8.2,120.5,39,39.0,40.0,,LYS,mapped,True,False,train,6
CC0001,4232,1ZAC,A,1,1,1,41,41,GLU,7.58,116.2,40,40.0,41.0,,GLU,mapped,True,False,train,6
CC0001,4232,1ZAC,A,1,1,1,42,42,LEU,7.15,120.5,41,41.0,42.0,,LEU,mapped,True,False,train,6
CC0001,4232,1ZAC,A,1,1,1,43,43,GLY,8.97,106.5,42,42.0,43.0,,GLY,mapped,True,False,train,6
CC0001,4232,1ZAC,A,1,1,1,44,44,THR,7.57,118.6,43,43.0,44.0,,THR,mapped,True,False,train,6
CC0001,4232,1ZAC,A,1,1,1,45,45,VAL,7.73,122.5,44,44.0,45.0,,VAL,mapped,True,False,train,6
CC0001,4232,1ZAC,A,1,1,1,46,46,MET,8.48,118.1,45,45.0,46.0,,MET,mapped,True,False,train,6
CC0001,4232,1ZAC,A,1,1,1,47,47,ARG,8.29,118.8,46,46.0,47.0,,ARG,mapped,True,False,train,6
CC0001,4232,1ZAC,A,1,1,1,48,48,MET,8.02,122.2,47,47.0,48.0,,MET,mapped,True,False,train,6
CC0001,4232,1ZAC,A,1,1,1,49,49,LEU,7.34,118.1,48,48.0,49.0,,LEU,mapped,True,False,train,6
CC0001,4232,1ZAC,A,1,1,1,50,50,GLY,7.77,107.3,49,49.0,50.0,,GLY,mapped,True,False,train,6
CC0001,4232,1ZAC,A,1,1,1,51,51,GLN,8.08,118.6,50,50.0,51.0,,GLN,mapped,True,False,train,6
CC0001,4232,1ZAC,A,1,1,1,52,52,ASN,8.87,117.4,51,51.0,52.0,,ASN,mapped,True,False,train,6
CC0001,4232,1ZAC,A,1,1,1,54,54,THR,8.99,114.9,53,53.0,54.0,,THR,mapped,True,False,train,6
CC0001,4232,1ZAC,A,1,1,1,55,55,LYS,8.98,122.6,54,54.0,55.0,,LYS,mapped,True,False,train,6
CC0001,4232,1ZAC,A,1,1,1,56,56,GLU,8.78,117.6,55,55.0,56.0,,GLU,mapped,True,False,train,6
CC0001,4232,1ZAC,A,1,1,1,57,57,GLU,7.95,121.7,56,56.0,57.0,,GLU,mapped,True,False,train,6
CC0001,4232,1ZAC,A,1,1,1,58,58,LEU,8.66,122.1,57,57.0,58.0,,LEU,mapped,True,False,train,6
CC0001,4232,1ZAC,A,1,1,1,59,59,ASP,8.75,119.7,58,58.0,59.0,,ASP,mapped,True,False,train,6
CC0001,4232,1ZAC,A,1,1,1,60,60,ALA,7.52,122.1,59,59.0,60.0,,ALA,mapped,True,False,train,6
CC0001,4232,1ZAC,A,1,1,1,61,61,ILE,8.01,122.2,60,60.0,61.0,,ILE,mapped,True,False,train,6
CC0001,4232,1ZAC,A,1,1,1,62,62,ILE,8.55,120.9,61,61.0,62.0,,ILE,mapped,True,False,train,6
CC0001,4232,1ZAC,A,1,1,1,63,63,GLU,7.8,118.1,62,62.0,63.0,,GLU,mapped,True,False,train,6
CC0001,4232,1ZAC,A,1,1,1,64,64,GLU,7.53,117.7,63,63.0,64.0,,GLU,mapped,True,False,train,6
CC0001,4232,1ZAC,A,1,1,1,65,65,VAL,8.27,113.7,64,64.0,65.0,,VAL,mapped,True,False,train,6
CC0001,4232,1ZAC,A,1,1,1,66,66,ASP,8.36,122.4,65,65.0,66.0,,ASP,mapped,True,False,train,6
CC0001,4232,1ZAC,A,1,1,1,67,67,GLU,8.19,123.7,66,66.0,67.0,,GLU,mapped,True,False,train,6
CC0001,4232,1ZAC,A,1,1,1,68,68,ASP,8.63,116.1,67,67.0,68.0,,ASP,mapped,True,False,train,6
CC0001,4232,1ZAC,A,1,1,1,69,69,GLY,7.94,110.5,68,68.0,69.0,,GLY,mapped,True,False,train,6
CC0001,4232,1ZAC,A,1,1,1,70,70,SER,9.17,119.7,69,69.0,70.0,,SER,mapped,True,False,train,6
CC0001,4232,1ZAC,A,1,1,1,71,71,GLY,10.51,114.5,70,70.0,71.0,,GLY,mapped,True,False,train,6
CC0001,4232,1ZAC,A,1,1,1,72,72,THR,7.95,112.4,71,71.0,72.0,,THR,mapped,True,False,train,6
CC0001,4232,1ZAC,A,1,1,1,73,73,ILE,8.88,117.2,72,72.0,73.0,,ILE,mapped,True,False,train,6
CC0001,4232,1ZAC,A,1,1,1,74,74,ASP,8.81,125.7,73,73.0,74.0,,ASP,mapped,True,False,train,6
CC0001,4232,1ZAC,A,1,1,1,75,75,PHE,8.37,118.5,74,74.0,75.0,,PHE,mapped,True,False,train,6
CC0001,4232,1ZAC,A,1,1,1,76,76,GLU,7.95,116.5,75,75.0,76.0,,GLU,mapped,True,False,train,6
CC0001,4232,1ZAC,A,1,1,1,77,77,GLU,8.48,119.7,76,76.0,77.0,,GLU,mapped,True,False,train,6
CC0001,4232,1ZAC,A,1,1,1,78,78,PHE,8.59,121.7,77,77.0,78.0,,PHE,mapped,True,False,train,6
CC0001,4232,1ZAC,A,1,1,1,79,79,LEU,8.18,119.4,78,78.0,79.0,,LEU,mapped,True,False,train,6
CC0001,4232,1ZAC,A,1,1,1,80,80,VAL,7.31,117.8,79,79.0,80.0,,VAL,mapped,True,False,train,6
CC0001,4232,1ZAC,A,1,1,1,81,81,MET,7.78,119.0,80,80.0,81.0,,MET,mapped,True,False,train,6
CC0001,4232,1ZAC,A,1,1,1,82,82,MET,8.33,119.8,81,81.0,82.0,,MET,mapped,True,False,train,6
CC0001,4232,1ZAC,A,1,1,1,83,83,VAL,8.27,120.8,82,82.0,83.0,,VAL,mapped,True,False,train,6
CC0001,4232,1ZAC,A,1,1,1,84,84,ARG,7.67,119.2,83,83.0,84.0,,ARG,mapped,True,False,train,6
CC0001,4232,1ZAC,A,1,1,1,85,85,GLN,7.64,116.9,84,84.0,85.0,,GLN,mapped,True,False,train,6
CC0001,4232,1ZAC,A,1,1,1,86,86,MET,8.08,118.1,85,85.0,86.0,,MET,mapped,True,False,train,6
CC0001,4232,1ZAC,A,1,1,1,87,87,LYS,7.88,120.1,86,86.0,87.0,,LYS,mapped,True,False,train,6
CC0001,4232,1ZAC,A,1,1,1,88,88,GLU,8.08,121.5,87,87.0,88.0,,GLU,mapped,True,False,train,6
CC0001,4232,1ZAC,A,1,1,1,89,89,ASP,8.3,122.1,88,88.0,89.0,,ASP,mapped,True,False,train,6
CC0001,4232,1ZAC,A,1,1,1,90,90,ALA,7.88,129.9,89,89.0,90.0,,ALA,mapped,True,False,train,6
CC0019,4437,1CEJ,A,1,1,1,1,1,ASN,8.29,125.8,0,0.0,1.0,,ASN,mapped,True,False,train,8
CC0019,4437,1CEJ,A,1,1,1,2,2,ILE,8.29,121.1,1,1.0,2.0,,ILE,mapped,True,False,train,8
CC0019,4437,1CEJ,A,1,1,1,3,3,SER,8.47,119.3,2,2.0,3.0,,SER,mapped,True,False,train,8
CC0019,4437,1CEJ,A,1,1,1,4,4,GLN,8.32,121.6,3,3.0,4.0,,GLN,mapped,True,False,train,8
CC0019,4437,1CEJ,A,1,1,1,5,5,HIS,7.76,113.6,4,4.0,5.0,,HIS,mapped,True,False,train,8
CC0019,4437,1CEJ,A,1,1,1,6,6,GLN,7.42,122.5,5,5.0,6.0,,GLN,mapped,True,False,train,8
CC0019,4437,1CEJ,A,1,1,1,7,7,CYS,9.18,124.5,6,6.0,7.0,,CYS,mapped,True,False,train,8
CC0019,4437,1CEJ,A,1,1,1,8,8,VAL,10.42,119.1,7,7.0,8.0,,VAL,mapped,True,False,train,8
CC0019,4437,1CEJ,A,1,1,1,9,9,LYS,9.42,124.1,8,8.0,9.0,,LYS,mapped,True,False,train,8
CC0019,4437,1CEJ,A,1,1,1,10,10,LYS,8.94,122.4,9,9.0,10.0,,LYS,mapped,True,False,train,8
CC0019,4437,1CEJ,A,1,1,1,14,14,GLN,8.48,120.5,13,13.0,14.0,,GLN,mapped,True,False,train,8
CC0019,4437,1CEJ,A,1,1,1,15,15,ASN,8.93,115.8,14,14.0,15.0,,ASN,mapped,True,False,train,8
CC0019,4437,1CEJ,A,1,1,1,16,16,SER,7.34,109.9,15,15.0,16.0,,SER,mapped,True,False,train,8
CC0019,4437,1CEJ,A,1,1,1,17,17,GLY,8.92,108.5,16,16.0,17.0,,GLY,mapped,True,False,train,8
CC0019,4437,1CEJ,A,1,1,1,18,18,CYS,7.01,120.5,17,17.0,18.0,,CYS,mapped,True,False,train,8
CC0019,4437,1CEJ,A,1,1,1,19,19,PHE,9.12,132.0,18,18.0,19.0,,PHE,mapped,True,False,train,8
CC0019,4437,1CEJ,A,1,1,1,20,20,ARG,7.76,129.4,19,19.0,20.0,,ARG,mapped,True,False,train,8
CC0019,4437,1CEJ,A,1,1,1,21,21,HIS,9.3,125.9,20,20.0,21.0,,HIS,mapped,True,False,train,8
CC0019,4437,1CEJ,A,1,1,1,22,22,LEU,9.3,122.0,21,21.0,22.0,,LEU,mapped,True,False,train,8
CC0019,4437,1CEJ,A,1,1,1,23,23,ASP,7.86,116.9,22,22.0,23.0,,ASP,mapped,True,False,train,8
CC0019,4437,1CEJ,A,1,1,1,24,24,GLU,8.01,110.3,23,23.0,24.0,,GLU,mapped,True,False,train,8
CC0019,4437,1CEJ,A,1,1,1,25,25,ARG,8.04,121.9,24,24.0,25.0,,ARG,mapped,True,False,train,8
CC0019,4437,1CEJ,A,1,1,1,26,26,GLU,8.69,124.3,25,25.0,26.0,,GLU,mapped,True,False,train,8
CC0019,4437,1CEJ,A,1,1,1,27,27,GLU,9.07,123.9,26,26.0,27.0,,GLU,mapped,True,False,train,8
CC0019,4437,1CEJ,A,1,1,1,28,28,CYS,8.88,122.0,27,27.0,28.0,,CYS,mapped,True,False,train,8
CC0019,4437,1CEJ,A,1,1,1,29,29,LYS,8.76,124.0,28,28.0,29.0,,LYS,mapped,True,False,train,8
CC0019,4437,1CEJ,A,1,1,1,30,30,CYS,8.78,121.7,29,29.0,30.0,,CYS,mapped,True,False,train,8
CC0019,4437,1CEJ,A,1,1,1,31,31,LEU,7.81,119.2,30,30.0,31.0,,LEU,mapped,True,False,train,8
CC0019,4437,1CEJ,A,1,1,1,32,32,LEU,8.91,118.4,31,31.0,32.0,,LEU,mapped,True,False,train,8
CC0019,4437,1CEJ,A,1,1,1,33,33,ASN,8.84,110.8,32,32.0,33.0,,ASN,mapped,True,False,train,8
CC0019,4437,1CEJ,A,1,1,1,34,34,TYR,8.61,118.6,33,33.0,34.0,,TYR,mapped,True,False,train,8
CC0019,4437,1CEJ,A,1,1,1,35,35,LYS,9.99,119.7,34,34.0,35.0,,LYS,mapped,True,False,train,8
CC0019,4437,1CEJ,A,1,1,1,36,36,GLN,8.77,124.9,35,35.0,36.0,,GLN,mapped,True,False,train,8
CC0019,4437,1CEJ,A,1,1,1,37,37,GLU,8.96,130.2,36,36.0,37.0,,GLU,mapped,True,False,train,8
CC0019,4437,1CEJ,A,1,1,1,38,38,GLY,9.2,118.4,37,37.0,38.0,,GLY,mapped,True,False,train,8
CC0019,4437,1CEJ,A,1,1,1,39,39,ASP,8.81,127.1,38,38.0,39.0,,ASP,mapped,True,False,train,8
CC0019,4437,1CEJ,A,1,1,1,40,40,LYS,7.86,118.0,39,39.0,40.0,,LYS,mapped,True,False,train,8
CC0019,4437,1CEJ,A,1,1,1,41,41,CYS,8.95,119.8,40,40.0,41.0,,CYS,mapped,True,False,train,8
CC0019,4437,1CEJ,A,1,1,1,42,42,VAL,9.35,118.7,41,41.0,42.0,,VAL,mapped,True,False,train,8
CC0019,4437,1CEJ,A,1,1,1,43,43,GLU,9.18,123.4,42,42.0,43.0,,GLU,mapped,True,False,train,8
CC0019,4437,1CEJ,A,1,1,1,44,44,ASN,8.25,120.2,43,43.0,44.0,,ASN,mapped,True,False,train,8
CC0019,4437,1CEJ,A,1,1,1,46,46,ASN,7.47,114.0,45,45.0,46.0,,ASN,mapped,True,False,train,8
CC0019,4437,1CEJ,A,1,1,1,48,48,THR,8.28,112.4,47,47.0,48.0,,THR,mapped,True,False,train,8
CC0019,4437,1CEJ,A,1,1,1,49,49,CYS,9.35,125.3,48,48.0,49.0,,CYS,mapped,True,False,train,8
CC0019,4437,1CEJ,A,1,1,1,50,50,ASN,8.36,116.4,49,49.0,50.0,,ASN,mapped,True,False,train,8
CC0019,4437,1CEJ,A,1,1,1,51,51,GLU,7.43,119.2,50,50.0,51.0,,GLU,mapped,True,False,train,8
CC0019,4437,1CEJ,A,1,1,1,52,52,ASN,9.57,125.4,51,51.0,52.0,,ASN,mapped,True,False,train,8
CC0019,4437,1CEJ,A,1,1,1,53,53,ASN,9.31,119.3,52,52.0,53.0,,ASN,mapped,True,False,train,8
CC0019,4437,1CEJ,A,1,1,1,54,54,GLY,7.92,106.3,53,53.0,54.0,,GLY,mapped,True,False,train,8
CC0019,4437,1CEJ,A,1,1,1,55,55,GLY,8.06,105.3,54,54.0,55.0,,GLY,mapped,True,False,train,8
CC0019,4437,1CEJ,A,1,1,1,56,56,CYS,7.77,117.6,55,55.0,56.0,,CYS,mapped,True,False,train,8
CC0019,4437,1CEJ,A,1,1,1,57,57,ASP,8.37,122.3,56,56.0,57.0,,ASP,mapped,True,False,train,8
CC0019,4437,1CEJ,A,1,1,1,58,58,ALA,8.48,127.2,57,57.0,58.0,,ALA,mapped,True,False,train,8
CC0019,4437,1CEJ,A,1,1,1,59,59,ASP,9.11,116.7,58,58.0,59.0,,ASP,mapped,True,False,train,8
CC0019,4437,1CEJ,A,1,1,1,60,60,ALA,7.94,121.9,59,59.0,60.0,,ALA,mapped,True,False,train,8
CC0019,4437,1CEJ,A,1,1,1,61,61,LYS,9.06,122.5,60,60.0,61.0,,LYS,mapped,True,False,train,8
CC0019,4437,1CEJ,A,1,1,1,62,62,CYS,9.19,131.5,61,61.0,62.0,,CYS,mapped,True,False,train,8
CC0019,4437,1CEJ,A,1,1,1,63,63,THR,9.23,125.9,62,62.0,63.0,,THR,mapped,True,False,train,8
CC0019,4437,1CEJ,A,1,1,1,64,64,GLU,8.61,123.0,63,63.0,64.0,,GLU,mapped,True,False,train,8
CC0019,4437,1CEJ,A,1,1,1,65,65,GLU,8.76,123.0,64,64.0,65.0,,GLU,mapped,True,False,train,8
CC0019,4437,1CEJ,A,1,1,1,66,66,ASP,8.79,123.9,65,65.0,66.0,,ASP,mapped,True,False,train,8
CC0019,4437,1CEJ,A,1,1,1,67,67,SER,8.38,119.1,66,66.0,67.0,,SER,mapped,True,False,train,8
CC0019,4437,1CEJ,A,1,1,1,68,68,GLY,8.65,112.2,67,67.0,68.0,,GLY,mapped,True,False,train,8
CC0019,4437,1CEJ,A,1,1,1,69,69,SER,8.58,117.7,68,68.0,69.0,,SER,mapped,True,False,train,8
CC0019,4437,1CEJ,A,1,1,1,70,70,ASN,8.39,118.4,69,69.0,70.0,,ASN,mapped,True,False,train,8
CC0019,4437,1CEJ,A,1,1,1,71,71,GLY,7.88,108.1,70,70.0,71.0,,GLY,mapped,True,False,train,8
CC0019,4437,1CEJ,A,1,1,1,72,72,LYS,8.39,120.8,71,71.0,72.0,,LYS,mapped,True,False,train,8
CC0019,4437,1CEJ,A,1,1,1,73,73,LYS,8.81,122.6,72,72.0,73.0,,LYS,mapped,True,False,train,8
CC0019,4437,1CEJ,A,1,1,1,74,74,ILE,8.54,126.8,73,73.0,74.0,,ILE,mapped,True,False,train,8
CC0019,4437,1CEJ,A,1,1,1,75,75,THR,8.88,120.3,74,74.0,75.0,,THR,mapped,True,False,train,8
CC0019,4437,1CEJ,A,1,1,1,76,76,CYS,8.82,121.5,75,75.0,76.0,,CYS,mapped,True,False,train,8
CC0019,4437,1CEJ,A,1,1,1,77,77,GLU,8.64,123.0,76,76.0,77.0,,GLU,mapped,True,False,train,8
CC0019,4437,1CEJ,A,1,1,1,78,78,CYS,9.71,129.1,77,77.0,78.0,,CYS,mapped,True,False,train,8
CC0019,4437,1CEJ,A,1,1,1,79,79,THR,8.2,114.7,78,78.0,79.0,,THR,mapped,True,False,train,8
CC0019,4437,1CEJ,A,1,1,1,80,80,LYS,8.56,124.8,79,79.0,80.0,,LYS,mapped,True,False,train,8
CC0019,4437,1CEJ,A,1,1,1,82,82,ASP,8.78,117.9,81,81.0,82.0,,ASP,mapped,True,False,train,8
CC0019,4437,1CEJ,A,1,1,1,83,83,SER,7.39,112.9,82,82.0,83.0,,SER,mapped,True,False,train,8
CC0019,4437,1CEJ,A,1,1,1,84,84,TYR,8.72,122.2,83,83.0,84.0,,TYR,mapped,True,False,train,8
CC0019,4437,1CEJ,A,1,1,1,86,86,LEU,8.51,120.2,85,85.0,86.0,,LEU,mapped,True,False,train,8
CC0019,4437,1CEJ,A,1,1,1,87,87,PHE,9.29,122.6,86,86.0,87.0,,PHE,mapped,True,False,train,8
CC0019,4437,1CEJ,A,1,1,1,88,88,ASP,8.93,111.3,87,87.0,88.0,,ASP,mapped,True,False,train,8
CC0019,4437,1CEJ,A,1,1,1,89,89,GLY,7.87,102.0,88,88.0,89.0,,GLY,mapped,True,False,train,8
CC0019,4437,1CEJ,A,1,1,1,90,90,ILE,7.17,113.3,89,89.0,90.0,,ILE,mapped,True,False,train,8
CC0019,4437,1CEJ,A,1,1,1,91,91,PHE,7.43,114.0,90,90.0,91.0,,PHE,mapped,True,False,train,8
CC0019,4437,1CEJ,A,1,1,1,92,92,CYS,7.86,119.0,91,91.0,92.0,,CYS,mapped,True,False,train,8
CC0019,4437,1CEJ,A,1,1,1,93,93,SER,9.26,118.3,92,92.0,93.0,,SER,mapped,True,False,train,8
CC0019,4437,1CEJ,A,1,1,1,94,94,SER,8.04,114.2,93,93.0,94.0,,SER,mapped,True,False,train,8
CC0024,4455,1CI5,A,1,1,1,3,3,GLN,8.13,122.48,2,2.0,3.0,,GLN,mapped,True,False,train,9
CC0024,4455,1CI5,A,1,1,1,4,4,GLN,8.84,123.37,3,3.0,4.0,,GLN,mapped,True,False,train,9
CC0024,4455,1CI5,A,1,1,1,5,5,ILE,9.44,125.53,4,4.0,5.0,,ILE,mapped,True,False,train,9
CC0024,4455,1CI5,A,1,1,1,6,6,TYR,8.67,125.09,5,5.0,6.0,,TYR,mapped,True,False,train,9
CC0024,4455,1CI5,A,1,1,1,7,7,GLY,9.14,111.96,6,6.0,7.0,,GLY,mapped,True,False,train,9
CC0024,4455,1CI5,A,1,1,1,8,8,VAL,8.28,117.29,7,7.0,8.0,,VAL,mapped,True,False,train,9
CC0024,4455,1CI5,A,1,1,1,9,9,LYS,8.19,124.77,8,8.0,9.0,,LYS,mapped,True,False,train,9
CC0024,4455,1CI5,A,1,1,1,10,10,TYR,9.6,119.31,9,9.0,10.0,,TYR,mapped,True,False,train,9
CC0024,4455,1CI5,A,1,1,1,11,11,GLY,8.89,111.17,10,10.0,11.0,,GLY,mapped,True,False,train,9
CC0024,4455,1CI5,A,1,1,1,12,12,ASN,8.19,112.75,11,11.0,12.0,,ASN,mapped,True,False,train,9
CC0024,4455,1CI5,A,1,1,1,13,13,VAL,8.35,116.49,12,12.0,13.0,,VAL,mapped,True,False,train,9
CC0024,4455,1CI5,A,1,1,1,14,14,THR,7.86,118.54,13,13.0,14.0,,THR,mapped,True,False,train,9
CC0024,4455,1CI5,A,1,1,1,15,15,PHE,8.8,126.78,14,14.0,15.0,,PHE,mapped,True,False,train,9
CC0024,4455,1CI5,A,1,1,1,16,16,HIS,8.5,122.43,15,15.0,16.0,,HIS,mapped,True,False,train,9
CC0024,4455,1CI5,A,1,1,1,17,17,VAL,8.53,125.38,16,16.0,17.0,,VAL,mapped,True,False,train,9
CC0024,4455,1CI5,A,1,1,1,19,19,SER,8.25,115.94,18,18.0,19.0,,SER,mapped,True,False,train,9
CC0024,4455,1CI5,A,1,1,1,20,20,ASN,8.77,121.53,19,19.0,20.0,,ASN,mapped,True,False,train,9
CC0024,4455,1CI5,A,1,1,1,21,21,GLN,7.96,118.67,20,20.0,21.0,,GLN,mapped,True,False,train,9
CC0024,4455,1CI5,A,1,1,1,23,23,LEU,8.37,123.54,22,22.0,23.0,,LEU,mapped,True,False,train,9
CC0024,4455,1CI5,A,1,1,1,24,24,LYS,8.37,120.01,23,23.0,24.0,,LYS,mapped,True,False,train,9
CC0024,4455,1CI5,A,1,1,1,25,25,GLU,7.8,118.23,24,24.0,25.0,,GLU,mapped,True,False,train,9
CC0024,4455,1CI5,A,1,1,1,26,26,VAL,8.53,120.39,25,25.0,26.0,,VAL,mapped,True,False,train,9
CC0024,4455,1CI5,A,1,1,1,27,27,LEU,8.8,127.12,26,26.0,27.0,,LEU,mapped,True,False,train,9
CC0024,4455,1CI5,A,1,1,1,28,28,TRP,9.16,124.08,27,27.0,28.0,,TRP,mapped,True,False,train,9
CC0024,4455,1CI5,A,1,1,1,29,29,LYS,9.64,122.31,28,28.0,29.0,,LYS,mapped,True,False,train,9
CC0024,4455,1CI5,A,1,1,1,30,30,LYS,8.69,122.73,29,29.0,30.0,,LYS,mapped,True,False,train,9
CC0024,4455,1CI5,A,1,1,1,31,31,GLN,8.76,125.09,30,30.0,31.0,,GLN,mapped,True,False,train,9
CC0024,4455,1CI5,A,1,1,1,32,32,LYS,8.33,118.23,31,31.0,32.0,,LYS,mapped,True,False,train,9
CC0024,4455,1CI5,A,1,1,1,33,33,ASP,8.06,120.29,32,32.0,33.0,,ASP,mapped,True,False,train,9
CC0024,4455,1CI5,A,1,1,1,34,34,LYS,8.38,120.83,33,33.0,34.0,,LYS,mapped,True,False,train,9
CC0024,4455,1CI5,A,1,1,1,35,35,VAL,9.12,120.86,34,34.0,35.0,,VAL,mapped,True,False,train,9
CC0024,4455,1CI5,A,1,1,1,36,36,ALA,7.71,115.19,35,35.0,36.0,,ALA,mapped,True,False,train,9
CC0024,4455,1CI5,A,1,1,1,37,37,GLU,9.35,118.62,36,36.0,37.0,,GLU,mapped,True,False,train,9
CC0024,4455,1CI5,A,1,1,1,38,38,LEU,9.06,122.83,37,37.0,38.0,,LEU,mapped,True,False,train,9
CC0024,4455,1CI5,A,1,1,1,39,39,GLU,8.82,124.93,38,38.0,39.0,,GLU,mapped,True,False,train,9
CC0024,4455,1CI5,A,1,1,1,40,40,ASN,9.76,126.8,39,39.0,40.0,,ASN,mapped,True,False,train,9
CC0024,4455,1CI5,A,1,1,1,41,41,SER,8.89,107.11,40,40.0,41.0,,SER,mapped,True,False,train,9
CC0024,4455,1CI5,A,1,1,1,42,42,GLU,8.15,121.34,41,41.0,42.0,,GLU,mapped,True,False,train,9
CC0024,4455,1CI5,A,1,1,1,43,43,PHE,8.65,123.27,42,42.0,43.0,,PHE,mapped,True,False,train,9
CC0024,4455,1CI5,A,1,1,1,44,44,ARG,8.54,125.09,43,43.0,44.0,,ARG,mapped,True,False,train,9
CC0024,4455,1CI5,A,1,1,1,45,45,ALA,7.91,122.03,44,44.0,45.0,,ALA,mapped,True,False,train,9
CC0024,4455,1CI5,A,1,1,1,46,46,PHE,7.61,114.74,45,45.0,46.0,,PHE,mapped,True,False,train,9
CC0024,4455,1CI5,A,1,1,1,47,47,SER,9.34,113.7,46,46.0,47.0,,SER,mapped,True,False,train,9
CC0024,4455,1CI5,A,1,1,1,49,49,PHE,8.62,121.19,48,48.0,49.0,,PHE,mapped,True,False,train,9
CC0024,4455,1CI5,A,1,1,1,50,50,LYS,7.05,119.55,49,49.0,50.0,,LYS,mapped,True,False,train,9
CC0024,4455,1CI5,A,1,1,1,51,51,ASN,8.95,115.63,50,50.0,51.0,,ASN,mapped,True,False,train,9
CC0024,4455,1CI5,A,1,1,1,52,52,ARG,8.2,115.88,51,51.0,52.0,,ARG,mapped,True,False,train,9
CC0024,4455,1CI5,A,1,1,1,53,53,VAL,7.4,108.31,52,52.0,53.0,,VAL,mapped,True,False,train,9
CC0024,4455,1CI5,A,1,1,1,54,54,TYR,8.77,121.47,53,53.0,54.0,,TYR,mapped,True,False,train,9
CC0024,4455,1CI5,A,1,1,1,56,56,ASP,8.11,123.5,55,55.0,56.0,,ASP,mapped,True,False,train,9
CC0024,4455,1CI5,A,1,1,1,57,57,THR,8.48,119.62,56,56.0,57.0,,THR,mapped,True,False,train,9
CC0024,4455,1CI5,A,1,1,1,58,58,LYS,8.17,118.68,57,57.0,58.0,,LYS,mapped,True,False,train,9
CC0024,4455,1CI5,A,1,1,1,59,59,SER,7.59,108.82,58,58.0,59.0,,SER,mapped,True,False,train,9
CC0024,4455,1CI5,A,1,1,1,60,60,GLY,8.53,109.13,59,59.0,60.0,,GLY,mapped,True,False,train,9
CC0024,4455,1CI5,A,1,1,1,61,61,SER,8.03,113.85,60,60.0,61.0,,SER,mapped,True,False,train,9
CC0024,4455,1CI5,A,1,1,1,62,62,LEU,7.21,126.55,61,61.0,62.0,,LEU,mapped,True,False,train,9
CC0024,4455,1CI5,A,1,1,1,63,63,THR,9.05,123.69,62,62.0,63.0,,THR,mapped,True,False,train,9
CC0024,4455,1CI5,A,1,1,1,64,64,ILE,8.32,124.47,63,63.0,64.0,,ILE,mapped,True,False,train,9
CC0024,4455,1CI5,A,1,1,1,65,65,TYR,8.41,122.74,64,64.0,65.0,,TYR,mapped,True,False,train,9
CC0024,4455,1CI5,A,1,1,1,67,67,LEU,8.44,116.02,66,66.0,67.0,,LEU,mapped,True,False,train,9
CC0024,4455,1CI5,A,1,1,1,68,68,THR,9.16,112.13,67,67.0,68.0,,THR,mapped,True,False,train,9
CC0024,4455,1CI5,A,1,1,1,69,69,SER,8.99,117.12,68,68.0,69.0,,SER,mapped,True,False,train,9
CC0024,4455,1CI5,A,1,1,1,70,70,SER,7.91,115.09,69,69.0,70.0,,SER,mapped,True,False,train,9
CC0024,4455,1CI5,A,1,1,1,71,71,ASP,7.98,118.67,70,70.0,71.0,,ASP,mapped,True,False,train,9
CC0024,4455,1CI5,A,1,1,1,72,72,GLU,7.19,120.87,71,71.0,72.0,,GLU,mapped,True,False,train,9
CC0024,4455,1CI5,A,1,1,1,73,73,ASP,8.02,127.54,72,72.0,73.0,,ASP,mapped,True,False,train,9
CC0024,4455,1CI5,A,1,1,1,74,74,GLU,9.05,118.34,73,73.0,74.0,,GLU,mapped,True,False,train,9
CC0024,4455,1CI5,A,1,1,1,75,75,TYR,9.37,124.14,74,74.0,75.0,,TYR,mapped,True,False,train,9
CC0024,4455,1CI5,A,1,1,1,76,76,GLU,9.15,120.32,75,75.0,76.0,,GLU,mapped,True,False,train,9
CC0024,4455,1CI5,A,1,1,1,77,77,MET,8.58,126.05,76,76.0,77.0,,MET,mapped,True,False,train,9
CC0024,4455,1CI5,A,1,1,1,78,78,GLU,8.91,123.61,77,77.0,78.0,,GLU,mapped,True,False,train,9
CC0024,4455,1CI5,A,1,1,1,79,79,SER,8.56,116.96,78,78.0,79.0,,SER,mapped,True,False,train,9
CC0024,4455,1CI5,A,1,1,1,81,81,ASN,8.32,113.68,80,80.0,81.0,,ASN,mapped,True,False,train,9
CC0024,4455,1CI5,A,1,1,1,82,82,ILE,7.49,115.86,81,81.0,82.0,,ILE,mapped,True,False,train,9
CC0024,4455,1CI5,A,1,1,1,83,83,THR,8.41,116.12,82,82.0,83.0,,THR,mapped,True,False,train,9
CC0024,4455,1CI5,A,1,1,1,84,84,ASP,7.68,119.79,83,83.0,84.0,,ASP,mapped,True,False,train,9
CC0024,4455,1CI5,A,1,1,1,85,85,SER,8.36,116.57,84,84.0,85.0,,SER,mapped,True,False,train,9
CC0024,4455,1CI5,A,1,1,1,86,86,MET,8.47,121.27,85,85.0,86.0,,MET,mapped,True,False,train,9
CC0024,4455,1CI5,A,1,1,1,87,87,LYS,8.09,121.37,86,86.0,87.0,,LYS,mapped,True,False,train,9
CC0024,4455,1CI5,A,1,1,1,88,88,PHE,9.36,121.36,87,87.0,88.0,,PHE,mapped,True,False,train,9
CC0024,4455,1CI5,A,1,1,1,89,89,PHE,9.23,124.39,88,88.0,89.0,,PHE,mapped,True,False,train,9
CC0024,4455,1CI5,A,1,1,1,90,90,LEU,8.13,128.23,89,89.0,90.0,,LEU,mapped,True,False,train,9
CC0024,4455,1CI5,A,1,1,1,91,91,TYR,8.78,124.29,90,90.0,91.0,,TYR,mapped,True,False,train,9
CC0024,4455,1CI5,A,1,1,1,92,92,VAL,9.46,122.1,91,91.0,92.0,,VAL,mapped,True,False,train,9
CC0024,4455,1CI5,A,1,1,1,93,93,GLY,8.59,114.61,92,92.0,93.0,,GLY,mapped,True,False,train,9
CC0024,4455,1CI5,A,1,1,1,94,94,GLU,8.62,118.53,93,93.0,94.0,,GLU,mapped,True,False,train,9
CC0024,4455,1CI5,A,1,1,1,95,95,SER,7.9,118.84,94,94.0,95.0,,SER,mapped,True,False,train,9
CC0088,4829,1JXS,A,1,1,1,1,1,ASP,8.436,121.101,0,0.0,1.0,,ASP,mapped,True,False,train,11
CC0088,4829,1JXS,A,1,1,1,2,2,SER,8.07,114.742,1,1.0,2.0,,SER,mapped,True,False,train,11
CC0088,4829,1JXS,A,1,1,1,3,3,LYS,8.086,125.607,2,2.0,3.0,,LYS,mapped,True,False,train,11
CC0088,4829,1JXS,A,1,1,1,6,6,TYR,7.084,116.121,5,5.0,6.0,,TYR,mapped,True,False,train,11
CC0088,4829,1JXS,A,1,1,1,7,7,SER,9.691,119.742,6,6.0,7.0,,SER,mapped,True,False,train,11
CC0088,4829,1JXS,A,1,1,1,8,8,TYR,8.302,117.512,7,7.0,8.0,,TYR,mapped,True,False,train,11
CC0088,4829,1JXS,A,1,1,1,9,9,ALA,8.559,118.393,8,8.0,9.0,,ALA,mapped,True,False,train,11
CC0088,4829,1JXS,A,1,1,1,10,10,GLN,7.747,115.278,9,9.0,10.0,,GLN,mapped,True,False,train,11
CC0088,4829,1JXS,A,1,1,1,11,11,LEU,8.134,117.335,10,10.0,11.0,,LEU,mapped,True,False,train,11
CC0088,4829,1JXS,A,1,1,1,12,12,ILE,7.972,117.975,11,11.0,12.0,,ILE,mapped,True,False,train,11
CC0088,4829,1JXS,A,1,1,1,13,13,VAL,8.171,118.185,12,12.0,13.0,,VAL,mapped,True,False,train,11
CC0088,4829,1JXS,A,1,1,1,14,14,GLN,8.457,118.326,13,13.0,14.0,,GLN,mapped,True,False,train,11
CC0088,4829,1JXS,A,1,1,1,15,15,ALA,7.369,116.568,14,14.0,15.0,,ALA,mapped,True,False,train,11
CC0088,4829,1JXS,A,1,1,1,16,16,ILE,8.363,115.643,15,15.0,16.0,,ILE,mapped,True,False,train,11
CC0088,4829,1JXS,A,1,1,1,17,17,THR,8.203,108.084,16,16.0,17.0,,THR,mapped,True,False,train,11
CC0088,4829,1JXS,A,1,1,1,18,18,MET,7.294,116.762,17,17.0,18.0,,MET,mapped,True,False,train,11
CC0088,4829,1JXS,A,1,1,1,19,19,ALA,7.494,125.679,18,18.0,19.0,,ALA,mapped,True,False,train,11
CC0088,4829,1JXS,A,1,1,1,21,21,ASP,8.604,113.902,20,20.0,21.0,,ASP,mapped,True,False,train,11
CC0088,4829,1JXS,A,1,1,1,22,22,LYS,8.286,113.03,21,21.0,22.0,,LYS,mapped,True,False,train,11
CC0088,4829,1JXS,A,1,1,1,23,23,GLN,6.961,107.82,22,22.0,23.0,,GLN,mapped,True,False,train,11
CC0088,4829,1JXS,A,1,1,1,24,24,LEU,8.744,119.516,23,23.0,24.0,,LEU,mapped,True,False,train,11
CC0088,4829,1JXS,A,1,1,1,25,25,THR,8.28,110.734,24,24.0,25.0,,THR,mapped,True,False,train,11
CC0088,4829,1JXS,A,1,1,1,26,26,LEU,9.338,121.136,25,25.0,26.0,,LEU,mapped,True,False,train,11
CC0088,4829,1JXS,A,1,1,1,27,27,ASN,8.253,113.012,26,26.0,27.0,,ASN,mapped,True,False,train,11
CC0088,4829,1JXS,A,1,1,1,28,28,GLY,8.241,109.849,27,27.0,28.0,,GLY,mapped,True,False,train,11
CC0088,4829,1JXS,A,1,1,1,29,29,ILE,8.332,125.814,28,28.0,29.0,,ILE,mapped,True,False,train,11
CC0088,4829,1JXS,A,1,1,1,30,30,TYR,8.322,117.292,29,29.0,30.0,,TYR,mapped,True,False,train,11
CC0088,4829,1JXS,A,1,1,1,31,31,THR,8.672,113.713,30,30.0,31.0,,THR,mapped,True,False,train,11
CC0088,4829,1JXS,A,1,1,1,32,32,HIS,8.113,120.616,31,31.0,32.0,,HIS,mapped,True,False,train,11
CC0088,4829,1JXS,A,1,1,1,33,33,ILE,8.436,119.054,32,32.0,33.0,,ILE,mapped,True,False,train,11
CC0088,4829,1JXS,A,1,1,1,34,34,THR,8.72,110.592,33,33.0,34.0,,THR,mapped,True,False,train,11
CC0088,4829,1JXS,A,1,1,1,35,35,LYS,8.217,120.08,34,34.0,35.0,,LYS,mapped,True,False,train,11
CC0088,4829,1JXS,A,1,1,1,36,36,ASN,7.46,113.224,35,35.0,36.0,,ASN,mapped,True,False,train,11
CC0088,4829,1JXS,A,1,1,1,37,37,TYR,8.522,117.11,36,36.0,37.0,,TYR,mapped,True,False,train,11
CC0088,4829,1JXS,A,1,1,1,39,39,TYR,8.601,118.935,38,38.0,39.0,,TYR,mapped,True,False,train,11
CC0088,4829,1JXS,A,1,1,1,40,40,TYR,8.092,113.821,39,39.0,40.0,,TYR,mapped,True,False,train,11
CC0088,4829,1JXS,A,1,1,1,41,41,ARG,8.137,119.187,40,40.0,41.0,,ARG,mapped,True,False,train,11
CC0088,4829,1JXS,A,1,1,1,45,45,LYS,8.531,120.776,44,44.0,45.0,,LYS,mapped,True,False,train,11
CC0088,4829,1JXS,A,1,1,1,46,46,GLY,8.975,110.942,45,45.0,46.0,,GLY,mapped,True,False,train,11
CC0088,4829,1JXS,A,1,1,1,47,47,TRP,8.222,120.597,46,46.0,47.0,,TRP,mapped,True,False,train,11
CC0088,4829,1JXS,A,1,1,1,49,49,ASN,7.676,119.836,48,48.0,49.0,,ASN,mapped,True,False,train,11
CC0088,4829,1JXS,A,1,1,1,50,50,SER,7.847,116.784,49,49.0,50.0,,SER,mapped,True,False,train,11
CC0088,4829,1JXS,A,1,1,1,51,51,ILE,7.977,123.46,50,50.0,51.0,,ILE,mapped,True,False,train,11
CC0088,4829,1JXS,A,1,1,1,52,52,ARG,7.47,117.693,51,51.0,52.0,,ARG,mapped,True,False,train,11
CC0088,4829,1JXS,A,1,1,1,53,53,HIS,8.315,116.947,52,52.0,53.0,,HIS,mapped,True,False,train,11
CC0088,4829,1JXS,A,1,1,1,54,54,ASN,7.986,116.131,53,53.0,54.0,,ASN,mapped,True,False,train,11
CC0088,4829,1JXS,A,1,1,1,55,55,LEU,7.759,119.31,54,54.0,55.0,,LEU,mapped,True,False,train,11
CC0088,4829,1JXS,A,1,1,1,56,56,SER,7.164,108.317,55,55.0,56.0,,SER,mapped,True,False,train,11
CC0088,4829,1JXS,A,1,1,1,57,57,LEU,7.548,118.993,56,56.0,57.0,,LEU,mapped,True,False,train,11
CC0088,4829,1JXS,A,1,1,1,58,58,ASN,7.544,116.112,57,57.0,58.0,,ASN,mapped,True,False,train,11
CC0088,4829,1JXS,A,1,1,1,59,59,ARG,8.45,120.257,58,58.0,59.0,,ARG,mapped,True,False,train,11
CC0088,4829,1JXS,A,1,1,1,60,60,TYR,7.215,113.995,59,59.0,60.0,,TYR,mapped,True,False,train,11
CC0088,4829,1JXS,A,1,1,1,61,61,PHE,7.729,118.575,60,60.0,61.0,,PHE,mapped,True,False,train,11
CC0088,4829,1JXS,A,1,1,1,62,62,ILE,9.438,120.532,61,61.0,62.0,,ILE,mapped,True,False,train,11
CC0088,4829,1JXS,A,1,1,1,63,63,LYS,8.298,125.37,62,62.0,63.0,,LYS,mapped,True,False,train,11
CC0088,4829,1JXS,A,1,1,1,64,64,VAL,8.711,127.117,63,63.0,64.0,,VAL,mapped,True,False,train,11
CC0088,4829,1JXS,A,1,1,1,66,66,ARG,8.304,120.768,65,65.0,66.0,,ARG,mapped,True,False,train,11
CC0088,4829,1JXS,A,1,1,1,67,67,SER,8.597,115.749,66,66.0,67.0,,SER,mapped,True,False,train,11
CC0088,4829,1JXS,A,1,1,1,68,68,GLN,8.493,121.175,67,67.0,68.0,,GLN,mapped,True,False,train,11
CC0088,4829,1JXS,A,1,1,1,69,69,GLU,8.367,118.717,68,68.0,69.0,,GLU,mapped,True,False,train,11
CC0088,4829,1JXS,A,1,1,1,70,70,GLU,7.992,120.519,69,69.0,70.0,,GLU,mapped,True,False,train,11
CC0088,4829,1JXS,A,1,1,1,72,72,GLY,8.76,108.288,71,71.0,72.0,,GLY,mapped,True,False,train,11
CC0088,4829,1JXS,A,1,1,1,73,73,LYS,7.858,118.957,72,72.0,73.0,,LYS,mapped,True,False,train,11
CC0088,4829,1JXS,A,1,1,1,74,74,GLY,8.198,107.525,73,73.0,74.0,,GLY,mapped,True,False,train,11
CC0088,4829,1JXS,A,1,1,1,75,75,SER,8.042,113.918,74,74.0,75.0,,SER,mapped,True,False,train,11
CC0088,4829,1JXS,A,1,1,1,76,76,PHE,8.71,119.734,75,75.0,76.0,,PHE,mapped,True,False,train,11
CC0088,4829,1JXS,A,1,1,1,77,77,TRP,8.994,120.288,76,76.0,77.0,,TRP,mapped,True,False,train,11
CC0088,4829,1JXS,A,1,1,1,78,78,ARG,9.331,117.292,77,77.0,78.0,,ARG,mapped,True,False,train,11
CC0088,4829,1JXS,A,1,1,1,79,79,ILE,9.269,119.174,78,78.0,79.0,,ILE,mapped,True,False,train,11
CC0088,4829,1JXS,A,1,1,1,80,80,ASP,8.925,127.268,79,79.0,80.0,,ASP,mapped,True,False,train,11
CC0088,4829,1JXS,A,1,1,1,82,82,ALA,8.349,118.607,81,81.0,82.0,,ALA,mapped,True,False,train,11
CC0088,4829,1JXS,A,1,1,1,83,83,SER,7.822,111.327,82,82.0,83.0,,SER,mapped,True,False,train,11
CC0088,4829,1JXS,A,1,1,1,84,84,GLU,7.43,121.12,83,83.0,84.0,,GLU,mapped,True,False,train,11
CC0088,4829,1JXS,A,1,1,1,85,85,SER,8.831,112.792,84,84.0,85.0,,SER,mapped,True,False,train,11
CC0088,4829,1JXS,A,1,1,1,86,86,LYS,7.841,120.597,85,85.0,86.0,,LYS,mapped,True,False,train,11
CC0088,4829,1JXS,A,1,1,1,87,87,LEU,7.848,118.673,86,86.0,87.0,,LEU,mapped,True,False,train,11
CC0088,4829,1JXS,A,1,1,1,88,88,ILE,8.544,119.257,87,87.0,88.0,,ILE,mapped,True,False,train,11
CC0088,4829,1JXS,A,1,1,1,89,89,GLU,7.564,118.607,88,88.0,89.0,,GLU,mapped,True,False,train,11
CC0088,4829,1JXS,A,1,1,1,90,90,GLN,7.559,114.003,89,89.0,90.0,,GLN,mapped,True,False,train,11
CC0088,4829,1JXS,A,1,1,1,91,91,ALA,8.087,122.263,90,90.0,91.0,,ALA,mapped,True,False,train,11
CC0088,4829,1JXS,A,1,1,1,92,92,PHE,7.967,110.793,91,91.0,92.0,,PHE,mapped,True,False,train,11
CC0088,4829,1JXS,A,1,1,1,93,93,ARG,7.528,121.374,92,92.0,93.0,,ARG,mapped,True,False,train,11
CC0088,4829,1JXS,A,1,1,1,94,94,LYS,8.603,124.518,93,93.0,94.0,,LYS,mapped,True,False,train,11
CC0088,4829,1JXS,A,1,1,1,95,95,ARG,8.471,121.813,94,94.0,95.0,,ARG,mapped,True,False,train,11
CC0088,4829,1JXS,A,1,1,1,96,96,ARG,8.404,123.203,95,95.0,96.0,,ARG,mapped,True,False,train,11
CC0088,4829,1JXS,A,1,1,1,98,98,ARG,7.82,124.407,97,97.0,98.0,,ARG,mapped,True,False,train,11
CC0007,4394,2IFE,A,1,1,1,10,10,VAL,8.47,121.8,9,0.0,90.0,,VAL,mapped,True,False,train,12
CC0007,4394,2IFE,A,1,1,1,11,11,ILE,8.5,125.1,10,1.0,91.0,,ILE,mapped,True,False,train,12
CC0007,4394,2IFE,A,1,1,1,12,12,GLN,8.92,124.5,11,2.0,92.0,,GLN,mapped,True,False,train,12
CC0007,4394,2IFE,A,1,1,1,13,13,VAL,8.39,118.7,12,3.0,93.0,,VAL,mapped,True,False,train,12
CC0007,4394,2IFE,A,1,1,1,14,14,LYS,8.56,126.1,13,4.0,94.0,,LYS,mapped,True,False,train,12
CC0007,4394,2IFE,A,1,1,1,15,15,GLU,8.47,119.3,14,5.0,95.0,,GLU,mapped,True,False,train,12
CC0007,4394,2IFE,A,1,1,1,16,16,ILE,8.87,122.2,15,6.0,96.0,,ILE,mapped,True,False,train,12
CC0007,4394,2IFE,A,1,1,1,17,17,LYS,8.61,123.3,16,7.0,97.0,,LYS,mapped,True,False,train,12
CC0007,4394,2IFE,A,1,1,1,18,18,PHE,9.15,119.3,17,8.0,98.0,,PHE,mapped,True,False,train,12
CC0007,4394,2IFE,A,1,1,1,19,19,ARG,8.83,118.3,18,9.0,99.0,,ARG,mapped,True,False,train,12
CC0007,4394,2IFE,A,1,1,1,21,21,GLY,8.79,106.2,20,11.0,101.0,,GLY,mapped,True,False,train,12
CC0007,4394,2IFE,A,1,1,1,22,22,THR,7.91,113.1,21,12.0,102.0,,THR,mapped,True,False,train,12
CC0007,4394,2IFE,A,1,1,1,23,23,ASP,8.82,122.9,22,13.0,103.0,,ASP,mapped,True,False,train,12
CC0007,4394,2IFE,A,1,1,1,24,24,GLU,8.89,120.8,23,14.0,104.0,,GLU,mapped,True,False,train,12
CC0007,4394,2IFE,A,1,1,1,25,25,GLY,8.75,105.0,24,15.0,105.0,,GLY,mapped,True,False,train,12
CC0007,4394,2IFE,A,1,1,1,26,26,ASP,8.09,120.0,25,16.0,106.0,,ASP,mapped,True,False,train,12
CC0007,4394,2IFE,A,1,1,1,27,27,TYR,8.62,118.3,26,17.0,107.0,,TYR,mapped,True,False,train,12
CC0007,4394,2IFE,A,1,1,1,28,28,GLN,8.55,112.8,27,18.0,108.0,,GLN,mapped,True,False,train,12
CC0007,4394,2IFE,A,1,1,1,29,29,VAL,7.78,117.7,28,19.0,109.0,,VAL,mapped,True,False,train,12
CC0007,4394,2IFE,A,1,1,1,30,30,LYS,8.05,119.6,29,20.0,110.0,,LYS,mapped,True,False,train,12
CC0007,4394,2IFE,A,1,1,1,31,31,LEU,9.0,119.0,30,21.0,111.0,,LEU,mapped,True,False,train,12
CC0007,4394,2IFE,A,1,1,1,32,32,ARG,7.98,113.8,31,22.0,112.0,,ARG,mapped,True,False,train,12
CC0007,4394,2IFE,A,1,1,1,33,33,SER,7.66,114.0,32,23.0,113.0,,SER,mapped,True,False,train,12
CC0007,4394,2IFE,A,1,1,1,34,34,LEU,7.91,119.0,33,24.0,114.0,,LEU,mapped,True,False,train,12
CC0007,4394,2IFE,A,1,1,1,35,35,ILE,8.53,115.7,34,25.0,115.0,,ILE,mapped,True,False,train,12
CC0007,4394,2IFE,A,1,1,1,36,36,ARG,7.38,115.9,35,26.0,116.0,,ARG,mapped,True,False,train,12
CC0007,4394,2IFE,A,1,1,1,37,37,PHE,8.13,115.0,36,27.0,117.0,,PHE,mapped,True,False,train,12
CC0007,4394,2IFE,A,1,1,1,38,38,LEU,8.26,116.3,37,28.0,118.0,,LEU,mapped,True,False,train,12
CC0007,4394,2IFE,A,1,1,1,39,39,GLU,9.24,119.8,38,29.0,119.0,,GLU,mapped,True,False,train,12
CC0007,4394,2IFE,A,1,1,1,40,40,GLU,8.05,114.9,39,30.0,120.0,,GLU,mapped,True,False,train,12
CC0007,4394,2IFE,A,1,1,1,41,41,GLY,8.1,105.0,40,31.0,121.0,,GLY,mapped,True,False,train,12
CC0007,4394,2IFE,A,1,1,1,42,42,ASP,8.21,119.7,41,32.0,122.0,,ASP,mapped,True,False,train,12
CC0007,4394,2IFE,A,1,1,1,43,43,LYS,8.0,110.3,42,33.0,123.0,,LYS,mapped,True,False,train,12
CC0007,4394,2IFE,A,1,1,1,44,44,ALA,8.83,118.7,43,34.0,124.0,,ALA,mapped,True,False,train,12
CC0007,4394,2IFE,A,1,1,1,45,45,LYS,9.32,122.4,44,35.0,125.0,,LYS,mapped,True,False,train,12
CC0007,4394,2IFE,A,1,1,1,46,46,ILE,9.65,126.6,45,36.0,126.0,,ILE,mapped,True,False,train,12
CC0007,4394,2IFE,A,1,1,1,47,47,THR,8.72,120.4,46,37.0,127.0,,THR,mapped,True,False,train,12
CC0007,4394,2IFE,A,1,1,1,48,48,LEU,9.28,126.3,47,38.0,128.0,,LEU,mapped,True,False,train,12
CC0007,4394,2IFE,A,1,1,1,49,49,ARG,8.35,122.0,48,39.0,129.0,,ARG,mapped,True,False,train,12
CC0007,4394,2IFE,A,1,1,1,50,50,PHE,8.68,119.7,49,40.0,130.0,,PHE,mapped,True,False,train,12
CC0007,4394,2IFE,A,1,1,1,51,51,ARG,9.33,119.5,50,41.0,131.0,,ARG,mapped,True,False,train,12
CC0007,4394,2IFE,A,1,1,1,52,52,GLY,8.99,108.5,51,42.0,132.0,,GLY,mapped,True,False,train,12
CC0007,4394,2IFE,A,1,1,1,53,53,ARG,8.39,117.8,52,43.0,133.0,,ARG,mapped,True,False,train,12
CC0007,4394,2IFE,A,1,1,1,54,54,GLU,8.32,117.7,53,44.0,134.0,,GLU,mapped,True,False,train,12
CC0007,4394,2IFE,A,1,1,1,56,56,ALA,8.23,119.4,55,46.0,136.0,,ALA,mapped,True,False,train,12
CC0007,4394,2IFE,A,1,1,1,57,57,HIS,7.55,115.4,56,47.0,137.0,,HIS,mapped,True,False,train,12
CC0007,4394,2IFE,A,1,1,1,59,59,GLN,8.94,116.6,58,49.0,139.0,,GLN,mapped,True,False,train,12
CC0007,4394,2IFE,A,1,1,1,60,60,ILE,7.83,116.6,59,50.0,140.0,,ILE,mapped,True,False,train,12
CC0007,4394,2IFE,A,1,1,1,61,61,GLY,8.31,104.5,60,51.0,141.0,,GLY,mapped,True,False,train,12
CC0007,4394,2IFE,A,1,1,1,62,62,MET,8.4,117.1,61,52.0,142.0,,MET,mapped,True,False,train,12
CC0007,4394,2IFE,A,1,1,1,63,63,GLU,8.17,116.5,62,53.0,143.0,,GLU,mapped,True,False,train,12
CC0007,4394,2IFE,A,1,1,1,64,64,VAL,7.89,117.7,63,54.0,144.0,,VAL,mapped,True,False,train,12
CC0007,4394,2IFE,A,1,1,1,65,65,LEU,7.85,115.3,64,55.0,145.0,,LEU,mapped,True,False,train,12
CC0007,4394,2IFE,A,1,1,1,66,66,ASN,8.68,114.1,65,56.0,146.0,,ASN,mapped,True,False,train,12
CC0007,4394,2IFE,A,1,1,1,67,67,ARG,7.93,119.1,66,57.0,147.0,,ARG,mapped,True,False,train,12
CC0007,4394,2IFE,A,1,1,1,68,68,VAL,8.27,117.0,67,58.0,148.0,,VAL,mapped,True,False,train,12
CC0007,4394,2IFE,A,1,1,1,69,69,LYS,8.1,114.4,68,59.0,149.0,,LYS,mapped,True,False,train,12
CC0007,4394,2IFE,A,1,1,1,70,70,ASP,8.26,118.4,69,60.0,150.0,,ASP,mapped,True,False,train,12
CC0007,4394,2IFE,A,1,1,1,71,71,ASP,9.22,120.2,70,61.0,151.0,,ASP,mapped,True,False,train,12
CC0007,4394,2IFE,A,1,1,1,72,72,LEU,7.87,115.1,71,62.0,152.0,,LEU,mapped,True,False,train,12
CC0007,4394,2IFE,A,1,1,1,73,73,GLN,7.58,118.6,72,63.0,153.0,,GLN,mapped,True,False,train,12
CC0007,4394,2IFE,A,1,1,1,74,74,GLU,8.92,113.5,73,64.0,154.0,,GLU,mapped,True,False,train,12
CC0007,4394,2IFE,A,1,1,1,75,75,LEU,7.8,114.5,74,65.0,155.0,,LEU,mapped,True,False,train,12
CC0007,4394,2IFE,A,1,1,1,76,76,ALA,8.49,120.1,75,66.0,156.0,,ALA,mapped,True,False,train,12
CC0007,4394,2IFE,A,1,1,1,77,77,VAL,9.32,113.3,76,67.0,157.0,,VAL,mapped,True,False,train,12
CC0007,4394,2IFE,A,1,1,1,78,78,VAL,8.92,121.5,77,68.0,158.0,,VAL,mapped,True,False,train,12
CC0007,4394,2IFE,A,1,1,1,79,79,GLU,9.16,128.1,78,69.0,159.0,,GLU,mapped,True,False,train,12
CC0007,4394,2IFE,A,1,1,1,80,80,SER,7.88,109.0,79,70.0,160.0,,SER,mapped,True,False,train,12
CC0007,4394,2IFE,A,1,1,1,81,81,PHE,9.04,126.4,80,71.0,161.0,,PHE,mapped,True,False,train,12
CC0007,4394,2IFE,A,1,1,1,83,83,THR,8.68,107.2,82,73.0,163.0,,THR,mapped,True,False,train,12
CC0007,4394,2IFE,A,1,1,1,84,84,LYS,7.83,116.1,83,74.0,164.0,,LYS,mapped,True,False,train,12
CC0007,4394,2IFE,A,1,1,1,85,85,ILE,8.55,119.7,84,75.0,165.0,,ILE,mapped,True,False,train,12
CC0007,4394,2IFE,A,1,1,1,86,86,GLU,8.73,125.5,85,76.0,166.0,,GLU,mapped,True,False,train,12
CC0007,4394,2IFE,A,1,1,1,88,88,ARG,8.89,114.6,87,78.0,168.0,,ARG,mapped,True,False,train,12
CC0007,4394,2IFE,A,1,1,1,89,89,GLN,7.96,113.1,88,79.0,169.0,,GLN,mapped,True,False,train,12
CC0007,4394,2IFE,A,1,1,1,90,90,MET,8.94,116.6,89,80.0,170.0,,MET,mapped,True,False,train,12
CC0007,4394,2IFE,A,1,1,1,91,91,ILE,8.4,119.0,90,81.0,171.0,,ILE,mapped,True,False,train,12
CC0007,4394,2IFE,A,1,1,1,92,92,MET,9.17,124.9,91,82.0,172.0,,MET,mapped,True,False,train,12
CC0007,4394,2IFE,A,1,1,1,93,93,VAL,8.76,123.7,92,83.0,173.0,,VAL,mapped,True,False,train,12
CC0007,4394,2IFE,A,1,1,1,94,94,LEU,9.61,125.3,93,84.0,174.0,,LEU,mapped,True,False,train,12
CC0007,4394,2IFE,A,1,1,1,95,95,ALA,9.27,120.3,94,85.0,175.0,,ALA,mapped,True,False,train,12
CC0007,4394,2IFE,A,1,1,1,97,97,LYS,8.23,120.9,96,87.0,177.0,,LYS,mapped,True,False,train,12
CC0007,4394,2IFE,A,1,1,1,98,98,LYS,8.56,120.9,97,88.0,178.0,,LYS,mapped,True,False,train,12
CC0007,4394,2IFE,A,1,1,1,99,99,LYS,8.6,122.4,98,89.0,179.0,,LYS,mapped,True,False,train,12
CC0007,4394,2IFE,A,1,1,1,100,100,GLN,8.21,124.5,99,90.0,180.0,,GLN,mapped,True,False,train,12
CC0008,4395,1B75,A,1,1,1,3,3,THR,8.37,121.3,2,2.0,3.0,,THR,mapped,True,False,train,13
CC0008,4395,1B75,A,1,1,1,4,4,ILE,9.02,128.2,3,3.0,4.0,,ILE,mapped,True,False,train,13
CC0008,4395,1B75,A,1,1,1,5,5,ASN,8.66,127.3,4,4.0,5.0,,ASN,mapped,True,False,train,13
CC0008,4395,1B75,A,1,1,1,6,6,ALA,8.68,125.5,5,5.0,6.0,,ALA,mapped,True,False,train,13
CC0008,4395,1B75,A,1,1,1,7,7,GLU,7.61,117.5,6,6.0,7.0,,GLU,mapped,True,False,train,13
CC0008,4395,1B75,A,1,1,1,8,8,VAL,8.85,123.1,7,7.0,8.0,,VAL,mapped,True,False,train,13
CC0008,4395,1B75,A,1,1,1,9,9,ARG,8.21,128.9,8,8.0,9.0,,ARG,mapped,True,False,train,13
CC0008,4395,1B75,A,1,1,1,10,10,LYS,8.57,128.0,9,9.0,10.0,,LYS,mapped,True,False,train,13
CC0008,4395,1B75,A,1,1,1,11,11,GLU,8.39,123.1,10,10.0,11.0,,GLU,mapped,True,False,train,13
CC0008,4395,1B75,A,1,1,1,12,12,GLN,8.52,123.1,11,11.0,12.0,,GLN,mapped,True,False,train,13
CC0008,4395,1B75,A,1,1,1,13,13,GLY,8.47,111.5,12,12.0,13.0,,GLY,mapped,True,False,train,13
CC0008,4395,1B75,A,1,1,1,16,16,ALA,8.07,125.6,15,15.0,16.0,,ALA,mapped,True,False,train,13
CC0008,4395,1B75,A,1,1,1,17,17,SER,8.31,116.2,16,16.0,17.0,,SER,mapped,True,False,train,13
CC0008,4395,1B75,A,1,1,1,19,19,ARG,8.14,123.0,18,18.0,19.0,,ARG,mapped,True,False,train,13
CC0008,4395,1B75,A,1,1,1,20,20,LEU,8.21,124.2,19,19.0,20.0,,LEU,mapped,True,False,train,13
CC0008,4395,1B75,A,1,1,1,21,21,ARG,8.22,122.7,20,20.0,21.0,,ARG,mapped,True,False,train,13
CC0008,4395,1B75,A,1,1,1,22,22,ALA,8.22,126.3,21,21.0,22.0,,ALA,mapped,True,False,train,13
CC0008,4395,1B75,A,1,1,1,23,23,ALA,8.08,123.3,22,22.0,23.0,,ALA,mapped,True,False,train,13
CC0008,4395,1B75,A,1,1,1,24,24,ASN,8.38,116.8,23,23.0,24.0,,ASN,mapped,True,False,train,13
CC0008,4395,1B75,A,1,1,1,25,25,LYS,7.92,120.3,24,24.0,25.0,,LYS,mapped,True,False,train,13
CC0008,4395,1B75,A,1,1,1,26,26,PHE,9.12,122.4,25,25.0,26.0,,PHE,mapped,True,False,train,13
CC0008,4395,1B75,A,1,1,1,28,28,ALA,8.05,116.9,27,27.0,28.0,,ALA,mapped,True,False,train,13
CC0008,4395,1B75,A,1,1,1,29,29,ILE,8.23,121.7,28,28.0,29.0,,ILE,mapped,True,False,train,13
CC0008,4395,1B75,A,1,1,1,30,30,ILE,8.71,125.4,29,29.0,30.0,,ILE,mapped,True,False,train,13
CC0008,4395,1B75,A,1,1,1,31,31,TYR,9.2,129.4,30,30.0,31.0,,TYR,mapped,True,False,train,13
CC0008,4395,1B75,A,1,1,1,32,32,GLY,9.14,109.3,31,31.0,32.0,,GLY,mapped,True,False,train,13
CC0008,4395,1B75,A,1,1,1,33,33,GLY,8.53,110.4,32,32.0,33.0,,GLY,mapped,True,False,train,13
CC0008,4395,1B75,A,1,1,1,34,34,LYS,8.64,122.6,33,33.0,34.0,,LYS,mapped,True,False,train,13
CC0008,4395,1B75,A,1,1,1,35,35,GLU,7.7,120.3,34,34.0,35.0,,GLU,mapped,True,False,train,13
CC0008,4395,1B75,A,1,1,1,36,36,ALA,8.5,127.0,35,35.0,36.0,,ALA,mapped,True,False,train,13
CC0008,4395,1B75,A,1,1,1,38,38,LEU,8.64,126.7,37,37.0,38.0,,LEU,mapped,True,False,train,13
CC0008,4395,1B75,A,1,1,1,39,39,ALA,8.75,132.6,38,38.0,39.0,,ALA,mapped,True,False,train,13
CC0008,4395,1B75,A,1,1,1,40,40,ILE,8.55,117.0,39,39.0,40.0,,ILE,mapped,True,False,train,13
CC0008,4395,1B75,A,1,1,1,41,41,GLU,9.06,121.0,40,40.0,41.0,,GLU,mapped,True,False,train,13
CC0008,4395,1B75,A,1,1,1,42,42,LEU,8.59,123.7,41,41.0,42.0,,LEU,mapped,True,False,train,13
CC0008,4395,1B75,A,1,1,1,43,43,ASP,8.73,121.8,42,42.0,43.0,,ASP,mapped,True,False,train,13
CC0008,4395,1B75,A,1,1,1,44,44,HIS,8.72,127.3,43,43.0,44.0,,HIS,mapped,True,False,train,13
CC0008,4395,1B75,A,1,1,1,45,45,ASP,8.96,120.4,44,44.0,45.0,,ASP,mapped,True,False,train,13
CC0008,4395,1B75,A,1,1,1,46,46,LYS,8.24,120.8,45,45.0,46.0,,LYS,mapped,True,False,train,13
CC0008,4395,1B75,A,1,1,1,47,47,VAL,7.63,120.0,46,46.0,47.0,,VAL,mapped,True,False,train,13
CC0008,4395,1B75,A,1,1,1,48,48,MET,8.64,122.6,47,47.0,48.0,,MET,mapped,True,False,train,13
CC0008,4395,1B75,A,1,1,1,49,49,ASN,7.39,117.0,48,48.0,49.0,,ASN,mapped,True,False,train,13
CC0008,4395,1B75,A,1,1,1,50,50,MET,7.41,120.8,49,49.0,50.0,,MET,mapped,True,False,train,13
CC0008,4395,1B75,A,1,1,1,51,51,GLN,7.79,114.0,50,50.0,51.0,,GLN,mapped,True,False,train,13
CC0008,4395,1B75,A,1,1,1,52,52,ALA,6.88,122.6,51,51.0,52.0,,ALA,mapped,True,False,train,13
CC0008,4395,1B75,A,1,1,1,53,53,LYS,7.64,120.8,52,52.0,53.0,,LYS,mapped,True,False,train,13
CC0008,4395,1B75,A,1,1,1,54,54,ALA,8.8,128.8,53,53.0,54.0,,ALA,mapped,True,False,train,13
CC0008,4395,1B75,A,1,1,1,55,55,GLU,9.82,118.8,54,54.0,55.0,,GLU,mapped,True,False,train,13
CC0008,4395,1B75,A,1,1,1,56,56,PHE,8.13,121.8,55,55.0,56.0,,PHE,mapped,True,False,train,13
CC0008,4395,1B75,A,1,1,1,57,57,TYR,7.44,111.4,56,56.0,57.0,,TYR,mapped,True,False,train,13
CC0008,4395,1B75,A,1,1,1,58,58,SER,7.71,113.4,57,57.0,58.0,,SER,mapped,True,False,train,13
CC0008,4395,1B75,A,1,1,1,59,59,GLU,7.58,122.7,58,58.0,59.0,,GLU,mapped,True,False,train,13
CC0008,4395,1B75,A,1,1,1,60,60,VAL,8.14,121.2,59,59.0,60.0,,VAL,mapped,True,False,train,13
CC0008,4395,1B75,A,1,1,1,61,61,LEU,9.37,131.2,60,60.0,61.0,,LEU,mapped,True,False,train,13
CC0008,4395,1B75,A,1,1,1,62,62,THR,8.23,117.4,61,61.0,62.0,,THR,mapped,True,False,train,13
CC0008,4395,1B75,A,1,1,1,63,63,ILE,8.96,129.0,62,62.0,63.0,,ILE,mapped,True,False,train,13
CC0008,4395,1B75,A,1,1,1,64,64,VAL,8.71,130.1,63,63.0,64.0,,VAL,mapped,True,False,train,13
CC0008,4395,1B75,A,1,1,1,65,65,VAL,8.76,128.4,64,64.0,65.0,,VAL,mapped,True,False,train,13
CC0008,4395,1B75,A,1,1,1,66,66,ASP,9.61,131.5,65,65.0,66.0,,ASP,mapped,True,False,train,13
CC0008,4395,1B75,A,1,1,1,67,67,GLY,8.39,104.0,66,66.0,67.0,,GLY,mapped,True,False,train,13
CC0008,4395,1B75,A,1,1,1,68,68,LYS,7.91,123.7,67,67.0,68.0,,LYS,mapped,True,False,train,13
CC0008,4395,1B75,A,1,1,1,69,69,GLU,8.38,122.9,68,68.0,69.0,,GLU,mapped,True,False,train,13
CC0008,4395,1B75,A,1,1,1,70,70,ILE,9.4,128.0,69,69.0,70.0,,ILE,mapped,True,False,train,13
CC0008,4395,1B75,A,1,1,1,71,71,LYS,8.48,129.0,70,70.0,71.0,,LYS,mapped,True,False,train,13
CC0008,4395,1B75,A,1,1,1,72,72,VAL,9.18,118.2,71,71.0,72.0,,VAL,mapped,True,False,train,13
CC0008,4395,1B75,A,1,1,1,73,73,LYS,9.02,117.9,72,72.0,73.0,,LYS,mapped,True,False,train,13
CC0008,4395,1B75,A,1,1,1,74,74,ALA,9.26,127.1,73,73.0,74.0,,ALA,mapped,True,False,train,13
CC0008,4395,1B75,A,1,1,1,75,75,GLN,8.7,126.6,74,74.0,75.0,,GLN,mapped,True,False,train,13
CC0008,4395,1B75,A,1,1,1,76,76,ASP,7.93,119.4,75,75.0,76.0,,ASP,mapped,True,False,train,13
CC0008,4395,1B75,A,1,1,1,77,77,VAL,8.52,126.1,76,76.0,77.0,,VAL,mapped,True,False,train,13
CC0008,4395,1B75,A,1,1,1,78,78,GLN,8.8,127.7,77,77.0,78.0,,GLN,mapped,True,False,train,13
CC0008,4395,1B75,A,1,1,1,79,79,ARG,8.83,126.9,78,78.0,79.0,,ARG,mapped,True,False,train,13
CC0008,4395,1B75,A,1,1,1,80,80,HIS,8.53,126.3,79,79.0,80.0,,HIS,mapped,True,False,train,13
CC0008,4395,1B75,A,1,1,1,82,82,TYR,9.68,117.1,81,81.0,82.0,,TYR,mapped,True,False,train,13
CC0008,4395,1B75,A,1,1,1,83,83,LYS,8.5,126.0,82,82.0,83.0,,LYS,mapped,True,False,train,13
CC0008,4395,1B75,A,1,1,1,85,85,LYS,8.21,124.7,84,84.0,85.0,,LYS,mapped,True,False,train,13
CC0008,4395,1B75,A,1,1,1,87,87,GLN,8.81,119.8,86,86.0,87.0,,GLN,mapped,True,False,train,13
CC0008,4395,1B75,A,1,1,1,88,88,HIS,7.68,117.7,87,87.0,88.0,,HIS,mapped,True,False,train,13
CC0008,4395,1B75,A,1,1,1,89,89,ILE,6.8,123.8,88,88.0,89.0,,ILE,mapped,True,False,train,13
CC0008,4395,1B75,A,1,1,1,90,90,ASP,8.45,125.8,89,89.0,90.0,,ASP,mapped,True,False,train,13
CC0008,4395,1B75,A,1,1,1,91,91,PHE,9.44,122.9,90,90.0,91.0,,PHE,mapped,True,False,train,13
CC0008,4395,1B75,A,1,1,1,92,92,VAL,9.1,120.3,91,91.0,92.0,,VAL,mapped,True,False,train,13
CC0008,4395,1B75,A,1,1,1,93,93,ARG,8.56,126.7,92,92.0,93.0,,ARG,mapped,True,False,train,13
CC0008,4395,1B75,A,1,1,1,94,94,ALA,8.17,134.5,93,93.0,94.0,,ALA,mapped,True,False,train,13
CC0011,4405,1KHM,A,1,1,1,4,4,ASN,8.41,117.83,3,3.0,4.0,,ASN,mapped,True,False,train,14
CC0011,4405,1KHM,A,1,1,1,5,5,SER,8.14,115.52,4,4.0,5.0,,SER,mapped,True,False,train,14
CC0011,4405,1KHM,A,1,1,1,6,6,TYR,8.19,121.28,5,5.0,6.0,,TYR,mapped,True,False,train,14
CC0011,4405,1KHM,A,1,1,1,7,7,GLY,8.24,109.58,6,6.0,7.0,,GLY,mapped,True,False,train,14
CC0011,4405,1KHM,A,1,1,1,8,8,ASP,8.22,120.31,7,7.0,8.0,,ASP,mapped,True,False,train,14
CC0011,4405,1KHM,A,1,1,1,9,9,LEU,8.3,121.99,8,8.0,9.0,,LEU,mapped,True,False,train,14
CC0011,4405,1KHM,A,1,1,1,10,10,GLY,8.43,108.56,9,9.0,10.0,,GLY,mapped,True,False,train,14
CC0011,4405,1KHM,A,1,1,1,11,11,GLY,8.01,108.67,10,10.0,11.0,,GLY,mapped,True,False,train,14
CC0011,4405,1KHM,A,1,1,1,13,13,ILE,8.12,120.56,12,12.0,13.0,,ILE,mapped,True,False,train,14
CC0011,4405,1KHM,A,1,1,1,14,14,ILE,8.98,128.87,13,13.0,14.0,,ILE,mapped,True,False,train,14
CC0011,4405,1KHM,A,1,1,1,15,15,THR,8.06,116.1,14,14.0,15.0,,THR,mapped,True,False,train,14
CC0011,4405,1KHM,A,1,1,1,16,16,THR,9.24,122.22,15,15.0,16.0,,THR,mapped,True,False,train,14
CC0011,4405,1KHM,A,1,1,1,17,17,GLN,8.15,121.74,16,16.0,17.0,,GLN,mapped,True,False,train,14
CC0011,4405,1KHM,A,1,1,1,18,18,VAL,9.07,120.81,17,17.0,18.0,,VAL,mapped,True,False,train,14
CC0011,4405,1KHM,A,1,1,1,19,19,THR,8.49,119.93,18,18.0,19.0,,THR,mapped,True,False,train,14
CC0011,4405,1KHM,A,1,1,1,20,20,ILE,9.06,122.46,19,19.0,20.0,,ILE,mapped,True,False,train,14
CC0011,4405,1KHM,A,1,1,1,22,22,LYS,8.88,121.99,21,21.0,22.0,,LYS,mapped,True,False,train,14
CC0011,4405,1KHM,A,1,1,1,23,23,ASP,9.0,118.24,22,22.0,23.0,,ASP,mapped,True,False,train,14
CC0011,4405,1KHM,A,1,1,1,24,24,LEU,7.38,119.9,23,23.0,24.0,,LEU,mapped,True,False,train,14
CC0011,4405,1KHM,A,1,1,1,25,25,ALA,8.02,120.77,24,24.0,25.0,,ALA,mapped,True,False,train,14
CC0011,4405,1KHM,A,1,1,1,26,26,ARG,7.94,115.2,25,25.0,26.0,,ARG,mapped,True,False,train,14
CC0011,4405,1KHM,A,1,1,1,27,27,SER,7.5,113.83,26,26.0,27.0,,SER,mapped,True,False,train,14
CC0011,4405,1KHM,A,1,1,1,28,28,ILE,7.61,118.63,27,27.0,28.0,,ILE,mapped,True,False,train,14
CC0011,4405,1KHM,A,1,1,1,29,29,ILE,7.83,115.78,28,28.0,29.0,,ILE,mapped,True,False,train,14
CC0011,4405,1KHM,A,1,1,1,30,30,GLY,7.56,105.7,29,29.0,30.0,,GLY,mapped,True,False,train,14
CC0011,4405,1KHM,A,1,1,1,31,31,LYS,8.86,121.91,30,30.0,31.0,,LYS,mapped,True,False,train,14
CC0011,4405,1KHM,A,1,1,1,32,32,GLY,9.02,112.59,31,31.0,32.0,,GLY,mapped,True,False,train,14
CC0011,4405,1KHM,A,1,1,1,33,33,GLY,7.91,106.97,32,32.0,33.0,,GLY,mapped,True,False,train,14
CC0011,4405,1KHM,A,1,1,1,34,34,GLN,7.82,118.21,33,33.0,34.0,,GLN,mapped,True,False,train,14
CC0011,4405,1KHM,A,1,1,1,35,35,ARG,8.48,119.08,34,34.0,35.0,,ARG,mapped,True,False,train,14
CC0011,4405,1KHM,A,1,1,1,36,36,ILE,7.59,118.69,35,35.0,36.0,,ILE,mapped,True,False,train,14
CC0011,4405,1KHM,A,1,1,1,37,37,LYS,7.72,121.39,36,36.0,37.0,,LYS,mapped,True,False,train,14
CC0011,4405,1KHM,A,1,1,1,38,38,GLN,7.82,120.1,37,37.0,38.0,,GLN,mapped,True,False,train,14
CC0011,4405,1KHM,A,1,1,1,39,39,ILE,8.46,119.86,38,38.0,39.0,,ILE,mapped,True,False,train,14
CC0011,4405,1KHM,A,1,1,1,40,40,ARG,8.67,123.55,39,39.0,40.0,,ARG,mapped,True,False,train,14
CC0011,4405,1KHM,A,1,1,1,41,41,HIS,8.01,117.29,40,40.0,41.0,,HIS,mapped,True,False,train,14
CC0011,4405,1KHM,A,1,1,1,42,42,GLU,8.79,116.75,41,41.0,42.0,,GLU,mapped,True,False,train,14
CC0011,4405,1KHM,A,1,1,1,43,43,SER,8.21,110.26,42,42.0,43.0,,SER,mapped,True,False,train,14
CC0011,4405,1KHM,A,1,1,1,44,44,GLY,7.83,110.36,43,43.0,44.0,,GLY,mapped,True,False,train,14
CC0011,4405,1KHM,A,1,1,1,45,45,ALA,7.94,120.82,44,44.0,45.0,,ALA,mapped,True,False,train,14
CC0011,4405,1KHM,A,1,1,1,46,46,SER,8.66,114.77,45,45.0,46.0,,SER,mapped,True,False,train,14
CC0011,4405,1KHM,A,1,1,1,47,47,ILE,8.16,124.37,46,46.0,47.0,,ILE,mapped,True,False,train,14
CC0011,4405,1KHM,A,1,1,1,48,48,LYS,8.86,128.43,47,47.0,48.0,,LYS,mapped,True,False,train,14
CC0011,4405,1KHM,A,1,1,1,49,49,ILE,8.75,123.62,48,48.0,49.0,,ILE,mapped,True,False,train,14
CC0011,4405,1KHM,A,1,1,1,50,50,ASP,8.44,128.31,49,49.0,50.0,,ASP,mapped,True,False,train,14
CC0011,4405,1KHM,A,1,1,1,51,51,GLU,8.61,120.45,50,50.0,51.0,,GLU,mapped,True,False,train,14
CC0011,4405,1KHM,A,1,1,1,53,53,LEU,8.47,123.37,52,52.0,53.0,,LEU,mapped,True,False,train,14
CC0011,4405,1KHM,A,1,1,1,54,54,GLU,8.55,122.08,53,53.0,54.0,,GLU,mapped,True,False,train,14
CC0011,4405,1KHM,A,1,1,1,55,55,GLY,8.75,112.11,54,54.0,55.0,,GLY,mapped,True,False,train,14
CC0011,4405,1KHM,A,1,1,1,56,56,SER,7.93,114.5,55,55.0,56.0,,SER,mapped,True,False,train,14
CC0011,4405,1KHM,A,1,1,1,57,57,GLU,8.68,121.76,56,56.0,57.0,,GLU,mapped,True,False,train,14
CC0011,4405,1KHM,A,1,1,1,58,58,ASP,8.12,119.35,57,57.0,58.0,,ASP,mapped,True,False,train,14
CC0011,4405,1KHM,A,1,1,1,59,59,ARG,8.86,117.5,58,58.0,59.0,,ARG,mapped,True,False,train,14
CC0011,4405,1KHM,A,1,1,1,60,60,ILE,8.36,121.75,59,59.0,60.0,,ILE,mapped,True,False,train,14
CC0011,4405,1KHM,A,1,1,1,61,61,ILE,9.24,127.87,60,60.0,61.0,,ILE,mapped,True,False,train,14
CC0011,4405,1KHM,A,1,1,1,62,62,THR,9.01,123.16,61,61.0,62.0,,THR,mapped,True,False,train,14
CC0011,4405,1KHM,A,1,1,1,63,63,ILE,9.18,128.79,62,62.0,63.0,,ILE,mapped,True,False,train,14
CC0011,4405,1KHM,A,1,1,1,64,64,THR,8.94,122.39,63,63.0,64.0,,THR,mapped,True,False,train,14
CC0011,4405,1KHM,A,1,1,1,65,65,GLY,9.07,113.86,64,64.0,65.0,,GLY,mapped,True,False,train,14
CC0011,4405,1KHM,A,1,1,1,66,66,THR,8.68,110.62,65,65.0,66.0,,THR,mapped,True,False,train,14
CC0011,4405,1KHM,A,1,1,1,67,67,GLN,9.44,120.28,66,66.0,67.0,,GLN,mapped,True,False,train,14
CC0011,4405,1KHM,A,1,1,1,68,68,ASP,8.49,116.02,67,67.0,68.0,,ASP,mapped,True,False,train,14
CC0011,4405,1KHM,A,1,1,1,69,69,GLN,7.39,119.34,68,68.0,69.0,,GLN,mapped,True,False,train,14
CC0011,4405,1KHM,A,1,1,1,70,70,ILE,8.62,117.61,69,69.0,70.0,,ILE,mapped,True,False,train,14
CC0011,4405,1KHM,A,1,1,1,71,71,GLN,8.25,119.55,70,70.0,71.0,,GLN,mapped,True,False,train,14
CC0011,4405,1KHM,A,1,1,1,72,72,ASN,8.0,118.18,71,71.0,72.0,,ASN,mapped,True,False,train,14
CC0011,4405,1KHM,A,1,1,1,73,73,ALA,8.63,121.36,72,72.0,73.0,,ALA,mapped,True,False,train,14
CC0011,4405,1KHM,A,1,1,1,74,74,GLN,8.68,115.56,73,73.0,74.0,,GLN,mapped,True,False,train,14
CC0011,4405,1KHM,A,1,1,1,75,75,TYR,8.02,120.25,74,74.0,75.0,,TYR,mapped,True,False,train,14
CC0011,4405,1KHM,A,1,1,1,76,76,LEU,8.19,119.13,75,75.0,76.0,,LEU,mapped,True,False,train,14
CC0011,4405,1KHM,A,1,1,1,77,77,LEU,8.71,121.3,76,76.0,77.0,,LEU,mapped,True,False,train,14
CC0011,4405,1KHM,A,1,1,1,78,78,GLN,8.14,117.2,77,77.0,78.0,,GLN,mapped,True,False,train,14
CC0011,4405,1KHM,A,1,1,1,79,79,ASN,7.94,116.63,78,78.0,79.0,,ASN,mapped,True,False,train,14
CC0011,4405,1KHM,A,1,1,1,80,80,SER,7.78,115.14,79,79.0,80.0,,SER,mapped,True,False,train,14
CC0011,4405,1KHM,A,1,1,1,81,81,VAL,7.76,118.61,80,80.0,81.0,,VAL,mapped,True,False,train,14
CC0011,4405,1KHM,A,1,1,1,82,82,LYS,8.01,121.66,81,81.0,82.0,,LYS,mapped,True,False,train,14
CC0011,4405,1KHM,A,1,1,1,83,83,GLN,8.15,118.49,82,82.0,83.0,,GLN,mapped,True,False,train,14
CC0011,4405,1KHM,A,1,1,1,84,84,TYR,8.0,119.12,83,83.0,84.0,,TYR,mapped,True,False,train,14
CC0011,4405,1KHM,A,1,1,1,85,85,SER,8.17,116.44,84,84.0,85.0,,SER,mapped,True,False,train,14
CC0011,4405,1KHM,A,1,1,1,86,86,GLY,7.87,109.99,85,85.0,86.0,,GLY,mapped,True,False,train,14
CC0011,4405,1KHM,A,1,1,1,87,87,LYS,7.87,119.66,86,86.0,87.0,,LYS,mapped,True,False,train,14
CC0011,4405,1KHM,A,1,1,1,88,88,PHE,8.19,120.66,87,87.0,88.0,,PHE,mapped,True,False,train,14
CC0084,4792,2AN7,A,1,1,1,4,4,LEU,8.842,127.041,3,3.0,4.0,,LEU,mapped,True,False,train,15
CC0084,4792,2AN7,A,1,1,1,5,5,THR,8.641,122.817,4,4.0,5.0,,THR,mapped,True,False,train,15
CC0084,4792,2AN7,A,1,1,1,6,6,ILE,9.117,125.161,5,5.0,6.0,,ILE,mapped,True,False,train,15
CC0084,4792,2AN7,A,1,1,1,7,7,ASP,8.398,127.191,6,6.0,7.0,,ASP,mapped,True,False,train,15
CC0084,4792,2AN7,A,1,1,1,8,8,MET,8.51,119.271,7,7.0,8.0,,MET,mapped,True,False,train,15
CC0084,4792,2AN7,A,1,1,1,9,9,THR,8.883,112.615,8,8.0,9.0,,THR,mapped,True,False,train,15
CC0084,4792,2AN7,A,1,1,1,10,10,ASP,9.0,121.69,9,9.0,10.0,,ASP,mapped,True,False,train,15
CC0084,4792,2AN7,A,1,1,1,11,11,GLN,8.474,118.824,10,10.0,11.0,,GLN,mapped,True,False,train,15
CC0084,4792,2AN7,A,1,1,1,12,12,GLN,7.855,121.062,11,11.0,12.0,,GLN,mapped,True,False,train,15
CC0084,4792,2AN7,A,1,1,1,13,13,HIS,8.487,119.983,12,12.0,13.0,,HIS,mapped,True,False,train,15
CC0084,4792,2AN7,A,1,1,1,14,14,GLN,8.509,117.194,13,13.0,14.0,,GLN,mapped,True,False,train,15
CC0084,4792,2AN7,A,1,1,1,15,15,SER,8.198,116.394,14,14.0,15.0,,SER,mapped,True,False,train,15
CC0084,4792,2AN7,A,1,1,1,16,16,LEU,8.368,122.576,15,15.0,16.0,,LEU,mapped,True,False,train,15
CC0084,4792,2AN7,A,1,1,1,17,17,LYS,8.225,117.363,16,16.0,17.0,,LYS,mapped,True,False,train,15
CC0084,4792,2AN7,A,1,1,1,18,18,ALA,7.761,121.275,17,17.0,18.0,,ALA,mapped,True,False,train,15
CC0084,4792,2AN7,A,1,1,1,19,19,LEU,8.199,120.047,18,18.0,19.0,,LEU,mapped,True,False,train,15
CC0084,4792,2AN7,A,1,1,1,20,20,ALA,7.886,120.578,19,19.0,20.0,,ALA,mapped,True,False,train,15
CC0084,4792,2AN7,A,1,1,1,21,21,ALA,7.841,119.521,20,20.0,21.0,,ALA,mapped,True,False,train,15
CC0084,4792,2AN7,A,1,1,1,22,22,LEU,7.978,120.102,21,21.0,22.0,,LEU,mapped,True,False,train,15
CC0084,4792,2AN7,A,1,1,1,23,23,GLN,7.332,114.257,22,22.0,23.0,,GLN,mapped,True,False,train,15
CC0084,4792,2AN7,A,1,1,1,24,24,GLY,8.045,109.334,23,23.0,24.0,,GLY,mapped,True,False,train,15
CC0084,4792,2AN7,A,1,1,1,25,25,LYS,7.894,118.683,24,24.0,25.0,,LYS,mapped,True,False,train,15
CC0084,4792,2AN7,A,1,1,1,26,26,THR,8.201,110.169,25,25.0,26.0,,THR,mapped,True,False,train,15
CC0084,4792,2AN7,A,1,1,1,27,27,ILE,8.951,120.678,26,26.0,27.0,,ILE,mapped,True,False,train,15
CC0084,4792,2AN7,A,1,1,1,28,28,LYS,7.961,118.816,27,27.0,28.0,,LYS,mapped,True,False,train,15
CC0084,4792,2AN7,A,1,1,1,29,29,GLN,7.674,118.036,28,28.0,29.0,,GLN,mapped,True,False,train,15
CC0084,4792,2AN7,A,1,1,1,30,30,TYR,8.556,118.778,29,29.0,30.0,,TYR,mapped,True,False,train,15
CC0084,4792,2AN7,A,1,1,1,31,31,ALA,8.714,119.011,30,30.0,31.0,,ALA,mapped,True,False,train,15
CC0084,4792,2AN7,A,1,1,1,32,32,LEU,8.049,116.707,31,31.0,32.0,,LEU,mapped,True,False,train,15
CC0084,4792,2AN7,A,1,1,1,33,33,GLU,7.715,117.284,32,32.0,33.0,,GLU,mapped,True,False,train,15
CC0084,4792,2AN7,A,1,1,1,34,34,ARG,7.445,115.209,33,33.0,34.0,,ARG,mapped,True,False,train,15
CC0084,4792,2AN7,A,1,1,1,35,35,LEU,7.904,117.808,34,34.0,35.0,,LEU,mapped,True,False,train,15
CC0084,4792,2AN7,A,1,1,1,36,36,PHE,7.479,115.013,35,35.0,36.0,,PHE,mapped,True,False,train,15
CC0084,4792,2AN7,A,1,1,1,38,38,GLY,8.566,109.502,37,37.0,38.0,,GLY,mapped,True,False,train,15
CC0084,4792,2AN7,A,1,1,1,39,39,ASP,8.181,120.441,38,38.0,39.0,,ASP,mapped,True,False,train,15
CC0084,4792,2AN7,A,1,1,1,40,40,ALA,8.233,123.499,39,39.0,40.0,,ALA,mapped,True,False,train,15
CC0084,4792,2AN7,A,1,1,1,41,41,ASP,8.16,118.305,40,40.0,41.0,,ASP,mapped,True,False,train,15
CC0084,4792,2AN7,A,1,1,1,42,42,ALA,8.133,123.957,41,41.0,42.0,,ALA,mapped,True,False,train,15
CC0084,4792,2AN7,A,1,1,1,43,43,ASP,8.233,119.029,42,42.0,43.0,,ASP,mapped,True,False,train,15
CC0084,4792,2AN7,A,1,1,1,44,44,GLN,8.343,121.037,43,43.0,44.0,,GLN,mapped,True,False,train,15
CC0084,4792,2AN7,A,1,1,1,45,45,ALA,8.261,122.805,44,44.0,45.0,,ALA,mapped,True,False,train,15
CC0084,4792,2AN7,A,1,1,1,46,46,TRP,8.038,118.745,45,45.0,46.0,,TRP,mapped,True,False,train,15
CC0084,4792,2AN7,A,1,1,1,47,47,GLN,7.989,118.632,46,46.0,47.0,,GLN,mapped,True,False,train,15
CC0084,4792,2AN7,A,1,1,1,48,48,GLU,8.102,119.617,47,47.0,48.0,,GLU,mapped,True,False,train,15
CC0084,4792,2AN7,A,1,1,1,49,49,LEU,8.014,121.781,48,48.0,49.0,,LEU,mapped,True,False,train,15
CC0084,4792,2AN7,A,1,1,1,50,50,LYS,8.161,118.944,49,49.0,50.0,,LYS,mapped,True,False,train,15
CC0084,4792,2AN7,A,1,1,1,51,51,THR,7.839,114.447,50,50.0,51.0,,THR,mapped,True,False,train,15
CC0084,4792,2AN7,A,1,1,1,52,52,MET,8.018,121.57,51,51.0,52.0,,MET,mapped,True,False,train,15
CC0084,4792,2AN7,A,1,1,1,53,53,LEU,8.163,119.893,52,52.0,53.0,,LEU,mapped,True,False,train,15
CC0084,4792,2AN7,A,1,1,1,54,54,GLY,8.065,107.503,53,53.0,54.0,,GLY,mapped,True,False,train,15
CC0084,4792,2AN7,A,1,1,1,55,55,ASN,8.17,118.946,54,54.0,55.0,,ASN,mapped,True,False,train,15
CC0084,4792,2AN7,A,1,1,1,56,56,ARG,8.111,120.379,55,55.0,56.0,,ARG,mapped,True,False,train,15
CC0084,4792,2AN7,A,1,1,1,57,57,ILE,8.01,120.338,56,56.0,57.0,,ILE,mapped,True,False,train,15
CC0084,4792,2AN7,A,1,1,1,58,58,ASN,8.333,121.322,57,57.0,58.0,,ASN,mapped,True,False,train,15
CC0084,4792,2AN7,A,1,1,1,59,59,ASP,8.218,121.272,58,58.0,59.0,,ASP,mapped,True,False,train,15
CC0084,4792,2AN7,A,1,1,1,60,60,GLY,8.315,108.681,59,59.0,60.0,,GLY,mapped,True,False,train,15
CC0084,4792,2AN7,A,1,1,1,61,61,LEU,8.057,121.363,60,60.0,61.0,,LEU,mapped,True,False,train,15
CC0084,4792,2AN7,A,1,1,1,62,62,ALA,8.164,123.46,61,61.0,62.0,,ALA,mapped,True,False,train,15
CC0084,4792,2AN7,A,1,1,1,63,63,GLY,8.24,107.48,62,62.0,63.0,,GLY,mapped,True,False,train,15
CC0084,4792,2AN7,A,1,1,1,64,64,LYS,8.024,120.633,63,63.0,64.0,,LYS,mapped,True,False,train,15
CC0084,4792,2AN7,A,1,1,1,65,65,VAL,8.114,120.766,64,64.0,65.0,,VAL,mapped,True,False,train,15
CC0084,4792,2AN7,A,1,1,1,66,66,SER,8.426,119.49,65,65.0,66.0,,SER,mapped,True,False,train,15
CC0084,4792,2AN7,A,1,1,1,67,67,THR,8.206,116.248,66,66.0,67.0,,THR,mapped,True,False,train,15
CC0084,4792,2AN7,A,1,1,1,68,68,LYS,8.244,123.354,67,67.0,68.0,,LYS,mapped,True,False,train,15
CC0084,4792,2AN7,A,1,1,1,69,69,SER,8.396,117.72,68,68.0,69.0,,SER,mapped,True,False,train,15
CC0084,4792,2AN7,A,1,1,1,70,70,VAL,8.219,121.018,69,69.0,70.0,,VAL,mapped,True,False,train,15
CC0084,4792,2AN7,A,1,1,1,71,71,GLY,8.399,111.293,70,70.0,71.0,,GLY,mapped,True,False,train,15
CC0084,4792,2AN7,A,1,1,1,72,72,GLU,8.082,120.552,71,71.0,72.0,,GLU,mapped,True,False,train,15
CC0084,4792,2AN7,A,1,1,1,73,73,ILE,8.171,122.181,72,72.0,73.0,,ILE,mapped,True,False,train,15
CC0084,4792,2AN7,A,1,1,1,74,74,LEU,8.342,126.183,73,73.0,74.0,,LEU,mapped,True,False,train,15
CC0084,4792,2AN7,A,1,1,1,75,75,ASP,8.241,121.359,74,74.0,75.0,,ASP,mapped,True,False,train,15
CC0084,4792,2AN7,A,1,1,1,76,76,GLU,8.355,121.15,75,75.0,76.0,,GLU,mapped,True,False,train,15
CC0084,4792,2AN7,A,1,1,1,77,77,GLU,8.4,121.16,76,76.0,77.0,,GLU,mapped,True,False,train,15
CC0084,4792,2AN7,A,1,1,1,78,78,LEU,8.167,122.297,77,77.0,78.0,,LEU,mapped,True,False,train,15
CC0084,4792,2AN7,A,1,1,1,79,79,SER,8.188,115.94,78,78.0,79.0,,SER,mapped,True,False,train,15
CC0084,4792,2AN7,A,1,1,1,80,80,GLY,8.329,110.594,79,79.0,80.0,,GLY,mapped,True,False,train,15
CC0084,4792,2AN7,A,1,1,1,81,81,ASP,8.255,120.45,80,80.0,81.0,,ASP,mapped,True,False,train,15
CC0084,4792,2AN7,A,1,1,1,82,82,ARG,8.152,121.056,81,81.0,82.0,,ARG,mapped,True,False,train,15
CC0084,4792,2AN7,A,1,1,1,83,83,ALA,7.912,130.888,82,82.0,83.0,,ALA,mapped,True,False,train,15
CC0089,4833,1G6E,A,1,1,1,2,2,ILE,7.19,125.17,1,1.0,2.0,,ILE,mapped,True,False,train,16
CC0089,4833,1G6E,A,1,1,1,3,3,ASN,8.75,120.34,2,2.0,3.0,,ASN,mapped,True,False,train,16
CC0089,4833,1G6E,A,1,1,1,4,4,ARG,8.53,122.76,3,3.0,4.0,,ARG,mapped,True,False,train,16
CC0089,4833,1G6E,A,1,1,1,5,5,THR,8.12,120.83,4,4.0,5.0,,THR,mapped,True,False,train,16
CC0089,4833,1G6E,A,1,1,1,6,6,ASP,8.13,124.31,5,5.0,6.0,,ASP,mapped,True,False,train,16
CC0089,4833,1G6E,A,1,1,1,8,8,ASN,8.48,120.14,7,7.0,8.0,,ASN,mapped,True,False,train,16
CC0089,4833,1G6E,A,1,1,1,9,9,GLU,7.67,116.64,8,8.0,9.0,,GLU,mapped,True,False,train,16
CC0089,4833,1G6E,A,1,1,1,12,12,TYR,8.14,123.64,11,11.0,12.0,,TYR,mapped,True,False,train,16
CC0089,4833,1G6E,A,1,1,1,13,13,LEU,7.39,119.81,12,12.0,13.0,,LEU,mapped,True,False,train,16
CC0089,4833,1G6E,A,1,1,1,14,14,GLU,9.37,126.91,13,13.0,14.0,,GLU,mapped,True,False,train,16
CC0089,4833,1G6E,A,1,1,1,15,15,ILE,9.5,124.01,14,14.0,15.0,,ILE,mapped,True,False,train,16
CC0089,4833,1G6E,A,1,1,1,16,16,HIS,8.68,127.19,15,15.0,16.0,,HIS,mapped,True,False,train,16
CC0089,4833,1G6E,A,1,1,1,17,17,ASN,8.94,125.64,16,16.0,17.0,,ASN,mapped,True,False,train,16
CC0089,4833,1G6E,A,1,1,1,18,18,ASN,8.14,115.11,17,17.0,18.0,,ASN,mapped,True,False,train,16
CC0089,4833,1G6E,A,1,1,1,19,19,GLU,9.84,119.71,18,18.0,19.0,,GLU,mapped,True,False,train,16
CC0089,4833,1G6E,A,1,1,1,20,20,GLY,8.09,106.23,19,19.0,20.0,,GLY,mapped,True,False,train,16
CC0089,4833,1G6E,A,1,1,1,21,21,ARG,8.02,120.29,20,20.0,21.0,,ARG,mapped,True,False,train,16
CC0089,4833,1G6E,A,1,1,1,22,22,ASP,8.14,117.89,21,21.0,22.0,,ASP,mapped,True,False,train,16
CC0089,4833,1G6E,A,1,1,1,23,23,THR,8.34,114.36,22,22.0,23.0,,THR,mapped,True,False,train,16
CC0089,4833,1G6E,A,1,1,1,24,24,LEU,9.14,128.77,23,23.0,24.0,,LEU,mapped,True,False,train,16
CC0089,4833,1G6E,A,1,1,1,25,25,CYS,8.49,118.95,24,24.0,25.0,,CYS,mapped,True,False,train,16
CC0089,4833,1G6E,A,1,1,1,26,26,PHE,8.54,117.61,25,25.0,26.0,,PHE,mapped,True,False,train,16
CC0089,4833,1G6E,A,1,1,1,27,27,ALA,8.29,120.01,26,26.0,27.0,,ALA,mapped,True,False,train,16
CC0089,4833,1G6E,A,1,1,1,28,28,ASN,8.45,110.42,27,27.0,28.0,,ASN,mapped,True,False,train,16
CC0089,4833,1G6E,A,1,1,1,29,29,ALA,7.56,116.18,28,28.0,29.0,,ALA,mapped,True,False,train,16
CC0089,4833,1G6E,A,1,1,1,30,30,GLY,8.79,108.58,29,29.0,30.0,,GLY,mapped,True,False,train,16
CC0089,4833,1G6E,A,1,1,1,31,31,THR,8.52,114.59,30,30.0,31.0,,THR,mapped,True,False,train,16
CC0089,4833,1G6E,A,1,1,1,32,32,MET,9.22,126.09,31,31.0,32.0,,MET,mapped,True,False,train,16
CC0089,4833,1G6E,A,1,1,1,34,34,VAL,7.88,115.35,33,33.0,34.0,,VAL,mapped,True,False,train,16
CC0089,4833,1G6E,A,1,1,1,35,35,ALA,8.08,122.84,34,34.0,35.0,,ALA,mapped,True,False,train,16
CC0089,4833,1G6E,A,1,1,1,36,36,ILE,7.51,121.46,35,35.0,36.0,,ILE,mapped,True,False,train,16
CC0089,4833,1G6E,A,1,1,1,37,37,TYR,8.89,126.17,36,36.0,37.0,,TYR,mapped,True,False,train,16
CC0089,4833,1G6E,A,1,1,1,38,38,GLY,8.46,113.83,37,37.0,38.0,,GLY,mapped,True,False,train,16
CC0089,4833,1G6E,A,1,1,1,39,39,VAL,7.54,120.04,38,38.0,39.0,,VAL,mapped,True,False,train,16
CC0089,4833,1G6E,A,1,1,1,40,40,ASN,9.14,122.51,39,39.0,40.0,,ASN,mapped,True,False,train,16
CC0089,4833,1G6E,A,1,1,1,41,41,TRP,7.43,113.7,40,40.0,41.0,,TRP,mapped,True,False,train,16
CC0089,4833,1G6E,A,1,1,1,42,42,VAL,9.1,120.78,41,41.0,42.0,,VAL,mapped,True,False,train,16
CC0089,4833,1G6E,A,1,1,1,43,43,GLU,9.09,125.4,42,42.0,43.0,,GLU,mapped,True,False,train,16
CC0089,4833,1G6E,A,1,1,1,44,44,SER,8.66,116.93,43,43.0,44.0,,SER,mapped,True,False,train,16
CC0089,4833,1G6E,A,1,1,1,45,45,GLY,9.12,110.12,44,44.0,45.0,,GLY,mapped,True,False,train,16
CC0089,4833,1G6E,A,1,1,1,46,46,ASN,8.16,124.51,45,45.0,46.0,,ASN,mapped,True,False,train,16
CC0089,4833,1G6E,A,1,1,1,47,47,ASN,7.5,115.55,46,46.0,47.0,,ASN,mapped,True,False,train,16
CC0089,4833,1G6E,A,1,1,1,48,48,VAL,8.51,121.91,47,47.0,48.0,,VAL,mapped,True,False,train,16
CC0089,4833,1G6E,A,1,1,1,49,49,VAL,8.57,123.69,48,48.0,49.0,,VAL,mapped,True,False,train,16
CC0089,4833,1G6E,A,1,1,1,50,50,THR,9.5,122.29,49,49.0,50.0,,THR,mapped,True,False,train,16
CC0089,4833,1G6E,A,1,1,1,51,51,LEU,9.19,127.36,50,50.0,51.0,,LEU,mapped,True,False,train,16
CC0089,4833,1G6E,A,1,1,1,52,52,GLN,8.13,120.92,51,51.0,52.0,,GLN,mapped,True,False,train,16
CC0089,4833,1G6E,A,1,1,1,53,53,PHE,9.27,122.62,52,52.0,53.0,,PHE,mapped,True,False,train,16
CC0089,4833,1G6E,A,1,1,1,54,54,GLN,9.45,121.16,53,53.0,54.0,,GLN,mapped,True,False,train,16
CC0089,4833,1G6E,A,1,1,1,55,55,ARG,10.21,129.96,54,54.0,55.0,,ARG,mapped,True,False,train,16
CC0089,4833,1G6E,A,1,1,1,56,56,ASN,9.94,117.56,55,55.0,56.0,,ASN,mapped,True,False,train,16
CC0089,4833,1G6E,A,1,1,1,57,57,LEU,9.0,126.2,56,56.0,57.0,,LEU,mapped,True,False,train,16
CC0089,4833,1G6E,A,1,1,1,58,58,SER,8.23,110.06,57,57.0,58.0,,SER,mapped,True,False,train,16
CC0089,4833,1G6E,A,1,1,1,59,59,ASP,7.32,121.09,58,58.0,59.0,,ASP,mapped,True,False,train,16
CC0089,4833,1G6E,A,1,1,1,61,61,ARG,7.92,122.39,60,60.0,61.0,,ARG,mapped,True,False,train,16
CC0089,4833,1G6E,A,1,1,1,62,62,LEU,8.38,124.38,61,61.0,62.0,,LEU,mapped,True,False,train,16
CC0089,4833,1G6E,A,1,1,1,63,63,GLU,8.76,123.2,62,62.0,63.0,,GLU,mapped,True,False,train,16
CC0089,4833,1G6E,A,1,1,1,64,64,THR,8.17,109.89,63,63.0,64.0,,THR,mapped,True,False,train,16
CC0089,4833,1G6E,A,1,1,1,65,65,ILE,8.65,121.86,64,64.0,65.0,,ILE,mapped,True,False,train,16
CC0089,4833,1G6E,A,1,1,1,66,66,THR,8.36,123.54,65,65.0,66.0,,THR,mapped,True,False,train,16
CC0089,4833,1G6E,A,1,1,1,67,67,LEU,9.66,129.84,66,66.0,67.0,,LEU,mapped,True,False,train,16
CC0089,4833,1G6E,A,1,1,1,68,68,GLN,8.22,117.63,67,67.0,68.0,,GLN,mapped,True,False,train,16
CC0089,4833,1G6E,A,1,1,1,69,69,LYS,7.89,118.42,68,68.0,69.0,,LYS,mapped,True,False,train,16
CC0089,4833,1G6E,A,1,1,1,70,70,TRP,9.43,119.59,69,69.0,70.0,,TRP,mapped,True,False,train,16
CC0089,4833,1G6E,A,1,1,1,71,71,GLY,8.31,108.2,70,70.0,71.0,,GLY,mapped,True,False,train,16
CC0089,4833,1G6E,A,1,1,1,72,72,SER,8.24,113.79,71,71.0,72.0,,SER,mapped,True,False,train,16
CC0089,4833,1G6E,A,1,1,1,73,73,TRP,9.26,125.9,72,72.0,73.0,,TRP,mapped,True,False,train,16
CC0089,4833,1G6E,A,1,1,1,76,76,GLY,7.91,113.44,75,75.0,76.0,,GLY,mapped,True,False,train,16
CC0089,4833,1G6E,A,1,1,1,77,77,HIS,7.43,120.22,76,76.0,77.0,,HIS,mapped,True,False,train,16
CC0089,4833,1G6E,A,1,1,1,78,78,ILE,8.1,127.36,77,77.0,78.0,,ILE,mapped,True,False,train,16
CC0089,4833,1G6E,A,1,1,1,79,79,HIS,8.32,126.3,78,78.0,79.0,,HIS,mapped,True,False,train,16
CC0089,4833,1G6E,A,1,1,1,80,80,GLU,8.27,116.12,79,79.0,80.0,,GLU,mapped,True,False,train,16
CC0089,4833,1G6E,A,1,1,1,81,81,ILE,9.11,125.48,80,80.0,81.0,,ILE,mapped,True,False,train,16
CC0089,4833,1G6E,A,1,1,1,82,82,LEU,8.6,125.61,81,81.0,82.0,,LEU,mapped,True,False,train,16
CC0089,4833,1G6E,A,1,1,1,83,83,SER,7.55,112.83,82,82.0,83.0,,SER,mapped,True,False,train,16
CC0089,4833,1G6E,A,1,1,1,84,84,ILE,8.16,122.25,83,83.0,84.0,,ILE,mapped,True,False,train,16
CC0089,4833,1G6E,A,1,1,1,85,85,ARG,8.48,126.25,84,84.0,85.0,,ARG,mapped,True,False,train,16
CC0089,4833,1G6E,A,1,1,1,86,86,ILE,8.67,126.8,85,85.0,86.0,,ILE,mapped,True,False,train,16
CC0089,4833,1G6E,A,1,1,1,87,87,TYR,8.37,133.93,86,86.0,87.0,,TYR,mapped,True,False,train,16
CC0009,4396,1COU,A,1,1,1,2,2,ALA,8.71,127.737,1,1.0,2.0,,ALA,mapped,True,False,train,17
CC0009,4396,1COU,A,1,1,1,3,3,THR,8.125,115.176,2,2.0,3.0,,THR,mapped,True,False,train,17
CC0009,4396,1COU,A,1,1,1,4,4,MET,7.737,122.803,3,3.0,4.0,,MET,mapped,True,False,train,17
CC0009,4396,1COU,A,1,1,1,5,5,GLN,8.355,123.326,4,4.0,5.0,,GLN,mapped,True,False,train,17
CC0009,4396,1COU,A,1,1,1,6,6,CYS,8.515,122.745,5,5.0,6.0,,CYS,mapped,True,False,train,17
CC0009,4396,1COU,A,1,1,1,7,7,GLY,8.437,109.73,6,6.0,7.0,,GLY,mapped,True,False,train,17
CC0009,4396,1COU,A,1,1,1,8,8,GLU,8.299,121.059,7,7.0,8.0,,GLU,mapped,True,False,train,17
CC0009,4396,1COU,A,1,1,1,9,9,ASN,8.942,118.507,8,8.0,9.0,,ASN,mapped,True,False,train,17
CC0009,4396,1COU,A,1,1,1,10,10,GLU,7.194,114.396,9,9.0,10.0,,GLU,mapped,True,False,train,17
CC0009,4396,1COU,A,1,1,1,11,11,LYS,9.524,119.22,10,10.0,11.0,,LYS,mapped,True,False,train,17
CC0009,4396,1COU,A,1,1,1,12,12,TYR,8.592,124.482,11,11.0,12.0,,TYR,mapped,True,False,train,17
CC0009,4396,1COU,A,1,1,1,13,13,ASP,8.453,130.5,12,12.0,13.0,,ASP,mapped,True,False,train,17
CC0009,4396,1COU,A,1,1,1,14,14,SER,8.359,120.197,13,13.0,14.0,,SER,mapped,True,False,train,17
CC0009,4396,1COU,A,1,1,1,15,15,CYS,8.653,124.85,14,14.0,15.0,,CYS,mapped,True,False,train,17
CC0009,4396,1COU,A,1,1,1,16,16,GLY,8.239,111.383,15,15.0,16.0,,GLY,mapped,True,False,train,17
CC0009,4396,1COU,A,1,1,1,17,17,SER,8.125,111.165,16,16.0,17.0,,SER,mapped,True,False,train,17
CC0009,4396,1COU,A,1,1,1,18,18,LYS,9.249,131.16,17,17.0,18.0,,LYS,mapped,True,False,train,17
CC0009,4396,1COU,A,1,1,1,19,19,GLU,8.553,120.262,18,18.0,19.0,,GLU,mapped,True,False,train,17
CC0009,4396,1COU,A,1,1,1,20,20,CYS,7.638,115.12,19,19.0,20.0,,CYS,mapped,True,False,train,17
CC0009,4396,1COU,A,1,1,1,21,21,ASP,7.481,123.113,20,20.0,21.0,,ASP,mapped,True,False,train,17
CC0009,4396,1COU,A,1,1,1,22,22,LYS,8.942,123.744,21,21.0,22.0,,LYS,mapped,True,False,train,17
CC0009,4396,1COU,A,1,1,1,23,23,LYS,8.591,122.056,22,22.0,23.0,,LYS,mapped,True,False,train,17
CC0009,4396,1COU,A,1,1,1,24,24,CYS,8.396,120.125,23,23.0,24.0,,CYS,mapped,True,False,train,17
CC0009,4396,1COU,A,1,1,1,26,26,TYR,8.225,122.09,25,25.0,26.0,,TYR,mapped,True,False,train,17
CC0009,4396,1COU,A,1,1,1,27,27,ASP,8.24,121.092,26,26.0,27.0,,ASP,mapped,True,False,train,17
CC0009,4396,1COU,A,1,1,1,28,28,GLY,8.1,109.44,27,27.0,28.0,,GLY,mapped,True,False,train,17
CC0009,4396,1COU,A,1,1,1,29,29,VAL,7.852,119.706,28,28.0,29.0,,VAL,mapped,True,False,train,17
CC0009,4396,1COU,A,1,1,1,30,30,GLU,8.471,124.047,29,29.0,30.0,,GLU,mapped,True,False,train,17
CC0009,4396,1COU,A,1,1,1,31,31,GLU,8.319,122.045,30,30.0,31.0,,GLU,mapped,True,False,train,17
CC0009,4396,1COU,A,1,1,1,32,32,GLU,8.356,121.888,31,31.0,32.0,,GLU,mapped,True,False,train,17
CC0009,4396,1COU,A,1,1,1,33,33,ASP,8.41,121.05,32,32.0,33.0,,ASP,mapped,True,False,train,17
CC0009,4396,1COU,A,1,1,1,34,34,ASP,8.28,120.528,33,33.0,34.0,,ASP,mapped,True,False,train,17
CC0009,4396,1COU,A,1,1,1,35,35,GLU,8.187,120.506,34,34.0,35.0,,GLU,mapped,True,False,train,17
CC0009,4396,1COU,A,1,1,1,36,36,GLU,8.163,122.444,35,35.0,36.0,,GLU,mapped,True,False,train,17
CC0009,4396,1COU,A,1,1,1,38,38,ASN,8.537,119.682,37,37.0,38.0,,ASN,mapped,True,False,train,17
CC0009,4396,1COU,A,1,1,1,39,39,VAL,8.006,122.476,38,38.0,39.0,,VAL,mapped,True,False,train,17
CC0009,4396,1COU,A,1,1,1,41,41,CYS,8.435,121.122,40,40.0,41.0,,CYS,mapped,True,False,train,17
CC0009,4396,1COU,A,1,1,1,42,42,LEU,8.437,128.458,41,41.0,42.0,,LEU,mapped,True,False,train,17
CC0009,4396,1COU,A,1,1,1,43,43,VAL,8.105,122.73,42,42.0,43.0,,VAL,mapped,True,False,train,17
CC0009,4396,1COU,A,1,1,1,44,44,ARG,8.436,125.838,43,43.0,44.0,,ARG,mapped,True,False,train,17
CC0009,4396,1COU,A,1,1,1,45,45,VAL,7.597,119.467,44,44.0,45.0,,VAL,mapped,True,False,train,17
CC0009,4396,1COU,A,1,1,1,46,46,CYS,8.632,124.023,45,45.0,46.0,,CYS,mapped,True,False,train,17
CC0009,4396,1COU,A,1,1,1,48,48,GLN,8.406,120.652,47,47.0,48.0,,GLN,mapped,True,False,train,17
CC0009,4396,1COU,A,1,1,1,49,49,ASP,8.55,123.482,48,48.0,49.0,,ASP,mapped,True,False,train,17
CC0009,4396,1COU,A,1,1,1,50,50,CYS,8.644,119.515,49,49.0,50.0,,CYS,mapped,True,False,train,17
CC0009,4396,1COU,A,1,1,1,51,51,VAL,8.709,116.2,50,50.0,51.0,,VAL,mapped,True,False,train,17
CC0009,4396,1COU,A,1,1,1,52,52,CYS,9.449,118.373,51,51.0,52.0,,CYS,mapped,True,False,train,17
CC0009,4396,1COU,A,1,1,1,53,53,GLU,8.328,121.21,52,52.0,53.0,,GLU,mapped,True,False,train,17
CC0009,4396,1COU,A,1,1,1,54,54,GLU,8.666,122.655,53,53.0,54.0,,GLU,mapped,True,False,train,17
CC0009,4396,1COU,A,1,1,1,55,55,GLY,8.512,113.471,54,54.0,55.0,,GLY,mapped,True,False,train,17
CC0009,4396,1COU,A,1,1,1,56,56,PHE,7.735,118.209,55,55.0,56.0,,PHE,mapped,True,False,train,17
CC0009,4396,1COU,A,1,1,1,57,57,TYR,9.754,120.327,56,56.0,57.0,,TYR,mapped,True,False,train,17
CC0009,4396,1COU,A,1,1,1,58,58,ARG,9.249,120.097,57,57.0,58.0,,ARG,mapped,True,False,train,17
CC0009,4396,1COU,A,1,1,1,59,59,ASN,9.292,127.92,58,58.0,59.0,,ASN,mapped,True,False,train,17
CC0009,4396,1COU,A,1,1,1,60,60,LYS,8.864,119.505,59,59.0,60.0,,LYS,mapped,True,False,train,17
CC0009,4396,1COU,A,1,1,1,61,61,ASP,7.464,119.503,60,60.0,61.0,,ASP,mapped,True,False,train,17
CC0009,4396,1COU,A,1,1,1,62,62,ASP,8.512,117.211,61,61.0,62.0,,ASP,mapped,True,False,train,17
CC0009,4396,1COU,A,1,1,1,63,63,LYS,8.126,120.606,62,62.0,63.0,,LYS,mapped,True,False,train,17
CC0009,4396,1COU,A,1,1,1,64,64,CYS,9.216,122.46,63,63.0,64.0,,CYS,mapped,True,False,train,17
CC0009,4396,1COU,A,1,1,1,65,65,VAL,10.069,120.922,64,64.0,65.0,,VAL,mapped,True,False,train,17
CC0009,4396,1COU,A,1,1,1,66,66,SER,9.25,118.728,65,65.0,66.0,,SER,mapped,True,False,train,17
CC0009,4396,1COU,A,1,1,1,67,67,ALA,8.941,122.354,66,66.0,67.0,,ALA,mapped,True,False,train,17
CC0009,4396,1COU,A,1,1,1,68,68,GLU,8.512,116.779,67,67.0,68.0,,GLU,mapped,True,False,train,17
CC0009,4396,1COU,A,1,1,1,69,69,ASP,7.852,121.852,68,68.0,69.0,,ASP,mapped,True,False,train,17
CC0009,4396,1COU,A,1,1,1,70,70,CYS,8.278,122.467,69,69.0,70.0,,CYS,mapped,True,False,train,17
CC0009,4396,1COU,A,1,1,1,71,71,GLU,7.675,117.291,70,70.0,71.0,,GLU,mapped,True,False,train,17
CC0009,4396,1COU,A,1,1,1,72,72,LEU,7.617,119.786,71,71.0,72.0,,LEU,mapped,True,False,train,17
CC0009,4396,1COU,A,1,1,1,73,73,ASP,7.87,119.226,72,72.0,73.0,,ASP,mapped,True,False,train,17
CC0009,4396,1COU,A,1,1,1,74,74,ASN,7.834,118.213,73,73.0,74.0,,ASN,mapped,True,False,train,17
CC0009,4396,1COU,A,1,1,1,75,75,MET,8.084,120.8,74,74.0,75.0,,MET,mapped,True,False,train,17
CC0009,4396,1COU,A,1,1,1,76,76,ASP,8.205,120.094,75,75.0,76.0,,ASP,mapped,True,False,train,17
CC0009,4396,1COU,A,1,1,1,77,77,PHE,7.891,120.586,76,76.0,77.0,,PHE,mapped,True,False,train,17
CC0009,4396,1COU,A,1,1,1,78,78,ILE,7.735,123.193,77,77.0,78.0,,ILE,mapped,True,False,train,17
CC0009,4396,1COU,A,1,1,1,79,79,TYR,8.221,126.28,78,78.0,79.0,,TYR,mapped,True,False,train,17
CC0009,4396,1COU,A,1,1,1,81,81,GLY,8.046,109.439,80,80.0,81.0,,GLY,mapped,True,False,train,17
CC0009,4396,1COU,A,1,1,1,82,82,THR,7.99,114.58,81,81.0,82.0,,THR,mapped,True,False,train,17
CC0009,4396,1COU,A,1,1,1,83,83,ARG,8.357,124.269,82,82.0,83.0,,ARG,mapped,True,False,train,17
CC0009,4396,1COU,A,1,1,1,84,84,ASN,8.454,122.371,83,83.0,84.0,,ASN,mapped,True,False,train,17
CC0051,4603,1DV5,A,1,1,1,2,2,ASP,8.93,121.8,1,1.0,3.0,,ASP,mapped,True,False,train,19
CC0051,4603,1DV5,A,1,1,1,3,3,GLU,8.91,125.4,2,2.0,4.0,,GLU,mapped,True,False,train,19
CC0051,4603,1DV5,A,1,1,1,4,4,ALA,8.32,121.4,3,3.0,5.0,,ALA,mapped,True,False,train,19
CC0051,4603,1DV5,A,1,1,1,5,5,ILE,7.97,120.2,4,4.0,6.0,,ILE,mapped,True,False,train,19
CC0051,4603,1DV5,A,1,1,1,6,6,LYS,8.02,119.8,5,5.0,7.0,,LYS,mapped,True,False,train,19
CC0051,4603,1DV5,A,1,1,1,7,7,ASN,8.51,114.6,6,6.0,8.0,,ASN,mapped,True,False,train,19
CC0051,4603,1DV5,A,1,1,1,8,8,GLY,8.21,107.9,7,7.0,9.0,,GLY,mapped,True,False,train,19
CC0051,4603,1DV5,A,1,1,1,9,9,VAL,8.77,122.8,8,8.0,10.0,,VAL,mapped,True,False,train,19
CC0051,4603,1DV5,A,1,1,1,10,10,LEU,8.37,118.6,9,9.0,11.0,,LEU,mapped,True,False,train,19
CC0051,4603,1DV5,A,1,1,1,11,11,ASP,8.27,120.0,10,10.0,12.0,,ASP,mapped,True,False,train,19
CC0051,4603,1DV5,A,1,1,1,12,12,ILE,7.61,121.2,11,11.0,13.0,,ILE,mapped,True,False,train,19
CC0051,4603,1DV5,A,1,1,1,13,13,LEU,8.61,117.9,12,12.0,14.0,,LEU,mapped,True,False,train,19
CC0051,4603,1DV5,A,1,1,1,14,14,ALA,9.15,126.5,13,13.0,15.0,,ALA,mapped,True,False,train,19
CC0051,4603,1DV5,A,1,1,1,15,15,ASP,7.75,119.5,14,14.0,16.0,,ASP,mapped,True,False,train,19
CC0051,4603,1DV5,A,1,1,1,16,16,LEU,8.43,117.4,15,15.0,17.0,,LEU,mapped,True,False,train,19
CC0051,4603,1DV5,A,1,1,1,17,17,THR,8.19,105.1,16,16.0,18.0,,THR,mapped,True,False,train,19
CC0051,4603,1DV5,A,1,1,1,18,18,GLY,7.7,110.7,17,17.0,19.0,,GLY,mapped,True,False,train,19
CC0051,4603,1DV5,A,1,1,1,19,19,SER,7.94,113.1,18,18.0,20.0,,SER,mapped,True,False,train,19
CC0051,4603,1DV5,A,1,1,1,20,20,ASP,8.68,123.6,19,19.0,21.0,,ASP,mapped,True,False,train,19
CC0051,4603,1DV5,A,1,1,1,21,21,ASP,8.65,122.3,20,20.0,22.0,,ASP,mapped,True,False,train,19
CC0051,4603,1DV5,A,1,1,1,22,22,VAL,7.04,110.5,21,21.0,23.0,,VAL,mapped,True,False,train,19
CC0051,4603,1DV5,A,1,1,1,23,23,LYS,7.1,111.8,22,22.0,24.0,,LYS,mapped,True,False,train,19
CC0051,4603,1DV5,A,1,1,1,24,24,LYS,7.2,116.4,23,23.0,25.0,,LYS,mapped,True,False,train,19
CC0051,4603,1DV5,A,1,1,1,25,25,ASN,7.44,116.4,24,24.0,26.0,,ASN,mapped,True,False,train,19
CC0051,4603,1DV5,A,1,1,1,26,26,LEU,8.68,122.4,25,25.0,27.0,,LEU,mapped,True,False,train,19
CC0051,4603,1DV5,A,1,1,1,27,27,ASP,7.95,115.9,26,26.0,28.0,,ASP,mapped,True,False,train,19
CC0051,4603,1DV5,A,1,1,1,28,28,LEU,7.02,125.0,27,27.0,29.0,,LEU,mapped,True,False,train,19
CC0051,4603,1DV5,A,1,1,1,29,29,ASN,8.62,122.3,28,28.0,30.0,,ASN,mapped,True,False,train,19
CC0051,4603,1DV5,A,1,1,1,30,30,LEU,9.23,128.1,29,29.0,31.0,,LEU,mapped,True,False,train,19
CC0051,4603,1DV5,A,1,1,1,31,31,PHE,7.81,113.6,30,30.0,32.0,,PHE,mapped,True,False,train,19
CC0051,4603,1DV5,A,1,1,1,32,32,GLU,8.89,123.3,31,31.0,33.0,,GLU,mapped,True,False,train,19
CC0051,4603,1DV5,A,1,1,1,33,33,THR,7.57,104.8,32,32.0,34.0,,THR,mapped,True,False,train,19
CC0051,4603,1DV5,A,1,1,1,34,34,GLY,7.46,108.2,33,33.0,35.0,,GLY,mapped,True,False,train,19
CC0051,4603,1DV5,A,1,1,1,35,35,LEU,7.49,120.7,34,34.0,36.0,,LEU,mapped,True,False,train,19
CC0051,4603,1DV5,A,1,1,1,36,36,LEU,7.65,116.8,35,35.0,37.0,,LEU,mapped,True,False,train,19
CC0051,4603,1DV5,A,1,1,1,37,37,ASP,7.79,122.2,36,36.0,38.0,,ASP,mapped,True,False,train,19
CC0051,4603,1DV5,A,1,1,1,38,38,SER,8.74,117.0,37,37.0,39.0,,SER,mapped,True,False,train,19
CC0051,4603,1DV5,A,1,1,1,39,39,MET,8.18,122.0,38,38.0,40.0,,MET,mapped,True,False,train,19
CC0051,4603,1DV5,A,1,1,1,40,40,GLY,8.96,110.8,39,39.0,41.0,,GLY,mapped,True,False,train,19
CC0051,4603,1DV5,A,1,1,1,41,41,THR,8.18,117.7,40,40.0,42.0,,THR,mapped,True,False,train,19
CC0051,4603,1DV5,A,1,1,1,42,42,VAL,7.22,121.0,41,41.0,43.0,,VAL,mapped,True,False,train,19
CC0051,4603,1DV5,A,1,1,1,43,43,GLN,7.61,118.0,42,42.0,44.0,,GLN,mapped,True,False,train,19
CC0051,4603,1DV5,A,1,1,1,44,44,LEU,8.5,120.5,43,43.0,45.0,,LEU,mapped,True,False,train,19
CC0051,4603,1DV5,A,1,1,1,45,45,LEU,7.94,117.6,44,44.0,46.0,,LEU,mapped,True,False,train,19
CC0051,4603,1DV5,A,1,1,1,46,46,LEU,7.97,120.7,45,45.0,47.0,,LEU,mapped,True,False,train,19
CC0051,4603,1DV5,A,1,1,1,47,47,GLU,8.44,120.7,46,46.0,48.0,,GLU,mapped,True,False,train,19
CC0051,4603,1DV5,A,1,1,1,48,48,LEU,8.93,118.4,47,47.0,49.0,,LEU,mapped,True,False,train,19
CC0051,4603,1DV5,A,1,1,1,49,49,GLN,8.28,121.5,48,48.0,50.0,,GLN,mapped,True,False,train,19
CC0051,4603,1DV5,A,1,1,1,50,50,SER,8.25,114.5,49,49.0,51.0,,SER,mapped,True,False,train,19
CC0051,4603,1DV5,A,1,1,1,51,51,GLN,8.56,116.4,50,50.0,52.0,,GLN,mapped,True,False,train,19
CC0051,4603,1DV5,A,1,1,1,52,52,PHE,7.57,112.5,51,51.0,53.0,,PHE,mapped,True,False,train,19
CC0051,4603,1DV5,A,1,1,1,53,53,GLY,7.75,108.9,52,52.0,54.0,,GLY,mapped,True,False,train,19
CC0051,4603,1DV5,A,1,1,1,54,54,VAL,7.04,118.7,53,53.0,55.0,,VAL,mapped,True,False,train,19
CC0051,4603,1DV5,A,1,1,1,55,55,ASP,8.74,127.4,54,54.0,56.0,,ASP,mapped,True,False,train,19
CC0051,4603,1DV5,A,1,1,1,56,56,ALA,8.12,127.2,55,55.0,57.0,,ALA,mapped,True,False,train,19
CC0051,4603,1DV5,A,1,1,1,58,58,VAL,8.38,122.1,57,57.0,59.0,,VAL,mapped,True,False,train,19
CC0051,4603,1DV5,A,1,1,1,59,59,SER,8.18,114.9,58,58.0,60.0,,SER,mapped,True,False,train,19
CC0051,4603,1DV5,A,1,1,1,60,60,GLU,7.73,119.4,59,59.0,61.0,,GLU,mapped,True,False,train,19
CC0051,4603,1DV5,A,1,1,1,61,61,PHE,7.73,122.6,60,60.0,62.0,,PHE,mapped,True,False,train,19
CC0051,4603,1DV5,A,1,1,1,62,62,ASP,8.03,127.5,61,61.0,63.0,,ASP,mapped,True,False,train,19
CC0051,4603,1DV5,A,1,1,1,63,63,ARG,8.63,125.6,62,62.0,64.0,,ARG,mapped,True,False,train,19
CC0051,4603,1DV5,A,1,1,1,64,64,LYS,7.98,115.5,63,63.0,65.0,,LYS,mapped,True,False,train,19
CC0051,4603,1DV5,A,1,1,1,65,65,GLU,7.75,114.3,64,64.0,66.0,,GLU,mapped,True,False,train,19
CC0051,4603,1DV5,A,1,1,1,66,66,TRP,7.65,117.4,65,65.0,67.0,,TRP,mapped,True,False,train,19
CC0051,4603,1DV5,A,1,1,1,67,67,ASP,7.11,111.8,66,66.0,68.0,,ASP,mapped,True,False,train,19
CC0051,4603,1DV5,A,1,1,1,68,68,THR,7.24,107.1,67,67.0,69.0,,THR,mapped,True,False,train,19
CC0051,4603,1DV5,A,1,1,1,70,70,ASN,8.93,114.5,69,69.0,71.0,,ASN,mapped,True,False,train,19
CC0051,4603,1DV5,A,1,1,1,71,71,LYS,8.15,121.3,70,70.0,72.0,,LYS,mapped,True,False,train,19
CC0051,4603,1DV5,A,1,1,1,72,72,ILE,7.97,120.3,71,71.0,73.0,,ILE,mapped,True,False,train,19
CC0051,4603,1DV5,A,1,1,1,73,73,ILE,8.72,119.3,72,72.0,74.0,,ILE,mapped,True,False,train,19
CC0051,4603,1DV5,A,1,1,1,74,74,ALA,7.56,119.7,73,73.0,75.0,,ALA,mapped,True,False,train,19
CC0051,4603,1DV5,A,1,1,1,75,75,LYS,7.63,118.1,74,74.0,76.0,,LYS,mapped,True,False,train,19
CC0051,4603,1DV5,A,1,1,1,76,76,VAL,8.05,119.4,75,75.0,77.0,,VAL,mapped,True,False,train,19
CC0051,4603,1DV5,A,1,1,1,77,77,GLU,8.72,120.1,76,76.0,78.0,,GLU,mapped,True,False,train,19
CC0051,4603,1DV5,A,1,1,1,78,78,GLN,7.95,116.7,77,77.0,79.0,,GLN,mapped,True,False,train,19
CC0051,4603,1DV5,A,1,1,1,79,79,ALA,7.44,121.3,78,78.0,80.0,,ALA,mapped,True,False,train,19
CC0051,4603,1DV5,A,1,1,1,80,80,GLN,7.39,122.5,79,79.0,81.0,,GLN,mapped,True,False,train,19
CC0020,4445,1D8B,A,1,1,1,11,11,GLU,8.316,121.885,10,0.0,11.0,,GLU,mapped,True,False,train,20
CC0020,4445,1D8B,A,1,1,1,12,12,LEU,8.193,122.386,11,1.0,12.0,,LEU,mapped,True,False,train,20
CC0020,4445,1D8B,A,1,1,1,13,13,ASN,8.388,118.966,12,2.0,13.0,,ASN,mapped,True,False,train,20
CC0020,4445,1D8B,A,1,1,1,14,14,ASN,8.445,119.466,13,3.0,14.0,,ASN,mapped,True,False,train,20
CC0020,4445,1D8B,A,1,1,1,15,15,LEU,8.366,124.054,14,4.0,15.0,,LEU,mapped,True,False,train,20
CC0020,4445,1D8B,A,1,1,1,16,16,ARG,8.084,119.967,15,5.0,16.0,,ARG,mapped,True,False,train,20
CC0020,4445,1D8B,A,1,1,1,17,17,MET,8.208,117.798,16,6.0,17.0,,MET,mapped,True,False,train,20
CC0020,4445,1D8B,A,1,1,1,18,18,THR,8.226,117.214,17,7.0,18.0,,THR,mapped,True,False,train,20
CC0020,4445,1D8B,A,1,1,1,19,19,TYR,8.351,121.718,18,8.0,19.0,,TYR,mapped,True,False,train,20
CC0020,4445,1D8B,A,1,1,1,20,20,GLU,8.713,118.3,19,9.0,20.0,,GLU,mapped,True,False,train,20
CC0020,4445,1D8B,A,1,1,1,21,21,ARG,7.922,118.947,20,10.0,21.0,,ARG,mapped,True,False,train,20
CC0020,4445,1D8B,A,1,1,1,22,22,LEU,7.896,119.917,21,11.0,22.0,,LEU,mapped,True,False,train,20
CC0020,4445,1D8B,A,1,1,1,23,23,ARG,9.03,120.884,22,12.0,23.0,,ARG,mapped,True,False,train,20
CC0020,4445,1D8B,A,1,1,1,24,24,GLU,8.174,119.544,23,13.0,24.0,,GLU,mapped,True,False,train,20
CC0020,4445,1D8B,A,1,1,1,25,25,LEU,7.44,119.716,24,14.0,25.0,,LEU,mapped,True,False,train,20
CC0020,4445,1D8B,A,1,1,1,26,26,SER,8.299,112.954,25,15.0,26.0,,SER,mapped,True,False,train,20
CC0020,4445,1D8B,A,1,1,1,27,27,LEU,8.588,120.289,26,16.0,27.0,,LEU,mapped,True,False,train,20
CC0020,4445,1D8B,A,1,1,1,28,28,ASN,7.897,118.648,27,17.0,28.0,,ASN,mapped,True,False,train,20
CC0020,4445,1D8B,A,1,1,1,29,29,LEU,8.558,119.716,28,18.0,29.0,,LEU,mapped,True,False,train,20
CC0020,4445,1D8B,A,1,1,1,30,30,GLY,7.91,125.89,29,19.0,30.0,,GLY,mapped,True,False,train,20
CC0020,4445,1D8B,A,1,1,1,31,31,ASN,7.802,118.238,30,20.0,31.0,,ASN,mapped,True,False,train,20
CC0020,4445,1D8B,A,1,1,1,32,32,ARG,7.232,116.713,31,21.0,32.0,,ARG,mapped,True,False,train,20
CC0020,4445,1D8B,A,1,1,1,33,33,MET,6.938,119.792,32,22.0,33.0,,MET,mapped,True,False,train,20
CC0020,4445,1D8B,A,1,1,1,34,34,VAL,8.035,119.049,33,23.0,34.0,,VAL,mapped,True,False,train,20
CC0020,4445,1D8B,A,1,1,1,37,37,VAL,7.955,117.547,36,26.0,37.0,,VAL,mapped,True,False,train,20
CC0020,4445,1D8B,A,1,1,1,38,38,GLY,8.6,111.338,37,27.0,38.0,,GLY,mapped,True,False,train,20
CC0020,4445,1D8B,A,1,1,1,39,39,ASN,8.243,118.673,38,28.0,39.0,,ASN,mapped,True,False,train,20
CC0020,4445,1D8B,A,1,1,1,40,40,PHE,8.823,123.149,39,29.0,40.0,,PHE,mapped,True,False,train,20
CC0020,4445,1D8B,A,1,1,1,41,41,MET,7.245,110.965,40,30.0,41.0,,MET,mapped,True,False,train,20
CC0020,4445,1D8B,A,1,1,1,43,43,ASP,9.084,126.257,42,32.0,43.0,,ASP,mapped,True,False,train,20
CC0020,4445,1D8B,A,1,1,1,44,44,SER,8.731,111.214,43,33.0,44.0,,SER,mapped,True,False,train,20
CC0020,4445,1D8B,A,1,1,1,45,45,ILE,6.835,121.718,44,34.0,45.0,,ILE,mapped,True,False,train,20
CC0020,4445,1D8B,A,1,1,1,46,46,LEU,8.013,121.906,45,35.0,46.0,,LEU,mapped,True,False,train,20
CC0020,4445,1D8B,A,1,1,1,47,47,LYS,8.429,117.306,46,36.0,47.0,,LYS,mapped,True,False,train,20
CC0020,4445,1D8B,A,1,1,1,48,48,LYS,7.178,119.299,47,37.0,48.0,,LYS,mapped,True,False,train,20
CC0020,4445,1D8B,A,1,1,1,49,49,MET,9.034,118.673,48,38.0,49.0,,MET,mapped,True,False,train,20
CC0020,4445,1D8B,A,1,1,1,50,50,ALA,8.099,119.216,49,39.0,50.0,,ALA,mapped,True,False,train,20
CC0020,4445,1D8B,A,1,1,1,51,51,ALA,7.165,117.047,50,40.0,51.0,,ALA,mapped,True,False,train,20
CC0020,4445,1D8B,A,1,1,1,52,52,ILE,7.842,114.695,51,41.0,52.0,,ILE,mapped,True,False,train,20
CC0020,4445,1D8B,A,1,1,1,53,53,LEU,8.418,115.441,52,42.0,53.0,,LEU,mapped,True,False,train,20
CC0020,4445,1D8B,A,1,1,1,55,55,MET,8.369,117.798,54,44.0,55.0,,MET,mapped,True,False,train,20
CC0020,4445,1D8B,A,1,1,1,56,56,ASN,7.493,112.457,55,45.0,56.0,,ASN,mapped,True,False,train,20
CC0020,4445,1D8B,A,1,1,1,58,58,SER,8.58,117.306,57,47.0,58.0,,SER,mapped,True,False,train,20
CC0020,4445,1D8B,A,1,1,1,59,59,ALA,8.143,123.971,58,48.0,59.0,,ALA,mapped,True,False,train,20
CC0020,4445,1D8B,A,1,1,1,60,60,PHE,8.234,119.549,59,49.0,60.0,,PHE,mapped,True,False,train,20
CC0020,4445,1D8B,A,1,1,1,61,61,ALA,7.845,120.968,60,50.0,61.0,,ALA,mapped,True,False,train,20
CC0020,4445,1D8B,A,1,1,1,62,62,THR,7.362,108.106,61,51.0,62.0,,THR,mapped,True,False,train,20
CC0020,4445,1D8B,A,1,1,1,63,63,LEU,7.393,119.917,62,52.0,63.0,,LEU,mapped,True,False,train,20
CC0020,4445,1D8B,A,1,1,1,64,64,GLY,7.231,104.003,63,53.0,64.0,,GLY,mapped,True,False,train,20
CC0020,4445,1D8B,A,1,1,1,65,65,THR,8.36,116.808,64,54.0,65.0,,THR,mapped,True,False,train,20
CC0020,4445,1D8B,A,1,1,1,66,66,VAL,8.225,123.522,65,55.0,66.0,,VAL,mapped,True,False,train,20
CC0020,4445,1D8B,A,1,1,1,67,67,GLU,8.94,123.646,66,56.0,67.0,,GLU,mapped,True,False,train,20
CC0020,4445,1D8B,A,1,1,1,68,68,ASP,8.901,124.144,67,57.0,68.0,,ASP,mapped,True,False,train,20
CC0020,4445,1D8B,A,1,1,1,69,69,LYS,8.486,114.695,68,58.0,69.0,,LYS,mapped,True,False,train,20
CC0020,4445,1D8B,A,1,1,1,70,70,TYR,6.823,115.814,69,59.0,70.0,,TYR,mapped,True,False,train,20
CC0020,4445,1D8B,A,1,1,1,71,71,ARG,7.637,121.385,70,60.0,71.0,,ARG,mapped,True,False,train,20
CC0020,4445,1D8B,A,1,1,1,72,72,ARG,7.948,115.69,71,61.0,72.0,,ARG,mapped,True,False,train,20
CC0020,4445,1D8B,A,1,1,1,73,73,ARG,7.334,116.187,72,62.0,73.0,,ARG,mapped,True,False,train,20
CC0020,4445,1D8B,A,1,1,1,74,74,PHE,7.441,120.787,73,63.0,74.0,,PHE,mapped,True,False,train,20
CC0020,4445,1D8B,A,1,1,1,75,75,LYS,8.21,115.317,74,64.0,75.0,,LYS,mapped,True,False,train,20
CC0020,4445,1D8B,A,1,1,1,76,76,TYR,7.359,117.554,75,65.0,76.0,,TYR,mapped,True,False,train,20
CC0020,4445,1D8B,A,1,1,1,77,77,PHE,8.426,115.441,76,66.0,77.0,,PHE,mapped,True,False,train,20
CC0020,4445,1D8B,A,1,1,1,78,78,LYS,6.919,119.716,77,67.0,78.0,,LYS,mapped,True,False,train,20
CC0020,4445,1D8B,A,1,1,1,79,79,ALA,8.774,122.154,78,68.0,79.0,,ALA,mapped,True,False,train,20
CC0020,4445,1D8B,A,1,1,1,80,80,THR,8.091,117.547,79,69.0,80.0,,THR,mapped,True,False,train,20
CC0020,4445,1D8B,A,1,1,1,81,81,ILE,8.471,121.906,80,70.0,81.0,,ILE,mapped,True,False,train,20
CC0020,4445,1D8B,A,1,1,1,82,82,ALA,8.138,121.718,81,71.0,82.0,,ALA,mapped,True,False,train,20
CC0020,4445,1D8B,A,1,1,1,83,83,ASP,7.677,119.216,82,72.0,83.0,,ASP,mapped,True,False,train,20
CC0020,4445,1D8B,A,1,1,1,84,84,LEU,8.388,119.299,83,73.0,84.0,,LEU,mapped,True,False,train,20
CC0020,4445,1D8B,A,1,1,1,85,85,SER,8.783,116.046,84,74.0,85.0,,SER,mapped,True,False,train,20
CC0020,4445,1D8B,A,1,1,1,86,86,LYS,7.649,120.968,85,75.0,86.0,,LYS,mapped,True,False,train,20
CC0020,4445,1D8B,A,1,1,1,87,87,LYS,7.753,118.922,86,76.0,87.0,,LYS,mapped,True,False,train,20
CC0020,4445,1D8B,A,1,1,1,88,88,ARG,7.871,119.967,87,77.0,88.0,,ARG,mapped,True,False,train,20
CC0020,4445,1D8B,A,1,1,1,89,89,SER,8.029,114.446,88,78.0,89.0,,SER,mapped,True,False,train,20
CC0020,4445,1D8B,A,1,1,1,90,90,SER,8.017,116.88,89,79.0,90.0,,SER,mapped,True,False,train,20
CC0020,4445,1D8B,A,1,1,1,91,91,GLU,7.813,127.127,90,80.0,91.0,,GLU,mapped,True,False,train,20
CC0028,4478,1B4R,A,1,1,1,10,10,ALA,7.82,121.9,9,0.0,8.0,,ALA,mapped,True,False,train,24
CC0028,4478,1B4R,A,1,1,1,11,11,THR,8.72,113.9,10,1.0,9.0,,THR,mapped,True,False,train,24
CC0028,4478,1B4R,A,1,1,1,12,12,LEU,8.73,127.2,11,2.0,10.0,,LEU,mapped,True,False,train,24
CC0028,4478,1B4R,A,1,1,1,13,13,VAL,9.02,129.1,12,3.0,11.0,,VAL,mapped,True,False,train,24
CC0028,4478,1B4R,A,1,1,1,14,14,GLY,8.23,115.1,13,4.0,12.0,,GLY,mapped,True,False,train,24
CC0028,4478,1B4R,A,1,1,1,16,16,HIS,8.83,121.4,15,6.0,14.0,,HIS,mapped,True,False,train,24
CC0028,4478,1B4R,A,1,1,1,17,17,GLY,7.95,110.9,16,7.0,15.0,,GLY,mapped,True,False,train,24
CC0028,4478,1B4R,A,1,1,1,19,19,LEU,8.7,124.0,18,9.0,17.0,,LEU,mapped,True,False,train,24
CC0028,4478,1B4R,A,1,1,1,20,20,ALA,8.3,124.2,19,10.0,18.0,,ALA,mapped,True,False,train,24
CC0028,4478,1B4R,A,1,1,1,21,21,SER,8.19,116.9,20,11.0,19.0,,SER,mapped,True,False,train,24
CC0028,4478,1B4R,A,1,1,1,22,22,GLY,9.09,113.4,21,12.0,20.0,,GLY,mapped,True,False,train,24
CC0028,4478,1B4R,A,1,1,1,23,23,GLN,7.75,121.1,22,13.0,21.0,,GLN,mapped,True,False,train,24
CC0028,4478,1B4R,A,1,1,1,24,24,LEU,8.49,124.5,23,14.0,22.0,,LEU,mapped,True,False,train,24
CC0028,4478,1B4R,A,1,1,1,25,25,ALA,8.67,132.1,24,15.0,23.0,,ALA,mapped,True,False,train,24
CC0028,4478,1B4R,A,1,1,1,26,26,ALA,7.87,125.3,25,16.0,24.0,,ALA,mapped,True,False,train,24
CC0028,4478,1B4R,A,1,1,1,27,27,PHE,8.37,118.7,26,17.0,25.0,,PHE,mapped,True,False,train,24
CC0028,4478,1B4R,A,1,1,1,28,28,HIS,9.01,113.9,27,18.0,26.0,,HIS,mapped,True,False,train,24
CC0028,4478,1B4R,A,1,1,1,29,29,ILE,8.92,122.2,28,19.0,27.0,,ILE,mapped,True,False,train,24
CC0028,4478,1B4R,A,1,1,1,30,30,ALA,9.0,132.7,29,20.0,28.0,,ALA,mapped,True,False,train,24
CC0028,4478,1B4R,A,1,1,1,31,31,ALA,8.33,124.8,30,21.0,29.0,,ALA,mapped,True,False,train,24
CC0028,4478,1B4R,A,1,1,1,33,33,LEU,6.89,119.1,32,23.0,31.0,,LEU,mapped,True,False,train,24
CC0028,4478,1B4R,A,1,1,1,35,35,VAL,8.32,124.8,34,25.0,33.0,,VAL,mapped,True,False,train,24
CC0028,4478,1B4R,A,1,1,1,36,36,THR,8.46,118.0,35,26.0,34.0,,THR,mapped,True,False,train,24
CC0028,4478,1B4R,A,1,1,1,37,37,ALA,7.32,122.9,36,27.0,35.0,,ALA,mapped,True,False,train,24
CC0028,4478,1B4R,A,1,1,1,38,38,THR,8.79,112.7,37,28.0,36.0,,THR,mapped,True,False,train,24
CC0028,4478,1B4R,A,1,1,1,39,39,ARG,7.99,122.2,38,29.0,37.0,,ARG,mapped,True,False,train,24
CC0028,4478,1B4R,A,1,1,1,40,40,TRP,9.33,127.1,39,30.0,38.0,,TRP,mapped,True,False,train,24
CC0028,4478,1B4R,A,1,1,1,41,41,ASP,8.36,119.9,40,31.0,39.0,,ASP,mapped,True,False,train,24
CC0028,4478,1B4R,A,1,1,1,42,42,PHE,8.95,121.2,41,32.0,40.0,,PHE,mapped,True,False,train,24
CC0028,4478,1B4R,A,1,1,1,43,43,GLY,8.46,105.4,42,33.0,41.0,,GLY,mapped,True,False,train,24
CC0028,4478,1B4R,A,1,1,1,44,44,ASP,8.32,117.3,43,34.0,42.0,,ASP,mapped,True,False,train,24
CC0028,4478,1B4R,A,1,1,1,45,45,GLY,8.77,111.0,44,35.0,43.0,,GLY,mapped,True,False,train,24
CC0028,4478,1B4R,A,1,1,1,46,46,SER,7.52,115.4,45,36.0,44.0,,SER,mapped,True,False,train,24
CC0028,4478,1B4R,A,1,1,1,47,47,ALA,8.42,123.7,46,37.0,45.0,,ALA,mapped,True,False,train,24
CC0028,4478,1B4R,A,1,1,1,48,48,GLU,8.43,121.3,47,38.0,46.0,,GLU,mapped,True,False,train,24
CC0028,4478,1B4R,A,1,1,1,49,49,VAL,8.48,123.5,48,39.0,47.0,,VAL,mapped,True,False,train,24
CC0028,4478,1B4R,A,1,1,1,50,50,ASP,8.83,127.4,49,40.0,48.0,,ASP,mapped,True,False,train,24
CC0028,4478,1B4R,A,1,1,1,51,51,ALA,9.13,127.1,50,41.0,49.0,,ALA,mapped,True,False,train,24
CC0028,4478,1B4R,A,1,1,1,52,52,ALA,8.56,127.2,51,42.0,50.0,,ALA,mapped,True,False,train,24
CC0028,4478,1B4R,A,1,1,1,53,53,GLY,7.64,107.4,52,43.0,51.0,,GLY,mapped,True,False,train,24
CC0028,4478,1B4R,A,1,1,1,55,55,ALA,8.0,123.2,54,45.0,53.0,,ALA,mapped,True,False,train,24
CC0028,4478,1B4R,A,1,1,1,56,56,ALA,7.77,120.3,55,46.0,54.0,,ALA,mapped,True,False,train,24
CC0028,4478,1B4R,A,1,1,1,57,57,SER,9.09,113.4,56,47.0,55.0,,SER,mapped,True,False,train,24
CC0028,4478,1B4R,A,1,1,1,58,58,HIS,8.64,117.4,57,48.0,56.0,,HIS,mapped,True,False,train,24
CC0028,4478,1B4R,A,1,1,1,59,59,ARG,7.53,126.0,58,49.0,57.0,,ARG,mapped,True,False,train,24
CC0028,4478,1B4R,A,1,1,1,60,60,TYR,8.08,122.9,59,50.0,58.0,,TYR,mapped,True,False,train,24
CC0028,4478,1B4R,A,1,1,1,61,61,VAL,8.6,118.8,60,51.0,59.0,,VAL,mapped,True,False,train,24
CC0028,4478,1B4R,A,1,1,1,62,62,LEU,7.77,120.3,61,52.0,60.0,,LEU,mapped,True,False,train,24
CC0028,4478,1B4R,A,1,1,1,64,64,GLY,8.54,108.3,63,54.0,62.0,,GLY,mapped,True,False,train,24
CC0028,4478,1B4R,A,1,1,1,65,65,ARG,7.65,119.9,64,55.0,63.0,,ARG,mapped,True,False,train,24
CC0028,4478,1B4R,A,1,1,1,66,66,TYR,8.58,123.2,65,56.0,64.0,,TYR,mapped,True,False,train,24
CC0028,4478,1B4R,A,1,1,1,67,67,HIS,9.34,122.9,66,57.0,65.0,,HIS,mapped,True,False,train,24
CC0028,4478,1B4R,A,1,1,1,68,68,VAL,8.59,130.2,67,58.0,66.0,,VAL,mapped,True,False,train,24
CC0028,4478,1B4R,A,1,1,1,69,69,THR,8.63,117.0,68,59.0,67.0,,THR,mapped,True,False,train,24
CC0028,4478,1B4R,A,1,1,1,70,70,ALA,8.32,123.8,69,60.0,68.0,,ALA,mapped,True,False,train,24
CC0028,4478,1B4R,A,1,1,1,71,71,VAL,8.29,120.7,70,61.0,69.0,,VAL,mapped,True,False,train,24
CC0028,4478,1B4R,A,1,1,1,72,72,LEU,8.66,126.7,71,62.0,70.0,,LEU,mapped,True,False,train,24
CC0028,4478,1B4R,A,1,1,1,73,73,ALA,8.17,125.6,72,63.0,71.0,,ALA,mapped,True,False,train,24
CC0028,4478,1B4R,A,1,1,1,74,74,LEU,7.79,124.1,73,64.0,72.0,,LEU,mapped,True,False,train,24
CC0028,4478,1B4R,A,1,1,1,75,75,GLY,8.67,113.7,74,65.0,73.0,,GLY,mapped,True,False,train,24
CC0028,4478,1B4R,A,1,1,1,76,76,ALA,8.44,127.2,75,66.0,74.0,,ALA,mapped,True,False,train,24
CC0028,4478,1B4R,A,1,1,1,77,77,GLY,7.71,107.2,76,67.0,75.0,,GLY,mapped,True,False,train,24
CC0028,4478,1B4R,A,1,1,1,78,78,SER,8.18,115.4,77,68.0,76.0,,SER,mapped,True,False,train,24
CC0028,4478,1B4R,A,1,1,1,79,79,ALA,8.58,124.4,78,69.0,77.0,,ALA,mapped,True,False,train,24
CC0028,4478,1B4R,A,1,1,1,80,80,LEU,8.04,122.6,79,70.0,78.0,,LEU,mapped,True,False,train,24
CC0028,4478,1B4R,A,1,1,1,81,81,LEU,8.89,126.8,80,71.0,79.0,,LEU,mapped,True,False,train,24
CC0028,4478,1B4R,A,1,1,1,82,82,GLY,8.15,106.1,81,72.0,80.0,,GLY,mapped,True,False,train,24
CC0028,4478,1B4R,A,1,1,1,83,83,THR,8.37,113.5,82,73.0,81.0,,THR,mapped,True,False,train,24
CC0028,4478,1B4R,A,1,1,1,84,84,ASP,7.98,121.8,83,74.0,82.0,,ASP,mapped,True,False,train,24
CC0028,4478,1B4R,A,1,1,1,85,85,VAL,9.19,117.5,84,75.0,83.0,,VAL,mapped,True,False,train,24
CC0028,4478,1B4R,A,1,1,1,86,86,GLN,8.64,125.0,85,76.0,84.0,,GLN,mapped,True,False,train,24
CC0028,4478,1B4R,A,1,1,1,87,87,VAL,9.1,126.6,86,77.0,85.0,,VAL,mapped,True,False,train,24
CC0028,4478,1B4R,A,1,1,1,88,88,GLU,9.26,127.3,87,78.0,86.0,,GLU,mapped,True,False,train,24
CC0028,4478,1B4R,A,1,1,1,89,89,ALA,8.61,123.4,88,79.0,87.0,,ALA,mapped,True,False,train,24
CC0030,4493,1UD7,A,1,1,1,2,2,GLN,8.904,123.45,1,1.0,2.0,,GLN,mapped,True,False,train,26
CC0030,4493,1UD7,A,1,1,1,3,3,VAL,8.556,116.34,2,2.0,3.0,,VAL,mapped,True,False,train,26
CC0030,4493,1UD7,A,1,1,1,4,4,PHE,8.752,118.57,3,3.0,4.0,,PHE,mapped,True,False,train,26
CC0030,4493,1UD7,A,1,1,1,5,5,LEU,9.474,124.42,4,4.0,5.0,,LEU,mapped,True,False,train,26
CC0030,4493,1UD7,A,1,1,1,6,6,LYS,8.869,127.14,5,5.0,6.0,,LYS,mapped,True,False,train,26
CC0030,4493,1UD7,A,1,1,1,7,7,THR,8.658,116.27,6,6.0,7.0,,THR,mapped,True,False,train,26
CC0030,4493,1UD7,A,1,1,1,8,8,LEU,8.891,120.22,7,7.0,8.0,,LEU,mapped,True,False,train,26
CC0030,4493,1UD7,A,1,1,1,9,9,THR,7.648,105.93,8,8.0,9.0,,THR,mapped,True,False,train,26
CC0030,4493,1UD7,A,1,1,1,10,10,GLY,7.861,109.47,9,9.0,10.0,,GLY,mapped,True,False,train,26
CC0030,4493,1UD7,A,1,1,1,11,11,LYS,7.204,121.34,10,10.0,11.0,,LYS,mapped,True,False,train,26
CC0030,4493,1UD7,A,1,1,1,12,12,THR,8.556,119.75,11,11.0,12.0,,THR,mapped,True,False,train,26
CC0030,4493,1UD7,A,1,1,1,13,13,VAL,9.276,125.36,12,12.0,13.0,,VAL,mapped,True,False,train,26
CC0030,4493,1UD7,A,1,1,1,14,14,THR,8.585,119.22,13,13.0,14.0,,THR,mapped,True,False,train,26
CC0030,4493,1UD7,A,1,1,1,15,15,ILE,8.846,125.63,14,14.0,15.0,,ILE,mapped,True,False,train,26
CC0030,4493,1UD7,A,1,1,1,16,16,GLU,8.261,127.35,15,15.0,16.0,,GLU,mapped,True,False,train,26
CC0030,4493,1UD7,A,1,1,1,17,17,VAL,8.94,119.16,16,16.0,17.0,,VAL,mapped,True,False,train,26
CC0030,4493,1UD7,A,1,1,1,18,18,GLU,8.5,119.96,17,17.0,18.0,,GLU,mapped,True,False,train,26
CC0030,4493,1UD7,A,1,1,1,20,20,SER,7.063,104.01,19,19.0,20.0,,SER,mapped,True,False,train,26
CC0030,4493,1UD7,A,1,1,1,21,21,ASP,7.884,123.65,20,20.0,21.0,,ASP,mapped,True,False,train,26
CC0030,4493,1UD7,A,1,1,1,22,22,THR,8.152,109.39,21,21.0,22.0,,THR,mapped,True,False,train,26
CC0030,4493,1UD7,A,1,1,1,23,23,VAL,8.792,122.65,22,22.0,23.0,,VAL,mapped,True,False,train,26
CC0030,4493,1UD7,A,1,1,1,24,24,GLU,10.597,120.39,23,23.0,24.0,,GLU,mapped,True,False,train,26
CC0030,4493,1UD7,A,1,1,1,25,25,ASN,8.137,122.3,24,24.0,25.0,,ASN,mapped,True,False,train,26
CC0030,4493,1UD7,A,1,1,1,26,26,PHE,8.532,123.06,25,25.0,26.0,,PHE,mapped,True,False,train,26
CC0030,4493,1UD7,A,1,1,1,27,27,LYS,8.933,117.86,26,26.0,27.0,,LYS,mapped,True,False,train,26
CC0030,4493,1UD7,A,1,1,1,28,28,ALA,7.879,123.42,27,27.0,28.0,,ALA,mapped,True,False,train,26
CC0030,4493,1UD7,A,1,1,1,29,29,LYS,7.918,120.58,28,28.0,29.0,,LYS,mapped,True,False,train,26
CC0030,4493,1UD7,A,1,1,1,30,30,ILE,8.16,121.82,29,29.0,30.0,,ILE,mapped,True,False,train,26
CC0030,4493,1UD7,A,1,1,1,31,31,GLN,8.453,123.41,30,30.0,31.0,,GLN,mapped,True,False,train,26
CC0030,4493,1UD7,A,1,1,1,32,32,ASP,7.87,119.58,31,31.0,32.0,,ASP,mapped,True,False,train,26
CC0030,4493,1UD7,A,1,1,1,33,33,LYS,7.523,116.05,32,32.0,33.0,,LYS,mapped,True,False,train,26
CC0030,4493,1UD7,A,1,1,1,34,34,GLU,8.809,114.03,33,33.0,34.0,,GLU,mapped,True,False,train,26
CC0030,4493,1UD7,A,1,1,1,35,35,GLY,8.3,108.88,34,34.0,35.0,,GLY,mapped,True,False,train,26
CC0030,4493,1UD7,A,1,1,1,36,36,ILE,6.186,119.72,35,35.0,36.0,,ILE,mapped,True,False,train,26
CC0030,4493,1UD7,A,1,1,1,39,39,ASP,8.533,113.4,38,38.0,39.0,,ASP,mapped,True,False,train,26
CC0030,4493,1UD7,A,1,1,1,40,40,GLN,7.895,116.83,39,39.0,40.0,,GLN,mapped,True,False,train,26
CC0030,4493,1UD7,A,1,1,1,41,41,GLN,7.34,118.63,40,40.0,41.0,,GLN,mapped,True,False,train,26
CC0030,4493,1UD7,A,1,1,1,42,42,ARG,8.409,124.84,41,41.0,42.0,,ARG,mapped,True,False,train,26
CC0030,4493,1UD7,A,1,1,1,43,43,LEU,8.904,125.91,42,42.0,43.0,,LEU,mapped,True,False,train,26
CC0030,4493,1UD7,A,1,1,1,44,44,ILE,9.11,122.52,43,43.0,44.0,,ILE,mapped,True,False,train,26
CC0030,4493,1UD7,A,1,1,1,45,45,PHE,9.189,127.38,44,44.0,45.0,,PHE,mapped,True,False,train,26
CC0030,4493,1UD7,A,1,1,1,46,46,ALA,9.021,132.99,45,45.0,46.0,,ALA,mapped,True,False,train,26
CC0030,4493,1UD7,A,1,1,1,47,47,GLY,8.07,102.38,46,46.0,47.0,,GLY,mapped,True,False,train,26
CC0030,4493,1UD7,A,1,1,1,48,48,LYS,8.112,122.11,47,47.0,48.0,,LYS,mapped,True,False,train,26
CC0030,4493,1UD7,A,1,1,1,49,49,GLN,8.615,122.91,48,48.0,49.0,,GLN,mapped,True,False,train,26
CC0030,4493,1UD7,A,1,1,1,50,50,LEU,8.534,125.57,49,49.0,50.0,,LEU,mapped,True,False,train,26
CC0030,4493,1UD7,A,1,1,1,51,51,GLU,8.291,123.54,50,50.0,51.0,,GLU,mapped,True,False,train,26
CC0030,4493,1UD7,A,1,1,1,52,52,ASP,8.191,121.12,51,51.0,52.0,,ASP,mapped,True,False,train,26
CC0030,4493,1UD7,A,1,1,1,53,53,GLY,10.143,111.51,52,52.0,53.0,,GLY,mapped,True,False,train,26
CC0030,4493,1UD7,A,1,1,1,54,54,ARG,7.482,119.3,53,53.0,54.0,,ARG,mapped,True,False,train,26
CC0030,4493,1UD7,A,1,1,1,55,55,THR,8.873,110.1,54,54.0,55.0,,THR,mapped,True,False,train,26
CC0030,4493,1UD7,A,1,1,1,56,56,LEU,8.51,119.22,55,55.0,56.0,,LEU,mapped,True,False,train,26
CC0030,4493,1UD7,A,1,1,1,57,57,SER,8.617,113.75,56,56.0,57.0,,SER,mapped,True,False,train,26
CC0030,4493,1UD7,A,1,1,1,58,58,ASP,7.809,124.24,57,57.0,58.0,,ASP,mapped,True,False,train,26
CC0030,4493,1UD7,A,1,1,1,59,59,TYR,7.452,116.03,58,58.0,59.0,,TYR,mapped,True,False,train,26
CC0030,4493,1UD7,A,1,1,1,60,60,ASN,8.131,114.76,59,59.0,60.0,,ASN,mapped,True,False,train,26
CC0030,4493,1UD7,A,1,1,1,61,61,ILE,6.668,118.23,60,60.0,61.0,,ILE,mapped,True,False,train,26
CC0030,4493,1UD7,A,1,1,1,62,62,GLN,7.731,125.46,61,61.0,62.0,,GLN,mapped,True,False,train,26
CC0030,4493,1UD7,A,1,1,1,63,63,LYS,8.371,120.77,62,62.0,63.0,,LYS,mapped,True,False,train,26
CC0030,4493,1UD7,A,1,1,1,64,64,GLU,9.306,115.99,63,63.0,64.0,,GLU,mapped,True,False,train,26
CC0030,4493,1UD7,A,1,1,1,65,65,SER,7.944,115.81,64,64.0,65.0,,SER,mapped,True,False,train,26
CC0030,4493,1UD7,A,1,1,1,66,66,THR,8.785,117.95,65,65.0,66.0,,THR,mapped,True,False,train,26
CC0030,4493,1UD7,A,1,1,1,67,67,ILE,9.437,129.51,66,66.0,67.0,,ILE,mapped,True,False,train,26
CC0030,4493,1UD7,A,1,1,1,68,68,HIS,9.35,126.01,67,67.0,68.0,,HIS,mapped,True,False,train,26
CC0030,4493,1UD7,A,1,1,1,69,69,LEU,8.267,124.61,68,68.0,69.0,,LEU,mapped,True,False,train,26
CC0030,4493,1UD7,A,1,1,1,70,70,VAL,9.129,125.7,69,69.0,70.0,,VAL,mapped,True,False,train,26
CC0030,4493,1UD7,A,1,1,1,71,71,LEU,8.105,123.02,70,70.0,71.0,,LEU,mapped,True,False,train,26
CC0030,4493,1UD7,A,1,1,1,72,72,ARG,8.521,124.28,71,71.0,72.0,,ARG,mapped,True,False,train,26
CC0030,4493,1UD7,A,1,1,1,73,73,LEU,8.339,124.81,72,72.0,73.0,,LEU,mapped,True,False,train,26
CC0030,4493,1UD7,A,1,1,1,74,74,ARG,8.441,122.11,73,73.0,74.0,,ARG,mapped,True,False,train,26
CC0030,4493,1UD7,A,1,1,1,75,75,GLY,8.483,111.12,74,74.0,75.0,,GLY,mapped,True,False,train,26
CC0030,4493,1UD7,A,1,1,1,76,76,GLY,7.943,115.17,75,75.0,76.0,,GLY,mapped,True,False,train,26
CC0064,4677,1EXK,A,1,1,1,3,3,THR,8.38,119.8,2,2.0,3.0,,THR,mapped,True,False,train,27
CC0064,4677,1EXK,A,1,1,1,4,4,LYS,8.47,125.38,3,3.0,4.0,,LYS,mapped,True,False,train,27
CC0064,4677,1EXK,A,1,1,1,5,5,GLU,8.48,123.81,4,4.0,5.0,,GLU,mapped,True,False,train,27
CC0064,4677,1EXK,A,1,1,1,6,6,ILE,8.35,124.21,5,5.0,6.0,,ILE,mapped,True,False,train,27
CC0064,4677,1EXK,A,1,1,1,7,7,ARG,8.49,127.25,6,6.0,7.0,,ARG,mapped,True,False,train,27
CC0064,4677,1EXK,A,1,1,1,8,8,ILE,8.43,126.35,7,7.0,8.0,,ILE,mapped,True,False,train,27
CC0064,4677,1EXK,A,1,1,1,10,10,THR,8.48,116.8,9,9.0,10.0,,THR,mapped,True,False,train,27
CC0064,4677,1EXK,A,1,1,1,11,11,LEU,8.35,125.07,10,10.0,11.0,,LEU,mapped,True,False,train,27
CC0064,4677,1EXK,A,1,1,1,12,12,GLU,8.87,121.72,11,11.0,12.0,,GLU,mapped,True,False,train,27
CC0064,4677,1EXK,A,1,1,1,13,13,GLU,8.72,123.23,12,12.0,13.0,,GLU,mapped,True,False,train,27
CC0064,4677,1EXK,A,1,1,1,14,14,CYS,8.13,129.53,13,13.0,14.0,,CYS,mapped,True,False,train,27
CC0064,4677,1EXK,A,1,1,1,15,15,ASP,8.57,128.64,14,14.0,15.0,,ASP,mapped,True,False,train,27
CC0064,4677,1EXK,A,1,1,1,16,16,VAL,8.7,124.14,15,15.0,16.0,,VAL,mapped,True,False,train,27
CC0064,4677,1EXK,A,1,1,1,17,17,CYS,7.68,116.66,16,16.0,17.0,,CYS,mapped,True,False,train,27
CC0064,4677,1EXK,A,1,1,1,18,18,HIS,7.63,120.54,17,17.0,18.0,,HIS,mapped,True,False,train,27
CC0064,4677,1EXK,A,1,1,1,19,19,GLY,8.07,104.8,18,18.0,19.0,,GLY,mapped,True,False,train,27
CC0064,4677,1EXK,A,1,1,1,20,20,SER,7.85,117.99,19,19.0,20.0,,SER,mapped,True,False,train,27
CC0064,4677,1EXK,A,1,1,1,21,21,GLY,9.58,114.42,20,20.0,21.0,,GLY,mapped,True,False,train,27
CC0064,4677,1EXK,A,1,1,1,22,22,ALA,8.13,125.92,21,21.0,22.0,,ALA,mapped,True,False,train,27
CC0064,4677,1EXK,A,1,1,1,23,23,LYS,8.23,123.7,22,22.0,23.0,,LYS,mapped,True,False,train,27
CC0064,4677,1EXK,A,1,1,1,25,25,GLY,8.89,113.47,24,24.0,25.0,,GLY,mapped,True,False,train,27
CC0064,4677,1EXK,A,1,1,1,26,26,THR,8.24,113.6,25,25.0,26.0,,THR,mapped,True,False,train,27
CC0064,4677,1EXK,A,1,1,1,27,27,GLN,8.57,119.03,26,26.0,27.0,,GLN,mapped,True,False,train,27
CC0064,4677,1EXK,A,1,1,1,29,29,GLN,8.69,122.1,28,28.0,29.0,,GLN,mapped,True,False,train,27
CC0064,4677,1EXK,A,1,1,1,30,30,THR,8.89,122.61,29,29.0,30.0,,THR,mapped,True,False,train,27
CC0064,4677,1EXK,A,1,1,1,31,31,CYS,8.17,131.72,30,30.0,31.0,,CYS,mapped,True,False,train,27
CC0064,4677,1EXK,A,1,1,1,33,33,THR,8.71,121.5,32,32.0,33.0,,THR,mapped,True,False,train,27
CC0064,4677,1EXK,A,1,1,1,34,34,CYS,7.72,118.14,33,33.0,34.0,,CYS,mapped,True,False,train,27
CC0064,4677,1EXK,A,1,1,1,35,35,HIS,7.7,120.8,34,34.0,35.0,,HIS,mapped,True,False,train,27
CC0064,4677,1EXK,A,1,1,1,36,36,GLY,8.38,107.24,35,35.0,36.0,,GLY,mapped,True,False,train,27
CC0064,4677,1EXK,A,1,1,1,37,37,SER,7.88,117.48,36,36.0,37.0,,SER,mapped,True,False,train,27
CC0064,4677,1EXK,A,1,1,1,38,38,GLY,9.75,115.47,37,37.0,38.0,,GLY,mapped,True,False,train,27
CC0064,4677,1EXK,A,1,1,1,39,39,GLN,8.19,121.02,38,38.0,39.0,,GLN,mapped,True,False,train,27
CC0064,4677,1EXK,A,1,1,1,40,40,VAL,8.96,114.11,39,39.0,40.0,,VAL,mapped,True,False,train,27
CC0064,4677,1EXK,A,1,1,1,41,41,GLN,8.48,121.29,40,40.0,41.0,,GLN,mapped,True,False,train,27
CC0064,4677,1EXK,A,1,1,1,42,42,MET,8.93,125.03,41,41.0,42.0,,MET,mapped,True,False,train,27
CC0064,4677,1EXK,A,1,1,1,43,43,ARG,8.67,123.63,42,42.0,43.0,,ARG,mapped,True,False,train,27
CC0064,4677,1EXK,A,1,1,1,44,44,GLN,8.64,125.63,43,43.0,44.0,,GLN,mapped,True,False,train,27
CC0064,4677,1EXK,A,1,1,1,45,45,GLY,8.74,114.64,44,44.0,45.0,,GLY,mapped,True,False,train,27
CC0064,4677,1EXK,A,1,1,1,46,46,PHE,8.59,124.65,45,45.0,46.0,,PHE,mapped,True,False,train,27
CC0064,4677,1EXK,A,1,1,1,47,47,PHE,7.93,119.28,46,46.0,47.0,,PHE,mapped,True,False,train,27
CC0064,4677,1EXK,A,1,1,1,48,48,ALA,8.39,125.62,47,47.0,48.0,,ALA,mapped,True,False,train,27
CC0064,4677,1EXK,A,1,1,1,49,49,VAL,8.51,119.96,48,48.0,49.0,,VAL,mapped,True,False,train,27
CC0064,4677,1EXK,A,1,1,1,50,50,GLN,8.54,124.35,49,49.0,50.0,,GLN,mapped,True,False,train,27
CC0064,4677,1EXK,A,1,1,1,51,51,GLN,8.99,122.72,50,50.0,51.0,,GLN,mapped,True,False,train,27
CC0064,4677,1EXK,A,1,1,1,52,52,THR,8.55,119.79,51,51.0,52.0,,THR,mapped,True,False,train,27
CC0064,4677,1EXK,A,1,1,1,53,53,CYS,8.3,130.69,52,52.0,53.0,,CYS,mapped,True,False,train,27
CC0064,4677,1EXK,A,1,1,1,55,55,HIS,9.0,125.87,54,54.0,55.0,,HIS,mapped,True,False,train,27
CC0064,4677,1EXK,A,1,1,1,56,56,CYS,7.95,115.48,55,55.0,56.0,,CYS,mapped,True,False,train,27
CC0064,4677,1EXK,A,1,1,1,57,57,GLN,7.78,119.54,56,56.0,57.0,,GLN,mapped,True,False,train,27
CC0064,4677,1EXK,A,1,1,1,58,58,GLY,8.16,106.53,57,57.0,58.0,,GLY,mapped,True,False,train,27
CC0064,4677,1EXK,A,1,1,1,59,59,ARG,7.71,121.59,58,58.0,59.0,,ARG,mapped,True,False,train,27
CC0064,4677,1EXK,A,1,1,1,60,60,GLY,9.9,110.23,59,59.0,60.0,,GLY,mapped,True,False,train,27
CC0064,4677,1EXK,A,1,1,1,61,61,THR,6.94,109.47,60,60.0,61.0,,THR,mapped,True,False,train,27
CC0064,4677,1EXK,A,1,1,1,62,62,LEU,9.14,120.44,61,61.0,62.0,,LEU,mapped,True,False,train,27
CC0064,4677,1EXK,A,1,1,1,63,63,ILE,8.67,124.41,62,62.0,63.0,,ILE,mapped,True,False,train,27
CC0064,4677,1EXK,A,1,1,1,64,64,LYS,8.48,128.24,63,63.0,64.0,,LYS,mapped,True,False,train,27
CC0064,4677,1EXK,A,1,1,1,65,65,ASP,8.18,119.8,64,64.0,65.0,,ASP,mapped,True,False,train,27
CC0064,4677,1EXK,A,1,1,1,67,67,CYS,8.11,125.47,66,66.0,67.0,,CYS,mapped,True,False,train,27
CC0064,4677,1EXK,A,1,1,1,68,68,ASN,8.8,126.67,67,67.0,68.0,,ASN,mapped,True,False,train,27
CC0064,4677,1EXK,A,1,1,1,69,69,LYS,8.93,124.15,68,68.0,69.0,,LYS,mapped,True,False,train,27
CC0064,4677,1EXK,A,1,1,1,70,70,CYS,7.58,114.62,69,69.0,70.0,,CYS,mapped,True,False,train,27
CC0064,4677,1EXK,A,1,1,1,71,71,HIS,7.59,120.69,70,70.0,71.0,,HIS,mapped,True,False,train,27
CC0064,4677,1EXK,A,1,1,1,72,72,GLY,7.96,105.5,71,71.0,72.0,,GLY,mapped,True,False,train,27
CC0064,4677,1EXK,A,1,1,1,73,73,HIS,7.74,119.92,72,72.0,73.0,,HIS,mapped,True,False,train,27
CC0064,4677,1EXK,A,1,1,1,74,74,GLY,9.79,111.35,73,73.0,74.0,,GLY,mapped,True,False,train,27
CC0064,4677,1EXK,A,1,1,1,75,75,ARG,6.97,117.46,74,74.0,75.0,,ARG,mapped,True,False,train,27
CC0064,4677,1EXK,A,1,1,1,76,76,VAL,9.1,116.41,75,75.0,76.0,,VAL,mapped,True,False,train,27
CC0064,4677,1EXK,A,1,1,1,77,77,GLU,8.69,124.35,76,76.0,77.0,,GLU,mapped,True,False,train,27
CC0064,4677,1EXK,A,1,1,1,78,78,ARG,8.75,126.1,77,77.0,78.0,,ARG,mapped,True,False,train,27
CC0064,4677,1EXK,A,1,1,1,79,79,SER,8.23,125.61,78,78.0,79.0,,SER,mapped,True,False,train,27
CC0050,4602,1DO9,A,1,1,1,4,4,VAL,7.65,129.3,3,3.0,4.0,,VAL,mapped,True,False,train,28
CC0050,4602,1DO9,A,1,1,1,5,5,LYS,8.09,134.3,4,4.0,5.0,,LYS,mapped,True,False,train,28
CC0050,4602,1DO9,A,1,1,1,6,6,TYR,8.11,128.9,5,5.0,6.0,,TYR,mapped,True,False,train,28
CC0050,4602,1DO9,A,1,1,1,7,7,TYR,8.58,125.4,6,6.0,7.0,,TYR,mapped,True,False,train,28
CC0050,4602,1DO9,A,1,1,1,8,8,THR,9.13,122.4,7,7.0,8.0,,THR,mapped,True,False,train,28
CC0050,4602,1DO9,A,1,1,1,9,9,LEU,9.67,130.8,8,8.0,9.0,,LEU,mapped,True,False,train,28
CC0050,4602,1DO9,A,1,1,1,10,10,GLU,8.32,123.7,9,9.0,10.0,,GLU,mapped,True,False,train,28
CC0050,4602,1DO9,A,1,1,1,11,11,GLU,7.66,125.7,10,10.0,11.0,,GLU,mapped,True,False,train,28
CC0050,4602,1DO9,A,1,1,1,12,12,ILE,8.45,128.5,11,11.0,12.0,,ILE,mapped,True,False,train,28
CC0050,4602,1DO9,A,1,1,1,13,13,LYS,7.93,123.8,12,12.0,13.0,,LYS,mapped,True,False,train,28
CC0050,4602,1DO9,A,1,1,1,14,14,LYS,7.07,121.4,13,13.0,14.0,,LYS,mapped,True,False,train,28
CC0050,4602,1DO9,A,1,1,1,16,16,ASN,7.43,125.3,15,15.0,16.0,,ASN,mapped,True,False,train,28
CC0050,4602,1DO9,A,1,1,1,17,17,HIS,7.49,124.3,16,16.0,17.0,,HIS,mapped,True,False,train,28
CC0050,4602,1DO9,A,1,1,1,19,19,LYS,8.37,125.3,18,18.0,19.0,,LYS,mapped,True,False,train,28
CC0050,4602,1DO9,A,1,1,1,20,20,SER,7.03,122.6,19,19.0,20.0,,SER,mapped,True,False,train,28
CC0050,4602,1DO9,A,1,1,1,21,21,THR,8.86,132.2,20,20.0,21.0,,THR,mapped,True,False,train,28
CC0050,4602,1DO9,A,1,1,1,22,22,TRP,8.79,134.3,21,21.0,22.0,,TRP,mapped,True,False,train,28
CC0050,4602,1DO9,A,1,1,1,23,23,LEU,8.41,123.4,22,22.0,23.0,,LEU,mapped,True,False,train,28
CC0050,4602,1DO9,A,1,1,1,24,24,ILE,7.98,128.1,23,23.0,24.0,,ILE,mapped,True,False,train,28
CC0050,4602,1DO9,A,1,1,1,25,25,LEU,8.3,128.9,24,24.0,25.0,,LEU,mapped,True,False,train,28
CC0050,4602,1DO9,A,1,1,1,26,26,HIS,9.29,132.4,25,25.0,26.0,,HIS,mapped,True,False,train,28
CC0050,4602,1DO9,A,1,1,1,27,27,HIS,8.58,115.6,26,26.0,27.0,,HIS,mapped,True,False,train,28
CC0050,4602,1DO9,A,1,1,1,28,28,LYS,8.21,129.3,27,27.0,28.0,,LYS,mapped,True,False,train,28
CC0050,4602,1DO9,A,1,1,1,29,29,VAL,8.21,128.1,28,28.0,29.0,,VAL,mapped,True,False,train,28
CC0050,4602,1DO9,A,1,1,1,30,30,TYR,8.79,134.0,29,29.0,30.0,,TYR,mapped,True,False,train,28
CC0050,4602,1DO9,A,1,1,1,32,32,LEU,8.34,129.0,31,31.0,32.0,,LEU,mapped,True,False,train,28
CC0050,4602,1DO9,A,1,1,1,33,33,THR,8.64,126.4,32,32.0,33.0,,THR,mapped,True,False,train,28
CC0050,4602,1DO9,A,1,1,1,34,34,LYS,8.88,124.2,33,33.0,34.0,,LYS,mapped,True,False,train,28
CC0050,4602,1DO9,A,1,1,1,35,35,PHE,8.1,127.3,34,34.0,35.0,,PHE,mapped,True,False,train,28
CC0050,4602,1DO9,A,1,1,1,36,36,LEU,7.87,126.7,35,35.0,36.0,,LEU,mapped,True,False,train,28
CC0050,4602,1DO9,A,1,1,1,37,37,GLU,8.58,119.5,36,36.0,37.0,,GLU,mapped,True,False,train,28
CC0050,4602,1DO9,A,1,1,1,42,42,GLY,6.59,119.9,41,41.0,42.0,,GLY,mapped,True,False,train,28
CC0050,4602,1DO9,A,1,1,1,43,43,GLU,10.04,128.4,42,42.0,43.0,,GLU,mapped,True,False,train,28
CC0050,4602,1DO9,A,1,1,1,44,44,GLU,9.6,131.3,43,43.0,44.0,,GLU,mapped,True,False,train,28
CC0050,4602,1DO9,A,1,1,1,45,45,VAL,9.41,119.5,44,44.0,45.0,,VAL,mapped,True,False,train,28
CC0050,4602,1DO9,A,1,1,1,46,46,LEU,7.37,123.4,45,45.0,46.0,,LEU,mapped,True,False,train,28
CC0050,4602,1DO9,A,1,1,1,47,47,ARG,8.5,126.0,46,46.0,47.0,,ARG,mapped,True,False,train,28
CC0050,4602,1DO9,A,1,1,1,48,48,GLU,8.14,123.8,47,47.0,48.0,,GLU,mapped,True,False,train,28
CC0050,4602,1DO9,A,1,1,1,49,49,GLN,6.59,119.9,48,48.0,49.0,,GLN,mapped,True,False,train,28
CC0050,4602,1DO9,A,1,1,1,50,50,ALA,6.87,128.3,49,49.0,50.0,,ALA,mapped,True,False,train,28
CC0050,4602,1DO9,A,1,1,1,51,51,GLY,9.34,118.5,50,50.0,51.0,,GLY,mapped,True,False,train,28
CC0050,4602,1DO9,A,1,1,1,52,52,GLY,7.35,112.3,51,51.0,52.0,,GLY,mapped,True,False,train,28
CC0050,4602,1DO9,A,1,1,1,53,53,ASP,8.27,124.6,52,52.0,53.0,,ASP,mapped,True,False,train,28
CC0050,4602,1DO9,A,1,1,1,54,54,ALA,8.21,136.3,53,53.0,54.0,,ALA,mapped,True,False,train,28
CC0050,4602,1DO9,A,1,1,1,55,55,THR,7.83,124.6,54,54.0,55.0,,THR,mapped,True,False,train,28
CC0050,4602,1DO9,A,1,1,1,56,56,GLU,8.5,126.3,55,55.0,56.0,,GLU,mapped,True,False,train,28
CC0050,4602,1DO9,A,1,1,1,57,57,ASN,7.65,123.5,56,56.0,57.0,,ASN,mapped,True,False,train,28
CC0050,4602,1DO9,A,1,1,1,59,59,GLU,8.76,127.2,58,58.0,59.0,,GLU,mapped,True,False,train,28
CC0050,4602,1DO9,A,1,1,1,60,60,ASP,8.93,128.9,59,59.0,60.0,,ASP,mapped,True,False,train,28
CC0050,4602,1DO9,A,1,1,1,61,61,VAL,8.18,123.4,60,60.0,61.0,,VAL,mapped,True,False,train,28
CC0050,4602,1DO9,A,1,1,1,62,62,GLY,9.06,116.4,61,61.0,62.0,,GLY,mapped,True,False,train,28
CC0050,4602,1DO9,A,1,1,1,65,65,THR,9.37,124.2,64,64.0,65.0,,THR,mapped,True,False,train,28
CC0050,4602,1DO9,A,1,1,1,66,66,ASP,8.38,129.3,65,65.0,66.0,,ASP,mapped,True,False,train,28
CC0050,4602,1DO9,A,1,1,1,67,67,ALA,8.9,132.0,66,66.0,67.0,,ALA,mapped,True,False,train,28
CC0050,4602,1DO9,A,1,1,1,68,68,ARG,9.36,126.5,67,67.0,68.0,,ARG,mapped,True,False,train,28
CC0050,4602,1DO9,A,1,1,1,69,69,GLU,9.07,130.8,68,68.0,69.0,,GLU,mapped,True,False,train,28
CC0050,4602,1DO9,A,1,1,1,71,71,SER,8.48,122.2,70,70.0,71.0,,SER,mapped,True,False,train,28
CC0050,4602,1DO9,A,1,1,1,72,72,LYS,7.18,127.7,71,71.0,72.0,,LYS,mapped,True,False,train,28
CC0050,4602,1DO9,A,1,1,1,73,73,THR,7.63,117.1,72,72.0,73.0,,THR,mapped,True,False,train,28
CC0050,4602,1DO9,A,1,1,1,74,74,PHE,7.27,125.4,73,73.0,74.0,,PHE,mapped,True,False,train,28
CC0050,4602,1DO9,A,1,1,1,75,75,ILE,6.78,127.7,74,74.0,75.0,,ILE,mapped,True,False,train,28
CC0050,4602,1DO9,A,1,1,1,76,76,ILE,8.59,127.3,75,75.0,76.0,,ILE,mapped,True,False,train,28
CC0050,4602,1DO9,A,1,1,1,77,77,GLY,7.3,117.9,76,76.0,77.0,,GLY,mapped,True,False,train,28
CC0050,4602,1DO9,A,1,1,1,78,78,GLU,8.99,125.7,77,77.0,78.0,,GLU,mapped,True,False,train,28
CC0050,4602,1DO9,A,1,1,1,79,79,LEU,8.69,130.4,78,78.0,79.0,,LEU,mapped,True,False,train,28
CC0050,4602,1DO9,A,1,1,1,80,80,HIS,9.0,137.8,79,79.0,80.0,,HIS,mapped,True,False,train,28
CC0050,4602,1DO9,A,1,1,1,82,82,ASP,11.0,128.5,81,81.0,82.0,,ASP,mapped,True,False,train,28
CC0050,4602,1DO9,A,1,1,1,83,83,ASP,8.11,124.9,82,82.0,83.0,,ASP,mapped,True,False,train,28
CC0050,4602,1DO9,A,1,1,1,84,84,ARG,7.28,126.9,83,83.0,84.0,,ARG,mapped,True,False,train,28
CC0050,4602,1DO9,A,1,1,1,87,87,LEU,7.38,122.5,86,86.0,87.0,,LEU,mapped,True,False,train,28
CC0045,4583,1DOQ,A,1,1,1,14,14,GLU,8.44,121.44,13,0.0,247.0,,GLU,mapped,True,False,train,31
CC0045,4583,1DOQ,A,1,1,1,15,15,GLN,8.29,121.67,14,1.0,248.0,,GLN,mapped,True,False,train,31
CC0045,4583,1DOQ,A,1,1,1,16,16,GLU,8.4,123.31,15,2.0,249.0,,GLU,mapped,True,False,train,31
CC0045,4583,1DOQ,A,1,1,1,17,17,GLU,8.42,122.41,16,3.0,250.0,,GLU,mapped,True,False,train,31
CC0045,4583,1DOQ,A,1,1,1,18,18,GLU,8.42,122.31,17,4.0,251.0,,GLU,mapped,True,False,train,31
CC0045,4583,1DOQ,A,1,1,1,19,19,LEU,7.98,121.9,18,5.0,252.0,,LEU,mapped,True,False,train,31
CC0045,4583,1DOQ,A,1,1,1,20,20,ASP,8.12,121.0,19,6.0,253.0,,ASP,mapped,True,False,train,31
CC0045,4583,1DOQ,A,1,1,1,21,21,LEU,7.91,123.47,20,7.0,254.0,,LEU,mapped,True,False,train,31
CC0045,4583,1DOQ,A,1,1,1,23,23,LEU,7.99,121.51,22,9.0,256.0,,LEU,mapped,True,False,train,31
CC0045,4583,1DOQ,A,1,1,1,24,24,GLU,9.89,119.85,23,10.0,257.0,,GLU,mapped,True,False,train,31
CC0045,4583,1DOQ,A,1,1,1,25,25,GLU,7.65,117.23,24,11.0,258.0,,GLU,mapped,True,False,train,31
CC0045,4583,1DOQ,A,1,1,1,26,26,LEU,7.71,117.01,25,12.0,259.0,,LEU,mapped,True,False,train,31
CC0045,4583,1DOQ,A,1,1,1,27,27,GLY,7.72,107.41,26,13.0,260.0,,GLY,mapped,True,False,train,31
CC0045,4583,1DOQ,A,1,1,1,28,28,LEU,7.94,119.68,27,14.0,261.0,,LEU,mapped,True,False,train,31
CC0045,4583,1DOQ,A,1,1,1,29,29,SER,9.39,118.81,28,15.0,262.0,,SER,mapped,True,False,train,31
CC0045,4583,1DOQ,A,1,1,1,30,30,THR,8.53,117.6,29,16.0,263.0,,THR,mapped,True,False,train,31
CC0045,4583,1DOQ,A,1,1,1,31,31,ARG,8.35,120.19,30,17.0,264.0,,ARG,mapped,True,False,train,31
CC0045,4583,1DOQ,A,1,1,1,32,32,VAL,7.17,122.04,31,18.0,265.0,,VAL,mapped,True,False,train,31
CC0045,4583,1DOQ,A,1,1,1,33,33,LEU,8.33,120.2,32,19.0,266.0,,LEU,mapped,True,False,train,31
CC0045,4583,1DOQ,A,1,1,1,34,34,HIS,8.46,116.34,33,20.0,267.0,,HIS,mapped,True,False,train,31
CC0045,4583,1DOQ,A,1,1,1,35,35,SER,7.87,116.39,34,21.0,268.0,,SER,mapped,True,False,train,31
CC0045,4583,1DOQ,A,1,1,1,36,36,LEU,7.84,120.51,35,22.0,269.0,,LEU,mapped,True,False,train,31
CC0045,4583,1DOQ,A,1,1,1,37,37,LYS,8.43,120.99,36,23.0,270.0,,LYS,mapped,True,False,train,31
CC0045,4583,1DOQ,A,1,1,1,38,38,GLU,8.2,121.08,37,24.0,271.0,,GLU,mapped,True,False,train,31
CC0045,4583,1DOQ,A,1,1,1,39,39,GLU,7.03,117.66,38,25.0,272.0,,GLU,mapped,True,False,train,31
CC0045,4583,1DOQ,A,1,1,1,40,40,GLY,7.84,107.34,39,26.0,273.0,,GLY,mapped,True,False,train,31
CC0045,4583,1DOQ,A,1,1,1,41,41,ILE,7.7,123.39,40,27.0,274.0,,ILE,mapped,True,False,train,31
CC0045,4583,1DOQ,A,1,1,1,42,42,GLU,8.29,120.86,41,28.0,275.0,,GLU,mapped,True,False,train,31
CC0045,4583,1DOQ,A,1,1,1,43,43,SER,7.48,114.29,42,29.0,276.0,,SER,mapped,True,False,train,31
CC0045,4583,1DOQ,A,1,1,1,44,44,VAL,8.72,122.43,43,30.0,277.0,,VAL,mapped,True,False,train,31
CC0045,4583,1DOQ,A,1,1,1,45,45,ARG,8.89,120.11,44,31.0,278.0,,ARG,mapped,True,False,train,31
CC0045,4583,1DOQ,A,1,1,1,46,46,ALA,7.34,120.45,45,32.0,279.0,,ALA,mapped,True,False,train,31
CC0045,4583,1DOQ,A,1,1,1,47,47,LEU,7.46,120.86,46,33.0,280.0,,LEU,mapped,True,False,train,31
CC0045,4583,1DOQ,A,1,1,1,48,48,LEU,8.09,115.33,47,34.0,281.0,,LEU,mapped,True,False,train,31
CC0045,4583,1DOQ,A,1,1,1,49,49,ALA,7.07,120.0,48,35.0,282.0,,ALA,mapped,True,False,train,31
CC0045,4583,1DOQ,A,1,1,1,50,50,LEU,7.44,120.92,49,36.0,283.0,,LEU,mapped,True,False,train,31
CC0045,4583,1DOQ,A,1,1,1,51,51,ASN,8.55,119.06,50,37.0,284.0,,ASN,mapped,True,False,train,31
CC0045,4583,1DOQ,A,1,1,1,52,52,LEU,8.8,123.9,51,38.0,285.0,,LEU,mapped,True,False,train,31
CC0045,4583,1DOQ,A,1,1,1,53,53,LYS,8.21,116.92,52,39.0,286.0,,LYS,mapped,True,False,train,31
CC0045,4583,1DOQ,A,1,1,1,54,54,ASP,7.66,118.87,53,40.0,287.0,,ASP,mapped,True,False,train,31
CC0045,4583,1DOQ,A,1,1,1,55,55,LEU,8.01,122.47,54,41.0,288.0,,LEU,mapped,True,False,train,31
CC0045,4583,1DOQ,A,1,1,1,56,56,LYS,7.7,114.43,55,42.0,289.0,,LYS,mapped,True,False,train,31
CC0045,4583,1DOQ,A,1,1,1,57,57,ASN,7.21,115.45,56,43.0,290.0,,ASN,mapped,True,False,train,31
CC0045,4583,1DOQ,A,1,1,1,58,58,ILE,7.47,126.02,57,44.0,291.0,,ILE,mapped,True,False,train,31
CC0045,4583,1DOQ,A,1,1,1,60,60,GLY,8.5,111.04,59,46.0,293.0,,GLY,mapped,True,False,train,31
CC0045,4583,1DOQ,A,1,1,1,61,61,ILE,7.86,122.93,60,47.0,294.0,,ILE,mapped,True,False,train,31
CC0045,4583,1DOQ,A,1,1,1,62,62,GLY,7.6,111.86,61,48.0,295.0,,GLY,mapped,True,False,train,31
CC0045,4583,1DOQ,A,1,1,1,63,63,GLU,8.65,119.86,62,49.0,296.0,,GLU,mapped,True,False,train,31
CC0045,4583,1DOQ,A,1,1,1,64,64,ARG,8.55,118.44,63,50.0,297.0,,ARG,mapped,True,False,train,31
CC0045,4583,1DOQ,A,1,1,1,65,65,SER,7.68,115.88,64,51.0,298.0,,SER,mapped,True,False,train,31
CC0045,4583,1DOQ,A,1,1,1,66,66,LEU,7.99,121.74,65,52.0,299.0,,LEU,mapped,True,False,train,31
CC0045,4583,1DOQ,A,1,1,1,67,67,GLU,7.69,118.99,66,53.0,300.0,,GLU,mapped,True,False,train,31
CC0045,4583,1DOQ,A,1,1,1,68,68,GLU,7.77,120.48,67,54.0,301.0,,GLU,mapped,True,False,train,31
CC0045,4583,1DOQ,A,1,1,1,69,69,ILE,8.05,120.73,68,55.0,302.0,,ILE,mapped,True,False,train,31
CC0045,4583,1DOQ,A,1,1,1,70,70,LYS,8.4,119.81,69,56.0,303.0,,LYS,mapped,True,False,train,31
CC0045,4583,1DOQ,A,1,1,1,71,71,GLU,8.22,119.11,70,57.0,304.0,,GLU,mapped,True,False,train,31
CC0045,4583,1DOQ,A,1,1,1,72,72,ALA,8.04,122.45,71,58.0,305.0,,ALA,mapped,True,False,train,31
CC0045,4583,1DOQ,A,1,1,1,73,73,LEU,8.29,117.69,72,59.0,306.0,,LEU,mapped,True,False,train,31
CC0045,4583,1DOQ,A,1,1,1,74,74,GLU,8.39,122.04,73,60.0,307.0,,GLU,mapped,True,False,train,31
CC0045,4583,1DOQ,A,1,1,1,75,75,LYS,7.89,120.17,74,61.0,308.0,,LYS,mapped,True,False,train,31
CC0045,4583,1DOQ,A,1,1,1,76,76,LYS,7.23,116.57,75,62.0,309.0,,LYS,mapped,True,False,train,31
CC0045,4583,1DOQ,A,1,1,1,77,77,GLY,7.65,106.66,76,63.0,310.0,,GLY,mapped,True,False,train,31
CC0045,4583,1DOQ,A,1,1,1,78,78,PHE,7.89,120.22,77,64.0,311.0,,PHE,mapped,True,False,train,31
CC0045,4583,1DOQ,A,1,1,1,79,79,THR,8.28,114.34,78,65.0,312.0,,THR,mapped,True,False,train,31
CC0045,4583,1DOQ,A,1,1,1,80,80,LEU,8.48,125.75,79,66.0,313.0,,LEU,mapped,True,False,train,31
CC0045,4583,1DOQ,A,1,1,1,81,81,LYS,8.82,125.53,80,67.0,314.0,,LYS,mapped,True,False,train,31
CC0045,4583,1DOQ,A,1,1,1,82,82,GLU,7.87,127.21,81,68.0,315.0,,GLU,mapped,True,False,train,31
CC0076,4752,1J9I,A,1,1,1,2,2,GLU,9.138,127.96,1,1.0,2.0,,GLU,mapped,True,False,train,33
CC0076,4752,1J9I,A,1,1,1,3,3,VAL,9.358,118.05,2,2.0,3.0,,VAL,mapped,True,False,train,33
CC0076,4752,1J9I,A,1,1,1,4,4,ASN,8.489,118.38,3,3.0,4.0,,ASN,mapped,True,False,train,33
CC0076,4752,1J9I,A,1,1,1,5,5,LYS,8.997,117.95,4,4.0,5.0,,LYS,mapped,True,False,train,33
CC0076,4752,1J9I,A,1,1,1,6,6,LYS,7.856,119.44,5,5.0,6.0,,LYS,mapped,True,False,train,33
CC0076,4752,1J9I,A,1,1,1,7,7,GLN,8.518,118.6,6,6.0,7.0,,GLN,mapped,True,False,train,33
CC0076,4752,1J9I,A,1,1,1,8,8,LEU,8.788,120.48,7,7.0,8.0,,LEU,mapped,True,False,train,33
CC0076,4752,1J9I,A,1,1,1,9,9,ALA,8.242,121.49,8,8.0,9.0,,ALA,mapped,True,False,train,33
CC0076,4752,1J9I,A,1,1,1,10,10,ASP,8.005,118.6,9,9.0,10.0,,ASP,mapped,True,False,train,33
CC0076,4752,1J9I,A,1,1,1,11,11,ILE,8.628,123.1,10,10.0,11.0,,ILE,mapped,True,False,train,33
CC0076,4752,1J9I,A,1,1,1,12,12,PHE,7.98,116.01,11,11.0,12.0,,PHE,mapped,True,False,train,33
CC0076,4752,1J9I,A,1,1,1,13,13,GLY,8.11,111.38,12,12.0,13.0,,GLY,mapped,True,False,train,33
CC0076,4752,1J9I,A,1,1,1,14,14,ALA,8.252,121.86,13,13.0,14.0,,ALA,mapped,True,False,train,33
CC0076,4752,1J9I,A,1,1,1,15,15,SER,8.18,113.74,14,14.0,15.0,,SER,mapped,True,False,train,33
CC0076,4752,1J9I,A,1,1,1,16,16,ILE,8.667,120.43,15,15.0,16.0,,ILE,mapped,True,False,train,33
CC0076,4752,1J9I,A,1,1,1,17,17,ARG,7.937,120.35,16,16.0,17.0,,ARG,mapped,True,False,train,33
CC0076,4752,1J9I,A,1,1,1,18,18,THR,7.571,118.8,17,17.0,18.0,,THR,mapped,True,False,train,33
CC0076,4752,1J9I,A,1,1,1,19,19,ILE,6.869,118.33,18,18.0,19.0,,ILE,mapped,True,False,train,33
CC0076,4752,1J9I,A,1,1,1,20,20,GLN,7.866,118.46,19,19.0,20.0,,GLN,mapped,True,False,train,33
CC0076,4752,1J9I,A,1,1,1,21,21,ASN,7.972,119.66,20,20.0,21.0,,ASN,mapped,True,False,train,33
CC0076,4752,1J9I,A,1,1,1,22,22,TRP,8.639,122.33,21,21.0,22.0,,TRP,mapped,True,False,train,33
CC0076,4752,1J9I,A,1,1,1,23,23,GLN,8.604,121.73,22,22.0,23.0,,GLN,mapped,True,False,train,33
CC0076,4752,1J9I,A,1,1,1,24,24,GLU,8.035,120.55,23,23.0,24.0,,GLU,mapped,True,False,train,33
CC0076,4752,1J9I,A,1,1,1,25,25,GLN,7.784,117.18,24,24.0,25.0,,GLN,mapped,True,False,train,33
CC0076,4752,1J9I,A,1,1,1,26,26,GLY,7.558,106.23,25,25.0,26.0,,GLY,mapped,True,False,train,33
CC0076,4752,1J9I,A,1,1,1,27,27,MET,7.287,124.87,26,26.0,27.0,,MET,mapped,True,False,train,33
CC0076,4752,1J9I,A,1,1,1,29,29,VAL,7.891,118.31,28,28.0,29.0,,VAL,mapped,True,False,train,33
CC0076,4752,1J9I,A,1,1,1,30,30,LEU,8.287,127.13,29,29.0,30.0,,LEU,mapped,True,False,train,33
CC0076,4752,1J9I,A,1,1,1,31,31,ARG,7.994,119.21,30,30.0,31.0,,ARG,mapped,True,False,train,33
CC0076,4752,1J9I,A,1,1,1,32,32,GLY,8.42,109.6,31,31.0,32.0,,GLY,mapped,True,False,train,33
CC0076,4752,1J9I,A,1,1,1,33,33,GLY,8.174,107.99,32,32.0,33.0,,GLY,mapped,True,False,train,33
CC0076,4752,1J9I,A,1,1,1,34,34,GLY,8.3,109.04,33,33.0,34.0,,GLY,mapped,True,False,train,33
CC0076,4752,1J9I,A,1,1,1,35,35,LYS,8.463,121.17,34,34.0,35.0,,LYS,mapped,True,False,train,33
CC0076,4752,1J9I,A,1,1,1,36,36,GLY,8.553,110.43,35,35.0,36.0,,GLY,mapped,True,False,train,33
CC0076,4752,1J9I,A,1,1,1,37,37,ASN,8.145,118.15,36,36.0,37.0,,ASN,mapped,True,False,train,33
CC0076,4752,1J9I,A,1,1,1,38,38,GLU,8.242,121.05,37,37.0,38.0,,GLU,mapped,True,False,train,33
CC0076,4752,1J9I,A,1,1,1,39,39,VAL,7.898,123.03,38,38.0,39.0,,VAL,mapped,True,False,train,33
CC0076,4752,1J9I,A,1,1,1,40,40,LEU,8.015,125.05,39,39.0,40.0,,LEU,mapped,True,False,train,33
CC0076,4752,1J9I,A,1,1,1,41,41,TYR,9.124,116.91,40,40.0,41.0,,TYR,mapped,True,False,train,33
CC0076,4752,1J9I,A,1,1,1,42,42,ASP,9.779,122.32,41,41.0,42.0,,ASP,mapped,True,False,train,33
CC0076,4752,1J9I,A,1,1,1,43,43,SER,9.265,120.8,42,42.0,43.0,,SER,mapped,True,False,train,33
CC0076,4752,1J9I,A,1,1,1,44,44,ALA,7.729,124.87,43,43.0,44.0,,ALA,mapped,True,False,train,33
CC0076,4752,1J9I,A,1,1,1,45,45,ALA,7.353,122.0,44,44.0,45.0,,ALA,mapped,True,False,train,33
CC0076,4752,1J9I,A,1,1,1,46,46,VAL,8.509,119.83,45,45.0,46.0,,VAL,mapped,True,False,train,33
CC0076,4752,1J9I,A,1,1,1,47,47,ILE,8.359,121.79,46,46.0,47.0,,ILE,mapped,True,False,train,33
CC0076,4752,1J9I,A,1,1,1,48,48,LYS,7.589,119.15,47,47.0,48.0,,LYS,mapped,True,False,train,33
CC0076,4752,1J9I,A,1,1,1,49,49,TRP,7.925,119.53,48,48.0,49.0,,TRP,mapped,True,False,train,33
CC0076,4752,1J9I,A,1,1,1,50,50,TYR,9.193,120.97,49,49.0,50.0,,TYR,mapped,True,False,train,33
CC0076,4752,1J9I,A,1,1,1,51,51,ALA,8.614,119.99,50,50.0,51.0,,ALA,mapped,True,False,train,33
CC0076,4752,1J9I,A,1,1,1,52,52,GLU,7.438,116.19,51,51.0,52.0,,GLU,mapped,True,False,train,33
CC0076,4752,1J9I,A,1,1,1,53,53,ARG,7.148,119.54,52,52.0,53.0,,ARG,mapped,True,False,train,33
CC0076,4752,1J9I,A,1,1,1,54,54,ASP,8.0,120.92,53,53.0,54.0,,ASP,mapped,True,False,train,33
CC0076,4752,1J9I,A,1,1,1,55,55,ALA,7.864,123.67,54,54.0,55.0,,ALA,mapped,True,False,train,33
CC0076,4752,1J9I,A,1,1,1,56,56,GLU,8.209,119.33,55,55.0,56.0,,GLU,mapped,True,False,train,33
CC0076,4752,1J9I,A,1,1,1,57,57,ILE,8.008,121.54,56,56.0,57.0,,ILE,mapped,True,False,train,33
CC0076,4752,1J9I,A,1,1,1,58,58,GLU,8.259,123.43,57,57.0,58.0,,GLU,mapped,True,False,train,33
CC0076,4752,1J9I,A,1,1,1,59,59,ASN,8.323,119.59,58,58.0,59.0,,ASN,mapped,True,False,train,33
CC0076,4752,1J9I,A,1,1,1,60,60,GLU,8.337,121.37,59,59.0,60.0,,GLU,mapped,True,False,train,33
CC0076,4752,1J9I,A,1,1,1,61,61,LYS,8.06,120.62,60,60.0,61.0,,LYS,mapped,True,False,train,33
CC0076,4752,1J9I,A,1,1,1,62,62,LEU,7.898,120.86,61,61.0,62.0,,LEU,mapped,True,False,train,33
CC0076,4752,1J9I,A,1,1,1,63,63,ARG,8.042,121.08,62,62.0,63.0,,ARG,mapped,True,False,train,33
CC0076,4752,1J9I,A,1,1,1,64,64,ARG,8.19,121.85,63,63.0,64.0,,ARG,mapped,True,False,train,33
CC0076,4752,1J9I,A,1,1,1,65,65,GLU,8.399,121.93,64,64.0,65.0,,GLU,mapped,True,False,train,33
CC0076,4752,1J9I,A,1,1,1,66,66,VAL,8.02,119.76,65,65.0,66.0,,VAL,mapped,True,False,train,33
CC0076,4752,1J9I,A,1,1,1,67,67,GLU,8.376,125.04,66,66.0,67.0,,GLU,mapped,True,False,train,33
CC0076,4752,1J9I,A,1,1,1,68,68,GLU,7.96,127.53,67,67.0,68.0,,GLU,mapped,True,False,train,33
CC0037,4524,1DAQ,A,1,1,1,4,4,LYS,8.01,124.3,3,3.0,4.0,,LYS,mapped,True,False,train,35
CC0037,4524,1DAQ,A,1,1,1,5,5,LEU,7.59,126.9,4,4.0,5.0,,LEU,mapped,True,False,train,35
CC0037,4524,1DAQ,A,1,1,1,6,6,TYR,7.53,122.4,5,5.0,6.0,,TYR,mapped,True,False,train,35
CC0037,4524,1DAQ,A,1,1,1,7,7,GLY,8.76,108.4,6,6.0,7.0,,GLY,mapped,True,False,train,35
CC0037,4524,1DAQ,A,1,1,1,8,8,ASP,7.86,117.9,7,7.0,8.0,,ASP,mapped,True,False,train,35
CC0037,4524,1DAQ,A,1,1,1,9,9,VAL,8.14,120.4,8,8.0,9.0,,VAL,mapped,True,False,train,35
CC0037,4524,1DAQ,A,1,1,1,10,10,ASN,8.0,115.5,9,9.0,10.0,,ASN,mapped,True,False,train,35
CC0037,4524,1DAQ,A,1,1,1,11,11,ASP,7.33,116.1,10,10.0,11.0,,ASP,mapped,True,False,train,35
CC0037,4524,1DAQ,A,1,1,1,12,12,ASP,8.69,118.2,11,11.0,12.0,,ASP,mapped,True,False,train,35
CC0037,4524,1DAQ,A,1,1,1,13,13,GLY,10.19,112.3,12,12.0,13.0,,GLY,mapped,True,False,train,35
CC0037,4524,1DAQ,A,1,1,1,14,14,LYS,7.78,117.7,13,13.0,14.0,,LYS,mapped,True,False,train,35
CC0037,4524,1DAQ,A,1,1,1,15,15,VAL,8.87,126.3,14,14.0,15.0,,VAL,mapped,True,False,train,35
CC0037,4524,1DAQ,A,1,1,1,16,16,ASN,9.95,126.3,15,15.0,16.0,,ASN,mapped,True,False,train,35
CC0037,4524,1DAQ,A,1,1,1,17,17,SER,7.52,115.7,16,16.0,17.0,,SER,mapped,True,False,train,35
CC0037,4524,1DAQ,A,1,1,1,18,18,THR,7.92,113.1,17,17.0,18.0,,THR,mapped,True,False,train,35
CC0037,4524,1DAQ,A,1,1,1,19,19,ASP,7.88,120.1,18,18.0,19.0,,ASP,mapped,True,False,train,35
CC0037,4524,1DAQ,A,1,1,1,20,20,ALA,7.02,119.8,19,19.0,20.0,,ALA,mapped,True,False,train,35
CC0037,4524,1DAQ,A,1,1,1,21,21,VAL,7.71,119.7,20,20.0,21.0,,VAL,mapped,True,False,train,35
CC0037,4524,1DAQ,A,1,1,1,22,22,ALA,7.82,121.7,21,21.0,22.0,,ALA,mapped,True,False,train,35
CC0037,4524,1DAQ,A,1,1,1,23,23,LEU,8.43,117.4,22,22.0,23.0,,LEU,mapped,True,False,train,35
CC0037,4524,1DAQ,A,1,1,1,24,24,LYS,8.17,120.2,23,23.0,24.0,,LYS,mapped,True,False,train,35
CC0037,4524,1DAQ,A,1,1,1,25,25,ARG,7.95,116.5,24,24.0,25.0,,ARG,mapped,True,False,train,35
CC0037,4524,1DAQ,A,1,1,1,26,26,TYR,8.23,120.9,25,25.0,26.0,,TYR,mapped,True,False,train,35
CC0037,4524,1DAQ,A,1,1,1,27,27,VAL,8.65,119.6,26,26.0,27.0,,VAL,mapped,True,False,train,35
CC0037,4524,1DAQ,A,1,1,1,28,28,LEU,7.78,119.0,27,27.0,28.0,,LEU,mapped,True,False,train,35
CC0037,4524,1DAQ,A,1,1,1,29,29,ARG,7.88,115.5,28,28.0,29.0,,ARG,mapped,True,False,train,35
CC0037,4524,1DAQ,A,1,1,1,31,31,GLY,8.34,109.3,30,30.0,31.0,,GLY,mapped,True,False,train,35
CC0037,4524,1DAQ,A,1,1,1,32,32,ILE,7.24,118.2,31,31.0,32.0,,ILE,mapped,True,False,train,35
CC0037,4524,1DAQ,A,1,1,1,33,33,SER,8.1,119.8,32,32.0,33.0,,SER,mapped,True,False,train,35
CC0037,4524,1DAQ,A,1,1,1,34,34,ILE,7.6,116.1,33,33.0,34.0,,ILE,mapped,True,False,train,35
CC0037,4524,1DAQ,A,1,1,1,35,35,ASN,8.7,118.5,34,34.0,35.0,,ASN,mapped,True,False,train,35
CC0037,4524,1DAQ,A,1,1,1,36,36,THR,7.77,116.1,35,35.0,36.0,,THR,mapped,True,False,train,35
CC0037,4524,1DAQ,A,1,1,1,37,37,ASP,7.84,122.9,36,36.0,37.0,,ASP,mapped,True,False,train,35
CC0037,4524,1DAQ,A,1,1,1,38,38,ASN,7.14,115.5,37,37.0,38.0,,ASN,mapped,True,False,train,35
CC0037,4524,1DAQ,A,1,1,1,39,39,ALA,7.09,119.5,38,38.0,39.0,,ALA,mapped,True,False,train,35
CC0037,4524,1DAQ,A,1,1,1,40,40,ASP,6.93,114.8,39,39.0,40.0,,ASP,mapped,True,False,train,35
CC0037,4524,1DAQ,A,1,1,1,41,41,LEU,8.49,123.4,40,40.0,41.0,,LEU,mapped,True,False,train,35
CC0037,4524,1DAQ,A,1,1,1,42,42,ASN,7.97,112.7,41,41.0,42.0,,ASN,mapped,True,False,train,35
CC0037,4524,1DAQ,A,1,1,1,43,43,GLU,7.52,115.6,42,42.0,43.0,,GLU,mapped,True,False,train,35
CC0037,4524,1DAQ,A,1,1,1,44,44,ASP,8.39,117.4,43,43.0,44.0,,ASP,mapped,True,False,train,35
CC0037,4524,1DAQ,A,1,1,1,45,45,GLY,10.04,112.3,44,44.0,45.0,,GLY,mapped,True,False,train,35
CC0037,4524,1DAQ,A,1,1,1,46,46,ARG,7.92,117.9,45,45.0,46.0,,ARG,mapped,True,False,train,35
CC0037,4524,1DAQ,A,1,1,1,47,47,VAL,8.85,126.3,46,46.0,47.0,,VAL,mapped,True,False,train,35
CC0037,4524,1DAQ,A,1,1,1,48,48,ASN,9.94,126.6,47,47.0,48.0,,ASN,mapped,True,False,train,35
CC0037,4524,1DAQ,A,1,1,1,49,49,SER,7.99,112.8,48,48.0,49.0,,SER,mapped,True,False,train,35
CC0037,4524,1DAQ,A,1,1,1,50,50,THR,8.03,121.5,49,49.0,50.0,,THR,mapped,True,False,train,35
CC0037,4524,1DAQ,A,1,1,1,51,51,ASP,7.48,120.1,50,50.0,51.0,,ASP,mapped,True,False,train,35
CC0037,4524,1DAQ,A,1,1,1,52,52,LEU,7.06,118.0,51,51.0,52.0,,LEU,mapped,True,False,train,35
CC0037,4524,1DAQ,A,1,1,1,53,53,GLY,7.97,105.7,52,52.0,53.0,,GLY,mapped,True,False,train,35
CC0037,4524,1DAQ,A,1,1,1,54,54,ILE,7.63,121.7,53,53.0,54.0,,ILE,mapped,True,False,train,35
CC0037,4524,1DAQ,A,1,1,1,55,55,LEU,8.22,120.8,54,54.0,55.0,,LEU,mapped,True,False,train,35
CC0037,4524,1DAQ,A,1,1,1,56,56,LYS,8.28,116.8,55,55.0,56.0,,LYS,mapped,True,False,train,35
CC0037,4524,1DAQ,A,1,1,1,57,57,ARG,7.47,116.5,56,56.0,57.0,,ARG,mapped,True,False,train,35
CC0037,4524,1DAQ,A,1,1,1,58,58,TYR,8.48,122.0,57,57.0,58.0,,TYR,mapped,True,False,train,35
CC0037,4524,1DAQ,A,1,1,1,59,59,ILE,8.64,122.1,58,58.0,59.0,,ILE,mapped,True,False,train,35
CC0037,4524,1DAQ,A,1,1,1,60,60,LEU,7.5,118.4,59,59.0,60.0,,LEU,mapped,True,False,train,35
CC0037,4524,1DAQ,A,1,1,1,61,61,LYS,7.7,113.2,60,60.0,61.0,,LYS,mapped,True,False,train,35
CC0037,4524,1DAQ,A,1,1,1,62,62,GLU,8.36,117.5,61,61.0,62.0,,GLU,mapped,True,False,train,35
CC0037,4524,1DAQ,A,1,1,1,63,63,ILE,6.82,112.1,62,62.0,63.0,,ILE,mapped,True,False,train,35
CC0037,4524,1DAQ,A,1,1,1,64,64,ASP,8.36,119.6,63,63.0,64.0,,ASP,mapped,True,False,train,35
CC0037,4524,1DAQ,A,1,1,1,65,65,THR,7.32,113.0,64,64.0,65.0,,THR,mapped,True,False,train,35
CC0037,4524,1DAQ,A,1,1,1,66,66,LEU,7.65,120.6,65,65.0,66.0,,LEU,mapped,True,False,train,35
CC0037,4524,1DAQ,A,1,1,1,68,68,TYR,8.46,122.3,67,67.0,68.0,,TYR,mapped,True,False,train,35
CC0044,4579,1HYI,A,1,1,1,22,22,ARG,8.08,121.22,21,0.0,1.0,,ARG,mapped,True,False,train,36
CC0044,4579,1HYI,A,1,1,1,23,23,LYS,8.26,122.45,22,1.0,2.0,,LYS,mapped,True,False,train,36
CC0044,4579,1HYI,A,1,1,1,24,24,TRP,8.02,121.79,23,2.0,3.0,,TRP,mapped,True,False,train,36
CC0044,4579,1HYI,A,1,1,1,25,25,ALA,8.19,125.07,24,3.0,4.0,,ALA,mapped,True,False,train,36
CC0044,4579,1HYI,A,1,1,1,26,26,GLU,8.28,119.47,25,4.0,5.0,,GLU,mapped,True,False,train,36
CC0044,4579,1HYI,A,1,1,1,27,27,ASP,8.43,122.0,26,5.0,6.0,,ASP,mapped,True,False,train,36
CC0044,4579,1HYI,A,1,1,1,28,28,ASN,8.19,115.0,27,6.0,7.0,,ASN,mapped,True,False,train,36
CC0044,4579,1HYI,A,1,1,1,29,29,GLU,7.96,118.21,28,7.0,8.0,,GLU,mapped,True,False,train,36
CC0044,4579,1HYI,A,1,1,1,30,30,VAL,7.8,120.96,29,8.0,9.0,,VAL,mapped,True,False,train,36
CC0044,4579,1HYI,A,1,1,1,31,31,GLN,8.91,124.62,30,9.0,10.0,,GLN,mapped,True,False,train,36
CC0044,4579,1HYI,A,1,1,1,32,32,ASN,7.34,116.01,31,10.0,11.0,,ASN,mapped,True,False,train,36
CC0044,4579,1HYI,A,1,1,1,33,33,CYS,8.44,123.6,32,11.0,12.0,,CYS,mapped,True,False,train,36
CC0044,4579,1HYI,A,1,1,1,34,34,MET,8.24,129.25,33,12.0,13.0,,MET,mapped,True,False,train,36
CC0044,4579,1HYI,A,1,1,1,35,35,ALA,9.25,123.28,34,13.0,14.0,,ALA,mapped,True,False,train,36
CC0044,4579,1HYI,A,1,1,1,36,36,CYS,8.45,117.63,35,14.0,15.0,,CYS,mapped,True,False,train,36
CC0044,4579,1HYI,A,1,1,1,37,37,GLY,7.64,111.46,36,15.0,16.0,,GLY,mapped,True,False,train,36
CC0044,4579,1HYI,A,1,1,1,38,38,LYS,8.85,126.69,37,16.0,17.0,,LYS,mapped,True,False,train,36
CC0044,4579,1HYI,A,1,1,1,39,39,GLY,8.56,111.07,38,17.0,18.0,,GLY,mapped,True,False,train,36
CC0044,4579,1HYI,A,1,1,1,40,40,PHE,7.54,121.96,39,18.0,19.0,,PHE,mapped,True,False,train,36
CC0044,4579,1HYI,A,1,1,1,41,41,SER,9.4,117.83,40,19.0,20.0,,SER,mapped,True,False,train,36
CC0044,4579,1HYI,A,1,1,1,42,42,VAL,8.39,116.56,41,20.0,21.0,,VAL,mapped,True,False,train,36
CC0044,4579,1HYI,A,1,1,1,43,43,THR,7.83,108.45,42,21.0,22.0,,THR,mapped,True,False,train,36
CC0044,4579,1HYI,A,1,1,1,44,44,VAL,7.54,126.69,43,22.0,23.0,,VAL,mapped,True,False,train,36
CC0044,4579,1HYI,A,1,1,1,45,45,ARG,7.99,124.03,44,23.0,24.0,,ARG,mapped,True,False,train,36
CC0044,4579,1HYI,A,1,1,1,46,46,ARG,7.85,117.86,45,24.0,25.0,,ARG,mapped,True,False,train,36
CC0044,4579,1HYI,A,1,1,1,47,47,HIS,8.7,120.29,46,25.0,26.0,,HIS,mapped,True,False,train,36
CC0044,4579,1HYI,A,1,1,1,48,48,HIS,8.7,119.14,47,26.0,27.0,,HIS,mapped,True,False,train,36
CC0044,4579,1HYI,A,1,1,1,49,49,CYS,8.62,124.79,48,27.0,28.0,,CYS,mapped,True,False,train,36
CC0044,4579,1HYI,A,1,1,1,50,50,ARG,9.09,129.66,49,28.0,29.0,,ARG,mapped,True,False,train,36
CC0044,4579,1HYI,A,1,1,1,51,51,GLN,9.37,122.99,50,29.0,30.0,,GLN,mapped,True,False,train,36
CC0044,4579,1HYI,A,1,1,1,52,52,CYS,8.83,119.5,51,30.0,31.0,,CYS,mapped,True,False,train,36
CC0044,4579,1HYI,A,1,1,1,53,53,GLY,7.72,111.11,52,31.0,32.0,,GLY,mapped,True,False,train,36
CC0044,4579,1HYI,A,1,1,1,54,54,ASN,8.49,119.66,53,32.0,33.0,,ASN,mapped,True,False,train,36
CC0044,4579,1HYI,A,1,1,1,55,55,ILE,7.11,117.89,54,33.0,34.0,,ILE,mapped,True,False,train,36
CC0044,4579,1HYI,A,1,1,1,56,56,PHE,8.97,123.23,55,34.0,35.0,,PHE,mapped,True,False,train,36
CC0044,4579,1HYI,A,1,1,1,57,57,CYS,9.82,119.68,56,35.0,36.0,,CYS,mapped,True,False,train,36
CC0044,4579,1HYI,A,1,1,1,58,58,ALA,9.74,123.22,57,36.0,37.0,,ALA,mapped,True,False,train,36
CC0044,4579,1HYI,A,1,1,1,59,59,GLU,8.41,118.3,58,37.0,38.0,,GLU,mapped,True,False,train,36
CC0044,4579,1HYI,A,1,1,1,60,60,CYS,8.02,121.78,59,38.0,39.0,,CYS,mapped,True,False,train,36
CC0044,4579,1HYI,A,1,1,1,61,61,SER,7.36,112.98,60,39.0,40.0,,SER,mapped,True,False,train,36
CC0044,4579,1HYI,A,1,1,1,62,62,ALA,8.02,122.5,61,40.0,41.0,,ALA,mapped,True,False,train,36
CC0044,4579,1HYI,A,1,1,1,63,63,LYS,8.17,119.2,62,41.0,42.0,,LYS,mapped,True,False,train,36
CC0044,4579,1HYI,A,1,1,1,64,64,ASN,7.92,114.95,63,42.0,43.0,,ASN,mapped,True,False,train,36
CC0044,4579,1HYI,A,1,1,1,65,65,ALA,9.18,121.31,64,43.0,44.0,,ALA,mapped,True,False,train,36
CC0044,4579,1HYI,A,1,1,1,66,66,LEU,8.42,121.42,65,44.0,45.0,,LEU,mapped,True,False,train,36
CC0044,4579,1HYI,A,1,1,1,67,67,THR,8.34,115.39,66,45.0,46.0,,THR,mapped,True,False,train,36
CC0044,4579,1HYI,A,1,1,1,69,69,SER,7.78,109.03,68,47.0,48.0,,SER,mapped,True,False,train,36
CC0044,4579,1HYI,A,1,1,1,70,70,SER,7.75,117.04,69,48.0,49.0,,SER,mapped,True,False,train,36
CC0044,4579,1HYI,A,1,1,1,72,72,LYS,7.85,118.46,71,50.0,51.0,,LYS,mapped,True,False,train,36
CC0044,4579,1HYI,A,1,1,1,74,74,VAL,8.68,117.5,73,52.0,53.0,,VAL,mapped,True,False,train,36
CC0044,4579,1HYI,A,1,1,1,75,75,ARG,8.09,122.02,74,53.0,54.0,,ARG,mapped,True,False,train,36
CC0044,4579,1HYI,A,1,1,1,76,76,VAL,8.0,117.02,75,54.0,55.0,,VAL,mapped,True,False,train,36
CC0044,4579,1HYI,A,1,1,1,77,77,CYS,9.14,119.07,76,55.0,56.0,,CYS,mapped,True,False,train,36
CC0044,4579,1HYI,A,1,1,1,78,78,ASP,7.71,118.47,77,56.0,57.0,,ASP,mapped,True,False,train,36
CC0044,4579,1HYI,A,1,1,1,79,79,ALA,8.25,123.65,78,57.0,58.0,,ALA,mapped,True,False,train,36
CC0044,4579,1HYI,A,1,1,1,80,80,CYS,9.0,122.96,79,58.0,59.0,,CYS,mapped,True,False,train,36
CC0044,4579,1HYI,A,1,1,1,81,81,PHE,8.79,119.29,80,59.0,60.0,,PHE,mapped,True,False,train,36
CC0044,4579,1HYI,A,1,1,1,82,82,ASN,7.93,116.26,81,60.0,61.0,,ASN,mapped,True,False,train,36
CC0044,4579,1HYI,A,1,1,1,83,83,ASP,7.85,120.62,82,61.0,62.0,,ASP,mapped,True,False,train,36
CC0044,4579,1HYI,A,1,1,1,84,84,LEU,7.8,118.91,83,62.0,63.0,,LEU,mapped,True,False,train,36
CC0044,4579,1HYI,A,1,1,1,85,85,GLN,7.56,117.9,84,63.0,64.0,,GLN,mapped,True,False,train,36
CC0044,4579,1HYI,A,1,1,1,86,86,GLY,7.62,114.33,85,64.0,65.0,,GLY,mapped,True,False,train,36
CC0057,4637,1F43,A,1,1,1,1,1,LYS,8.67,127.3,0,0.0,-3.0,,LYS,mapped,True,False,train,39
CC0057,4637,1F43,A,1,1,1,2,2,LYS,8.5,126.94,1,1.0,-2.0,,LYS,mapped,True,False,train,39
CC0057,4637,1F43,A,1,1,1,3,3,GLU,8.5,125.6,2,2.0,-1.0,,GLU,mapped,True,False,train,39
CC0057,4637,1F43,A,1,1,1,4,4,LYS,8.5,125.59,3,3.0,0.0,,LYS,mapped,True,False,train,39
CC0057,4637,1F43,A,1,1,1,5,5,SER,8.44,119.82,4,4.0,1.0,,SER,mapped,True,False,train,39
CC0057,4637,1F43,A,1,1,1,7,7,LYS,8.37,124.23,6,6.0,3.0,,LYS,mapped,True,False,train,39
CC0057,4637,1F43,A,1,1,1,8,8,GLY,8.39,112.7,7,7.0,4.0,,GLY,mapped,True,False,train,39
CC0057,4637,1F43,A,1,1,1,9,9,LYS,8.19,123.55,8,8.0,5.0,,LYS,mapped,True,False,train,39
CC0057,4637,1F43,A,1,1,1,10,10,SER,8.41,120.84,9,9.0,6.0,,SER,mapped,True,False,train,39
CC0057,4637,1F43,A,1,1,1,11,11,SER,8.39,121.52,10,10.0,7.0,,SER,mapped,True,False,train,39
CC0057,4637,1F43,A,1,1,1,12,12,ILE,8.1,123.55,11,11.0,8.0,,ILE,mapped,True,False,train,39
CC0057,4637,1F43,A,1,1,1,13,13,SER,8.73,127.3,12,12.0,9.0,,SER,mapped,True,False,train,39
CC0057,4637,1F43,A,1,1,1,15,15,GLN,8.45,120.16,14,14.0,11.0,,GLN,mapped,True,False,train,39
CC0057,4637,1F43,A,1,1,1,16,16,ALA,7.98,127.28,15,15.0,12.0,,ALA,mapped,True,False,train,39
CC0057,4637,1F43,A,1,1,1,17,17,ARG,8.46,120.16,16,16.0,13.0,,ARG,mapped,True,False,train,39
CC0057,4637,1F43,A,1,1,1,18,18,ALA,7.77,122.87,17,17.0,14.0,,ALA,mapped,True,False,train,39
CC0057,4637,1F43,A,1,1,1,19,19,PHE,7.62,122.87,18,18.0,15.0,,PHE,mapped,True,False,train,39
CC0057,4637,1F43,A,1,1,1,20,20,LEU,8.36,123.55,19,19.0,16.0,,LEU,mapped,True,False,train,39
CC0057,4637,1F43,A,1,1,1,21,21,GLU,8.09,118.8,20,20.0,17.0,,GLU,mapped,True,False,train,39
CC0057,4637,1F43,A,1,1,1,22,22,GLN,7.46,121.52,21,21.0,18.0,,GLN,mapped,True,False,train,39
CC0057,4637,1F43,A,1,1,1,23,23,VAL,8.04,123.55,22,22.0,19.0,,VAL,mapped,True,False,train,39
CC0057,4637,1F43,A,1,1,1,24,24,PHE,8.75,122.87,23,23.0,20.0,,PHE,mapped,True,False,train,39
CC0057,4637,1F43,A,1,1,1,25,25,ARG,7.44,116.77,24,24.0,21.0,,ARG,mapped,True,False,train,39
CC0057,4637,1F43,A,1,1,1,26,26,ARG,7.59,119.48,25,25.0,22.0,,ARG,mapped,True,False,train,39
CC0057,4637,1F43,A,1,1,1,27,27,LYS,8.55,124.23,26,26.0,23.0,,LYS,mapped,True,False,train,39
CC0057,4637,1F43,A,1,1,1,28,28,GLN,7.91,120.16,27,27.0,24.0,,GLN,mapped,True,False,train,39
CC0057,4637,1F43,A,1,1,1,29,29,SER,7.42,113.76,28,28.0,25.0,,SER,mapped,True,False,train,39
CC0057,4637,1F43,A,1,1,1,30,30,LEU,8.19,125.93,29,29.0,26.0,,LEU,mapped,True,False,train,39
CC0057,4637,1F43,A,1,1,1,31,31,ASN,9.24,124.57,30,30.0,27.0,,ASN,mapped,True,False,train,39
CC0057,4637,1F43,A,1,1,1,32,32,SER,8.46,115.76,31,31.0,28.0,,SER,mapped,True,False,train,39
CC0057,4637,1F43,A,1,1,1,33,33,LYS,7.9,125.93,32,32.0,29.0,,LYS,mapped,True,False,train,39
CC0057,4637,1F43,A,1,1,1,34,34,GLU,8.6,122.87,33,33.0,30.0,,GLU,mapped,True,False,train,39
CC0057,4637,1F43,A,1,1,1,35,35,LYS,8.55,120.84,34,34.0,31.0,,LYS,mapped,True,False,train,39
CC0057,4637,1F43,A,1,1,1,36,36,GLU,7.55,119.82,35,35.0,32.0,,GLU,mapped,True,False,train,39
CC0057,4637,1F43,A,1,1,1,37,37,GLU,8.05,122.81,36,36.0,33.0,,GLU,mapped,True,False,train,39
CC0057,4637,1F43,A,1,1,1,38,38,VAL,8.59,123.55,37,37.0,34.0,,VAL,mapped,True,False,train,39
CC0057,4637,1F43,A,1,1,1,39,39,ALA,8.16,124.57,38,38.0,35.0,,ALA,mapped,True,False,train,39
CC0057,4637,1F43,A,1,1,1,40,40,LYS,7.7,118.8,39,39.0,36.0,,LYS,mapped,True,False,train,39
CC0057,4637,1F43,A,1,1,1,41,41,LYS,7.77,121.5,40,40.0,37.0,,LYS,mapped,True,False,train,39
CC0057,4637,1F43,A,1,1,1,42,42,CYS,7.69,114.4,41,41.0,38.0,,CYS,mapped,True,False,train,39
CC0057,4637,1F43,A,1,1,1,43,43,GLY,7.85,112.7,42,42.0,39.0,,GLY,mapped,True,False,train,39
CC0057,4637,1F43,A,1,1,1,44,44,ILE,7.74,115.41,43,43.0,40.0,,ILE,mapped,True,False,train,39
CC0057,4637,1F43,A,1,1,1,45,45,THR,8.43,112.02,44,44.0,41.0,,THR,mapped,True,False,train,39
CC0057,4637,1F43,A,1,1,1,47,47,LEU,7.75,120.84,46,46.0,43.0,,LEU,mapped,True,False,train,39
CC0057,4637,1F43,A,1,1,1,48,48,GLN,7.83,120.16,47,47.0,44.0,,GLN,mapped,True,False,train,39
CC0057,4637,1F43,A,1,1,1,49,49,VAL,7.84,122.2,48,48.0,45.0,,VAL,mapped,True,False,train,39
CC0057,4637,1F43,A,1,1,1,50,50,ARG,8.26,122.53,49,49.0,46.0,,ARG,mapped,True,False,train,39
CC0057,4637,1F43,A,1,1,1,51,51,VAL,8.57,121.18,50,50.0,47.0,,VAL,mapped,True,False,train,39
CC0057,4637,1F43,A,1,1,1,52,52,TRP,8.24,124.23,51,51.0,48.0,,TRP,mapped,True,False,train,39
CC0057,4637,1F43,A,1,1,1,53,53,PHE,8.76,121.18,52,52.0,49.0,,PHE,mapped,True,False,train,39
CC0057,4637,1F43,A,1,1,1,54,54,ILE,8.22,122.53,53,53.0,50.0,,ILE,mapped,True,False,train,39
CC0057,4637,1F43,A,1,1,1,55,55,ASN,7.98,120.5,54,54.0,51.0,,ASN,mapped,True,False,train,39
CC0057,4637,1F43,A,1,1,1,56,56,LYS,7.87,124.22,55,55.0,52.0,,LYS,mapped,True,False,train,39
CC0057,4637,1F43,A,1,1,1,57,57,ARG,7.94,120.5,56,56.0,53.0,,ARG,mapped,True,False,train,39
CC0057,4637,1F43,A,1,1,1,58,58,MET,7.65,120.16,57,57.0,54.0,,MET,mapped,True,False,train,39
CC0057,4637,1F43,A,1,1,1,59,59,ARG,7.67,121.18,58,58.0,55.0,,ARG,mapped,True,False,train,39
CC0057,4637,1F43,A,1,1,1,60,60,SER,7.86,119.14,59,59.0,56.0,,SER,mapped,True,False,train,39
CC0057,4637,1F43,A,1,1,1,61,61,LYS,7.78,130.0,60,60.0,57.0,,LYS,mapped,True,False,train,39
CC0034,4510,1CXW,A,1,1,1,2,2,ALA,8.75,128.4,1,1.0,2.0,,ALA,mapped,True,False,train,40
CC0034,4510,1CXW,A,1,1,1,3,3,LEU,8.6,124.9,2,2.0,3.0,,LEU,mapped,True,False,train,40
CC0034,4510,1CXW,A,1,1,1,4,4,PHE,7.86,120.9,3,3.0,4.0,,PHE,mapped,True,False,train,40
CC0034,4510,1CXW,A,1,1,1,5,5,THR,6.7,108.4,4,4.0,5.0,,THR,mapped,True,False,train,40
CC0034,4510,1CXW,A,1,1,1,6,6,MET,8.58,115.4,5,5.0,6.0,,MET,mapped,True,False,train,40
CC0034,4510,1CXW,A,1,1,1,7,7,GLY,8.58,107.7,6,6.0,7.0,,GLY,mapped,True,False,train,40
CC0034,4510,1CXW,A,1,1,1,8,8,GLY,8.6,107.6,7,7.0,8.0,,GLY,mapped,True,False,train,40
CC0034,4510,1CXW,A,1,1,1,9,9,ASN,7.58,120.3,8,8.0,9.0,,ASN,mapped,True,False,train,40
CC0034,4510,1CXW,A,1,1,1,10,10,ALA,7.13,119.4,9,9.0,10.0,,ALA,mapped,True,False,train,40
CC0034,4510,1CXW,A,1,1,1,11,11,GLU,8.91,116.7,10,10.0,11.0,,GLU,mapped,True,False,train,40
CC0034,4510,1CXW,A,1,1,1,12,12,GLY,9.29,107.1,11,11.0,12.0,,GLY,mapped,True,False,train,40
CC0034,4510,1CXW,A,1,1,1,13,13,GLN,7.28,118.2,12,12.0,13.0,,GLN,mapped,True,False,train,40
CC0034,4510,1CXW,A,1,1,1,15,15,CYS,7.92,115.5,14,14.0,15.0,,CYS,mapped,True,False,train,40
CC0034,4510,1CXW,A,1,1,1,16,16,LYS,8.23,125.8,15,15.0,16.0,,LYS,mapped,True,False,train,40
CC0034,4510,1CXW,A,1,1,1,17,17,PHE,7.97,118.0,16,16.0,17.0,,PHE,mapped,True,False,train,40
CC0034,4510,1CXW,A,1,1,1,19,19,PHE,8.71,114.9,18,18.0,19.0,,PHE,mapped,True,False,train,40
CC0034,4510,1CXW,A,1,1,1,20,20,ARG,8.35,120.7,19,19.0,20.0,,ARG,mapped,True,False,train,40
CC0034,4510,1CXW,A,1,1,1,21,21,PHE,9.36,123.0,20,20.0,21.0,,PHE,mapped,True,False,train,40
CC0034,4510,1CXW,A,1,1,1,22,22,GLN,11.72,133.3,21,21.0,22.0,,GLN,mapped,True,False,train,40
CC0034,4510,1CXW,A,1,1,1,23,23,GLY,8.98,103.7,22,22.0,23.0,,GLY,mapped,True,False,train,40
CC0034,4510,1CXW,A,1,1,1,24,24,THR,7.97,118.7,23,23.0,24.0,,THR,mapped,True,False,train,40
CC0034,4510,1CXW,A,1,1,1,25,25,SER,8.38,119.4,24,24.0,25.0,,SER,mapped,True,False,train,40
CC0034,4510,1CXW,A,1,1,1,26,26,TYR,9.11,126.2,25,25.0,26.0,,TYR,mapped,True,False,train,40
CC0034,4510,1CXW,A,1,1,1,27,27,ASP,8.45,119.6,26,26.0,27.0,,ASP,mapped,True,False,train,40
CC0034,4510,1CXW,A,1,1,1,28,28,SER,7.56,111.1,27,27.0,28.0,,SER,mapped,True,False,train,40
CC0034,4510,1CXW,A,1,1,1,29,29,CYS,8.48,114.9,28,28.0,29.0,,CYS,mapped,True,False,train,40
CC0034,4510,1CXW,A,1,1,1,30,30,THR,8.83,116.4,29,29.0,30.0,,THR,mapped,True,False,train,40
CC0034,4510,1CXW,A,1,1,1,31,31,THR,8.13,113.3,30,30.0,31.0,,THR,mapped,True,False,train,40
CC0034,4510,1CXW,A,1,1,1,32,32,GLU,8.76,124.9,31,31.0,32.0,,GLU,mapped,True,False,train,40
CC0034,4510,1CXW,A,1,1,1,33,33,GLY,9.03,109.5,32,32.0,33.0,,GLY,mapped,True,False,train,40
CC0034,4510,1CXW,A,1,1,1,34,34,ARG,8.0,116.7,33,33.0,34.0,,ARG,mapped,True,False,train,40
CC0034,4510,1CXW,A,1,1,1,35,35,THR,8.98,109.8,34,34.0,35.0,,THR,mapped,True,False,train,40
CC0034,4510,1CXW,A,1,1,1,36,36,ASP,7.68,118.9,35,35.0,36.0,,ASP,mapped,True,False,train,40
CC0034,4510,1CXW,A,1,1,1,37,37,GLY,8.35,107.4,36,36.0,37.0,,GLY,mapped,True,False,train,40
CC0034,4510,1CXW,A,1,1,1,38,38,TYR,7.72,120.0,37,37.0,38.0,,TYR,mapped,True,False,train,40
CC0034,4510,1CXW,A,1,1,1,39,39,ARG,8.51,120.1,38,38.0,39.0,,ARG,mapped,True,False,train,40
CC0034,4510,1CXW,A,1,1,1,40,40,TRP,9.84,123.3,39,39.0,40.0,,TRP,mapped,True,False,train,40
CC0034,4510,1CXW,A,1,1,1,41,41,CYS,8.93,111.1,40,40.0,41.0,,CYS,mapped,True,False,train,40
CC0034,4510,1CXW,A,1,1,1,42,42,GLY,3.62,104.1,41,41.0,42.0,,GLY,mapped,True,False,train,40
CC0034,4510,1CXW,A,1,1,1,43,43,THR,7.81,109.9,42,42.0,43.0,,THR,mapped,True,False,train,40
CC0034,4510,1CXW,A,1,1,1,44,44,THR,7.8,111.8,43,43.0,44.0,,THR,mapped,True,False,train,40
CC0034,4510,1CXW,A,1,1,1,45,45,GLU,9.0,112.4,44,44.0,45.0,,GLU,mapped,True,False,train,40
CC0034,4510,1CXW,A,1,1,1,46,46,ASP,7.96,120.4,45,45.0,46.0,,ASP,mapped,True,False,train,40
CC0034,4510,1CXW,A,1,1,1,47,47,TYR,9.12,127.2,46,46.0,47.0,,TYR,mapped,True,False,train,40
CC0034,4510,1CXW,A,1,1,1,48,48,ASP,7.86,119.9,47,47.0,48.0,,ASP,mapped,True,False,train,40
CC0034,4510,1CXW,A,1,1,1,49,49,ARG,7.64,117.2,48,48.0,49.0,,ARG,mapped,True,False,train,40
CC0034,4510,1CXW,A,1,1,1,50,50,ASP,8.24,115.7,49,49.0,50.0,,ASP,mapped,True,False,train,40
CC0034,4510,1CXW,A,1,1,1,51,51,LYS,9.02,115.6,50,50.0,51.0,,LYS,mapped,True,False,train,40
CC0034,4510,1CXW,A,1,1,1,52,52,LYS,7.93,118.6,51,51.0,52.0,,LYS,mapped,True,False,train,40
CC0034,4510,1CXW,A,1,1,1,53,53,TYR,9.72,124.1,52,52.0,53.0,,TYR,mapped,True,False,train,40
CC0034,4510,1CXW,A,1,1,1,54,54,GLY,8.06,103.7,53,53.0,54.0,,GLY,mapped,True,False,train,40
CC0034,4510,1CXW,A,1,1,1,55,55,PHE,8.82,115.6,54,54.0,55.0,,PHE,mapped,True,False,train,40
CC0034,4510,1CXW,A,1,1,1,56,56,CYS,8.71,119.9,55,55.0,56.0,,CYS,mapped,True,False,train,40
CC0034,4510,1CXW,A,1,1,1,58,58,GLU,8.78,121.1,57,57.0,58.0,,GLU,mapped,True,False,train,40
CC0034,4510,1CXW,A,1,1,1,59,59,THR,8.09,113.8,58,58.0,59.0,,THR,mapped,True,False,train,40
CC0034,4510,1CXW,A,1,1,1,60,60,ALA,8.02,131.3,59,59.0,60.0,,ALA,mapped,True,False,train,40
CC0046,4584,1DP3,A,1,1,1,2,2,LYS,8.56,121.73,1,1.0,3.0,,LYS,mapped,True,False,train,41
CC0046,4584,1DP3,A,1,1,1,3,3,VAL,8.86,123.81,2,2.0,4.0,,VAL,mapped,True,False,train,41
CC0046,4584,1DP3,A,1,1,1,4,4,GLN,8.04,122.05,3,3.0,5.0,,GLN,mapped,True,False,train,41
CC0046,4584,1DP3,A,1,1,1,5,5,ALA,8.52,125.21,4,4.0,6.0,,ALA,mapped,True,False,train,41
CC0046,4584,1DP3,A,1,1,1,6,6,TYR,8.33,121.67,5,5.0,7.0,,TYR,mapped,True,False,train,41
CC0046,4584,1DP3,A,1,1,1,7,7,VAL,8.68,115.93,6,6.0,8.0,,VAL,mapped,True,False,train,41
CC0046,4584,1DP3,A,1,1,1,8,8,SER,8.09,116.64,7,7.0,9.0,,SER,mapped,True,False,train,41
CC0046,4584,1DP3,A,1,1,1,9,9,ASP,8.65,121.62,8,8.0,10.0,,ASP,mapped,True,False,train,41
CC0046,4584,1DP3,A,1,1,1,10,10,GLU,8.46,119.43,9,9.0,11.0,,GLU,mapped,True,False,train,41
CC0046,4584,1DP3,A,1,1,1,11,11,ILE,7.43,120.37,10,10.0,12.0,,ILE,mapped,True,False,train,41
CC0046,4584,1DP3,A,1,1,1,12,12,VAL,7.47,119.77,11,11.0,13.0,,VAL,mapped,True,False,train,41
CC0046,4584,1DP3,A,1,1,1,13,13,TYR,7.91,119.14,12,12.0,14.0,,TYR,mapped,True,False,train,41
CC0046,4584,1DP3,A,1,1,1,14,14,LYS,7.99,118.93,13,13.0,15.0,,LYS,mapped,True,False,train,41
CC0046,4584,1DP3,A,1,1,1,15,15,ILE,8.43,120.64,14,14.0,16.0,,ILE,mapped,True,False,train,41
CC0046,4584,1DP3,A,1,1,1,16,16,ASN,8.55,118.74,15,15.0,17.0,,ASN,mapped,True,False,train,41
CC0046,4584,1DP3,A,1,1,1,17,17,LYS,7.83,119.74,16,16.0,18.0,,LYS,mapped,True,False,train,41
CC0046,4584,1DP3,A,1,1,1,18,18,ILE,7.58,122.47,17,17.0,19.0,,ILE,mapped,True,False,train,41
CC0046,4584,1DP3,A,1,1,1,19,19,VAL,8.01,119.87,18,18.0,20.0,,VAL,mapped,True,False,train,41
CC0046,4584,1DP3,A,1,1,1,20,20,GLU,8.04,116.79,19,19.0,21.0,,GLU,mapped,True,False,train,41
CC0046,4584,1DP3,A,1,1,1,21,21,ARG,7.97,121.38,20,20.0,22.0,,ARG,mapped,True,False,train,41
CC0046,4584,1DP3,A,1,1,1,22,22,ARG,8.32,117.8,21,21.0,23.0,,ARG,mapped,True,False,train,41
CC0046,4584,1DP3,A,1,1,1,23,23,ARG,8.43,119.69,22,22.0,24.0,,ARG,mapped,True,False,train,41
CC0046,4584,1DP3,A,1,1,1,24,24,ALA,7.89,122.58,23,23.0,25.0,,ALA,mapped,True,False,train,41
CC0046,4584,1DP3,A,1,1,1,25,25,GLU,7.57,116.66,24,24.0,26.0,,GLU,mapped,True,False,train,41
CC0046,4584,1DP3,A,1,1,1,26,26,GLY,7.67,106.71,25,25.0,27.0,,GLY,mapped,True,False,train,41
CC0046,4584,1DP3,A,1,1,1,27,27,ALA,8.01,124.01,26,26.0,28.0,,ALA,mapped,True,False,train,41
CC0046,4584,1DP3,A,1,1,1,28,28,LYS,8.57,120.26,27,27.0,29.0,,LYS,mapped,True,False,train,41
CC0046,4584,1DP3,A,1,1,1,29,29,SER,8.56,117.22,28,28.0,30.0,,SER,mapped,True,False,train,41
CC0046,4584,1DP3,A,1,1,1,30,30,THR,7.43,110.93,29,29.0,31.0,,THR,mapped,True,False,train,41
CC0046,4584,1DP3,A,1,1,1,31,31,ASP,7.84,120.87,30,30.0,32.0,,ASP,mapped,True,False,train,41
CC0046,4584,1DP3,A,1,1,1,32,32,VAL,7.6,119.9,31,31.0,33.0,,VAL,mapped,True,False,train,41
CC0046,4584,1DP3,A,1,1,1,33,33,SER,8.56,120.1,32,32.0,34.0,,SER,mapped,True,False,train,41
CC0046,4584,1DP3,A,1,1,1,34,34,PHE,9.42,123.27,33,33.0,35.0,,PHE,mapped,True,False,train,41
CC0046,4584,1DP3,A,1,1,1,35,35,SER,8.77,114.54,34,34.0,36.0,,SER,mapped,True,False,train,41
CC0046,4584,1DP3,A,1,1,1,36,36,SER,8.38,122.39,35,35.0,37.0,,SER,mapped,True,False,train,41
CC0046,4584,1DP3,A,1,1,1,37,37,ILE,8.32,125.82,36,36.0,38.0,,ILE,mapped,True,False,train,41
CC0046,4584,1DP3,A,1,1,1,38,38,SER,8.16,117.88,37,37.0,39.0,,SER,mapped,True,False,train,41
CC0046,4584,1DP3,A,1,1,1,39,39,THR,7.95,117.82,38,38.0,40.0,,THR,mapped,True,False,train,41
CC0046,4584,1DP3,A,1,1,1,40,40,MET,7.39,121.86,39,39.0,41.0,,MET,mapped,True,False,train,41
CC0046,4584,1DP3,A,1,1,1,41,41,LEU,8.39,120.15,40,40.0,42.0,,LEU,mapped,True,False,train,41
CC0046,4584,1DP3,A,1,1,1,42,42,LEU,8.1,121.74,41,41.0,43.0,,LEU,mapped,True,False,train,41
CC0046,4584,1DP3,A,1,1,1,43,43,GLU,8.14,117.44,42,42.0,44.0,,GLU,mapped,True,False,train,41
CC0046,4584,1DP3,A,1,1,1,44,44,LEU,8.19,121.64,43,43.0,45.0,,LEU,mapped,True,False,train,41
CC0046,4584,1DP3,A,1,1,1,45,45,GLY,8.72,107.07,44,44.0,46.0,,GLY,mapped,True,False,train,41
CC0046,4584,1DP3,A,1,1,1,46,46,LEU,8.36,121.19,45,45.0,47.0,,LEU,mapped,True,False,train,41
CC0046,4584,1DP3,A,1,1,1,47,47,ARG,7.85,118.83,46,46.0,48.0,,ARG,mapped,True,False,train,41
CC0046,4584,1DP3,A,1,1,1,48,48,VAL,8.13,120.19,47,47.0,49.0,,VAL,mapped,True,False,train,41
CC0046,4584,1DP3,A,1,1,1,49,49,TYR,8.85,122.87,48,48.0,50.0,,TYR,mapped,True,False,train,41
CC0046,4584,1DP3,A,1,1,1,50,50,GLU,8.7,116.73,49,49.0,51.0,,GLU,mapped,True,False,train,41
CC0046,4584,1DP3,A,1,1,1,51,51,ALA,7.49,120.27,50,50.0,52.0,,ALA,mapped,True,False,train,41
CC0046,4584,1DP3,A,1,1,1,52,52,GLN,7.7,115.68,51,51.0,53.0,,GLN,mapped,True,False,train,41
CC0046,4584,1DP3,A,1,1,1,53,53,MET,7.62,117.95,52,52.0,54.0,,MET,mapped,True,False,train,41
CC0046,4584,1DP3,A,1,1,1,54,54,GLU,7.82,120.77,53,53.0,55.0,,GLU,mapped,True,False,train,41
CC0046,4584,1DP3,A,1,1,1,55,55,ARG,7.65,126.68,54,54.0,56.0,,ARG,mapped,True,False,train,41
CC0039,4540,1NLA,A,1,1,1,3,3,GLY,8.66,110.86,2,2.0,3.0,,GLY,mapped,True,False,train,44
CC0039,4540,1NLA,A,1,1,1,4,4,MET,8.38,120.11,3,3.0,4.0,,MET,mapped,True,False,train,44
CC0039,4540,1NLA,A,1,1,1,5,5,SER,8.55,118.36,4,4.0,5.0,,SER,mapped,True,False,train,44
CC0039,4540,1NLA,A,1,1,1,6,6,LYS,8.44,123.14,5,5.0,6.0,,LYS,mapped,True,False,train,44
CC0039,4540,1NLA,A,1,1,1,7,7,MET,8.54,123.15,6,6.0,7.0,,MET,mapped,True,False,train,44
CC0039,4540,1NLA,A,1,1,1,9,9,GLN,8.83,124.13,8,8.0,9.0,,GLN,mapped,True,False,train,44
CC0039,4540,1NLA,A,1,1,1,10,10,PHE,8.32,118.46,9,9.0,10.0,,PHE,mapped,True,False,train,44
CC0039,4540,1NLA,A,1,1,1,11,11,LEU,7.18,115.2,10,10.0,11.0,,LEU,mapped,True,False,train,44
CC0039,4540,1NLA,A,1,1,1,12,12,ASN,7.62,116.78,11,11.0,12.0,,ASN,mapped,True,False,train,44
CC0039,4540,1NLA,A,1,1,1,13,13,ARG,9.05,127.06,12,12.0,13.0,,ARG,mapped,True,False,train,44
CC0039,4540,1NLA,A,1,1,1,14,14,TRP,8.16,124.2,13,13.0,14.0,,TRP,mapped,True,False,train,44
CC0039,4540,1NLA,A,1,1,1,16,16,ARG,9.05,127.06,15,15.0,16.0,,ARG,mapped,True,False,train,44
CC0039,4540,1NLA,A,1,1,1,17,17,GLU,9.62,116.85,16,16.0,17.0,,GLU,mapped,True,False,train,44
CC0039,4540,1NLA,A,1,1,1,18,18,VAL,7.33,118.47,17,17.0,18.0,,VAL,mapped,True,False,train,44
CC0039,4540,1NLA,A,1,1,1,19,19,LEU,8.25,121.7,18,18.0,19.0,,LEU,mapped,True,False,train,44
CC0039,4540,1NLA,A,1,1,1,20,20,ASP,8.92,118.22,19,19.0,20.0,,ASP,mapped,True,False,train,44
CC0039,4540,1NLA,A,1,1,1,21,21,LEU,7.26,121.75,20,20.0,21.0,,LEU,mapped,True,False,train,44
CC0039,4540,1NLA,A,1,1,1,22,22,VAL,8.7,118.11,21,21.0,22.0,,VAL,mapped,True,False,train,44
CC0039,4540,1NLA,A,1,1,1,23,23,ARG,8.42,118.3,22,22.0,23.0,,ARG,mapped,True,False,train,44
CC0039,4540,1NLA,A,1,1,1,24,24,LYS,7.97,120.04,23,23.0,24.0,,LYS,mapped,True,False,train,44
CC0039,4540,1NLA,A,1,1,1,25,25,VAL,8.68,118.19,24,24.0,25.0,,VAL,mapped,True,False,train,44
CC0039,4540,1NLA,A,1,1,1,26,26,ALA,8.66,124.27,25,25.0,26.0,,ALA,mapped,True,False,train,44
CC0039,4540,1NLA,A,1,1,1,27,27,GLU,7.89,116.74,26,26.0,27.0,,GLU,mapped,True,False,train,44
CC0039,4540,1NLA,A,1,1,1,28,28,GLU,8.33,121.47,27,27.0,28.0,,GLU,mapped,True,False,train,44
CC0039,4540,1NLA,A,1,1,1,29,29,ASN,8.14,115.46,28,28.0,29.0,,ASN,mapped,True,False,train,44
CC0039,4540,1NLA,A,1,1,1,30,30,GLY,8.16,110.88,29,29.0,30.0,,GLY,mapped,True,False,train,44
CC0039,4540,1NLA,A,1,1,1,31,31,ARG,8.59,117.88,30,30.0,31.0,,ARG,mapped,True,False,train,44
CC0039,4540,1NLA,A,1,1,1,32,32,SER,8.5,114.49,31,31.0,32.0,,SER,mapped,True,False,train,44
CC0039,4540,1NLA,A,1,1,1,33,33,VAL,9.01,121.42,32,32.0,33.0,,VAL,mapped,True,False,train,44
CC0039,4540,1NLA,A,1,1,1,34,34,ASN,8.55,116.91,33,33.0,34.0,,ASN,mapped,True,False,train,44
CC0039,4540,1NLA,A,1,1,1,35,35,SER,8.2,114.41,34,34.0,35.0,,SER,mapped,True,False,train,44
CC0039,4540,1NLA,A,1,1,1,36,36,GLU,8.76,124.2,35,35.0,36.0,,GLU,mapped,True,False,train,44
CC0039,4540,1NLA,A,1,1,1,37,37,ILE,8.37,117.93,36,36.0,37.0,,ILE,mapped,True,False,train,44
CC0039,4540,1NLA,A,1,1,1,38,38,TYR,8.72,119.93,37,37.0,38.0,,TYR,mapped,True,False,train,44
CC0039,4540,1NLA,A,1,1,1,39,39,GLN,8.6,117.33,38,38.0,39.0,,GLN,mapped,True,False,train,44
CC0039,4540,1NLA,A,1,1,1,40,40,ARG,7.75,118.12,39,39.0,40.0,,ARG,mapped,True,False,train,44
CC0039,4540,1NLA,A,1,1,1,41,41,VAL,8.59,121.44,40,40.0,41.0,,VAL,mapped,True,False,train,44
CC0039,4540,1NLA,A,1,1,1,42,42,MET,8.95,121.99,41,41.0,42.0,,MET,mapped,True,False,train,44
CC0039,4540,1NLA,A,1,1,1,43,43,GLU,8.52,119.37,42,42.0,43.0,,GLU,mapped,True,False,train,44
CC0039,4540,1NLA,A,1,1,1,44,44,SER,7.75,116.46,43,43.0,44.0,,SER,mapped,True,False,train,44
CC0039,4540,1NLA,A,1,1,1,45,45,PHE,7.61,121.46,44,44.0,45.0,,PHE,mapped,True,False,train,44
CC0039,4540,1NLA,A,1,1,1,46,46,LYS,8.38,122.87,45,45.0,46.0,,LYS,mapped,True,False,train,44
CC0039,4540,1NLA,A,1,1,1,47,47,LYS,8.5,120.98,46,46.0,47.0,,LYS,mapped,True,False,train,44
CC0039,4540,1NLA,A,1,1,1,48,48,GLU,7.69,116.96,47,47.0,48.0,,GLU,mapped,True,False,train,44
CC0039,4540,1NLA,A,1,1,1,49,49,GLY,8.14,108.01,48,48.0,49.0,,GLY,mapped,True,False,train,44
CC0039,4540,1NLA,A,1,1,1,50,50,ARG,8.15,117.36,49,49.0,50.0,,ARG,mapped,True,False,train,44
CC0039,4540,1NLA,A,1,1,1,51,51,ILE,7.63,117.09,50,50.0,51.0,,ILE,mapped,True,False,train,44
CC0039,4540,1NLA,A,1,1,1,52,52,GLY,8.62,113.16,51,51.0,52.0,,GLY,mapped,True,False,train,44
CC0039,4540,1NLA,A,1,1,1,53,53,ALA,8.25,123.35,52,52.0,53.0,,ALA,mapped,True,False,train,44
CC0077,4757,1DV0,A,1,1,1,3,3,GLN,8.86,123.17,2,0.0,1.0,,GLN,mapped,True,False,train,46
CC0077,4757,1DV0,A,1,1,1,4,4,GLU,8.47,120.31,3,1.0,2.0,,GLU,mapped,True,False,train,46
CC0077,4757,1DV0,A,1,1,1,5,5,LYS,7.78,118.06,4,2.0,3.0,,LYS,mapped,True,False,train,46
CC0077,4757,1DV0,A,1,1,1,6,6,GLU,8.03,117.17,5,3.0,4.0,,GLU,mapped,True,False,train,46
CC0077,4757,1DV0,A,1,1,1,7,7,ALA,7.65,122.73,6,4.0,5.0,,ALA,mapped,True,False,train,46
CC0077,4757,1DV0,A,1,1,1,8,8,ILE,7.83,117.39,7,5.0,6.0,,ILE,mapped,True,False,train,46
CC0077,4757,1DV0,A,1,1,1,9,9,GLU,8.0,117.68,8,6.0,7.0,,GLU,mapped,True,False,train,46
CC0077,4757,1DV0,A,1,1,1,10,10,ARG,7.68,121.04,9,7.0,8.0,,ARG,mapped,True,False,train,46
CC0077,4757,1DV0,A,1,1,1,11,11,LEU,8.12,120.56,10,8.0,9.0,,LEU,mapped,True,False,train,46
CC0077,4757,1DV0,A,1,1,1,12,12,LYS,8.57,119.05,11,9.0,10.0,,LYS,mapped,True,False,train,46
CC0077,4757,1DV0,A,1,1,1,13,13,ALA,7.71,121.11,12,10.0,11.0,,ALA,mapped,True,False,train,46
CC0077,4757,1DV0,A,1,1,1,14,14,LEU,7.52,117.53,13,11.0,12.0,,LEU,mapped,True,False,train,46
CC0077,4757,1DV0,A,1,1,1,15,15,GLY,8.17,105.14,14,12.0,13.0,,GLY,mapped,True,False,train,46
CC0077,4757,1DV0,A,1,1,1,16,16,PHE,7.16,117.94,15,13.0,14.0,,PHE,mapped,True,False,train,46
CC0077,4757,1DV0,A,1,1,1,18,18,GLU,9.04,123.45,17,15.0,16.0,,GLU,mapped,True,False,train,46
CC0077,4757,1DV0,A,1,1,1,19,19,SER,8.83,111.61,18,16.0,17.0,,SER,mapped,True,False,train,46
CC0077,4757,1DV0,A,1,1,1,20,20,LEU,6.82,122.49,19,17.0,18.0,,LEU,mapped,True,False,train,46
CC0077,4757,1DV0,A,1,1,1,21,21,VAL,8.0,119.6,20,18.0,19.0,,VAL,mapped,True,False,train,46
CC0077,4757,1DV0,A,1,1,1,22,22,ILE,8.55,119.05,21,19.0,20.0,,ILE,mapped,True,False,train,46
CC0077,4757,1DV0,A,1,1,1,23,23,GLN,7.27,117.26,22,20.0,21.0,,GLN,mapped,True,False,train,46
CC0077,4757,1DV0,A,1,1,1,24,24,ALA,8.28,121.28,23,21.0,22.0,,ALA,mapped,True,False,train,46
CC0077,4757,1DV0,A,1,1,1,25,25,TYR,8.99,118.63,24,22.0,23.0,,TYR,mapped,True,False,train,46
CC0077,4757,1DV0,A,1,1,1,26,26,PHE,8.05,114.78,25,23.0,24.0,,PHE,mapped,True,False,train,46
CC0077,4757,1DV0,A,1,1,1,27,27,ALA,8.27,124.0,26,24.0,25.0,,ALA,mapped,True,False,train,46
CC0077,4757,1DV0,A,1,1,1,28,28,CYS,7.34,114.23,27,25.0,26.0,,CYS,mapped,True,False,train,46
CC0077,4757,1DV0,A,1,1,1,29,29,GLU,7.62,114.33,28,26.0,27.0,,GLU,mapped,True,False,train,46
CC0077,4757,1DV0,A,1,1,1,30,30,LYS,7.94,109.41,29,27.0,28.0,,LYS,mapped,True,False,train,46
CC0077,4757,1DV0,A,1,1,1,31,31,ASN,6.92,116.98,30,28.0,29.0,,ASN,mapped,True,False,train,46
CC0077,4757,1DV0,A,1,1,1,32,32,GLU,9.0,127.3,31,29.0,30.0,,GLU,mapped,True,False,train,46
CC0077,4757,1DV0,A,1,1,1,33,33,ASN,8.28,117.12,32,30.0,31.0,,ASN,mapped,True,False,train,46
CC0077,4757,1DV0,A,1,1,1,34,34,LEU,7.88,120.7,33,31.0,32.0,,LEU,mapped,True,False,train,46
CC0077,4757,1DV0,A,1,1,1,35,35,ALA,8.59,122.9,34,32.0,33.0,,ALA,mapped,True,False,train,46
CC0077,4757,1DV0,A,1,1,1,36,36,ALA,8.38,120.56,35,33.0,34.0,,ALA,mapped,True,False,train,46
CC0077,4757,1DV0,A,1,1,1,37,37,ASN,7.59,114.92,36,34.0,35.0,,ASN,mapped,True,False,train,46
CC0077,4757,1DV0,A,1,1,1,38,38,PHE,8.38,122.35,37,35.0,36.0,,PHE,mapped,True,False,train,46
CC0077,4757,1DV0,A,1,1,1,39,39,LEU,8.35,121.25,38,36.0,37.0,,LEU,mapped,True,False,train,46
CC0077,4757,1DV0,A,1,1,1,40,40,LEU,8.1,116.43,39,37.0,38.0,,LEU,mapped,True,False,train,46
CC0077,4757,1DV0,A,1,1,1,41,41,SER,7.59,113.13,40,38.0,39.0,,SER,mapped,True,False,train,46
CC0077,4757,1DV0,A,1,1,1,42,42,GLN,7.33,119.73,41,39.0,40.0,,GLN,mapped,True,False,train,46
CC0077,4757,1DV0,A,1,1,1,43,43,ASN,8.04,118.77,42,40.0,41.0,,ASN,mapped,True,False,train,46
CC0077,4757,1DV0,A,1,1,1,44,44,PHE,8.27,121.66,43,41.0,42.0,,PHE,mapped,True,False,train,46
CC0077,4757,1DV0,A,1,1,1,45,45,ASP,8.31,121.39,44,42.0,43.0,,ASP,mapped,True,False,train,46
CC0077,4757,1DV0,A,1,1,1,46,46,ASP,8.2,121.11,45,43.0,44.0,,ASP,mapped,True,False,train,46
CC0077,4757,1DV0,A,1,1,1,47,47,GLU,7.88,125.79,46,44.0,45.0,,GLU,mapped,True,False,train,46
CC0014,4424,1QHK,A,1,1,1,6,6,GLY,8.42,112.56,5,0.0,6.0,,GLY,mapped,True,False,train,47
CC0014,4424,1QHK,A,1,1,1,7,7,ASN,7.88,119.56,6,1.0,7.0,,ASN,mapped,True,False,train,47
CC0014,4424,1QHK,A,1,1,1,8,8,PHE,8.34,119.07,7,2.0,8.0,,PHE,mapped,True,False,train,47
CC0014,4424,1QHK,A,1,1,1,9,9,TYR,9.68,124.58,8,3.0,9.0,,TYR,mapped,True,False,train,47
CC0014,4424,1QHK,A,1,1,1,10,10,ALA,9.4,130.08,9,4.0,10.0,,ALA,mapped,True,False,train,47
CC0014,4424,1QHK,A,1,1,1,11,11,VAL,9.57,126.87,10,5.0,11.0,,VAL,mapped,True,False,train,47
CC0014,4424,1QHK,A,1,1,1,12,12,ARG,8.41,128.51,11,6.0,12.0,,ARG,mapped,True,False,train,47
CC0014,4424,1QHK,A,1,1,1,16,16,GLU,7.09,117.06,15,10.0,16.0,,GLU,mapped,True,False,train,47
CC0014,4424,1QHK,A,1,1,1,18,18,GLY,8.28,108.63,17,12.0,18.0,,GLY,mapped,True,False,train,47
CC0014,4424,1QHK,A,1,1,1,19,19,ILE,8.04,121.26,18,13.0,19.0,,ILE,mapped,True,False,train,47
CC0014,4424,1QHK,A,1,1,1,20,20,TYR,9.46,128.54,19,14.0,20.0,,TYR,mapped,True,False,train,47
CC0014,4424,1QHK,A,1,1,1,21,21,ASN,9.43,121.37,20,15.0,21.0,,ASN,mapped,True,False,train,47
CC0014,4424,1QHK,A,1,1,1,22,22,THR,7.42,107.61,21,16.0,22.0,,THR,mapped,True,False,train,47
CC0014,4424,1QHK,A,1,1,1,23,23,TRP,9.05,125.95,22,17.0,23.0,,TRP,mapped,True,False,train,47
CC0014,4424,1QHK,A,1,1,1,24,24,ASN,8.56,117.83,23,18.0,24.0,,ASN,mapped,True,False,train,47
CC0014,4424,1QHK,A,1,1,1,25,25,GLU,7.22,117.5,24,19.0,25.0,,GLU,mapped,True,False,train,47
CC0014,4424,1QHK,A,1,1,1,26,26,CYS,7.03,120.91,25,20.0,26.0,,CYS,mapped,True,False,train,47
CC0014,4424,1QHK,A,1,1,1,27,27,LYS,8.39,122.0,26,21.0,27.0,,LYS,mapped,True,False,train,47
CC0014,4424,1QHK,A,1,1,1,28,28,ASN,6.93,117.01,27,22.0,28.0,,ASN,mapped,True,False,train,47
CC0014,4424,1QHK,A,1,1,1,29,29,GLN,7.6,115.89,28,23.0,29.0,,GLN,mapped,True,False,train,47
CC0014,4424,1QHK,A,1,1,1,30,30,VAL,7.06,109.31,29,24.0,30.0,,VAL,mapped,True,False,train,47
CC0014,4424,1QHK,A,1,1,1,31,31,ASP,8.61,126.87,30,25.0,31.0,,ASP,mapped,True,False,train,47
CC0014,4424,1QHK,A,1,1,1,32,32,GLY,9.24,117.79,31,26.0,32.0,,GLY,mapped,True,False,train,47
CC0014,4424,1QHK,A,1,1,1,33,33,TYR,7.78,125.02,32,27.0,33.0,,TYR,mapped,True,False,train,47
CC0014,4424,1QHK,A,1,1,1,34,34,GLY,8.52,120.21,33,28.0,34.0,,GLY,mapped,True,False,train,47
CC0014,4424,1QHK,A,1,1,1,35,35,GLY,8.92,115.03,34,29.0,35.0,,GLY,mapped,True,False,train,47
CC0014,4424,1QHK,A,1,1,1,36,36,ALA,7.61,121.38,35,30.0,36.0,,ALA,mapped,True,False,train,47
CC0014,4424,1QHK,A,1,1,1,37,37,ILE,9.02,122.41,36,31.0,37.0,,ILE,mapped,True,False,train,47
CC0014,4424,1QHK,A,1,1,1,38,38,TYR,8.74,127.69,37,32.0,38.0,,TYR,mapped,True,False,train,47
CC0014,4424,1QHK,A,1,1,1,39,39,LYS,8.72,123.09,38,33.0,39.0,,LYS,mapped,True,False,train,47
CC0014,4424,1QHK,A,1,1,1,40,40,LYS,8.07,127.43,39,34.0,40.0,,LYS,mapped,True,False,train,47
CC0014,4424,1QHK,A,1,1,1,41,41,PHE,9.17,124.96,40,35.0,41.0,,PHE,mapped,True,False,train,47
CC0014,4424,1QHK,A,1,1,1,42,42,ASN,9.11,119.5,41,36.0,42.0,,ASN,mapped,True,False,train,47
CC0014,4424,1QHK,A,1,1,1,43,43,SER,7.37,112.89,42,37.0,43.0,,SER,mapped,True,False,train,47
CC0014,4424,1QHK,A,1,1,1,44,44,TYR,8.61,130.0,43,38.0,44.0,,TYR,mapped,True,False,train,47
CC0014,4424,1QHK,A,1,1,1,45,45,GLU,8.68,118.98,44,39.0,45.0,,GLU,mapped,True,False,train,47
CC0014,4424,1QHK,A,1,1,1,46,46,GLN,7.31,119.92,45,40.0,46.0,,GLN,mapped,True,False,train,47
CC0014,4424,1QHK,A,1,1,1,47,47,ALA,6.92,124.75,46,41.0,47.0,,ALA,mapped,True,False,train,47
CC0014,4424,1QHK,A,1,1,1,48,48,LYS,8.17,119.86,47,42.0,48.0,,LYS,mapped,True,False,train,47
CC0014,4424,1QHK,A,1,1,1,49,49,SER,7.76,117.13,48,43.0,49.0,,SER,mapped,True,False,train,47
CC0014,4424,1QHK,A,1,1,1,50,50,PHE,7.42,124.17,49,44.0,50.0,,PHE,mapped,True,False,train,47
CC0014,4424,1QHK,A,1,1,1,51,51,LEU,7.52,118.71,50,45.0,51.0,,LEU,mapped,True,False,train,47
CC0014,4424,1QHK,A,1,1,1,52,52,GLY,7.53,106.66,51,46.0,52.0,,GLY,mapped,True,False,train,47
CC0026,4473,1L6E,A,1,1,1,2,2,MET,8.85,123.7,1,1.0,2.0,,MET,mapped,True,False,train,48
CC0026,4473,1L6E,A,1,1,1,3,3,GLY,8.57,110.79,2,2.0,3.0,,GLY,mapped,True,False,train,48
CC0026,4473,1L6E,A,1,1,1,4,4,HIS,8.42,118.0,3,3.0,4.0,,HIS,mapped,True,False,train,48
CC0026,4473,1L6E,A,1,1,1,5,5,ILE,8.24,122.84,4,4.0,5.0,,ILE,mapped,True,False,train,48
CC0026,4473,1L6E,A,1,1,1,6,6,GLN,8.39,125.31,5,5.0,6.0,,GLN,mapped,True,False,train,48
CC0026,4473,1L6E,A,1,1,1,7,7,ILE,8.31,124.13,6,6.0,7.0,,ILE,mapped,True,False,train,48
CC0026,4473,1L6E,A,1,1,1,10,10,GLY,8.72,108.68,9,9.0,10.0,,GLY,mapped,True,False,train,48
CC0026,4473,1L6E,A,1,1,1,11,11,LEU,7.61,122.05,10,10.0,11.0,,LEU,mapped,True,False,train,48
CC0026,4473,1L6E,A,1,1,1,12,12,THR,8.4,114.52,11,11.0,12.0,,THR,mapped,True,False,train,48
CC0026,4473,1L6E,A,1,1,1,13,13,GLU,8.67,121.33,12,12.0,13.0,,GLU,mapped,True,False,train,48
CC0026,4473,1L6E,A,1,1,1,14,14,LEU,7.93,121.62,13,13.0,14.0,,LEU,mapped,True,False,train,48
CC0026,4473,1L6E,A,1,1,1,15,15,LEU,8.36,116.97,14,14.0,15.0,,LEU,mapped,True,False,train,48
CC0026,4473,1L6E,A,1,1,1,16,16,GLN,8.71,122.27,15,15.0,16.0,,GLN,mapped,True,False,train,48
CC0026,4473,1L6E,A,1,1,1,17,17,GLY,8.02,105.84,16,16.0,17.0,,GLY,mapped,True,False,train,48
CC0026,4473,1L6E,A,1,1,1,18,18,TYR,7.14,120.11,17,17.0,18.0,,TYR,mapped,True,False,train,48
CC0026,4473,1L6E,A,1,1,1,19,19,THR,8.07,115.67,18,18.0,19.0,,THR,mapped,True,False,train,48
CC0026,4473,1L6E,A,1,1,1,20,20,VAL,8.35,118.97,19,19.0,20.0,,VAL,mapped,True,False,train,48
CC0026,4473,1L6E,A,1,1,1,21,21,GLU,7.23,118.5,20,20.0,21.0,,GLU,mapped,True,False,train,48
CC0026,4473,1L6E,A,1,1,1,22,22,VAL,8.29,121.16,21,21.0,22.0,,VAL,mapped,True,False,train,48
CC0026,4473,1L6E,A,1,1,1,23,23,LEU,8.05,119.33,22,22.0,23.0,A,LEU,mapped,True,False,train,48
CC0026,4473,1L6E,A,1,1,1,24,24,ARG,7.73,116.85,23,23.0,24.0,,ARG,mapped,True,False,train,48
CC0026,4473,1L6E,A,1,1,1,25,25,GLN,8.43,114.7,24,24.0,25.0,,GLN,mapped,True,False,train,48
CC0026,4473,1L6E,A,1,1,1,26,26,GLN,8.2,113.59,25,25.0,26.0,,GLN,mapped,True,False,train,48
CC0026,4473,1L6E,A,1,1,1,29,29,ASP,7.59,115.7,28,28.0,29.0,,ASP,mapped,True,False,train,48
CC0026,4473,1L6E,A,1,1,1,30,30,LEU,9.04,126.21,29,29.0,30.0,,LEU,mapped,True,False,train,48
CC0026,4473,1L6E,A,1,1,1,31,31,VAL,8.22,121.48,30,30.0,31.0,,VAL,mapped,True,False,train,48
CC0026,4473,1L6E,A,1,1,1,32,32,ASP,8.59,120.44,31,31.0,32.0,,ASP,mapped,True,False,train,48
CC0026,4473,1L6E,A,1,1,1,33,33,PHE,8.02,116.96,32,32.0,33.0,,PHE,mapped,True,False,train,48
CC0026,4473,1L6E,A,1,1,1,34,34,ALA,8.05,121.08,33,33.0,34.0,,ALA,mapped,True,False,train,48
CC0026,4473,1L6E,A,1,1,1,35,35,VAL,8.11,116.92,34,34.0,35.0,,VAL,mapped,True,False,train,48
CC0026,4473,1L6E,A,1,1,1,36,36,GLU,7.77,120.73,35,35.0,36.0,,GLU,mapped,True,False,train,48
CC0026,4473,1L6E,A,1,1,1,37,37,TYR,9.01,120.69,36,36.0,37.0,,TYR,mapped,True,False,train,48
CC0026,4473,1L6E,A,1,1,1,38,38,PHE,8.68,115.31,37,37.0,38.0,,PHE,mapped,True,False,train,48
CC0026,4473,1L6E,A,1,1,1,39,39,THR,8.01,116.96,38,38.0,39.0,,THR,mapped,True,False,train,48
CC0026,4473,1L6E,A,1,1,1,40,40,ARG,7.79,121.66,39,39.0,40.0,,ARG,mapped,True,False,train,48
CC0026,4473,1L6E,A,1,1,1,41,41,LEU,7.46,119.39,40,40.0,41.0,,LEU,mapped,True,False,train,48
CC0026,4473,1L6E,A,1,1,1,42,42,ARG,7.94,119.36,41,41.0,42.0,,ARG,mapped,True,False,train,48
CC0026,4473,1L6E,A,1,1,1,43,43,GLU,7.97,116.96,42,42.0,43.0,,GLU,mapped,True,False,train,48
CC0026,4473,1L6E,A,1,1,1,44,44,ALA,7.63,120.69,43,43.0,44.0,,ALA,mapped,True,False,train,48
CC0026,4473,1L6E,A,1,1,1,45,45,ARG,7.49,118.11,44,44.0,45.0,,ARG,mapped,True,False,train,48
CC0026,4473,1L6E,A,1,1,1,46,46,ARG,7.8,126.14,45,45.0,46.0,,ARG,mapped,True,False,train,48
CC0047,4588,1ED7,A,1,1,1,15,15,ALA,8.36,125.17,14,0.0,655.0,,ALA,mapped,True,False,train,50
CC0047,4588,1ED7,A,1,1,1,16,16,TRP,8.93,125.36,15,1.0,656.0,,TRP,mapped,True,False,train,50
CC0047,4588,1ED7,A,1,1,1,17,17,GLN,7.59,125.35,16,2.0,657.0,,GLN,mapped,True,False,train,50
CC0047,4588,1ED7,A,1,1,1,18,18,VAL,7.87,119.02,17,3.0,658.0,,VAL,mapped,True,False,train,50
CC0047,4588,1ED7,A,1,1,1,19,19,ASN,7.57,122.94,18,4.0,659.0,,ASN,mapped,True,False,train,50
CC0047,4588,1ED7,A,1,1,1,20,20,THR,8.26,115.05,19,5.0,660.0,,THR,mapped,True,False,train,50
CC0047,4588,1ED7,A,1,1,1,21,21,ALA,8.24,129.51,20,6.0,661.0,,ALA,mapped,True,False,train,50
CC0047,4588,1ED7,A,1,1,1,22,22,TYR,8.72,124.37,21,7.0,662.0,,TYR,mapped,True,False,train,50
CC0047,4588,1ED7,A,1,1,1,23,23,THR,8.74,114.0,22,8.0,663.0,,THR,mapped,True,False,train,50
CC0047,4588,1ED7,A,1,1,1,24,24,ALA,8.3,123.3,23,9.0,664.0,,ALA,mapped,True,False,train,50
CC0047,4588,1ED7,A,1,1,1,25,25,GLY,9.31,111.67,24,10.0,665.0,,GLY,mapped,True,False,train,50
CC0047,4588,1ED7,A,1,1,1,26,26,GLN,7.78,121.11,25,11.0,666.0,,GLN,mapped,True,False,train,50
CC0047,4588,1ED7,A,1,1,1,27,27,LEU,8.66,123.79,26,12.0,667.0,,LEU,mapped,True,False,train,50
CC0047,4588,1ED7,A,1,1,1,28,28,VAL,9.2,114.95,27,13.0,668.0,,VAL,mapped,True,False,train,50
CC0047,4588,1ED7,A,1,1,1,29,29,THR,8.38,112.03,28,14.0,669.0,,THR,mapped,True,False,train,50
CC0047,4588,1ED7,A,1,1,1,30,30,TYR,9.39,122.42,29,15.0,670.0,,TYR,mapped,True,False,train,50
CC0047,4588,1ED7,A,1,1,1,33,33,LYS,7.63,120.52,32,18.0,673.0,,LYS,mapped,True,False,train,50
CC0047,4588,1ED7,A,1,1,1,34,34,THR,8.72,118.17,33,19.0,674.0,,THR,mapped,True,False,train,50
CC0047,4588,1ED7,A,1,1,1,35,35,TYR,9.37,122.42,34,20.0,675.0,,TYR,mapped,True,False,train,50
CC0047,4588,1ED7,A,1,1,1,36,36,LYS,9.35,121.59,35,21.0,676.0,,LYS,mapped,True,False,train,50
CC0047,4588,1ED7,A,1,1,1,37,37,CYS,9.48,129.28,36,22.0,677.0,,CYS,mapped,True,False,train,50
CC0047,4588,1ED7,A,1,1,1,38,38,LEU,8.97,130.58,37,23.0,678.0,,LEU,mapped,True,False,train,50
CC0047,4588,1ED7,A,1,1,1,39,39,GLN,7.02,116.87,38,24.0,679.0,,GLN,mapped,True,False,train,50
CC0047,4588,1ED7,A,1,1,1,41,41,HIS,8.28,117.71,40,26.0,681.0,,HIS,mapped,True,False,train,50
CC0047,4588,1ED7,A,1,1,1,42,42,THR,8.52,116.85,41,27.0,682.0,,THR,mapped,True,False,train,50
CC0047,4588,1ED7,A,1,1,1,43,43,SER,9.45,124.09,42,28.0,683.0,,SER,mapped,True,False,train,50
CC0047,4588,1ED7,A,1,1,1,44,44,LEU,6.79,118.25,43,29.0,684.0,,LEU,mapped,True,False,train,50
CC0047,4588,1ED7,A,1,1,1,45,45,ALA,8.61,124.72,44,30.0,685.0,,ALA,mapped,True,False,train,50
CC0047,4588,1ED7,A,1,1,1,46,46,GLY,9.54,114.78,45,31.0,686.0,,GLY,mapped,True,False,train,50
CC0047,4588,1ED7,A,1,1,1,47,47,TRP,8.46,121.76,46,32.0,687.0,,TRP,mapped,True,False,train,50
CC0047,4588,1ED7,A,1,1,1,48,48,GLU,8.68,120.02,47,33.0,688.0,,GLU,mapped,True,False,train,50
CC0047,4588,1ED7,A,1,1,1,50,50,SER,5.62,102.76,49,35.0,690.0,,SER,mapped,True,False,train,50
CC0047,4588,1ED7,A,1,1,1,51,51,ASN,7.94,117.95,50,36.0,691.0,,ASN,mapped,True,False,train,50
CC0047,4588,1ED7,A,1,1,1,52,52,VAL,6.72,112.8,51,37.0,692.0,,VAL,mapped,True,False,train,50
CC0047,4588,1ED7,A,1,1,1,54,54,ALA,8.1,116.81,53,39.0,694.0,,ALA,mapped,True,False,train,50
CC0047,4588,1ED7,A,1,1,1,55,55,LEU,7.59,113.72,54,40.0,695.0,,LEU,mapped,True,False,train,50
CC0047,4588,1ED7,A,1,1,1,56,56,TRP,7.61,118.4,55,41.0,696.0,,TRP,mapped,True,False,train,50
CC0047,4588,1ED7,A,1,1,1,57,57,GLN,9.53,122.74,56,42.0,697.0,,GLN,mapped,True,False,train,50
CC0047,4588,1ED7,A,1,1,1,58,58,LEU,9.29,135.42,57,43.0,698.0,,LEU,mapped,True,False,train,50
CC0047,4588,1ED7,A,1,1,1,59,59,GLN,8.52,131.69,58,44.0,699.0,,GLN,mapped,True,False,train,50
CC0035,4516,1D5G,A,1,1,1,2,2,LYS,9.07,123.7,1,1.0,2.0,,LYS,mapped,True,False,val,4
CC0035,4516,1D5G,A,1,1,1,4,4,GLY,9.03,113.4,3,3.0,4.0,,GLY,mapped,True,False,val,4
CC0035,4516,1D5G,A,1,1,1,5,5,ASP,8.4,121.6,4,4.0,5.0,,ASP,mapped,True,False,val,4
CC0035,4516,1D5G,A,1,1,1,6,6,ILE,8.37,121.6,5,5.0,6.0,,ILE,mapped,True,False,val,4
CC0035,4516,1D5G,A,1,1,1,7,7,PHE,9.51,125.9,6,6.0,7.0,,PHE,mapped,True,False,val,4
CC0035,4516,1D5G,A,1,1,1,8,8,GLU,8.54,119.4,7,7.0,8.0,,GLU,mapped,True,False,val,4
CC0035,4516,1D5G,A,1,1,1,9,9,VAL,8.57,120.0,8,8.0,9.0,,VAL,mapped,True,False,val,4
CC0035,4516,1D5G,A,1,1,1,10,10,GLU,7.65,126.3,9,9.0,10.0,,GLU,mapped,True,False,val,4
CC0035,4516,1D5G,A,1,1,1,11,11,LEU,8.78,125.9,10,10.0,11.0,,LEU,mapped,True,False,val,4
CC0035,4516,1D5G,A,1,1,1,12,12,ALA,8.47,126.3,11,11.0,12.0,,ALA,mapped,True,False,val,4
CC0035,4516,1D5G,A,1,1,1,13,13,LYS,8.57,120.0,12,12.0,13.0,,LYS,mapped,True,False,val,4
CC0035,4516,1D5G,A,1,1,1,14,14,ASN,8.05,117.5,13,13.0,14.0,,ASN,mapped,True,False,val,4
CC0035,4516,1D5G,A,1,1,1,15,15,ASP,9.32,126.9,14,14.0,15.0,,ASP,mapped,True,False,val,4
CC0035,4516,1D5G,A,1,1,1,16,16,ASN,9.06,110.0,15,15.0,16.0,,ASN,mapped,True,False,val,4
CC0035,4516,1D5G,A,1,1,1,17,17,SER,7.97,113.1,16,16.0,17.0,,SER,mapped,True,False,val,4
CC0035,4516,1D5G,A,1,1,1,19,19,GLY,9.3,107.2,18,18.0,19.0,,GLY,mapped,True,False,val,4
CC0035,4516,1D5G,A,1,1,1,20,20,ILE,7.84,117.5,19,19.0,20.0,,ILE,mapped,True,False,val,4
CC0035,4516,1D5G,A,1,1,1,21,21,SER,8.82,117.8,20,20.0,21.0,,SER,mapped,True,False,val,4
CC0035,4516,1D5G,A,1,1,1,22,22,VAL,9.36,116.3,21,21.0,22.0,,VAL,mapped,True,False,val,4
CC0035,4516,1D5G,A,1,1,1,23,23,THR,9.18,115.6,22,22.0,23.0,,THR,mapped,True,False,val,4
CC0035,4516,1D5G,A,1,1,1,24,24,GLY,8.84,111.5,23,23.0,24.0,,GLY,mapped,True,False,val,4
CC0035,4516,1D5G,A,1,1,1,25,25,GLY,6.76,105.0,24,24.0,25.0,,GLY,mapped,True,False,val,4
CC0035,4516,1D5G,A,1,1,1,26,26,VAL,8.5,116.9,25,25.0,26.0,,VAL,mapped,True,False,val,4
CC0035,4516,1D5G,A,1,1,1,27,27,ASN,9.1,116.3,26,26.0,27.0,,ASN,mapped,True,False,val,4
CC0035,4516,1D5G,A,1,1,1,28,28,THR,7.66,111.6,27,27.0,28.0,,THR,mapped,True,False,val,4
CC0035,4516,1D5G,A,1,1,1,29,29,SER,8.67,113.7,28,28.0,29.0,,SER,mapped,True,False,val,4
CC0035,4516,1D5G,A,1,1,1,30,30,VAL,7.58,118.7,29,29.0,30.0,,VAL,mapped,True,False,val,4
CC0035,4516,1D5G,A,1,1,1,31,31,ARG,8.61,125.9,30,30.0,31.0,,ARG,mapped,True,False,val,4
CC0035,4516,1D5G,A,1,1,1,33,33,GLY,8.51,109.1,32,32.0,33.0,,GLY,mapped,True,False,val,4
CC0035,4516,1D5G,A,1,1,1,34,34,GLY,7.66,104.7,33,33.0,34.0,,GLY,mapped,True,False,val,4
CC0035,4516,1D5G,A,1,1,1,35,35,ILE,8.35,118.7,34,34.0,35.0,,ILE,mapped,True,False,val,4
CC0035,4516,1D5G,A,1,1,1,36,36,TYR,9.1,123.5,35,35.0,36.0,,TYR,mapped,True,False,val,4
CC0035,4516,1D5G,A,1,1,1,37,37,VAL,9.12,120.0,36,36.0,37.0,,VAL,mapped,True,False,val,4
CC0035,4516,1D5G,A,1,1,1,38,38,LYS,9.62,135.6,37,37.0,38.0,,LYS,mapped,True,False,val,4
CC0035,4516,1D5G,A,1,1,1,39,39,ALA,7.51,117.2,38,38.0,39.0,,ALA,mapped,True,False,val,4
CC0035,4516,1D5G,A,1,1,1,40,40,VAL,8.73,120.9,39,39.0,40.0,,VAL,mapped,True,False,val,4
CC0035,4516,1D5G,A,1,1,1,41,41,ILE,7.77,129.4,40,40.0,41.0,,ILE,mapped,True,False,val,4
CC0035,4516,1D5G,A,1,1,1,43,43,GLN,9.34,116.8,42,42.0,43.0,,GLN,mapped,True,False,val,4
CC0035,4516,1D5G,A,1,1,1,44,44,GLY,7.7,105.9,43,43.0,44.0,,GLY,mapped,True,False,val,4
CC0035,4516,1D5G,A,1,1,1,45,45,ALA,9.09,121.6,44,44.0,45.0,,ALA,mapped,True,False,val,4
CC0035,4516,1D5G,A,1,1,1,46,46,ALA,8.02,120.0,45,45.0,46.0,,ALA,mapped,True,False,val,4
CC0035,4516,1D5G,A,1,1,1,47,47,GLU,9.61,125.0,46,46.0,47.0,,GLU,mapped,True,False,val,4
CC0035,4516,1D5G,A,1,1,1,48,48,SER,7.95,113.7,47,47.0,48.0,,SER,mapped,True,False,val,4
CC0035,4516,1D5G,A,1,1,1,49,49,ASP,7.65,120.0,48,48.0,49.0,,ASP,mapped,True,False,val,4
CC0035,4516,1D5G,A,1,1,1,50,50,GLY,7.37,103.1,49,49.0,50.0,,GLY,mapped,True,False,val,4
CC0035,4516,1D5G,A,1,1,1,51,51,ARG,7.95,117.4,50,50.0,51.0,,ARG,mapped,True,False,val,4
CC0035,4516,1D5G,A,1,1,1,52,52,ILE,8.37,120.9,51,51.0,52.0,,ILE,mapped,True,False,val,4
CC0035,4516,1D5G,A,1,1,1,53,53,HIS,9.09,123.4,52,52.0,53.0,,HIS,mapped,True,False,val,4
CC0035,4516,1D5G,A,1,1,1,54,54,LYS,8.65,120.6,53,53.0,54.0,,LYS,mapped,True,False,val,4
CC0035,4516,1D5G,A,1,1,1,55,55,GLY,9.29,115.0,54,54.0,55.0,,GLY,mapped,True,False,val,4
CC0035,4516,1D5G,A,1,1,1,56,56,ASP,8.02,121.9,55,55.0,56.0,,ASP,mapped,True,False,val,4
CC0035,4516,1D5G,A,1,1,1,57,57,ARG,8.97,122.8,56,56.0,57.0,,ARG,mapped,True,False,val,4
CC0035,4516,1D5G,A,1,1,1,58,58,VAL,8.94,126.5,57,57.0,58.0,,VAL,mapped,True,False,val,4
CC0035,4516,1D5G,A,1,1,1,59,59,LEU,9.25,127.2,58,58.0,59.0,,LEU,mapped,True,False,val,4
CC0035,4516,1D5G,A,1,1,1,60,60,ALA,7.69,118.7,59,59.0,60.0,,ALA,mapped,True,False,val,4
CC0035,4516,1D5G,A,1,1,1,61,61,VAL,8.35,119.7,60,60.0,61.0,,VAL,mapped,True,False,val,4
CC0035,4516,1D5G,A,1,1,1,62,62,ASN,10.33,129.1,61,61.0,62.0,,ASN,mapped,True,False,val,4
CC0035,4516,1D5G,A,1,1,1,63,63,GLY,9.04,103.4,62,62.0,63.0,,GLY,mapped,True,False,val,4
CC0035,4516,1D5G,A,1,1,1,64,64,VAL,8.01,123.7,63,63.0,64.0,,VAL,mapped,True,False,val,4
CC0035,4516,1D5G,A,1,1,1,65,65,SER,8.68,120.9,64,64.0,65.0,,SER,mapped,True,False,val,4
CC0035,4516,1D5G,A,1,1,1,67,67,GLU,8.23,122.8,66,66.0,67.0,,GLU,mapped,True,False,val,4
CC0035,4516,1D5G,A,1,1,1,68,68,GLY,9.17,116.0,67,67.0,68.0,,GLY,mapped,True,False,val,4
CC0035,4516,1D5G,A,1,1,1,69,69,ALA,7.94,122.5,68,68.0,69.0,,ALA,mapped,True,False,val,4
CC0035,4516,1D5G,A,1,1,1,70,70,THR,8.33,112.5,69,69.0,70.0,,THR,mapped,True,False,val,4
CC0035,4516,1D5G,A,1,1,1,71,71,HIS,9.18,121.3,70,70.0,71.0,,HIS,mapped,True,False,val,4
CC0035,4516,1D5G,A,1,1,1,72,72,LYS,8.77,115.6,71,71.0,72.0,,LYS,mapped,True,False,val,4
CC0035,4516,1D5G,A,1,1,1,73,73,GLN,7.59,117.2,72,72.0,73.0,,GLN,mapped,True,False,val,4
CC0035,4516,1D5G,A,1,1,1,74,74,ALA,8.54,123.1,73,73.0,74.0,,ALA,mapped,True,False,val,4
CC0035,4516,1D5G,A,1,1,1,75,75,VAL,8.3,118.4,74,74.0,75.0,,VAL,mapped,True,False,val,4
CC0035,4516,1D5G,A,1,1,1,76,76,GLU,8.23,119.4,75,75.0,76.0,,GLU,mapped,True,False,val,4
CC0035,4516,1D5G,A,1,1,1,77,77,THR,7.98,116.3,76,76.0,77.0,,THR,mapped,True,False,val,4
CC0035,4516,1D5G,A,1,1,1,78,78,LEU,8.02,119.9,77,77.0,78.0,,LEU,mapped,True,False,val,4
CC0035,4516,1D5G,A,1,1,1,79,79,ARG,8.56,118.7,78,78.0,79.0,,ARG,mapped,True,False,val,4
CC0035,4516,1D5G,A,1,1,1,80,80,ASN,8.01,120.6,79,79.0,80.0,,ASN,mapped,True,False,val,4
CC0035,4516,1D5G,A,1,1,1,81,81,THR,7.55,110.3,80,80.0,81.0,,THR,mapped,True,False,val,4
CC0035,4516,1D5G,A,1,1,1,82,82,GLY,8.36,109.3,81,81.0,82.0,,GLY,mapped,True,False,val,4
CC0035,4516,1D5G,A,1,1,1,83,83,GLN,8.16,116.2,82,82.0,83.0,,GLN,mapped,True,False,val,4
CC0035,4516,1D5G,A,1,1,1,84,84,VAL,7.72,116.2,83,83.0,84.0,,VAL,mapped,True,False,val,4
CC0035,4516,1D5G,A,1,1,1,85,85,VAL,9.01,128.4,84,84.0,85.0,,VAL,mapped,True,False,val,4
CC0035,4516,1D5G,A,1,1,1,86,86,HIS,8.74,126.7,85,85.0,86.0,,HIS,mapped,True,False,val,4
CC0035,4516,1D5G,A,1,1,1,87,87,LEU,9.02,126.6,86,86.0,87.0,,LEU,mapped,True,False,val,4
CC0035,4516,1D5G,A,1,1,1,88,88,LEU,7.96,124.7,87,87.0,88.0,,LEU,mapped,True,False,val,4
CC0035,4516,1D5G,A,1,1,1,89,89,LEU,8.93,127.5,88,88.0,89.0,,LEU,mapped,True,False,val,4
CC0035,4516,1D5G,A,1,1,1,90,90,GLU,8.84,119.1,89,89.0,90.0,,GLU,mapped,True,False,val,4
CC0035,4516,1D5G,A,1,1,1,91,91,LYS,9.35,129.1,90,90.0,91.0,,LYS,mapped,True,False,val,4
CC0035,4516,1D5G,A,1,1,1,92,92,GLY,9.63,117.5,91,91.0,92.0,,GLY,mapped,True,False,val,4
CC0035,4516,1D5G,A,1,1,1,93,93,GLN,8.29,116.9,92,92.0,93.0,,GLN,mapped,True,False,val,4
CC0035,4516,1D5G,A,1,1,1,94,94,SER,8.41,118.4,93,93.0,94.0,,SER,mapped,True,False,val,4
CC0035,4516,1D5G,A,1,1,1,96,96,THR,7.75,119.1,95,95.0,96.0,,THR,mapped,True,False,val,4
CC0032,4496,1OM2,A,1,1,1,2,2,ALA,8.79,127.1,1,1.0,2.0,,ALA,mapped,True,False,val,7
CC0032,4496,1OM2,A,1,1,1,3,3,GLY,8.45,108.8,2,2.0,3.0,,GLY,mapped,True,False,val,7
CC0032,4496,1OM2,A,1,1,1,4,4,LEU,8.12,121.6,3,3.0,4.0,,LEU,mapped,True,False,val,7
CC0032,4496,1OM2,A,1,1,1,5,5,SER,8.36,117.1,4,4.0,5.0,,SER,mapped,True,False,val,7
CC0032,4496,1OM2,A,1,1,1,6,6,LYS,8.23,122.8,5,5.0,6.0,,LYS,mapped,True,False,val,7
CC0032,4496,1OM2,A,1,1,1,7,7,LEU,7.63,121.2,6,6.0,7.0,,LEU,mapped,True,False,val,7
CC0032,4496,1OM2,A,1,1,1,9,9,ASP,8.12,118.5,8,8.0,9.0,,ASP,mapped,True,False,val,7
CC0032,4496,1OM2,A,1,1,1,10,10,LEU,8.03,124.8,9,9.0,10.0,,LEU,mapped,True,False,val,7
CC0032,4496,1OM2,A,1,1,1,11,11,LYS,8.21,117.8,10,10.0,11.0,,LYS,mapped,True,False,val,7
CC0032,4496,1OM2,A,1,1,1,12,12,ASP,7.73,119.5,11,11.0,12.0,,ASP,mapped,True,False,val,7
CC0032,4496,1OM2,A,1,1,1,13,13,ALA,8.35,125.0,12,12.0,13.0,,ALA,mapped,True,False,val,7
CC0032,4496,1OM2,A,1,1,1,14,14,GLU,8.31,118.3,13,13.0,14.0,,GLU,mapped,True,False,val,7
CC0032,4496,1OM2,A,1,1,1,15,15,ALA,7.91,123.3,14,14.0,15.0,,ALA,mapped,True,False,val,7
CC0032,4496,1OM2,A,1,1,1,16,16,VAL,8.35,119.5,15,15.0,16.0,,VAL,mapped,True,False,val,7
CC0032,4496,1OM2,A,1,1,1,17,17,GLN,8.07,119.6,16,16.0,17.0,,GLN,mapped,True,False,val,7
CC0032,4496,1OM2,A,1,1,1,18,18,LYS,7.99,118.4,17,17.0,18.0,,LYS,mapped,True,False,val,7
CC0032,4496,1OM2,A,1,1,1,19,19,PHE,8.02,120.1,18,18.0,19.0,,PHE,mapped,True,False,val,7
CC0032,4496,1OM2,A,1,1,1,20,20,PHE,9.07,119.0,19,19.0,20.0,,PHE,mapped,True,False,val,7
CC0032,4496,1OM2,A,1,1,1,21,21,LEU,8.07,116.9,20,20.0,21.0,,LEU,mapped,True,False,val,7
CC0032,4496,1OM2,A,1,1,1,22,22,GLU,8.15,119.5,21,21.0,22.0,,GLU,mapped,True,False,val,7
CC0032,4496,1OM2,A,1,1,1,23,23,GLU,8.38,119.0,22,22.0,23.0,,GLU,mapped,True,False,val,7
CC0032,4496,1OM2,A,1,1,1,24,24,ILE,8.05,119.1,23,23.0,24.0,,ILE,mapped,True,False,val,7
CC0032,4496,1OM2,A,1,1,1,25,25,GLN,7.59,120.3,24,24.0,25.0,,GLN,mapped,True,False,val,7
CC0032,4496,1OM2,A,1,1,1,26,26,LEU,8.19,120.3,25,25.0,26.0,,LEU,mapped,True,False,val,7
CC0032,4496,1OM2,A,1,1,1,27,27,GLY,8.5,105.1,26,26.0,27.0,,GLY,mapped,True,False,val,7
CC0032,4496,1OM2,A,1,1,1,28,28,GLU,8.29,118.8,27,27.0,28.0,,GLU,mapped,True,False,val,7
CC0032,4496,1OM2,A,1,1,1,29,29,GLU,8.31,121.2,28,28.0,29.0,,GLU,mapped,True,False,val,7
CC0032,4496,1OM2,A,1,1,1,30,30,LEU,8.34,120.3,29,29.0,30.0,,LEU,mapped,True,False,val,7
CC0032,4496,1OM2,A,1,1,1,31,31,LEU,8.26,119.4,30,30.0,31.0,,LEU,mapped,True,False,val,7
CC0032,4496,1OM2,A,1,1,1,32,32,ALA,7.95,122.2,31,31.0,32.0,,ALA,mapped,True,False,val,7
CC0032,4496,1OM2,A,1,1,1,33,33,GLN,7.38,114.4,32,32.0,33.0,,GLN,mapped,True,False,val,7
CC0032,4496,1OM2,A,1,1,1,34,34,GLY,7.76,107.3,33,33.0,34.0,,GLY,mapped,True,False,val,7
CC0032,4496,1OM2,A,1,1,1,35,35,ASP,8.0,122.6,34,34.0,35.0,,ASP,mapped,True,False,val,7
CC0032,4496,1OM2,A,1,1,1,36,36,TYR,7.29,120.4,35,35.0,36.0,,TYR,mapped,True,False,val,7
CC0032,4496,1OM2,A,1,1,1,37,37,GLU,8.66,118.7,36,36.0,37.0,,GLU,mapped,True,False,val,7
CC0032,4496,1OM2,A,1,1,1,38,38,LYS,7.87,117.0,37,37.0,38.0,,LYS,mapped,True,False,val,7
CC0032,4496,1OM2,A,1,1,1,39,39,GLY,8.47,107.3,38,38.0,39.0,,GLY,mapped,True,False,val,7
CC0032,4496,1OM2,A,1,1,1,40,40,VAL,8.6,119.5,39,39.0,40.0,,VAL,mapped,True,False,val,7
CC0032,4496,1OM2,A,1,1,1,41,41,ASP,7.85,123.8,40,40.0,41.0,,ASP,mapped,True,False,val,7
CC0032,4496,1OM2,A,1,1,1,42,42,HIS,7.42,115.9,41,41.0,42.0,,HIS,mapped,True,False,val,7
CC0032,4496,1OM2,A,1,1,1,43,43,LEU,8.17,118.0,42,42.0,43.0,,LEU,mapped,True,False,val,7
CC0032,4496,1OM2,A,1,1,1,44,44,THR,8.36,114.2,43,43.0,44.0,,THR,mapped,True,False,val,7
CC0032,4496,1OM2,A,1,1,1,45,45,ASN,7.29,120.4,44,44.0,45.0,,ASN,mapped,True,False,val,7
CC0032,4496,1OM2,A,1,1,1,46,46,ALA,7.51,119.3,45,45.0,46.0,,ALA,mapped,True,False,val,7
CC0032,4496,1OM2,A,1,1,1,47,47,ILE,8.28,117.1,46,46.0,47.0,,ILE,mapped,True,False,val,7
CC0032,4496,1OM2,A,1,1,1,48,48,ALA,8.13,118.8,47,47.0,48.0,,ALA,mapped,True,False,val,7
CC0032,4496,1OM2,A,1,1,1,49,49,VAL,7.16,104.2,48,48.0,49.0,,VAL,mapped,True,False,val,7
CC0032,4496,1OM2,A,1,1,1,50,50,CYS,7.46,120.7,49,49.0,50.0,,CYS,mapped,True,False,val,7
CC0032,4496,1OM2,A,1,1,1,51,51,GLY,8.73,113.6,50,50.0,51.0,,GLY,mapped,True,False,val,7
CC0032,4496,1OM2,A,1,1,1,52,52,GLN,7.69,118.5,51,51.0,52.0,,GLN,mapped,True,False,val,7
CC0032,4496,1OM2,A,1,1,1,54,54,GLN,8.81,117.7,53,53.0,54.0,,GLN,mapped,True,False,val,7
CC0032,4496,1OM2,A,1,1,1,55,55,GLN,7.8,118.5,54,54.0,55.0,,GLN,mapped,True,False,val,7
CC0032,4496,1OM2,A,1,1,1,56,56,LEU,7.79,119.5,55,55.0,56.0,,LEU,mapped,True,False,val,7
CC0032,4496,1OM2,A,1,1,1,57,57,LEU,8.63,119.3,56,56.0,57.0,,LEU,mapped,True,False,val,7
CC0032,4496,1OM2,A,1,1,1,58,58,GLN,7.82,117.8,57,57.0,58.0,,GLN,mapped,True,False,val,7
CC0032,4496,1OM2,A,1,1,1,59,59,VAL,7.62,118.9,58,58.0,59.0,,VAL,mapped,True,False,val,7
CC0032,4496,1OM2,A,1,1,1,60,60,LEU,8.59,121.6,59,59.0,60.0,,LEU,mapped,True,False,val,7
CC0032,4496,1OM2,A,1,1,1,61,61,GLN,8.41,120.9,60,60.0,61.0,,GLN,mapped,True,False,val,7
CC0032,4496,1OM2,A,1,1,1,62,62,GLN,7.21,113.0,61,61.0,62.0,,GLN,mapped,True,False,val,7
CC0032,4496,1OM2,A,1,1,1,63,63,THR,7.46,107.1,62,62.0,63.0,,THR,mapped,True,False,val,7
CC0032,4496,1OM2,A,1,1,1,64,64,LEU,8.02,122.2,63,63.0,64.0,,LEU,mapped,True,False,val,7
CC0032,4496,1OM2,A,1,1,1,68,68,VAL,7.23,117.2,67,67.0,68.0,,VAL,mapped,True,False,val,7
CC0032,4496,1OM2,A,1,1,1,69,69,PHE,8.06,121.7,68,68.0,69.0,,PHE,mapped,True,False,val,7
CC0032,4496,1OM2,A,1,1,1,70,70,GLN,8.31,115.6,69,69.0,70.0,,GLN,mapped,True,False,val,7
CC0032,4496,1OM2,A,1,1,1,71,71,MET,7.34,118.9,70,70.0,71.0,,MET,mapped,True,False,val,7
CC0032,4496,1OM2,A,1,1,1,72,72,LEU,7.9,121.6,71,71.0,72.0,,LEU,mapped,True,False,val,7
CC0032,4496,1OM2,A,1,1,1,73,73,LEU,7.87,117.0,72,72.0,73.0,,LEU,mapped,True,False,val,7
CC0032,4496,1OM2,A,1,1,1,74,74,THR,7.55,109.5,73,73.0,74.0,,THR,mapped,True,False,val,7
CC0032,4496,1OM2,A,1,1,1,75,75,LYS,7.52,119.1,74,74.0,75.0,,LYS,mapped,True,False,val,7
CC0032,4496,1OM2,A,1,1,1,76,76,LEU,8.07,123.7,75,75.0,76.0,,LEU,mapped,True,False,val,7
CC0032,4496,1OM2,A,1,1,1,78,78,THR,7.7,107.8,77,77.0,78.0,,THR,mapped,True,False,val,7
CC0032,4496,1OM2,A,1,1,1,79,79,ILE,7.81,121.7,78,78.0,79.0,,ILE,mapped,True,False,val,7
CC0032,4496,1OM2,A,1,1,1,80,80,SER,8.05,115.4,79,79.0,80.0,,SER,mapped,True,False,val,7
CC0032,4496,1OM2,A,1,1,1,81,81,GLN,7.89,119.8,80,80.0,81.0,,GLN,mapped,True,False,val,7
CC0032,4496,1OM2,A,1,1,1,82,82,ARG,7.97,119.8,81,81.0,82.0,,ARG,mapped,True,False,val,7
CC0032,4496,1OM2,A,1,1,1,83,83,ILE,7.87,119.5,82,82.0,83.0,,ILE,mapped,True,False,val,7
CC0032,4496,1OM2,A,1,1,1,84,84,VAL,7.95,121.1,83,83.0,84.0,,VAL,mapped,True,False,val,7
CC0032,4496,1OM2,A,1,1,1,85,85,SER,8.16,117.6,84,84.0,85.0,,SER,mapped,True,False,val,7
CC0032,4496,1OM2,A,1,1,1,86,86,ALA,8.12,125.0,85,85.0,86.0,,ALA,mapped,True,False,val,7
CC0032,4496,1OM2,A,1,1,1,87,87,GLN,8.12,117.8,86,86.0,87.0,,GLN,mapped,True,False,val,7
CC0032,4496,1OM2,A,1,1,1,88,88,SER,8.1,116.0,87,87.0,88.0,,SER,mapped,True,False,val,7
CC0032,4496,1OM2,A,1,1,1,89,89,LEU,8.17,123.6,88,88.0,89.0,,LEU,mapped,True,False,val,7
CC0032,4496,1OM2,A,1,1,1,90,90,GLY,8.34,109.2,89,89.0,90.0,,GLY,mapped,True,False,val,7
CC0032,4496,1OM2,A,1,1,1,91,91,GLU,8.19,120.0,90,90.0,91.0,,GLU,mapped,True,False,val,7
CC0032,4496,1OM2,A,1,1,1,92,92,ASP,8.38,120.3,91,91.0,92.0,,ASP,mapped,True,False,val,7
CC0032,4496,1OM2,A,1,1,1,93,93,ASP,8.23,120.2,92,92.0,93.0,,ASP,mapped,True,False,val,7
CC0032,4496,1OM2,A,1,1,1,94,94,VAL,7.96,119.9,93,93.0,94.0,,VAL,mapped,True,False,val,7
CC0032,4496,1OM2,A,1,1,1,95,95,GLU,7.96,128.7,94,94.0,95.0,,GLU,mapped,True,False,val,7
CC0048,4589,1EHX,A,1,1,1,2,2,GLN,8.04,120.05,1,1.0,2.0,,GLN,mapped,True,False,val,10
CC0048,4589,1EHX,A,1,1,1,3,3,ASP,7.19,115.81,2,2.0,3.0,,ASP,mapped,True,False,val,10
CC0048,4589,1EHX,A,1,1,1,5,5,THR,8.05,110.17,4,4.0,5.0,,THR,mapped,True,False,val,10
CC0048,4589,1EHX,A,1,1,1,6,6,ILE,7.92,112.11,5,5.0,6.0,,ILE,mapped,True,False,val,10
CC0048,4589,1EHX,A,1,1,1,7,7,ASN,7.99,117.64,6,6.0,7.0,,ASN,mapped,True,False,val,10
CC0048,4589,1EHX,A,1,1,1,9,9,THR,8.27,103.05,8,8.0,9.0,,THR,mapped,True,False,val,10
CC0048,4589,1EHX,A,1,1,1,10,10,SER,7.52,118.11,9,9.0,10.0,,SER,mapped,True,False,val,10
CC0048,4589,1EHX,A,1,1,1,11,11,ILE,8.63,117.37,10,10.0,11.0,,ILE,mapped,True,False,val,10
CC0048,4589,1EHX,A,1,1,1,12,12,SER,8.5,117.14,11,11.0,12.0,,SER,mapped,True,False,val,10
CC0048,4589,1EHX,A,1,1,1,13,13,ALA,7.79,122.98,12,12.0,13.0,,ALA,mapped,True,False,val,10
CC0048,4589,1EHX,A,1,1,1,14,14,LYS,8.87,132.72,13,13.0,14.0,,LYS,mapped,True,False,val,10
CC0048,4589,1EHX,A,1,1,1,15,15,ALA,8.14,125.49,14,14.0,15.0,,ALA,mapped,True,False,val,10
CC0048,4589,1EHX,A,1,1,1,16,16,GLY,8.97,111.31,15,15.0,16.0,,GLY,mapped,True,False,val,10
CC0048,4589,1EHX,A,1,1,1,17,17,SER,8.39,115.76,16,16.0,17.0,,SER,mapped,True,False,val,10
CC0048,4589,1EHX,A,1,1,1,18,18,PHE,9.62,124.35,17,17.0,18.0,,PHE,mapped,True,False,val,10
CC0048,4589,1EHX,A,1,1,1,19,19,ALA,8.52,125.03,18,18.0,19.0,,ALA,mapped,True,False,val,10
CC0048,4589,1EHX,A,1,1,1,20,20,ASP,8.61,122.76,19,19.0,20.0,,ASP,mapped,True,False,val,10
CC0048,4589,1EHX,A,1,1,1,21,21,THR,9.05,123.0,20,20.0,21.0,,THR,mapped,True,False,val,10
CC0048,4589,1EHX,A,1,1,1,22,22,LYS,8.94,131.16,21,21.0,22.0,,LYS,mapped,True,False,val,10
CC0048,4589,1EHX,A,1,1,1,23,23,ILE,9.48,128.3,22,22.0,23.0,,ILE,mapped,True,False,val,10
CC0048,4589,1EHX,A,1,1,1,24,24,THR,9.16,124.43,23,23.0,24.0,,THR,mapped,True,False,val,10
CC0048,4589,1EHX,A,1,1,1,25,25,LEU,8.37,127.4,24,24.0,25.0,,LEU,mapped,True,False,val,10
CC0048,4589,1EHX,A,1,1,1,26,26,THR,8.73,120.65,25,25.0,26.0,,THR,mapped,True,False,val,10
CC0048,4589,1EHX,A,1,1,1,28,28,ASN,8.86,116.44,27,27.0,28.0,,ASN,mapped,True,False,val,10
CC0048,4589,1EHX,A,1,1,1,29,29,GLY,8.2,102.66,28,28.0,29.0,,GLY,mapped,True,False,val,10
CC0048,4589,1EHX,A,1,1,1,30,30,ASN,7.4,119.28,29,29.0,30.0,,ASN,mapped,True,False,val,10
CC0048,4589,1EHX,A,1,1,1,31,31,THR,9.11,121.05,30,30.0,31.0,,THR,mapped,True,False,val,10
CC0048,4589,1EHX,A,1,1,1,32,32,PHE,8.88,127.09,31,31.0,32.0,,PHE,mapped,True,False,val,10
CC0048,4589,1EHX,A,1,1,1,33,33,ASN,8.92,127.72,32,32.0,33.0,,ASN,mapped,True,False,val,10
CC0048,4589,1EHX,A,1,1,1,34,34,GLY,5.37,104.26,33,33.0,34.0,,GLY,mapped,True,False,val,10
CC0048,4589,1EHX,A,1,1,1,35,35,ILE,6.73,118.61,34,34.0,35.0,,ILE,mapped,True,False,val,10
CC0048,4589,1EHX,A,1,1,1,36,36,SER,8.25,123.77,35,35.0,36.0,,SER,mapped,True,False,val,10
CC0048,4589,1EHX,A,1,1,1,37,37,GLU,9.26,117.4,36,36.0,37.0,,GLU,mapped,True,False,val,10
CC0048,4589,1EHX,A,1,1,1,38,38,LEU,7.03,116.98,37,37.0,38.0,,LEU,mapped,True,False,val,10
CC0048,4589,1EHX,A,1,1,1,39,39,GLN,8.32,119.54,38,38.0,39.0,,GLN,mapped,True,False,val,10
CC0048,4589,1EHX,A,1,1,1,40,40,SER,8.87,117.78,39,39.0,40.0,,SER,mapped,True,False,val,10
CC0048,4589,1EHX,A,1,1,1,41,41,SER,7.33,111.39,40,40.0,41.0,,SER,mapped,True,False,val,10
CC0048,4589,1EHX,A,1,1,1,42,42,GLN,7.96,121.05,41,41.0,42.0,,GLN,mapped,True,False,val,10
CC0048,4589,1EHX,A,1,1,1,43,43,TYR,7.43,114.01,42,42.0,43.0,,TYR,mapped,True,False,val,10
CC0048,4589,1EHX,A,1,1,1,44,44,THR,9.03,113.39,43,43.0,44.0,,THR,mapped,True,False,val,10
CC0048,4589,1EHX,A,1,1,1,45,45,LYS,8.86,124.59,44,44.0,45.0,,LYS,mapped,True,False,val,10
CC0048,4589,1EHX,A,1,1,1,46,46,GLY,8.36,115.41,45,45.0,46.0,,GLY,mapped,True,False,val,10
CC0048,4589,1EHX,A,1,1,1,47,47,THR,8.99,120.93,46,46.0,47.0,,THR,mapped,True,False,val,10
CC0048,4589,1EHX,A,1,1,1,48,48,ASN,9.16,123.7,47,47.0,48.0,,ASN,mapped,True,False,val,10
CC0048,4589,1EHX,A,1,1,1,49,49,GLU,7.24,115.29,48,48.0,49.0,,GLU,mapped,True,False,val,10
CC0048,4589,1EHX,A,1,1,1,50,50,VAL,8.92,119.44,49,49.0,50.0,,VAL,mapped,True,False,val,10
CC0048,4589,1EHX,A,1,1,1,51,51,THR,8.86,120.76,50,50.0,51.0,,THR,mapped,True,False,val,10
CC0048,4589,1EHX,A,1,1,1,52,52,LEU,9.31,128.71,51,51.0,52.0,,LEU,mapped,True,False,val,10
CC0048,4589,1EHX,A,1,1,1,53,53,LEU,7.54,124.64,52,52.0,53.0,,LEU,mapped,True,False,val,10
CC0048,4589,1EHX,A,1,1,1,54,54,ALA,10.35,130.99,53,53.0,54.0,,ALA,mapped,True,False,val,10
CC0048,4589,1EHX,A,1,1,1,55,55,SER,8.41,110.91,54,54.0,55.0,,SER,mapped,True,False,val,10
CC0048,4589,1EHX,A,1,1,1,56,56,TYR,7.26,121.98,55,55.0,56.0,,TYR,mapped,True,False,val,10
CC0048,4589,1EHX,A,1,1,1,57,57,LEU,8.4,123.75,56,56.0,57.0,,LEU,mapped,True,False,val,10
CC0048,4589,1EHX,A,1,1,1,58,58,ASN,8.79,113.97,57,57.0,58.0,,ASN,mapped,True,False,val,10
CC0048,4589,1EHX,A,1,1,1,59,59,THR,7.82,111.59,58,58.0,59.0,,THR,mapped,True,False,val,10
CC0048,4589,1EHX,A,1,1,1,60,60,LEU,7.01,124.95,59,59.0,60.0,,LEU,mapped,True,False,val,10
CC0048,4589,1EHX,A,1,1,1,62,62,GLU,8.49,118.49,61,61.0,62.0,,GLU,mapped,True,False,val,10
CC0048,4589,1EHX,A,1,1,1,63,63,ASN,7.59,114.19,62,62.0,63.0,,ASN,mapped,True,False,val,10
CC0048,4589,1EHX,A,1,1,1,64,64,THR,7.52,115.46,63,63.0,64.0,,THR,mapped,True,False,val,10
CC0048,4589,1EHX,A,1,1,1,65,65,THR,8.34,117.54,64,64.0,65.0,,THR,mapped,True,False,val,10
CC0048,4589,1EHX,A,1,1,1,66,66,LYS,9.42,129.05,65,65.0,66.0,,LYS,mapped,True,False,val,10
CC0048,4589,1EHX,A,1,1,1,67,67,THR,8.52,122.22,66,66.0,67.0,,THR,mapped,True,False,val,10
CC0048,4589,1EHX,A,1,1,1,68,68,LEU,9.15,125.8,67,67.0,68.0,,LEU,mapped,True,False,val,10
CC0048,4589,1EHX,A,1,1,1,69,69,THR,11.31,124.95,68,68.0,69.0,,THR,mapped,True,False,val,10
CC0048,4589,1EHX,A,1,1,1,70,70,PHE,9.12,130.94,69,69.0,70.0,,PHE,mapped,True,False,val,10
CC0048,4589,1EHX,A,1,1,1,71,71,ASP,8.42,124.35,70,70.0,71.0,,ASP,mapped,True,False,val,10
CC0048,4589,1EHX,A,1,1,1,72,72,PHE,8.44,129.08,71,71.0,72.0,,PHE,mapped,True,False,val,10
CC0048,4589,1EHX,A,1,1,1,73,73,GLY,9.51,109.55,72,72.0,73.0,,GLY,mapped,True,False,val,10
CC0048,4589,1EHX,A,1,1,1,74,74,VAL,7.68,109.33,73,73.0,74.0,,VAL,mapped,True,False,val,10
CC0048,4589,1EHX,A,1,1,1,75,75,GLY,8.31,113.92,74,74.0,75.0,,GLY,mapped,True,False,val,10
CC0048,4589,1EHX,A,1,1,1,76,76,THR,8.86,121.74,75,75.0,76.0,,THR,mapped,True,False,val,10
CC0048,4589,1EHX,A,1,1,1,77,77,LYS,7.75,120.24,76,76.0,77.0,,LYS,mapped,True,False,val,10
CC0048,4589,1EHX,A,1,1,1,78,78,ASN,8.07,123.8,77,77.0,78.0,,ASN,mapped,True,False,val,10
CC0048,4589,1EHX,A,1,1,1,80,80,LYS,7.93,119.24,79,79.0,80.0,,LYS,mapped,True,False,val,10
CC0048,4589,1EHX,A,1,1,1,81,81,LEU,9.32,126.24,80,80.0,81.0,,LEU,mapped,True,False,val,10
CC0048,4589,1EHX,A,1,1,1,82,82,THR,8.28,123.01,81,81.0,82.0,,THR,mapped,True,False,val,10
CC0048,4589,1EHX,A,1,1,1,83,83,ILE,9.42,129.95,82,82.0,83.0,,ILE,mapped,True,False,val,10
CC0048,4589,1EHX,A,1,1,1,84,84,THR,8.84,125.62,83,83.0,84.0,,THR,mapped,True,False,val,10
CC0048,4589,1EHX,A,1,1,1,85,85,VAL,8.81,128.17,84,84.0,85.0,,VAL,mapped,True,False,val,10
CC0048,4589,1EHX,A,1,1,1,86,86,LEU,7.51,110.94,85,85.0,86.0,,LEU,mapped,True,False,val,10
CC0048,4589,1EHX,A,1,1,1,88,88,LYS,8.65,121.33,87,87.0,88.0,,LYS,mapped,True,False,val,10
CC0048,4589,1EHX,A,1,1,1,89,89,ASP,8.35,121.35,88,88.0,89.0,,ASP,mapped,True,False,val,10
CC0048,4589,1EHX,A,1,1,1,90,90,ILE,8.19,123.91,89,89.0,90.0,,ILE,mapped,True,False,val,10
CC0048,4589,1EHX,A,1,1,1,92,92,GLY,8.49,110.43,91,91.0,92.0,,GLY,mapped,True,False,val,10
CC0048,4589,1EHX,A,1,1,1,93,93,LEU,7.98,122.66,92,92.0,93.0,,LEU,mapped,True,False,val,10
CC0048,4589,1EHX,A,1,1,1,94,94,GLU,8.47,122.31,93,93.0,94.0,,GLU,mapped,True,False,val,10
CC0072,4721,1D8J,A,1,1,1,3,3,SER,8.5,117.4,2,2.0,3.0,,SER,mapped,True,False,val,22
CC0072,4721,1D8J,A,1,1,1,4,4,GLY,8.47,111.2,3,3.0,4.0,,GLY,mapped,True,False,val,22
CC0072,4721,1D8J,A,1,1,1,5,5,SER,8.26,116.0,4,4.0,5.0,,SER,mapped,True,False,val,22
CC0072,4721,1D8J,A,1,1,1,6,6,SER,8.45,118.1,5,5.0,6.0,,SER,mapped,True,False,val,22
CC0072,4721,1D8J,A,1,1,1,7,7,GLY,8.42,110.2,6,6.0,7.0,,GLY,mapped,True,False,val,22
CC0072,4721,1D8J,A,1,1,1,8,8,TYR,8.06,122.3,7,7.0,8.0,,TYR,mapped,True,False,val,22
CC0072,4721,1D8J,A,1,1,1,9,9,LYS,8.29,121.0,8,8.0,9.0,,LYS,mapped,True,False,val,22
CC0072,4721,1D8J,A,1,1,1,10,10,PHE,7.7,120.0,9,9.0,10.0,,PHE,mapped,True,False,val,22
CC0072,4721,1D8J,A,1,1,1,11,11,GLY,8.28,111.0,10,10.0,11.0,,GLY,mapped,True,False,val,22
CC0072,4721,1D8J,A,1,1,1,12,12,VAL,7.68,122.9,11,11.0,12.0,,VAL,mapped,True,False,val,22
CC0072,4721,1D8J,A,1,1,1,13,13,LEU,7.93,120.0,12,12.0,13.0,,LEU,mapped,True,False,val,22
CC0072,4721,1D8J,A,1,1,1,14,14,ALA,8.1,119.8,13,13.0,14.0,,ALA,mapped,True,False,val,22
CC0072,4721,1D8J,A,1,1,1,15,15,LYS,7.81,118.2,14,14.0,15.0,,LYS,mapped,True,False,val,22
CC0072,4721,1D8J,A,1,1,1,16,16,ILE,8.33,121.3,15,15.0,16.0,,ILE,mapped,True,False,val,22
CC0072,4721,1D8J,A,1,1,1,17,17,VAL,8.74,120.6,16,16.0,17.0,,VAL,mapped,True,False,val,22
CC0072,4721,1D8J,A,1,1,1,18,18,ASN,8.24,116.7,17,17.0,18.0,,ASN,mapped,True,False,val,22
CC0072,4721,1D8J,A,1,1,1,19,19,TYR,8.4,123.3,18,18.0,19.0,,TYR,mapped,True,False,val,22
CC0072,4721,1D8J,A,1,1,1,20,20,MET,8.47,117.3,19,19.0,20.0,,MET,mapped,True,False,val,22
CC0072,4721,1D8J,A,1,1,1,21,21,LYS,8.39,123.7,20,20.0,21.0,,LYS,mapped,True,False,val,22
CC0072,4721,1D8J,A,1,1,1,22,22,THR,8.09,116.3,21,21.0,22.0,,THR,mapped,True,False,val,22
CC0072,4721,1D8J,A,1,1,1,23,23,ARG,8.04,121.2,22,22.0,23.0,,ARG,mapped,True,False,val,22
CC0072,4721,1D8J,A,1,1,1,24,24,HIS,7.51,121.4,23,23.0,24.0,,HIS,mapped,True,False,val,22
CC0072,4721,1D8J,A,1,1,1,25,25,GLN,8.32,118.5,24,24.0,25.0,,GLN,mapped,True,False,val,22
CC0072,4721,1D8J,A,1,1,1,26,26,ARG,7.51,116.4,25,25.0,26.0,,ARG,mapped,True,False,val,22
CC0072,4721,1D8J,A,1,1,1,27,27,GLY,7.75,107.5,26,26.0,27.0,,GLY,mapped,True,False,val,22
CC0072,4721,1D8J,A,1,1,1,28,28,ASP,8.04,124.3,27,27.0,28.0,,ASP,mapped,True,False,val,22
CC0072,4721,1D8J,A,1,1,1,29,29,THR,7.67,108.6,28,28.0,29.0,,THR,mapped,True,False,val,22
CC0072,4721,1D8J,A,1,1,1,30,30,HIS,8.31,123.0,29,29.0,30.0,,HIS,mapped,True,False,val,22
CC0072,4721,1D8J,A,1,1,1,32,32,LEU,8.93,120.7,31,31.0,32.0,,LEU,mapped,True,False,val,22
CC0072,4721,1D8J,A,1,1,1,33,33,THR,9.42,112.3,32,32.0,33.0,,THR,mapped,True,False,val,22
CC0072,4721,1D8J,A,1,1,1,34,34,LEU,9.35,121.1,33,33.0,34.0,,LEU,mapped,True,False,val,22
CC0072,4721,1D8J,A,1,1,1,35,35,ASP,8.41,117.0,34,34.0,35.0,,ASP,mapped,True,False,val,22
CC0072,4721,1D8J,A,1,1,1,36,36,GLU,7.88,120.3,35,35.0,36.0,,GLU,mapped,True,False,val,22
CC0072,4721,1D8J,A,1,1,1,37,37,ILE,8.14,120.1,36,36.0,37.0,,ILE,mapped,True,False,val,22
CC0072,4721,1D8J,A,1,1,1,38,38,LEU,8.92,120.3,37,37.0,38.0,,LEU,mapped,True,False,val,22
CC0072,4721,1D8J,A,1,1,1,39,39,ASP,8.09,119.5,38,38.0,39.0,,ASP,mapped,True,False,val,22
CC0072,4721,1D8J,A,1,1,1,40,40,GLU,8.05,117.2,39,39.0,40.0,,GLU,mapped,True,False,val,22
CC0072,4721,1D8J,A,1,1,1,41,41,THR,7.58,106.3,40,40.0,41.0,,THR,mapped,True,False,val,22
CC0072,4721,1D8J,A,1,1,1,42,42,GLN,7.76,117.2,41,41.0,42.0,,GLN,mapped,True,False,val,22
CC0072,4721,1D8J,A,1,1,1,43,43,HIS,8.82,117.7,42,42.0,43.0,,HIS,mapped,True,False,val,22
CC0072,4721,1D8J,A,1,1,1,44,44,LEU,8.16,119.8,43,43.0,44.0,,LEU,mapped,True,False,val,22
CC0072,4721,1D8J,A,1,1,1,45,45,ASP,8.52,117.9,44,44.0,45.0,,ASP,mapped,True,False,val,22
CC0072,4721,1D8J,A,1,1,1,46,46,ILE,7.49,117.7,45,45.0,46.0,,ILE,mapped,True,False,val,22
CC0072,4721,1D8J,A,1,1,1,47,47,GLY,8.47,111.6,46,46.0,47.0,,GLY,mapped,True,False,val,22
CC0072,4721,1D8J,A,1,1,1,48,48,LEU,8.45,122.2,47,47.0,48.0,,LEU,mapped,True,False,val,22
CC0072,4721,1D8J,A,1,1,1,49,49,LYS,8.66,118.3,48,48.0,49.0,,LYS,mapped,True,False,val,22
CC0072,4721,1D8J,A,1,1,1,50,50,GLN,8.03,119.9,49,49.0,50.0,,GLN,mapped,True,False,val,22
CC0072,4721,1D8J,A,1,1,1,51,51,LYS,8.42,121.1,50,50.0,51.0,,LYS,mapped,True,False,val,22
CC0072,4721,1D8J,A,1,1,1,52,52,GLN,8.64,117.8,51,51.0,52.0,,GLN,mapped,True,False,val,22
CC0072,4721,1D8J,A,1,1,1,53,53,TRP,8.22,124.0,52,52.0,53.0,,TRP,mapped,True,False,val,22
CC0072,4721,1D8J,A,1,1,1,54,54,LEU,8.51,121.5,53,53.0,54.0,,LEU,mapped,True,False,val,22
CC0072,4721,1D8J,A,1,1,1,55,55,MET,7.95,113.1,54,54.0,55.0,,MET,mapped,True,False,val,22
CC0072,4721,1D8J,A,1,1,1,56,56,THR,8.28,106.8,55,55.0,56.0,,THR,mapped,True,False,val,22
CC0072,4721,1D8J,A,1,1,1,57,57,GLU,7.68,120.1,56,56.0,57.0,,GLU,mapped,True,False,val,22
CC0072,4721,1D8J,A,1,1,1,58,58,ALA,7.39,121.0,57,57.0,58.0,,ALA,mapped,True,False,val,22
CC0072,4721,1D8J,A,1,1,1,59,59,LEU,8.42,113.6,58,58.0,59.0,,LEU,mapped,True,False,val,22
CC0072,4721,1D8J,A,1,1,1,60,60,VAL,6.42,112.2,59,59.0,60.0,,VAL,mapped,True,False,val,22
CC0072,4721,1D8J,A,1,1,1,62,62,ASN,8.26,121.5,61,61.0,62.0,,ASN,mapped,True,False,val,22
CC0072,4721,1D8J,A,1,1,1,64,64,LYS,8.15,115.3,63,63.0,64.0,,LYS,mapped,True,False,val,22
CC0072,4721,1D8J,A,1,1,1,65,65,ILE,7.5,119.1,64,64.0,65.0,,ILE,mapped,True,False,val,22
CC0072,4721,1D8J,A,1,1,1,66,66,GLU,9.23,128.4,65,65.0,66.0,,GLU,mapped,True,False,val,22
CC0072,4721,1D8J,A,1,1,1,67,67,VAL,8.57,126.2,66,66.0,67.0,,VAL,mapped,True,False,val,22
CC0072,4721,1D8J,A,1,1,1,68,68,ILE,8.91,129.5,67,67.0,68.0,,ILE,mapped,True,False,val,22
CC0072,4721,1D8J,A,1,1,1,69,69,ASP,9.21,128.8,68,68.0,69.0,,ASP,mapped,True,False,val,22
CC0072,4721,1D8J,A,1,1,1,70,70,GLY,8.0,103.1,69,69.0,70.0,,GLY,mapped,True,False,val,22
CC0072,4721,1D8J,A,1,1,1,71,71,LYS,7.62,120.6,70,70.0,71.0,,LYS,mapped,True,False,val,22
CC0072,4721,1D8J,A,1,1,1,72,72,TYR,9.12,117.5,71,71.0,72.0,,TYR,mapped,True,False,val,22
CC0072,4721,1D8J,A,1,1,1,73,73,ALA,9.09,122.9,72,72.0,73.0,,ALA,mapped,True,False,val,22
CC0072,4721,1D8J,A,1,1,1,74,74,PHE,8.8,121.7,73,73.0,74.0,,PHE,mapped,True,False,val,22
CC0072,4721,1D8J,A,1,1,1,75,75,LYS,7.38,129.2,74,74.0,75.0,,LYS,mapped,True,False,val,22
CC0072,4721,1D8J,A,1,1,1,77,77,LYS,8.16,120.9,76,76.0,77.0,,LYS,mapped,True,False,val,22
CC0072,4721,1D8J,A,1,1,1,78,78,TYR,8.06,121.1,77,77.0,78.0,,TYR,mapped,True,False,val,22
CC0072,4721,1D8J,A,1,1,1,79,79,ASN,8.4,121.3,78,78.0,79.0,,ASN,mapped,True,False,val,22
CC0072,4721,1D8J,A,1,1,1,80,80,VAL,8.01,120.7,79,79.0,80.0,,VAL,mapped,True,False,val,22
CC0072,4721,1D8J,A,1,1,1,81,81,ARG,7.99,129.7,80,80.0,81.0,,ARG,mapped,True,False,val,22
CC0049,4593,1EOQ,A,1,1,1,2,2,ASP,8.97,126.61,1,1.0,155.0,,ASP,mapped,True,False,val,29
CC0049,4593,1EOQ,A,1,1,1,3,3,ILE,7.638,123.29,2,2.0,156.0,,ILE,mapped,True,False,val,29
CC0049,4593,1EOQ,A,1,1,1,4,4,MET,8.25,121.72,3,3.0,157.0,,MET,mapped,True,False,val,29
CC0049,4593,1EOQ,A,1,1,1,5,5,GLN,7.544,126.25,4,4.0,158.0,,GLN,mapped,True,False,val,29
CC0049,4593,1EOQ,A,1,1,1,6,6,GLY,9.732,118.84,5,5.0,159.0,,GLY,mapped,True,False,val,29
CC0049,4593,1EOQ,A,1,1,1,8,8,SER,8.384,112.57,7,7.0,161.0,,SER,mapped,True,False,val,29
CC0049,4593,1EOQ,A,1,1,1,9,9,GLU,7.299,125.82,8,8.0,162.0,,GLU,mapped,True,False,val,29
CC0049,4593,1EOQ,A,1,1,1,10,10,SER,9.767,127.28,9,9.0,163.0,,SER,mapped,True,False,val,29
CC0049,4593,1EOQ,A,1,1,1,11,11,PHE,9.43,124.3,10,10.0,164.0,,PHE,mapped,True,False,val,29
CC0049,4593,1EOQ,A,1,1,1,12,12,VAL,8.468,116.5,11,11.0,165.0,,VAL,mapped,True,False,val,29
CC0049,4593,1EOQ,A,1,1,1,13,13,ASP,7.389,121.55,12,12.0,166.0,,ASP,mapped,True,False,val,29
CC0049,4593,1EOQ,A,1,1,1,14,14,PHE,8.249,123.9,13,13.0,167.0,,PHE,mapped,True,False,val,29
CC0049,4593,1EOQ,A,1,1,1,15,15,ALA,8.931,121.74,14,14.0,168.0,,ALA,mapped,True,False,val,29
CC0049,4593,1EOQ,A,1,1,1,16,16,ASN,7.902,114.02,15,15.0,169.0,,ASN,mapped,True,False,val,29
CC0049,4593,1EOQ,A,1,1,1,17,17,ARG,7.939,121.62,16,16.0,170.0,,ARG,mapped,True,False,val,29
CC0049,4593,1EOQ,A,1,1,1,18,18,LEU,8.604,122.99,17,17.0,171.0,,LEU,mapped,True,False,val,29
CC0049,4593,1EOQ,A,1,1,1,19,19,ILE,8.457,119.22,18,18.0,172.0,,ILE,mapped,True,False,val,29
CC0049,4593,1EOQ,A,1,1,1,20,20,LYS,7.668,118.14,19,19.0,173.0,,LYS,mapped,True,False,val,29
CC0049,4593,1EOQ,A,1,1,1,21,21,ALA,7.9,122.23,20,20.0,174.0,,ALA,mapped,True,False,val,29
CC0049,4593,1EOQ,A,1,1,1,22,22,VAL,8.446,118.75,21,21.0,175.0,,VAL,mapped,True,False,val,29
CC0049,4593,1EOQ,A,1,1,1,23,23,GLU,8.895,121.85,22,22.0,176.0,,GLU,mapped,True,False,val,29
CC0049,4593,1EOQ,A,1,1,1,24,24,GLY,7.51,104.1,23,23.0,177.0,,GLY,mapped,True,False,val,29
CC0049,4593,1EOQ,A,1,1,1,25,25,SER,7.386,117.06,24,24.0,178.0,,SER,mapped,True,False,val,29
CC0049,4593,1EOQ,A,1,1,1,26,26,ASP,8.391,117.4,25,25.0,179.0,,ASP,mapped,True,False,val,29
CC0049,4593,1EOQ,A,1,1,1,27,27,LEU,7.791,122.15,26,26.0,180.0,,LEU,mapped,True,False,val,29
CC0049,4593,1EOQ,A,1,1,1,30,30,SER,8.409,110.72,29,29.0,183.0,,SER,mapped,True,False,val,29
CC0049,4593,1EOQ,A,1,1,1,31,31,ALA,7.992,123.15,30,30.0,184.0,,ALA,mapped,True,False,val,29
CC0049,4593,1EOQ,A,1,1,1,32,32,ARG,7.243,117.08,31,31.0,185.0,,ARG,mapped,True,False,val,29
CC0049,4593,1EOQ,A,1,1,1,33,33,ALA,8.781,119.75,32,32.0,186.0,,ALA,mapped,True,False,val,29
CC0049,4593,1EOQ,A,1,1,1,35,35,VAL,7.128,118.02,34,34.0,188.0,,VAL,mapped,True,False,val,29
CC0049,4593,1EOQ,A,1,1,1,36,36,ILE,8.159,121.93,35,35.0,189.0,,ILE,mapped,True,False,val,29
CC0049,4593,1EOQ,A,1,1,1,37,37,ILE,8.348,117.76,36,36.0,190.0,,ILE,mapped,True,False,val,29
CC0049,4593,1EOQ,A,1,1,1,38,38,ASP,8.122,119.84,37,37.0,191.0,,ASP,mapped,True,False,val,29
CC0049,4593,1EOQ,A,1,1,1,39,39,CYS,8.149,117.7,38,38.0,192.0,,CYS,mapped,True,False,val,29
CC0049,4593,1EOQ,A,1,1,1,40,40,PHE,8.691,119.24,39,39.0,193.0,,PHE,mapped,True,False,val,29
CC0049,4593,1EOQ,A,1,1,1,41,41,ARG,8.481,115.93,40,40.0,194.0,,ARG,mapped,True,False,val,29
CC0049,4593,1EOQ,A,1,1,1,42,42,GLN,8.237,111.63,41,41.0,195.0,,GLN,mapped,True,False,val,29
CC0049,4593,1EOQ,A,1,1,1,43,43,LYS,8.852,116.31,42,42.0,196.0,,LYS,mapped,True,False,val,29
CC0049,4593,1EOQ,A,1,1,1,44,44,SER,7.016,112.97,43,43.0,197.0,,SER,mapped,True,False,val,29
CC0049,4593,1EOQ,A,1,1,1,45,45,GLN,8.556,121.18,44,44.0,198.0,,GLN,mapped,True,False,val,29
CC0049,4593,1EOQ,A,1,1,1,47,47,ASP,9.048,115.78,46,46.0,200.0,,ASP,mapped,True,False,val,29
CC0049,4593,1EOQ,A,1,1,1,48,48,ILE,7.43,122.69,47,47.0,201.0,,ILE,mapped,True,False,val,29
CC0049,4593,1EOQ,A,1,1,1,49,49,GLN,8.403,120.73,48,48.0,202.0,,GLN,mapped,True,False,val,29
CC0049,4593,1EOQ,A,1,1,1,50,50,GLN,7.788,116.27,49,49.0,203.0,,GLN,mapped,True,False,val,29
CC0049,4593,1EOQ,A,1,1,1,51,51,LEU,7.455,120.3,50,50.0,204.0,,LEU,mapped,True,False,val,29
CC0049,4593,1EOQ,A,1,1,1,52,52,ILE,8.584,119.66,51,51.0,205.0,,ILE,mapped,True,False,val,29
CC0049,4593,1EOQ,A,1,1,1,53,53,ARG,8.135,119.4,52,52.0,206.0,,ARG,mapped,True,False,val,29
CC0049,4593,1EOQ,A,1,1,1,54,54,THR,7.357,106.14,53,53.0,207.0,,THR,mapped,True,False,val,29
CC0049,4593,1EOQ,A,1,1,1,55,55,ALA,7.276,126.72,54,54.0,208.0,,ALA,mapped,True,False,val,29
CC0049,4593,1EOQ,A,1,1,1,57,57,SER,8.533,117.21,56,56.0,210.0,,SER,mapped,True,False,val,29
CC0049,4593,1EOQ,A,1,1,1,58,58,THR,7.268,109.64,57,57.0,211.0,,THR,mapped,True,False,val,29
CC0049,4593,1EOQ,A,1,1,1,59,59,LEU,7.435,123.62,58,58.0,212.0,,LEU,mapped,True,False,val,29
CC0049,4593,1EOQ,A,1,1,1,60,60,THR,8.5,112.25,59,59.0,213.0,,THR,mapped,True,False,val,29
CC0049,4593,1EOQ,A,1,1,1,61,61,THR,7.73,111.72,60,60.0,214.0,,THR,mapped,True,False,val,29
CC0049,4593,1EOQ,A,1,1,1,63,63,GLY,8.906,103.49,62,62.0,216.0,,GLY,mapped,True,False,val,29
CC0049,4593,1EOQ,A,1,1,1,64,64,GLU,7.766,120.59,63,63.0,217.0,,GLU,mapped,True,False,val,29
CC0049,4593,1EOQ,A,1,1,1,65,65,ILE,7.75,120.95,64,64.0,218.0,,ILE,mapped,True,False,val,29
CC0049,4593,1EOQ,A,1,1,1,66,66,ILE,8.55,119.72,65,65.0,219.0,,ILE,mapped,True,False,val,29
CC0049,4593,1EOQ,A,1,1,1,67,67,LYS,7.616,117.24,66,66.0,220.0,,LYS,mapped,True,False,val,29
CC0049,4593,1EOQ,A,1,1,1,68,68,TYR,7.751,118.82,67,67.0,221.0,,TYR,mapped,True,False,val,29
CC0049,4593,1EOQ,A,1,1,1,69,69,VAL,8.173,118.53,68,68.0,222.0,,VAL,mapped,True,False,val,29
CC0049,4593,1EOQ,A,1,1,1,70,70,LEU,8.448,118.79,69,69.0,223.0,,LEU,mapped,True,False,val,29
CC0049,4593,1EOQ,A,1,1,1,71,71,ASP,8.366,118.97,70,70.0,224.0,,ASP,mapped,True,False,val,29
CC0049,4593,1EOQ,A,1,1,1,72,72,ARG,7.73,118.69,71,71.0,225.0,,ARG,mapped,True,False,val,29
CC0049,4593,1EOQ,A,1,1,1,73,73,GLN,7.994,118.47,72,72.0,226.0,,GLN,mapped,True,False,val,29
CC0049,4593,1EOQ,A,1,1,1,74,74,LYS,7.818,119.92,73,73.0,227.0,,LYS,mapped,True,False,val,29
CC0049,4593,1EOQ,A,1,1,1,75,75,THR,7.885,113.7,74,74.0,228.0,,THR,mapped,True,False,val,29
CC0049,4593,1EOQ,A,1,1,1,76,76,ALA,8.132,127.89,75,75.0,229.0,,ALA,mapped,True,False,val,29
CC0074,4740,1GH9,A,1,1,1,1,1,MET,8.15,120.1,0,0.0,1.0,,MET,mapped,True,False,val,30
CC0074,4740,1GH9,A,1,1,1,2,2,TYR,8.84,119.0,1,1.0,2.0,,TYR,mapped,True,False,val,30
CC0074,4740,1GH9,A,1,1,1,3,3,ILE,9.15,116.4,2,2.0,3.0,,ILE,mapped,True,False,val,30
CC0074,4740,1GH9,A,1,1,1,4,4,ILE,8.18,122.9,3,3.0,4.0,,ILE,mapped,True,False,val,30
CC0074,4740,1GH9,A,1,1,1,5,5,PHE,8.3,125.5,4,4.0,5.0,,PHE,mapped,True,False,val,30
CC0074,4740,1GH9,A,1,1,1,6,6,ARG,9.83,119.7,5,5.0,6.0,,ARG,mapped,True,False,val,30
CC0074,4740,1GH9,A,1,1,1,7,7,CYS,8.77,125.2,6,6.0,7.0,,CYS,mapped,True,False,val,30
CC0074,4740,1GH9,A,1,1,1,8,8,ASP,8.57,133.7,7,7.0,8.0,,ASP,mapped,True,False,val,30
CC0074,4740,1GH9,A,1,1,1,9,9,CYS,9.03,121.1,8,8.0,9.0,,CYS,mapped,True,False,val,30
CC0074,4740,1GH9,A,1,1,1,10,10,GLY,7.78,112.4,9,9.0,10.0,,GLY,mapped,True,False,val,30
CC0074,4740,1GH9,A,1,1,1,11,11,ARG,8.64,125.0,10,10.0,11.0,,ARG,mapped,True,False,val,30
CC0074,4740,1GH9,A,1,1,1,12,12,ALA,8.24,124.6,11,11.0,12.0,,ALA,mapped,True,False,val,30
CC0074,4740,1GH9,A,1,1,1,13,13,LEU,8.78,123.2,12,12.0,13.0,,LEU,mapped,True,False,val,30
CC0074,4740,1GH9,A,1,1,1,14,14,TYR,6.95,112.6,13,13.0,14.0,,TYR,mapped,True,False,val,30
CC0074,4740,1GH9,A,1,1,1,15,15,SER,9.06,114.3,14,14.0,15.0,,SER,mapped,True,False,val,30
CC0074,4740,1GH9,A,1,1,1,16,16,ARG,9.01,124.8,15,15.0,16.0,,ARG,mapped,True,False,val,30
CC0074,4740,1GH9,A,1,1,1,17,17,GLU,8.5,126.4,16,16.0,17.0,,GLU,mapped,True,False,val,30
CC0074,4740,1GH9,A,1,1,1,18,18,GLY,8.66,114.0,17,17.0,18.0,,GLY,mapped,True,False,val,30
CC0074,4740,1GH9,A,1,1,1,19,19,ALA,7.39,124.3,18,18.0,19.0,,ALA,mapped,True,False,val,30
CC0074,4740,1GH9,A,1,1,1,20,20,LYS,8.65,120.6,19,19.0,20.0,,LYS,mapped,True,False,val,30
CC0074,4740,1GH9,A,1,1,1,21,21,THR,7.65,109.4,20,20.0,21.0,,THR,mapped,True,False,val,30
CC0074,4740,1GH9,A,1,1,1,22,22,ARG,8.34,120.4,21,21.0,22.0,,ARG,mapped,True,False,val,30
CC0074,4740,1GH9,A,1,1,1,23,23,LYS,8.77,128.7,22,22.0,23.0,,LYS,mapped,True,False,val,30
CC0074,4740,1GH9,A,1,1,1,24,24,CYS,8.75,129.2,23,23.0,24.0,,CYS,mapped,True,False,val,30
CC0074,4740,1GH9,A,1,1,1,25,25,VAL,7.97,130.2,24,24.0,25.0,,VAL,mapped,True,False,val,30
CC0074,4740,1GH9,A,1,1,1,26,26,CYS,9.05,124.5,25,25.0,26.0,,CYS,mapped,True,False,val,30
CC0074,4740,1GH9,A,1,1,1,27,27,GLY,7.95,112.2,26,26.0,27.0,,GLY,mapped,True,False,val,30
CC0074,4740,1GH9,A,1,1,1,28,28,ARG,8.66,125.3,27,27.0,28.0,,ARG,mapped,True,False,val,30
CC0074,4740,1GH9,A,1,1,1,29,29,THR,8.43,118.9,28,28.0,29.0,,THR,mapped,True,False,val,30
CC0074,4740,1GH9,A,1,1,1,30,30,VAL,8.91,127.6,29,29.0,30.0,,VAL,mapped,True,False,val,30
CC0074,4740,1GH9,A,1,1,1,31,31,ASN,8.73,125.5,30,30.0,31.0,,ASN,mapped,True,False,val,30
CC0074,4740,1GH9,A,1,1,1,32,32,VAL,7.65,126.0,31,31.0,32.0,,VAL,mapped,True,False,val,30
CC0074,4740,1GH9,A,1,1,1,33,33,LYS,8.11,118.5,32,32.0,33.0,,LYS,mapped,True,False,val,30
CC0074,4740,1GH9,A,1,1,1,34,34,ASP,7.58,118.0,33,33.0,34.0,,ASP,mapped,True,False,val,30
CC0074,4740,1GH9,A,1,1,1,35,35,ARG,7.28,119.2,34,34.0,35.0,,ARG,mapped,True,False,val,30
CC0074,4740,1GH9,A,1,1,1,36,36,ARG,8.24,123.8,35,35.0,36.0,,ARG,mapped,True,False,val,30
CC0074,4740,1GH9,A,1,1,1,37,37,ILE,8.49,127.3,36,36.0,37.0,,ILE,mapped,True,False,val,30
CC0074,4740,1GH9,A,1,1,1,38,38,PHE,9.12,128.1,37,37.0,38.0,,PHE,mapped,True,False,val,30
CC0074,4740,1GH9,A,1,1,1,39,39,GLY,7.65,107.0,38,38.0,39.0,,GLY,mapped,True,False,val,30
CC0074,4740,1GH9,A,1,1,1,40,40,ARG,8.21,119.4,39,39.0,40.0,,ARG,mapped,True,False,val,30
CC0074,4740,1GH9,A,1,1,1,41,41,ALA,8.73,122.5,40,40.0,41.0,,ALA,mapped,True,False,val,30
CC0074,4740,1GH9,A,1,1,1,42,42,ASP,8.99,121.3,41,41.0,42.0,,ASP,mapped,True,False,val,30
CC0074,4740,1GH9,A,1,1,1,43,43,ASP,7.4,114.8,42,42.0,43.0,,ASP,mapped,True,False,val,30
CC0074,4740,1GH9,A,1,1,1,44,44,PHE,8.81,122.5,43,43.0,44.0,,PHE,mapped,True,False,val,30
CC0074,4740,1GH9,A,1,1,1,45,45,GLU,8.38,123.6,44,44.0,45.0,,GLU,mapped,True,False,val,30
CC0074,4740,1GH9,A,1,1,1,46,46,GLU,8.37,122.4,45,45.0,46.0,,GLU,mapped,True,False,val,30
CC0074,4740,1GH9,A,1,1,1,47,47,ALA,7.81,122.4,46,46.0,47.0,,ALA,mapped,True,False,val,30
CC0074,4740,1GH9,A,1,1,1,48,48,SER,7.78,112.9,47,47.0,48.0,,SER,mapped,True,False,val,30
CC0074,4740,1GH9,A,1,1,1,49,49,GLU,7.51,124.1,48,48.0,49.0,,GLU,mapped,True,False,val,30
CC0074,4740,1GH9,A,1,1,1,50,50,LEU,7.86,122.0,49,49.0,50.0,,LEU,mapped,True,False,val,30
CC0074,4740,1GH9,A,1,1,1,51,51,VAL,7.98,119.4,50,50.0,51.0,,VAL,mapped,True,False,val,30
CC0074,4740,1GH9,A,1,1,1,52,52,ARG,7.53,120.4,51,51.0,52.0,,ARG,mapped,True,False,val,30
CC0074,4740,1GH9,A,1,1,1,53,53,LYS,7.95,119.7,52,52.0,53.0,,LYS,mapped,True,False,val,30
CC0074,4740,1GH9,A,1,1,1,54,54,LEU,7.97,121.1,53,53.0,54.0,,LEU,mapped,True,False,val,30
CC0074,4740,1GH9,A,1,1,1,55,55,GLN,8.09,119.7,54,54.0,55.0,,GLN,mapped,True,False,val,30
CC0074,4740,1GH9,A,1,1,1,56,56,GLU,7.84,119.2,55,55.0,56.0,,GLU,mapped,True,False,val,30
CC0074,4740,1GH9,A,1,1,1,57,57,GLU,7.8,121.3,56,56.0,57.0,,GLU,mapped,True,False,val,30
CC0074,4740,1GH9,A,1,1,1,58,58,LYS,7.96,121.5,57,57.0,58.0,,LYS,mapped,True,False,val,30
CC0074,4740,1GH9,A,1,1,1,59,59,TYR,8.07,120.8,58,58.0,59.0,,TYR,mapped,True,False,val,30
CC0074,4740,1GH9,A,1,1,1,60,60,GLY,8.17,111.5,59,59.0,60.0,,GLY,mapped,True,False,val,30
CC0074,4740,1GH9,A,1,1,1,61,61,SER,8.07,116.3,60,60.0,61.0,,SER,mapped,True,False,val,30
CC0074,4740,1GH9,A,1,1,1,64,64,PHE,8.07,122.2,63,63.0,64.0,,PHE,mapped,True,False,val,30
CC0074,4740,1GH9,A,1,1,1,65,65,THR,7.97,116.8,64,64.0,65.0,,THR,mapped,True,False,val,30
CC0074,4740,1GH9,A,1,1,1,66,66,ASN,8.36,123.1,65,65.0,66.0,,ASN,mapped,True,False,val,30
CC0074,4740,1GH9,A,1,1,1,68,68,SER,8.24,116.6,67,67.0,68.0,,SER,mapped,True,False,val,30
CC0074,4740,1GH9,A,1,1,1,69,69,LYS,8.08,124.1,68,68.0,69.0,,LYS,mapped,True,False,val,30
CC0074,4740,1GH9,A,1,1,1,70,70,ARG,8.28,124.3,69,69.0,70.0,,ARG,mapped,True,False,val,30
CC0074,4740,1GH9,A,1,1,1,71,71,GLU,7.91,128.3,70,70.0,71.0,,GLU,mapped,True,False,val,30
CC0054,4621,1E4U,A,1,1,1,12,12,MET,8.15,120.3,11,0.0,1.0,,MET,mapped,True,False,val,32
CC0054,4621,1E4U,A,1,1,1,13,13,SER,8.25,116.3,12,1.0,2.0,,SER,mapped,True,False,val,32
CC0054,4621,1E4U,A,1,1,1,14,14,ARG,8.22,122.3,13,2.0,3.0,,ARG,mapped,True,False,val,32
CC0054,4621,1E4U,A,1,1,1,15,15,SER,8.44,118.6,14,3.0,4.0,,SER,mapped,True,False,val,32
CC0054,4621,1E4U,A,1,1,1,17,17,ASP,8.19,118.3,16,5.0,6.0,,ASP,mapped,True,False,val,32
CC0054,4621,1E4U,A,1,1,1,18,18,ALA,7.93,123.8,17,6.0,7.0,,ALA,mapped,True,False,val,32
CC0054,4621,1E4U,A,1,1,1,19,19,LYS,8.25,120.5,18,7.0,8.0,,LYS,mapped,True,False,val,32
CC0054,4621,1E4U,A,1,1,1,20,20,GLU,8.35,121.4,19,8.0,9.0,,GLU,mapped,True,False,val,32
CC0054,4621,1E4U,A,1,1,1,21,21,ASP,8.32,122.5,20,9.0,10.0,,ASP,mapped,True,False,val,32
CC0054,4621,1E4U,A,1,1,1,23,23,VAL,8.29,120.5,22,11.0,12.0,,VAL,mapped,True,False,val,32
CC0054,4621,1E4U,A,1,1,1,24,24,GLU,8.3,123.7,23,12.0,13.0,,GLU,mapped,True,False,val,32
CC0054,4621,1E4U,A,1,1,1,25,25,CYS,8.57,126.2,24,13.0,14.0,,CYS,mapped,True,False,val,32
CC0054,4621,1E4U,A,1,1,1,27,27,LEU,8.79,120.7,26,15.0,16.0,,LEU,mapped,True,False,val,32
CC0054,4621,1E4U,A,1,1,1,28,28,CYS,7.93,117.3,27,16.0,17.0,,CYS,mapped,True,False,val,32
CC0054,4621,1E4U,A,1,1,1,29,29,MET,7.97,117.4,28,17.0,18.0,,MET,mapped,True,False,val,32
CC0054,4621,1E4U,A,1,1,1,30,30,GLU,8.17,119.7,29,18.0,19.0,,GLU,mapped,True,False,val,32
CC0054,4621,1E4U,A,1,1,1,32,32,LEU,8.36,122.7,31,20.0,21.0,,LEU,mapped,True,False,val,32
CC0054,4621,1E4U,A,1,1,1,33,33,GLU,9.23,123.0,32,21.0,22.0,,GLU,mapped,True,False,val,32
CC0054,4621,1E4U,A,1,1,1,34,34,ILE,8.65,121.7,33,22.0,23.0,,ILE,mapped,True,False,val,32
CC0054,4621,1E4U,A,1,1,1,35,35,ASP,8.25,117.2,34,23.0,24.0,,ASP,mapped,True,False,val,32
CC0054,4621,1E4U,A,1,1,1,36,36,ASP,7.8,117.2,35,24.0,25.0,,ASP,mapped,True,False,val,32
CC0054,4621,1E4U,A,1,1,1,37,37,ILE,7.47,120.0,36,25.0,26.0,,ILE,mapped,True,False,val,32
CC0054,4621,1E4U,A,1,1,1,38,38,ASN,7.77,116.4,37,26.0,27.0,,ASN,mapped,True,False,val,32
CC0054,4621,1E4U,A,1,1,1,39,39,PHE,7.11,121.3,38,27.0,28.0,,PHE,mapped,True,False,val,32
CC0054,4621,1E4U,A,1,1,1,40,40,PHE,8.23,125.7,39,28.0,29.0,,PHE,mapped,True,False,val,32
CC0054,4621,1E4U,A,1,1,1,42,42,CYS,8.56,119.8,41,30.0,31.0,,CYS,mapped,True,False,val,32
CC0054,4621,1E4U,A,1,1,1,43,43,THR,8.53,124.0,42,31.0,32.0,,THR,mapped,True,False,val,32
CC0054,4621,1E4U,A,1,1,1,44,44,CYS,9.56,125.5,43,32.0,33.0,,CYS,mapped,True,False,val,32
CC0054,4621,1E4U,A,1,1,1,45,45,GLY,7.74,108.6,44,33.0,34.0,,GLY,mapped,True,False,val,32
CC0054,4621,1E4U,A,1,1,1,46,46,TYR,8.84,124.4,45,34.0,35.0,,TYR,mapped,True,False,val,32
CC0054,4621,1E4U,A,1,1,1,47,47,GLN,8.48,133.2,46,35.0,36.0,,GLN,mapped,True,False,val,32
CC0054,4621,1E4U,A,1,1,1,48,48,ILE,6.66,113.2,47,36.0,37.0,,ILE,mapped,True,False,val,32
CC0054,4621,1E4U,A,1,1,1,49,49,CYS,9.28,120.4,48,37.0,38.0,,CYS,mapped,True,False,val,32
CC0054,4621,1E4U,A,1,1,1,50,50,ARG,8.53,117.9,49,38.0,39.0,,ARG,mapped,True,False,val,32
CC0054,4621,1E4U,A,1,1,1,51,51,PHE,8.15,121.3,50,39.0,40.0,,PHE,mapped,True,False,val,32
CC0054,4621,1E4U,A,1,1,1,52,52,CYS,9.6,126.8,51,40.0,41.0,,CYS,mapped,True,False,val,32
CC0054,4621,1E4U,A,1,1,1,53,53,TRP,8.72,121.6,52,41.0,42.0,,TRP,mapped,True,False,val,32
CC0054,4621,1E4U,A,1,1,1,54,54,HIS,8.46,117.1,53,42.0,43.0,,HIS,mapped,True,False,val,32
CC0054,4621,1E4U,A,1,1,1,55,55,ARG,8.05,121.8,54,43.0,44.0,,ARG,mapped,True,False,val,32
CC0054,4621,1E4U,A,1,1,1,56,56,ILE,8.79,120.7,55,44.0,45.0,,ILE,mapped,True,False,val,32
CC0054,4621,1E4U,A,1,1,1,57,57,ARG,7.8,116.3,56,45.0,46.0,,ARG,mapped,True,False,val,32
CC0054,4621,1E4U,A,1,1,1,58,58,THR,7.87,111.8,57,46.0,47.0,,THR,mapped,True,False,val,32
CC0054,4621,1E4U,A,1,1,1,59,59,ASP,8.46,119.8,58,47.0,48.0,,ASP,mapped,True,False,val,32
CC0054,4621,1E4U,A,1,1,1,60,60,GLU,7.05,118.6,59,48.0,49.0,,GLU,mapped,True,False,val,32
CC0054,4621,1E4U,A,1,1,1,61,61,ASN,7.77,115.9,60,49.0,50.0,,ASN,mapped,True,False,val,32
CC0054,4621,1E4U,A,1,1,1,62,62,GLY,7.9,105.0,61,50.0,51.0,,GLY,mapped,True,False,val,32
CC0054,4621,1E4U,A,1,1,1,63,63,LEU,7.12,117.7,62,51.0,52.0,,LEU,mapped,True,False,val,32
CC0054,4621,1E4U,A,1,1,1,64,64,CYS,7.76,124.5,63,52.0,53.0,,CYS,mapped,True,False,val,32
CC0054,4621,1E4U,A,1,1,1,66,66,ALA,8.26,120.8,65,54.0,55.0,,ALA,mapped,True,False,val,32
CC0054,4621,1E4U,A,1,1,1,67,67,CYS,7.87,116.3,66,55.0,56.0,,CYS,mapped,True,False,val,32
CC0054,4621,1E4U,A,1,1,1,68,68,ARG,7.77,116.6,67,56.0,57.0,,ARG,mapped,True,False,val,32
CC0054,4621,1E4U,A,1,1,1,69,69,LYS,8.4,122.5,68,57.0,58.0,,LYS,mapped,True,False,val,32
CC0054,4621,1E4U,A,1,1,1,71,71,TYR,8.52,125.0,70,59.0,60.0,,TYR,mapped,True,False,val,32
CC0054,4621,1E4U,A,1,1,1,73,73,GLU,8.58,120.2,72,61.0,62.0,,GLU,mapped,True,False,val,32
CC0054,4621,1E4U,A,1,1,1,74,74,ASP,8.22,119.0,73,62.0,63.0,,ASP,mapped,True,False,val,32
CC0054,4621,1E4U,A,1,1,1,76,76,ALA,8.22,122.6,75,64.0,65.0,,ALA,mapped,True,False,val,32
CC0054,4621,1E4U,A,1,1,1,77,77,VAL,7.78,117.4,76,65.0,66.0,,VAL,mapped,True,False,val,32
CC0054,4621,1E4U,A,1,1,1,78,78,TYR,8.1,123.7,77,66.0,67.0,,TYR,mapped,True,False,val,32
CC0054,4621,1E4U,A,1,1,1,79,79,LYS,7.92,125.6,78,67.0,68.0,,LYS,mapped,True,False,val,32
CC0054,4621,1E4U,A,1,1,1,81,81,LEU,8.28,122.1,80,69.0,70.0,,LEU,mapped,True,False,val,32
CC0054,4621,1E4U,A,1,1,1,82,82,SER,8.44,116.6,81,70.0,71.0,,SER,mapped,True,False,val,32
CC0054,4621,1E4U,A,1,1,1,83,83,GLN,8.59,121.4,82,71.0,72.0,,GLN,mapped,True,False,val,32
CC0054,4621,1E4U,A,1,1,1,85,85,GLU,8.11,120.3,84,73.0,74.0,,GLU,mapped,True,False,val,32
CC0054,4621,1E4U,A,1,1,1,86,86,LEU,8.07,121.4,85,74.0,75.0,,LEU,mapped,True,False,val,32
CC0054,4621,1E4U,A,1,1,1,87,87,GLN,8.04,119.0,86,75.0,76.0,,GLN,mapped,True,False,val,32
CC0054,4621,1E4U,A,1,1,1,88,88,ARG,8.05,122.0,87,76.0,77.0,,ARG,mapped,True,False,val,32
CC0054,4621,1E4U,A,1,1,1,89,89,ILE,7.62,125.9,88,77.0,78.0,,ILE,mapped,True,False,val,32
CC0006,4391,1JGK,A,1,1,1,2,2,LYS,7.93,114.16,1,1.0,2.0,,LYS,mapped,True,False,val,38
CC0006,4391,1JGK,A,1,1,1,3,3,CYS,8.51,120.83,2,2.0,3.0,,CYS,mapped,True,False,val,38
CC0006,4391,1JGK,A,1,1,1,4,4,LYS,9.2,128.21,3,3.0,4.0,,LYS,mapped,True,False,val,38
CC0006,4391,1JGK,A,1,1,1,5,5,ILE,8.06,123.42,4,4.0,5.0,,ILE,mapped,True,False,val,38
CC0006,4391,1JGK,A,1,1,1,6,6,CYS,7.88,122.51,5,5.0,6.0,,CYS,mapped,True,False,val,38
CC0006,4391,1JGK,A,1,1,1,9,9,ASP,9.08,128.61,8,8.0,9.0,,ASP,mapped,True,False,val,38
CC0006,4391,1JGK,A,1,1,1,10,10,THR,7.96,127.86,9,9.0,10.0,,THR,mapped,True,False,val,38
CC0006,4391,1JGK,A,1,1,1,11,11,CYS,8.85,130.18,10,10.0,11.0,,CYS,mapped,True,False,val,38
CC0006,4391,1JGK,A,1,1,1,12,12,ARG,8.35,112.87,11,11.0,12.0,,ARG,mapped,True,False,val,38
CC0006,4391,1JGK,A,1,1,1,13,13,ALA,8.68,129.27,12,12.0,13.0,,ALA,mapped,True,False,val,38
CC0006,4391,1JGK,A,1,1,1,14,14,GLY,8.64,126.41,13,13.0,14.0,,GLY,mapped,True,False,val,38
CC0006,4391,1JGK,A,1,1,1,16,16,LEU,8.05,123.42,15,15.0,16.0,,LEU,mapped,True,False,val,38
CC0006,4391,1JGK,A,1,1,1,17,17,LYS,8.81,124.44,16,16.0,17.0,,LYS,mapped,True,False,val,38
CC0006,4391,1JGK,A,1,1,1,18,18,VAL,8.49,127.65,17,17.0,18.0,,VAL,mapped,True,False,val,38
CC0006,4391,1JGK,A,1,1,1,19,19,CYS,8.74,114.68,18,18.0,19.0,,CYS,mapped,True,False,val,38
CC0006,4391,1JGK,A,1,1,1,20,20,ALA,8.05,123.42,19,19.0,20.0,,ALA,mapped,True,False,val,38
CC0006,4391,1JGK,A,1,1,1,21,21,SER,8.62,110.79,20,20.0,21.0,,SER,mapped,True,False,val,38
CC0006,4391,1JGK,A,1,1,1,22,22,GLY,8.78,130.46,21,21.0,22.0,,GLY,mapped,True,False,val,38
CC0006,4391,1JGK,A,1,1,1,23,23,GLU,7.78,111.96,22,22.0,23.0,,GLU,mapped,True,False,val,38
CC0006,4391,1JGK,A,1,1,1,24,24,LYS,7.76,123.1,23,23.0,24.0,,LYS,mapped,True,False,val,38
CC0006,4391,1JGK,A,1,1,1,25,25,TYR,8.11,117.34,24,24.0,25.0,,TYR,mapped,True,False,val,38
CC0006,4391,1JGK,A,1,1,1,26,26,CYS,8.9,118.54,25,25.0,26.0,,CYS,mapped,True,False,val,38
CC0006,4391,1JGK,A,1,1,1,27,27,PHE,9.01,123.03,26,26.0,27.0,,PHE,mapped,True,False,val,38
CC0006,4391,1JGK,A,1,1,1,28,28,LYS,9.47,128.82,27,27.0,28.0,,LYS,mapped,True,False,val,38
CC0006,4391,1JGK,A,1,1,1,29,29,GLU,9.9,131.11,28,28.0,29.0,,GLU,mapped,True,False,val,38
CC0006,4391,1JGK,A,1,1,1,30,30,SER,8.92,133.1,29,29.0,30.0,,SER,mapped,True,False,val,38
CC0006,4391,1JGK,A,1,1,1,31,31,TRP,9.26,124.95,30,30.0,31.0,,TRP,mapped,True,False,val,38
CC0006,4391,1JGK,A,1,1,1,32,32,ARG,8.83,130.24,31,31.0,32.0,,ARG,mapped,True,False,val,38
CC0006,4391,1JGK,A,1,1,1,33,33,GLU,8.3,126.47,32,32.0,33.0,,GLU,mapped,True,False,val,38
CC0006,4391,1JGK,A,1,1,1,34,34,ALA,8.72,127.71,33,33.0,34.0,,ALA,mapped,True,False,val,38
CC0006,4391,1JGK,A,1,1,1,35,35,ARG,8.12,114.73,34,34.0,35.0,,ARG,mapped,True,False,val,38
CC0006,4391,1JGK,A,1,1,1,36,36,GLY,7.82,123.1,35,35.0,36.0,,GLY,mapped,True,False,val,38
CC0006,4391,1JGK,A,1,1,1,37,37,THR,8.39,118.1,36,36.0,37.0,,THR,mapped,True,False,val,38
CC0006,4391,1JGK,A,1,1,1,38,38,ARG,8.88,125.87,37,37.0,38.0,,ARG,mapped,True,False,val,38
CC0006,4391,1JGK,A,1,1,1,39,39,ILE,8.46,127.76,38,38.0,39.0,,ILE,mapped,True,False,val,38
CC0006,4391,1JGK,A,1,1,1,40,40,GLU,9.16,127.28,39,39.0,40.0,,GLU,mapped,True,False,val,38
CC0006,4391,1JGK,A,1,1,1,41,41,ARG,8.81,126.55,40,40.0,41.0,,ARG,mapped,True,False,val,38
CC0006,4391,1JGK,A,1,1,1,42,42,GLY,6.4,134.1,41,41.0,42.0,,GLY,mapped,True,False,val,38
CC0006,4391,1JGK,A,1,1,1,43,43,CYS,8.38,118.71,42,42.0,43.0,,CYS,mapped,True,False,val,38
CC0006,4391,1JGK,A,1,1,1,44,44,ALA,9.54,125.39,43,43.0,44.0,,ALA,mapped,True,False,val,38
CC0006,4391,1JGK,A,1,1,1,45,45,ALA,9.09,127.41,44,44.0,45.0,,ALA,mapped,True,False,val,38
CC0006,4391,1JGK,A,1,1,1,46,46,THR,7.5,114.22,45,45.0,46.0,,THR,mapped,True,False,val,38
CC0006,4391,1JGK,A,1,1,1,47,47,CYS,8.44,126.58,46,46.0,47.0,,CYS,mapped,True,False,val,38
CC0006,4391,1JGK,A,1,1,1,50,50,GLY,8.36,121.28,49,49.0,50.0,,GLY,mapped,True,False,val,38
CC0006,4391,1JGK,A,1,1,1,51,51,SER,8.44,122.45,50,50.0,51.0,,SER,mapped,True,False,val,38
CC0006,4391,1JGK,A,1,1,1,52,52,VAL,7.83,122.51,51,51.0,52.0,,VAL,mapped,True,False,val,38
CC0006,4391,1JGK,A,1,1,1,53,53,TYR,8.35,115.13,52,52.0,53.0,,TYR,mapped,True,False,val,38
CC0006,4391,1JGK,A,1,1,1,54,54,GLY,8.13,117.34,53,53.0,54.0,,GLY,mapped,True,False,val,38
CC0006,4391,1JGK,A,1,1,1,55,55,LEU,7.48,111.89,54,54.0,55.0,,LEU,mapped,True,False,val,38
CC0006,4391,1JGK,A,1,1,1,56,56,TYR,8.75,125.99,55,55.0,56.0,,TYR,mapped,True,False,val,38
CC0006,4391,1JGK,A,1,1,1,57,57,VAL,8.3,127.88,56,56.0,57.0,,VAL,mapped,True,False,val,38
CC0006,4391,1JGK,A,1,1,1,58,58,LEU,8.93,133.1,57,57.0,58.0,,LEU,mapped,True,False,val,38
CC0006,4391,1JGK,A,1,1,1,59,59,CYS,9.08,125.48,58,58.0,59.0,,CYS,mapped,True,False,val,38
CC0006,4391,1JGK,A,1,1,1,60,60,CYS,9.55,124.39,59,59.0,60.0,,CYS,mapped,True,False,val,38
CC0006,4391,1JGK,A,1,1,1,61,61,THR,8.62,118.9,60,60.0,61.0,,THR,mapped,True,False,val,38
CC0006,4391,1JGK,A,1,1,1,62,62,THR,7.55,115.41,61,61.0,62.0,,THR,mapped,True,False,val,38
CC0006,4391,1JGK,A,1,1,1,64,64,ASP,9.58,119.33,63,63.0,64.0,,ASP,mapped,True,False,val,38
CC0006,4391,1JGK,A,1,1,1,65,65,CYS,7.54,116.59,64,64.0,65.0,,CYS,mapped,True,False,val,38
CC0006,4391,1JGK,A,1,1,1,66,66,ASN,8.79,127.8,65,65.0,66.0,,ASN,mapped,True,False,val,38
CC0055,4622,1E52,A,1,1,1,8,8,LEU,8.201,123.675,7,0.0,8.0,,LEU,mapped,True,False,val,42
CC0055,4622,1E52,A,1,1,1,9,9,GLU,8.373,123.319,8,1.0,9.0,,GLU,mapped,True,False,val,42
CC0055,4622,1E52,A,1,1,1,11,11,ASP,8.414,119.271,10,3.0,11.0,,ASP,mapped,True,False,val,42
CC0055,4622,1E52,A,1,1,1,12,12,ASN,8.275,118.397,11,4.0,12.0,,ASN,mapped,True,False,val,42
CC0055,4622,1E52,A,1,1,1,13,13,VAL,7.964,121.574,12,5.0,13.0,,VAL,mapped,True,False,val,42
CC0055,4622,1E52,A,1,1,1,15,15,MET,8.447,120.853,14,7.0,15.0,,MET,mapped,True,False,val,42
CC0055,4622,1E52,A,1,1,1,16,16,ASP,8.271,121.392,15,8.0,16.0,,ASP,mapped,True,False,val,42
CC0055,4622,1E52,A,1,1,1,17,17,MET,8.158,121.22,16,9.0,17.0,,MET,mapped,True,False,val,42
CC0055,4622,1E52,A,1,1,1,18,18,SER,8.379,118.578,17,10.0,18.0,,SER,mapped,True,False,val,42
CC0055,4622,1E52,A,1,1,1,20,20,LYS,8.166,116.455,19,12.0,20.0,,LYS,mapped,True,False,val,42
CC0055,4622,1E52,A,1,1,1,21,21,ALA,7.653,123.319,20,13.0,21.0,,ALA,mapped,True,False,val,42
CC0055,4622,1E52,A,1,1,1,22,22,LEU,8.561,120.869,21,14.0,22.0,,LEU,mapped,True,False,val,42
CC0055,4622,1E52,A,1,1,1,23,23,GLN,8.352,117.869,22,15.0,23.0,,GLN,mapped,True,False,val,42
CC0055,4622,1E52,A,1,1,1,24,24,GLN,7.788,118.748,23,16.0,24.0,,GLN,mapped,True,False,val,42
CC0055,4622,1E52,A,1,1,1,25,25,LYS,7.943,121.562,24,17.0,25.0,,LYS,mapped,True,False,val,42
CC0055,4622,1E52,A,1,1,1,26,26,ILE,8.481,119.981,25,18.0,26.0,,ILE,mapped,True,False,val,42
CC0055,4622,1E52,A,1,1,1,27,27,HIS,7.923,117.694,26,19.0,27.0,,HIS,mapped,True,False,val,42
CC0055,4622,1E52,A,1,1,1,28,28,GLU,8.307,121.034,27,20.0,28.0,,GLU,mapped,True,False,val,42
CC0055,4622,1E52,A,1,1,1,29,29,LEU,8.733,120.866,28,21.0,29.0,,LEU,mapped,True,False,val,42
CC0055,4622,1E52,A,1,1,1,30,30,GLU,8.943,120.512,29,22.0,30.0,,GLU,mapped,True,False,val,42
CC0055,4622,1E52,A,1,1,1,31,31,GLY,7.627,105.194,30,23.0,31.0,,GLY,mapped,True,False,val,42
CC0055,4622,1E52,A,1,1,1,32,32,LEU,7.903,124.382,31,24.0,32.0,,LEU,mapped,True,False,val,42
CC0055,4622,1E52,A,1,1,1,33,33,MET,9.033,119.986,32,25.0,33.0,,MET,mapped,True,False,val,42
CC0055,4622,1E52,A,1,1,1,34,34,MET,7.777,114.876,33,26.0,34.0,,MET,mapped,True,False,val,42
CC0055,4622,1E52,A,1,1,1,35,35,GLN,8.032,122.27,34,27.0,35.0,,GLN,mapped,True,False,val,42
CC0055,4622,1E52,A,1,1,1,36,36,HIS,8.403,117.168,35,28.0,36.0,,HIS,mapped,True,False,val,42
CC0055,4622,1E52,A,1,1,1,37,37,ALA,8.453,121.747,36,29.0,37.0,,ALA,mapped,True,False,val,42
CC0055,4622,1E52,A,1,1,1,38,38,GLN,8.306,118.579,37,30.0,38.0,,GLN,mapped,True,False,val,42
CC0055,4622,1E52,A,1,1,1,39,39,ASN,7.259,115.761,38,31.0,39.0,,ASN,mapped,True,False,val,42
CC0055,4622,1E52,A,1,1,1,40,40,LEU,7.613,113.991,39,32.0,40.0,,LEU,mapped,True,False,val,42
CC0055,4622,1E52,A,1,1,1,41,41,GLU,8.137,123.683,40,33.0,41.0,,GLU,mapped,True,False,val,42
CC0055,4622,1E52,A,1,1,1,42,42,PHE,6.904,118.398,41,34.0,42.0,,PHE,mapped,True,False,val,42
CC0055,4622,1E52,A,1,1,1,43,43,GLU,10.355,124.03,42,35.0,43.0,,GLU,mapped,True,False,val,42
CC0055,4622,1E52,A,1,1,1,44,44,GLU,8.748,122.089,43,36.0,44.0,,GLU,mapped,True,False,val,42
CC0055,4622,1E52,A,1,1,1,45,45,ALA,7.835,120.505,44,37.0,45.0,,ALA,mapped,True,False,val,42
CC0055,4622,1E52,A,1,1,1,46,46,ALA,8.087,119.977,45,38.0,46.0,,ALA,mapped,True,False,val,42
CC0055,4622,1E52,A,1,1,1,47,47,GLN,7.258,116.11,46,39.0,47.0,,GLN,mapped,True,False,val,42
CC0055,4622,1E52,A,1,1,1,48,48,ILE,7.803,119.978,47,40.0,48.0,,ILE,mapped,True,False,val,42
CC0055,4622,1E52,A,1,1,1,49,49,ARG,8.864,122.799,48,41.0,49.0,,ARG,mapped,True,False,val,42
CC0055,4622,1E52,A,1,1,1,50,50,ASP,8.107,120.148,49,42.0,50.0,,ASP,mapped,True,False,val,42
CC0055,4622,1E52,A,1,1,1,51,51,GLN,7.931,123.146,50,43.0,51.0,,GLN,mapped,True,False,val,42
CC0055,4622,1E52,A,1,1,1,52,52,LEU,9.153,121.917,51,44.0,52.0,,LEU,mapped,True,False,val,42
CC0055,4622,1E52,A,1,1,1,53,53,HIS,8.237,118.05,52,45.0,53.0,,HIS,mapped,True,False,val,42
CC0055,4622,1E52,A,1,1,1,54,54,GLN,7.427,116.814,53,46.0,54.0,,GLN,mapped,True,False,val,42
CC0055,4622,1E52,A,1,1,1,55,55,LEU,8.239,120.149,54,47.0,55.0,,LEU,mapped,True,False,val,42
CC0055,4622,1E52,A,1,1,1,56,56,ARG,8.671,118.222,55,48.0,56.0,,ARG,mapped,True,False,val,42
CC0055,4622,1E52,A,1,1,1,57,57,GLU,7.551,117.875,56,49.0,57.0,,GLU,mapped,True,False,val,42
CC0055,4622,1E52,A,1,1,1,58,58,LEU,7.751,120.156,57,50.0,58.0,,LEU,mapped,True,False,val,42
CC0055,4622,1E52,A,1,1,1,59,59,PHE,8.365,119.804,58,51.0,59.0,,PHE,mapped,True,False,val,42
CC0055,4622,1E52,A,1,1,1,60,60,ILE,8.091,120.687,59,52.0,60.0,,ILE,mapped,True,False,val,42
CC0055,4622,1E52,A,1,1,1,61,61,ALA,7.707,123.327,60,53.0,61.0,,ALA,mapped,True,False,val,42
CC0055,4622,1E52,A,1,1,1,62,62,ALA,7.721,121.559,61,54.0,62.0,,ALA,mapped,True,False,val,42
CC0055,4622,1E52,A,1,1,1,63,63,SER,7.523,120.502,62,55.0,63.0,,SER,mapped,True,False,val,42
CC0082,4781,1F6U,A,1,2,2,3,3,LYS,8.649,123.627,2,2.0,3.0,,LYS,mapped,True,False,val,43
CC0082,4781,1F6U,A,1,2,2,4,4,GLY,8.573,110.133,3,3.0,4.0,,GLY,mapped,True,False,val,43
CC0082,4781,1F6U,A,1,2,2,5,5,ASN,8.327,118.858,4,4.0,5.0,,ASN,mapped,True,False,val,43
CC0082,4781,1F6U,A,1,2,2,6,6,PHE,8.248,120.257,5,5.0,6.0,,PHE,mapped,True,False,val,43
CC0082,4781,1F6U,A,1,2,2,7,7,ARG,8.197,121.92,6,6.0,7.0,,ARG,mapped,True,False,val,43
CC0082,4781,1F6U,A,1,2,2,8,8,ASN,8.445,119.246,7,7.0,8.0,,ASN,mapped,True,False,val,43
CC0082,4781,1F6U,A,1,2,2,9,9,GLN,8.278,120.277,8,8.0,9.0,,GLN,mapped,True,False,val,43
CC0082,4781,1F6U,A,1,2,2,10,10,ARG,8.249,121.477,9,9.0,10.0,,ARG,mapped,True,False,val,43
CC0082,4781,1F6U,A,1,2,2,12,12,THR,7.909,114.428,11,11.0,12.0,,THR,mapped,True,False,val,43
CC0082,4781,1F6U,A,1,2,2,13,13,VAL,7.958,123.8,12,12.0,13.0,,VAL,mapped,True,False,val,43
CC0082,4781,1F6U,A,1,2,2,14,14,LYS,8.25,125.503,13,13.0,14.0,,LYS,mapped,True,False,val,43
CC0082,4781,1F6U,A,1,2,2,15,15,CYS,8.373,129.259,14,14.0,15.0,,CYS,mapped,True,False,val,43
CC0082,4781,1F6U,A,1,2,2,16,16,PHE,9.198,127.657,15,15.0,16.0,,PHE,mapped,True,False,val,43
CC0082,4781,1F6U,A,1,2,2,17,17,ASN,10.123,122.178,16,16.0,17.0,,ASN,mapped,True,False,val,43
CC0082,4781,1F6U,A,1,2,2,18,18,CYS,8.764,117.322,17,17.0,18.0,,CYS,mapped,True,False,val,43
CC0082,4781,1F6U,A,1,2,2,19,19,GLY,7.317,114.627,18,18.0,19.0,,GLY,mapped,True,False,val,43
CC0082,4781,1F6U,A,1,2,2,20,20,LYS,7.918,120.796,19,19.0,20.0,,LYS,mapped,True,False,val,43
CC0082,4781,1F6U,A,1,2,2,21,21,GLU,8.131,117.424,20,20.0,21.0,,GLU,mapped,True,False,val,43
CC0082,4781,1F6U,A,1,2,2,22,22,GLY,8.93,107.257,21,21.0,22.0,,GLY,mapped,True,False,val,43
CC0082,4781,1F6U,A,1,2,2,23,23,HIS,7.078,114.742,22,22.0,23.0,,HIS,mapped,True,False,val,43
CC0082,4781,1F6U,A,1,2,2,24,24,ILE,7.571,105.865,23,23.0,24.0,,ILE,mapped,True,False,val,43
CC0082,4781,1F6U,A,1,2,2,25,25,ALA,8.941,124.45,24,24.0,25.0,,ALA,mapped,True,False,val,43
CC0082,4781,1F6U,A,1,2,2,26,26,LYS,8.637,117.87,25,25.0,26.0,,LYS,mapped,True,False,val,43
CC0082,4781,1F6U,A,1,2,2,27,27,ASN,7.964,114.85,26,26.0,27.0,,ASN,mapped,True,False,val,43
CC0082,4781,1F6U,A,1,2,2,28,28,CYS,7.76,128.299,27,27.0,28.0,,CYS,mapped,True,False,val,43
CC0082,4781,1F6U,A,1,2,2,29,29,ARG,8.788,117.992,28,28.0,29.0,,ARG,mapped,True,False,val,43
CC0082,4781,1F6U,A,1,2,2,30,30,ALA,8.756,128.123,29,29.0,30.0,,ALA,mapped,True,False,val,43
CC0082,4781,1F6U,A,1,2,2,32,32,ARG,6.826,117.992,31,31.0,32.0,,ARG,mapped,True,False,val,43
CC0082,4781,1F6U,A,1,2,2,33,33,LYS,8.553,126.327,32,32.0,33.0,,LYS,mapped,True,False,val,43
CC0082,4781,1F6U,A,1,2,2,34,34,LYS,8.692,121.402,33,33.0,34.0,,LYS,mapped,True,False,val,43
CC0082,4781,1F6U,A,1,2,2,35,35,GLY,8.405,126.329,34,34.0,35.0,,GLY,mapped,True,False,val,43
CC0082,4781,1F6U,A,1,2,2,36,36,CYS,8.42,126.389,35,35.0,36.0,,CYS,mapped,True,False,val,43
CC0082,4781,1F6U,A,1,2,2,37,37,TRP,9.085,130.975,36,36.0,37.0,,TRP,mapped,True,False,val,43
CC0082,4781,1F6U,A,1,2,2,38,38,LYS,9.875,122.228,37,37.0,38.0,,LYS,mapped,True,False,val,43
CC0082,4781,1F6U,A,1,2,2,39,39,CYS,8.76,118.176,38,38.0,39.0,,CYS,mapped,True,False,val,43
CC0082,4781,1F6U,A,1,2,2,40,40,GLY,8.175,113.942,39,39.0,40.0,,GLY,mapped,True,False,val,43
CC0082,4781,1F6U,A,1,2,2,41,41,LYS,8.386,122.228,40,40.0,41.0,,LYS,mapped,True,False,val,43
CC0082,4781,1F6U,A,1,2,2,42,42,GLU,8.57,119.335,41,41.0,42.0,,GLU,mapped,True,False,val,43
CC0082,4781,1F6U,A,1,2,2,43,43,GLY,8.77,108.036,42,42.0,43.0,,GLY,mapped,True,False,val,43
CC0082,4781,1F6U,A,1,2,2,44,44,HIS,7.051,112.395,43,43.0,44.0,,HIS,mapped,True,False,val,43
CC0082,4781,1F6U,A,1,2,2,45,45,GLN,8.74,117.714,44,44.0,45.0,,GLN,mapped,True,False,val,43
CC0082,4781,1F6U,A,1,2,2,46,46,MET,9.499,123.487,45,45.0,46.0,,MET,mapped,True,False,val,43
CC0082,4781,1F6U,A,1,2,2,47,47,LYS,8.98,119.117,46,46.0,47.0,,LYS,mapped,True,False,val,43
CC0082,4781,1F6U,A,1,2,2,48,48,ASP,7.916,117.588,47,47.0,48.0,,ASP,mapped,True,False,val,43
CC0082,4781,1F6U,A,1,2,2,49,49,CYS,7.735,124.318,48,48.0,49.0,,CYS,mapped,True,False,val,43
CC0082,4781,1F6U,A,1,2,2,50,50,THR,8.153,120.114,49,49.0,50.0,,THR,mapped,True,False,val,43
CC0082,4781,1F6U,A,1,2,2,51,51,GLU,8.788,125.636,50,50.0,51.0,,GLU,mapped,True,False,val,43
CC0082,4781,1F6U,A,1,2,2,52,52,ARG,8.294,122.155,51,51.0,52.0,,ARG,mapped,True,False,val,43
CC0082,4781,1F6U,A,1,2,2,53,53,GLN,8.411,121.611,52,52.0,53.0,,GLN,mapped,True,False,val,43
CC0082,4781,1F6U,A,1,2,2,54,54,ALA,8.383,126.429,53,53.0,54.0,,ALA,mapped,True,False,val,43
CC0003,4373,1FHO,A,1,1,1,2,2,ARG,7.97,121.07,1,8.0,9.0,,ARG,mapped,True,False,test,1
CC0003,4373,1FHO,A,1,1,1,3,3,ILE,8.33,125.59,2,9.0,10.0,,ILE,mapped,True,False,test,1
CC0003,4373,1FHO,A,1,1,1,4,4,ILE,8.95,131.41,3,10.0,11.0,,ILE,mapped,True,False,test,1
CC0003,4373,1FHO,A,1,1,1,5,5,ARG,7.13,116.86,4,11.0,12.0,,ARG,mapped,True,False,test,1
CC0003,4373,1FHO,A,1,1,1,6,6,HIS,7.77,120.34,5,12.0,13.0,,HIS,mapped,True,False,test,1
CC0003,4373,1FHO,A,1,1,1,7,7,ASP,8.52,121.54,6,13.0,14.0,,ASP,mapped,True,False,test,1
CC0003,4373,1FHO,A,1,1,1,8,8,ALA,8.7,122.51,7,14.0,15.0,,ALA,mapped,True,False,test,1
CC0003,4373,1FHO,A,1,1,1,9,9,PHE,8.87,120.52,8,15.0,16.0,,PHE,mapped,True,False,test,1
CC0003,4373,1FHO,A,1,1,1,10,10,GLN,9.26,121.1,9,16.0,17.0,,GLN,mapped,True,False,test,1
CC0003,4373,1FHO,A,1,1,1,11,11,VAL,8.88,124.59,10,17.0,18.0,,VAL,mapped,True,False,test,1
CC0003,4373,1FHO,A,1,1,1,12,12,TRP,9.83,132.96,11,18.0,19.0,,TRP,mapped,True,False,test,1
CC0003,4373,1FHO,A,1,1,1,13,13,GLU,8.69,129.58,12,19.0,20.0,,GLU,mapped,True,False,test,1
CC0003,4373,1FHO,A,1,1,1,14,14,GLY,8.51,116.05,13,20.0,21.0,,GLY,mapped,True,False,test,1
CC0003,4373,1FHO,A,1,1,1,15,15,ASP,9.01,128.88,14,21.0,22.0,,ASP,mapped,True,False,test,1
CC0003,4373,1FHO,A,1,1,1,16,16,GLU,8.28,122.41,15,22.0,23.0,,GLU,mapped,True,False,test,1
CC0003,4373,1FHO,A,1,1,1,19,19,LYS,8.15,119.32,18,25.0,26.0,,LYS,mapped,True,False,test,1
CC0003,4373,1FHO,A,1,1,1,20,20,LEU,8.52,125.61,19,26.0,27.0,,LEU,mapped,True,False,test,1
CC0003,4373,1FHO,A,1,1,1,21,21,ARG,9.21,126.03,20,27.0,28.0,,ARG,mapped,True,False,test,1
CC0003,4373,1FHO,A,1,1,1,22,22,TYR,9.03,126.02,21,28.0,29.0,,TYR,mapped,True,False,test,1
CC0003,4373,1FHO,A,1,1,1,23,23,VAL,8.86,133.17,22,29.0,30.0,,VAL,mapped,True,False,test,1
CC0003,4373,1FHO,A,1,1,1,24,24,PHE,9.04,124.62,23,30.0,31.0,,PHE,mapped,True,False,test,1
CC0003,4373,1FHO,A,1,1,1,25,25,LEU,8.7,125.65,24,31.0,32.0,,LEU,mapped,True,False,test,1
CC0003,4373,1FHO,A,1,1,1,26,26,PHE,9.04,126.52,25,32.0,33.0,,PHE,mapped,True,False,test,1
CC0003,4373,1FHO,A,1,1,1,29,29,LYS,7.86,121.77,28,35.0,36.0,,LYS,mapped,True,False,test,1
CC0003,4373,1FHO,A,1,1,1,30,30,ILE,8.14,123.67,29,36.0,37.0,,ILE,mapped,True,False,test,1
CC0003,4373,1FHO,A,1,1,1,31,31,MET,9.23,127.71,30,37.0,38.0,,MET,mapped,True,False,test,1
CC0003,4373,1FHO,A,1,1,1,32,32,PHE,9.56,125.35,31,38.0,39.0,,PHE,mapped,True,False,test,1
CC0003,4373,1FHO,A,1,1,1,33,33,THR,8.58,115.6,32,39.0,40.0,,THR,mapped,True,False,test,1
CC0003,4373,1FHO,A,1,1,1,34,34,GLU,8.96,120.96,33,40.0,41.0,,GLU,mapped,True,False,test,1
CC0003,4373,1FHO,A,1,1,1,35,35,GLN,9.08,126.8,34,41.0,42.0,,GLN,mapped,True,False,test,1
CC0003,4373,1FHO,A,1,1,1,36,36,ASP,8.9,128.74,35,42.0,43.0,,ASP,mapped,True,False,test,1
CC0003,4373,1FHO,A,1,1,1,37,37,ALA,8.62,127.55,36,43.0,44.0,,ALA,mapped,True,False,test,1
CC0003,4373,1FHO,A,1,1,1,38,38,SER,8.7,116.32,37,44.0,45.0,,SER,mapped,True,False,test,1
CC0003,4373,1FHO,A,1,1,1,39,39,THR,6.97,112.14,38,45.0,46.0,,THR,mapped,True,False,test,1
CC0003,4373,1FHO,A,1,1,1,40,40,SER,8.21,116.4,39,46.0,47.0,,SER,mapped,True,False,test,1
CC0003,4373,1FHO,A,1,1,1,43,43,SER,7.94,117.07,42,49.0,50.0,,SER,mapped,True,False,test,1
CC0003,4373,1FHO,A,1,1,1,44,44,TYR,8.59,120.91,43,50.0,51.0,,TYR,mapped,True,False,test,1
CC0003,4373,1FHO,A,1,1,1,48,48,SER,8.88,120.55,47,54.0,55.0,,SER,mapped,True,False,test,1
CC0003,4373,1FHO,A,1,1,1,49,49,SER,8.69,119.3,48,55.0,56.0,,SER,mapped,True,False,test,1
CC0003,4373,1FHO,A,1,1,1,50,50,ILE,8.96,117.41,49,56.0,57.0,,ILE,mapped,True,False,test,1
CC0003,4373,1FHO,A,1,1,1,51,51,ARG,8.6,124.38,50,57.0,58.0,,ARG,mapped,True,False,test,1
CC0003,4373,1FHO,A,1,1,1,52,52,LEU,7.38,123.94,51,58.0,59.0,,LEU,mapped,True,False,test,1
CC0003,4373,1FHO,A,1,1,1,53,53,ASP,8.72,117.11,52,59.0,60.0,,ASP,mapped,True,False,test,1
CC0003,4373,1FHO,A,1,1,1,54,54,LYS,7.35,117.43,53,60.0,61.0,,LYS,mapped,True,False,test,1
CC0003,4373,1FHO,A,1,1,1,55,55,TYR,7.67,119.46,54,61.0,62.0,,TYR,mapped,True,False,test,1
CC0003,4373,1FHO,A,1,1,1,56,56,ASN,9.28,121.07,55,62.0,63.0,,ASN,mapped,True,False,test,1
CC0003,4373,1FHO,A,1,1,1,57,57,ILE,8.97,127.46,56,63.0,64.0,,ILE,mapped,True,False,test,1
CC0003,4373,1FHO,A,1,1,1,58,58,ARG,8.7,124.73,57,64.0,65.0,,ARG,mapped,True,False,test,1
CC0003,4373,1FHO,A,1,1,1,59,59,GLN,8.79,122.53,58,65.0,66.0,,GLN,mapped,True,False,test,1
CC0003,4373,1FHO,A,1,1,1,60,60,HIS,8.69,128.44,59,66.0,67.0,,HIS,mapped,True,False,test,1
CC0003,4373,1FHO,A,1,1,1,61,61,THR,7.51,117.5,60,67.0,68.0,,THR,mapped,True,False,test,1
CC0003,4373,1FHO,A,1,1,1,62,62,THR,8.68,113.62,61,68.0,69.0,,THR,mapped,True,False,test,1
CC0003,4373,1FHO,A,1,1,1,63,63,ASP,8.76,126.8,62,69.0,70.0,,ASP,mapped,True,False,test,1
CC0003,4373,1FHO,A,1,1,1,64,64,GLU,8.4,124.12,63,70.0,71.0,,GLU,mapped,True,False,test,1
CC0003,4373,1FHO,A,1,1,1,65,65,ASP,7.86,116.1,64,71.0,72.0,,ASP,mapped,True,False,test,1
CC0003,4373,1FHO,A,1,1,1,66,66,THR,7.65,115.21,65,72.0,73.0,,THR,mapped,True,False,test,1
CC0003,4373,1FHO,A,1,1,1,67,67,ILE,9.21,128.64,66,73.0,74.0,,ILE,mapped,True,False,test,1
CC0003,4373,1FHO,A,1,1,1,68,68,VAL,9.33,128.8,67,74.0,75.0,,VAL,mapped,True,False,test,1
CC0003,4373,1FHO,A,1,1,1,69,69,LEU,8.96,127.86,68,75.0,76.0,,LEU,mapped,True,False,test,1
CC0003,4373,1FHO,A,1,1,1,70,70,GLN,9.03,126.08,69,76.0,77.0,,GLN,mapped,True,False,test,1
CC0003,4373,1FHO,A,1,1,1,72,72,GLN,8.46,118.36,71,78.0,79.0,,GLN,mapped,True,False,test,1
CC0003,4373,1FHO,A,1,1,1,73,73,GLU,7.05,117.96,72,79.0,80.0,,GLU,mapped,True,False,test,1
CC0003,4373,1FHO,A,1,1,1,76,76,LEU,7.03,122.06,75,82.0,83.0,,LEU,mapped,True,False,test,1
CC0003,4373,1FHO,A,1,1,1,78,78,SER,8.46,117.2,77,84.0,85.0,,SER,mapped,True,False,test,1
CC0003,4373,1FHO,A,1,1,1,79,79,PHE,8.45,118.08,78,85.0,86.0,,PHE,mapped,True,False,test,1
CC0003,4373,1FHO,A,1,1,1,80,80,ARG,8.99,121.95,79,86.0,87.0,,ARG,mapped,True,False,test,1
CC0003,4373,1FHO,A,1,1,1,81,81,ILE,9.44,117.33,80,87.0,88.0,,ILE,mapped,True,False,test,1
CC0003,4373,1FHO,A,1,1,1,82,82,LYS,9.36,126.54,81,88.0,89.0,,LYS,mapped,True,False,test,1
CC0003,4373,1FHO,A,1,1,1,84,84,LYS,7.6,124.84,83,90.0,91.0,,LYS,mapped,True,False,test,1
CC0003,4373,1FHO,A,1,1,1,85,85,ASP,8.05,118.09,84,91.0,92.0,,ASP,mapped,True,False,test,1
CC0003,4373,1FHO,A,1,1,1,86,86,PHE,8.59,127.63,85,92.0,93.0,,PHE,mapped,True,False,test,1
CC0003,4373,1FHO,A,1,1,1,87,87,GLU,9.02,120.14,86,93.0,94.0,,GLU,mapped,True,False,test,1
CC0003,4373,1FHO,A,1,1,1,88,88,THR,6.97,131.78,87,94.0,95.0,,THR,mapped,True,False,test,1
CC0003,4373,1FHO,A,1,1,1,89,89,SER,7.14,118.56,88,95.0,96.0,,SER,mapped,True,False,test,1
CC0003,4373,1FHO,A,1,1,1,90,90,GLU,8.41,121.64,89,96.0,97.0,,GLU,mapped,True,False,test,1
CC0003,4373,1FHO,A,1,1,1,91,91,TYR,7.57,119.86,90,97.0,98.0,,TYR,mapped,True,False,test,1
CC0003,4373,1FHO,A,1,1,1,92,92,VAL,8.5,121.88,91,98.0,99.0,,VAL,mapped,True,False,test,1
CC0003,4373,1FHO,A,1,1,1,93,93,ARG,8.74,120.75,92,99.0,100.0,,ARG,mapped,True,False,test,1
CC0003,4373,1FHO,A,1,1,1,94,94,LYS,8.3,117.88,93,100.0,101.0,,LYS,mapped,True,False,test,1
CC0003,4373,1FHO,A,1,1,1,95,95,ALA,8.3,124.06,94,101.0,102.0,,ALA,mapped,True,False,test,1
CC0003,4373,1FHO,A,1,1,1,96,96,TRP,8.69,118.74,95,102.0,103.0,,TRP,mapped,True,False,test,1
CC0003,4373,1FHO,A,1,1,1,97,97,LEU,8.3,118.34,96,103.0,104.0,,LEU,mapped,True,False,test,1
CC0003,4373,1FHO,A,1,1,1,98,98,ARG,7.79,120.7,97,104.0,105.0,,ARG,mapped,True,False,test,1
CC0003,4373,1FHO,A,1,1,1,99,99,ASP,8.2,121.94,98,105.0,106.0,,ASP,mapped,True,False,test,1
CC0003,4373,1FHO,A,1,1,1,100,100,ILE,8.75,121.22,99,106.0,107.0,,ILE,mapped,True,False,test,1
CC0003,4373,1FHO,A,1,1,1,101,101,ALA,7.61,122.28,100,107.0,108.0,,ALA,mapped,True,False,test,1
CC0003,4373,1FHO,A,1,1,1,102,102,GLU,8.08,119.34,101,108.0,109.0,,GLU,mapped,True,False,test,1
CC0003,4373,1FHO,A,1,1,1,103,103,GLU,8.18,119.82,102,109.0,110.0,,GLU,mapped,True,False,test,1
CC0003,4373,1FHO,A,1,1,1,104,104,GLN,8.53,119.57,103,110.0,111.0,,GLN,mapped,True,False,test,1
CC0003,4373,1FHO,A,1,1,1,105,105,GLU,8.03,121.67,104,111.0,112.0,,GLU,mapped,True,False,test,1
CC0003,4373,1FHO,A,1,1,1,106,106,LYS,7.94,120.28,105,112.0,113.0,,LYS,mapped,True,False,test,1
CC0003,4373,1FHO,A,1,1,1,107,107,TYR,7.97,120.41,106,113.0,114.0,,TYR,mapped,True,False,test,1
CC0003,4373,1FHO,A,1,1,1,108,108,ALA,7.76,123.26,107,114.0,115.0,,ALA,mapped,True,False,test,1
CC0003,4373,1FHO,A,1,1,1,109,109,ALA,7.74,121.32,108,115.0,116.0,,ALA,mapped,True,False,test,1
CC0003,4373,1FHO,A,1,1,1,110,110,GLU,7.9,119.57,109,116.0,117.0,,GLU,mapped,True,False,test,1
CC0003,4373,1FHO,A,1,1,1,111,111,ARG,7.93,121.9,110,117.0,118.0,,ARG,mapped,True,False,test,1
CC0003,4373,1FHO,A,1,1,1,112,112,ASP,7.86,127.61,111,118.0,119.0,,ASP,mapped,True,False,test,1
CC0079,4771,1S62,A,1,1,1,3,3,PHE,8.29,121.05,2,2.0,3.0,,PHE,mapped,True,False,test,3
CC0079,4771,1S62,A,1,1,1,4,4,GLY,8.28,110.28,3,3.0,4.0,,GLY,mapped,True,False,test,3
CC0079,4771,1S62,A,1,1,1,5,5,ASN,8.21,118.8,4,4.0,5.0,,ASN,mapped,True,False,test,3
CC0079,4771,1S62,A,1,1,1,6,6,THR,8.04,114.33,5,5.0,6.0,,THR,mapped,True,False,test,3
CC0079,4771,1S62,A,1,1,1,7,7,LYS,8.2,123.12,6,6.0,7.0,,LYS,mapped,True,False,test,3
CC0079,4771,1S62,A,1,1,1,9,9,ASN,8.12,113.61,8,8.0,9.0,,ASN,mapped,True,False,test,3
CC0079,4771,1S62,A,1,1,1,10,10,GLY,8.21,108.62,9,9.0,10.0,,GLY,mapped,True,False,test,3
CC0079,4771,1S62,A,1,1,1,11,11,ALA,8.06,123.47,10,10.0,11.0,,ALA,mapped,True,False,test,3
CC0079,4771,1S62,A,1,1,1,12,12,SER,8.71,117.44,11,11.0,12.0,,SER,mapped,True,False,test,3
CC0079,4771,1S62,A,1,1,1,13,13,GLY,8.65,110.27,12,12.0,13.0,,GLY,mapped,True,False,test,3
CC0079,4771,1S62,A,1,1,1,14,14,ALA,8.16,123.55,13,13.0,14.0,,ALA,mapped,True,False,test,3
CC0079,4771,1S62,A,1,1,1,15,15,ASP,7.9,119.29,14,14.0,15.0,,ASP,mapped,True,False,test,3
CC0079,4771,1S62,A,1,1,1,16,16,ILE,8.02,121.38,15,15.0,16.0,,ILE,mapped,True,False,test,3
CC0079,4771,1S62,A,1,1,1,17,17,ASN,8.33,118.28,16,16.0,17.0,,ASN,mapped,True,False,test,3
CC0079,4771,1S62,A,1,1,1,18,18,ASN,8.63,119.4,17,17.0,18.0,,ASN,mapped,True,False,test,3
CC0079,4771,1S62,A,1,1,1,19,19,TYR,7.93,121.83,18,18.0,19.0,,TYR,mapped,True,False,test,3
CC0079,4771,1S62,A,1,1,1,20,20,ALA,8.49,121.15,19,19.0,20.0,,ALA,mapped,True,False,test,3
CC0079,4771,1S62,A,1,1,1,21,21,GLY,7.84,103.37,20,20.0,21.0,,GLY,mapped,True,False,test,3
CC0079,4771,1S62,A,1,1,1,22,22,GLN,7.65,122.68,21,21.0,22.0,,GLN,mapped,True,False,test,3
CC0079,4771,1S62,A,1,1,1,23,23,ILE,7.9,121.37,22,22.0,23.0,,ILE,mapped,True,False,test,3
CC0079,4771,1S62,A,1,1,1,24,24,LYS,8.1,118.03,23,23.0,24.0,,LYS,mapped,True,False,test,3
CC0079,4771,1S62,A,1,1,1,25,25,SER,8.32,113.77,24,24.0,25.0,,SER,mapped,True,False,test,3
CC0079,4771,1S62,A,1,1,1,26,26,ALA,7.74,125.2,25,25.0,26.0,,ALA,mapped,True,False,test,3
CC0079,4771,1S62,A,1,1,1,27,27,ILE,7.78,118.31,26,26.0,27.0,,ILE,mapped,True,False,test,3
CC0079,4771,1S62,A,1,1,1,28,28,GLU,8.77,119.04,27,27.0,28.0,,GLU,mapped,True,False,test,3
CC0079,4771,1S62,A,1,1,1,29,29,SER,7.94,112.96,28,28.0,29.0,,SER,mapped,True,False,test,3
CC0079,4771,1S62,A,1,1,1,30,30,LYS,7.21,118.09,29,29.0,30.0,,LYS,mapped,True,False,test,3
CC0079,4771,1S62,A,1,1,1,31,31,PHE,7.61,122.61,30,30.0,31.0,,PHE,mapped,True,False,test,3
CC0079,4771,1S62,A,1,1,1,32,32,TYR,7.93,124.43,31,31.0,32.0,,TYR,mapped,True,False,test,3
CC0079,4771,1S62,A,1,1,1,33,33,ASP,8.28,119.35,32,32.0,33.0,,ASP,mapped,True,False,test,3
CC0079,4771,1S62,A,1,1,1,34,34,ALA,8.16,124.23,33,33.0,34.0,,ALA,mapped,True,False,test,3
CC0079,4771,1S62,A,1,1,1,35,35,SER,8.39,112.21,34,34.0,35.0,,SER,mapped,True,False,test,3
CC0079,4771,1S62,A,1,1,1,36,36,SER,7.72,117.41,35,35.0,36.0,,SER,mapped,True,False,test,3
CC0079,4771,1S62,A,1,1,1,37,37,TYR,7.69,119.08,36,36.0,37.0,,TYR,mapped,True,False,test,3
CC0079,4771,1S62,A,1,1,1,38,38,ALA,7.0,121.75,37,37.0,38.0,,ALA,mapped,True,False,test,3
CC0079,4771,1S62,A,1,1,1,39,39,GLY,8.57,111.06,38,38.0,39.0,,GLY,mapped,True,False,test,3
CC0079,4771,1S62,A,1,1,1,40,40,LYS,7.83,120.34,39,39.0,40.0,,LYS,mapped,True,False,test,3
CC0079,4771,1S62,A,1,1,1,41,41,THR,8.13,111.81,40,40.0,41.0,,THR,mapped,True,False,test,3
CC0079,4771,1S62,A,1,1,1,42,42,CYS,8.58,121.86,41,41.0,42.0,,CYS,mapped,True,False,test,3
CC0079,4771,1S62,A,1,1,1,43,43,THR,8.92,128.91,42,42.0,43.0,,THR,mapped,True,False,test,3
CC0079,4771,1S62,A,1,1,1,44,44,LEU,9.13,128.45,43,43.0,44.0,,LEU,mapped,True,False,test,3
CC0079,4771,1S62,A,1,1,1,45,45,ARG,9.12,123.21,44,44.0,45.0,,ARG,mapped,True,False,test,3
CC0079,4771,1S62,A,1,1,1,46,46,ILE,8.89,126.6,45,45.0,46.0,,ILE,mapped,True,False,test,3
CC0079,4771,1S62,A,1,1,1,47,47,LYS,7.86,121.6,46,46.0,47.0,,LYS,mapped,True,False,test,3
CC0079,4771,1S62,A,1,1,1,48,48,LEU,8.12,123.9,47,47.0,48.0,,LEU,mapped,True,False,test,3
CC0079,4771,1S62,A,1,1,1,49,49,ALA,9.02,126.15,48,48.0,49.0,,ALA,mapped,True,False,test,3
CC0079,4771,1S62,A,1,1,1,51,51,ASP,7.47,111.79,50,50.0,51.0,,ASP,mapped,True,False,test,3
CC0079,4771,1S62,A,1,1,1,52,52,GLY,8.4,109.03,51,51.0,52.0,,GLY,mapped,True,False,test,3
CC0079,4771,1S62,A,1,1,1,53,53,MET,7.37,117.46,52,52.0,53.0,,MET,mapped,True,False,test,3
CC0079,4771,1S62,A,1,1,1,54,54,LEU,8.58,125.39,53,53.0,54.0,,LEU,mapped,True,False,test,3
CC0079,4771,1S62,A,1,1,1,55,55,LEU,8.92,128.91,54,54.0,55.0,,LEU,mapped,True,False,test,3
CC0079,4771,1S62,A,1,1,1,56,56,ASP,7.72,115.16,55,55.0,56.0,,ASP,mapped,True,False,test,3
CC0079,4771,1S62,A,1,1,1,57,57,ILE,7.9,119.29,56,56.0,57.0,,ILE,mapped,True,False,test,3
CC0079,4771,1S62,A,1,1,1,58,58,LYS,8.31,124.67,57,57.0,58.0,,LYS,mapped,True,False,test,3
CC0079,4771,1S62,A,1,1,1,60,60,GLU,9.3,123.66,59,59.0,60.0,,GLU,mapped,True,False,test,3
CC0079,4771,1S62,A,1,1,1,61,61,GLY,7.58,107.03,60,60.0,61.0,,GLY,mapped,True,False,test,3
CC0079,4771,1S62,A,1,1,1,62,62,GLY,8.28,106.92,61,61.0,62.0,,GLY,mapped,True,False,test,3
CC0079,4771,1S62,A,1,1,1,63,63,ASP,8.36,122.61,62,62.0,63.0,,ASP,mapped,True,False,test,3
CC0079,4771,1S62,A,1,1,1,65,65,ALA,7.88,120.97,64,64.0,65.0,,ALA,mapped,True,False,test,3
CC0079,4771,1S62,A,1,1,1,66,66,LEU,8.72,121.96,65,65.0,66.0,,LEU,mapped,True,False,test,3
CC0079,4771,1S62,A,1,1,1,67,67,CYS,9.01,115.22,66,66.0,67.0,,CYS,mapped,True,False,test,3
CC0079,4771,1S62,A,1,1,1,68,68,GLN,7.97,118.56,67,67.0,68.0,,GLN,mapped,True,False,test,3
CC0079,4771,1S62,A,1,1,1,69,69,ALA,7.61,123.24,68,68.0,69.0,,ALA,mapped,True,False,test,3
CC0079,4771,1S62,A,1,1,1,70,70,ALA,8.97,122.38,69,69.0,70.0,,ALA,mapped,True,False,test,3
CC0079,4771,1S62,A,1,1,1,71,71,LEU,7.94,118.44,70,70.0,71.0,,LEU,mapped,True,False,test,3
CC0079,4771,1S62,A,1,1,1,72,72,ALA,7.02,119.11,71,71.0,72.0,,ALA,mapped,True,False,test,3
CC0079,4771,1S62,A,1,1,1,73,73,ALA,7.26,119.92,72,72.0,73.0,,ALA,mapped,True,False,test,3
CC0079,4771,1S62,A,1,1,1,74,74,ALA,8.33,118.28,73,73.0,74.0,,ALA,mapped,True,False,test,3
CC0079,4771,1S62,A,1,1,1,75,75,LYS,7.16,113.56,74,74.0,75.0,,LYS,mapped,True,False,test,3
CC0079,4771,1S62,A,1,1,1,76,76,LEU,7.1,116.8,75,75.0,76.0,,LEU,mapped,True,False,test,3
CC0079,4771,1S62,A,1,1,1,77,77,ALA,7.07,121.65,76,76.0,77.0,,ALA,mapped,True,False,test,3
CC0079,4771,1S62,A,1,1,1,78,78,LYS,8.43,123.24,77,77.0,78.0,,LYS,mapped,True,False,test,3
CC0079,4771,1S62,A,1,1,1,79,79,ILE,8.46,129.56,78,78.0,79.0,,ILE,mapped,True,False,test,3
CC0079,4771,1S62,A,1,1,1,81,81,LYS,8.34,122.9,80,80.0,81.0,,LYS,mapped,True,False,test,3
CC0079,4771,1S62,A,1,1,1,84,84,SER,6.73,108.0,83,83.0,84.0,,SER,mapped,True,False,test,3
CC0079,4771,1S62,A,1,1,1,86,86,ALA,8.27,120.28,85,85.0,86.0,,ALA,mapped,True,False,test,3
CC0079,4771,1S62,A,1,1,1,87,87,VAL,7.38,116.41,86,86.0,87.0,,VAL,mapped,True,False,test,3
CC0079,4771,1S62,A,1,1,1,88,88,TYR,8.02,121.38,87,87.0,88.0,,TYR,mapped,True,False,test,3
CC0079,4771,1S62,A,1,1,1,89,89,GLU,8.08,114.6,88,88.0,89.0,,GLU,mapped,True,False,test,3
CC0079,4771,1S62,A,1,1,1,90,90,VAL,6.92,116.5,89,89.0,90.0,,VAL,mapped,True,False,test,3
CC0079,4771,1S62,A,1,1,1,91,91,PHE,7.42,115.88,90,90.0,91.0,,PHE,mapped,True,False,test,3
CC0079,4771,1S62,A,1,1,1,92,92,LYS,7.4,117.66,91,91.0,92.0,,LYS,mapped,True,False,test,3
CC0079,4771,1S62,A,1,1,1,93,93,ASN,7.2,115.13,92,92.0,93.0,,ASN,mapped,True,False,test,3
CC0079,4771,1S62,A,1,1,1,94,94,ALA,8.47,126.21,93,93.0,94.0,,ALA,mapped,True,False,test,3
CC0079,4771,1S62,A,1,1,1,96,96,LEU,9.07,122.65,95,95.0,96.0,,LEU,mapped,True,False,test,3
CC0079,4771,1S62,A,1,1,1,97,97,ASP,8.68,125.91,96,96.0,97.0,,ASP,mapped,True,False,test,3
CC0079,4771,1S62,A,1,1,1,98,98,PHE,9.08,125.81,97,97.0,98.0,,PHE,mapped,True,False,test,3
CC0079,4771,1S62,A,1,1,1,99,99,LYS,7.56,127.51,98,98.0,99.0,,LYS,mapped,True,False,test,3
CC0079,4771,1S62,A,1,1,1,101,101,HIS,8.95,120.61,100,100.0,101.0,,HIS,mapped,True,False,test,3
CC0079,4771,1S62,A,1,1,1,102,102,HIS,7.96,125.48,101,101.0,102.0,,HIS,mapped,True,False,test,3
CC0015,4425,3BDO,A,1,1,1,1,1,ALA,8.285,122.875,0,0.0,75.0,,ALA,mapped,True,False,test,18
CC0015,4425,3BDO,A,1,1,1,2,2,ALA,8.211,122.025,1,1.0,76.0,,ALA,mapped,True,False,test,18
CC0015,4425,3BDO,A,1,1,1,3,3,GLU,8.312,119.098,2,2.0,77.0,,GLU,mapped,True,False,test,18
CC0015,4425,3BDO,A,1,1,1,4,4,ILE,8.078,121.338,3,3.0,78.0,,ILE,mapped,True,False,test,18
CC0015,4425,3BDO,A,1,1,1,5,5,SER,8.301,119.407,4,4.0,79.0,,SER,mapped,True,False,test,18
CC0015,4425,3BDO,A,1,1,1,6,6,GLY,8.108,108.692,5,5.0,80.0,,GLY,mapped,True,False,test,18
CC0015,4425,3BDO,A,1,1,1,7,7,HIS,8.849,119.098,6,6.0,81.0,,HIS,mapped,True,False,test,18
CC0015,4425,3BDO,A,1,1,1,8,8,ILE,8.503,127.555,7,7.0,82.0,,ILE,mapped,True,False,test,18
CC0015,4425,3BDO,A,1,1,1,9,9,VAL,9.026,128.048,8,8.0,83.0,,VAL,mapped,True,False,test,18
CC0015,4425,3BDO,A,1,1,1,10,10,ARG,8.843,128.28,9,9.0,84.0,,ARG,mapped,True,False,test,18
CC0015,4425,3BDO,A,1,1,1,11,11,SER,8.516,112.687,10,10.0,85.0,,SER,mapped,True,False,test,18
CC0015,4425,3BDO,A,1,1,1,13,13,MET,7.847,114.323,12,12.0,87.0,,MET,mapped,True,False,test,18
CC0015,4425,3BDO,A,1,1,1,14,14,VAL,8.172,120.807,13,13.0,88.0,,VAL,mapped,True,False,test,18
CC0015,4425,3BDO,A,1,1,1,15,15,GLY,8.01,112.139,14,14.0,89.0,,GLY,mapped,True,False,test,18
CC0015,4425,3BDO,A,1,1,1,16,16,THR,9.082,119.711,15,15.0,90.0,,THR,mapped,True,False,test,18
CC0015,4425,3BDO,A,1,1,1,17,17,PHE,8.798,129.107,16,16.0,91.0,,PHE,mapped,True,False,test,18
CC0015,4425,3BDO,A,1,1,1,18,18,TYR,8.912,122.123,17,17.0,92.0,,TYR,mapped,True,False,test,18
CC0015,4425,3BDO,A,1,1,1,19,19,ARG,8.565,117.199,18,18.0,93.0,,ARG,mapped,True,False,test,18
CC0015,4425,3BDO,A,1,1,1,20,20,THR,7.556,108.607,19,19.0,94.0,,THR,mapped,True,False,test,18
CC0015,4425,3BDO,A,1,1,1,22,22,SER,7.179,111.875,21,21.0,96.0,,SER,mapped,True,False,test,18
CC0015,4425,3BDO,A,1,1,1,24,24,ASP,8.3,113.794,23,23.0,98.0,,ASP,mapped,True,False,test,18
CC0015,4425,3BDO,A,1,1,1,25,25,ALA,7.353,122.675,24,24.0,99.0,,ALA,mapped,True,False,test,18
CC0015,4425,3BDO,A,1,1,1,26,26,LYS,8.073,118.575,25,25.0,100.0,,LYS,mapped,True,False,test,18
CC0015,4425,3BDO,A,1,1,1,27,27,ALA,8.471,122.664,26,26.0,101.0,,ALA,mapped,True,False,test,18
CC0015,4425,3BDO,A,1,1,1,28,28,PHE,7.448,117.058,27,27.0,102.0,,PHE,mapped,True,False,test,18
CC0015,4425,3BDO,A,1,1,1,29,29,ILE,7.677,105.377,28,28.0,103.0,,ILE,mapped,True,False,test,18
CC0015,4425,3BDO,A,1,1,1,30,30,GLU,7.297,116.397,29,29.0,104.0,,GLU,mapped,True,False,test,18
CC0015,4425,3BDO,A,1,1,1,31,31,VAL,9.075,121.407,30,30.0,105.0,,VAL,mapped,True,False,test,18
CC0015,4425,3BDO,A,1,1,1,32,32,GLY,9.326,115.734,31,31.0,106.0,,GLY,mapped,True,False,test,18
CC0015,4425,3BDO,A,1,1,1,33,33,GLN,7.903,120.988,32,32.0,107.0,,GLN,mapped,True,False,test,18
CC0015,4425,3BDO,A,1,1,1,34,34,LYS,8.759,124.775,33,33.0,108.0,,LYS,mapped,True,False,test,18
CC0015,4425,3BDO,A,1,1,1,35,35,VAL,9.257,116.886,34,34.0,109.0,,VAL,mapped,True,False,test,18
CC0015,4425,3BDO,A,1,1,1,36,36,ASN,9.078,121.968,35,35.0,110.0,,ASN,mapped,True,False,test,18
CC0015,4425,3BDO,A,1,1,1,37,37,VAL,8.113,119.616,36,36.0,111.0,,VAL,mapped,True,False,test,18
CC0015,4425,3BDO,A,1,1,1,38,38,GLY,8.957,115.535,37,37.0,112.0,,GLY,mapped,True,False,test,18
CC0015,4425,3BDO,A,1,1,1,39,39,ASP,8.206,121.645,38,38.0,113.0,,ASP,mapped,True,False,test,18
CC0015,4425,3BDO,A,1,1,1,40,40,THR,8.827,119.735,39,39.0,114.0,,THR,mapped,True,False,test,18
CC0015,4425,3BDO,A,1,1,1,41,41,LEU,9.242,122.034,40,40.0,115.0,,LEU,mapped,True,False,test,18
CC0015,4425,3BDO,A,1,1,1,42,42,CYS,7.517,108.354,41,41.0,116.0,,CYS,mapped,True,False,test,18
CC0015,4425,3BDO,A,1,1,1,43,43,ILE,8.439,117.978,42,42.0,117.0,,ILE,mapped,True,False,test,18
CC0015,4425,3BDO,A,1,1,1,44,44,VAL,8.742,123.083,43,43.0,118.0,,VAL,mapped,True,False,test,18
CC0015,4425,3BDO,A,1,1,1,45,45,GLU,9.956,131.552,44,44.0,119.0,,GLU,mapped,True,False,test,18
CC0015,4425,3BDO,A,1,1,1,46,46,ALA,8.828,129.488,45,45.0,120.0,,ALA,mapped,True,False,test,18
CC0015,4425,3BDO,A,1,1,1,47,47,MET,9.573,121.792,46,46.0,121.0,,MET,mapped,True,False,test,18
CC0015,4425,3BDO,A,1,1,1,48,48,LYS,8.858,109.703,47,47.0,122.0,,LYS,mapped,True,False,test,18
CC0015,4425,3BDO,A,1,1,1,49,49,MET,8.1,119.296,48,48.0,123.0,,MET,mapped,True,False,test,18
CC0015,4425,3BDO,A,1,1,1,50,50,MET,8.749,121.99,49,49.0,124.0,,MET,mapped,True,False,test,18
CC0015,4425,3BDO,A,1,1,1,51,51,ASN,7.962,121.848,50,50.0,125.0,,ASN,mapped,True,False,test,18
CC0015,4425,3BDO,A,1,1,1,52,52,GLN,9.067,123.736,51,51.0,126.0,,GLN,mapped,True,False,test,18
CC0015,4425,3BDO,A,1,1,1,53,53,ILE,8.39,125.758,52,52.0,127.0,,ILE,mapped,True,False,test,18
CC0015,4425,3BDO,A,1,1,1,54,54,GLU,8.811,125.953,53,53.0,128.0,,GLU,mapped,True,False,test,18
CC0015,4425,3BDO,A,1,1,1,55,55,ALA,9.027,121.726,54,54.0,129.0,,ALA,mapped,True,False,test,18
CC0015,4425,3BDO,A,1,1,1,56,56,ASP,8.704,121.451,55,55.0,130.0,,ASP,mapped,True,False,test,18
CC0015,4425,3BDO,A,1,1,1,57,57,LYS,7.324,119.598,56,56.0,131.0,,LYS,mapped,True,False,test,18
CC0015,4425,3BDO,A,1,1,1,58,58,SER,8.337,116.677,57,57.0,132.0,,SER,mapped,True,False,test,18
CC0015,4425,3BDO,A,1,1,1,59,59,GLY,8.385,109.269,58,58.0,133.0,,GLY,mapped,True,False,test,18
CC0015,4425,3BDO,A,1,1,1,60,60,THR,9.193,118.752,59,59.0,134.0,,THR,mapped,True,False,test,18
CC0015,4425,3BDO,A,1,1,1,61,61,VAL,9.134,125.804,60,60.0,135.0,,VAL,mapped,True,False,test,18
CC0015,4425,3BDO,A,1,1,1,62,62,LYS,9.33,132.463,61,61.0,136.0,,LYS,mapped,True,False,test,18
CC0015,4425,3BDO,A,1,1,1,63,63,ALA,7.668,116.59,62,62.0,137.0,,ALA,mapped,True,False,test,18
CC0015,4425,3BDO,A,1,1,1,64,64,ILE,8.899,122.425,63,63.0,138.0,,ILE,mapped,True,False,test,18
CC0015,4425,3BDO,A,1,1,1,65,65,LEU,8.373,123.646,64,64.0,139.0,,LEU,mapped,True,False,test,18
CC0015,4425,3BDO,A,1,1,1,66,66,VAL,6.714,115.605,65,65.0,140.0,,VAL,mapped,True,False,test,18
CC0015,4425,3BDO,A,1,1,1,67,67,GLU,8.129,123.017,66,66.0,141.0,,GLU,mapped,True,False,test,18
CC0015,4425,3BDO,A,1,1,1,68,68,SER,9.008,115.681,67,67.0,142.0,,SER,mapped,True,False,test,18
CC0015,4425,3BDO,A,1,1,1,69,69,GLY,9.713,114.523,68,68.0,143.0,,GLY,mapped,True,False,test,18
CC0015,4425,3BDO,A,1,1,1,70,70,GLN,7.774,120.268,69,69.0,144.0,,GLN,mapped,True,False,test,18
CC0015,4425,3BDO,A,1,1,1,72,72,VAL,9.187,113.492,71,71.0,146.0,,VAL,mapped,True,False,test,18
CC0015,4425,3BDO,A,1,1,1,73,73,GLU,8.197,119.901,72,72.0,147.0,,GLU,mapped,True,False,test,18
CC0015,4425,3BDO,A,1,1,1,74,74,PHE,8.276,120.169,73,73.0,148.0,,PHE,mapped,True,False,test,18
CC0015,4425,3BDO,A,1,1,1,75,75,ASP,8.541,124.856,74,74.0,149.0,,ASP,mapped,True,False,test,18
CC0015,4425,3BDO,A,1,1,1,76,76,GLU,7.692,121.637,75,75.0,150.0,,GLU,mapped,True,False,test,18
CC0015,4425,3BDO,A,1,1,1,78,78,LEU,8.957,120.097,77,77.0,152.0,,LEU,mapped,True,False,test,18
CC0015,4425,3BDO,A,1,1,1,79,79,VAL,7.383,115.046,78,78.0,153.0,,VAL,mapped,True,False,test,18
CC0015,4425,3BDO,A,1,1,1,80,80,VAL,8.688,125.09,79,79.0,154.0,,VAL,mapped,True,False,test,18
CC0015,4425,3BDO,A,1,1,1,81,81,ILE,9.49,129.575,80,80.0,155.0,,ILE,mapped,True,False,test,18
CC0015,4425,3BDO,A,1,1,1,82,82,GLU,9.277,132.54,81,81.0,156.0,,GLU,mapped,True,False,test,18
CC0031,4494,3LRI,A,1,1,1,1,1,MET,8.22,121.9,0,0.0,1.0,,MET,mapped,True,False,test,21
CC0031,4494,3LRI,A,1,1,1,2,2,PHE,8.65,125.8,1,1.0,2.0,,PHE,mapped,True,False,test,21
CC0031,4494,3LRI,A,1,1,1,4,4,ALA,8.36,126.3,3,3.0,4.0,,ALA,mapped,True,False,test,21
CC0031,4494,3LRI,A,1,1,1,5,5,MET,8.24,121.9,4,4.0,5.0,,MET,mapped,True,False,test,21
CC0031,4494,3LRI,A,1,1,1,7,7,LEU,8.22,122.1,6,6.0,7.0,,LEU,mapped,True,False,test,21
CC0031,4494,3LRI,A,1,1,1,8,8,SER,8.23,119.3,7,7.0,8.0,,SER,mapped,True,False,test,21
CC0031,4494,3LRI,A,1,1,1,9,9,SER,8.31,119.5,8,8.0,9.0,,SER,mapped,True,False,test,21
CC0031,4494,3LRI,A,1,1,1,10,10,LEU,7.92,129.2,9,9.0,10.0,,LEU,mapped,True,False,test,21
CC0031,4494,3LRI,A,1,1,1,11,11,PHE,8.35,119.7,10,10.0,11.0,,PHE,mapped,True,False,test,21
CC0031,4494,3LRI,A,1,1,1,12,12,VAL,7.4,121.6,11,11.0,12.0,,VAL,mapped,True,False,test,21
CC0031,4494,3LRI,A,1,1,1,13,13,ASN,8.49,124.3,12,12.0,13.0,,ASN,mapped,True,False,test,21
CC0031,4494,3LRI,A,1,1,1,14,14,GLY,8.13,110.9,13,13.0,14.0,,GLY,mapped,True,False,test,21
CC0031,4494,3LRI,A,1,1,1,16,16,ARG,8.56,119.3,15,15.0,16.0,,ARG,mapped,True,False,test,21
CC0031,4494,3LRI,A,1,1,1,17,17,THR,8.07,115.3,16,16.0,17.0,,THR,mapped,True,False,test,21
CC0031,4494,3LRI,A,1,1,1,18,18,LEU,8.31,123.7,17,17.0,18.0,,LEU,mapped,True,False,test,21
CC0031,4494,3LRI,A,1,1,1,19,19,CYS,8.38,119.7,18,18.0,19.0,,CYS,mapped,True,False,test,21
CC0031,4494,3LRI,A,1,1,1,20,20,GLY,7.74,110.0,19,19.0,20.0,,GLY,mapped,True,False,test,21
CC0031,4494,3LRI,A,1,1,1,21,21,ALA,8.98,130.3,20,20.0,21.0,,ALA,mapped,True,False,test,21
CC0031,4494,3LRI,A,1,1,1,22,22,GLU,8.0,118.1,21,21.0,22.0,,GLU,mapped,True,False,test,21
CC0031,4494,3LRI,A,1,1,1,23,23,LEU,6.88,121.7,22,22.0,23.0,,LEU,mapped,True,False,test,21
CC0031,4494,3LRI,A,1,1,1,24,24,VAL,7.29,119.3,23,23.0,24.0,,VAL,mapped,True,False,test,21
CC0031,4494,3LRI,A,1,1,1,25,25,ASP,8.09,128.1,24,24.0,25.0,,ASP,mapped,True,False,test,21
CC0031,4494,3LRI,A,1,1,1,26,26,ALA,7.92,124.1,25,25.0,26.0,,ALA,mapped,True,False,test,21
CC0031,4494,3LRI,A,1,1,1,27,27,LEU,8.11,120.5,26,26.0,27.0,,LEU,mapped,True,False,test,21
CC0031,4494,3LRI,A,1,1,1,28,28,GLN,8.34,119.9,27,27.0,28.0,,GLN,mapped,True,False,test,21
CC0031,4494,3LRI,A,1,1,1,29,29,PHE,7.84,120.6,28,28.0,29.0,,PHE,mapped,True,False,test,21
CC0031,4494,3LRI,A,1,1,1,30,30,VAL,8.7,119.2,29,29.0,30.0,,VAL,mapped,True,False,test,21
CC0031,4494,3LRI,A,1,1,1,31,31,CYS,8.67,117.1,30,30.0,31.0,,CYS,mapped,True,False,test,21
CC0031,4494,3LRI,A,1,1,1,32,32,GLY,7.72,110.4,31,31.0,32.0,,GLY,mapped,True,False,test,21
CC0031,4494,3LRI,A,1,1,1,33,33,ASP,8.85,125.3,32,32.0,33.0,,ASP,mapped,True,False,test,21
CC0031,4494,3LRI,A,1,1,1,34,34,ARG,8.11,119.7,33,33.0,34.0,,ARG,mapped,True,False,test,21
CC0031,4494,3LRI,A,1,1,1,35,35,GLY,7.38,105.0,34,34.0,35.0,,GLY,mapped,True,False,test,21
CC0031,4494,3LRI,A,1,1,1,36,36,PHE,7.53,115.2,35,35.0,36.0,,PHE,mapped,True,False,test,21
CC0031,4494,3LRI,A,1,1,1,37,37,TYR,8.66,120.7,36,36.0,37.0,,TYR,mapped,True,False,test,21
CC0031,4494,3LRI,A,1,1,1,38,38,PHE,8.48,119.6,37,37.0,38.0,,PHE,mapped,True,False,test,21
CC0031,4494,3LRI,A,1,1,1,39,39,ASN,8.18,119.8,38,38.0,39.0,,ASN,mapped,True,False,test,21
CC0031,4494,3LRI,A,1,1,1,40,40,LYS,8.43,123.9,39,39.0,40.0,,LYS,mapped,True,False,test,21
CC0031,4494,3LRI,A,1,1,1,42,42,THR,8.15,115.3,41,41.0,42.0,,THR,mapped,True,False,test,21
CC0031,4494,3LRI,A,1,1,1,43,43,GLY,8.3,111.8,42,42.0,43.0,,GLY,mapped,True,False,test,21
CC0031,4494,3LRI,A,1,1,1,44,44,TYR,8.11,121.6,43,43.0,44.0,,TYR,mapped,True,False,test,21
CC0031,4494,3LRI,A,1,1,1,45,45,GLY,8.39,112.5,44,44.0,45.0,,GLY,mapped,True,False,test,21
CC0031,4494,3LRI,A,1,1,1,46,46,SER,8.2,117.2,45,45.0,46.0,,SER,mapped,True,False,test,21
CC0031,4494,3LRI,A,1,1,1,47,47,SER,8.19,118.6,46,46.0,47.0,,SER,mapped,True,False,test,21
CC0031,4494,3LRI,A,1,1,1,48,48,SER,8.38,118.8,47,47.0,48.0,,SER,mapped,True,False,test,21
CC0031,4494,3LRI,A,1,1,1,49,49,ARG,8.16,123.7,48,48.0,49.0,,ARG,mapped,True,False,test,21
CC0031,4494,3LRI,A,1,1,1,50,50,ARG,8.15,122.6,49,49.0,50.0,,ARG,mapped,True,False,test,21
CC0031,4494,3LRI,A,1,1,1,51,51,ALA,8.12,127.5,50,50.0,51.0,,ALA,mapped,True,False,test,21
CC0031,4494,3LRI,A,1,1,1,53,53,GLN,8.48,121.5,52,52.0,53.0,,GLN,mapped,True,False,test,21
CC0031,4494,3LRI,A,1,1,1,54,54,THR,8.09,115.6,53,53.0,54.0,,THR,mapped,True,False,test,21
CC0031,4494,3LRI,A,1,1,1,55,55,GLY,8.6,113.2,54,54.0,55.0,,GLY,mapped,True,False,test,21
CC0031,4494,3LRI,A,1,1,1,56,56,ILE,7.89,122.4,55,55.0,56.0,,ILE,mapped,True,False,test,21
CC0031,4494,3LRI,A,1,1,1,57,57,VAL,8.04,123.6,56,56.0,57.0,,VAL,mapped,True,False,test,21
CC0031,4494,3LRI,A,1,1,1,58,58,ASP,7.81,121.8,57,57.0,58.0,,ASP,mapped,True,False,test,21
CC0031,4494,3LRI,A,1,1,1,59,59,GLU,8.24,119.9,58,58.0,59.0,,GLU,mapped,True,False,test,21
CC0031,4494,3LRI,A,1,1,1,60,60,CYS,8.26,113.6,59,59.0,60.0,,CYS,mapped,True,False,test,21
CC0031,4494,3LRI,A,1,1,1,61,61,CYS,7.36,117.2,60,60.0,61.0,,CYS,mapped,True,False,test,21
CC0031,4494,3LRI,A,1,1,1,62,62,PHE,7.72,117.3,61,61.0,62.0,,PHE,mapped,True,False,test,21
CC0031,4494,3LRI,A,1,1,1,63,63,ARG,7.53,119.9,62,62.0,63.0,,ARG,mapped,True,False,test,21
CC0031,4494,3LRI,A,1,1,1,64,64,SER,7.83,113.3,63,63.0,64.0,,SER,mapped,True,False,test,21
CC0031,4494,3LRI,A,1,1,1,65,65,CYS,8.01,117.7,64,64.0,65.0,,CYS,mapped,True,False,test,21
CC0031,4494,3LRI,A,1,1,1,66,66,ASP,7.95,118.3,65,65.0,66.0,,ASP,mapped,True,False,test,21
CC0031,4494,3LRI,A,1,1,1,67,67,LEU,7.59,123.6,66,66.0,67.0,,LEU,mapped,True,False,test,21
CC0031,4494,3LRI,A,1,1,1,68,68,ARG,7.86,119.9,67,67.0,68.0,,ARG,mapped,True,False,test,21
CC0031,4494,3LRI,A,1,1,1,69,69,ARG,7.8,117.7,68,68.0,69.0,,ARG,mapped,True,False,test,21
CC0031,4494,3LRI,A,1,1,1,70,70,LEU,8.3,124.3,69,69.0,70.0,,LEU,mapped,True,False,test,21
CC0031,4494,3LRI,A,1,1,1,71,71,GLU,8.09,114.8,70,70.0,71.0,,GLU,mapped,True,False,test,21
CC0031,4494,3LRI,A,1,1,1,72,72,MET,7.61,118.9,71,71.0,72.0,,MET,mapped,True,False,test,21
CC0031,4494,3LRI,A,1,1,1,73,73,TYR,7.98,117.0,72,72.0,73.0,,TYR,mapped,True,False,test,21
CC0031,4494,3LRI,A,1,1,1,74,74,CYS,7.26,116.9,73,73.0,74.0,,CYS,mapped,True,False,test,21
CC0031,4494,3LRI,A,1,1,1,75,75,ALA,8.35,128.6,74,74.0,75.0,,ALA,mapped,True,False,test,21
CC0031,4494,3LRI,A,1,1,1,77,77,LEU,8.3,123.9,76,76.0,77.0,,LEU,mapped,True,False,test,21
CC0031,4494,3LRI,A,1,1,1,78,78,LYS,8.34,125.5,77,77.0,78.0,,LYS,mapped,True,False,test,21
CC0031,4494,3LRI,A,1,1,1,80,80,ALA,8.18,125.7,79,79.0,80.0,,ALA,mapped,True,False,test,21
CC0031,4494,3LRI,A,1,1,1,81,81,LYS,8.02,123.3,80,80.0,81.0,,LYS,mapped,True,False,test,21
CC0031,4494,3LRI,A,1,1,1,82,82,SER,8.01,113.8,81,81.0,82.0,,SER,mapped,True,False,test,21
CC0031,4494,3LRI,A,1,1,1,83,83,ALA,8.03,132.1,82,82.0,83.0,,ALA,mapped,True,False,test,21
CC0010,4397,1B2T,A,1,1,1,2,2,GLN,8.76,123.21,1,1.0,1.0,,GLN,mapped,True,False,test,23
CC0010,4397,1B2T,A,1,1,1,3,3,HIS,8.7,120.64,2,2.0,2.0,,HIS,mapped,True,False,test,23
CC0010,4397,1B2T,A,1,1,1,4,4,HIS,8.62,120.67,3,3.0,3.0,,HIS,mapped,True,False,test,23
CC0010,4397,1B2T,A,1,1,1,5,5,GLY,8.51,110.79,4,4.0,4.0,,GLY,mapped,True,False,test,23
CC0010,4397,1B2T,A,1,1,1,6,6,VAL,8.15,119.58,5,5.0,5.0,,VAL,mapped,True,False,test,23
CC0010,4397,1B2T,A,1,1,1,7,7,THR,8.34,119.94,6,6.0,6.0,,THR,mapped,True,False,test,23
CC0010,4397,1B2T,A,1,1,1,8,8,LYS,8.4,125.09,7,7.0,7.0,,LYS,mapped,True,False,test,23
CC0010,4397,1B2T,A,1,1,1,9,9,CYS,8.48,121.65,8,8.0,8.0,,CYS,mapped,True,False,test,23
CC0010,4397,1B2T,A,1,1,1,10,10,ASN,9.15,124.75,9,9.0,9.0,,ASN,mapped,True,False,test,23
CC0010,4397,1B2T,A,1,1,1,11,11,ILE,7.69,117.16,10,10.0,10.0,,ILE,mapped,True,False,test,23
CC0010,4397,1B2T,A,1,1,1,12,12,THR,8.2,120.25,11,11.0,11.0,,THR,mapped,True,False,test,23
CC0010,4397,1B2T,A,1,1,1,13,13,CYS,8.2,122.84,12,12.0,12.0,,CYS,mapped,True,False,test,23
CC0010,4397,1B2T,A,1,1,1,14,14,SER,9.32,120.66,13,13.0,13.0,,SER,mapped,True,False,test,23
CC0010,4397,1B2T,A,1,1,1,15,15,LYS,8.1,122.55,14,14.0,14.0,,LYS,mapped,True,False,test,23
CC0010,4397,1B2T,A,1,1,1,16,16,MET,8.82,123.67,15,15.0,15.0,,MET,mapped,True,False,test,23
CC0010,4397,1B2T,A,1,1,1,17,17,THR,9.07,118.07,16,16.0,16.0,,THR,mapped,True,False,test,23
CC0010,4397,1B2T,A,1,1,1,18,18,SER,7.79,120.26,17,17.0,17.0,,SER,mapped,True,False,test,23
CC0010,4397,1B2T,A,1,1,1,19,19,LYS,7.51,117.99,18,18.0,18.0,,LYS,mapped,True,False,test,23
CC0010,4397,1B2T,A,1,1,1,20,20,ILE,5.33,128.06,19,19.0,19.0,,ILE,mapped,True,False,test,23
CC0010,4397,1B2T,A,1,1,1,22,22,VAL,8.04,123.09,21,21.0,21.0,,VAL,mapped,True,False,test,23
CC0010,4397,1B2T,A,1,1,1,23,23,ALA,8.43,121.58,22,22.0,22.0,,ALA,mapped,True,False,test,23
CC0010,4397,1B2T,A,1,1,1,24,24,LEU,7.74,115.01,23,23.0,23.0,,LEU,mapped,True,False,test,23
CC0010,4397,1B2T,A,1,1,1,25,25,LEU,7.7,118.19,24,24.0,24.0,,LEU,mapped,True,False,test,23
CC0010,4397,1B2T,A,1,1,1,26,26,ILE,8.82,110.12,25,25.0,25.0,,ILE,mapped,True,False,test,23
CC0010,4397,1B2T,A,1,1,1,27,27,HIS,7.67,118.05,26,26.0,26.0,,HIS,mapped,True,False,test,23
CC0010,4397,1B2T,A,1,1,1,28,28,TYR,7.85,118.89,27,27.0,27.0,,TYR,mapped,True,False,test,23
CC0010,4397,1B2T,A,1,1,1,29,29,GLN,8.7,115.63,28,28.0,28.0,,GLN,mapped,True,False,test,23
CC0010,4397,1B2T,A,1,1,1,30,30,GLN,9.09,122.2,29,29.0,29.0,,GLN,mapped,True,False,test,23
CC0010,4397,1B2T,A,1,1,1,31,31,ASN,8.69,121.58,30,30.0,30.0,,ASN,mapped,True,False,test,23
CC0010,4397,1B2T,A,1,1,1,32,32,GLN,7.98,123.66,31,31.0,31.0,,GLN,mapped,True,False,test,23
CC0010,4397,1B2T,A,1,1,1,33,33,ALA,8.76,125.72,32,32.0,32.0,,ALA,mapped,True,False,test,23
CC0010,4397,1B2T,A,1,1,1,34,34,SER,8.06,110.05,33,33.0,33.0,,SER,mapped,True,False,test,23
CC0010,4397,1B2T,A,1,1,1,35,35,CYS,7.63,119.74,34,34.0,34.0,,CYS,mapped,True,False,test,23
CC0010,4397,1B2T,A,1,1,1,36,36,GLY,8.34,112.13,35,35.0,35.0,,GLY,mapped,True,False,test,23
CC0010,4397,1B2T,A,1,1,1,37,37,LYS,8.03,122.43,36,36.0,36.0,,LYS,mapped,True,False,test,23
CC0010,4397,1B2T,A,1,1,1,38,38,ARG,8.31,122.6,37,37.0,37.0,,ARG,mapped,True,False,test,23
CC0010,4397,1B2T,A,1,1,1,39,39,ALA,7.82,123.77,38,38.0,38.0,,ALA,mapped,True,False,test,23
CC0010,4397,1B2T,A,1,1,1,40,40,ILE,9.04,119.42,39,39.0,39.0,,ILE,mapped,True,False,test,23
CC0010,4397,1B2T,A,1,1,1,41,41,ILE,9.35,126.18,40,40.0,40.0,,ILE,mapped,True,False,test,23
CC0010,4397,1B2T,A,1,1,1,42,42,LEU,9.41,128.33,41,41.0,41.0,,LEU,mapped,True,False,test,23
CC0010,4397,1B2T,A,1,1,1,43,43,GLU,8.55,121.8,42,42.0,42.0,,GLU,mapped,True,False,test,23
CC0010,4397,1B2T,A,1,1,1,44,44,THR,8.95,116.31,43,43.0,43.0,,THR,mapped,True,False,test,23
CC0010,4397,1B2T,A,1,1,1,45,45,ARG,8.65,119.04,44,44.0,44.0,,ARG,mapped,True,False,test,23
CC0010,4397,1B2T,A,1,1,1,46,46,GLN,7.4,114.52,45,45.0,45.0,,GLN,mapped,True,False,test,23
CC0010,4397,1B2T,A,1,1,1,47,47,HIS,8.4,112.84,46,46.0,46.0,,HIS,mapped,True,False,test,23
CC0010,4397,1B2T,A,1,1,1,48,48,ARG,7.07,117.72,47,47.0,47.0,,ARG,mapped,True,False,test,23
CC0010,4397,1B2T,A,1,1,1,49,49,LEU,7.85,120.47,48,48.0,48.0,,LEU,mapped,True,False,test,23
CC0010,4397,1B2T,A,1,1,1,50,50,PHE,8.98,117.68,49,49.0,49.0,,PHE,mapped,True,False,test,23
CC0010,4397,1B2T,A,1,1,1,51,51,CYS,9.22,120.65,50,50.0,50.0,,CYS,mapped,True,False,test,23
CC0010,4397,1B2T,A,1,1,1,52,52,ALA,9.81,127.41,51,51.0,51.0,,ALA,mapped,True,False,test,23
CC0010,4397,1B2T,A,1,1,1,53,53,ASP,8.68,122.93,52,52.0,52.0,,ASP,mapped,True,False,test,23
CC0010,4397,1B2T,A,1,1,1,55,55,LYS,8.2,115.31,54,54.0,54.0,,LYS,mapped,True,False,test,23
CC0010,4397,1B2T,A,1,1,1,56,56,GLU,7.56,119.24,55,55.0,55.0,,GLU,mapped,True,False,test,23
CC0010,4397,1B2T,A,1,1,1,57,57,GLN,9.02,126.11,56,56.0,56.0,,GLN,mapped,True,False,test,23
CC0010,4397,1B2T,A,1,1,1,58,58,TRP,8.96,115.75,57,57.0,57.0,,TRP,mapped,True,False,test,23
CC0010,4397,1B2T,A,1,1,1,59,59,VAL,6.18,125.63,58,58.0,58.0,,VAL,mapped,True,False,test,23
CC0010,4397,1B2T,A,1,1,1,60,60,LYS,7.3,120.9,59,59.0,59.0,,LYS,mapped,True,False,test,23
CC0010,4397,1B2T,A,1,1,1,61,61,ASP,8.7,119.28,60,60.0,60.0,,ASP,mapped,True,False,test,23
CC0010,4397,1B2T,A,1,1,1,62,62,ALA,8.07,124.99,61,61.0,61.0,,ALA,mapped,True,False,test,23
CC0010,4397,1B2T,A,1,1,1,63,63,MET,8.24,116.83,62,62.0,62.0,,MET,mapped,True,False,test,23
CC0010,4397,1B2T,A,1,1,1,64,64,GLN,7.71,116.69,63,63.0,63.0,,GLN,mapped,True,False,test,23
CC0010,4397,1B2T,A,1,1,1,65,65,HIS,8.13,117.95,64,64.0,64.0,,HIS,mapped,True,False,test,23
CC0010,4397,1B2T,A,1,1,1,66,66,LEU,8.53,120.72,65,65.0,65.0,,LEU,mapped,True,False,test,23
CC0010,4397,1B2T,A,1,1,1,67,67,ASP,8.92,122.12,66,66.0,66.0,,ASP,mapped,True,False,test,23
CC0010,4397,1B2T,A,1,1,1,68,68,ARG,7.92,120.26,67,67.0,67.0,,ARG,mapped,True,False,test,23
CC0010,4397,1B2T,A,1,1,1,69,69,GLN,7.9,119.2,68,68.0,68.0,,GLN,mapped,True,False,test,23
CC0010,4397,1B2T,A,1,1,1,70,70,ALA,7.94,122.17,69,69.0,69.0,,ALA,mapped,True,False,test,23
CC0010,4397,1B2T,A,1,1,1,71,71,ALA,7.87,120.99,70,70.0,70.0,,ALA,mapped,True,False,test,23
CC0010,4397,1B2T,A,1,1,1,72,72,ALA,7.79,121.01,71,71.0,71.0,,ALA,mapped,True,False,test,23
CC0010,4397,1B2T,A,1,1,1,73,73,LEU,7.85,119.26,72,72.0,72.0,,LEU,mapped,True,False,test,23
CC0010,4397,1B2T,A,1,1,1,74,74,THR,7.87,113.38,73,73.0,73.0,,THR,mapped,True,False,test,23
CC0010,4397,1B2T,A,1,1,1,75,75,ARG,8.17,122.87,74,74.0,74.0,,ARG,mapped,True,False,test,23
CC0010,4397,1B2T,A,1,1,1,76,76,ASN,8.44,120.17,75,75.0,75.0,,ASN,mapped,True,False,test,23
CC0010,4397,1B2T,A,1,1,1,77,77,GLY,7.94,115.41,76,76.0,76.0,,GLY,mapped,True,False,test,23
CC0062,4666,1DCZ,A,1,1,1,1,1,ALA,8.366,123.98,0,0.0,47.0,,ALA,mapped,True,False,test,25
CC0062,4666,1DCZ,A,1,1,1,2,2,GLY,8.444,108.52,1,1.0,48.0,,GLY,mapped,True,False,test,25
CC0062,4666,1DCZ,A,1,1,1,3,3,ALA,8.195,123.732,2,2.0,49.0,,ALA,mapped,True,False,test,25
CC0062,4666,1DCZ,A,1,1,1,4,4,GLY,8.454,108.365,3,3.0,50.0,,GLY,mapped,True,False,test,25
CC0062,4666,1DCZ,A,1,1,1,5,5,LYS,8.117,120.646,4,4.0,51.0,,LYS,mapped,True,False,test,25
CC0062,4666,1DCZ,A,1,1,1,6,6,ALA,8.301,125.378,5,5.0,52.0,,ALA,mapped,True,False,test,25
CC0062,4666,1DCZ,A,1,1,1,7,7,GLY,8.46,110.661,6,6.0,53.0,,GLY,mapped,True,False,test,25
CC0062,4666,1DCZ,A,1,1,1,8,8,GLU,8.405,121.278,7,7.0,54.0,,GLU,mapped,True,False,test,25
CC0062,4666,1DCZ,A,1,1,1,9,9,GLY,8.921,112.354,8,8.0,55.0,,GLY,mapped,True,False,test,25
CC0062,4666,1DCZ,A,1,1,1,10,10,GLU,7.903,119.93,9,9.0,56.0,,GLU,mapped,True,False,test,25
CC0062,4666,1DCZ,A,1,1,1,11,11,ILE,8.781,125.151,10,10.0,57.0,,ILE,mapped,True,False,test,25
CC0062,4666,1DCZ,A,1,1,1,13,13,ALA,8.75,123.296,12,12.0,59.0,,ALA,mapped,True,False,test,25
CC0062,4666,1DCZ,A,1,1,1,15,15,LEU,7.22,115.628,14,14.0,61.0,,LEU,mapped,True,False,test,25
CC0062,4666,1DCZ,A,1,1,1,16,16,ALA,7.951,118.976,15,15.0,62.0,,ALA,mapped,True,False,test,25
CC0062,4666,1DCZ,A,1,1,1,17,17,GLY,7.75,105.91,16,16.0,63.0,,GLY,mapped,True,False,test,25
CC0062,4666,1DCZ,A,1,1,1,18,18,THR,9.054,116.762,17,17.0,64.0,,THR,mapped,True,False,test,25
CC0062,4666,1DCZ,A,1,1,1,19,19,VAL,9.085,125.865,18,18.0,65.0,,VAL,mapped,True,False,test,25
CC0062,4666,1DCZ,A,1,1,1,20,20,SER,9.043,127.795,19,19.0,66.0,,SER,mapped,True,False,test,25
CC0062,4666,1DCZ,A,1,1,1,21,21,LYS,7.539,116.848,20,20.0,67.0,,LYS,mapped,True,False,test,25
CC0062,4666,1DCZ,A,1,1,1,22,22,ILE,9.492,124.993,21,21.0,68.0,,ILE,mapped,True,False,test,25
CC0062,4666,1DCZ,A,1,1,1,23,23,LEU,8.101,126.214,22,22.0,69.0,,LEU,mapped,True,False,test,25
CC0062,4666,1DCZ,A,1,1,1,24,24,VAL,7.047,108.791,23,23.0,70.0,,VAL,mapped,True,False,test,25
CC0062,4666,1DCZ,A,1,1,1,25,25,LYS,8.677,118.505,24,24.0,71.0,,LYS,mapped,True,False,test,25
CC0062,4666,1DCZ,A,1,1,1,26,26,GLU,8.732,119.861,25,25.0,72.0,,GLU,mapped,True,False,test,25
CC0062,4666,1DCZ,A,1,1,1,27,27,GLY,9.222,113.764,26,26.0,73.0,,GLY,mapped,True,False,test,25
CC0062,4666,1DCZ,A,1,1,1,28,28,ASP,8.076,121.561,27,27.0,74.0,,ASP,mapped,True,False,test,25
CC0062,4666,1DCZ,A,1,1,1,29,29,THR,8.691,115.898,28,28.0,75.0,,THR,mapped,True,False,test,25
CC0062,4666,1DCZ,A,1,1,1,30,30,VAL,9.151,118.246,29,29.0,76.0,,VAL,mapped,True,False,test,25
CC0062,4666,1DCZ,A,1,1,1,31,31,LYS,8.006,122.313,30,30.0,77.0,,LYS,mapped,True,False,test,25
CC0062,4666,1DCZ,A,1,1,1,32,32,ALA,8.916,123.312,31,31.0,78.0,,ALA,mapped,True,False,test,25
CC0062,4666,1DCZ,A,1,1,1,33,33,GLY,9.331,112.321,32,32.0,79.0,,GLY,mapped,True,False,test,25
CC0062,4666,1DCZ,A,1,1,1,34,34,GLN,8.421,123.246,33,33.0,80.0,,GLN,mapped,True,False,test,25
CC0062,4666,1DCZ,A,1,1,1,35,35,THR,8.927,125.185,34,34.0,81.0,,THR,mapped,True,False,test,25
CC0062,4666,1DCZ,A,1,1,1,36,36,VAL,9.233,117.792,35,35.0,82.0,,VAL,mapped,True,False,test,25
CC0062,4666,1DCZ,A,1,1,1,37,37,LEU,7.902,121.609,36,36.0,83.0,,LEU,mapped,True,False,test,25
CC0062,4666,1DCZ,A,1,1,1,38,38,VAL,8.98,122.228,37,37.0,84.0,,VAL,mapped,True,False,test,25
CC0062,4666,1DCZ,A,1,1,1,39,39,LEU,8.922,128.251,38,38.0,85.0,,LEU,mapped,True,False,test,25
CC0062,4666,1DCZ,A,1,1,1,40,40,GLU,9.505,123.753,39,39.0,86.0,,GLU,mapped,True,False,test,25
CC0062,4666,1DCZ,A,1,1,1,41,41,ALA,8.606,128.752,40,40.0,87.0,,ALA,mapped,True,False,test,25
CC0062,4666,1DCZ,A,1,1,1,42,42,MET,9.36,122.312,41,41.0,88.0,,MET,mapped,True,False,test,25
CC0062,4666,1DCZ,A,1,1,1,43,43,LYS,8.817,110.313,42,42.0,89.0,,LYS,mapped,True,False,test,25
CC0062,4666,1DCZ,A,1,1,1,44,44,MET,7.911,118.739,43,43.0,90.0,,MET,mapped,True,False,test,25
CC0062,4666,1DCZ,A,1,1,1,45,45,GLU,8.722,123.491,44,44.0,91.0,,GLU,mapped,True,False,test,25
CC0062,4666,1DCZ,A,1,1,1,46,46,THR,9.311,120.962,45,45.0,92.0,,THR,mapped,True,False,test,25
CC0062,4666,1DCZ,A,1,1,1,47,47,GLU,8.921,127.301,46,46.0,93.0,,GLU,mapped,True,False,test,25
CC0062,4666,1DCZ,A,1,1,1,48,48,ILE,8.802,123.81,47,47.0,94.0,,ILE,mapped,True,False,test,25
CC0062,4666,1DCZ,A,1,1,1,49,49,ASN,8.718,126.106,48,48.0,95.0,,ASN,mapped,True,False,test,25
CC0062,4666,1DCZ,A,1,1,1,50,50,ALA,9.082,124.711,49,49.0,96.0,,ALA,mapped,True,False,test,25
CC0062,4666,1DCZ,A,1,1,1,52,52,THR,7.331,108.132,51,51.0,98.0,,THR,mapped,True,False,test,25
CC0062,4666,1DCZ,A,1,1,1,53,53,ASP,8.214,119.362,52,52.0,99.0,,ASP,mapped,True,False,test,25
CC0062,4666,1DCZ,A,1,1,1,54,54,GLY,8.205,108.03,53,53.0,100.0,,GLY,mapped,True,False,test,25
CC0062,4666,1DCZ,A,1,1,1,55,55,LYS,8.984,121.126,54,54.0,101.0,,LYS,mapped,True,False,test,25
CC0062,4666,1DCZ,A,1,1,1,56,56,VAL,9.211,123.293,55,55.0,102.0,,VAL,mapped,True,False,test,25
CC0062,4666,1DCZ,A,1,1,1,57,57,GLU,9.009,133.006,56,56.0,103.0,,GLU,mapped,True,False,test,25
CC0062,4666,1DCZ,A,1,1,1,58,58,LYS,7.472,113.729,57,57.0,104.0,,LYS,mapped,True,False,test,25
CC0062,4666,1DCZ,A,1,1,1,59,59,VAL,9.709,128.239,58,58.0,105.0,,VAL,mapped,True,False,test,25
CC0062,4666,1DCZ,A,1,1,1,60,60,LEU,8.063,125.533,59,59.0,106.0,,LEU,mapped,True,False,test,25
CC0062,4666,1DCZ,A,1,1,1,61,61,VAL,7.022,109.035,60,60.0,107.0,,VAL,mapped,True,False,test,25
CC0062,4666,1DCZ,A,1,1,1,62,62,LYS,8.576,118.325,61,61.0,108.0,,LYS,mapped,True,False,test,25
CC0062,4666,1DCZ,A,1,1,1,63,63,GLU,8.751,120.18,62,62.0,109.0,,GLU,mapped,True,False,test,25
CC0062,4666,1DCZ,A,1,1,1,64,64,ARG,9.233,115.198,63,63.0,110.0,,ARG,mapped,True,False,test,25
CC0062,4666,1DCZ,A,1,1,1,65,65,ASP,8.064,121.118,64,64.0,111.0,,ASP,mapped,True,False,test,25
CC0062,4666,1DCZ,A,1,1,1,66,66,ALA,8.571,124.477,65,65.0,112.0,,ALA,mapped,True,False,test,25
CC0062,4666,1DCZ,A,1,1,1,67,67,VAL,9.085,115.686,66,66.0,113.0,,VAL,mapped,True,False,test,25
CC0062,4666,1DCZ,A,1,1,1,68,68,GLN,8.228,120.395,67,67.0,114.0,,GLN,mapped,True,False,test,25
CC0062,4666,1DCZ,A,1,1,1,69,69,GLY,8.566,107.111,68,68.0,115.0,,GLY,mapped,True,False,test,25
CC0062,4666,1DCZ,A,1,1,1,70,70,GLY,9.325,114.216,69,69.0,116.0,,GLY,mapped,True,False,test,25
CC0062,4666,1DCZ,A,1,1,1,71,71,GLN,7.85,122.289,70,70.0,117.0,,GLN,mapped,True,False,test,25
CC0062,4666,1DCZ,A,1,1,1,72,72,GLY,9.033,112.823,71,71.0,118.0,,GLY,mapped,True,False,test,25
CC0062,4666,1DCZ,A,1,1,1,73,73,LEU,8.882,121.01,72,72.0,119.0,,LEU,mapped,True,False,test,25
CC0062,4666,1DCZ,A,1,1,1,74,74,ILE,6.759,113.987,73,73.0,120.0,,ILE,mapped,True,False,test,25
CC0062,4666,1DCZ,A,1,1,1,75,75,LYS,9.312,128.243,74,74.0,121.0,,LYS,mapped,True,False,test,25
CC0062,4666,1DCZ,A,1,1,1,76,76,ILE,8.746,129.679,75,75.0,122.0,,ILE,mapped,True,False,test,25
CC0062,4666,1DCZ,A,1,1,1,77,77,GLY,9.091,121.645,76,76.0,123.0,,GLY,mapped,True,False,test,25
CC0012,4413,1COK,A,1,1,1,22,22,TYR,8.046,122.351,21,0.0,1.0,,TYR,mapped,True,False,test,34
CC0012,4413,1COK,A,1,1,1,23,23,HIS,8.408,122.438,22,1.0,2.0,,HIS,mapped,True,False,test,34
CC0012,4413,1COK,A,1,1,1,24,24,ALA,8.237,126.304,23,2.0,3.0,,ALA,mapped,True,False,test,34
CC0012,4413,1COK,A,1,1,1,25,25,ASP,8.84,125.668,24,3.0,4.0,,ASP,mapped,True,False,test,34
CC0012,4413,1COK,A,1,1,1,27,27,SER,8.637,115.688,26,5.0,6.0,,SER,mapped,True,False,test,34
CC0012,4413,1COK,A,1,1,1,28,28,LEU,7.731,128.006,27,6.0,7.0,,LEU,mapped,True,False,test,34
CC0012,4413,1COK,A,1,1,1,29,29,VAL,7.627,120.708,28,7.0,8.0,,VAL,mapped,True,False,test,34
CC0012,4413,1COK,A,1,1,1,30,30,SER,8.901,120.076,29,8.0,9.0,,SER,mapped,True,False,test,34
CC0012,4413,1COK,A,1,1,1,31,31,PHE,7.699,124.906,30,9.0,10.0,,PHE,mapped,True,False,test,34
CC0012,4413,1COK,A,1,1,1,32,32,LEU,8.022,118.542,31,10.0,11.0,,LEU,mapped,True,False,test,34
CC0012,4413,1COK,A,1,1,1,33,33,THR,8.419,118.654,32,11.0,12.0,,THR,mapped,True,False,test,34
CC0012,4413,1COK,A,1,1,1,34,34,GLY,8.294,113.783,33,12.0,13.0,,GLY,mapped,True,False,test,34
CC0012,4413,1COK,A,1,1,1,35,35,LEU,6.852,119.149,34,13.0,14.0,,LEU,mapped,True,False,test,34
CC0012,4413,1COK,A,1,1,1,36,36,GLY,7.792,107.891,35,14.0,15.0,,GLY,mapped,True,False,test,34
CC0012,4413,1COK,A,1,1,1,37,37,CYS,8.132,115.659,36,15.0,16.0,,CYS,mapped,True,False,test,34
CC0012,4413,1COK,A,1,1,1,39,39,ASN,8.61,118.356,38,17.0,18.0,,ASN,mapped,True,False,test,34
CC0012,4413,1COK,A,1,1,1,40,40,CYS,7.739,116.777,39,18.0,19.0,,CYS,mapped,True,False,test,34
CC0012,4413,1COK,A,1,1,1,41,41,ILE,7.613,123.184,40,19.0,20.0,,ILE,mapped,True,False,test,34
CC0012,4413,1COK,A,1,1,1,42,42,GLU,8.489,119.701,41,20.0,21.0,,GLU,mapped,True,False,test,34
CC0012,4413,1COK,A,1,1,1,43,43,TYR,7.199,120.121,42,21.0,22.0,,TYR,mapped,True,False,test,34
CC0012,4413,1COK,A,1,1,1,44,44,PHE,7.394,115.336,43,22.0,23.0,,PHE,mapped,True,False,test,34
CC0012,4413,1COK,A,1,1,1,45,45,THR,8.648,115.14,44,23.0,24.0,,THR,mapped,True,False,test,34
CC0012,4413,1COK,A,1,1,1,46,46,SER,8.242,119.611,45,24.0,25.0,,SER,mapped,True,False,test,34
CC0012,4413,1COK,A,1,1,1,47,47,GLN,7.088,120.356,46,25.0,26.0,,GLN,mapped,True,False,test,34
CC0012,4413,1COK,A,1,1,1,48,48,GLY,7.683,108.546,47,26.0,27.0,,GLY,mapped,True,False,test,34
CC0012,4413,1COK,A,1,1,1,49,49,LEU,7.663,125.051,48,27.0,28.0,,LEU,mapped,True,False,test,34
CC0012,4413,1COK,A,1,1,1,50,50,GLN,8.327,120.387,49,28.0,29.0,,GLN,mapped,True,False,test,34
CC0012,4413,1COK,A,1,1,1,51,51,SER,8.084,116.339,50,29.0,30.0,,SER,mapped,True,False,test,34
CC0012,4413,1COK,A,1,1,1,52,52,ILE,8.375,123.63,51,30.0,31.0,,ILE,mapped,True,False,test,34
CC0012,4413,1COK,A,1,1,1,53,53,TYR,7.329,122.269,52,31.0,32.0,,TYR,mapped,True,False,test,34
CC0012,4413,1COK,A,1,1,1,54,54,HIS,7.454,118.836,53,32.0,33.0,,HIS,mapped,True,False,test,34
CC0012,4413,1COK,A,1,1,1,55,55,LEU,7.387,120.218,54,33.0,34.0,,LEU,mapped,True,False,test,34
CC0012,4413,1COK,A,1,1,1,56,56,GLN,7.147,117.12,55,34.0,35.0,,GLN,mapped,True,False,test,34
CC0012,4413,1COK,A,1,1,1,57,57,ASN,8.276,117.106,56,35.0,36.0,,ASN,mapped,True,False,test,34
CC0012,4413,1COK,A,1,1,1,58,58,LEU,7.511,122.538,57,36.0,37.0,,LEU,mapped,True,False,test,34
CC0012,4413,1COK,A,1,1,1,59,59,THR,9.413,115.242,58,37.0,38.0,,THR,mapped,True,False,test,34
CC0012,4413,1COK,A,1,1,1,60,60,ILE,8.241,122.642,59,38.0,39.0,,ILE,mapped,True,False,test,34
CC0012,4413,1COK,A,1,1,1,61,61,GLU,8.301,124.709,60,39.0,40.0,,GLU,mapped,True,False,test,34
CC0012,4413,1COK,A,1,1,1,62,62,ASP,8.013,124.407,61,40.0,41.0,,ASP,mapped,True,False,test,34
CC0012,4413,1COK,A,1,1,1,63,63,LEU,7.856,119.273,62,41.0,42.0,,LEU,mapped,True,False,test,34
CC0012,4413,1COK,A,1,1,1,64,64,GLY,7.715,107.523,63,42.0,43.0,,GLY,mapped,True,False,test,34
CC0012,4413,1COK,A,1,1,1,65,65,ALA,8.0,129.939,64,43.0,44.0,,ALA,mapped,True,False,test,34
CC0012,4413,1COK,A,1,1,1,66,66,LEU,7.551,119.287,65,44.0,45.0,,LEU,mapped,True,False,test,34
CC0012,4413,1COK,A,1,1,1,67,67,LYS,7.737,113.074,66,45.0,46.0,,LYS,mapped,True,False,test,34
CC0012,4413,1COK,A,1,1,1,68,68,ILE,7.122,120.715,67,46.0,47.0,,ILE,mapped,True,False,test,34
CC0012,4413,1COK,A,1,1,1,70,70,GLU,9.041,126.885,69,48.0,49.0,,GLU,mapped,True,False,test,34
CC0012,4413,1COK,A,1,1,1,71,71,GLN,9.18,118.365,70,49.0,50.0,,GLN,mapped,True,False,test,34
CC0012,4413,1COK,A,1,1,1,72,72,TYR,7.685,119.047,71,50.0,51.0,,TYR,mapped,True,False,test,34
CC0012,4413,1COK,A,1,1,1,73,73,ARG,7.604,120.76,72,51.0,52.0,,ARG,mapped,True,False,test,34
CC0012,4413,1COK,A,1,1,1,74,74,MET,8.777,118.901,73,52.0,53.0,,MET,mapped,True,False,test,34
CC0012,4413,1COK,A,1,1,1,75,75,THR,8.041,120.328,74,53.0,54.0,,THR,mapped,True,False,test,34
CC0012,4413,1COK,A,1,1,1,76,76,ILE,8.115,123.232,75,54.0,55.0,,ILE,mapped,True,False,test,34
CC0012,4413,1COK,A,1,1,1,77,77,TRP,8.867,122.817,76,55.0,56.0,,TRP,mapped,True,False,test,34
CC0012,4413,1COK,A,1,1,1,78,78,ARG,9.119,119.942,77,56.0,57.0,,ARG,mapped,True,False,test,34
CC0012,4413,1COK,A,1,1,1,79,79,GLY,7.968,109.193,78,57.0,58.0,,GLY,mapped,True,False,test,34
CC0012,4413,1COK,A,1,1,1,80,80,LEU,8.549,125.019,79,58.0,59.0,,LEU,mapped,True,False,test,34
CC0012,4413,1COK,A,1,1,1,81,81,GLN,7.863,120.75,80,59.0,60.0,,GLN,mapped,True,False,test,34
CC0012,4413,1COK,A,1,1,1,82,82,ASP,7.875,121.678,81,60.0,61.0,,ASP,mapped,True,False,test,34
CC0012,4413,1COK,A,1,1,1,83,83,LEU,7.432,121.845,82,61.0,62.0,,LEU,mapped,True,False,test,34
CC0012,4413,1COK,A,1,1,1,84,84,LYS,7.674,120.651,83,62.0,63.0,,LYS,mapped,True,False,test,34
CC0012,4413,1COK,A,1,1,1,85,85,GLN,7.844,120.776,84,63.0,64.0,,GLN,mapped,True,False,test,34
CC0012,4413,1COK,A,1,1,1,86,86,GLY,8.162,111.07,85,64.0,65.0,,GLY,mapped,True,False,test,34
CC0012,4413,1COK,A,1,1,1,87,87,HIS,8.102,120.199,86,65.0,66.0,,HIS,mapped,True,False,test,34
CC0012,4413,1COK,A,1,1,1,88,88,ASP,8.382,123.632,87,66.0,67.0,,ASP,mapped,True,False,test,34
CC0012,4413,1COK,A,1,1,1,89,89,TYR,7.618,126.553,88,67.0,68.0,,TYR,mapped,True,False,test,34
CC0016,4428,1QQV,A,1,1,1,2,2,THR,8.18,120.2,1,1.0,11.0,,THR,mapped,True,False,test,37
CC0016,4428,1QQV,A,1,1,1,3,3,LYS,8.34,127.84,2,2.0,12.0,,LYS,mapped,True,False,test,37
CC0016,4428,1QQV,A,1,1,1,4,4,LEU,8.18,127.66,3,3.0,13.0,,LEU,mapped,True,False,test,37
CC0016,4428,1QQV,A,1,1,1,5,5,GLU,8.62,126.74,4,4.0,14.0,,GLU,mapped,True,False,test,37
CC0016,4428,1QQV,A,1,1,1,6,6,THR,7.69,117.49,5,5.0,15.0,,THR,mapped,True,False,test,37
CC0016,4428,1QQV,A,1,1,1,7,7,PHE,8.61,122.11,6,6.0,16.0,,PHE,mapped,True,False,test,37
CC0016,4428,1QQV,A,1,1,1,9,9,LEU,8.47,125.35,8,8.0,18.0,,LEU,mapped,True,False,test,37
CC0016,4428,1QQV,A,1,1,1,10,10,ASP,8.37,115.7,9,9.0,19.0,,ASP,mapped,True,False,test,37
CC0016,4428,1QQV,A,1,1,1,11,11,VAL,7.12,119.64,10,10.0,20.0,,VAL,mapped,True,False,test,37
CC0016,4428,1QQV,A,1,1,1,12,12,LEU,7.18,120.26,11,11.0,21.0,,LEU,mapped,True,False,test,37
CC0016,4428,1QQV,A,1,1,1,13,13,VAL,7.89,120.51,12,12.0,22.0,,VAL,mapped,True,False,test,37
CC0016,4428,1QQV,A,1,1,1,15,15,THR,7.26,117.76,14,14.0,24.0,,THR,mapped,True,False,test,37
CC0016,4428,1QQV,A,1,1,1,16,16,ALA,8.94,133.67,15,15.0,25.0,,ALA,mapped,True,False,test,37
CC0016,4428,1QQV,A,1,1,1,17,17,ALA,8.56,126.97,16,16.0,26.0,,ALA,mapped,True,False,test,37
CC0016,4428,1QQV,A,1,1,1,18,18,GLU,9.09,117.72,17,17.0,27.0,,GLU,mapped,True,False,test,37
CC0016,4428,1QQV,A,1,1,1,19,19,ASP,7.62,120.72,18,18.0,28.0,,ASP,mapped,True,False,test,37
CC0016,4428,1QQV,A,1,1,1,20,20,LEU,6.99,124.89,19,19.0,29.0,,LEU,mapped,True,False,test,37
CC0016,4428,1QQV,A,1,1,1,22,22,ARG,8.36,125.64,21,21.0,31.0,,ARG,mapped,True,False,test,37
CC0016,4428,1QQV,A,1,1,1,23,23,GLY,8.6,113.26,22,22.0,32.0,,GLY,mapped,True,False,test,37
CC0016,4428,1QQV,A,1,1,1,24,24,VAL,6.97,122.81,23,23.0,33.0,,VAL,mapped,True,False,test,37
CC0016,4428,1QQV,A,1,1,1,25,25,ASP,8.33,133.21,24,24.0,34.0,,ASP,mapped,True,False,test,37
CC0016,4428,1QQV,A,1,1,1,27,27,SER,8.46,116.73,26,26.0,36.0,,SER,mapped,True,False,test,37
CC0016,4428,1QQV,A,1,1,1,28,28,ARG,7.79,128.12,27,27.0,37.0,,ARG,mapped,True,False,test,37
CC0016,4428,1QQV,A,1,1,1,29,29,LYS,8.86,123.73,28,28.0,38.0,,LYS,mapped,True,False,test,37
CC0016,4428,1QQV,A,1,1,1,30,30,GLU,10.64,120.03,29,29.0,39.0,,GLU,mapped,True,False,test,37
CC0016,4428,1QQV,A,1,1,1,31,31,ASN,7.78,123.27,30,30.0,40.0,,ASN,mapped,True,False,test,37
CC0016,4428,1QQV,A,1,1,1,32,32,HIS,7.9,119.34,31,31.0,41.0,,HIS,mapped,True,False,test,37
CC0016,4428,1QQV,A,1,1,1,33,33,LEU,6.74,120.49,32,32.0,42.0,,LEU,mapped,True,False,test,37
CC0016,4428,1QQV,A,1,1,1,34,34,SER,9.9,122.81,33,33.0,43.0,,SER,mapped,True,False,test,37
CC0016,4428,1QQV,A,1,1,1,35,35,ASP,9.09,125.35,34,34.0,44.0,,ASP,mapped,True,False,test,37
CC0016,4428,1QQV,A,1,1,1,36,36,GLU,8.77,122.11,35,35.0,45.0,,GLU,mapped,True,False,test,37
CC0016,4428,1QQV,A,1,1,1,37,37,ASP,7.88,125.15,36,36.0,46.0,,ASP,mapped,True,False,test,37
CC0016,4428,1QQV,A,1,1,1,38,38,PHE,9.13,124.31,37,37.0,47.0,,PHE,mapped,True,False,test,37
CC0016,4428,1QQV,A,1,1,1,39,39,LYS,7.79,120.86,38,38.0,48.0,,LYS,mapped,True,False,test,37
CC0016,4428,1QQV,A,1,1,1,40,40,ALA,7.67,124.95,39,39.0,49.0,,ALA,mapped,True,False,test,37
CC0016,4428,1QQV,A,1,1,1,41,41,VAL,8.06,120.21,40,40.0,50.0,,VAL,mapped,True,False,test,37
CC0016,4428,1QQV,A,1,1,1,42,42,PHE,8.17,116.1,41,41.0,51.0,,PHE,mapped,True,False,test,37
CC0016,4428,1QQV,A,1,1,1,43,43,GLY,8.11,111.56,42,42.0,52.0,,GLY,mapped,True,False,test,37
CC0016,4428,1QQV,A,1,1,1,44,44,MET,7.39,115.43,43,43.0,53.0,,MET,mapped,True,False,test,37
CC0016,4428,1QQV,A,1,1,1,45,45,THR,8.08,110.22,44,44.0,54.0,,THR,mapped,True,False,test,37
CC0016,4428,1QQV,A,1,1,1,46,46,ARG,8.41,123.61,45,45.0,55.0,,ARG,mapped,True,False,test,37
CC0016,4428,1QQV,A,1,1,1,47,47,SER,8.04,116.6,46,46.0,56.0,,SER,mapped,True,False,test,37
CC0016,4428,1QQV,A,1,1,1,48,48,ALA,7.45,128.33,47,47.0,57.0,,ALA,mapped,True,False,test,37
CC0016,4428,1QQV,A,1,1,1,49,49,PHE,8.09,123.5,48,48.0,58.0,,PHE,mapped,True,False,test,37
CC0016,4428,1QQV,A,1,1,1,50,50,ALA,7.75,120.93,49,49.0,59.0,,ALA,mapped,True,False,test,37
CC0016,4428,1QQV,A,1,1,1,51,51,ASN,7.02,116.28,50,50.0,60.0,,ASN,mapped,True,False,test,37
CC0016,4428,1QQV,A,1,1,1,52,52,LEU,7.27,125.07,51,51.0,61.0,,LEU,mapped,True,False,test,37
CC0016,4428,1QQV,A,1,1,1,54,54,LEU,8.73,128.82,53,53.0,63.0,,LEU,mapped,True,False,test,37
CC0016,4428,1QQV,A,1,1,1,55,55,TRP,7.84,117.56,54,54.0,64.0,,TRP,mapped,True,False,test,37
CC0016,4428,1QQV,A,1,1,1,56,56,LYS,5.93,126.63,55,55.0,65.0,,LYS,mapped,True,False,test,37
CC0016,4428,1QQV,A,1,1,1,57,57,GLN,7.4,121.65,56,56.0,66.0,,GLN,mapped,True,False,test,37
CC0016,4428,1QQV,A,1,1,1,58,58,GLN,8.21,118.2,57,57.0,67.0,,GLN,mapped,True,False,test,37
CC0016,4428,1QQV,A,1,1,1,59,59,ASN,7.88,122.06,58,58.0,68.0,,ASN,mapped,True,False,test,37
CC0016,4428,1QQV,A,1,1,1,60,60,LEU,8.34,124.19,59,59.0,69.0,,LEU,mapped,True,False,test,37
CC0016,4428,1QQV,A,1,1,1,61,61,LYS,8.27,119.8,60,60.0,70.0,,LYS,mapped,True,False,test,37
CC0016,4428,1QQV,A,1,1,1,62,62,LYS,8.56,123.38,61,61.0,71.0,,LYS,mapped,True,False,test,37
CC0016,4428,1QQV,A,1,1,1,63,63,GLU,7.97,122.68,62,62.0,72.0,,GLU,mapped,True,False,test,37
CC0016,4428,1QQV,A,1,1,1,64,64,LYS,7.34,116.73,63,63.0,73.0,,LYS,mapped,True,False,test,37
CC0016,4428,1QQV,A,1,1,1,65,65,GLY,7.5,109.06,64,64.0,74.0,,GLY,mapped,True,False,test,37
CC0016,4428,1QQV,A,1,1,1,66,66,LEU,8.28,121.9,65,65.0,75.0,,LEU,mapped,True,False,test,37
CC0016,4428,1QQV,A,1,1,1,67,67,PHE,7.76,130.2,66,66.0,76.0,,PHE,mapped,True,False,test,37
CC0052,4619,1E0E,A,1,1,1,1,1,PHE,8.3,120.175,0,0.0,1.0,,PHE,mapped,True,False,test,45
CC0052,4619,1E0E,A,1,1,1,2,2,LEU,7.908,122.85,1,1.0,2.0,,LEU,mapped,True,False,test,45
CC0052,4619,1E0E,A,1,1,1,3,3,GLU,8.485,119.0,2,2.0,3.0,,GLU,mapped,True,False,test,45
CC0052,4619,1E0E,A,1,1,1,4,4,LYS,8.061,118.892,3,3.0,4.0,,LYS,mapped,True,False,test,45
CC0052,4619,1E0E,A,1,1,1,5,5,ILE,7.649,120.007,4,4.0,5.0,,ILE,mapped,True,False,test,45
CC0052,4619,1E0E,A,1,1,1,6,6,GLU,8.614,122.12,5,5.0,6.0,,GLU,mapped,True,False,test,45
CC0052,4619,1E0E,A,1,1,1,8,8,ALA,7.211,122.501,7,7.0,8.0,,ALA,mapped,True,False,test,45
CC0052,4619,1E0E,A,1,1,1,9,9,GLN,8.28,120.362,8,8.0,9.0,,GLN,mapped,True,False,test,45
CC0052,4619,1E0E,A,1,1,1,10,10,GLU,8.123,120.966,9,9.0,10.0,,GLU,mapped,True,False,test,45
CC0052,4619,1E0E,A,1,1,1,11,11,GLU,8.002,121.066,10,10.0,11.0,,GLU,mapped,True,False,test,45
CC0052,4619,1E0E,A,1,1,1,12,12,HIS,8.429,118.812,11,11.0,12.0,,HIS,mapped,True,False,test,45
CC0052,4619,1E0E,A,1,1,1,13,13,GLU,8.303,119.305,12,12.0,13.0,,GLU,mapped,True,False,test,45
CC0052,4619,1E0E,A,1,1,1,14,14,LYS,7.149,115.008,13,13.0,14.0,,LYS,mapped,True,False,test,45
CC0052,4619,1E0E,A,1,1,1,15,15,TYR,7.915,115.369,14,14.0,15.0,,TYR,mapped,True,False,test,45
CC0052,4619,1E0E,A,1,1,1,16,16,HIS,8.617,117.959,15,15.0,16.0,,HIS,mapped,True,False,test,45
CC0052,4619,1E0E,A,1,1,1,17,17,SER,6.661,111.196,16,16.0,17.0,,SER,mapped,True,False,test,45
CC0052,4619,1E0E,A,1,1,1,18,18,ASN,8.918,123.764,17,17.0,18.0,,ASN,mapped,True,False,test,45
CC0052,4619,1E0E,A,1,1,1,19,19,VAL,8.237,116.465,18,18.0,19.0,,VAL,mapped,True,False,test,45
CC0052,4619,1E0E,A,1,1,1,20,20,LYS,8.036,121.024,19,19.0,20.0,,LYS,mapped,True,False,test,45
CC0052,4619,1E0E,A,1,1,1,21,21,GLU,8.471,120.855,20,20.0,21.0,,GLU,mapped,True,False,test,45
CC0052,4619,1E0E,A,1,1,1,22,22,LEU,8.81,119.62,21,21.0,22.0,,LEU,mapped,True,False,test,45
CC0052,4619,1E0E,A,1,1,1,23,23,SER,8.481,115.093,22,22.0,23.0,,SER,mapped,True,False,test,45
CC0052,4619,1E0E,A,1,1,1,24,24,HIS,8.219,120.324,23,23.0,24.0,,HIS,mapped,True,False,test,45
CC0052,4619,1E0E,A,1,1,1,25,25,LYS,8.386,119.025,24,24.0,25.0,,LYS,mapped,True,False,test,45
CC0052,4619,1E0E,A,1,1,1,26,26,PHE,7.81,112.122,25,25.0,26.0,,PHE,mapped,True,False,test,45
CC0052,4619,1E0E,A,1,1,1,27,27,GLY,7.708,110.411,26,26.0,27.0,,GLY,mapped,True,False,test,45
CC0052,4619,1E0E,A,1,1,1,28,28,ILE,6.805,110.2,27,27.0,28.0,,ILE,mapped,True,False,test,45
CC0052,4619,1E0E,A,1,1,1,31,31,LEU,8.759,117.97,30,30.0,31.0,,LEU,mapped,True,False,test,45
CC0052,4619,1E0E,A,1,1,1,32,32,VAL,6.787,119.038,31,31.0,32.0,,VAL,mapped,True,False,test,45
CC0052,4619,1E0E,A,1,1,1,33,33,ALA,7.815,122.936,32,32.0,33.0,,ALA,mapped,True,False,test,45
CC0052,4619,1E0E,A,1,1,1,34,34,ARG,8.799,117.723,33,33.0,34.0,,ARG,mapped,True,False,test,45
CC0052,4619,1E0E,A,1,1,1,35,35,GLN,7.451,119.712,34,34.0,35.0,,GLN,mapped,True,False,test,45
CC0052,4619,1E0E,A,1,1,1,36,36,ILE,7.55,121.168,35,35.0,36.0,,ILE,mapped,True,False,test,45
CC0052,4619,1E0E,A,1,1,1,37,37,VAL,7.598,120.84,36,36.0,37.0,,VAL,mapped,True,False,test,45
CC0052,4619,1E0E,A,1,1,1,38,38,ASN,8.63,116.639,37,37.0,38.0,,ASN,mapped,True,False,test,45
CC0052,4619,1E0E,A,1,1,1,39,39,SER,7.338,113.951,38,38.0,39.0,,SER,mapped,True,False,test,45
CC0052,4619,1E0E,A,1,1,1,40,40,CYS,7.392,125.928,39,39.0,40.0,,CYS,mapped,True,False,test,45
CC0052,4619,1E0E,A,1,1,1,41,41,ALA,9.142,134.186,40,40.0,41.0,,ALA,mapped,True,False,test,45
CC0052,4619,1E0E,A,1,1,1,42,42,GLN,8.424,119.388,41,41.0,42.0,,GLN,mapped,True,False,test,45
CC0052,4619,1E0E,A,1,1,1,43,43,CYS,8.561,122.149,42,42.0,43.0,,CYS,mapped,True,False,test,45
CC0052,4619,1E0E,A,1,1,1,44,44,GLN,8.135,119.848,43,43.0,44.0,,GLN,mapped,True,False,test,45
CC0052,4619,1E0E,A,1,1,1,45,45,GLN,7.889,119.655,44,44.0,45.0,,GLN,mapped,True,False,test,45
CC0052,4619,1E0E,A,1,1,1,46,46,LYS,8.043,121.592,45,45.0,46.0,,LYS,mapped,True,False,test,45
CC0052,4619,1E0E,A,1,1,1,47,47,GLY,8.202,109.793,46,46.0,47.0,,GLY,mapped,True,False,test,45
CC0027,4514,1D2L,A,1,1,1,2,2,SER,8.29,118.4,1,1.0,2.0,,SER,mapped,True,False,test,49
CC0027,4514,1D2L,A,1,1,1,5,5,GLN,8.36,120.1,4,4.0,5.0,,GLN,mapped,True,False,test,49
CC0027,4514,1D2L,A,1,1,1,6,6,CYS,8.22,118.0,5,5.0,6.0,,CYS,mapped,True,False,test,49
CC0027,4514,1D2L,A,1,1,1,7,7,GLN,8.65,120.0,6,6.0,7.0,,GLN,mapped,True,False,test,49
CC0027,4514,1D2L,A,1,1,1,9,9,GLY,8.75,111.3,8,8.0,9.0,,GLY,mapped,True,False,test,49
CC0027,4514,1D2L,A,1,1,1,10,10,GLU,7.78,117.8,9,9.0,10.0,,GLU,mapped,True,False,test,49
CC0027,4514,1D2L,A,1,1,1,11,11,PHE,9.37,122.8,10,10.0,11.0,,PHE,mapped,True,False,test,49
CC0027,4514,1D2L,A,1,1,1,12,12,ALA,7.4,129.2,11,11.0,12.0,,ALA,mapped,True,False,test,49
CC0027,4514,1D2L,A,1,1,1,13,13,CYS,8.42,123.9,12,12.0,13.0,,CYS,mapped,True,False,test,49
CC0027,4514,1D2L,A,1,1,1,14,14,ALA,9.16,128.8,13,13.0,14.0,,ALA,mapped,True,False,test,49
CC0027,4514,1D2L,A,1,1,1,15,15,ASN,7.49,115.6,14,14.0,15.0,,ASN,mapped,True,False,test,49
CC0027,4514,1D2L,A,1,1,1,16,16,SER,7.66,109.3,15,15.0,16.0,,SER,mapped,True,False,test,49
CC0027,4514,1D2L,A,1,1,1,17,17,ARG,7.41,120.3,16,16.0,17.0,,ARG,mapped,True,False,test,49
CC0027,4514,1D2L,A,1,1,1,18,18,CYS,8.38,119.7,17,17.0,18.0,,CYS,mapped,True,False,test,49
CC0027,4514,1D2L,A,1,1,1,19,19,ILE,8.72,115.2,18,18.0,19.0,,ILE,mapped,True,False,test,49
CC0027,4514,1D2L,A,1,1,1,20,20,GLN,7.99,120.0,19,19.0,20.0,,GLN,mapped,True,False,test,49
CC0027,4514,1D2L,A,1,1,1,21,21,GLU,8.15,121.4,20,20.0,21.0,,GLU,mapped,True,False,test,49
CC0027,4514,1D2L,A,1,1,1,22,22,ARG,7.98,115.8,21,21.0,22.0,,ARG,mapped,True,False,test,49
CC0027,4514,1D2L,A,1,1,1,23,23,TRP,7.27,117.2,22,22.0,23.0,,TRP,mapped,True,False,test,49
CC0027,4514,1D2L,A,1,1,1,24,24,LYS,7.92,126.2,23,23.0,24.0,,LYS,mapped,True,False,test,49
CC0027,4514,1D2L,A,1,1,1,25,25,CYS,8.97,122.6,24,24.0,25.0,,CYS,mapped,True,False,test,49
CC0027,4514,1D2L,A,1,1,1,26,26,ASP,9.99,122.0,25,25.0,26.0,,ASP,mapped,True,False,test,49
CC0027,4514,1D2L,A,1,1,1,27,27,GLY,9.39,111.0,26,26.0,27.0,,GLY,mapped,True,False,test,49
CC0027,4514,1D2L,A,1,1,1,28,28,ASP,7.75,117.1,27,27.0,28.0,,ASP,mapped,True,False,test,49
CC0027,4514,1D2L,A,1,1,1,29,29,ASN,9.18,124.6,28,28.0,29.0,,ASN,mapped,True,False,test,49
CC0027,4514,1D2L,A,1,1,1,30,30,ASP,9.45,124.9,29,29.0,30.0,,ASP,mapped,True,False,test,49
CC0027,4514,1D2L,A,1,1,1,31,31,CYS,8.75,117.5,30,30.0,31.0,,CYS,mapped,True,False,test,49
CC0027,4514,1D2L,A,1,1,1,32,32,LEU,8.56,117.0,31,31.0,32.0,,LEU,mapped,True,False,test,49
CC0027,4514,1D2L,A,1,1,1,33,33,ASP,7.34,117.9,32,32.0,33.0,,ASP,mapped,True,False,test,49
CC0027,4514,1D2L,A,1,1,1,34,34,ASN,8.66,116.4,33,33.0,34.0,,ASN,mapped,True,False,test,49
CC0027,4514,1D2L,A,1,1,1,35,35,SER,9.01,117.3,34,34.0,35.0,,SER,mapped,True,False,test,49
CC0027,4514,1D2L,A,1,1,1,36,36,ASP,9.94,114.7,35,35.0,36.0,,ASP,mapped,True,False,test,49
CC0027,4514,1D2L,A,1,1,1,37,37,GLU,7.16,115.1,36,36.0,37.0,,GLU,mapped,True,False,test,49
CC0027,4514,1D2L,A,1,1,1,38,38,ALA,6.66,125.3,37,37.0,38.0,,ALA,mapped,True,False,test,49
CC0027,4514,1D2L,A,1,1,1,40,40,ALA,8.26,116.3,39,39.0,40.0,,ALA,mapped,True,False,test,49
CC0027,4514,1D2L,A,1,1,1,41,41,LEU,7.11,116.4,40,40.0,41.0,,LEU,mapped,True,False,test,49
CC0027,4514,1D2L,A,1,1,1,42,42,CYS,7.77,114.3,41,41.0,42.0,,CYS,mapped,True,False,test,49
CC0027,4514,1D2L,A,1,1,1,43,43,HIS,8.36,121.6,42,42.0,43.0,,HIS,mapped,True,False,test,49
CC0027,4514,1D2L,A,1,1,1,44,44,GLN,8.37,120.5,43,43.0,44.0,,GLN,mapped,True,False,test,49
CC0027,4514,1D2L,A,1,1,1,45,45,HIS,8.07,123.7,44,44.0,45.0,,HIS,mapped,True,False,test,49
