bmrb_id,selected_shift_list_id,entity_assembly_id,entity_id,comp_index_id,seq_id,comp_id,shift_h_raw,shift_n_raw
4232,1,1,1,10,10,ALA,8.16,124.2
4232,1,1,1,11,11,ARG,7.95,115.3
4232,1,1,1,12,12,ALA,7.65,119.3
4232,1,1,1,13,13,PHE,7.76,119.3
4232,1,1,1,14,14,LEU,7.46,118.8
4232,1,1,1,15,15,SER,8.12,116.9
4232,1,1,1,16,16,GLU,9.13,121.7
4232,1,1,1,17,17,GLU,9.01,120.1
4232,1,1,1,18,18,MET,7.99,122.5
4232,1,1,1,19,19,ILE,8.22,119.3
4232,1,1,1,2,2,SER,8.9,123.4
4232,1,1,1,20,20,ALA,7.86,120.5
4232,1,1,1,21,21,GLU,7.97,122.5
4232,1,1,1,22,22,PHE,9.21,122.1
4232,1,1,1,23,23,LYS,9.29,121.7
4232,1,1,1,24,24,ALA,7.92,120.1
4232,1,1,1,25,25,ALA,7.37,119.7
4232,1,1,1,26,26,PHE,8.41,119.4
4232,1,1,1,27,27,ASP,9.12,115.9
4232,1,1,1,28,28,MET,7.49,118.5
4232,1,1,1,29,29,PHE,7.73,116.4
4232,1,1,1,3,3,MET,9.06,123.8
4232,1,1,1,30,30,ASP,7.26,122.9
4232,1,1,1,31,31,ALA,8.34,127.5
4232,1,1,1,32,32,ASP,8.44,114.7
4232,1,1,1,33,33,GLY,8.17,111.9
4232,1,1,1,34,34,GLY,8.86,110.7
4232,1,1,1,35,35,GLY,10.44,113.6
4232,1,1,1,36,36,ASP,7.87,118.1
4232,1,1,1,37,37,ILE,8.34,110.9
4232,1,1,1,38,38,SER,8.72,114.5
4232,1,1,1,39,39,THR,8.71,119.3
4232,1,1,1,4,4,THR,8.25,115.3
4232,1,1,1,40,40,LYS,8.2,120.5
4232,1,1,1,41,41,GLU,7.58,116.2
4232,1,1,1,42,42,LEU,7.15,120.5
4232,1,1,1,43,43,GLY,8.97,106.5
4232,1,1,1,44,44,THR,7.57,118.6
4232,1,1,1,45,45,VAL,7.73,122.5
4232,1,1,1,46,46,MET,8.48,118.1
4232,1,1,1,47,47,ARG,8.29,118.8
4232,1,1,1,48,48,MET,8.02,122.2
4232,1,1,1,49,49,LEU,7.34,118.1
4232,1,1,1,5,5,ASP,8.51,120.9
4232,1,1,1,50,50,GLY,7.77,107.3
4232,1,1,1,51,51,GLN,8.08,118.6
4232,1,1,1,52,52,ASN,8.87,117.4
4232,1,1,1,54,54,THR,8.99,114.9
4232,1,1,1,55,55,LYS,8.98,122.6
4232,1,1,1,56,56,GLU,8.78,117.6
4232,1,1,1,57,57,GLU,7.95,121.7
4232,1,1,1,58,58,LEU,8.66,122.1
4232,1,1,1,59,59,ASP,8.75,119.7
4232,1,1,1,6,6,GLN,8.46,119.6
4232,1,1,1,60,60,ALA,7.52,122.1
4232,1,1,1,61,61,ILE,8.01,122.2
4232,1,1,1,62,62,ILE,8.55,120.9
4232,1,1,1,63,63,GLU,7.8,118.1
4232,1,1,1,64,64,GLU,7.53,117.7
4232,1,1,1,65,65,VAL,8.27,113.7
4232,1,1,1,66,66,ASP,8.36,122.4
4232,1,1,1,67,67,GLU,8.19,123.7
4232,1,1,1,68,68,ASP,8.63,116.1
4232,1,1,1,69,69,GLY,7.94,110.5
4232,1,1,1,7,7,GLN,8.01,122.9
4232,1,1,1,70,70,SER,9.17,119.7
4232,1,1,1,71,71,GLY,10.51,114.5
4232,1,1,1,72,72,THR,7.95,112.4
4232,1,1,1,73,73,ILE,8.88,117.2
4232,1,1,1,74,74,ASP,8.81,125.7
4232,1,1,1,75,75,PHE,8.37,118.5
4232,1,1,1,76,76,GLU,7.95,116.5
4232,1,1,1,77,77,GLU,8.48,119.7
4232,1,1,1,78,78,PHE,8.59,121.7
4232,1,1,1,79,79,LEU,8.18,119.4
4232,1,1,1,8,8,ALA,8.04,123.0
4232,1,1,1,80,80,VAL,7.31,117.8
4232,1,1,1,81,81,MET,7.78,119.0
4232,1,1,1,82,82,MET,8.33,119.8
4232,1,1,1,83,83,VAL,8.27,120.8
4232,1,1,1,84,84,ARG,7.67,119.2
4232,1,1,1,85,85,GLN,7.64,116.9
4232,1,1,1,86,86,MET,8.08,118.1
4232,1,1,1,87,87,LYS,7.88,120.1
4232,1,1,1,88,88,GLU,8.08,121.5
4232,1,1,1,89,89,ASP,8.3,122.1
4232,1,1,1,9,9,GLU,8.18,112.0
4232,1,1,1,90,90,ALA,7.88,129.9
4264,1,1,1,10,10,GLY,6.33,104.09
4264,1,1,1,100,100,ALA,10.46,121.28
4264,1,1,1,101,101,ASP,9.38,108.75
4264,1,1,1,102,102,ALA,7.53,122.52
4264,1,1,1,103,103,ALA,8.87,120.96
4264,1,1,1,104,104,ALA,8.25,117.46
4264,1,1,1,105,105,HIS,8.21,115.56
4264,1,1,1,106,106,GLU,8.16,117.29
4264,1,1,1,107,107,VAL,7.83,118.47
4264,1,1,1,108,108,ILE,8.28,120.21
4264,1,1,1,109,109,GLU,8.61,118.93
4264,1,1,1,11,11,ILE,8.52,117.64
4264,1,1,1,110,110,GLY,7.77,107.12
4264,1,1,1,111,111,GLN,7.74,121.62
4264,1,1,1,112,112,ALA,8.54,121.37
4264,1,1,1,113,113,SER,8.45,111.43
4264,1,1,1,114,114,ALA,7.42,123.59
4264,1,1,1,115,115,LEU,7.6,117.41
4264,1,1,1,116,116,GLU,7.76,115.96
4264,1,1,1,117,117,GLU,7.44,117.33
4264,1,1,1,118,118,LEU,7.15,118.51
4264,1,1,1,119,119,ASP,8.01,118.03
4264,1,1,1,12,12,ALA,8.49,127.2
4264,1,1,1,120,120,ASP,7.69,119.18
4264,1,1,1,121,121,GLU,8.99,126.81
4264,1,1,1,122,122,TYR,8.25,119.6
4264,1,1,1,123,123,LEU,8.07,120.0
4264,1,1,1,124,124,LYS,8.06,119.01
4264,1,1,1,125,125,GLU,7.63,120.03
4264,1,1,1,126,126,ARG,7.67,118.82
4264,1,1,1,127,127,ALA,8.1,121.63
4264,1,1,1,128,128,ALA,7.46,119.18
4264,1,1,1,13,13,PHE,8.53,120.61
4264,1,1,1,131,131,ARG,8.24,117.86
4264,1,1,1,132,132,ASP,7.99,121.51
4264,1,1,1,133,133,ILE,8.11,119.48
4264,1,1,1,134,134,GLY,8.75,107.59
4264,1,1,1,135,135,LYS,8.53,122.41
4264,1,1,1,136,136,ARG,7.63,119.31
4264,1,1,1,137,137,LEU,8.87,121.99
4264,1,1,1,138,138,LEU,8.91,118.91
4264,1,1,1,139,139,ARG,8.69,115.93
4264,1,1,1,14,14,GLY,8.18,107.6
4264,1,1,1,140,140,ASN,7.64,114.65
4264,1,1,1,141,141,ILE,8.74,122.1
4264,1,1,1,142,142,LEU,8.05,115.53
4264,1,1,1,143,143,GLY,7.62,108.73
4264,1,1,1,144,144,LEU,8.15,119.41
4264,1,1,1,145,145,LYS,8.4,120.02
4264,1,1,1,146,146,ILE,8.26,126.16
4264,1,1,1,147,147,ILE,8.83,129.02
4264,1,1,1,148,148,ASP,8.31,126.06
4264,1,1,1,149,149,LEU,8.5,125.84
4264,1,1,1,15,15,LYS,8.41,118.5
4264,1,1,1,150,150,SER,8.54,115.67
4264,1,1,1,151,151,ALA,7.41,124.54
4264,1,1,1,152,152,ILE,6.88,118.96
4264,1,1,1,153,153,GLN,8.66,124.88
4264,1,1,1,154,154,ASP,7.45,119.86
4264,1,1,1,155,155,GLU,8.1,117.39
4264,1,1,1,156,156,VAL,8.31,115.39
4264,1,1,1,157,157,ILE,8.58,121.02
4264,1,1,1,158,158,LEU,7.8,128.19
4264,1,1,1,159,159,VAL,8.69,125.12
4264,1,1,1,16,16,ALA,8.89,121.79
4264,1,1,1,160,160,ALA,8.27,125.78
4264,1,1,1,161,161,ALA,9.35,125.02
4264,1,1,1,162,162,ASP,7.5,109.63
4264,1,1,1,163,163,LEU,7.98,119.11
4264,1,1,1,164,164,THR,8.92,115.15
4264,1,1,1,166,166,SER,8.68,112.05
4264,1,1,1,167,167,GLU,7.43,121.22
4264,1,1,1,168,168,THR,8.36,110.19
4264,1,1,1,169,169,ALA,7.62,119.89
4264,1,1,1,17,17,LEU,8.57,126.67
4264,1,1,1,170,170,GLN,7.08,111.44
4264,1,1,1,171,171,LEU,7.1,116.67
4264,1,1,1,172,172,ASN,7.77,118.05
4264,1,1,1,173,173,LEU,8.3,125.32
4264,1,1,1,174,174,LYS,7.88,115.21
4264,1,1,1,175,175,LYS,7.5,115.57
4264,1,1,1,176,176,VAL,7.15,116.98
4264,1,1,1,177,177,LEU,8.79,123.07
4264,1,1,1,178,178,GLY,6.97,100.77
4264,1,1,1,179,179,PHE,7.8,114.83
4264,1,1,1,18,18,LEU,8.81,127.89
4264,1,1,1,180,180,ILE,8.8,119.43
4264,1,1,1,181,181,THR,8.24,111.42
4264,1,1,1,182,182,ASP,8.1,124.07
4264,1,1,1,183,183,ALA,8.57,121.95
4264,1,1,1,184,184,GLY,8.44,109.75
4264,1,1,1,185,185,GLY,7.79,104.06
4264,1,1,1,188,188,SER,7.44,117.09
4264,1,1,1,189,189,HIS,9.17,121.87
4264,1,1,1,19,19,LEU,8.96,129.1
4264,1,1,1,190,190,THR,8.45,114.3
4264,1,1,1,192,192,ILE,7.97,120.97
4264,1,1,1,193,193,MET,8.34,120.55
4264,1,1,1,194,194,ALA,8.5,121.8
4264,1,1,1,195,195,ARG,8.14,115.85
4264,1,1,1,196,196,SER,8.01,116.2
4264,1,1,1,197,197,LEU,7.55,120.25
4264,1,1,1,198,198,GLU,7.81,116.07
4264,1,1,1,199,199,LEU,8.13,119.48
4264,1,1,1,20,20,LYS,7.93,125.06
4264,1,1,1,201,201,ALA,8.67,118.76
4264,1,1,1,202,202,ILE,7.76,122.1
4264,1,1,1,203,203,VAL,8.33,116.02
4264,1,1,1,204,204,GLY,7.37,106.14
4264,1,1,1,205,205,THR,7.8,106.12
4264,1,1,1,206,206,GLY,9.97,115.28
4264,1,1,1,207,207,SER,7.77,112.5
4264,1,1,1,208,208,VAL,7.85,127.36
4264,1,1,1,209,209,THR,9.74,112.88
4264,1,1,1,21,21,GLU,8.67,124.89
4264,1,1,1,210,210,SER,7.63,114.17
4264,1,1,1,211,211,GLN,7.65,119.06
4264,1,1,1,212,212,VAL,7.3,118.57
4264,1,1,1,213,213,LYS,8.86,124.05
4264,1,1,1,214,214,ASN,8.46,118.16
4264,1,1,1,215,215,ASP,8.84,116.34
4264,1,1,1,216,216,ASP,7.89,120.84
4264,1,1,1,217,217,TYR,8.54,122.76
4264,1,1,1,218,218,LEU,8.58,126.8
4264,1,1,1,219,219,ILE,7.95,114.56
4264,1,1,1,22,22,ASP,8.68,122.63
4264,1,1,1,220,220,LEU,9.07,130.27
4264,1,1,1,221,221,ASP,8.59,124.41
4264,1,1,1,222,222,ALA,8.38,127.87
4264,1,1,1,223,223,VAL,8.69,117.7
4264,1,1,1,224,224,ASN,9.51,116.95
4264,1,1,1,225,225,ASN,7.58,116.95
4264,1,1,1,226,226,GLN,8.7,118.3
4264,1,1,1,227,227,VAL,7.85,120.97
4264,1,1,1,228,228,TYR,9.0,126.4
4264,1,1,1,229,229,VAL,8.46,122.91
4264,1,1,1,23,23,GLU,8.5,122.21
4264,1,1,1,230,230,ASN,10.03,124.15
4264,1,1,1,232,232,THR,7.74,108.65
4264,1,1,1,233,233,ASN,8.83,118.91
4264,1,1,1,234,234,GLU,8.53,118.34
4264,1,1,1,235,235,VAL,7.18,121.55
4264,1,1,1,236,236,ILE,8.01,120.65
4264,1,1,1,237,237,ASP,8.25,117.87
4264,1,1,1,238,238,LYS,7.68,120.61
4264,1,1,1,239,239,MET,8.46,117.31
4264,1,1,1,24,24,ILE,8.33,123.76
4264,1,1,1,240,240,ARG,9.03,123.79
4264,1,1,1,241,241,ALA,7.43,121.65
4264,1,1,1,242,242,VAL,7.66,120.28
4264,1,1,1,243,243,GLN,8.4,119.82
4264,1,1,1,244,244,GLU,8.06,118.7
4264,1,1,1,245,245,GLN,7.92,120.79
4264,1,1,1,246,246,VAL,8.41,119.64
4264,1,1,1,247,247,ALA,8.12,122.5
4264,1,1,1,248,248,SER,8.15,114.71
4264,1,1,1,249,249,GLU,8.08,122.34
4264,1,1,1,25,25,VAL,8.05,130.56
4264,1,1,1,250,250,LYS,8.0,119.59
4264,1,1,1,251,251,ALA,7.97,122.4
4264,1,1,1,252,252,GLU,8.04,118.31
4264,1,1,1,253,253,LEU,7.91,120.31
4264,1,1,1,254,254,ALA,7.82,121.45
4264,1,1,1,255,255,LYS,7.61,117.4
4264,1,1,1,256,256,LEU,7.76,120.45
4264,1,1,1,257,257,LYS,7.87,120.13
4264,1,1,1,258,258,ASP,8.13,120.78
4264,1,1,1,259,259,ARG,7.65,124.88
4264,1,1,1,26,26,ILE,7.89,126.35
4264,1,1,1,27,27,ASP,9.42,128.22
4264,1,1,1,28,28,ARG,8.21,123.89
4264,1,1,1,29,29,LYS,8.09,122.18
4264,1,1,1,3,3,SER,8.14,119.6
4264,1,1,1,30,30,LYS,8.24,122.75
4264,1,1,1,31,31,ILE,8.27,118.08
4264,1,1,1,32,32,SER,8.07,113.77
4264,1,1,1,33,33,ALA,8.69,123.7
4264,1,1,1,34,34,ASP,8.22,113.39
4264,1,1,1,35,35,GLN,7.78,118.07
4264,1,1,1,36,36,VAL,7.12,120.52
4264,1,1,1,37,37,ASP,8.51,118.32
4264,1,1,1,38,38,GLN,8.07,119.71
4264,1,1,1,39,39,GLU,8.15,121.68
4264,1,1,1,4,4,GLY,8.61,108.17
4264,1,1,1,40,40,VAL,8.72,121.69
4264,1,1,1,41,41,GLU,7.88,118.5
4264,1,1,1,42,42,ARG,8.19,121.4
4264,1,1,1,43,43,PHE,8.02,119.31
4264,1,1,1,44,44,LEU,8.51,120.49
4264,1,1,1,45,45,SER,9.01,116.16
4264,1,1,1,46,46,GLY,7.93,110.22
4264,1,1,1,47,47,ARG,8.74,122.56
4264,1,1,1,48,48,ALA,7.87,121.11
4264,1,1,1,49,49,LYS,7.64,119.03
4264,1,1,1,5,5,ILE,9.5,130.61
4264,1,1,1,50,50,ALA,8.0,121.31
4264,1,1,1,51,51,SER,8.14,114.64
4264,1,1,1,52,52,ALA,7.73,122.31
4264,1,1,1,53,53,GLN,7.89,117.41
4264,1,1,1,54,54,LEU,8.2,119.69
4264,1,1,1,55,55,GLU,8.52,121.46
4264,1,1,1,56,56,THR,7.58,116.22
4264,1,1,1,57,57,ILE,7.88,123.45
4264,1,1,1,58,58,LYS,8.71,120.48
4264,1,1,1,59,59,THR,7.7,114.17
4264,1,1,1,6,6,LEU,8.71,127.83
4264,1,1,1,60,60,LYS,7.91,122.84
4264,1,1,1,61,61,ALA,9.0,122.39
4264,1,1,1,62,62,GLY,8.3,105.3
4264,1,1,1,63,63,GLU,7.73,120.67
4264,1,1,1,64,64,THR,8.05,113.43
4264,1,1,1,65,65,PHE,8.64,116.96
4264,1,1,1,66,66,GLY,7.88,109.19
4264,1,1,1,67,67,GLU,8.63,119.29
4264,1,1,1,68,68,GLU,8.89,119.76
4264,1,1,1,69,69,LYS,7.59,116.98
4264,1,1,1,7,7,ALA,7.94,130.3
4264,1,1,1,70,70,GLU,7.77,119.23
4264,1,1,1,71,71,ALA,7.74,118.03
4264,1,1,1,72,72,ILE,7.37,118.34
4264,1,1,1,73,73,PHE,7.0,116.7
4264,1,1,1,74,74,GLU,8.24,120.98
4264,1,1,1,75,75,GLY,7.73,105.99
4264,1,1,1,76,76,HIS,7.75,121.63
4264,1,1,1,77,77,ILE,8.0,119.78
4264,1,1,1,78,78,MET,7.87,117.04
4264,1,1,1,79,79,LEU,8.05,119.23
4264,1,1,1,8,8,SER,7.57,110.95
4264,1,1,1,80,80,LEU,8.0,116.83
4264,1,1,1,81,81,GLU,7.98,112.73
4264,1,1,1,82,82,ASP,7.25,121.72
4264,1,1,1,83,83,GLU,9.24,128.15
4264,1,1,1,84,84,GLU,8.66,121.27
4264,1,1,1,85,85,LEU,8.0,122.39
4264,1,1,1,86,86,GLU,7.61,116.97
4264,1,1,1,87,87,GLN,7.98,115.51
4264,1,1,1,88,88,GLU,8.26,120.25
4264,1,1,1,89,89,ILE,7.81,119.33
4264,1,1,1,90,90,ILE,8.22,117.93
4264,1,1,1,91,91,ALA,8.06,120.65
4264,1,1,1,92,92,LEU,7.27,117.46
4264,1,1,1,93,93,ILE,7.5,119.99
4264,1,1,1,94,94,LYS,8.54,114.98
4264,1,1,1,95,95,ASP,8.88,114.92
4264,1,1,1,96,96,LYS,7.19,114.91
4264,1,1,1,97,97,HIS,7.31,115.65
4264,1,1,1,98,98,MET,7.27,116.72
4264,1,1,1,99,99,THR,8.35,105.92
4373,1,1,1,10,10,GLN,9.26,121.1
4373,1,1,1,100,100,ILE,8.75,121.22
4373,1,1,1,101,101,ALA,7.61,122.28
4373,1,1,1,102,102,GLU,8.08,119.34
4373,1,1,1,103,103,GLU,8.18,119.82
4373,1,1,1,104,104,GLN,8.53,119.57
4373,1,1,1,105,105,GLU,8.03,121.67
4373,1,1,1,106,106,LYS,7.94,120.28
4373,1,1,1,107,107,TYR,7.97,120.41
4373,1,1,1,108,108,ALA,7.76,123.26
4373,1,1,1,109,109,ALA,7.74,121.32
4373,1,1,1,11,11,VAL,8.88,124.59
4373,1,1,1,110,110,GLU,7.9,119.57
4373,1,1,1,111,111,ARG,7.93,121.9
4373,1,1,1,112,112,ASP,7.86,127.61
4373,1,1,1,12,12,TRP,9.83,132.96
4373,1,1,1,13,13,GLU,8.69,129.58
4373,1,1,1,14,14,GLY,8.51,116.05
4373,1,1,1,15,15,ASP,9.01,128.88
4373,1,1,1,16,16,GLU,8.28,122.41
4373,1,1,1,19,19,LYS,8.15,119.32
4373,1,1,1,2,2,ARG,7.97,121.07
4373,1,1,1,20,20,LEU,8.52,125.61
4373,1,1,1,21,21,ARG,9.21,126.03
4373,1,1,1,22,22,TYR,9.03,126.02
4373,1,1,1,23,23,VAL,8.86,133.17
4373,1,1,1,24,24,PHE,9.04,124.62
4373,1,1,1,25,25,LEU,8.7,125.65
4373,1,1,1,26,26,PHE,9.04,126.52
4373,1,1,1,29,29,LYS,7.86,121.77
4373,1,1,1,3,3,ILE,8.33,125.59
4373,1,1,1,30,30,ILE,8.14,123.67
4373,1,1,1,31,31,MET,9.23,127.71
4373,1,1,1,32,32,PHE,9.56,125.35
4373,1,1,1,33,33,THR,8.58,115.6
4373,1,1,1,34,34,GLU,8.96,120.96
4373,1,1,1,35,35,GLN,9.08,126.8
4373,1,1,1,36,36,ASP,8.9,128.74
4373,1,1,1,37,37,ALA,8.62,127.55
4373,1,1,1,38,38,SER,8.7,116.32
4373,1,1,1,39,39,THR,6.97,112.14
4373,1,1,1,4,4,ILE,8.95,131.41
4373,1,1,1,40,40,SER,8.21,116.4
4373,1,1,1,43,43,SER,7.94,117.07
4373,1,1,1,44,44,TYR,8.59,120.91
4373,1,1,1,48,48,SER,8.88,120.55
4373,1,1,1,49,49,SER,8.69,119.3
4373,1,1,1,5,5,ARG,7.13,116.86
4373,1,1,1,50,50,ILE,8.96,117.41
4373,1,1,1,51,51,ARG,8.6,124.38
4373,1,1,1,52,52,LEU,7.38,123.94
4373,1,1,1,53,53,ASP,8.72,117.11
4373,1,1,1,54,54,LYS,7.35,117.43
4373,1,1,1,55,55,TYR,7.67,119.46
4373,1,1,1,56,56,ASN,9.28,121.07
4373,1,1,1,57,57,ILE,8.97,127.46
4373,1,1,1,58,58,ARG,8.7,124.73
4373,1,1,1,59,59,GLN,8.79,122.53
4373,1,1,1,6,6,HIS,7.77,120.34
4373,1,1,1,60,60,HIS,8.69,128.44
4373,1,1,1,61,61,THR,7.51,117.5
4373,1,1,1,62,62,THR,8.68,113.62
4373,1,1,1,63,63,ASP,8.76,126.8
4373,1,1,1,64,64,GLU,8.4,124.12
4373,1,1,1,65,65,ASP,7.86,116.1
4373,1,1,1,66,66,THR,7.65,115.21
4373,1,1,1,67,67,ILE,9.21,128.64
4373,1,1,1,68,68,VAL,9.33,128.8
4373,1,1,1,69,69,LEU,8.96,127.86
4373,1,1,1,7,7,ASP,8.52,121.54
4373,1,1,1,70,70,GLN,9.03,126.08
4373,1,1,1,72,72,GLN,8.46,118.36
4373,1,1,1,73,73,GLU,7.05,117.96
4373,1,1,1,76,76,LEU,7.03,122.06
4373,1,1,1,78,78,SER,8.46,117.2
4373,1,1,1,79,79,PHE,8.45,118.08
4373,1,1,1,8,8,ALA,8.7,122.51
4373,1,1,1,80,80,ARG,8.99,121.95
4373,1,1,1,81,81,ILE,9.44,117.33
4373,1,1,1,82,82,LYS,9.36,126.54
4373,1,1,1,84,84,LYS,7.6,124.84
4373,1,1,1,85,85,ASP,8.05,118.09
4373,1,1,1,86,86,PHE,8.59,127.63
4373,1,1,1,87,87,GLU,9.02,120.14
4373,1,1,1,88,88,THR,6.97,131.78
4373,1,1,1,89,89,SER,7.14,118.56
4373,1,1,1,9,9,PHE,8.87,120.52
4373,1,1,1,90,90,GLU,8.41,121.64
4373,1,1,1,91,91,TYR,7.57,119.86
4373,1,1,1,92,92,VAL,8.5,121.88
4373,1,1,1,93,93,ARG,8.74,120.75
4373,1,1,1,94,94,LYS,8.3,117.88
4373,1,1,1,95,95,ALA,8.3,124.06
4373,1,1,1,96,96,TRP,8.69,118.74
4373,1,1,1,97,97,LEU,8.3,118.34
4373,1,1,1,98,98,ARG,7.79,120.7
4373,1,1,1,99,99,ASP,8.2,121.94
4378,1,1,1,100,100,LYS,8.92,121.01
4378,1,1,1,101,101,LEU,8.98,120.85
4378,1,1,1,102,102,ARG,8.08,119.74
4378,1,1,1,103,103,TRP,8.02,122.6
4378,1,1,1,104,104,ALA,9.06,120.68
4378,1,1,1,105,105,PHE,8.65,119.52
4378,1,1,1,106,106,LYS,7.24,115.41
4378,1,1,1,107,107,LEU,7.34,119.81
4378,1,1,1,108,108,TYR,7.4,113.78
4378,1,1,1,109,109,ASP,7.62,115.66
4378,1,1,1,11,11,GLU,10.06,118.51
4378,1,1,1,110,110,LEU,7.59,126.11
4378,1,1,1,111,111,ASP,8.32,115.54
4378,1,1,1,112,112,ASN,8.22,118.22
4378,1,1,1,113,113,ASP,8.79,120.59
4378,1,1,1,114,114,GLY,10.75,114.21
4378,1,1,1,115,115,TYR,8.37,118.37
4378,1,1,1,116,116,ILE,9.7,126.08
4378,1,1,1,117,117,THR,9.6,120.73
4378,1,1,1,118,118,ARG,8.37,122.49
4378,1,1,1,119,119,ASN,8.37,115.37
4378,1,1,1,12,12,VAL,7.54,123.18
4378,1,1,1,120,120,GLU,7.56,122.08
4378,1,1,1,121,121,MET,8.15,116.77
4378,1,1,1,122,122,LEU,8.83,119.67
4378,1,1,1,123,123,ASP,7.72,120.81
4378,1,1,1,124,124,ILE,7.65,119.19
4378,1,1,1,125,125,VAL,9.18,121.78
4378,1,1,1,126,126,ASP,9.27,121.09
4378,1,1,1,127,127,ALA,7.93,121.4
4378,1,1,1,128,128,ILE,9.08,123.64
4378,1,1,1,129,129,TYR,9.28,123.35
4378,1,1,1,13,13,VAL,7.81,121.35
4378,1,1,1,130,130,GLN,8.66,119.28
4378,1,1,1,131,131,MET,7.87,122.06
4378,1,1,1,132,132,VAL,8.4,114.21
4378,1,1,1,133,133,GLY,7.99,109.21
4378,1,1,1,134,134,ASN,8.62,119.84
4378,1,1,1,135,135,THR,8.21,111.85
4378,1,1,1,136,136,VAL,7.51,119.2
4378,1,1,1,137,137,GLU,8.43,124.66
4378,1,1,1,138,138,LEU,8.3,127.18
4378,1,1,1,14,14,GLU,8.39,120.06
4378,1,1,1,140,140,GLU,8.87,125.52
4378,1,1,1,141,141,GLU,9.2,115.69
4378,1,1,1,142,142,GLU,8.1,116.65
4378,1,1,1,143,143,ASN,7.68,119.61
4378,1,1,1,144,144,THR,7.49,109.94
4378,1,1,1,146,146,GLU,8.86,117.13
4378,1,1,1,147,147,LYS,7.69,119.35
4378,1,1,1,148,148,ARG,7.95,120.14
4378,1,1,1,149,149,VAL,8.71,119.62
4378,1,1,1,15,15,GLU,7.61,120.61
4378,1,1,1,150,150,ASP,8.54,121.03
4378,1,1,1,151,151,ARG,7.95,121.47
4378,1,1,1,152,152,ILE,8.53,121.47
4378,1,1,1,153,153,PHE,9.3,121.37
4378,1,1,1,154,154,ALA,8.24,121.75
4378,1,1,1,155,155,MET,7.71,114.93
4378,1,1,1,156,156,MET,8.42,114.52
4378,1,1,1,157,157,ASP,8.55,120.06
4378,1,1,1,158,158,LYS,7.97,128.08
4378,1,1,1,159,159,ASN,8.07,114.12
4378,1,1,1,16,16,LEU,8.52,118.8
4378,1,1,1,160,160,ALA,7.92,121.84
4378,1,1,1,161,161,ASP,8.39,117.59
4378,1,1,1,162,162,GLY,10.63,113.74
4378,1,1,1,163,163,LYS,8.2,118.42
4378,1,1,1,164,164,LEU,10.03,125.25
4378,1,1,1,165,165,THR,8.93,114.56
4378,1,1,1,166,166,LEU,9.04,124.34
4378,1,1,1,167,167,GLN,8.24,118.53
4378,1,1,1,168,168,GLU,8.07,120.08
4378,1,1,1,169,169,PHE,9.05,123.58
4378,1,1,1,17,17,THR,8.71,115.34
4378,1,1,1,170,170,GLN,9.57,120.95
4378,1,1,1,171,171,GLU,8.38,119.69
4378,1,1,1,172,172,GLY,8.53,108.3
4378,1,1,1,173,173,SER,8.03,117.92
4378,1,1,1,174,174,LYS,7.3,120.26
4378,1,1,1,175,175,ALA,7.4,120.97
4378,1,1,1,176,176,ASP,7.68,115.27
4378,1,1,1,178,178,SER,8.39,117.16
4378,1,1,1,179,179,ILE,7.56,121.73
4378,1,1,1,18,18,ARG,7.58,120.38
4378,1,1,1,180,180,VAL,7.59,117.4
4378,1,1,1,181,181,GLN,7.97,122.29
4378,1,1,1,182,182,ALA,7.96,121.46
4378,1,1,1,183,183,LEU,7.67,115.98
4378,1,1,1,184,184,SER,7.89,114.77
4378,1,1,1,185,185,LEU,8.1,125.7
4378,1,1,1,186,186,TYR,7.54,116.71
4378,1,1,1,187,187,ASP,7.94,121.63
4378,1,1,1,188,188,GLY,8.16,109.92
4378,1,1,1,189,189,LEU,8.09,122.36
4378,1,1,1,19,19,LYS,7.68,117.09
4378,1,1,1,190,190,VAL,7.56,123.67
4378,1,1,1,20,20,THR,7.51,110.07
4378,1,1,1,21,21,TYR,7.71,115.52
4378,1,1,1,22,22,PHE,7.86,120.49
4378,1,1,1,23,23,THR,9.5,113.21
4378,1,1,1,24,24,GLU,9.32,122.15
4378,1,1,1,25,25,LYS,8.21,118.83
4378,1,1,1,26,26,GLU,7.76,120.53
4378,1,1,1,27,27,VAL,9.07,120.85
4378,1,1,1,28,28,GLN,8.13,117.29
4378,1,1,1,29,29,GLN,8.26,122.18
4378,1,1,1,30,30,TRP,8.86,121.88
4378,1,1,1,31,31,TYR,8.86,122.14
4378,1,1,1,32,32,LYS,7.9,118.38
4378,1,1,1,33,33,GLY,7.77,105.66
4378,1,1,1,34,34,PHE,8.71,125.49
4378,1,1,1,35,35,ILE,8.38,116.33
4378,1,1,1,36,36,LYS,7.22,123.1
4378,1,1,1,37,37,ASP,7.41,117.26
4378,1,1,1,38,38,CYS,8.04,121.31
4378,1,1,1,40,40,SER,8.27,112.13
4378,1,1,1,41,41,GLY,8.64,111.29
4378,1,1,1,42,42,GLN,7.67,118.98
4378,1,1,1,43,43,LEU,9.06,127.53
4378,1,1,1,44,44,ASP,8.32,125.14
4378,1,1,1,45,45,ALA,8.46,123.46
4378,1,1,1,46,46,ALA,8.11,121.37
4378,1,1,1,47,47,GLY,8.74,109.94
4378,1,1,1,48,48,PHE,8.96,125.93
4378,1,1,1,49,49,GLN,8.58,118.54
4378,1,1,1,50,50,LYS,7.69,118.88
4378,1,1,1,51,51,ILE,7.61,120.87
4378,1,1,1,52,52,TYR,7.77,120.19
4378,1,1,1,53,53,LYS,8.26,118.95
4378,1,1,1,54,54,GLN,7.51,117.02
4378,1,1,1,55,55,PHE,7.35,117.4
4378,1,1,1,56,56,PHE,7.96,117.99
4378,1,1,1,58,58,PHE,8.42,117.88
4378,1,1,1,59,59,GLY,7.66,110.37
4378,1,1,1,6,6,SER,8.44,118.99
4378,1,1,1,60,60,ASP,8.16,119.42
4378,1,1,1,62,62,THR,8.22,117.98
4378,1,1,1,63,63,LYS,8.67,123.18
4378,1,1,1,64,64,PHE,9.25,121.35
4378,1,1,1,65,65,ALA,9.08,119.03
4378,1,1,1,66,66,THR,7.64,114.59
4378,1,1,1,67,67,PHE,7.44,121.29
4378,1,1,1,68,68,VAL,8.37,120.56
4378,1,1,1,69,69,PHE,8.69,124.11
4378,1,1,1,7,7,LYS,8.2,123.06
4378,1,1,1,70,70,ASN,7.45,113.32
4378,1,1,1,71,71,VAL,7.5,118.29
4378,1,1,1,72,72,PHE,8.1,120.68
4378,1,1,1,73,73,ASP,7.82,117.97
4378,1,1,1,74,74,GLU,7.86,129.78
4378,1,1,1,75,75,ASN,8.04,113.16
4378,1,1,1,76,76,LYS,7.9,116.26
4378,1,1,1,77,77,ASP,8.44,118.96
4378,1,1,1,78,78,GLY,10.61,113.68
4378,1,1,1,79,79,ARG,8.26,119.59
4378,1,1,1,8,8,LEU,8.51,125.21
4378,1,1,1,80,80,ILE,9.9,126.99
4378,1,1,1,81,81,GLU,8.86,127.64
4378,1,1,1,82,82,PHE,9.93,124.92
4378,1,1,1,83,83,SER,9.33,113.24
4378,1,1,1,84,84,GLU,6.78,121.45
4378,1,1,1,85,85,PHE,8.39,122.8
4378,1,1,1,86,86,ILE,8.65,117.6
4378,1,1,1,87,87,GLN,7.44,123.0
4378,1,1,1,88,88,ALA,7.29,122.56
4378,1,1,1,89,89,LEU,7.8,119.74
4378,1,1,1,9,9,LYS,8.43,125.57
4378,1,1,1,90,90,SER,8.1,115.16
4378,1,1,1,91,91,VAL,7.7,118.6
4378,1,1,1,92,92,THR,7.4,107.39
4378,1,1,1,93,93,SER,7.98,115.05
4378,1,1,1,94,94,ARG,7.98,121.8
4378,1,1,1,95,95,GLY,7.6,107.77
4378,1,1,1,96,96,THR,8.8,112.23
4378,1,1,1,97,97,LEU,8.91,123.34
4378,1,1,1,98,98,ASP,8.29,116.61
4378,1,1,1,99,99,GLU,7.8,120.13
4386,1,1,1,10,10,VAL,7.16,116.8
4386,1,1,1,100,100,ILE,9.19,123.2
4386,1,1,1,101,101,THR,7.61,109.8
4386,1,1,1,102,102,CYS,7.48,122.7
4386,1,1,1,103,103,PHE,8.78,112.8
4386,1,1,1,104,104,ASP,7.72,122.0
4386,1,1,1,105,105,GLU,8.75,119.9
4386,1,1,1,106,106,ALA,8.66,122.9
4386,1,1,1,107,107,GLN,9.58,118.7
4386,1,1,1,108,108,LYS,8.11,120.1
4386,1,1,1,109,109,LYS,8.08,118.8
4386,1,1,1,11,11,LYS,7.86,122.0
4386,1,1,1,110,110,ILE,8.3,121.3
4386,1,1,1,111,111,PHE,9.22,124.5
4386,1,1,1,112,112,ASN,8.51,117.2
4386,1,1,1,113,113,LEU,7.95,121.5
4386,1,1,1,114,114,MET,8.22,118.6
4386,1,1,1,115,115,GLU,8.46,120.2
4386,1,1,1,116,116,LYS,7.57,113.5
4386,1,1,1,117,117,ASP,7.62,116.6
4386,1,1,1,118,118,SER,8.45,117.2
4386,1,1,1,119,119,TYR,8.95,121.8
4386,1,1,1,12,12,LYS,7.39,120.0
4386,1,1,1,120,120,ARG,7.11,114.4
4386,1,1,1,121,121,ARG,7.63,117.5
4386,1,1,1,122,122,PHE,8.57,124.0
4386,1,1,1,123,123,LEU,7.05,117.7
4386,1,1,1,124,124,LYS,6.72,114.3
4386,1,1,1,125,125,SER,7.83,118.2
4386,1,1,1,126,126,ARG,9.39,121.1
4386,1,1,1,127,127,PHE,7.47,115.5
4386,1,1,1,128,128,TYR,6.68,114.2
4386,1,1,1,129,129,LEU,8.34,116.8
4386,1,1,1,13,13,TRP,7.84,120.7
4386,1,1,1,130,130,ASP,8.61,119.0
4386,1,1,1,131,131,LEU,7.46,117.5
4386,1,1,1,132,132,THR,7.24,108.3
4386,1,1,1,133,133,ASN,7.6,119.8
4386,1,1,1,135,135,SER,8.32,115.5
4386,1,1,1,136,136,SER,8.22,117.6
4386,1,1,1,137,137,CYS,8.27,120.7
4386,1,1,1,138,138,GLY,8.43,111.5
4386,1,1,1,139,139,ALA,8.1,124.0
4386,1,1,1,14,14,ALA,7.48,117.5
4386,1,1,1,140,140,GLU,8.48,120.0
4386,1,1,1,141,141,LYS,8.23,122.1
4386,1,1,1,142,142,GLN,8.27,121.1
4386,1,1,1,143,143,LYS,8.27,120.7
4386,1,1,1,144,144,GLY,8.57,111.1
4386,1,1,1,145,145,ALA,8.15,124.0
4386,1,1,1,146,146,LYS,8.35,120.9
4386,1,1,1,147,147,SER,8.39,117.3
4386,1,1,1,148,148,SER,8.39,118.3
4386,1,1,1,149,149,ALA,8.3,125.7
4386,1,1,1,15,15,GLU,7.8,117.5
4386,1,1,1,150,150,ASP,8.18,119.3
4386,1,1,1,151,151,CYS,8.28,119.8
4386,1,1,1,152,152,THR,8.28,116.4
4386,1,1,1,153,153,SER,8.2,118.0
4386,1,1,1,154,154,LEU,8.18,124.3
4386,1,1,1,155,155,VAL,8.01,122.4
4386,1,1,1,157,157,GLN,8.49,120.9
4386,1,1,1,158,158,CYS,8.31,120.2
4386,1,1,1,159,159,ALA,8.32,126.3
4386,1,1,1,16,16,SER,7.02,111.6
4386,1,1,1,160,160,HIS,8.24,117.9
4386,1,1,1,17,17,LEU,8.36,125.4
4386,1,1,1,18,18,GLU,8.68,117.2
4386,1,1,1,19,19,ASN,7.53,116.0
4386,1,1,1,2,2,ARG,8.34,123.0
4386,1,1,1,20,20,LEU,7.01,119.5
4386,1,1,1,21,21,ILE,7.37,105.6
4386,1,1,1,22,22,ASN,7.1,115.7
4386,1,1,1,23,23,HIS,7.32,121.6
4386,1,1,1,24,24,GLU,9.04,128.2
4386,1,1,1,25,25,CYS,10.57,121.4
4386,1,1,1,26,26,GLY,7.36,114.1
4386,1,1,1,27,27,LEU,8.66,122.8
4386,1,1,1,28,28,ALA,7.29,118.3
4386,1,1,1,29,29,ALA,7.85,122.8
4386,1,1,1,3,3,GLY,8.4,110.4
4386,1,1,1,30,30,PHE,8.51,120.0
4386,1,1,1,31,31,LYS,9.02,118.9
4386,1,1,1,32,32,ALA,7.82,121.6
4386,1,1,1,33,33,PHE,7.82,121.5
4386,1,1,1,34,34,LEU,8.57,122.0
4386,1,1,1,35,35,LYS,8.6,120.9
4386,1,1,1,36,36,SER,7.43,116.7
4386,1,1,1,37,37,GLU,6.86,118.0
4386,1,1,1,38,38,TYR,7.6,118.8
4386,1,1,1,39,39,SER,8.05,113.0
4386,1,1,1,4,4,SER,8.23,115.7
4386,1,1,1,40,40,GLU,9.07,122.2
4386,1,1,1,41,41,GLU,10.22,122.3
4386,1,1,1,42,42,ASN,7.67,116.4
4386,1,1,1,43,43,ILE,6.99,117.6
4386,1,1,1,44,44,ASP,8.38,126.2
4386,1,1,1,45,45,PHE,8.4,123.8
4386,1,1,1,46,46,TRP,7.98,122.3
4386,1,1,1,47,47,ILE,9.04,118.2
4386,1,1,1,48,48,SER,7.91,117.4
4386,1,1,1,49,49,CYS,7.53,120.4
4386,1,1,1,5,5,VAL,8.2,121.6
4386,1,1,1,50,50,GLU,7.39,120.1
4386,1,1,1,51,51,GLU,7.93,118.3
4386,1,1,1,52,52,TYR,8.11,123.0
4386,1,1,1,53,53,LYS,7.43,112.6
4386,1,1,1,54,54,LYS,7.18,117.5
4386,1,1,1,55,55,ILE,7.39,123.1
4386,1,1,1,56,56,LYS,8.39,126.5
4386,1,1,1,57,57,SER,7.35,116.2
4386,1,1,1,59,59,SER,8.15,112.3
4386,1,1,1,6,6,SER,8.56,122.3
4386,1,1,1,60,60,LYS,7.77,119.7
4386,1,1,1,61,61,LEU,7.49,120.4
4386,1,1,1,62,62,SER,8.67,112.7
4386,1,1,1,64,64,LYS,7.08,118.0
4386,1,1,1,65,65,ALA,9.23,122.5
4386,1,1,1,66,66,LYS,8.4,116.9
4386,1,1,1,67,67,LYS,7.52,119.5
4386,1,1,1,68,68,ILE,8.24,120.9
4386,1,1,1,69,69,TYR,9.15,120.8
4386,1,1,1,7,7,GLN,8.95,121.5
4386,1,1,1,70,70,ASN,8.77,117.5
4386,1,1,1,71,71,GLU,7.88,118.4
4386,1,1,1,72,72,PHE,7.76,110.4
4386,1,1,1,73,73,ILE,7.59,116.5
4386,1,1,1,74,74,SER,7.43,113.4
4386,1,1,1,75,75,VAL,8.2,120.6
4386,1,1,1,76,76,GLN,8.1,118.6
4386,1,1,1,77,77,ALA,7.54,124.1
4386,1,1,1,78,78,THR,7.99,114.8
4386,1,1,1,79,79,LYS,7.89,123.8
4386,1,1,1,8,8,GLU,8.48,118.9
4386,1,1,1,80,80,GLU,7.16,117.8
4386,1,1,1,81,81,VAL,8.22,119.3
4386,1,1,1,82,82,ASN,9.09,122.5
4386,1,1,1,83,83,LEU,7.43,122.7
4386,1,1,1,84,84,ASP,8.27,120.3
4386,1,1,1,85,85,SER,8.93,116.6
4386,1,1,1,86,86,CYS,8.36,121.4
4386,1,1,1,87,87,THR,8.35,120.2
4386,1,1,1,88,88,ARG,8.55,125.5
4386,1,1,1,89,89,GLU,8.49,121.1
4386,1,1,1,9,9,GLU,7.43,120.5
4386,1,1,1,90,90,GLU,8.44,121.2
4386,1,1,1,91,91,THR,8.1,115.1
4386,1,1,1,92,92,SER,8.32,116.6
4386,1,1,1,93,93,ARG,7.84,122.3
4386,1,1,1,94,94,ASN,8.1,121.6
4386,1,1,1,95,95,MET,7.4,115.7
4386,1,1,1,96,96,LEU,7.29,119.8
4386,1,1,1,97,97,GLU,7.2,116.6
4386,1,1,1,99,99,THR,8.43,113.7
4391,1,1,1,10,10,THR,7.96,127.86
4391,1,1,1,11,11,CYS,8.85,130.18
4391,1,1,1,12,12,ARG,8.35,112.87
4391,1,1,1,13,13,ALA,8.68,129.27
4391,1,1,1,14,14,GLY,8.64,126.41
4391,1,1,1,16,16,LEU,8.05,123.42
4391,1,1,1,17,17,LYS,8.81,124.44
4391,1,1,1,18,18,VAL,8.49,127.65
4391,1,1,1,19,19,CYS,8.74,114.68
4391,1,1,1,2,2,LYS,7.93,114.16
4391,1,1,1,20,20,ALA,8.05,123.42
4391,1,1,1,21,21,SER,8.62,110.79
4391,1,1,1,22,22,GLY,8.78,130.46
4391,1,1,1,23,23,GLU,7.78,111.96
4391,1,1,1,24,24,LYS,7.76,123.1
4391,1,1,1,25,25,TYR,8.11,117.34
4391,1,1,1,26,26,CYS,8.9,118.54
4391,1,1,1,27,27,PHE,9.01,123.03
4391,1,1,1,28,28,LYS,9.47,128.82
4391,1,1,1,29,29,GLU,9.9,131.11
4391,1,1,1,3,3,CYS,8.51,120.83
4391,1,1,1,30,30,SER,8.92,133.1
4391,1,1,1,31,31,TRP,9.26,124.95
4391,1,1,1,32,32,ARG,8.83,130.24
4391,1,1,1,33,33,GLU,8.3,126.47
4391,1,1,1,34,34,ALA,8.72,127.71
4391,1,1,1,35,35,ARG,8.12,114.73
4391,1,1,1,36,36,GLY,7.82,123.1
4391,1,1,1,37,37,THR,8.39,118.1
4391,1,1,1,38,38,ARG,8.88,125.87
4391,1,1,1,39,39,ILE,8.46,127.76
4391,1,1,1,4,4,LYS,9.2,128.21
4391,1,1,1,40,40,GLU,9.16,127.28
4391,1,1,1,41,41,ARG,8.81,126.55
4391,1,1,1,42,42,GLY,6.4,134.1
4391,1,1,1,43,43,CYS,8.38,118.71
4391,1,1,1,44,44,ALA,9.54,125.39
4391,1,1,1,45,45,ALA,9.09,127.41
4391,1,1,1,46,46,THR,7.5,114.22
4391,1,1,1,47,47,CYS,8.44,126.58
4391,1,1,1,5,5,ILE,8.06,123.42
4391,1,1,1,50,50,GLY,8.36,121.28
4391,1,1,1,51,51,SER,8.44,122.45
4391,1,1,1,52,52,VAL,7.83,122.51
4391,1,1,1,53,53,TYR,8.35,115.13
4391,1,1,1,54,54,GLY,8.13,117.34
4391,1,1,1,55,55,LEU,7.48,111.89
4391,1,1,1,56,56,TYR,8.75,125.99
4391,1,1,1,57,57,VAL,8.3,127.88
4391,1,1,1,58,58,LEU,8.93,133.1
4391,1,1,1,59,59,CYS,9.08,125.48
4391,1,1,1,6,6,CYS,7.88,122.51
4391,1,1,1,60,60,CYS,9.55,124.39
4391,1,1,1,61,61,THR,8.62,118.9
4391,1,1,1,62,62,THR,7.55,115.41
4391,1,1,1,64,64,ASP,9.58,119.33
4391,1,1,1,65,65,CYS,7.54,116.59
4391,1,1,1,66,66,ASN,8.79,127.8
4391,1,1,1,9,9,ASP,9.08,128.61
4394,1,1,1,10,10,VAL,8.47,121.8
4394,1,1,1,100,100,GLN,8.21,124.5
4394,1,1,1,11,11,ILE,8.5,125.1
4394,1,1,1,12,12,GLN,8.92,124.5
4394,1,1,1,13,13,VAL,8.39,118.7
4394,1,1,1,14,14,LYS,8.56,126.1
4394,1,1,1,15,15,GLU,8.47,119.3
4394,1,1,1,16,16,ILE,8.87,122.2
4394,1,1,1,17,17,LYS,8.61,123.3
4394,1,1,1,18,18,PHE,9.15,119.3
4394,1,1,1,19,19,ARG,8.83,118.3
4394,1,1,1,21,21,GLY,8.79,106.2
4394,1,1,1,22,22,THR,7.91,113.1
4394,1,1,1,23,23,ASP,8.82,122.9
4394,1,1,1,24,24,GLU,8.89,120.8
4394,1,1,1,25,25,GLY,8.75,105.0
4394,1,1,1,26,26,ASP,8.09,120.0
4394,1,1,1,27,27,TYR,8.62,118.3
4394,1,1,1,28,28,GLN,8.55,112.8
4394,1,1,1,29,29,VAL,7.78,117.7
4394,1,1,1,30,30,LYS,8.05,119.6
4394,1,1,1,31,31,LEU,9.0,119.0
4394,1,1,1,32,32,ARG,7.98,113.8
4394,1,1,1,33,33,SER,7.66,114.0
4394,1,1,1,34,34,LEU,7.91,119.0
4394,1,1,1,35,35,ILE,8.53,115.7
4394,1,1,1,36,36,ARG,7.38,115.9
4394,1,1,1,37,37,PHE,8.13,115.0
4394,1,1,1,38,38,LEU,8.26,116.3
4394,1,1,1,39,39,GLU,9.24,119.8
4394,1,1,1,40,40,GLU,8.05,114.9
4394,1,1,1,41,41,GLY,8.1,105.0
4394,1,1,1,42,42,ASP,8.21,119.7
4394,1,1,1,43,43,LYS,8.0,110.3
4394,1,1,1,44,44,ALA,8.83,118.7
4394,1,1,1,45,45,LYS,9.32,122.4
4394,1,1,1,46,46,ILE,9.65,126.6
4394,1,1,1,47,47,THR,8.72,120.4
4394,1,1,1,48,48,LEU,9.28,126.3
4394,1,1,1,49,49,ARG,8.35,122.0
4394,1,1,1,50,50,PHE,8.68,119.7
4394,1,1,1,51,51,ARG,9.33,119.5
4394,1,1,1,52,52,GLY,8.99,108.5
4394,1,1,1,53,53,ARG,8.39,117.8
4394,1,1,1,54,54,GLU,8.32,117.7
4394,1,1,1,56,56,ALA,8.23,119.4
4394,1,1,1,57,57,HIS,7.55,115.4
4394,1,1,1,59,59,GLN,8.94,116.6
4394,1,1,1,60,60,ILE,7.83,116.6
4394,1,1,1,61,61,GLY,8.31,104.5
4394,1,1,1,62,62,MET,8.4,117.1
4394,1,1,1,63,63,GLU,8.17,116.5
4394,1,1,1,64,64,VAL,7.89,117.7
4394,1,1,1,65,65,LEU,7.85,115.3
4394,1,1,1,66,66,ASN,8.68,114.1
4394,1,1,1,67,67,ARG,7.93,119.1
4394,1,1,1,68,68,VAL,8.27,117.0
4394,1,1,1,69,69,LYS,8.1,114.4
4394,1,1,1,70,70,ASP,8.26,118.4
4394,1,1,1,71,71,ASP,9.22,120.2
4394,1,1,1,72,72,LEU,7.87,115.1
4394,1,1,1,73,73,GLN,7.58,118.6
4394,1,1,1,74,74,GLU,8.92,113.5
4394,1,1,1,75,75,LEU,7.8,114.5
4394,1,1,1,76,76,ALA,8.49,120.1
4394,1,1,1,77,77,VAL,9.32,113.3
4394,1,1,1,78,78,VAL,8.92,121.5
4394,1,1,1,79,79,GLU,9.16,128.1
4394,1,1,1,80,80,SER,7.88,109.0
4394,1,1,1,81,81,PHE,9.04,126.4
4394,1,1,1,83,83,THR,8.68,107.2
4394,1,1,1,84,84,LYS,7.83,116.1
4394,1,1,1,85,85,ILE,8.55,119.7
4394,1,1,1,86,86,GLU,8.73,125.5
4394,1,1,1,88,88,ARG,8.89,114.6
4394,1,1,1,89,89,GLN,7.96,113.1
4394,1,1,1,9,9,LYS,8.56,121.8
4394,1,1,1,90,90,MET,8.94,116.6
4394,1,1,1,91,91,ILE,8.4,119.0
4394,1,1,1,92,92,MET,9.17,124.9
4394,1,1,1,93,93,VAL,8.76,123.7
4394,1,1,1,94,94,LEU,9.61,125.3
4394,1,1,1,95,95,ALA,9.27,120.3
4394,1,1,1,97,97,LYS,8.23,120.9
4394,1,1,1,98,98,LYS,8.56,120.9
4394,1,1,1,99,99,LYS,8.6,122.4
4395,1,1,1,10,10,LYS,8.57,128.0
4395,1,1,1,11,11,GLU,8.39,123.1
4395,1,1,1,12,12,GLN,8.52,123.1
4395,1,1,1,13,13,GLY,8.47,111.5
4395,1,1,1,16,16,ALA,8.07,125.6
4395,1,1,1,17,17,SER,8.31,116.2
4395,1,1,1,19,19,ARG,8.14,123.0
4395,1,1,1,20,20,LEU,8.21,124.2
4395,1,1,1,21,21,ARG,8.22,122.7
4395,1,1,1,22,22,ALA,8.22,126.3
4395,1,1,1,23,23,ALA,8.08,123.3
4395,1,1,1,24,24,ASN,8.38,116.8
4395,1,1,1,25,25,LYS,7.92,120.3
4395,1,1,1,26,26,PHE,9.12,122.4
4395,1,1,1,28,28,ALA,8.05,116.9
4395,1,1,1,29,29,ILE,8.23,121.7
4395,1,1,1,3,3,THR,8.37,121.3
4395,1,1,1,30,30,ILE,8.71,125.4
4395,1,1,1,31,31,TYR,9.2,129.4
4395,1,1,1,32,32,GLY,9.14,109.3
4395,1,1,1,33,33,GLY,8.53,110.4
4395,1,1,1,34,34,LYS,8.64,122.6
4395,1,1,1,35,35,GLU,7.7,120.3
4395,1,1,1,36,36,ALA,8.5,127.0
4395,1,1,1,38,38,LEU,8.64,126.7
4395,1,1,1,39,39,ALA,8.75,132.6
4395,1,1,1,4,4,ILE,9.02,128.2
4395,1,1,1,40,40,ILE,8.55,117.0
4395,1,1,1,41,41,GLU,9.06,121.0
4395,1,1,1,42,42,LEU,8.59,123.7
4395,1,1,1,43,43,ASP,8.73,121.8
4395,1,1,1,44,44,HIS,8.72,127.3
4395,1,1,1,45,45,ASP,8.96,120.4
4395,1,1,1,46,46,LYS,8.24,120.8
4395,1,1,1,47,47,VAL,7.63,120.0
4395,1,1,1,48,48,MET,8.64,122.6
4395,1,1,1,49,49,ASN,7.39,117.0
4395,1,1,1,5,5,ASN,8.66,127.3
4395,1,1,1,50,50,MET,7.41,120.8
4395,1,1,1,51,51,GLN,7.79,114.0
4395,1,1,1,52,52,ALA,6.88,122.6
4395,1,1,1,53,53,LYS,7.64,120.8
4395,1,1,1,54,54,ALA,8.8,128.8
4395,1,1,1,55,55,GLU,9.82,118.8
4395,1,1,1,56,56,PHE,8.13,121.8
4395,1,1,1,57,57,TYR,7.44,111.4
4395,1,1,1,58,58,SER,7.71,113.4
4395,1,1,1,59,59,GLU,7.58,122.7
4395,1,1,1,6,6,ALA,8.68,125.5
4395,1,1,1,60,60,VAL,8.14,121.2
4395,1,1,1,61,61,LEU,9.37,131.2
4395,1,1,1,62,62,THR,8.23,117.4
4395,1,1,1,63,63,ILE,8.96,129.0
4395,1,1,1,64,64,VAL,8.71,130.1
4395,1,1,1,65,65,VAL,8.76,128.4
4395,1,1,1,66,66,ASP,9.61,131.5
4395,1,1,1,67,67,GLY,8.39,104.0
4395,1,1,1,68,68,LYS,7.91,123.7
4395,1,1,1,69,69,GLU,8.38,122.9
4395,1,1,1,7,7,GLU,7.61,117.5
4395,1,1,1,70,70,ILE,9.4,128.0
4395,1,1,1,71,71,LYS,8.48,129.0
4395,1,1,1,72,72,VAL,9.18,118.2
4395,1,1,1,73,73,LYS,9.02,117.9
4395,1,1,1,74,74,ALA,9.26,127.1
4395,1,1,1,75,75,GLN,8.7,126.6
4395,1,1,1,76,76,ASP,7.93,119.4
4395,1,1,1,77,77,VAL,8.52,126.1
4395,1,1,1,78,78,GLN,8.8,127.7
4395,1,1,1,79,79,ARG,8.83,126.9
4395,1,1,1,8,8,VAL,8.85,123.1
4395,1,1,1,80,80,HIS,8.53,126.3
4395,1,1,1,82,82,TYR,9.68,117.1
4395,1,1,1,83,83,LYS,8.5,126.0
4395,1,1,1,85,85,LYS,8.21,124.7
4395,1,1,1,87,87,GLN,8.81,119.8
4395,1,1,1,88,88,HIS,7.68,117.7
4395,1,1,1,89,89,ILE,6.8,123.8
4395,1,1,1,9,9,ARG,8.21,128.9
4395,1,1,1,90,90,ASP,8.45,125.8
4395,1,1,1,91,91,PHE,9.44,122.9
4395,1,1,1,92,92,VAL,9.1,120.3
4395,1,1,1,93,93,ARG,8.56,126.7
4395,1,1,1,94,94,ALA,8.17,134.5
4396,1,1,1,10,10,GLU,7.194,114.396
4396,1,1,1,11,11,LYS,9.524,119.22
4396,1,1,1,12,12,TYR,8.592,124.482
4396,1,1,1,13,13,ASP,8.453,130.5
4396,1,1,1,14,14,SER,8.359,120.197
4396,1,1,1,15,15,CYS,8.653,124.85
4396,1,1,1,16,16,GLY,8.239,111.383
4396,1,1,1,17,17,SER,8.125,111.165
4396,1,1,1,18,18,LYS,9.249,131.16
4396,1,1,1,19,19,GLU,8.553,120.262
4396,1,1,1,2,2,ALA,8.71,127.737
4396,1,1,1,20,20,CYS,7.638,115.12
4396,1,1,1,21,21,ASP,7.481,123.113
4396,1,1,1,22,22,LYS,8.942,123.744
4396,1,1,1,23,23,LYS,8.591,122.056
4396,1,1,1,24,24,CYS,8.396,120.125
4396,1,1,1,26,26,TYR,8.225,122.09
4396,1,1,1,27,27,ASP,8.24,121.092
4396,1,1,1,28,28,GLY,8.1,109.44
4396,1,1,1,29,29,VAL,7.852,119.706
4396,1,1,1,3,3,THR,8.125,115.176
4396,1,1,1,30,30,GLU,8.471,124.047
4396,1,1,1,31,31,GLU,8.319,122.045
4396,1,1,1,32,32,GLU,8.356,121.888
4396,1,1,1,33,33,ASP,8.41,121.05
4396,1,1,1,34,34,ASP,8.28,120.528
4396,1,1,1,35,35,GLU,8.187,120.506
4396,1,1,1,36,36,GLU,8.163,122.444
4396,1,1,1,38,38,ASN,8.537,119.682
4396,1,1,1,39,39,VAL,8.006,122.476
4396,1,1,1,4,4,MET,7.737,122.803
4396,1,1,1,41,41,CYS,8.435,121.122
4396,1,1,1,42,42,LEU,8.437,128.458
4396,1,1,1,43,43,VAL,8.105,122.73
4396,1,1,1,44,44,ARG,8.436,125.838
4396,1,1,1,45,45,VAL,7.597,119.467
4396,1,1,1,46,46,CYS,8.632,124.023
4396,1,1,1,48,48,GLN,8.406,120.652
4396,1,1,1,49,49,ASP,8.55,123.482
4396,1,1,1,5,5,GLN,8.355,123.326
4396,1,1,1,50,50,CYS,8.644,119.515
4396,1,1,1,51,51,VAL,8.709,116.2
4396,1,1,1,52,52,CYS,9.449,118.373
4396,1,1,1,53,53,GLU,8.328,121.21
4396,1,1,1,54,54,GLU,8.666,122.655
4396,1,1,1,55,55,GLY,8.512,113.471
4396,1,1,1,56,56,PHE,7.735,118.209
4396,1,1,1,57,57,TYR,9.754,120.327
4396,1,1,1,58,58,ARG,9.249,120.097
4396,1,1,1,59,59,ASN,9.292,127.92
4396,1,1,1,6,6,CYS,8.515,122.745
4396,1,1,1,60,60,LYS,8.864,119.505
4396,1,1,1,61,61,ASP,7.464,119.503
4396,1,1,1,62,62,ASP,8.512,117.211
4396,1,1,1,63,63,LYS,8.126,120.606
4396,1,1,1,64,64,CYS,9.216,122.46
4396,1,1,1,65,65,VAL,10.069,120.922
4396,1,1,1,66,66,SER,9.25,118.728
4396,1,1,1,67,67,ALA,8.941,122.354
4396,1,1,1,68,68,GLU,8.512,116.779
4396,1,1,1,69,69,ASP,7.852,121.852
4396,1,1,1,7,7,GLY,8.437,109.73
4396,1,1,1,70,70,CYS,8.278,122.467
4396,1,1,1,71,71,GLU,7.675,117.291
4396,1,1,1,72,72,LEU,7.617,119.786
4396,1,1,1,73,73,ASP,7.87,119.226
4396,1,1,1,74,74,ASN,7.834,118.213
4396,1,1,1,75,75,MET,8.084,120.8
4396,1,1,1,76,76,ASP,8.205,120.094
4396,1,1,1,77,77,PHE,7.891,120.586
4396,1,1,1,78,78,ILE,7.735,123.193
4396,1,1,1,79,79,TYR,8.221,126.28
4396,1,1,1,8,8,GLU,8.299,121.059
4396,1,1,1,81,81,GLY,8.046,109.439
4396,1,1,1,82,82,THR,7.99,114.58
4396,1,1,1,83,83,ARG,8.357,124.269
4396,1,1,1,84,84,ASN,8.454,122.371
4396,1,1,1,9,9,ASN,8.942,118.507
4397,1,1,1,10,10,ASN,9.15,124.75
4397,1,1,1,11,11,ILE,7.69,117.16
4397,1,1,1,12,12,THR,8.2,120.25
4397,1,1,1,13,13,CYS,8.2,122.84
4397,1,1,1,14,14,SER,9.32,120.66
4397,1,1,1,15,15,LYS,8.1,122.55
4397,1,1,1,16,16,MET,8.82,123.67
4397,1,1,1,17,17,THR,9.07,118.07
4397,1,1,1,18,18,SER,7.79,120.26
4397,1,1,1,19,19,LYS,7.51,117.99
4397,1,1,1,2,2,GLN,8.76,123.21
4397,1,1,1,20,20,ILE,5.33,128.06
4397,1,1,1,22,22,VAL,8.04,123.09
4397,1,1,1,23,23,ALA,8.43,121.58
4397,1,1,1,24,24,LEU,7.74,115.01
4397,1,1,1,25,25,LEU,7.7,118.19
4397,1,1,1,26,26,ILE,8.82,110.12
4397,1,1,1,27,27,HIS,7.67,118.05
4397,1,1,1,28,28,TYR,7.85,118.89
4397,1,1,1,29,29,GLN,8.7,115.63
4397,1,1,1,3,3,HIS,8.7,120.64
4397,1,1,1,30,30,GLN,9.09,122.2
4397,1,1,1,31,31,ASN,8.69,121.58
4397,1,1,1,32,32,GLN,7.98,123.66
4397,1,1,1,33,33,ALA,8.76,125.72
4397,1,1,1,34,34,SER,8.06,110.05
4397,1,1,1,35,35,CYS,7.63,119.74
4397,1,1,1,36,36,GLY,8.34,112.13
4397,1,1,1,37,37,LYS,8.03,122.43
4397,1,1,1,38,38,ARG,8.31,122.6
4397,1,1,1,39,39,ALA,7.82,123.77
4397,1,1,1,4,4,HIS,8.62,120.67
4397,1,1,1,40,40,ILE,9.04,119.42
4397,1,1,1,41,41,ILE,9.35,126.18
4397,1,1,1,42,42,LEU,9.41,128.33
4397,1,1,1,43,43,GLU,8.55,121.8
4397,1,1,1,44,44,THR,8.95,116.31
4397,1,1,1,45,45,ARG,8.65,119.04
4397,1,1,1,46,46,GLN,7.4,114.52
4397,1,1,1,47,47,HIS,8.4,112.84
4397,1,1,1,48,48,ARG,7.07,117.72
4397,1,1,1,49,49,LEU,7.85,120.47
4397,1,1,1,5,5,GLY,8.51,110.79
4397,1,1,1,50,50,PHE,8.98,117.68
4397,1,1,1,51,51,CYS,9.22,120.65
4397,1,1,1,52,52,ALA,9.81,127.41
4397,1,1,1,53,53,ASP,8.68,122.93
4397,1,1,1,55,55,LYS,8.2,115.31
4397,1,1,1,56,56,GLU,7.56,119.24
4397,1,1,1,57,57,GLN,9.02,126.11
4397,1,1,1,58,58,TRP,8.96,115.75
4397,1,1,1,59,59,VAL,6.18,125.63
4397,1,1,1,6,6,VAL,8.15,119.58
4397,1,1,1,60,60,LYS,7.3,120.9
4397,1,1,1,61,61,ASP,8.7,119.28
4397,1,1,1,62,62,ALA,8.07,124.99
4397,1,1,1,63,63,MET,8.24,116.83
4397,1,1,1,64,64,GLN,7.71,116.69
4397,1,1,1,65,65,HIS,8.13,117.95
4397,1,1,1,66,66,LEU,8.53,120.72
4397,1,1,1,67,67,ASP,8.92,122.12
4397,1,1,1,68,68,ARG,7.92,120.26
4397,1,1,1,69,69,GLN,7.9,119.2
4397,1,1,1,7,7,THR,8.34,119.94
4397,1,1,1,70,70,ALA,7.94,122.17
4397,1,1,1,71,71,ALA,7.87,120.99
4397,1,1,1,72,72,ALA,7.79,121.01
4397,1,1,1,73,73,LEU,7.85,119.26
4397,1,1,1,74,74,THR,7.87,113.38
4397,1,1,1,75,75,ARG,8.17,122.87
4397,1,1,1,76,76,ASN,8.44,120.17
4397,1,1,1,77,77,GLY,7.94,115.41
4397,1,1,1,8,8,LYS,8.4,125.09
4397,1,1,1,9,9,CYS,8.48,121.65
4401,1,1,1,10,10,ALA,7.92,122.56
4401,1,1,1,11,11,ARG,7.96,114.85
4401,1,1,1,12,12,ALA,7.68,119.16
4401,1,1,1,13,13,PHE,7.66,117.22
4401,1,1,1,14,14,LEU,7.4,117.52
4401,1,1,1,15,15,SER,7.75,115.9
4401,1,1,1,16,16,GLU,9.12,121.62
4401,1,1,1,17,17,GLU,8.94,119.31
4401,1,1,1,18,18,MET,7.77,119.91
4401,1,1,1,19,19,ILE,8.33,119.74
4401,1,1,1,20,20,ALA,7.98,120.49
4401,1,1,1,21,21,GLU,7.68,120.23
4401,1,1,1,22,22,PHE,8.83,118.57
4401,1,1,1,23,23,LYS,9.27,123.85
4401,1,1,1,24,24,ALA,7.66,121.7
4401,1,1,1,25,25,ALA,7.69,121.63
4401,1,1,1,27,27,ASP,8.49,118.17
4401,1,1,1,28,28,MET,7.46,117.21
4401,1,1,1,29,29,PHE,7.72,117.0
4401,1,1,1,30,30,ASP,8.0,118.01
4401,1,1,1,31,31,ALA,7.74,128.95
4401,1,1,1,32,32,ASP,8.13,112.8
4401,1,1,1,33,33,GLY,8.03,110.25
4401,1,1,1,34,34,GLY,8.14,108.02
4401,1,1,1,35,35,GLY,10.72,112.36
4401,1,1,1,36,36,ASP,7.75,114.68
4401,1,1,1,37,37,ILE,9.57,124.3
4401,1,1,1,38,38,SER,8.7,122.48
4401,1,1,1,39,39,THR,9.17,114.28
4401,1,1,1,4,4,THR,8.05,114.51
4401,1,1,1,40,40,LYS,7.89,120.86
4401,1,1,1,41,41,GLU,7.74,121.31
4401,1,1,1,42,42,LEU,8.76,121.05
4401,1,1,1,43,43,GLY,8.64,105.49
4401,1,1,1,44,44,THR,7.93,118.28
4401,1,1,1,45,45,VAL,7.39,121.28
4401,1,1,1,46,46,MET,8.35,117.01
4401,1,1,1,47,47,ARG,8.18,118.43
4401,1,1,1,48,48,MET,7.87,122.97
4401,1,1,1,49,49,LEU,7.66,117.86
4401,1,1,1,5,5,ASP,8.69,121.64
4401,1,1,1,50,50,GLY,7.84,106.79
4401,1,1,1,51,51,GLN,8.1,118.43
4401,1,1,1,52,52,ASN,8.68,116.58
4401,1,1,1,54,54,THR,8.67,112.84
4401,1,1,1,55,55,LYS,8.82,121.88
4401,1,1,1,56,56,GLU,8.77,116.97
4401,1,1,1,57,57,GLU,7.75,121.09
4401,1,1,1,58,58,LEU,8.06,119.69
4401,1,1,1,59,59,ASP,8.36,118.18
4401,1,1,1,6,6,GLN,8.89,119.52
4401,1,1,1,60,60,ALA,7.68,121.97
4401,1,1,1,61,61,ILE,7.88,120.15
4401,1,1,1,62,62,ILE,7.53,117.54
4401,1,1,1,63,63,GLU,8.32,117.85
4401,1,1,1,64,64,GLU,7.41,115.0
4401,1,1,1,65,65,VAL,7.26,106.89
4401,1,1,1,66,66,ASP,7.72,121.69
4401,1,1,1,67,67,GLU,8.53,127.34
4401,1,1,1,68,68,ASP,8.0,114.64
4401,1,1,1,69,69,GLY,7.74,108.84
4401,1,1,1,7,7,GLN,7.82,121.6
4401,1,1,1,70,70,SER,8.55,116.83
4401,1,1,1,71,71,GLY,10.99,116.67
4401,1,1,1,72,72,THR,7.68,107.55
4401,1,1,1,73,73,ILE,9.13,124.81
4401,1,1,1,74,74,ASP,9.52,130.64
4401,1,1,1,75,75,PHE,8.79,118.14
4401,1,1,1,76,76,GLU,7.75,116.05
4401,1,1,1,77,77,GLU,8.21,119.17
4401,1,1,1,78,78,PHE,8.82,121.86
4401,1,1,1,79,79,LEU,8.0,118.49
4401,1,1,1,8,8,ALA,8.5,123.01
4401,1,1,1,80,80,VAL,7.28,118.6
4401,1,1,1,81,81,MET,7.9,119.59
4401,1,1,1,82,82,MET,8.04,116.82
4401,1,1,1,83,83,VAL,8.43,120.87
4401,1,1,1,84,84,ARG,8.1,119.16
4401,1,1,1,85,85,GLN,7.49,116.08
4401,1,1,1,86,86,MET,7.97,118.69
4401,1,1,1,87,87,LYS,8.06,119.66
4401,1,1,1,88,88,GLU,7.86,119.98
4401,1,1,1,89,89,ASP,8.08,120.74
4401,1,1,1,9,9,GLU,8.13,119.25
4401,1,1,1,90,90,ALA,7.6,128.96
4405,1,1,1,10,10,GLY,8.43,108.56
4405,1,1,1,11,11,GLY,8.01,108.67
4405,1,1,1,13,13,ILE,8.12,120.56
4405,1,1,1,14,14,ILE,8.98,128.87
4405,1,1,1,15,15,THR,8.06,116.1
4405,1,1,1,16,16,THR,9.24,122.22
4405,1,1,1,17,17,GLN,8.15,121.74
4405,1,1,1,18,18,VAL,9.07,120.81
4405,1,1,1,19,19,THR,8.49,119.93
4405,1,1,1,20,20,ILE,9.06,122.46
4405,1,1,1,22,22,LYS,8.88,121.99
4405,1,1,1,23,23,ASP,9.0,118.24
4405,1,1,1,24,24,LEU,7.38,119.9
4405,1,1,1,25,25,ALA,8.02,120.77
4405,1,1,1,26,26,ARG,7.94,115.2
4405,1,1,1,27,27,SER,7.5,113.83
4405,1,1,1,28,28,ILE,7.61,118.63
4405,1,1,1,29,29,ILE,7.83,115.78
4405,1,1,1,30,30,GLY,7.56,105.7
4405,1,1,1,31,31,LYS,8.86,121.91
4405,1,1,1,32,32,GLY,9.02,112.59
4405,1,1,1,33,33,GLY,7.91,106.97
4405,1,1,1,34,34,GLN,7.82,118.21
4405,1,1,1,35,35,ARG,8.48,119.08
4405,1,1,1,36,36,ILE,7.59,118.69
4405,1,1,1,37,37,LYS,7.72,121.39
4405,1,1,1,38,38,GLN,7.82,120.1
4405,1,1,1,39,39,ILE,8.46,119.86
4405,1,1,1,4,4,ASN,8.41,117.83
4405,1,1,1,40,40,ARG,8.67,123.55
4405,1,1,1,41,41,HIS,8.01,117.29
4405,1,1,1,42,42,GLU,8.79,116.75
4405,1,1,1,43,43,SER,8.21,110.26
4405,1,1,1,44,44,GLY,7.83,110.36
4405,1,1,1,45,45,ALA,7.94,120.82
4405,1,1,1,46,46,SER,8.66,114.77
4405,1,1,1,47,47,ILE,8.16,124.37
4405,1,1,1,48,48,LYS,8.86,128.43
4405,1,1,1,49,49,ILE,8.75,123.62
4405,1,1,1,5,5,SER,8.14,115.52
4405,1,1,1,50,50,ASP,8.44,128.31
4405,1,1,1,51,51,GLU,8.61,120.45
4405,1,1,1,53,53,LEU,8.47,123.37
4405,1,1,1,54,54,GLU,8.55,122.08
4405,1,1,1,55,55,GLY,8.75,112.11
4405,1,1,1,56,56,SER,7.93,114.5
4405,1,1,1,57,57,GLU,8.68,121.76
4405,1,1,1,58,58,ASP,8.12,119.35
4405,1,1,1,59,59,ARG,8.86,117.5
4405,1,1,1,6,6,TYR,8.19,121.28
4405,1,1,1,60,60,ILE,8.36,121.75
4405,1,1,1,61,61,ILE,9.24,127.87
4405,1,1,1,62,62,THR,9.01,123.16
4405,1,1,1,63,63,ILE,9.18,128.79
4405,1,1,1,64,64,THR,8.94,122.39
4405,1,1,1,65,65,GLY,9.07,113.86
4405,1,1,1,66,66,THR,8.68,110.62
4405,1,1,1,67,67,GLN,9.44,120.28
4405,1,1,1,68,68,ASP,8.49,116.02
4405,1,1,1,69,69,GLN,7.39,119.34
4405,1,1,1,7,7,GLY,8.24,109.58
4405,1,1,1,70,70,ILE,8.62,117.61
4405,1,1,1,71,71,GLN,8.25,119.55
4405,1,1,1,72,72,ASN,8.0,118.18
4405,1,1,1,73,73,ALA,8.63,121.36
4405,1,1,1,74,74,GLN,8.68,115.56
4405,1,1,1,75,75,TYR,8.02,120.25
4405,1,1,1,76,76,LEU,8.19,119.13
4405,1,1,1,77,77,LEU,8.71,121.3
4405,1,1,1,78,78,GLN,8.14,117.2
4405,1,1,1,79,79,ASN,7.94,116.63
4405,1,1,1,8,8,ASP,8.22,120.31
4405,1,1,1,80,80,SER,7.78,115.14
4405,1,1,1,81,81,VAL,7.76,118.61
4405,1,1,1,82,82,LYS,8.01,121.66
4405,1,1,1,83,83,GLN,8.15,118.49
4405,1,1,1,84,84,TYR,8.0,119.12
4405,1,1,1,85,85,SER,8.17,116.44
4405,1,1,1,86,86,GLY,7.87,109.99
4405,1,1,1,87,87,LYS,7.87,119.66
4405,1,1,1,88,88,PHE,8.19,120.66
4405,1,1,1,9,9,LEU,8.3,121.99
4407,1,1,1,100,100,ASN,8.26,117.91
4407,1,1,1,101,101,LYS,7.6,117.09
4407,1,1,1,102,102,LYS,7.87,119.66
4407,1,1,1,103,103,MET,7.66,116.02
4407,1,1,1,104,104,GLN,7.5,117.49
4407,1,1,1,105,105,GLU,7.58,117.36
4407,1,1,1,107,107,SER,8.69,115.46
4407,1,1,1,108,108,ALA,8.91,121.03
4407,1,1,1,109,109,HIS,7.75,110.07
4407,1,1,1,110,110,THR,7.66,120.14
4407,1,1,1,111,111,PHE,8.46,114.01
4407,1,1,1,112,112,ASP,7.53,121.23
4407,1,1,1,114,114,ALA,8.06,123.6
4407,1,1,1,115,115,GLN,9.56,118.87
4407,1,1,1,116,116,LEU,8.06,119.44
4407,1,1,1,117,117,GLN,8.12,121.35
4407,1,1,1,118,118,ILE,8.41,120.68
4407,1,1,1,119,119,TYR,9.2,124.17
4407,1,1,1,120,120,THR,8.6,113.42
4407,1,1,1,121,121,LEU,8.0,123.98
4407,1,1,1,122,122,MET,8.47,117.81
4407,1,1,1,123,123,HIS,8.11,118.86
4407,1,1,1,124,124,ARG,8.16,115.08
4407,1,1,1,125,125,ASP,8.35,115.15
4407,1,1,1,126,126,SER,7.46,113.46
4407,1,1,1,127,127,TYR,8.7,122.03
4407,1,1,1,129,129,ARG,6.51,114.41
4407,1,1,1,130,130,PHE,8.41,122.67
4407,1,1,1,131,131,LEU,7.37,117.2
4407,1,1,1,132,132,SER,6.95,110.19
4407,1,1,1,133,133,SER,7.65,119.6
4407,1,1,1,135,135,THR,7.53,112.02
4407,1,1,1,136,136,TYR,7.15,118.19
4407,1,1,1,137,137,ARG,8.14,114.58
4407,1,1,1,138,138,ALA,7.87,118.3
4407,1,1,1,139,139,LEU,7.47,115.58
4407,1,1,1,14,14,SER,8.67,118.21
4407,1,1,1,140,140,LEU,7.0,118.63
4407,1,1,1,16,16,GLU,8.59,116.23
4407,1,1,1,17,17,GLU,7.77,122.73
4407,1,1,1,18,18,VAL,7.71,118.8
4407,1,1,1,19,19,GLN,8.24,119.54
4407,1,1,1,20,20,SER,7.79,117.74
4407,1,1,1,21,21,TRP,7.45,122.21
4407,1,1,1,22,22,ALA,7.58,117.62
4407,1,1,1,23,23,GLN,7.72,116.23
4407,1,1,1,24,24,SER,7.28,110.3
4407,1,1,1,25,25,PHE,8.87,128.01
4407,1,1,1,26,26,ASP,7.87,114.91
4407,1,1,1,27,27,LYS,7.48,118.09
4407,1,1,1,28,28,LEU,6.91,119.98
4407,1,1,1,29,29,MET,7.36,110.51
4407,1,1,1,30,30,HIS,7.43,116.42
4407,1,1,1,31,31,SER,7.21,115.58
4407,1,1,1,33,33,ALA,8.16,120.06
4407,1,1,1,34,34,GLY,8.35,109.47
4407,1,1,1,35,35,ARG,8.72,119.87
4407,1,1,1,36,36,SER,7.44,112.86
4407,1,1,1,37,37,VAL,8.02,122.91
4407,1,1,1,38,38,PHE,8.75,121.47
4407,1,1,1,39,39,ARG,8.56,117.22
4407,1,1,1,40,40,ALA,7.56,120.44
4407,1,1,1,41,41,PHE,8.12,119.04
4407,1,1,1,42,42,LEU,8.87,122.37
4407,1,1,1,43,43,ARG,8.2,118.15
4407,1,1,1,44,44,THR,7.47,111.11
4407,1,1,1,45,45,GLU,6.74,117.43
4407,1,1,1,46,46,TYR,7.33,116.51
4407,1,1,1,47,47,SER,8.01,111.49
4407,1,1,1,48,48,GLU,8.45,122.67
4407,1,1,1,49,49,GLU,9.73,118.54
4407,1,1,1,50,50,ASN,7.67,116.6
4407,1,1,1,51,51,MET,7.06,117.51
4407,1,1,1,52,52,LEU,8.22,119.85
4407,1,1,1,53,53,PHE,8.51,120.18
4407,1,1,1,54,54,TRP,8.03,121.57
4407,1,1,1,55,55,LEU,9.0,117.05
4407,1,1,1,56,56,ALA,8.02,123.39
4407,1,1,1,57,57,CYS,7.45,116.43
4407,1,1,1,58,58,GLU,7.29,119.25
4407,1,1,1,59,59,GLU,7.79,118.58
4407,1,1,1,60,60,LEU,7.6,120.99
4407,1,1,1,61,61,LYS,7.29,113.69
4407,1,1,1,62,62,ALA,7.09,119.53
4407,1,1,1,63,63,GLU,7.75,122.01
4407,1,1,1,64,64,ALA,8.37,126.12
4407,1,1,1,65,65,ASN,8.91,117.82
4407,1,1,1,68,68,VAL,7.33,118.64
4407,1,1,1,69,69,VAL,7.78,121.22
4407,1,1,1,70,70,ASP,8.2,117.79
4407,1,1,1,71,71,GLU,7.48,117.73
4407,1,1,1,72,72,LYS,8.88,118.93
4407,1,1,1,73,73,ALA,9.3,121.39
4407,1,1,1,74,74,ARG,7.7,116.7
4407,1,1,1,75,75,LEU,7.76,119.75
4407,1,1,1,76,76,ILE,8.15,119.45
4407,1,1,1,77,77,TYR,8.52,119.51
4407,1,1,1,78,78,GLU,8.65,118.09
4407,1,1,1,79,79,ASP,8.27,116.36
4407,1,1,1,80,80,TYR,7.93,112.08
4407,1,1,1,81,81,VAL,7.46,116.02
4407,1,1,1,82,82,SER,7.68,113.42
4407,1,1,1,84,84,LEU,8.23,123.46
4407,1,1,1,85,85,SER,7.6,115.69
4407,1,1,1,87,87,LYS,7.78,118.88
4407,1,1,1,89,89,VAL,8.2,120.02
4407,1,1,1,90,90,SER,8.82,119.77
4407,1,1,1,91,91,LEU,7.61,123.42
4407,1,1,1,92,92,ASP,8.74,122.8
4407,1,1,1,94,94,ARG,8.41,122.12
4407,1,1,1,95,95,VAL,8.11,121.58
4407,1,1,1,96,96,ARG,8.23,120.77
4407,1,1,1,97,97,GLU,8.33,118.94
4407,1,1,1,98,98,GLY,7.95,106.13
4407,1,1,1,99,99,ILE,7.93,121.55
4413,1,1,1,22,22,TYR,8.046,122.351
4413,1,1,1,23,23,HIS,8.408,122.438
4413,1,1,1,24,24,ALA,8.237,126.304
4413,1,1,1,25,25,ASP,8.84,125.668
4413,1,1,1,27,27,SER,8.637,115.688
4413,1,1,1,28,28,LEU,7.731,128.006
4413,1,1,1,29,29,VAL,7.627,120.708
4413,1,1,1,30,30,SER,8.901,120.076
4413,1,1,1,31,31,PHE,7.699,124.906
4413,1,1,1,32,32,LEU,8.022,118.542
4413,1,1,1,33,33,THR,8.419,118.654
4413,1,1,1,34,34,GLY,8.294,113.783
4413,1,1,1,35,35,LEU,6.852,119.149
4413,1,1,1,36,36,GLY,7.792,107.891
4413,1,1,1,37,37,CYS,8.132,115.659
4413,1,1,1,39,39,ASN,8.61,118.356
4413,1,1,1,40,40,CYS,7.739,116.777
4413,1,1,1,41,41,ILE,7.613,123.184
4413,1,1,1,42,42,GLU,8.489,119.701
4413,1,1,1,43,43,TYR,7.199,120.121
4413,1,1,1,44,44,PHE,7.394,115.336
4413,1,1,1,45,45,THR,8.648,115.14
4413,1,1,1,46,46,SER,8.242,119.611
4413,1,1,1,47,47,GLN,7.088,120.356
4413,1,1,1,48,48,GLY,7.683,108.546
4413,1,1,1,49,49,LEU,7.663,125.051
4413,1,1,1,50,50,GLN,8.327,120.387
4413,1,1,1,51,51,SER,8.084,116.339
4413,1,1,1,52,52,ILE,8.375,123.63
4413,1,1,1,53,53,TYR,7.329,122.269
4413,1,1,1,54,54,HIS,7.454,118.836
4413,1,1,1,55,55,LEU,7.387,120.218
4413,1,1,1,56,56,GLN,7.147,117.12
4413,1,1,1,57,57,ASN,8.276,117.106
4413,1,1,1,58,58,LEU,7.511,122.538
4413,1,1,1,59,59,THR,9.413,115.242
4413,1,1,1,60,60,ILE,8.241,122.642
4413,1,1,1,61,61,GLU,8.301,124.709
4413,1,1,1,62,62,ASP,8.013,124.407
4413,1,1,1,63,63,LEU,7.856,119.273
4413,1,1,1,64,64,GLY,7.715,107.523
4413,1,1,1,65,65,ALA,8.0,129.939
4413,1,1,1,66,66,LEU,7.551,119.287
4413,1,1,1,67,67,LYS,7.737,113.074
4413,1,1,1,68,68,ILE,7.122,120.715
4413,1,1,1,70,70,GLU,9.041,126.885
4413,1,1,1,71,71,GLN,9.18,118.365
4413,1,1,1,72,72,TYR,7.685,119.047
4413,1,1,1,73,73,ARG,7.604,120.76
4413,1,1,1,74,74,MET,8.777,118.901
4413,1,1,1,75,75,THR,8.041,120.328
4413,1,1,1,76,76,ILE,8.115,123.232
4413,1,1,1,77,77,TRP,8.867,122.817
4413,1,1,1,78,78,ARG,9.119,119.942
4413,1,1,1,79,79,GLY,7.968,109.193
4413,1,1,1,80,80,LEU,8.549,125.019
4413,1,1,1,81,81,GLN,7.863,120.75
4413,1,1,1,82,82,ASP,7.875,121.678
4413,1,1,1,83,83,LEU,7.432,121.845
4413,1,1,1,84,84,LYS,7.674,120.651
4413,1,1,1,85,85,GLN,7.844,120.776
4413,1,1,1,86,86,GLY,8.162,111.07
4413,1,1,1,87,87,HIS,8.102,120.199
4413,1,1,1,88,88,ASP,8.382,123.632
4413,1,1,1,89,89,TYR,7.618,126.553
4417,1,1,1,10,10,THR,8.48,117.3
4417,1,1,1,100,100,ASN,9.06,124.7
4417,1,1,1,101,101,GLU,9.0,124.1
4417,1,1,1,102,102,ILE,9.49,127.1
4417,1,1,1,103,103,LYS,9.1,129.3
4417,1,1,1,104,104,ILE,8.62,125.8
4417,1,1,1,105,105,VAL,9.27,127.2
4417,1,1,1,106,106,ALA,8.77,128.7
4417,1,1,1,107,107,THR,8.05,113.8
4417,1,1,1,109,109,ASP,7.79,114.6
4417,1,1,1,11,11,SER,8.87,115.3
4417,1,1,1,110,110,GLY,7.96,108.4
4417,1,1,1,111,111,GLY,7.3,108.7
4417,1,1,1,112,112,SER,8.77,116.6
4417,1,1,1,113,113,ILE,9.3,122.5
4417,1,1,1,114,114,LEU,9.1,127.7
4417,1,1,1,116,116,ILE,8.81,127.1
4417,1,1,1,117,117,SER,9.14,123.3
4417,1,1,1,118,118,ASN,9.28,125.5
4417,1,1,1,119,119,LYS,9.03,124.8
4417,1,1,1,12,12,VAL,7.72,119.9
4417,1,1,1,120,120,TYR,9.64,127.1
4417,1,1,1,121,121,HIS,8.57,124.7
4417,1,1,1,122,122,THR,9.24,116.6
4417,1,1,1,123,123,LYS,8.22,122.1
4417,1,1,1,124,124,GLY,8.76,112.7
4417,1,1,1,125,125,ASP,8.64,125.5
4417,1,1,1,126,126,HIS,8.0,119.9
4417,1,1,1,127,127,GLU,8.62,122.3
4417,1,1,1,128,128,VAL,7.41,121.4
4417,1,1,1,129,129,LYS,8.57,127.8
4417,1,1,1,13,13,ILE,8.51,125.5
4417,1,1,1,130,130,ALA,8.86,129.7
4417,1,1,1,131,131,GLU,9.54,117.2
4417,1,1,1,132,132,GLN,7.45,120.2
4417,1,1,1,133,133,VAL,6.94,122.0
4417,1,1,1,134,134,LYS,7.86,120.9
4417,1,1,1,135,135,ALA,7.71,120.6
4417,1,1,1,136,136,SER,7.66,114.0
4417,1,1,1,137,137,LYS,8.0,125.0
4417,1,1,1,138,138,GLU,8.52,120.1
4417,1,1,1,139,139,LEU,7.96,122.5
4417,1,1,1,140,140,GLY,7.8,105.1
4417,1,1,1,141,141,GLU,7.83,122.7
4417,1,1,1,142,142,THR,8.43,118.6
4417,1,1,1,143,143,LEU,8.32,121.1
4417,1,1,1,144,144,LEU,8.26,120.7
4417,1,1,1,145,145,ARG,8.6,116.7
4417,1,1,1,146,146,ALA,8.07,123.4
4417,1,1,1,147,147,VAL,8.46,120.9
4417,1,1,1,148,148,GLU,9.3,121.8
4417,1,1,1,149,149,SER,8.34,113.0
4417,1,1,1,15,15,ALA,8.18,126.0
4417,1,1,1,150,150,TYR,7.81,123.9
4417,1,1,1,151,151,LEU,8.86,121.2
4417,1,1,1,152,152,LEU,8.31,120.2
4417,1,1,1,153,153,ALA,7.32,120.1
4417,1,1,1,154,154,HIS,7.5,118.9
4417,1,1,1,155,155,SER,8.46,118.5
4417,1,1,1,156,156,ASP,8.74,118.0
4417,1,1,1,157,157,ALA,7.51,124.7
4417,1,1,1,158,158,TYR,8.73,118.6
4417,1,1,1,16,16,ALA,8.53,117.6
4417,1,1,1,17,17,ARG,6.78,118.3
4417,1,1,1,18,18,LEU,8.26,119.4
4417,1,1,1,19,19,PHE,8.84,119.4
4417,1,1,1,2,2,VAL,8.07,120.9
4417,1,1,1,20,20,LYS,7.57,118.6
4417,1,1,1,21,21,ALA,7.31,119.5
4417,1,1,1,22,22,PHE,8.49,112.9
4417,1,1,1,23,23,ILE,6.7,110.8
4417,1,1,1,24,24,LEU,7.44,116.5
4417,1,1,1,25,25,ASP,6.99,117.2
4417,1,1,1,26,26,GLY,6.16,108.4
4417,1,1,1,27,27,ASP,7.89,118.3
4417,1,1,1,28,28,ASN,6.79,112.5
4417,1,1,1,29,29,LEU,8.01,119.6
4417,1,1,1,3,3,PHE,8.72,127.0
4417,1,1,1,30,30,PHE,9.09,118.8
4417,1,1,1,32,32,LYS,6.83,113.7
4417,1,1,1,33,33,VAL,8.15,110.1
4417,1,1,1,34,34,ALA,8.29,125.4
4417,1,1,1,36,36,GLN,9.11,118.5
4417,1,1,1,37,37,ALA,8.19,125.0
4417,1,1,1,38,38,ILE,7.7,115.4
4417,1,1,1,39,39,SER,8.43,119.7
4417,1,1,1,4,4,ASN,8.69,124.0
4417,1,1,1,40,40,SER,7.36,111.6
4417,1,1,1,41,41,VAL,8.51,121.5
4417,1,1,1,42,42,GLU,8.61,125.9
4417,1,1,1,43,43,ASN,9.1,125.1
4417,1,1,1,44,44,ILE,9.01,126.0
4417,1,1,1,45,45,GLU,7.73,118.9
4417,1,1,1,46,46,GLY,8.5,110.7
4417,1,1,1,47,47,ASN,8.32,115.3
4417,1,1,1,48,48,GLY,8.8,111.0
4417,1,1,1,49,49,GLY,8.18,107.5
4417,1,1,1,5,5,TYR,9.01,125.2
4417,1,1,1,51,51,GLY,9.48,115.3
4417,1,1,1,52,52,THR,8.02,120.2
4417,1,1,1,53,53,ILE,8.64,126.8
4417,1,1,1,54,54,LYS,9.44,127.7
4417,1,1,1,55,55,LYS,9.43,132.5
4417,1,1,1,56,56,ILE,9.48,135.0
4417,1,1,1,57,57,SER,8.44,121.0
4417,1,1,1,58,58,PHE,7.94,124.22
4417,1,1,1,6,6,GLU,8.65,124.5
4417,1,1,1,60,60,GLU,8.44,120.7
4417,1,1,1,61,61,GLY,8.79,112.9
4417,1,1,1,62,62,PHE,7.76,124.1
4417,1,1,1,64,64,PHE,6.55,113.3
4417,1,1,1,65,65,LYS,9.05,120.4
4417,1,1,1,66,66,TYR,7.79,114.9
4417,1,1,1,67,67,VAL,9.02,115.1
4417,1,1,1,68,68,LYS,8.57,122.3
4417,1,1,1,7,7,THR,9.09,117.5
4417,1,1,1,70,70,ARG,9.76,122.5
4417,1,1,1,71,71,VAL,9.19,128.1
4417,1,1,1,72,72,ASP,9.13,130.6
4417,1,1,1,73,73,GLU,8.27,118.6
4417,1,1,1,74,74,VAL,8.89,124.5
4417,1,1,1,75,75,ASP,9.24,127.8
4417,1,1,1,76,76,HIS,8.98,123.7
4417,1,1,1,77,77,THR,8.23,115.1
4417,1,1,1,78,78,ASN,7.58,116.9
4417,1,1,1,79,79,PHE,6.85,117.0
4417,1,1,1,80,80,LYS,7.97,118.6
4417,1,1,1,81,81,TYR,9.41,128.2
4417,1,1,1,82,82,ASN,9.14,126.2
4417,1,1,1,83,83,TYR,8.7,121.8
4417,1,1,1,84,84,SER,9.53,118.3
4417,1,1,1,85,85,VAL,9.51,128.2
4417,1,1,1,86,86,ILE,8.35,116.3
4417,1,1,1,87,87,GLU,7.76,122.8
4417,1,1,1,88,88,GLY,8.8,112.9
4417,1,1,1,89,89,GLY,8.06,106.4
4417,1,1,1,9,9,THR,8.62,120.0
4417,1,1,1,91,91,ILE,7.83,123.3
4417,1,1,1,92,92,GLY,8.52,117.8
4417,1,1,1,93,93,ASP,8.73,122.3
4417,1,1,1,94,94,THR,7.83,106.7
4417,1,1,1,95,95,LEU,7.61,124.9
4417,1,1,1,96,96,GLU,9.07,125.1
4417,1,1,1,97,97,LYS,7.62,113.5
4417,1,1,1,98,98,ILE,7.72,121.2
4417,1,1,1,99,99,SER,9.79,124.8
4424,1,1,1,1,1,GLY,8.72,121.52
4424,1,1,1,10,10,ALA,9.4,130.08
4424,1,1,1,11,11,VAL,9.57,126.87
4424,1,1,1,12,12,ARG,8.41,128.51
4424,1,1,1,16,16,GLU,7.09,117.06
4424,1,1,1,18,18,GLY,8.28,108.63
4424,1,1,1,19,19,ILE,8.04,121.26
4424,1,1,1,2,2,SER,8.65,117.89
4424,1,1,1,20,20,TYR,9.46,128.54
4424,1,1,1,21,21,ASN,9.43,121.37
4424,1,1,1,22,22,THR,7.42,107.61
4424,1,1,1,23,23,TRP,9.05,125.95
4424,1,1,1,24,24,ASN,8.56,117.83
4424,1,1,1,25,25,GLU,7.22,117.5
4424,1,1,1,26,26,CYS,7.03,120.91
4424,1,1,1,27,27,LYS,8.39,122.0
4424,1,1,1,28,28,ASN,6.93,117.01
4424,1,1,1,29,29,GLN,7.6,115.89
4424,1,1,1,3,3,ALA,8.53,128.53
4424,1,1,1,30,30,VAL,7.06,109.31
4424,1,1,1,31,31,ASP,8.61,126.87
4424,1,1,1,32,32,GLY,9.24,117.79
4424,1,1,1,33,33,TYR,7.78,125.02
4424,1,1,1,34,34,GLY,8.52,120.21
4424,1,1,1,35,35,GLY,8.92,115.03
4424,1,1,1,36,36,ALA,7.61,121.38
4424,1,1,1,37,37,ILE,9.02,122.41
4424,1,1,1,38,38,TYR,8.74,127.69
4424,1,1,1,39,39,LYS,8.72,123.09
4424,1,1,1,4,4,ARG,8.45,123.0
4424,1,1,1,40,40,LYS,8.07,127.43
4424,1,1,1,41,41,PHE,9.17,124.96
4424,1,1,1,42,42,ASN,9.11,119.5
4424,1,1,1,43,43,SER,7.37,112.89
4424,1,1,1,44,44,TYR,8.61,130.0
4424,1,1,1,45,45,GLU,8.68,118.98
4424,1,1,1,46,46,GLN,7.31,119.92
4424,1,1,1,47,47,ALA,6.92,124.75
4424,1,1,1,48,48,LYS,8.17,119.86
4424,1,1,1,49,49,SER,7.76,117.13
4424,1,1,1,5,5,GLN,8.47,124.48
4424,1,1,1,50,50,PHE,7.42,124.17
4424,1,1,1,51,51,LEU,7.52,118.71
4424,1,1,1,52,52,GLY,7.53,106.66
4424,1,1,1,53,53,GLN,7.7,122.66
4424,1,1,1,55,55,ASN,8.55,120.67
4424,1,1,1,56,56,THR,8.13,115.82
4424,1,1,1,57,57,THR,8.22,116.78
4424,1,1,1,58,58,SER,8.3,119.92
4424,1,1,1,59,59,ASN,8.41,122.75
4424,1,1,1,6,6,GLY,8.42,112.56
4424,1,1,1,60,60,TYR,8.2,122.9
4424,1,1,1,61,61,GLY,8.31,112.94
4424,1,1,1,62,62,SER,8.14,117.9
4424,1,1,1,63,63,SER,8.12,124.09
4424,1,1,1,7,7,ASN,7.88,119.56
4424,1,1,1,8,8,PHE,8.34,119.07
4424,1,1,1,9,9,TYR,9.68,124.58
4425,1,1,1,1,1,ALA,8.285,122.875
4425,1,1,1,10,10,ARG,8.843,128.28
4425,1,1,1,11,11,SER,8.516,112.687
4425,1,1,1,13,13,MET,7.847,114.323
4425,1,1,1,14,14,VAL,8.172,120.807
4425,1,1,1,15,15,GLY,8.01,112.139
4425,1,1,1,16,16,THR,9.082,119.711
4425,1,1,1,17,17,PHE,8.798,129.107
4425,1,1,1,18,18,TYR,8.912,122.123
4425,1,1,1,19,19,ARG,8.565,117.199
4425,1,1,1,2,2,ALA,8.211,122.025
4425,1,1,1,20,20,THR,7.556,108.607
4425,1,1,1,22,22,SER,7.179,111.875
4425,1,1,1,24,24,ASP,8.3,113.794
4425,1,1,1,25,25,ALA,7.353,122.675
4425,1,1,1,26,26,LYS,8.073,118.575
4425,1,1,1,27,27,ALA,8.471,122.664
4425,1,1,1,28,28,PHE,7.448,117.058
4425,1,1,1,29,29,ILE,7.677,105.377
4425,1,1,1,3,3,GLU,8.312,119.098
4425,1,1,1,30,30,GLU,7.297,116.397
4425,1,1,1,31,31,VAL,9.075,121.407
4425,1,1,1,32,32,GLY,9.326,115.734
4425,1,1,1,33,33,GLN,7.903,120.988
4425,1,1,1,34,34,LYS,8.759,124.775
4425,1,1,1,35,35,VAL,9.257,116.886
4425,1,1,1,36,36,ASN,9.078,121.968
4425,1,1,1,37,37,VAL,8.113,119.616
4425,1,1,1,38,38,GLY,8.957,115.535
4425,1,1,1,39,39,ASP,8.206,121.645
4425,1,1,1,4,4,ILE,8.078,121.338
4425,1,1,1,40,40,THR,8.827,119.735
4425,1,1,1,41,41,LEU,9.242,122.034
4425,1,1,1,42,42,CYS,7.517,108.354
4425,1,1,1,43,43,ILE,8.439,117.978
4425,1,1,1,44,44,VAL,8.742,123.083
4425,1,1,1,45,45,GLU,9.956,131.552
4425,1,1,1,46,46,ALA,8.828,129.488
4425,1,1,1,47,47,MET,9.573,121.792
4425,1,1,1,48,48,LYS,8.858,109.703
4425,1,1,1,49,49,MET,8.1,119.296
4425,1,1,1,5,5,SER,8.301,119.407
4425,1,1,1,50,50,MET,8.749,121.99
4425,1,1,1,51,51,ASN,7.962,121.848
4425,1,1,1,52,52,GLN,9.067,123.736
4425,1,1,1,53,53,ILE,8.39,125.758
4425,1,1,1,54,54,GLU,8.811,125.953
4425,1,1,1,55,55,ALA,9.027,121.726
4425,1,1,1,56,56,ASP,8.704,121.451
4425,1,1,1,57,57,LYS,7.324,119.598
4425,1,1,1,58,58,SER,8.337,116.677
4425,1,1,1,59,59,GLY,8.385,109.269
4425,1,1,1,6,6,GLY,8.108,108.692
4425,1,1,1,60,60,THR,9.193,118.752
4425,1,1,1,61,61,VAL,9.134,125.804
4425,1,1,1,62,62,LYS,9.33,132.463
4425,1,1,1,63,63,ALA,7.668,116.59
4425,1,1,1,64,64,ILE,8.899,122.425
4425,1,1,1,65,65,LEU,8.373,123.646
4425,1,1,1,66,66,VAL,6.714,115.605
4425,1,1,1,67,67,GLU,8.129,123.017
4425,1,1,1,68,68,SER,9.008,115.681
4425,1,1,1,69,69,GLY,9.713,114.523
4425,1,1,1,7,7,HIS,8.849,119.098
4425,1,1,1,70,70,GLN,7.774,120.268
4425,1,1,1,72,72,VAL,9.187,113.492
4425,1,1,1,73,73,GLU,8.197,119.901
4425,1,1,1,74,74,PHE,8.276,120.169
4425,1,1,1,75,75,ASP,8.541,124.856
4425,1,1,1,76,76,GLU,7.692,121.637
4425,1,1,1,78,78,LEU,8.957,120.097
4425,1,1,1,79,79,VAL,7.383,115.046
4425,1,1,1,8,8,ILE,8.503,127.555
4425,1,1,1,80,80,VAL,8.688,125.09
4425,1,1,1,81,81,ILE,9.49,129.575
4425,1,1,1,82,82,GLU,9.277,132.54
4425,1,1,1,9,9,VAL,9.026,128.048
4426,1,1,1,1,1,ALA,8.282,122.795
4426,1,1,1,10,10,ARG,8.861,128.205
4426,1,1,1,11,11,SER,8.496,112.613
4426,1,1,1,13,13,MET,7.869,114.391
4426,1,1,1,14,14,VAL,8.144,120.561
4426,1,1,1,15,15,GLY,7.958,112.031
4426,1,1,1,16,16,THR,9.441,120.056
4426,1,1,1,17,17,PHE,8.814,129.13
4426,1,1,1,18,18,TYR,9.065,121.658
4426,1,1,1,19,19,ARG,8.644,117.266
4426,1,1,1,2,2,ALA,8.211,121.975
4426,1,1,1,20,20,THR,7.585,107.175
4426,1,1,1,22,22,SER,7.14,110.326
4426,1,1,1,24,24,ASP,8.447,114.169
4426,1,1,1,25,25,ALA,7.276,122.335
4426,1,1,1,26,26,LYS,7.999,117.788
4426,1,1,1,27,27,ALA,8.489,122.926
4426,1,1,1,28,28,PHE,7.781,116.77
4426,1,1,1,29,29,ILE,7.725,105.302
4426,1,1,1,3,3,GLU,8.298,118.968
4426,1,1,1,30,30,GLU,7.352,116.345
4426,1,1,1,31,31,VAL,9.062,121.436
4426,1,1,1,32,32,GLY,9.331,115.731
4426,1,1,1,33,33,GLN,7.9,120.838
4426,1,1,1,34,34,LYS,8.756,124.62
4426,1,1,1,35,35,VAL,9.255,116.904
4426,1,1,1,36,36,ASN,9.074,121.915
4426,1,1,1,37,37,VAL,8.114,119.536
4426,1,1,1,38,38,GLY,8.965,115.487
4426,1,1,1,39,39,ASP,8.206,121.614
4426,1,1,1,4,4,ILE,8.066,121.217
4426,1,1,1,40,40,THR,8.811,119.803
4426,1,1,1,41,41,LEU,9.232,121.918
4426,1,1,1,42,42,CYS,7.426,107.966
4426,1,1,1,43,43,ILE,8.544,118.339
4426,1,1,1,44,44,VAL,8.782,124.073
4426,1,1,1,45,45,GLU,9.885,131.441
4426,1,1,1,46,46,ALA,8.658,129.448
4426,1,1,1,47,47,MET,9.581,123.765
4426,1,1,1,48,48,LYS,9.262,110.26
4426,1,1,1,49,49,MET,8.225,119.398
4426,1,1,1,5,5,SER,8.294,119.332
4426,1,1,1,50,50,MET,8.856,122.866
4426,1,1,1,51,51,ASN,7.943,122.062
4426,1,1,1,52,52,GLN,9.018,124.165
4426,1,1,1,53,53,ILE,8.343,126.012
4426,1,1,1,54,54,GLU,8.813,125.933
4426,1,1,1,55,55,ALA,9.033,121.77
4426,1,1,1,56,56,ASP,8.719,121.461
4426,1,1,1,57,57,LYS,7.335,119.554
4426,1,1,1,58,58,SER,8.348,116.683
4426,1,1,1,59,59,GLY,8.395,109.322
4426,1,1,1,6,6,GLY,8.111,108.669
4426,1,1,1,60,60,THR,9.183,118.7
4426,1,1,1,61,61,VAL,9.133,125.752
4426,1,1,1,62,62,LYS,9.309,132.53
4426,1,1,1,63,63,ALA,7.677,116.523
4426,1,1,1,64,64,ILE,8.898,122.388
4426,1,1,1,65,65,LEU,8.373,123.675
4426,1,1,1,66,66,VAL,6.727,115.544
4426,1,1,1,67,67,GLU,8.144,122.983
4426,1,1,1,68,68,SER,8.994,115.658
4426,1,1,1,69,69,GLY,9.653,114.373
4426,1,1,1,7,7,HIS,8.845,119.071
4426,1,1,1,70,70,GLN,7.761,120.16
4426,1,1,1,72,72,VAL,9.244,113.462
4426,1,1,1,73,73,GLU,8.145,119.486
4426,1,1,1,74,74,PHE,8.267,120.12
4426,1,1,1,75,75,ASP,8.556,124.654
4426,1,1,1,76,76,GLU,7.706,121.64
4426,1,1,1,78,78,LEU,8.973,120.064
4426,1,1,1,79,79,VAL,7.392,115.027
4426,1,1,1,8,8,ILE,8.517,127.561
4426,1,1,1,80,80,VAL,8.695,125.092
4426,1,1,1,81,81,ILE,9.482,129.544
4426,1,1,1,82,82,GLU,9.278,132.483
4426,1,1,1,9,9,VAL,9.014,128.028
4428,1,1,1,10,10,ASP,8.37,115.7
4428,1,1,1,11,11,VAL,7.12,119.64
4428,1,1,1,12,12,LEU,7.18,120.26
4428,1,1,1,13,13,VAL,7.89,120.51
4428,1,1,1,15,15,THR,7.26,117.76
4428,1,1,1,16,16,ALA,8.94,133.67
4428,1,1,1,17,17,ALA,8.56,126.97
4428,1,1,1,18,18,GLU,9.09,117.72
4428,1,1,1,19,19,ASP,7.62,120.72
4428,1,1,1,2,2,THR,8.18,120.2
4428,1,1,1,20,20,LEU,6.99,124.89
4428,1,1,1,22,22,ARG,8.36,125.64
4428,1,1,1,23,23,GLY,8.6,113.26
4428,1,1,1,24,24,VAL,6.97,122.81
4428,1,1,1,25,25,ASP,8.33,133.21
4428,1,1,1,27,27,SER,8.46,116.73
4428,1,1,1,28,28,ARG,7.79,128.12
4428,1,1,1,29,29,LYS,8.86,123.73
4428,1,1,1,3,3,LYS,8.34,127.84
4428,1,1,1,30,30,GLU,10.64,120.03
4428,1,1,1,31,31,ASN,7.78,123.27
4428,1,1,1,32,32,HIS,7.9,119.34
4428,1,1,1,33,33,LEU,6.74,120.49
4428,1,1,1,34,34,SER,9.9,122.81
4428,1,1,1,35,35,ASP,9.09,125.35
4428,1,1,1,36,36,GLU,8.77,122.11
4428,1,1,1,37,37,ASP,7.88,125.15
4428,1,1,1,38,38,PHE,9.13,124.31
4428,1,1,1,39,39,LYS,7.79,120.86
4428,1,1,1,4,4,LEU,8.18,127.66
4428,1,1,1,40,40,ALA,7.67,124.95
4428,1,1,1,41,41,VAL,8.06,120.21
4428,1,1,1,42,42,PHE,8.17,116.1
4428,1,1,1,43,43,GLY,8.11,111.56
4428,1,1,1,44,44,MET,7.39,115.43
4428,1,1,1,45,45,THR,8.08,110.22
4428,1,1,1,46,46,ARG,8.41,123.61
4428,1,1,1,47,47,SER,8.04,116.6
4428,1,1,1,48,48,ALA,7.45,128.33
4428,1,1,1,49,49,PHE,8.09,123.5
4428,1,1,1,5,5,GLU,8.62,126.74
4428,1,1,1,50,50,ALA,7.75,120.93
4428,1,1,1,51,51,ASN,7.02,116.28
4428,1,1,1,52,52,LEU,7.27,125.07
4428,1,1,1,54,54,LEU,8.73,128.82
4428,1,1,1,55,55,TRP,7.84,117.56
4428,1,1,1,56,56,LYS,5.93,126.63
4428,1,1,1,57,57,GLN,7.4,121.65
4428,1,1,1,58,58,GLN,8.21,118.2
4428,1,1,1,59,59,ASN,7.88,122.06
4428,1,1,1,6,6,THR,7.69,117.49
4428,1,1,1,60,60,LEU,8.34,124.19
4428,1,1,1,61,61,LYS,8.27,119.8
4428,1,1,1,62,62,LYS,8.56,123.38
4428,1,1,1,63,63,GLU,7.97,122.68
4428,1,1,1,64,64,LYS,7.34,116.73
4428,1,1,1,65,65,GLY,7.5,109.06
4428,1,1,1,66,66,LEU,8.28,121.9
4428,1,1,1,67,67,PHE,7.76,130.2
4428,1,1,1,7,7,PHE,8.61,122.11
4428,1,1,1,9,9,LEU,8.47,125.35
4429,1,1,1,1,1,SER,8.28,123.3
4429,1,1,1,10,10,ALA,7.86,123.3
4429,1,1,1,100,100,LYS,9.14,123.5
4429,1,1,1,101,101,ASP,8.38,117.8
4429,1,1,1,102,102,ASP,7.82,123.7
4429,1,1,1,103,103,ALA,8.78,125.3
4429,1,1,1,104,104,GLU,8.3,118.1
4429,1,1,1,105,105,ALA,7.8,123.6
4429,1,1,1,106,106,LEU,7.82,122.5
4429,1,1,1,107,107,LYS,8.42,121.1
4429,1,1,1,108,108,LYS,8.07,119.0
4429,1,1,1,109,109,ALA,7.63,121.7
4429,1,1,1,11,11,VAL,8.48,119.6
4429,1,1,1,110,110,LEU,8.15,119.5
4429,1,1,1,111,111,GLU,8.89,122.6
4429,1,1,1,112,112,GLU,8.29,123.6
4429,1,1,1,113,113,ALA,7.03,120.4
4429,1,1,1,114,114,GLY,7.77,107.6
4429,1,1,1,115,115,ALA,7.63,123.3
4429,1,1,1,116,116,GLU,8.27,119.8
4429,1,1,1,117,117,VAL,9.29,127.6
4429,1,1,1,118,118,GLU,9.07,127.2
4429,1,1,1,119,119,VAL,8.64,127.7
4429,1,1,1,12,12,ALA,7.81,122.7
4429,1,1,1,120,120,LYS,9.07,134.4
4429,1,1,1,13,13,ALA,7.16,119.0
4429,1,1,1,14,14,MET,7.55,121.4
4429,1,1,1,15,15,SER,8.96,118.5
4429,1,1,1,16,16,VAL,8.69,123.0
4429,1,1,1,17,17,MET,8.14,118.4
4429,1,1,1,18,18,ASP,7.61,121.8
4429,1,1,1,19,19,VAL,7.99,123.2
4429,1,1,1,2,2,ILE,7.93,122.8
4429,1,1,1,20,20,VAL,8.27,121.3
4429,1,1,1,21,21,GLU,7.8,121.6
4429,1,1,1,22,22,LEU,8.18,123.7
4429,1,1,1,23,23,ILE,8.8,121.3
4429,1,1,1,24,24,SER,8.12,116.2
4429,1,1,1,25,25,ALA,8.01,125.3
4429,1,1,1,26,26,MET,8.5,119.9
4429,1,1,1,27,27,GLU,8.59,120.3
4429,1,1,1,28,28,GLU,7.93,120.2
4429,1,1,1,29,29,LYS,7.77,119.3
4429,1,1,1,3,3,THR,8.2,117.1
4429,1,1,1,30,30,PHE,7.99,116.5
4429,1,1,1,31,31,GLY,7.92,110.5
4429,1,1,1,32,32,VAL,7.74,118.7
4429,1,1,1,33,33,SER,8.33,119.2
4429,1,1,1,34,34,ALA,8.46,127.7
4429,1,1,1,35,35,ALA,8.1,123.4
4429,1,1,1,36,36,ALA,8.03,123.7
4429,1,1,1,37,37,ALA,8.03,124.1
4429,1,1,1,38,38,VAL,7.88,120.0
4429,1,1,1,39,39,ALA,8.16,128.7
4429,1,1,1,4,4,LYS,8.92,121.7
4429,1,1,1,40,40,VAL,8.02,121.0
4429,1,1,1,41,41,ALA,8.27,129.4
4429,1,1,1,42,42,ALA,8.23,125.4
4429,1,1,1,43,43,GLY,8.15,110.0
4429,1,1,1,45,45,VAL,8.27,122.2
4429,1,1,1,46,46,GLU,8.47,126.7
4429,1,1,1,47,47,ALA,8.35,127.5
4429,1,1,1,48,48,ALA,8.29,125.6
4429,1,1,1,49,49,GLU,8.37,121.9
4429,1,1,1,5,5,ASP,8.18,117.7
4429,1,1,1,50,50,GLU,8.39,124.3
4429,1,1,1,51,51,LYS,8.34,125.9
4429,1,1,1,52,52,THR,8.4,113.9
4429,1,1,1,53,53,GLU,7.11,123.3
4429,1,1,1,54,54,PHE,9.57,121.9
4429,1,1,1,55,55,ASP,9.46,121.6
4429,1,1,1,56,56,VAL,8.67,120.7
4429,1,1,1,57,57,ILE,9.56,131.0
4429,1,1,1,58,58,LEU,8.96,129.9
4429,1,1,1,59,59,LYS,8.8,131.2
4429,1,1,1,6,6,GLN,7.64,120.8
4429,1,1,1,60,60,ALA,7.73,118.5
4429,1,1,1,61,61,ALA,9.21,124.6
4429,1,1,1,62,62,GLY,7.85,103.1
4429,1,1,1,63,63,ALA,8.47,122.6
4429,1,1,1,64,64,ASN,9.64,122.9
4429,1,1,1,65,65,LYS,7.98,122.9
4429,1,1,1,66,66,VAL,8.24,118.7
4429,1,1,1,67,67,ALA,7.37,123.7
4429,1,1,1,68,68,VAL,7.93,122.4
4429,1,1,1,69,69,ILE,8.79,123.1
4429,1,1,1,7,7,ILE,8.03,122.7
4429,1,1,1,70,70,LYS,7.82,120.5
4429,1,1,1,71,71,ALA,7.98,124.4
4429,1,1,1,72,72,VAL,8.95,121.2
4429,1,1,1,73,73,ARG,8.82,124.9
4429,1,1,1,74,74,GLY,8.25,108.0
4429,1,1,1,75,75,ALA,7.67,121.0
4429,1,1,1,76,76,THR,7.71,105.0
4429,1,1,1,77,77,GLY,8.38,113.4
4429,1,1,1,78,78,LEU,7.64,122.4
4429,1,1,1,79,79,GLY,8.43,108.1
4429,1,1,1,8,8,ILE,8.17,120.9
4429,1,1,1,80,80,LEU,8.48,121.6
4429,1,1,1,81,81,LYS,8.41,120.1
4429,1,1,1,82,82,GLU,8.6,119.8
4429,1,1,1,83,83,ALA,8.79,124.2
4429,1,1,1,84,84,LYS,8.47,121.0
4429,1,1,1,85,85,ASP,8.32,120.2
4429,1,1,1,86,86,LEU,7.73,123.4
4429,1,1,1,87,87,VAL,8.12,120.2
4429,1,1,1,88,88,GLU,8.43,119.0
4429,1,1,1,89,89,SER,7.64,116.6
4429,1,1,1,9,9,GLU,7.76,119.9
4429,1,1,1,90,90,ALA,6.87,124.4
4429,1,1,1,92,92,ALA,8.45,127.1
4429,1,1,1,93,93,ALA,8.79,125.9
4429,1,1,1,94,94,LEU,7.33,124.3
4429,1,1,1,95,95,LYS,9.03,124.3
4429,1,1,1,96,96,GLU,8.63,123.5
4429,1,1,1,97,97,GLY,8.57,115.4
4429,1,1,1,98,98,VAL,9.23,116.1
4429,1,1,1,99,99,SER,8.96,117.6
4430,1,1,1,10,10,GLY,8.281,106.931
4430,1,1,1,11,11,LEU,8.242,124.213
4430,1,1,1,12,12,LEU,8.203,118.707
4430,1,1,1,13,13,ILE,8.711,122.274
4430,1,1,1,14,14,GLY,8.329,107.71
4430,1,1,1,15,15,ILE,8.203,121.94
4430,1,1,1,16,16,PHE,7.63,121.287
4430,1,1,1,17,17,HIS,8.6,115.787
4430,1,1,1,18,18,LYS,7.98,122.108
4430,1,1,1,19,19,TYR,7.206,114.545
4430,1,1,1,2,2,ALA,8.448,126.141
4430,1,1,1,21,21,GLY,7.969,108.746
4430,1,1,1,22,22,LYS,7.609,119.796
4430,1,1,1,23,23,GLU,8.086,117.643
4430,1,1,1,24,24,GLY,8.32,109.227
4430,1,1,1,25,25,ASP,8.348,123.164
4430,1,1,1,26,26,LYS,8.23,121.955
4430,1,1,1,27,27,HIS,8.828,117.62
4430,1,1,1,28,28,THR,7.578,109.41
4430,1,1,1,29,29,LEU,8.672,120.042
4430,1,1,1,3,3,SER,9.298,121.351
4430,1,1,1,30,30,SER,8.906,118.384
4430,1,1,1,31,31,LYS,8.555,122.41
4430,1,1,1,32,32,LYS,8.477,119.219
4430,1,1,1,33,33,GLU,7.656,121.649
4430,1,1,1,34,34,LEU,8.535,121.351
4430,1,1,1,35,35,LYS,8.008,119.173
4430,1,1,1,36,36,GLU,7.226,118.531
4430,1,1,1,37,37,LEU,8.14,121.232
4430,1,1,1,38,38,ILE,8.2,119.148
4430,1,1,1,39,39,GLN,7.93,115.147
4430,1,1,1,40,40,LYS,8.27,116.102
4430,1,1,1,41,41,GLU,8.517,113.54
4430,1,1,1,42,42,LEU,7.812,121.693
4430,1,1,1,43,43,THR,9.688,124.534
4430,1,1,1,44,44,ILE,7.93,123.147
4430,1,1,1,45,45,GLY,8.398,110.235
4430,1,1,1,47,47,LYS,7.852,121.11
4430,1,1,1,48,48,LEU,7.578,119.221
4430,1,1,1,49,49,GLN,7.533,112.696
4430,1,1,1,5,5,LEU,8.906,117.092
4430,1,1,1,50,50,ASP,7.734,123.07
4430,1,1,1,51,51,ALA,8.867,127.458
4430,1,1,1,52,52,GLU,8.906,115.991
4430,1,1,1,53,53,ILE,7.5,120.671
4430,1,1,1,54,54,VAL,8.438,121.565
4430,1,1,1,55,55,LYS,7.5,117.406
4430,1,1,1,56,56,LEU,7.265,119.796
4430,1,1,1,57,57,MET,8.477,117.039
4430,1,1,1,58,58,ASP,8.75,121.115
4430,1,1,1,59,59,ASP,7.578,119.061
4430,1,1,1,6,6,ASP,7.959,119.399
4430,1,1,1,60,60,LEU,7.539,116.434
4430,1,1,1,61,61,ASP,7.33,115.631
4430,1,1,1,62,62,ARG,8.08,119.564
4430,1,1,1,63,63,ASN,7.84,117.817
4430,1,1,1,64,64,LYS,6.83,116.501
4430,1,1,1,65,65,ASP,8.281,116.401
4430,1,1,1,66,66,GLN,7.969,122.126
4430,1,1,1,67,67,GLU,8.477,122.479
4430,1,1,1,68,68,VAL,9.375,120.165
4430,1,1,1,69,69,ASN,8.886,122.099
4430,1,1,1,7,7,GLN,8.6,119.702
4430,1,1,1,70,70,PHE,9.102,117.968
4430,1,1,1,71,71,GLN,7.656,118.219
4430,1,1,1,72,72,GLU,8.516,121.364
4430,1,1,1,73,73,TYR,8.477,124.421
4430,1,1,1,74,74,ILE,8.008,121.044
4430,1,1,1,75,75,THR,8.105,119.408
4430,1,1,1,76,76,PHE,7.96,123.727
4430,1,1,1,77,77,LEU,7.97,117.088
4430,1,1,1,78,78,GLY,8.359,105.461
4430,1,1,1,79,79,ALA,8.008,124.612
4430,1,1,1,8,8,ALA,8.49,123.107
4430,1,1,1,80,80,LEU,7.96,116.877
4430,1,1,1,81,81,ALA,8.615,121.773
4430,1,1,1,82,82,MET,7.48,112.601
4430,1,1,1,83,83,ILE,7.344,116.203
4430,1,1,1,84,84,TYR,7.91,114.036
4430,1,1,1,85,85,ASN,7.76,121.828
4430,1,1,1,86,86,GLU,9.063,127.323
4430,1,1,1,87,87,ALA,8.242,120.49
4430,1,1,1,88,88,LEU,7.4,115.711
4430,1,1,1,89,89,LYS,7.265,119.266
4430,1,1,1,9,9,ILE,8.477,117.262
4430,1,1,1,90,90,GLY,7.891,115.085
4431,1,1,1,10,10,ALA,8.13,124.4
4431,1,1,1,100,100,PHE,8.88,131.1
4431,1,1,1,101,101,ASN,8.85,124.1
4431,1,1,1,102,102,VAL,8.18,118.4
4431,1,1,1,103,103,TYR,7.46,118.9
4431,1,1,1,104,104,ASP,7.23,119.8
4431,1,1,1,105,105,PHE,7.23,119.4
4431,1,1,1,106,106,LEU,8.01,115.7
4431,1,1,1,107,107,VAL,6.94,116.0
4431,1,1,1,108,108,ASP,7.3,116.8
4431,1,1,1,109,109,VAL,7.06,121.0
4431,1,1,1,11,11,GLY,8.28,106.7
4431,1,1,1,110,110,SER,8.95,123.9
4431,1,1,1,111,111,SER,7.39,111.5
4431,1,1,1,113,113,ILE,8.82,121.9
4431,1,1,1,114,114,GLY,8.06,112.1
4431,1,1,1,115,115,ARG,8.77,121.0
4431,1,1,1,116,116,ALA,8.51,129.3
4431,1,1,1,117,117,TYR,8.64,118.0
4431,1,1,1,118,118,THR,8.39,110.6
4431,1,1,1,119,119,LEU,8.21,124.4
4431,1,1,1,12,12,ILE,7.75,119.2
4431,1,1,1,120,120,GLY,9.12,118.1
4431,1,1,1,121,121,ASN,8.96,126.9
4431,1,1,1,122,122,LYS,7.79,117.6
4431,1,1,1,123,123,PHE,8.76,127.1
4431,1,1,1,124,124,THR,8.08,124.4
4431,1,1,1,125,125,ILE,8.32,121.1
4431,1,1,1,126,126,THR,8.93,118.9
4431,1,1,1,127,127,SER,8.26,119.1
4431,1,1,1,128,128,GLU,8.56,123.7
4431,1,1,1,129,129,LEU,8.32,122.5
4431,1,1,1,13,13,MET,8.21,121.6
4431,1,1,1,130,130,MET,8.12,119.2
4431,1,1,1,131,131,GLY,8.29,108.9
4431,1,1,1,132,132,LEU,7.95,121.0
4431,1,1,1,134,134,ARG,7.97,120.9
4431,1,1,1,135,135,LYS,8.27,121.7
4431,1,1,1,136,136,LEU,8.18,122.9
4431,1,1,1,137,137,GLU,8.32,120.4
4431,1,1,1,138,138,ASP,8.12,120.5
4431,1,1,1,139,139,TYR,7.91,120.5
4431,1,1,1,14,14,GLY,8.11,108.5
4431,1,1,1,140,140,HIS,7.91,121.4
4431,1,1,1,141,141,ALA,7.98,130.7
4431,1,1,1,15,15,LEU,7.91,120.7
4431,1,1,1,16,16,LYS,8.2,121.0
4431,1,1,1,17,17,GLY,8.29,109.4
4431,1,1,1,18,18,LYS,8.13,120.5
4431,1,1,1,19,19,ASP,8.25,119.9
4431,1,1,1,20,20,PHE,7.95,119.7
4431,1,1,1,21,21,ALA,8.08,123.4
4431,1,1,1,22,22,ASP,8.06,118.0
4431,1,1,1,23,23,GLN,7.91,118.8
4431,1,1,1,24,24,PHE,8.01,119.8
4431,1,1,1,25,25,PHE,7.94,119.7
4431,1,1,1,26,26,ALA,7.94,124.4
4431,1,1,1,27,27,ASP,8.07,119.0
4431,1,1,1,28,28,GLU,8.4,120.9
4431,1,1,1,29,29,ASN,8.31,117.5
4431,1,1,1,30,30,GLN,8.02,119.0
4431,1,1,1,31,31,VAL,7.89,120.2
4431,1,1,1,32,32,VAL,8.04,123.4
4431,1,1,1,33,33,HIS,8.47,121.8
4431,1,1,1,34,34,GLU,8.48,122.0
4431,1,1,1,35,35,SER,8.47,116.4
4431,1,1,1,36,36,ASP,8.46,120.9
4431,1,1,1,37,37,THR,7.7,115.5
4431,1,1,1,38,38,VAL,8.79,118.6
4431,1,1,1,39,39,VAL,8.26,118.7
4431,1,1,1,40,40,LEU,9.17,127.2
4431,1,1,1,41,41,VAL,8.2,125.7
4431,1,1,1,42,42,LEU,9.17,125.9
4431,1,1,1,43,43,LYS,8.83,123.3
4431,1,1,1,44,44,LYS,7.29,119.6
4431,1,1,1,45,45,SER,7.42,114.5
4431,1,1,1,46,46,ASP,9.14,122.1
4431,1,1,1,47,47,GLU,9.16,117.8
4431,1,1,1,48,48,ILE,7.38,118.7
4431,1,1,1,49,49,ASN,9.24,120.2
4431,1,1,1,5,5,SER,8.26,116.5
4431,1,1,1,50,50,THR,7.59,116.0
4431,1,1,1,51,51,PHE,7.6,121.4
4431,1,1,1,52,52,ILE,8.56,121.2
4431,1,1,1,53,53,GLU,7.58,112.6
4431,1,1,1,54,54,GLU,8.22,111.0
4431,1,1,1,55,55,ILE,7.3,117.0
4431,1,1,1,56,56,LEU,7.88,120.9
4431,1,1,1,57,57,LEU,7.61,110.2
4431,1,1,1,58,58,THR,6.85,108.0
4431,1,1,1,59,59,ASP,8.43,122.6
4431,1,1,1,6,6,ASN,8.36,120.2
4431,1,1,1,60,60,TYR,8.23,120.4
4431,1,1,1,61,61,LYS,7.46,120.7
4431,1,1,1,62,62,LYS,7.34,113.8
4431,1,1,1,63,63,ASN,8.2,111.0
4431,1,1,1,64,64,VAL,7.89,119.8
4431,1,1,1,65,65,ASN,7.67,112.6
4431,1,1,1,67,67,THR,7.69,107.4
4431,1,1,1,68,68,VAL,7.09,120.4
4431,1,1,1,69,69,ASN,9.28,126.1
4431,1,1,1,7,7,ALA,8.05,123.4
4431,1,1,1,70,70,VAL,8.57,121.2
4431,1,1,1,71,71,GLU,9.31,126.1
4431,1,1,1,72,72,ASP,8.74,125.1
4431,1,1,1,73,73,ARG,8.73,125.4
4431,1,1,1,74,74,ALA,8.78,126.7
4431,1,1,1,75,75,GLY,8.83,106.2
4431,1,1,1,76,76,TYR,7.62,117.8
4431,1,1,1,77,77,TRP,9.24,118.5
4431,1,1,1,78,78,TRP,9.68,125.2
4431,1,1,1,79,79,ILE,9.09,126.6
4431,1,1,1,8,8,TYR,7.97,118.4
4431,1,1,1,80,80,LYS,8.81,125.9
4431,1,1,1,81,81,ALA,8.41,121.4
4431,1,1,1,82,82,ASN,8.89,116.2
4431,1,1,1,83,83,GLY,8.77,112.8
4431,1,1,1,84,84,LYS,7.83,121.0
4431,1,1,1,85,85,ILE,8.5,118.5
4431,1,1,1,86,86,GLU,7.05,123.5
4431,1,1,1,87,87,VAL,9.33,123.8
4431,1,1,1,88,88,ASP,9.09,126.6
4431,1,1,1,89,89,CYS,8.47,122.2
4431,1,1,1,9,9,ASP,7.96,122.2
4431,1,1,1,90,90,ASP,8.61,123.4
4431,1,1,1,91,91,GLU,7.29,122.2
4431,1,1,1,92,92,ILE,7.47,117.7
4431,1,1,1,93,93,SER,8.09,114.8
4431,1,1,1,94,94,GLU,7.64,121.2
4431,1,1,1,95,95,LEU,7.45,119.5
4431,1,1,1,96,96,LEU,8.29,114.9
4431,1,1,1,97,97,GLY,8.02,106.7
4431,1,1,1,98,98,ARG,7.64,114.6
4431,1,1,1,99,99,GLN,8.27,117.8
4437,1,1,1,1,1,ASN,8.29,125.8
4437,1,1,1,10,10,LYS,8.94,122.4
4437,1,1,1,14,14,GLN,8.48,120.5
4437,1,1,1,15,15,ASN,8.93,115.8
4437,1,1,1,16,16,SER,7.34,109.9
4437,1,1,1,17,17,GLY,8.92,108.5
4437,1,1,1,18,18,CYS,7.01,120.5
4437,1,1,1,19,19,PHE,9.12,132.0
4437,1,1,1,2,2,ILE,8.29,121.1
4437,1,1,1,20,20,ARG,7.76,129.4
4437,1,1,1,21,21,HIS,9.3,125.9
4437,1,1,1,22,22,LEU,9.3,122.0
4437,1,1,1,23,23,ASP,7.86,116.9
4437,1,1,1,24,24,GLU,8.01,110.3
4437,1,1,1,25,25,ARG,8.04,121.9
4437,1,1,1,26,26,GLU,8.69,124.3
4437,1,1,1,27,27,GLU,9.07,123.9
4437,1,1,1,28,28,CYS,8.88,122.0
4437,1,1,1,29,29,LYS,8.76,124.0
4437,1,1,1,3,3,SER,8.47,119.3
4437,1,1,1,30,30,CYS,8.78,121.7
4437,1,1,1,31,31,LEU,7.81,119.2
4437,1,1,1,32,32,LEU,8.91,118.4
4437,1,1,1,33,33,ASN,8.84,110.8
4437,1,1,1,34,34,TYR,8.61,118.6
4437,1,1,1,35,35,LYS,9.99,119.7
4437,1,1,1,36,36,GLN,8.77,124.9
4437,1,1,1,37,37,GLU,8.96,130.2
4437,1,1,1,38,38,GLY,9.2,118.4
4437,1,1,1,39,39,ASP,8.81,127.1
4437,1,1,1,4,4,GLN,8.32,121.6
4437,1,1,1,40,40,LYS,7.86,118.0
4437,1,1,1,41,41,CYS,8.95,119.8
4437,1,1,1,42,42,VAL,9.35,118.7
4437,1,1,1,43,43,GLU,9.18,123.4
4437,1,1,1,44,44,ASN,8.25,120.2
4437,1,1,1,46,46,ASN,7.47,114.0
4437,1,1,1,48,48,THR,8.28,112.4
4437,1,1,1,49,49,CYS,9.35,125.3
4437,1,1,1,5,5,HIS,7.76,113.6
4437,1,1,1,50,50,ASN,8.36,116.4
4437,1,1,1,51,51,GLU,7.43,119.2
4437,1,1,1,52,52,ASN,9.57,125.4
4437,1,1,1,53,53,ASN,9.31,119.3
4437,1,1,1,54,54,GLY,7.92,106.3
4437,1,1,1,55,55,GLY,8.06,105.3
4437,1,1,1,56,56,CYS,7.77,117.6
4437,1,1,1,57,57,ASP,8.37,122.3
4437,1,1,1,58,58,ALA,8.48,127.2
4437,1,1,1,59,59,ASP,9.11,116.7
4437,1,1,1,6,6,GLN,7.42,122.5
4437,1,1,1,60,60,ALA,7.94,121.9
4437,1,1,1,61,61,LYS,9.06,122.5
4437,1,1,1,62,62,CYS,9.19,131.5
4437,1,1,1,63,63,THR,9.23,125.9
4437,1,1,1,64,64,GLU,8.61,123.0
4437,1,1,1,65,65,GLU,8.76,123.0
4437,1,1,1,66,66,ASP,8.79,123.9
4437,1,1,1,67,67,SER,8.38,119.1
4437,1,1,1,68,68,GLY,8.65,112.2
4437,1,1,1,69,69,SER,8.58,117.7
4437,1,1,1,7,7,CYS,9.18,124.5
4437,1,1,1,70,70,ASN,8.39,118.4
4437,1,1,1,71,71,GLY,7.88,108.1
4437,1,1,1,72,72,LYS,8.39,120.8
4437,1,1,1,73,73,LYS,8.81,122.6
4437,1,1,1,74,74,ILE,8.54,126.8
4437,1,1,1,75,75,THR,8.88,120.3
4437,1,1,1,76,76,CYS,8.82,121.5
4437,1,1,1,77,77,GLU,8.64,123.0
4437,1,1,1,78,78,CYS,9.71,129.1
4437,1,1,1,79,79,THR,8.2,114.7
4437,1,1,1,8,8,VAL,10.42,119.1
4437,1,1,1,80,80,LYS,8.56,124.8
4437,1,1,1,82,82,ASP,8.78,117.9
4437,1,1,1,83,83,SER,7.39,112.9
4437,1,1,1,84,84,TYR,8.72,122.2
4437,1,1,1,86,86,LEU,8.51,120.2
4437,1,1,1,87,87,PHE,9.29,122.6
4437,1,1,1,88,88,ASP,8.93,111.3
4437,1,1,1,89,89,GLY,7.87,102.0
4437,1,1,1,9,9,LYS,9.42,124.1
4437,1,1,1,90,90,ILE,7.17,113.3
4437,1,1,1,91,91,PHE,7.43,114.0
4437,1,1,1,92,92,CYS,7.86,119.0
4437,1,1,1,93,93,SER,9.26,118.3
4437,1,1,1,94,94,SER,8.04,114.2
4445,1,1,1,10,10,MET,8.874,119.917
4445,1,1,1,11,11,GLU,8.316,121.885
4445,1,1,1,12,12,LEU,8.193,122.386
4445,1,1,1,13,13,ASN,8.388,118.966
4445,1,1,1,14,14,ASN,8.445,119.466
4445,1,1,1,15,15,LEU,8.366,124.054
4445,1,1,1,16,16,ARG,8.084,119.967
4445,1,1,1,17,17,MET,8.208,117.798
4445,1,1,1,18,18,THR,8.226,117.214
4445,1,1,1,19,19,TYR,8.351,121.718
4445,1,1,1,20,20,GLU,8.713,118.3
4445,1,1,1,21,21,ARG,7.922,118.947
4445,1,1,1,22,22,LEU,7.896,119.917
4445,1,1,1,23,23,ARG,9.03,120.884
4445,1,1,1,24,24,GLU,8.174,119.544
4445,1,1,1,25,25,LEU,7.44,119.716
4445,1,1,1,26,26,SER,8.299,112.954
4445,1,1,1,27,27,LEU,8.588,120.289
4445,1,1,1,28,28,ASN,7.897,118.648
4445,1,1,1,29,29,LEU,8.558,119.716
4445,1,1,1,30,30,GLY,7.91,125.89
4445,1,1,1,31,31,ASN,7.802,118.238
4445,1,1,1,32,32,ARG,7.232,116.713
4445,1,1,1,33,33,MET,6.938,119.792
4445,1,1,1,34,34,VAL,8.035,119.049
4445,1,1,1,37,37,VAL,7.955,117.547
4445,1,1,1,38,38,GLY,8.6,111.338
4445,1,1,1,39,39,ASN,8.243,118.673
4445,1,1,1,40,40,PHE,8.823,123.149
4445,1,1,1,41,41,MET,7.245,110.965
4445,1,1,1,43,43,ASP,9.084,126.257
4445,1,1,1,44,44,SER,8.731,111.214
4445,1,1,1,45,45,ILE,6.835,121.718
4445,1,1,1,46,46,LEU,8.013,121.906
4445,1,1,1,47,47,LYS,8.429,117.306
4445,1,1,1,48,48,LYS,7.178,119.299
4445,1,1,1,49,49,MET,9.034,118.673
4445,1,1,1,50,50,ALA,8.099,119.216
4445,1,1,1,51,51,ALA,7.165,117.047
4445,1,1,1,52,52,ILE,7.842,114.695
4445,1,1,1,53,53,LEU,8.418,115.441
4445,1,1,1,55,55,MET,8.369,117.798
4445,1,1,1,56,56,ASN,7.493,112.457
4445,1,1,1,58,58,SER,8.58,117.306
4445,1,1,1,59,59,ALA,8.143,123.971
4445,1,1,1,60,60,PHE,8.234,119.549
4445,1,1,1,61,61,ALA,7.845,120.968
4445,1,1,1,62,62,THR,7.362,108.106
4445,1,1,1,63,63,LEU,7.393,119.917
4445,1,1,1,64,64,GLY,7.231,104.003
4445,1,1,1,65,65,THR,8.36,116.808
4445,1,1,1,66,66,VAL,8.225,123.522
4445,1,1,1,67,67,GLU,8.94,123.646
4445,1,1,1,68,68,ASP,8.901,124.144
4445,1,1,1,69,69,LYS,8.486,114.695
4445,1,1,1,70,70,TYR,6.823,115.814
4445,1,1,1,71,71,ARG,7.637,121.385
4445,1,1,1,72,72,ARG,7.948,115.69
4445,1,1,1,73,73,ARG,7.334,116.187
4445,1,1,1,74,74,PHE,7.441,120.787
4445,1,1,1,75,75,LYS,8.21,115.317
4445,1,1,1,76,76,TYR,7.359,117.554
4445,1,1,1,77,77,PHE,8.426,115.441
4445,1,1,1,78,78,LYS,6.919,119.716
4445,1,1,1,79,79,ALA,8.774,122.154
4445,1,1,1,80,80,THR,8.091,117.547
4445,1,1,1,81,81,ILE,8.471,121.906
4445,1,1,1,82,82,ALA,8.138,121.718
4445,1,1,1,83,83,ASP,7.677,119.216
4445,1,1,1,84,84,LEU,8.388,119.299
4445,1,1,1,85,85,SER,8.783,116.046
4445,1,1,1,86,86,LYS,7.649,120.968
4445,1,1,1,87,87,LYS,7.753,118.922
4445,1,1,1,88,88,ARG,7.871,119.967
4445,1,1,1,89,89,SER,8.029,114.446
4445,1,1,1,90,90,SER,8.017,116.88
4445,1,1,1,91,91,GLU,7.813,127.127
4447,1,1,1,10,10,GLY,8.604,111.726
4447,1,1,1,100,100,GLN,8.408,117.913
4447,1,1,1,101,101,GLU,6.983,112.692
4447,1,1,1,102,102,SER,7.989,112.21
4447,1,1,1,103,103,ASN,9.326,119.989
4447,1,1,1,105,105,GLU,8.91,117.99
4447,1,1,1,106,106,ARG,7.948,117.452
4447,1,1,1,107,107,VAL,7.517,119.23
4447,1,1,1,109,109,VAL,6.817,119.277
4447,1,1,1,11,11,ASP,7.633,119.116
4447,1,1,1,110,110,PHE,8.614,119.729
4447,1,1,1,111,111,GLU,8.422,116.456
4447,1,1,1,112,112,LYS,7.462,116.403
4447,1,1,1,113,113,ASN,8.573,118.917
4447,1,1,1,114,114,ALA,9.199,124.941
4447,1,1,1,115,115,ILE,7.682,117.235
4447,1,1,1,116,116,GLY,7.565,105.572
4447,1,1,1,117,117,PHE,8.053,123.878
4447,1,1,1,118,118,VAL,8.858,119.867
4447,1,1,1,119,119,LYS,7.959,117.817
4447,1,1,1,12,12,GLU,9.063,121.72
4447,1,1,1,120,120,LYS,7.283,120.371
4447,1,1,1,121,121,ILE,7.645,121.301
4447,1,1,1,122,122,LEU,8.479,116.511
4447,1,1,1,123,123,ALA,7.725,119.924
4447,1,1,1,124,124,ASN,7.55,117.116
4447,1,1,1,125,125,PHE,6.982,121.098
4447,1,1,1,126,126,LYS,8.376,113.436
4447,1,1,1,127,127,ASP,8.059,119.25
4447,1,1,1,128,128,TYR,6.929,114.791
4447,1,1,1,129,129,ASP,8.332,118.908
4447,1,1,1,13,13,LEU,8.238,122.62
4447,1,1,1,130,130,PHE,8.07,116.867
4447,1,1,1,131,131,TYR,9.393,121.911
4447,1,1,1,132,132,ILE,9.366,117.875
4447,1,1,1,133,133,GLY,8.18,106.373
4447,1,1,1,134,134,GLU,8.407,118.711
4447,1,1,1,135,135,SER,9.516,114.95
4447,1,1,1,136,136,MET,8.846,117.63
4447,1,1,1,137,137,ASP,8.068,121.021
4447,1,1,1,139,139,ASP,8.105,116.744
4447,1,1,1,14,14,VAL,6.743,106.342
4447,1,1,1,140,140,ALA,7.397,121.567
4447,1,1,1,141,141,MET,10.356,122.827
4447,1,1,1,142,142,VAL,7.026,127.57
4447,1,1,1,143,143,VAL,9.351,131.956
4447,1,1,1,144,144,LEU,7.292,126.72
4447,1,1,1,145,145,MET,8.519,120.165
4447,1,1,1,146,146,ASN,7.931,125.023
4447,1,1,1,147,147,TYR,9.205,118.047
4447,1,1,1,148,148,ARG,8.984,118.141
4447,1,1,1,149,149,GLU,9.222,120.589
4447,1,1,1,15,15,SER,6.717,115.457
4447,1,1,1,150,150,ASP,7.509,116.938
4447,1,1,1,151,151,GLY,8.609,110.026
4447,1,1,1,152,152,ILE,8.382,115.831
4447,1,1,1,153,153,THR,9.77,125.107
4447,1,1,1,155,155,TYR,8.858,117.2
4447,1,1,1,156,156,MET,8.584,117.244
4447,1,1,1,157,157,ILE,8.447,119.879
4447,1,1,1,158,158,PHE,8.947,121.884
4447,1,1,1,159,159,PHE,8.364,123.756
4447,1,1,1,16,16,ASP,9.11,116.772
4447,1,1,1,160,160,LYS,7.881,128.399
4447,1,1,1,161,161,ASP,10.143,117.418
4447,1,1,1,162,162,GLY,7.717,102.247
4447,1,1,1,163,163,LEU,7.192,121.394
4447,1,1,1,164,164,VAL,9.185,119.097
4447,1,1,1,165,165,SER,8.447,120.134
4447,1,1,1,166,166,GLU,8.763,121.335
4447,1,1,1,167,167,LYS,8.323,124.665
4447,1,1,1,168,168,PHE,8.538,129.934
4447,1,1,1,17,17,ALA,8.2,121.473
4447,1,1,1,18,18,TYR,7.691,117.63
4447,1,1,1,19,19,ASP,8.348,120.66
4447,1,1,1,2,2,LEU,9.062,126.829
4447,1,1,1,20,20,LEU,7.854,123.185
4447,1,1,1,21,21,LYS,8.908,124.719
4447,1,1,1,22,22,GLU,8.933,126.379
4447,1,1,1,23,23,VAL,9.068,127.953
4447,1,1,1,24,24,ASP,9.048,125.968
4447,1,1,1,25,25,ASP,8.742,113.188
4447,1,1,1,26,26,ILE,8.012,111.339
4447,1,1,1,27,27,VAL,7.651,116.369
4447,1,1,1,28,28,TYR,9.053,116.416
4447,1,1,1,29,29,GLU,9.277,118.5
4447,1,1,1,3,3,LEU,8.755,124.137
4447,1,1,1,30,30,ALA,9.214,123.875
4447,1,1,1,31,31,ASP,8.987,124.978
4447,1,1,1,32,32,CYS,8.789,119.833
4447,1,1,1,33,33,GLN,8.334,117.242
4447,1,1,1,34,34,MET,8.628,121.426
4447,1,1,1,35,35,VAL,9.329,120.316
4447,1,1,1,36,36,THR,8.34,117.094
4447,1,1,1,37,37,VAL,8.684,122.362
4447,1,1,1,38,38,LYS,8.287,123.274
4447,1,1,1,39,39,GLN,8.474,123.192
4447,1,1,1,4,4,TYR,8.74,120.653
4447,1,1,1,40,40,GLY,8.561,110.918
4447,1,1,1,41,41,GLY,8.264,108.48
4447,1,1,1,42,42,ASP,8.332,120.255
4447,1,1,1,43,43,VAL,8.011,119.169
4447,1,1,1,44,44,ASP,8.408,124.059
4447,1,1,1,45,45,ILE,8.101,121.29
4447,1,1,1,46,46,GLY,8.389,111.786
4447,1,1,1,47,47,ALA,7.906,122.978
4447,1,1,1,48,48,ASN,8.346,118.277
4447,1,1,1,5,5,LYS,9.084,121.473
4447,1,1,1,50,50,SER,8.316,115.423
4447,1,1,1,51,51,ALA,8.209,125.72
4447,1,1,1,52,52,GLU,8.295,119.057
4447,1,1,1,53,53,ASP,8.181,120.248
4447,1,1,1,54,54,ALA,8.068,123.876
4447,1,1,1,55,55,GLU,8.267,119.196
4447,1,1,1,56,56,GLU,8.273,120.876
4447,1,1,1,57,57,ASN,8.351,119.239
4447,1,1,1,58,58,ALA,8.197,124.338
4447,1,1,1,59,59,GLU,8.291,119.234
4447,1,1,1,6,6,ASP,9.08,122.547
4447,1,1,1,60,60,GLU,8.269,121.329
4447,1,1,1,61,61,GLY,8.462,109.863
4447,1,1,1,62,62,THR,7.917,112.305
4447,1,1,1,63,63,GLU,8.689,121.431
4447,1,1,1,64,64,THR,8.381,117.754
4447,1,1,1,65,65,VAL,9.157,119.678
4447,1,1,1,66,66,ASN,8.527,123.118
4447,1,1,1,67,67,ASN,9.228,126.535
4447,1,1,1,68,68,LEU,8.453,131.005
4447,1,1,1,69,69,VAL,7.37,119.76
4447,1,1,1,7,7,VAL,8.321,126.359
4447,1,1,1,70,70,TYR,8.568,117.24
4447,1,1,1,71,71,SER,8.529,115.013
4447,1,1,1,72,72,PHE,7.865,115.368
4447,1,1,1,73,73,ARG,7.505,116.421
4447,1,1,1,74,74,LEU,7.964,115.584
4447,1,1,1,75,75,SER,9.213,116.152
4447,1,1,1,77,77,THR,8.107,116.279
4447,1,1,1,78,78,SER,7.666,116.162
4447,1,1,1,79,79,PHE,7.772,120.645
4447,1,1,1,8,8,ILE,9.394,120.763
4447,1,1,1,80,80,ASP,7.749,117.793
4447,1,1,1,81,81,LYS,8.43,121.019
4447,1,1,1,82,82,LYS,8.008,117.288
4447,1,1,1,83,83,SER,8.757,117.135
4447,1,1,1,84,84,TYR,9.084,126.086
4447,1,1,1,85,85,MET,8.261,117.675
4447,1,1,1,86,86,SER,7.693,112.921
4447,1,1,1,87,87,TYR,7.937,123.408
4447,1,1,1,88,88,ILE,9.015,123.25
4447,1,1,1,89,89,LYS,7.406,122.96
4447,1,1,1,9,9,SER,7.754,110.603
4447,1,1,1,90,90,GLY,7.198,106.64
4447,1,1,1,91,91,TYR,8.178,126.209
4447,1,1,1,92,92,MET,8.731,115.913
4447,1,1,1,93,93,LYS,7.286,118.228
4447,1,1,1,94,94,ALA,7.778,123.784
4447,1,1,1,95,95,ILE,8.197,119.062
4447,1,1,1,96,96,LYS,8.401,120.891
4447,1,1,1,97,97,ALA,7.63,118.82
4447,1,1,1,98,98,ARG,7.325,118.095
4447,1,1,1,99,99,LEU,8.543,121.508
4448,1,1,1,100,100,TRP,8.07,123.5
4448,1,1,1,101,101,LYS,8.7,121.2
4448,1,1,1,102,102,GLY,6.91,105.8
4448,1,1,1,103,103,GLN,8.5,119.1
4448,1,1,1,104,104,ALA,9.18,127.6
4448,1,1,1,105,105,GLN,10.11,122.7
4448,1,1,1,106,106,LYS,8.79,132.8
4448,1,1,1,107,107,TRP,8.18,128.0
4448,1,1,1,108,108,PHE,8.51,119.5
4448,1,1,1,109,109,LEU,8.67,125.0
4448,1,1,1,11,11,GLU,8.59,123.4
4448,1,1,1,110,110,PHE,9.88,129.1
4448,1,1,1,111,111,LYS,9.4,122.6
4448,1,1,1,112,112,PHE,9.53,128.2
4448,1,1,1,113,113,THR,8.54,121.1
4448,1,1,1,114,114,GLY,5.09,108.7
4448,1,1,1,115,115,GLN,8.66,119.2
4448,1,1,1,116,116,ASP,9.15,124.1
4448,1,1,1,117,117,GLN,8.35,118.4
4448,1,1,1,118,118,GLU,8.5,121.2
4448,1,1,1,119,119,ILE,7.28,119.0
4448,1,1,1,12,12,GLY,9.01,111.7
4448,1,1,1,120,120,ASN,8.73,128.0
4448,1,1,1,121,121,LEU,9.01,124.1
4448,1,1,1,122,122,LEU,7.83,118.8
4448,1,1,1,123,123,GLY,7.79,110.0
4448,1,1,1,124,124,ASP,8.49,123.8
4448,1,1,1,125,125,GLY,8.53,110.6
4448,1,1,1,126,126,SER,8.44,118.2
4448,1,1,1,127,127,GLU,8.32,122.6
4448,1,1,1,128,128,LYS,8.51,124.1
4448,1,1,1,13,13,TYR,7.51,119.9
4448,1,1,1,130,130,GLU,8.48,121.8
4448,1,1,1,131,131,PHE,8.45,119.5
4448,1,1,1,132,132,GLY,8.62,107.1
4448,1,1,1,133,133,GLU,7.43,120.5
4448,1,1,1,134,134,TRP,8.25,118.6
4448,1,1,1,135,135,SER,9.02,116.3
4448,1,1,1,136,136,TRP,7.91,123.3
4448,1,1,1,137,137,VAL,9.93,120.1
4448,1,1,1,138,138,THR,8.61,113.7
4448,1,1,1,14,14,ARG,8.56,126.0
4448,1,1,1,140,140,GLU,8.33,115.6
4448,1,1,1,141,141,GLN,7.71,120.8
4448,1,1,1,142,142,LEU,8.32,119.6
4448,1,1,1,143,143,ILE,7.49,117.1
4448,1,1,1,144,144,ASP,7.28,118.8
4448,1,1,1,145,145,LEU,7.95,119.3
4448,1,1,1,146,146,THR,7.35,115.7
4448,1,1,1,147,147,VAL,7.96,119.6
4448,1,1,1,148,148,GLU,8.79,125.3
4448,1,1,1,149,149,PHE,7.89,114.2
4448,1,1,1,15,15,ARG,9.14,128.1
4448,1,1,1,150,150,LYS,7.3,117.8
4448,1,1,1,151,151,LYS,7.39,121.4
4448,1,1,1,153,153,VAL,6.64,118.6
4448,1,1,1,154,154,TYR,8.32,120.1
4448,1,1,1,155,155,LYS,8.54,119.3
4448,1,1,1,156,156,GLU,7.24,121.3
4448,1,1,1,157,157,VAL,8.2,121.1
4448,1,1,1,158,158,LEU,8.33,117.0
4448,1,1,1,159,159,SER,7.51,115.9
4448,1,1,1,16,16,ASN,9.55,125.2
4448,1,1,1,160,160,VAL,7.79,125.0
4448,1,1,1,161,161,PHE,7.71,116.9
4448,1,1,1,162,162,ALA,7.35,125.1
4448,1,1,1,164,164,HIS,8.12,115.9
4448,1,1,1,165,165,LEU,7.36,126.5
4448,1,1,1,17,17,VAL,9.26,118.3
4448,1,1,1,18,18,GLY,7.98,111.8
4448,1,1,1,19,19,ILE,7.97,123.7
4448,1,1,1,20,20,CYS,9.3,131.1
4448,1,1,1,21,21,LEU,10.03,134.2
4448,1,1,1,22,22,MET,9.27,126.9
4448,1,1,1,23,23,ASN,8.6,123.4
4448,1,1,1,24,24,ASN,8.65,118.0
4448,1,1,1,25,25,ASP,7.19,119.1
4448,1,1,1,26,26,LYS,8.16,114.2
4448,1,1,1,27,27,LYS,7.41,116.5
4448,1,1,1,28,28,ILE,9.66,118.0
4448,1,1,1,29,29,PHE,9.18,128.1
4448,1,1,1,30,30,ALA,8.29,131.5
4448,1,1,1,31,31,ALA,8.67,121.1
4448,1,1,1,32,32,SER,8.09,116.0
4448,1,1,1,33,33,ARG,8.36,125.3
4448,1,1,1,34,34,LEU,8.22,123.3
4448,1,1,1,35,35,ASP,8.67,116.1
4448,1,1,1,36,36,ILE,7.02,120.3
4448,1,1,1,38,38,ASP,8.24,116.4
4448,1,1,1,39,39,ALA,8.09,124.3
4448,1,1,1,40,40,TRP,7.95,124.4
4448,1,1,1,41,41,GLN,9.51,116.5
4448,1,1,1,42,42,MET,8.52,118.9
4448,1,1,1,44,44,GLN,8.08,120.7
4448,1,1,1,45,45,GLY,8.54,111.1
4448,1,1,1,46,46,GLY,8.51,108.3
4448,1,1,1,47,47,ILE,7.3,119.1
4448,1,1,1,48,48,ASP,9.25,131.2
4448,1,1,1,49,49,GLU,8.63,122.8
4448,1,1,1,50,50,GLY,8.88,115.5
4448,1,1,1,51,51,GLU,7.87,124.5
4448,1,1,1,52,52,ASP,8.79,128.5
4448,1,1,1,54,54,ARG,8.5,118.3
4448,1,1,1,55,55,ASN,7.42,118.0
4448,1,1,1,56,56,ALA,8.36,125.5
4448,1,1,1,57,57,ALA,8.15,122.0
4448,1,1,1,58,58,ILE,7.53,119.2
4448,1,1,1,59,59,ARG,7.92,122.5
4448,1,1,1,6,6,MET,8.77,122.0
4448,1,1,1,60,60,GLU,9.11,120.8
4448,1,1,1,61,61,LEU,8.13,119.2
4448,1,1,1,62,62,ARG,7.43,123.0
4448,1,1,1,63,63,GLU,8.97,121.1
4448,1,1,1,64,64,GLU,8.33,113.6
4448,1,1,1,65,65,THR,7.32,104.2
4448,1,1,1,66,66,GLY,7.96,111.7
4448,1,1,1,67,67,VAL,7.33,122.4
4448,1,1,1,68,68,THR,8.6,116.6
4448,1,1,1,69,69,SER,10.04,128.2
4448,1,1,1,7,7,ASP,8.72,123.5
4448,1,1,1,70,70,ALA,7.66,126.7
4448,1,1,1,71,71,GLU,8.51,120.8
4448,1,1,1,72,72,VAL,8.69,126.2
4448,1,1,1,73,73,ILE,9.07,126.2
4448,1,1,1,74,74,ALA,7.86,121.2
4448,1,1,1,75,75,GLU,8.32,119.1
4448,1,1,1,76,76,VAL,8.41,129.8
4448,1,1,1,78,78,TYR,6.98,116.8
4448,1,1,1,79,79,TRP,9.36,120.8
4448,1,1,1,8,8,SER,7.78,114.9
4448,1,1,1,80,80,LEU,8.75,126.0
4448,1,1,1,81,81,THR,8.83,116.4
4448,1,1,1,82,82,TYR,8.45,120.9
4448,1,1,1,83,83,ASP,8.62,126.2
4448,1,1,1,84,84,PHE,8.28,121.9
4448,1,1,1,88,88,VAL,7.3,121.4
4448,1,1,1,89,89,ARG,8.13,121.9
4448,1,1,1,90,90,GLU,8.15,119.1
4448,1,1,1,91,91,LYS,7.49,120.2
4448,1,1,1,92,92,LEU,8.17,121.1
4448,1,1,1,93,93,ASN,8.14,119.6
4448,1,1,1,94,94,ILE,7.71,120.8
4448,1,1,1,95,95,GLN,8.0,121.4
4448,1,1,1,96,96,TRP,8.35,118.5
4448,1,1,1,97,97,GLY,8.09,111.3
4448,1,1,1,98,98,SER,7.72,114.1
4448,1,1,1,99,99,ASP,8.12,122.0
4452,1,1,1,1,1,GLN,8.384,122.713
4452,1,1,1,10,10,GLY,8.925,111.636
4452,1,1,1,100,100,CYS,7.664,112.807
4452,1,1,1,101,101,CYS,8.346,118.491
4452,1,1,1,102,102,MET,8.303,124.13
4452,1,1,1,103,103,GLN,8.904,121.578
4452,1,1,1,104,104,MET,8.663,120.055
4452,1,1,1,105,105,THR,7.667,111.32
4452,1,1,1,106,106,ALA,8.331,118.427
4452,1,1,1,107,107,ALA,7.093,120.009
4452,1,1,1,108,108,ALA,8.846,124.55
4452,1,1,1,109,109,ASP,7.925,112.82
4452,1,1,1,11,11,TRP,8.585,121.518
4452,1,1,1,110,110,GLN,8.251,115.4
4452,1,1,1,111,111,CYS,6.789,109.736
4452,1,1,1,112,112,TRP,8.799,121.555
4452,1,1,1,113,113,ASP,9.008,119.505
4452,1,1,1,117,117,CYS,8.86,125.296
4452,1,1,1,119,119,ALA,8.13,121.544
4452,1,1,1,12,12,GLN,9.632,119.49
4452,1,1,1,120,120,SER,7.885,114.861
4452,1,1,1,121,121,HIS,8.936,122.07
4452,1,1,1,122,122,LYS,8.706,123.629
4452,1,1,1,123,123,SER,8.729,109.739
4452,1,1,1,124,124,VAL,7.199,114.631
4452,1,1,1,125,125,CYS,9.599,123.1
4452,1,1,1,126,126,ALA,9.513,120.442
4452,1,1,1,127,127,MET,9.116,120.492
4452,1,1,1,128,128,THR,8.448,116.932
4452,1,1,1,129,129,PHE,8.646,123.098
4452,1,1,1,14,14,LEU,8.388,122.608
4452,1,1,1,15,15,GLY,9.131,120.468
4452,1,1,1,16,16,ASP,8.698,126.695
4452,1,1,1,17,17,ARG,8.086,118.472
4452,1,1,1,18,18,CYS,8.346,115.444
4452,1,1,1,19,19,ILE,10.204,121.562
4452,1,1,1,2,2,ARG,8.257,123.064
4452,1,1,1,20,20,TYR,8.409,126.099
4452,1,1,1,21,21,TYR,7.869,129.296
4452,1,1,1,22,22,GLU,8.718,131.322
4452,1,1,1,23,23,THR,7.414,115.392
4452,1,1,1,24,24,THR,9.377,123.081
4452,1,1,1,25,25,ALA,8.599,131.32
4452,1,1,1,26,26,MET,8.543,121.044
4452,1,1,1,27,27,THR,7.38,111.791
4452,1,1,1,28,28,TRP,7.976,122.0
4452,1,1,1,29,29,ALA,8.92,115.954
4452,1,1,1,3,3,ALA,8.273,126.861
4452,1,1,1,30,30,LEU,7.687,119.498
4452,1,1,1,31,31,ALA,8.974,126.739
4452,1,1,1,32,32,GLU,8.32,122.6142
4452,1,1,1,33,33,THR,8.061,116.926
4452,1,1,1,34,34,ASN,8.82,122.584
4452,1,1,1,35,35,CYS,8.498,114.886
4452,1,1,1,36,36,MET,8.445,122.074
4452,1,1,1,37,37,LYS,8.454,124.647
4452,1,1,1,38,38,LEU,7.458,117.444
4452,1,1,1,39,39,GLY,7.609,104.594
4452,1,1,1,40,40,GLY,8.57,109.621
4452,1,1,1,41,41,HIS,8.535,119.484
4452,1,1,1,42,42,LEU,9.48,124.651
4452,1,1,1,43,43,ALA,9.268,123.607
4452,1,1,1,44,44,SER,6.564,113.305
4452,1,1,1,46,46,HIS,9.872,123.1
4452,1,1,1,47,47,SER,7.048,112.305
4452,1,1,1,48,48,GLN,7.58,119.55
4452,1,1,1,49,49,GLU,8.563,119.999
4452,1,1,1,50,50,GLU,8.892,122.02
4452,1,1,1,51,51,HIS,7.571,120.009
4452,1,1,1,52,52,SER,9.04,112.818
4452,1,1,1,53,53,PHE,8.046,122.126
4452,1,1,1,54,54,ILE,7.942,120.53
4452,1,1,1,55,55,GLN,7.837,119.476
4452,1,1,1,56,56,THR,7.573,110.298
4452,1,1,1,57,57,LEU,7.236,119.472
4452,1,1,1,58,58,ASN,7.698,114.877
4452,1,1,1,59,59,ALA,8.745,121.552
4452,1,1,1,6,6,ASN,8.246,125.238
4452,1,1,1,60,60,GLY,7.979,107.117
4452,1,1,1,61,61,VAL,7.823,121.047
4452,1,1,1,62,62,VAL,7.605,117.535
4452,1,1,1,63,63,TRP,9.314,121.554
4452,1,1,1,64,64,ILE,8.197,112.818
4452,1,1,1,65,65,GLY,8.956,104.079
4452,1,1,1,66,66,GLY,7.581,113.329
4452,1,1,1,67,67,SER,8.936,116.2
4452,1,1,1,68,68,ALA,7.963,126.698
4452,1,1,1,69,69,CYS,8.267,115.494
4452,1,1,1,7,7,CYS,8.254,120.693
4452,1,1,1,70,70,LEU,7.967,121.635
4452,1,1,1,71,71,GLN,7.765,119.01
4452,1,1,1,72,72,ALA,8.56,128.265
4452,1,1,1,73,73,GLY,9.03,110.2
4452,1,1,1,74,74,ALA,7.457,125.668
4452,1,1,1,75,75,TRP,7.582,123.1
4452,1,1,1,76,76,THR,8.909,113.844
4452,1,1,1,77,77,TRP,8.999,121.041
4452,1,1,1,78,78,SER,9.672,123.085
4452,1,1,1,79,79,ASP,7.988,118.981
4452,1,1,1,80,80,GLY,8.192,107.678
4452,1,1,1,81,81,THR,8.156,113.844
4452,1,1,1,83,83,MET,8.869,124.133
4452,1,1,1,84,84,ASN,9.069,122.037
4452,1,1,1,85,85,PHE,8.875,124.133
4452,1,1,1,86,86,ARG,7.307,123.099
4452,1,1,1,87,87,SER,2.964,112.092
4452,1,1,1,88,88,TRP,7.027,121.157
4452,1,1,1,89,89,CYS,10.165,122.592
4452,1,1,1,9,9,ALA,8.352,123.058
4452,1,1,1,90,90,SER,8.912,116.85
4452,1,1,1,91,91,THR,8.326,121.039
4452,1,1,1,92,92,LYS,8.149,120.679
4452,1,1,1,94,94,ASP,7.874,118.906
4452,1,1,1,95,95,ASP,8.21,119.495
4452,1,1,1,97,97,LEU,8.627,128.753
4452,1,1,1,98,98,ALA,7.695,116.423
4452,1,1,1,99,99,ALA,7.614,124.163
4455,1,1,1,10,10,TYR,9.6,119.31
4455,1,1,1,11,11,GLY,8.89,111.17
4455,1,1,1,12,12,ASN,8.19,112.75
4455,1,1,1,13,13,VAL,8.35,116.49
4455,1,1,1,14,14,THR,7.86,118.54
4455,1,1,1,15,15,PHE,8.8,126.78
4455,1,1,1,16,16,HIS,8.5,122.43
4455,1,1,1,17,17,VAL,8.53,125.38
4455,1,1,1,19,19,SER,8.25,115.94
4455,1,1,1,20,20,ASN,8.77,121.53
4455,1,1,1,21,21,GLN,7.96,118.67
4455,1,1,1,23,23,LEU,8.37,123.54
4455,1,1,1,24,24,LYS,8.37,120.01
4455,1,1,1,25,25,GLU,7.8,118.23
4455,1,1,1,26,26,VAL,8.53,120.39
4455,1,1,1,27,27,LEU,8.8,127.12
4455,1,1,1,28,28,TRP,9.16,124.08
4455,1,1,1,29,29,LYS,9.64,122.31
4455,1,1,1,3,3,GLN,8.13,122.48
4455,1,1,1,30,30,LYS,8.69,122.73
4455,1,1,1,31,31,GLN,8.76,125.09
4455,1,1,1,32,32,LYS,8.33,118.23
4455,1,1,1,33,33,ASP,8.06,120.29
4455,1,1,1,34,34,LYS,8.38,120.83
4455,1,1,1,35,35,VAL,9.12,120.86
4455,1,1,1,36,36,ALA,7.71,115.19
4455,1,1,1,37,37,GLU,9.35,118.62
4455,1,1,1,38,38,LEU,9.06,122.83
4455,1,1,1,39,39,GLU,8.82,124.93
4455,1,1,1,4,4,GLN,8.84,123.37
4455,1,1,1,40,40,ASN,9.76,126.8
4455,1,1,1,41,41,SER,8.89,107.11
4455,1,1,1,42,42,GLU,8.15,121.34
4455,1,1,1,43,43,PHE,8.65,123.27
4455,1,1,1,44,44,ARG,8.54,125.09
4455,1,1,1,45,45,ALA,7.91,122.03
4455,1,1,1,46,46,PHE,7.61,114.74
4455,1,1,1,47,47,SER,9.34,113.7
4455,1,1,1,49,49,PHE,8.62,121.19
4455,1,1,1,5,5,ILE,9.44,125.53
4455,1,1,1,50,50,LYS,7.05,119.55
4455,1,1,1,51,51,ASN,8.95,115.63
4455,1,1,1,52,52,ARG,8.2,115.88
4455,1,1,1,53,53,VAL,7.4,108.31
4455,1,1,1,54,54,TYR,8.77,121.47
4455,1,1,1,56,56,ASP,8.11,123.5
4455,1,1,1,57,57,THR,8.48,119.62
4455,1,1,1,58,58,LYS,8.17,118.68
4455,1,1,1,59,59,SER,7.59,108.82
4455,1,1,1,6,6,TYR,8.67,125.09
4455,1,1,1,60,60,GLY,8.53,109.13
4455,1,1,1,61,61,SER,8.03,113.85
4455,1,1,1,62,62,LEU,7.21,126.55
4455,1,1,1,63,63,THR,9.05,123.69
4455,1,1,1,64,64,ILE,8.32,124.47
4455,1,1,1,65,65,TYR,8.41,122.74
4455,1,1,1,67,67,LEU,8.44,116.02
4455,1,1,1,68,68,THR,9.16,112.13
4455,1,1,1,69,69,SER,8.99,117.12
4455,1,1,1,7,7,GLY,9.14,111.96
4455,1,1,1,70,70,SER,7.91,115.09
4455,1,1,1,71,71,ASP,7.98,118.67
4455,1,1,1,72,72,GLU,7.19,120.87
4455,1,1,1,73,73,ASP,8.02,127.54
4455,1,1,1,74,74,GLU,9.05,118.34
4455,1,1,1,75,75,TYR,9.37,124.14
4455,1,1,1,76,76,GLU,9.15,120.32
4455,1,1,1,77,77,MET,8.58,126.05
4455,1,1,1,78,78,GLU,8.91,123.61
4455,1,1,1,79,79,SER,8.56,116.96
4455,1,1,1,8,8,VAL,8.28,117.29
4455,1,1,1,81,81,ASN,8.32,113.68
4455,1,1,1,82,82,ILE,7.49,115.86
4455,1,1,1,83,83,THR,8.41,116.12
4455,1,1,1,84,84,ASP,7.68,119.79
4455,1,1,1,85,85,SER,8.36,116.57
4455,1,1,1,86,86,MET,8.47,121.27
4455,1,1,1,87,87,LYS,8.09,121.37
4455,1,1,1,88,88,PHE,9.36,121.36
4455,1,1,1,89,89,PHE,9.23,124.39
4455,1,1,1,9,9,LYS,8.19,124.77
4455,1,1,1,90,90,LEU,8.13,128.23
4455,1,1,1,91,91,TYR,8.78,124.29
4455,1,1,1,92,92,VAL,9.46,122.1
4455,1,1,1,93,93,GLY,8.59,114.61
4455,1,1,1,94,94,GLU,8.62,118.53
4455,1,1,1,95,95,SER,7.9,118.84
4467,1,1,1,1,1,ALA,8.453,126.5
4467,1,1,1,10,10,SER,8.278,116.24
4467,1,1,1,100,100,GLN,8.115,116.2
4467,1,1,1,101,101,ARG,8.416,122.6
4467,1,1,1,104,104,LYS,8.39,121.0
4467,1,1,1,105,105,LYS,8.348,122.6
4467,1,1,1,106,106,ALA,8.379,125.875
4467,1,1,1,107,107,LYS,8.394,120.7
4467,1,1,1,108,108,SER,8.524,118.8
4467,1,1,1,110,110,LYS,8.619,121.4
4467,1,1,1,111,111,SER,8.077,120.7
4467,1,1,1,113,113,GLY,8.487,108.53
4467,1,1,1,114,114,SER,8.269,115.0
4467,1,1,1,115,115,GLY,8.554,110.5
4467,1,1,1,116,116,ARG,8.285,120.0
4467,1,1,1,117,117,GLY,8.492,109.5
4467,1,1,1,118,118,ARG,7.912,115.0
4467,1,1,1,119,119,GLY,8.269,108.5
4467,1,1,1,12,12,LYS,8.35,120.0
4467,1,1,1,120,120,ARG,7.942,119.45
4467,1,1,1,122,122,LYS,8.55,121.4
4467,1,1,1,123,123,GLY,8.529,110.5
4467,1,1,1,124,124,SER,8.25,114.96
4467,1,1,1,125,125,GLY,8.158,116.24
4467,1,1,1,13,13,GLN,8.27,120.0
4467,1,1,1,14,14,ARG,8.347,122.66
4467,1,1,1,15,15,ARG,8.407,122.0
4467,1,1,1,16,16,SER,8.39,116.88
4467,1,1,1,17,17,ILE,8.209,122.0
4467,1,1,1,18,18,ILE,8.251,124.59
4467,1,1,1,19,19,ARG,8.422,125.23
4467,1,1,1,20,20,ASP,8.355,121.38
4467,1,1,1,21,21,ARG,8.355,120.74
4467,1,1,1,22,22,GLY,8.357,109.2
4467,1,1,1,25,25,TYR,8.4,124.05
4467,1,1,1,26,26,ASP,7.679,115.5
4467,1,1,1,27,27,ASP,8.748,118.81
4467,1,1,1,29,29,THR,8.44,109.8
4467,1,1,1,3,3,ALA,8.426,123.95
4467,1,1,1,30,30,LEU,7.025,123.3
4467,1,1,1,32,32,GLU,8.438,120.0
4467,1,1,1,33,33,GLY,8.928,113.67
4467,1,1,1,34,34,TRP,8.498,121.4
4467,1,1,1,35,35,THR,9.209,112.39
4467,1,1,1,36,36,ARG,8.446,120.0
4467,1,1,1,37,37,LYS,9.479,123.95
4467,1,1,1,38,38,LEU,9.04,125.23
4467,1,1,1,39,39,LYS,9.035,122.0
4467,1,1,1,4,4,VAL,7.85,117.5
4467,1,1,1,40,40,GLN,9.192,126.5
4467,1,1,1,41,41,ARG,8.806,125.7
4467,1,1,1,42,42,LYS,8.771,123.3
4467,1,1,1,43,43,SER,7.94,113.67
4467,1,1,1,44,44,GLY,8.586,109.2
4467,1,1,1,45,45,ARG,8.596,120.0
4467,1,1,1,46,46,SER,8.375,114.31
4467,1,1,1,47,47,ALA,7.76,123.3
4467,1,1,1,48,48,GLY,8.513,109.2
4467,1,1,1,49,49,LYS,8.02,120.0
4467,1,1,1,50,50,TYR,8.576,118.2
4467,1,1,1,51,51,ASP,9.002,120.0
4467,1,1,1,53,53,TYR,9.0,123.3
4467,1,1,1,54,54,LEU,9.125,121.4
4467,1,1,1,55,55,ILE,9.586,123.3
4467,1,1,1,56,56,ASN,8.477,125.88
4467,1,1,1,58,58,GLN,6.95,112.39
4467,1,1,1,59,59,GLY,8.168,107.89
4467,1,1,1,6,6,GLU,8.569,120.7
4467,1,1,1,60,60,LYS,7.76,122.66
4467,1,1,1,61,61,ALA,7.92,124.59
4467,1,1,1,62,62,PHE,9.66,119.5
4467,1,1,1,63,63,ARG,9.41,119.5
4467,1,1,1,64,64,SER,7.302,111.1
4467,1,1,1,65,65,LYS,8.515,122.0
4467,1,1,1,66,66,VAL,7.666,116.24
4467,1,1,1,67,67,GLU,7.424,119.5
4467,1,1,1,68,68,LEU,7.55,120.7
4467,1,1,1,69,69,ILE,8.428,117.5
4467,1,1,1,7,7,ALA,8.43,124.59
4467,1,1,1,70,70,ALA,7.59,119.5
4467,1,1,1,71,71,TYR,7.79,119.5
4467,1,1,1,72,72,PHE,8.786,118.2
4467,1,1,1,73,73,GLU,8.374,117.53
4467,1,1,1,74,74,LYS,7.885,120.0
4467,1,1,1,75,75,VAL,8.02,110.5
4467,1,1,1,76,76,GLY,7.8,111.1
4467,1,1,1,77,77,ASP,8.08,119.45
4467,1,1,1,78,78,THR,8.425,115.5
4467,1,1,1,79,79,SER,8.674,118.167
4467,1,1,1,8,8,SER,8.263,114.3
4467,1,1,1,80,80,LEU,7.66,122.66
4467,1,1,1,81,81,ASP,8.84,122.66
4467,1,1,1,83,83,ASN,8.879,114.3
4467,1,1,1,84,84,ASP,8.381,118.8
4467,1,1,1,85,85,PHE,7.15,118.8
4467,1,1,1,86,86,ASP,8.91,124.0
4467,1,1,1,87,87,PHE,9.14,124.59
4467,1,1,1,88,88,THR,9.09,113.0
4467,1,1,1,89,89,VAL,8.98,123.3
4467,1,1,1,9,9,ALA,8.262,125.23
4467,1,1,1,90,90,THR,7.89,105.37
4467,1,1,1,91,91,GLY,7.5,110.45
4467,1,1,1,92,92,ARG,9.1,122.0
4467,1,1,1,93,93,GLY,8.518,108.8
4467,1,1,1,94,94,SER,8.196,116.24
4467,1,1,1,96,96,SER,8.337,114.3
4467,1,1,1,97,97,ARG,8.459,122.0
4467,1,1,1,98,98,ARG,8.4,121.0
4467,1,1,1,99,99,GLU,8.401,118.2
4473,1,1,1,10,10,GLY,8.72,108.68
4473,1,1,1,11,11,LEU,7.61,122.05
4473,1,1,1,12,12,THR,8.4,114.52
4473,1,1,1,13,13,GLU,8.67,121.33
4473,1,1,1,14,14,LEU,7.93,121.62
4473,1,1,1,15,15,LEU,8.36,116.97
4473,1,1,1,16,16,GLN,8.71,122.27
4473,1,1,1,17,17,GLY,8.02,105.84
4473,1,1,1,18,18,TYR,7.14,120.11
4473,1,1,1,19,19,THR,8.07,115.67
4473,1,1,1,2,2,MET,8.85,123.7
4473,1,1,1,20,20,VAL,8.35,118.97
4473,1,1,1,21,21,GLU,7.23,118.5
4473,1,1,1,22,22,VAL,8.29,121.16
4473,1,1,1,23,23,LEU,8.05,119.33
4473,1,1,1,24,24,ARG,7.73,116.85
4473,1,1,1,25,25,GLN,8.43,114.7
4473,1,1,1,26,26,GLN,8.2,113.59
4473,1,1,1,29,29,ASP,7.59,115.7
4473,1,1,1,3,3,GLY,8.57,110.79
4473,1,1,1,30,30,LEU,9.04,126.21
4473,1,1,1,31,31,VAL,8.22,121.48
4473,1,1,1,32,32,ASP,8.59,120.44
4473,1,1,1,33,33,PHE,8.02,116.96
4473,1,1,1,34,34,ALA,8.05,121.08
4473,1,1,1,35,35,VAL,8.11,116.92
4473,1,1,1,36,36,GLU,7.77,120.73
4473,1,1,1,37,37,TYR,9.01,120.69
4473,1,1,1,38,38,PHE,8.68,115.31
4473,1,1,1,39,39,THR,8.01,116.96
4473,1,1,1,4,4,HIS,8.42,118.0
4473,1,1,1,40,40,ARG,7.79,121.66
4473,1,1,1,41,41,LEU,7.46,119.39
4473,1,1,1,42,42,ARG,7.94,119.36
4473,1,1,1,43,43,GLU,7.97,116.96
4473,1,1,1,44,44,ALA,7.63,120.69
4473,1,1,1,45,45,ARG,7.49,118.11
4473,1,1,1,46,46,ARG,7.8,126.14
4473,1,1,1,5,5,ILE,8.24,122.84
4473,1,1,1,6,6,GLN,8.39,125.31
4473,1,1,1,7,7,ILE,8.31,124.13
4475,1,1,1,10,10,GLU,7.45,118.5
4475,1,1,1,11,11,PHE,9.33,121.0
4475,1,1,1,12,12,GLN,7.25,126.9
4475,1,1,1,13,13,CYS,9.2,126.9
4475,1,1,1,14,14,ARG,8.1,125.3
4475,1,1,1,15,15,LEU,8.39,117.5
4475,1,1,1,16,16,ASP,7.49,112.5
4475,1,1,1,17,17,GLY,7.35,109.0
4475,1,1,1,18,18,LEU,7.33,121.9
4475,1,1,1,19,19,CYS,8.13,121.4
4475,1,1,1,2,2,SER,8.46,116.8
4475,1,1,1,20,20,ILE,9.07,119.1
4475,1,1,1,22,22,LEU,8.08,125.8
4475,1,1,1,23,23,ARG,8.11,115.8
4475,1,1,1,24,24,TRP,7.84,117.3
4475,1,1,1,25,25,ARG,8.15,127.3
4475,1,1,1,26,26,CYS,8.71,124.8
4475,1,1,1,27,27,ASP,9.33,120.2
4475,1,1,1,28,28,GLY,9.05,110.9
4475,1,1,1,29,29,ASP,7.37,118.1
4475,1,1,1,30,30,THR,9.11,121.0
4475,1,1,1,32,32,CYS,8.04,117.1
4475,1,1,1,33,33,MET,9.88,125.1
4475,1,1,1,34,34,ASP,7.97,115.5
4475,1,1,1,35,35,SER,8.01,108.9
4475,1,1,1,36,36,SER,8.75,115.7
4475,1,1,1,37,37,ASP,9.66,116.6
4475,1,1,1,38,38,GLU,7.41,116.6
4475,1,1,1,39,39,LYS,6.73,119.8
4475,1,1,1,4,4,GLY,8.31,109.1
4475,1,1,1,40,40,SER,8.85,116.2
4475,1,1,1,41,41,CYS,8.16,118.3
4475,1,1,1,42,42,GLU,8.58,121.4
4475,1,1,1,43,43,GLY,8.33,110.7
4475,1,1,1,44,44,VAL,7.34,122.4
4475,1,1,1,5,5,GLY,7.95,107.7
4475,1,1,1,6,6,CYS,8.13,117.5
4475,1,1,1,7,7,HIS,9.05,118.4
4475,1,1,1,8,8,THR,8.46,112.2
4475,1,1,1,9,9,ASP,8.16,118.1
4478,1,1,1,10,10,ALA,7.82,121.9
4478,1,1,1,11,11,THR,8.72,113.9
4478,1,1,1,12,12,LEU,8.73,127.2
4478,1,1,1,13,13,VAL,9.02,129.1
4478,1,1,1,14,14,GLY,8.23,115.1
4478,1,1,1,16,16,HIS,8.83,121.4
4478,1,1,1,17,17,GLY,7.95,110.9
4478,1,1,1,19,19,LEU,8.7,124.0
4478,1,1,1,20,20,ALA,8.3,124.2
4478,1,1,1,21,21,SER,8.19,116.9
4478,1,1,1,22,22,GLY,9.09,113.4
4478,1,1,1,23,23,GLN,7.75,121.1
4478,1,1,1,24,24,LEU,8.49,124.5
4478,1,1,1,25,25,ALA,8.67,132.1
4478,1,1,1,26,26,ALA,7.87,125.3
4478,1,1,1,27,27,PHE,8.37,118.7
4478,1,1,1,28,28,HIS,9.01,113.9
4478,1,1,1,29,29,ILE,8.92,122.2
4478,1,1,1,3,3,VAL,8.05,121.5
4478,1,1,1,30,30,ALA,9.0,132.7
4478,1,1,1,31,31,ALA,8.33,124.8
4478,1,1,1,33,33,LEU,6.89,119.1
4478,1,1,1,35,35,VAL,8.32,124.8
4478,1,1,1,36,36,THR,8.46,118.0
4478,1,1,1,37,37,ALA,7.32,122.9
4478,1,1,1,38,38,THR,8.79,112.7
4478,1,1,1,39,39,ARG,7.99,122.2
4478,1,1,1,4,4,PHE,8.26,125.0
4478,1,1,1,40,40,TRP,9.33,127.1
4478,1,1,1,41,41,ASP,8.36,119.9
4478,1,1,1,42,42,PHE,8.95,121.2
4478,1,1,1,43,43,GLY,8.46,105.4
4478,1,1,1,44,44,ASP,8.32,117.3
4478,1,1,1,45,45,GLY,8.77,111.0
4478,1,1,1,46,46,SER,7.52,115.4
4478,1,1,1,47,47,ALA,8.42,123.7
4478,1,1,1,48,48,GLU,8.43,121.3
4478,1,1,1,49,49,VAL,8.48,123.5
4478,1,1,1,50,50,ASP,8.83,127.4
4478,1,1,1,51,51,ALA,9.13,127.1
4478,1,1,1,52,52,ALA,8.56,127.2
4478,1,1,1,53,53,GLY,7.64,107.4
4478,1,1,1,55,55,ALA,8.0,123.2
4478,1,1,1,56,56,ALA,7.77,120.3
4478,1,1,1,57,57,SER,9.09,113.4
4478,1,1,1,58,58,HIS,8.64,117.4
4478,1,1,1,59,59,ARG,7.53,126.0
4478,1,1,1,6,6,ALA,8.21,124.1
4478,1,1,1,60,60,TYR,8.08,122.9
4478,1,1,1,61,61,VAL,8.6,118.8
4478,1,1,1,62,62,LEU,7.77,120.3
4478,1,1,1,64,64,GLY,8.54,108.3
4478,1,1,1,65,65,ARG,7.65,119.9
4478,1,1,1,66,66,TYR,8.58,123.2
4478,1,1,1,67,67,HIS,9.34,122.9
4478,1,1,1,68,68,VAL,8.59,130.2
4478,1,1,1,69,69,THR,8.63,117.0
4478,1,1,1,7,7,SER,8.18,115.9
4478,1,1,1,70,70,ALA,8.32,123.8
4478,1,1,1,71,71,VAL,8.29,120.7
4478,1,1,1,72,72,LEU,8.66,126.7
4478,1,1,1,73,73,ALA,8.17,125.6
4478,1,1,1,74,74,LEU,7.79,124.1
4478,1,1,1,75,75,GLY,8.67,113.7
4478,1,1,1,76,76,ALA,8.44,127.2
4478,1,1,1,77,77,GLY,7.71,107.2
4478,1,1,1,78,78,SER,8.18,115.4
4478,1,1,1,79,79,ALA,8.58,124.4
4478,1,1,1,80,80,LEU,8.04,122.6
4478,1,1,1,81,81,LEU,8.89,126.8
4478,1,1,1,82,82,GLY,8.15,106.1
4478,1,1,1,83,83,THR,8.37,113.5
4478,1,1,1,84,84,ASP,7.98,121.8
4478,1,1,1,85,85,VAL,9.19,117.5
4478,1,1,1,86,86,GLN,8.64,125.0
4478,1,1,1,87,87,VAL,9.1,126.6
4478,1,1,1,88,88,GLU,9.26,127.3
4478,1,1,1,89,89,ALA,8.61,123.4
4478,1,1,1,9,9,GLY,8.2,108.1
4486,1,1,1,100,100,SER,9.18,124.65
4486,1,1,1,101,101,VAL,9.08,119.17
4486,1,1,1,102,102,TYR,7.51,119.55
4486,1,1,1,103,103,ASP,7.23,118.12
4486,1,1,1,104,104,LEU,6.97,117.97
4486,1,1,1,105,105,LEU,8.01,117.17
4486,1,1,1,106,106,ILE,7.54,115.23
4486,1,1,1,107,107,ASN,7.71,117.33
4486,1,1,1,108,108,VAL,7.6,122.26
4486,1,1,1,109,109,SER,9.21,123.69
4486,1,1,1,11,11,GLY,8.3,106.72
4486,1,1,1,110,110,SER,7.55,111.31
4486,1,1,1,111,111,THR,8.05,110.91
4486,1,1,1,112,112,VAL,9.06,123.76
4486,1,1,1,113,113,GLY,8.14,111.6
4486,1,1,1,114,114,ARG,8.89,120.68
4486,1,1,1,115,115,ALA,8.44,128.25
4486,1,1,1,116,116,TYR,9.14,119.85
4486,1,1,1,117,117,THR,8.46,112.74
4486,1,1,1,118,118,LEU,8.66,126.57
4486,1,1,1,12,12,ILE,7.84,119.07
4486,1,1,1,120,120,THR,8.67,117.47
4486,1,1,1,121,121,LYS,8.27,121.21
4486,1,1,1,122,122,PHE,9.03,127.41
4486,1,1,1,123,123,THR,8.36,123.47
4486,1,1,1,124,124,ILE,8.55,122.88
4486,1,1,1,125,125,THR,8.96,117.93
4486,1,1,1,126,126,SER,8.36,118.6
4486,1,1,1,127,127,GLU,8.77,123.2
4486,1,1,1,128,128,LEU,8.27,121.35
4486,1,1,1,129,129,MET,8.06,119.34
4486,1,1,1,130,130,GLY,8.31,108.57
4486,1,1,1,131,131,LEU,8.0,121.16
4486,1,1,1,132,132,ASP,8.37,120.04
4486,1,1,1,133,133,ARG,8.07,120.77
4486,1,1,1,134,134,ALA,8.33,123.93
4486,1,1,1,135,135,LEU,8.16,120.12
4486,1,1,1,136,136,THR,7.9,111.88
4486,1,1,1,137,137,ASP,8.28,122.81
4486,1,1,1,138,138,ILE,7.6,124.0
4486,1,1,1,16,16,THR,8.13,113.68
4486,1,1,1,17,17,GLY,8.35,110.92
4486,1,1,1,2,2,SER,7.19,122.66
4486,1,1,1,20,20,PHE,8.16,118.55
4486,1,1,1,21,21,ALA,8.26,119.87
4486,1,1,1,24,24,PHE,8.13,119.85
4486,1,1,1,25,25,PHE,8.01,120.73
4486,1,1,1,26,26,ALA,8.03,124.98
4486,1,1,1,27,27,GLU,8.29,119.78
4486,1,1,1,28,28,GLU,8.49,120.69
4486,1,1,1,29,29,ASN,8.36,118.44
4486,1,1,1,3,3,SER,7.24,122.32
4486,1,1,1,31,31,VAL,8.08,120.8
4486,1,1,1,32,32,VAL,8.14,123.41
4486,1,1,1,33,33,HIS,8.45,123.12
4486,1,1,1,34,34,GLU,8.56,122.27
4486,1,1,1,35,35,SER,8.47,116.25
4486,1,1,1,36,36,ASN,8.68,120.73
4486,1,1,1,37,37,ALA,7.77,123.05
4486,1,1,1,38,38,VAL,8.81,114.46
4486,1,1,1,39,39,VAL,8.47,119.56
4486,1,1,1,40,40,LEU,9.36,127.57
4486,1,1,1,41,41,VAL,8.37,126.28
4486,1,1,1,42,42,LEU,9.39,126.93
4486,1,1,1,43,43,MET,9.09,121.79
4486,1,1,1,44,44,LYS,7.48,119.26
4486,1,1,1,45,45,SER,7.86,114.03
4486,1,1,1,46,46,ASP,9.1,120.67
4486,1,1,1,47,47,GLU,8.7,117.4
4486,1,1,1,48,48,ILE,7.79,119.05
4486,1,1,1,49,49,ASP,9.41,120.95
4486,1,1,1,5,5,HIS,8.33,122.77
4486,1,1,1,50,50,ALA,7.13,120.6
4486,1,1,1,51,51,ILE,7.68,118.47
4486,1,1,1,52,52,ILE,8.66,122.37
4486,1,1,1,53,53,GLU,7.63,116.07
4486,1,1,1,54,54,ASP,8.34,112.42
4486,1,1,1,55,55,ILE,7.87,117.74
4486,1,1,1,56,56,VAL,8.45,121.69
4486,1,1,1,57,57,LEU,8.13,113.05
4486,1,1,1,58,58,LYS,6.85,117.64
4486,1,1,1,59,59,GLY,8.59,111.49
4486,1,1,1,60,60,GLY,8.79,110.1
4486,1,1,1,61,61,LYS,7.51,123.81
4486,1,1,1,62,62,ALA,7.75,120.05
4486,1,1,1,63,63,LYS,7.42,115.67
4486,1,1,1,64,64,ASN,8.22,114.75
4486,1,1,1,66,66,SER,7.87,113.44
4486,1,1,1,67,67,ILE,7.44,122.33
4486,1,1,1,68,68,VAL,9.28,128.23
4486,1,1,1,69,69,VAL,8.51,123.28
4486,1,1,1,70,70,GLU,9.67,126.4
4486,1,1,1,71,71,ASP,8.75,124.67
4486,1,1,1,72,72,LYS,8.85,125.34
4486,1,1,1,73,73,ALA,8.88,126.64
4486,1,1,1,74,74,GLY,8.87,105.75
4486,1,1,1,75,75,PHE,7.81,117.57
4486,1,1,1,76,76,TRP,9.36,118.83
4486,1,1,1,77,77,TRP,9.87,124.67
4486,1,1,1,78,78,ILE,9.4,125.67
4486,1,1,1,79,79,LYS,9.08,126.56
4486,1,1,1,8,8,TYR,8.07,118.28
4486,1,1,1,80,80,ALA,8.46,121.62
4486,1,1,1,81,81,ASP,8.8,117.81
4486,1,1,1,82,82,GLY,8.9,113.6
4486,1,1,1,83,83,ALA,7.81,122.94
4486,1,1,1,84,84,ILE,8.67,119.5
4486,1,1,1,85,85,GLU,8.46,124.59
4486,1,1,1,86,86,ILE,9.26,122.94
4486,1,1,1,87,87,ASP,9.27,127.26
4486,1,1,1,88,88,ALA,9.68,129.82
4486,1,1,1,89,89,ALA,8.8,120.0
4486,1,1,1,90,90,GLU,7.23,119.2
4486,1,1,1,91,91,ALA,7.81,121.29
4486,1,1,1,92,92,GLY,8.63,105.06
4486,1,1,1,93,93,GLU,7.52,120.89
4486,1,1,1,94,94,LEU,7.67,120.32
4486,1,1,1,95,95,LEU,8.37,115.32
4486,1,1,1,96,96,GLY,8.09,107.83
4486,1,1,1,97,97,LYS,7.94,116.34
4486,1,1,1,99,99,PHE,8.3,126.1
4491,1,1,1,10,10,THR,7.98,112.5
4491,1,1,1,102,102,ARG,8.69,120.5
4491,1,1,1,103,103,PHE,8.34,119.8
4491,1,1,1,104,104,HIS,8.27,119.8
4491,1,1,1,105,105,ASP,8.61,122.9
4491,1,1,1,106,106,SER,8.45,116.3
4491,1,1,1,107,107,SER,8.46,117.6
4491,1,1,1,108,108,SER,8.18,118.5
4491,1,1,1,11,11,GLN,7.82,122.3
4491,1,1,1,110,110,LEU,8.22,121.7
4491,1,1,1,111,111,LEU,8.2,123.0
4491,1,1,1,112,112,THR,8.07,114.1
4491,1,1,1,113,113,SER,8.26,117.5
4491,1,1,1,114,114,GLY,8.23,110.6
4491,1,1,1,116,116,SER,8.45,116.3
4491,1,1,1,117,117,VAL,8.11,121.5
4491,1,1,1,118,118,ALA,8.27,127.2
4491,1,1,1,119,119,GLU,8.25,120.6
4491,1,1,1,12,12,LEU,8.36,120.0
4491,1,1,1,120,120,LEU,7.85,128.8
4491,1,1,1,13,13,SER,7.99,108.9
4491,1,1,1,14,14,SER,7.83,118.3
4491,1,1,1,15,15,GLY,8.44,107.2
4491,1,1,1,16,16,ASN,7.84,122.5
4491,1,1,1,18,18,VAL,8.64,118.0
4491,1,1,1,19,19,TYR,7.3,120.6
4491,1,1,1,2,2,ALA,8.33,125.6
4491,1,1,1,20,20,GLU,7.57,117.8
4491,1,1,1,21,21,LYS,7.46,119.0
4491,1,1,1,22,22,TYR,8.17,118.6
4491,1,1,1,23,23,TYR,8.28,118.6
4491,1,1,1,24,24,ARG,8.45,117.4
4491,1,1,1,25,25,GLN,7.46,116.4
4491,1,1,1,26,26,VAL,6.98,110.9
4491,1,1,1,27,27,GLU,7.44,123.3
4491,1,1,1,28,28,ALA,8.46,127.9
4491,1,1,1,29,29,GLY,8.64,115.6
4491,1,1,1,3,3,ALA,8.22,123.2
4491,1,1,1,30,30,ASN,8.67,122.7
4491,1,1,1,31,31,THR,8.19,108.6
4491,1,1,1,32,32,GLY,8.92,110.9
4491,1,1,1,33,33,ARG,7.64,118.1
4491,1,1,1,34,34,VAL,8.77,119.1
4491,1,1,1,35,35,LEU,9.66,127.9
4491,1,1,1,36,36,ALA,8.36,125.6
4491,1,1,1,37,37,LEU,8.57,116.5
4491,1,1,1,38,38,ASP,6.79,117.9
4491,1,1,1,39,39,ALA,8.55,122.1
4491,1,1,1,4,4,ALA,8.27,122.2
4491,1,1,1,40,40,ALA,8.7,120.2
4491,1,1,1,41,41,ALA,7.51,119.1
4491,1,1,1,42,42,PHE,7.76,118.9
4491,1,1,1,43,43,LEU,8.84,117.1
4491,1,1,1,44,44,LYS,7.77,120.2
4491,1,1,1,45,45,LYS,7.89,118.7
4491,1,1,1,46,46,SER,8.08,114.5
4491,1,1,1,47,47,GLY,7.74,109.2
4491,1,1,1,48,48,LEU,7.36,120.5
4491,1,1,1,5,5,ALA,7.98,120.4
4491,1,1,1,50,50,ASP,8.79,123.5
4491,1,1,1,51,51,LEU,8.82,119.5
4491,1,1,1,52,52,ILE,6.91,118.4
4491,1,1,1,53,53,LEU,8.03,120.4
4491,1,1,1,54,54,GLY,8.53,106.5
4491,1,1,1,55,55,LYS,7.28,122.8
4491,1,1,1,56,56,ILE,8.25,119.3
4491,1,1,1,57,57,TRP,8.36,119.3
4491,1,1,1,58,58,ASP,7.94,115.9
4491,1,1,1,59,59,LEU,7.6,117.1
4491,1,1,1,6,6,GLN,8.01,117.6
4491,1,1,1,60,60,ALA,8.07,120.1
4491,1,1,1,61,61,ASP,8.0,114.5
4491,1,1,1,62,62,THR,7.97,118.4
4491,1,1,1,63,63,ASP,8.77,118.7
4491,1,1,1,64,64,GLY,8.14,109.7
4491,1,1,1,66,66,GLY,10.02,111.4
4491,1,1,1,67,67,VAL,7.56,118.0
4491,1,1,1,68,68,LEU,9.23,124.0
4491,1,1,1,69,69,SER,8.79,116.5
4491,1,1,1,7,7,LEU,7.75,122.5
4491,1,1,1,70,70,LYS,8.62,121.4
4491,1,1,1,71,71,GLN,8.27,116.6
4491,1,1,1,72,72,GLU,7.61,117.2
4491,1,1,1,73,73,PHE,8.84,119.7
4491,1,1,1,74,74,PHE,8.97,121.3
4491,1,1,1,75,75,VAL,8.22,120.4
4491,1,1,1,76,76,ALA,7.87,120.8
4491,1,1,1,77,77,LEU,8.22,115.7
4491,1,1,1,78,78,ARG,8.41,120.7
4491,1,1,1,79,79,LEU,8.7,120.0
4491,1,1,1,8,8,SER,8.76,117.8
4491,1,1,1,80,80,VAL,8.36,121.3
4491,1,1,1,81,81,ALA,7.71,122.3
4491,1,1,1,82,82,CYS,8.62,117.9
4491,1,1,1,83,83,ALA,8.28,121.9
4491,1,1,1,84,84,GLN,8.55,115.8
4491,1,1,1,85,85,ASN,7.56,115.6
4491,1,1,1,86,86,GLY,7.6,106.1
4491,1,1,1,87,87,LEU,8.08,120.4
4491,1,1,1,88,88,GLU,8.34,119.6
4491,1,1,1,89,89,VAL,8.89,126.7
4491,1,1,1,9,9,LEU,8.56,119.8
4491,1,1,1,90,90,SER,7.16,120.3
4491,1,1,1,91,91,LEU,9.29,124.6
4491,1,1,1,92,92,SER,8.35,114.3
4491,1,1,1,93,93,SER,7.62,116.5
4491,1,1,1,94,94,LEU,7.41,117.2
4491,1,1,1,95,95,SER,7.42,108.7
4491,1,1,1,96,96,LEU,7.33,123.3
4491,1,1,1,97,97,ALA,8.36,125.3
4491,1,1,1,98,98,VAL,7.54,118.8
4492,1,1,1,10,10,ALA,8.02,124.6
4492,1,1,1,100,100,THR,8.24,115.58
4492,1,1,1,101,101,PHE,8.1,121.89
4492,1,1,1,102,102,LYS,7.29,114.56
4492,1,1,1,103,103,ILE,7.39,118.94
4492,1,1,1,105,105,ASP,7.31,117.29
4492,1,1,1,106,106,LYS,7.68,129.07
4492,1,1,1,107,107,ASP,8.17,114.8
4492,1,1,1,108,108,ARG,7.77,114.55
4492,1,1,1,109,109,ASN,8.39,118.82
4492,1,1,1,11,11,GLU,8.19,120.21
4492,1,1,1,110,110,GLY,10.5,113.66
4492,1,1,1,111,111,CYS,7.78,116.06
4492,1,1,1,112,112,ILE,9.44,127.67
4492,1,1,1,113,113,ASP,9.1,129.85
4492,1,1,1,114,114,ARG,8.38,118.63
4492,1,1,1,115,115,GLN,8.12,118.58
4492,1,1,1,116,116,GLU,8.48,121.04
4492,1,1,1,117,117,LEU,8.25,121.66
4492,1,1,1,118,118,LEU,8.51,120.54
4492,1,1,1,119,119,ASP,8.43,118.39
4492,1,1,1,12,12,GLU,8.13,122.14
4492,1,1,1,120,120,ILE,7.43,119.19
4492,1,1,1,121,121,VAL,8.72,122.45
4492,1,1,1,122,122,GLU,9.27,119.43
4492,1,1,1,123,123,SER,7.68,115.7
4492,1,1,1,124,124,ILE,8.43,123.66
4492,1,1,1,125,125,TYR,8.75,122.36
4492,1,1,1,126,126,LYS,8.14,119.41
4492,1,1,1,127,127,LEU,8.05,122.15
4492,1,1,1,128,128,LYS,8.45,120.04
4492,1,1,1,129,129,LYS,7.73,119.02
4492,1,1,1,13,13,ASN,7.94,125.72
4492,1,1,1,130,130,ALA,7.86,121.92
4492,1,1,1,131,131,CYS,7.81,114.69
4492,1,1,1,132,132,SER,7.89,115.87
4492,1,1,1,133,133,VAL,7.9,120.22
4492,1,1,1,134,134,GLU,8.3,124.3
4492,1,1,1,135,135,VAL,7.99,121.08
4492,1,1,1,136,136,GLU,8.38,124.4
4492,1,1,1,137,137,ALA,8.15,124.82
4492,1,1,1,138,138,GLU,8.26,119.35
4492,1,1,1,139,139,GLN,8.15,120.2
4492,1,1,1,14,14,GLY,8.21,109.47
4492,1,1,1,140,140,GLN,8.27,120.71
4492,1,1,1,141,141,GLY,8.24,109.52
4492,1,1,1,142,142,LYS,7.9,121.12
4492,1,1,1,143,143,LEU,8.14,125.1
4492,1,1,1,144,144,LEU,8.22,125.11
4492,1,1,1,145,145,THR,8.84,115.89
4492,1,1,1,147,147,GLU,8.73,115.72
4492,1,1,1,148,148,GLU,7.53,119.51
4492,1,1,1,149,149,VAL,8.31,121.54
4492,1,1,1,15,15,ALA,8.01,123.91
4492,1,1,1,150,150,VAL,8.24,119.68
4492,1,1,1,151,151,ASP,8.37,119.84
4492,1,1,1,152,152,ARG,8.08,120.83
4492,1,1,1,153,153,ILE,8.75,119.19
4492,1,1,1,154,154,PHE,8.74,119.09
4492,1,1,1,155,155,LEU,8.11,120.21
4492,1,1,1,156,156,LEU,7.71,116.43
4492,1,1,1,157,157,VAL,8.41,115.19
4492,1,1,1,158,158,ASP,8.2,120.46
4492,1,1,1,159,159,GLU,7.93,130.07
4492,1,1,1,16,16,VAL,7.89,118.71
4492,1,1,1,160,160,ASN,7.93,112.53
4492,1,1,1,161,161,GLY,7.67,109.2
4492,1,1,1,162,162,ASP,8.03,118.82
4492,1,1,1,163,163,GLY,10.4,113.2
4492,1,1,1,164,164,GLN,8.11,116.71
4492,1,1,1,165,165,LEU,9.83,125.12
4492,1,1,1,166,166,SER,9.17,122.14
4492,1,1,1,167,167,LEU,8.5,123.67
4492,1,1,1,168,168,ASN,8.22,115.0
4492,1,1,1,169,169,GLU,7.63,118.8
4492,1,1,1,17,17,GLY,8.44,112.66
4492,1,1,1,170,170,PHE,8.55,121.1
4492,1,1,1,171,171,VAL,8.53,116.74
4492,1,1,1,172,172,GLU,8.09,116.9
4492,1,1,1,173,173,GLY,8.51,107.73
4492,1,1,1,174,174,ALA,7.67,122.39
4492,1,1,1,175,175,ARG,7.54,113.55
4492,1,1,1,176,176,ARG,7.6,116.49
4492,1,1,1,177,177,ASP,7.61,121.3
4492,1,1,1,178,178,LYS,8.57,125.97
4492,1,1,1,179,179,TRP,8.63,123.45
4492,1,1,1,18,18,ALA,8.07,124.03
4492,1,1,1,180,180,VAL,8.52,120.91
4492,1,1,1,181,181,MET,8.02,116.95
4492,1,1,1,182,182,LYS,7.79,119.83
4492,1,1,1,183,183,MET,7.97,117.95
4492,1,1,1,184,184,LEU,7.89,125.26
4492,1,1,1,186,186,MET,8.36,122.2
4492,1,1,1,187,187,ASP,8.18,121.64
4492,1,1,1,19,19,ALA,8.22,122.49
4492,1,1,1,192,192,SER,7.97,117.03
4492,1,1,1,193,193,TRP,7.37,121.72
4492,1,1,1,194,194,ILE,7.71,118.86
4492,1,1,1,196,196,GLN,8.21,122.15
4492,1,1,1,198,198,ARG,7.88,128.38
4492,1,1,1,2,2,GLY,8.45,110.61
4492,1,1,1,20,20,ASP,7.93,119.61
4492,1,1,1,200,200,LYS,8.22,122.55
4492,1,1,1,201,201,SER,8.12,116.7
4492,1,1,1,202,202,ALA,8.11,125.71
4492,1,1,1,203,203,MET,8.04,119.41
4492,1,1,1,204,204,PHE,7.48,124.95
4492,1,1,1,21,21,ALA,8.26,123.89
4492,1,1,1,22,22,ALA,8.04,120.91
4492,1,1,1,23,23,GLN,7.87,118.75
4492,1,1,1,24,24,LEU,7.88,119.63
4492,1,1,1,25,25,GLN,7.98,117.29
4492,1,1,1,26,26,GLU,7.75,120.05
4492,1,1,1,27,27,TRP,8.26,121.05
4492,1,1,1,28,28,TYR,8.75,123.01
4492,1,1,1,29,29,LYS,8.06,118.86
4492,1,1,1,3,3,GLN,8.28,120.81
4492,1,1,1,32,32,LEU,7.87,117.74
4492,1,1,1,33,33,GLU,7.74,117.53
4492,1,1,1,34,34,GLU,7.5,116.47
4492,1,1,1,35,35,CYS,8.05,119.19
4492,1,1,1,37,37,SER,8.19,112.08
4492,1,1,1,38,38,GLY,8.51,110.66
4492,1,1,1,39,39,THR,7.42,111.43
4492,1,1,1,4,4,GLN,8.28,121.71
4492,1,1,1,40,40,LEU,8.79,125.02
4492,1,1,1,41,41,PHE,8.17,120.26
4492,1,1,1,43,43,HIS,7.87,118.75
4492,1,1,1,44,44,GLU,7.18,120.17
4492,1,1,1,45,45,PHE,8.37,122.57
4492,1,1,1,46,46,LYS,8.29,116.21
4492,1,1,1,47,47,ARG,7.41,117.93
4492,1,1,1,48,48,PHE,8.09,121.35
4492,1,1,1,49,49,PHE,8.71,124.42
4492,1,1,1,5,5,PHE,8.26,119.39
4492,1,1,1,50,50,LYS,8.0,121.91
4492,1,1,1,53,53,ASP,8.25,119.88
4492,1,1,1,54,54,ASN,7.83,118.38
4492,1,1,1,55,55,GLU,8.84,123.84
4492,1,1,1,56,56,GLU,8.99,120.88
4492,1,1,1,57,57,ALA,8.27,121.71
4492,1,1,1,58,58,THR,7.87,114.01
4492,1,1,1,59,59,GLN,8.33,120.44
4492,1,1,1,6,6,SER,8.07,118.16
4492,1,1,1,60,60,TYR,7.99,120.74
4492,1,1,1,61,61,VAL,8.04,119.2
4492,1,1,1,62,62,GLU,8.35,119.89
4492,1,1,1,64,64,MET,7.95,117.69
4492,1,1,1,65,65,PHE,8.28,120.3
4492,1,1,1,66,66,ARG,7.95,116.81
4492,1,1,1,67,67,ALA,7.44,120.41
4492,1,1,1,68,68,PHE,7.6,115.62
4492,1,1,1,69,69,ASP,7.87,114.98
4492,1,1,1,7,7,TRP,8.0,123.39
4492,1,1,1,70,70,THR,8.09,120.22
4492,1,1,1,71,71,ASN,8.08,116.5
4492,1,1,1,72,72,GLY,7.67,109.97
4492,1,1,1,73,73,ASP,8.18,120.39
4492,1,1,1,74,74,ASN,10.2,117.52
4492,1,1,1,75,75,THR,8.03,110.61
4492,1,1,1,76,76,ILE,9.16,128.82
4492,1,1,1,77,77,ASP,8.75,127.96
4492,1,1,1,78,78,PHE,8.5,117.22
4492,1,1,1,79,79,LEU,7.91,117.33
4492,1,1,1,8,8,GLU,8.15,121.71
4492,1,1,1,80,80,GLU,8.43,122.32
4492,1,1,1,81,81,TYR,8.54,123.18
4492,1,1,1,82,82,VAL,8.21,117.96
4492,1,1,1,83,83,ALA,8.09,122.42
4492,1,1,1,84,84,ALA,7.6,121.3
4492,1,1,1,85,85,LEU,7.82,117.39
4492,1,1,1,86,86,ASN,8.0,116.32
4492,1,1,1,87,87,LEU,7.52,120.67
4492,1,1,1,88,88,VAL,7.77,115.7
4492,1,1,1,89,89,LEU,8.03,117.96
4492,1,1,1,9,9,GLU,8.01,121.3
4492,1,1,1,90,90,ARG,7.87,116.64
4492,1,1,1,91,91,GLY,7.84,109.0
4492,1,1,1,92,92,THR,7.86,122.16
4492,1,1,1,94,94,GLU,8.67,117.72
4492,1,1,1,95,95,HIS,7.59,118.64
4492,1,1,1,96,96,LYS,8.42,120.02
4492,1,1,1,97,97,LEU,8.75,122.16
4492,1,1,1,98,98,LYS,8.18,120.27
4492,1,1,1,99,99,TRP,8.03,121.27
4493,1,1,1,10,10,GLY,7.861,109.47
4493,1,1,1,11,11,LYS,7.204,121.34
4493,1,1,1,12,12,THR,8.556,119.75
4493,1,1,1,13,13,VAL,9.276,125.36
4493,1,1,1,14,14,THR,8.585,119.22
4493,1,1,1,15,15,ILE,8.846,125.63
4493,1,1,1,16,16,GLU,8.261,127.35
4493,1,1,1,17,17,VAL,8.94,119.16
4493,1,1,1,18,18,GLU,8.5,119.96
4493,1,1,1,2,2,GLN,8.904,123.45
4493,1,1,1,20,20,SER,7.063,104.01
4493,1,1,1,21,21,ASP,7.884,123.65
4493,1,1,1,22,22,THR,8.152,109.39
4493,1,1,1,23,23,VAL,8.792,122.65
4493,1,1,1,24,24,GLU,10.597,120.39
4493,1,1,1,25,25,ASN,8.137,122.3
4493,1,1,1,26,26,PHE,8.532,123.06
4493,1,1,1,27,27,LYS,8.933,117.86
4493,1,1,1,28,28,ALA,7.879,123.42
4493,1,1,1,29,29,LYS,7.918,120.58
4493,1,1,1,3,3,VAL,8.556,116.34
4493,1,1,1,30,30,ILE,8.16,121.82
4493,1,1,1,31,31,GLN,8.453,123.41
4493,1,1,1,32,32,ASP,7.87,119.58
4493,1,1,1,33,33,LYS,7.523,116.05
4493,1,1,1,34,34,GLU,8.809,114.03
4493,1,1,1,35,35,GLY,8.3,108.88
4493,1,1,1,36,36,ILE,6.186,119.72
4493,1,1,1,39,39,ASP,8.533,113.4
4493,1,1,1,4,4,PHE,8.752,118.57
4493,1,1,1,40,40,GLN,7.895,116.83
4493,1,1,1,41,41,GLN,7.34,118.63
4493,1,1,1,42,42,ARG,8.409,124.84
4493,1,1,1,43,43,LEU,8.904,125.91
4493,1,1,1,44,44,ILE,9.11,122.52
4493,1,1,1,45,45,PHE,9.189,127.38
4493,1,1,1,46,46,ALA,9.021,132.99
4493,1,1,1,47,47,GLY,8.07,102.38
4493,1,1,1,48,48,LYS,8.112,122.11
4493,1,1,1,49,49,GLN,8.615,122.91
4493,1,1,1,5,5,LEU,9.474,124.42
4493,1,1,1,50,50,LEU,8.534,125.57
4493,1,1,1,51,51,GLU,8.291,123.54
4493,1,1,1,52,52,ASP,8.191,121.12
4493,1,1,1,53,53,GLY,10.143,111.51
4493,1,1,1,54,54,ARG,7.482,119.3
4493,1,1,1,55,55,THR,8.873,110.1
4493,1,1,1,56,56,LEU,8.51,119.22
4493,1,1,1,57,57,SER,8.617,113.75
4493,1,1,1,58,58,ASP,7.809,124.24
4493,1,1,1,59,59,TYR,7.452,116.03
4493,1,1,1,6,6,LYS,8.869,127.14
4493,1,1,1,60,60,ASN,8.131,114.76
4493,1,1,1,61,61,ILE,6.668,118.23
4493,1,1,1,62,62,GLN,7.731,125.46
4493,1,1,1,63,63,LYS,8.371,120.77
4493,1,1,1,64,64,GLU,9.306,115.99
4493,1,1,1,65,65,SER,7.944,115.81
4493,1,1,1,66,66,THR,8.785,117.95
4493,1,1,1,67,67,ILE,9.437,129.51
4493,1,1,1,68,68,HIS,9.35,126.01
4493,1,1,1,69,69,LEU,8.267,124.61
4493,1,1,1,7,7,THR,8.658,116.27
4493,1,1,1,70,70,VAL,9.129,125.7
4493,1,1,1,71,71,LEU,8.105,123.02
4493,1,1,1,72,72,ARG,8.521,124.28
4493,1,1,1,73,73,LEU,8.339,124.81
4493,1,1,1,74,74,ARG,8.441,122.11
4493,1,1,1,75,75,GLY,8.483,111.12
4493,1,1,1,76,76,GLY,7.943,115.17
4493,1,1,1,8,8,LEU,8.891,120.22
4493,1,1,1,9,9,THR,7.648,105.93
4494,1,1,1,1,1,MET,8.22,121.9
4494,1,1,1,10,10,LEU,7.92,129.2
4494,1,1,1,11,11,PHE,8.35,119.7
4494,1,1,1,12,12,VAL,7.4,121.6
4494,1,1,1,13,13,ASN,8.49,124.3
4494,1,1,1,14,14,GLY,8.13,110.9
4494,1,1,1,16,16,ARG,8.56,119.3
4494,1,1,1,17,17,THR,8.07,115.3
4494,1,1,1,18,18,LEU,8.31,123.7
4494,1,1,1,19,19,CYS,8.38,119.7
4494,1,1,1,2,2,PHE,8.65,125.8
4494,1,1,1,20,20,GLY,7.74,110.0
4494,1,1,1,21,21,ALA,8.98,130.3
4494,1,1,1,22,22,GLU,8.0,118.1
4494,1,1,1,23,23,LEU,6.88,121.7
4494,1,1,1,24,24,VAL,7.29,119.3
4494,1,1,1,25,25,ASP,8.09,128.1
4494,1,1,1,26,26,ALA,7.92,124.1
4494,1,1,1,27,27,LEU,8.11,120.5
4494,1,1,1,28,28,GLN,8.34,119.9
4494,1,1,1,29,29,PHE,7.84,120.6
4494,1,1,1,30,30,VAL,8.7,119.2
4494,1,1,1,31,31,CYS,8.67,117.1
4494,1,1,1,32,32,GLY,7.72,110.4
4494,1,1,1,33,33,ASP,8.85,125.3
4494,1,1,1,34,34,ARG,8.11,119.7
4494,1,1,1,35,35,GLY,7.38,105.0
4494,1,1,1,36,36,PHE,7.53,115.2
4494,1,1,1,37,37,TYR,8.66,120.7
4494,1,1,1,38,38,PHE,8.48,119.6
4494,1,1,1,39,39,ASN,8.18,119.8
4494,1,1,1,4,4,ALA,8.36,126.3
4494,1,1,1,40,40,LYS,8.43,123.9
4494,1,1,1,42,42,THR,8.15,115.3
4494,1,1,1,43,43,GLY,8.3,111.8
4494,1,1,1,44,44,TYR,8.11,121.6
4494,1,1,1,45,45,GLY,8.39,112.5
4494,1,1,1,46,46,SER,8.2,117.2
4494,1,1,1,47,47,SER,8.19,118.6
4494,1,1,1,48,48,SER,8.38,118.8
4494,1,1,1,49,49,ARG,8.16,123.7
4494,1,1,1,5,5,MET,8.24,121.9
4494,1,1,1,50,50,ARG,8.15,122.6
4494,1,1,1,51,51,ALA,8.12,127.5
4494,1,1,1,53,53,GLN,8.48,121.5
4494,1,1,1,54,54,THR,8.09,115.6
4494,1,1,1,55,55,GLY,8.6,113.2
4494,1,1,1,56,56,ILE,7.89,122.4
4494,1,1,1,57,57,VAL,8.04,123.6
4494,1,1,1,58,58,ASP,7.81,121.8
4494,1,1,1,59,59,GLU,8.24,119.9
4494,1,1,1,60,60,CYS,8.26,113.6
4494,1,1,1,61,61,CYS,7.36,117.2
4494,1,1,1,62,62,PHE,7.72,117.3
4494,1,1,1,63,63,ARG,7.53,119.9
4494,1,1,1,64,64,SER,7.83,113.3
4494,1,1,1,65,65,CYS,8.01,117.7
4494,1,1,1,66,66,ASP,7.95,118.3
4494,1,1,1,67,67,LEU,7.59,123.6
4494,1,1,1,68,68,ARG,7.86,119.9
4494,1,1,1,69,69,ARG,7.8,117.7
4494,1,1,1,7,7,LEU,8.22,122.1
4494,1,1,1,70,70,LEU,8.3,124.3
4494,1,1,1,71,71,GLU,8.09,114.8
4494,1,1,1,72,72,MET,7.61,118.9
4494,1,1,1,73,73,TYR,7.98,117.0
4494,1,1,1,74,74,CYS,7.26,116.9
4494,1,1,1,75,75,ALA,8.35,128.6
4494,1,1,1,77,77,LEU,8.3,123.9
4494,1,1,1,78,78,LYS,8.34,125.5
4494,1,1,1,8,8,SER,8.23,119.3
4494,1,1,1,80,80,ALA,8.18,125.7
4494,1,1,1,81,81,LYS,8.02,123.3
4494,1,1,1,82,82,SER,8.01,113.8
4494,1,1,1,83,83,ALA,8.03,132.1
4494,1,1,1,9,9,SER,8.31,119.5
4496,1,1,1,10,10,LEU,8.03,124.8
4496,1,1,1,11,11,LYS,8.21,117.8
4496,1,1,1,12,12,ASP,7.73,119.5
4496,1,1,1,13,13,ALA,8.35,125.0
4496,1,1,1,14,14,GLU,8.31,118.3
4496,1,1,1,15,15,ALA,7.91,123.3
4496,1,1,1,16,16,VAL,8.35,119.5
4496,1,1,1,17,17,GLN,8.07,119.6
4496,1,1,1,18,18,LYS,7.99,118.4
4496,1,1,1,19,19,PHE,8.02,120.1
4496,1,1,1,2,2,ALA,8.79,127.1
4496,1,1,1,20,20,PHE,9.07,119.0
4496,1,1,1,21,21,LEU,8.07,116.9
4496,1,1,1,22,22,GLU,8.15,119.5
4496,1,1,1,23,23,GLU,8.38,119.0
4496,1,1,1,24,24,ILE,8.05,119.1
4496,1,1,1,25,25,GLN,7.59,120.3
4496,1,1,1,26,26,LEU,8.19,120.3
4496,1,1,1,27,27,GLY,8.5,105.1
4496,1,1,1,28,28,GLU,8.29,118.8
4496,1,1,1,29,29,GLU,8.31,121.2
4496,1,1,1,3,3,GLY,8.45,108.8
4496,1,1,1,30,30,LEU,8.34,120.3
4496,1,1,1,31,31,LEU,8.26,119.4
4496,1,1,1,32,32,ALA,7.95,122.2
4496,1,1,1,33,33,GLN,7.38,114.4
4496,1,1,1,34,34,GLY,7.76,107.3
4496,1,1,1,35,35,ASP,8.0,122.6
4496,1,1,1,36,36,TYR,7.29,120.4
4496,1,1,1,37,37,GLU,8.66,118.7
4496,1,1,1,38,38,LYS,7.87,117.0
4496,1,1,1,39,39,GLY,8.47,107.3
4496,1,1,1,4,4,LEU,8.12,121.6
4496,1,1,1,40,40,VAL,8.6,119.5
4496,1,1,1,41,41,ASP,7.85,123.8
4496,1,1,1,42,42,HIS,7.42,115.9
4496,1,1,1,43,43,LEU,8.17,118.0
4496,1,1,1,44,44,THR,8.36,114.2
4496,1,1,1,45,45,ASN,7.29,120.4
4496,1,1,1,46,46,ALA,7.51,119.3
4496,1,1,1,47,47,ILE,8.28,117.1
4496,1,1,1,48,48,ALA,8.13,118.8
4496,1,1,1,49,49,VAL,7.16,104.2
4496,1,1,1,5,5,SER,8.36,117.1
4496,1,1,1,50,50,CYS,7.46,120.7
4496,1,1,1,51,51,GLY,8.73,113.6
4496,1,1,1,52,52,GLN,7.69,118.5
4496,1,1,1,54,54,GLN,8.81,117.7
4496,1,1,1,55,55,GLN,7.8,118.5
4496,1,1,1,56,56,LEU,7.79,119.5
4496,1,1,1,57,57,LEU,8.63,119.3
4496,1,1,1,58,58,GLN,7.82,117.8
4496,1,1,1,59,59,VAL,7.62,118.9
4496,1,1,1,6,6,LYS,8.23,122.8
4496,1,1,1,60,60,LEU,8.59,121.6
4496,1,1,1,61,61,GLN,8.41,120.9
4496,1,1,1,62,62,GLN,7.21,113.0
4496,1,1,1,63,63,THR,7.46,107.1
4496,1,1,1,64,64,LEU,8.02,122.2
4496,1,1,1,68,68,VAL,7.23,117.2
4496,1,1,1,69,69,PHE,8.06,121.7
4496,1,1,1,7,7,LEU,7.63,121.2
4496,1,1,1,70,70,GLN,8.31,115.6
4496,1,1,1,71,71,MET,7.34,118.9
4496,1,1,1,72,72,LEU,7.9,121.6
4496,1,1,1,73,73,LEU,7.87,117.0
4496,1,1,1,74,74,THR,7.55,109.5
4496,1,1,1,75,75,LYS,7.52,119.1
4496,1,1,1,76,76,LEU,8.07,123.7
4496,1,1,1,78,78,THR,7.7,107.8
4496,1,1,1,79,79,ILE,7.81,121.7
4496,1,1,1,80,80,SER,8.05,115.4
4496,1,1,1,81,81,GLN,7.89,119.8
4496,1,1,1,82,82,ARG,7.97,119.8
4496,1,1,1,83,83,ILE,7.87,119.5
4496,1,1,1,84,84,VAL,7.95,121.1
4496,1,1,1,85,85,SER,8.16,117.6
4496,1,1,1,86,86,ALA,8.12,125.0
4496,1,1,1,87,87,GLN,8.12,117.8
4496,1,1,1,88,88,SER,8.1,116.0
4496,1,1,1,89,89,LEU,8.17,123.6
4496,1,1,1,9,9,ASP,8.12,118.5
4496,1,1,1,90,90,GLY,8.34,109.2
4496,1,1,1,91,91,GLU,8.19,120.0
4496,1,1,1,92,92,ASP,8.38,120.3
4496,1,1,1,93,93,ASP,8.23,120.2
4496,1,1,1,94,94,VAL,7.96,119.9
4496,1,1,1,95,95,GLU,7.96,128.7
4497,1,1,1,10,10,LEU,8.02,123.64
4497,1,1,1,100,100,GLY,8.26,110.1
4497,1,1,1,101,101,ILE,8.38,125.25
4497,1,1,1,102,102,LEU,8.16,131.88
4497,1,1,1,103,103,ASN,9.58,128.49
4497,1,1,1,104,104,VAL,8.83,126.77
4497,1,1,1,105,105,SER,9.06,120.6
4497,1,1,1,106,106,ALA,9.08,124.83
4497,1,1,1,107,107,VAL,8.72,121.13
4497,1,1,1,108,108,ASP,8.78,128.26
4497,1,1,1,109,109,LYS,8.89,127.58
4497,1,1,1,11,11,ASP,8.55,122.32
4497,1,1,1,110,110,SER,9.06,115.48
4497,1,1,1,111,111,THR,7.54,110.41
4497,1,1,1,112,112,GLY,8.95,113.73
4497,1,1,1,113,113,LYS,8.17,124.27
4497,1,1,1,114,114,GLU,8.31,122.29
4497,1,1,1,115,115,ASN,8.83,120.01
4497,1,1,1,116,116,LYS,8.0,120.33
4497,1,1,1,117,117,ILE,8.45,117.09
4497,1,1,1,118,118,THR,8.31,122.3
4497,1,1,1,119,119,ILE,9.69,131.77
4497,1,1,1,12,12,VAL,7.7,111.6
4497,1,1,1,120,120,THR,8.47,121.73
4497,1,1,1,121,121,ASN,8.39,121.88
4497,1,1,1,122,122,ASP,8.41,123.25
4497,1,1,1,123,123,LYS,8.55,124.45
4497,1,1,1,124,124,GLY,8.72,110.28
4497,1,1,1,125,125,ARG,7.7,121.53
4497,1,1,1,126,126,LEU,8.02,120.73
4497,1,1,1,127,127,SER,9.25,120.6
4497,1,1,1,128,128,LYS,9.01,123.26
4497,1,1,1,129,129,GLU,8.76,119.74
4497,1,1,1,13,13,THR,8.89,115.93
4497,1,1,1,130,130,ASP,8.08,123.04
4497,1,1,1,131,131,ILE,8.19,122.13
4497,1,1,1,132,132,GLU,8.24,119.38
4497,1,1,1,133,133,ARG,8.1,120.74
4497,1,1,1,134,134,MET,8.24,120.93
4497,1,1,1,135,135,VAL,8.63,122.88
4497,1,1,1,136,136,GLN,8.45,120.95
4497,1,1,1,137,137,GLU,8.82,122.48
4497,1,1,1,138,138,ALA,7.8,120.94
4497,1,1,1,139,139,GLU,7.68,118.42
4497,1,1,1,140,140,LYS,8.08,122.48
4497,1,1,1,141,141,TYR,7.73,116.67
4497,1,1,1,142,142,LYS,7.22,123.44
4497,1,1,1,143,143,ALA,8.67,121.54
4497,1,1,1,144,144,GLU,8.42,121.3
4497,1,1,1,145,145,ASP,9.0,123.83
4497,1,1,1,146,146,GLU,8.49,121.29
4497,1,1,1,147,147,LYS,7.58,119.02
4497,1,1,1,148,148,GLN,7.81,118.59
4497,1,1,1,149,149,ARG,8.13,120.81
4497,1,1,1,15,15,LEU,7.33,115.17
4497,1,1,1,150,150,ASP,8.1,119.38
4497,1,1,1,151,151,LYS,7.48,118.82
4497,1,1,1,152,152,VAL,7.57,120.14
4497,1,1,1,153,153,SER,8.04,130.24
4497,1,1,1,154,154,SER,8.23,125.02
4497,1,1,1,155,155,LYS,8.08,123.64
4497,1,1,1,156,156,ASN,8.77,119.19
4497,1,1,1,157,157,SER,8.56,116.27
4497,1,1,1,158,158,LEU,9.15,123.46
4497,1,1,1,159,159,GLU,8.67,123.29
4497,1,1,1,16,16,SER,11.68,125.86
4497,1,1,1,160,160,HIS,8.75,120.97
4497,1,1,1,161,161,HIS,7.99,126.98
4497,1,1,1,17,17,LEU,8.67,122.71
4497,1,1,1,18,18,GLY,9.38,113.35
4497,1,1,1,19,19,ILE,8.6,114.17
4497,1,1,1,2,2,GLU,8.7,123.55
4497,1,1,1,20,20,GLU,7.57,120.84
4497,1,1,1,21,21,THR,9.7,123.23
4497,1,1,1,22,22,ALA,8.26,120.81
4497,1,1,1,23,23,GLY,8.25,108.41
4497,1,1,1,24,24,GLY,8.22,108.58
4497,1,1,1,25,25,VAL,7.21,125.35
4497,1,1,1,26,26,MET,8.68,126.42
4497,1,1,1,27,27,THR,9.13,131.94
4497,1,1,1,28,28,VAL,8.81,129.85
4497,1,1,1,29,29,LEU,9.04,129.61
4497,1,1,1,3,3,ASN,8.51,120.89
4497,1,1,1,30,30,ILE,7.64,117.21
4497,1,1,1,31,31,LYS,9.04,131.7
4497,1,1,1,32,32,ARG,8.09,126.27
4497,1,1,1,33,33,ASN,9.05,121.34
4497,1,1,1,34,34,THR,8.03,119.21
4497,1,1,1,35,35,THR,8.59,123.68
4497,1,1,1,36,36,ILE,7.84,120.43
4497,1,1,1,38,38,THR,8.61,116.32
4497,1,1,1,39,39,LYS,7.83,125.56
4497,1,1,1,4,4,VAL,8.2,122.1
4497,1,1,1,40,40,GLN,9.16,125.19
4497,1,1,1,41,41,THR,8.64,122.46
4497,1,1,1,42,42,GLN,9.16,126.39
4497,1,1,1,43,43,THR,8.51,120.33
4497,1,1,1,44,44,PHE,9.76,128.52
4497,1,1,1,45,45,THR,8.72,115.34
4497,1,1,1,46,46,THR,8.85,111.65
4497,1,1,1,47,47,TYR,8.24,123.27
4497,1,1,1,48,48,SER,8.62,114.5
4497,1,1,1,49,49,ASP,8.77,123.53
4497,1,1,1,5,5,GLN,8.49,124.42
4497,1,1,1,50,50,ASN,9.11,117.61
4497,1,1,1,51,51,GLN,7.7,125.19
4497,1,1,1,53,53,GLY,6.83,107.16
4497,1,1,1,54,54,VAL,8.67,110.22
4497,1,1,1,55,55,LEU,8.43,125.23
4497,1,1,1,56,56,ILE,9.09,131.27
4497,1,1,1,57,57,GLN,9.21,127.98
4497,1,1,1,58,58,VAL,8.86,125.02
4497,1,1,1,59,59,TYR,9.2,128.88
4497,1,1,1,6,6,ASP,8.29,122.66
4497,1,1,1,60,60,GLU,9.19,119.92
4497,1,1,1,61,61,GLY,8.88,113.85
4497,1,1,1,62,62,GLU,8.41,112.44
4497,1,1,1,63,63,ARG,8.54,120.2
4497,1,1,1,64,64,ALA,7.46,123.42
4497,1,1,1,65,65,MET,8.75,115.91
4497,1,1,1,66,66,THR,8.3,115.84
4497,1,1,1,67,67,LYS,8.34,119.99
4497,1,1,1,68,68,ASP,7.4,119.18
4497,1,1,1,69,69,ASN,7.87,121.69
4497,1,1,1,7,7,LEU,8.1,123.4
4497,1,1,1,70,70,ASN,8.77,117.6
4497,1,1,1,71,71,LEU,8.83,130.78
4497,1,1,1,72,72,LEU,9.44,128.17
4497,1,1,1,73,73,GLY,7.24,129.83
4497,1,1,1,74,74,LYS,8.63,117.8
4497,1,1,1,75,75,PHE,8.87,116.64
4497,1,1,1,76,76,GLU,9.06,120.6
4497,1,1,1,77,77,LEU,8.49,126.49
4497,1,1,1,78,78,THR,8.36,118.04
4497,1,1,1,79,79,GLY,8.28,108.41
4497,1,1,1,8,8,LEU,8.18,123.25
4497,1,1,1,80,80,ILE,7.93,124.45
4497,1,1,1,83,83,ALA,8.02,128.88
4497,1,1,1,85,85,ARG,9.3,122.36
4497,1,1,1,86,86,GLY,7.41,110.35
4497,1,1,1,87,87,VAL,7.64,120.49
4497,1,1,1,89,89,GLN,9.25,124.47
4497,1,1,1,9,9,LEU,8.09,123.83
4497,1,1,1,90,90,ILE,9.28,126.59
4497,1,1,1,91,91,GLU,9.43,130.24
4497,1,1,1,92,92,VAL,9.6,132.04
4497,1,1,1,93,93,THR,9.25,124.4
4497,1,1,1,94,94,PHE,9.63,129.89
4497,1,1,1,95,95,ASP,8.89,125.81
4497,1,1,1,96,96,ILE,9.33,127.28
4497,1,1,1,97,97,ASP,8.29,130.24
4497,1,1,1,98,98,ALA,8.51,118.58
4497,1,1,1,99,99,ASN,8.23,115.11
4498,1,1,1,10,10,LYS,8.22,117.9
4498,1,1,1,11,11,GLY,8.23,106.7
4498,1,1,1,12,12,HIS,6.89,112.6
4498,1,1,1,13,13,PHE,8.44,116.0
4498,1,1,1,14,14,ALA,8.97,124.6
4498,1,1,1,15,15,LYS,8.27,115.4
4498,1,1,1,16,16,ASN,7.94,115.2
4498,1,1,1,17,17,CYS,7.42,122.7
4498,1,1,1,19,19,GLU,8.41,122.5
4498,1,1,1,21,21,ALA,8.11,130.5
4498,1,1,1,23,23,ASN,8.36,121.7
4498,1,1,1,24,24,ASN,7.9,127.5
4498,1,1,1,25,25,ALA,8.18,123.4
4498,1,1,1,26,26,GLU,8.19,121.2
4498,1,1,1,28,28,LYS,8.49,121.2
4498,1,1,1,29,29,VAL,8.08,120.3
4498,1,1,1,3,3,SER,7.85,114.8
4498,1,1,1,31,31,GLY,7.44,107.1
4498,1,1,1,32,32,LEU,7.94,118.7
4498,1,1,1,33,33,CYS,8.34,131.5
4498,1,1,1,35,35,ARG,9.3,123.4
4498,1,1,1,36,36,CYS,8.65,116.1
4498,1,1,1,37,37,LYS,8.02,118.3
4498,1,1,1,38,38,ARG,8.89,117.3
4498,1,1,1,39,39,GLY,7.03,103.7
4498,1,1,1,4,4,CYS,8.25,126.0
4498,1,1,1,40,40,LYS,8.54,120.9
4498,1,1,1,41,41,HIS,6.92,117.5
4498,1,1,1,42,42,TRP,8.58,120.1
4498,1,1,1,43,43,ALA,9.49,125.8
4498,1,1,1,44,44,ASN,8.54,111.6
4498,1,1,1,45,45,GLU,7.81,117.7
4498,1,1,1,46,46,CYS,7.36,122.9
4498,1,1,1,47,47,LYS,8.62,128.1
4498,1,1,1,48,48,SER,8.46,119.1
4498,1,1,1,5,5,PHE,8.27,127.7
4498,1,1,1,50,50,THR,7.64,109.7
4498,1,1,1,51,51,ASP,8.68,120.4
4498,1,1,1,52,52,ASN,8.23,116.4
4498,1,1,1,53,53,GLN,8.17,118.5
4498,1,1,1,54,54,GLY,8.13,107.4
4498,1,1,1,55,55,ASN,8.44,120.1
4498,1,1,1,57,57,ILE,7.82,123.6
4498,1,1,1,6,6,LYS,9.14,123.7
4498,1,1,1,60,60,HIS,7.85,122.1
4498,1,1,1,61,61,HIS,7.76,121.6
4498,1,1,1,7,7,CYS,8.44,116.6
4498,1,1,1,8,8,GLY,7.95,113.0
4498,1,1,1,9,9,LYS,8.35,121.3
4510,1,1,1,10,10,ALA,7.13,119.4
4510,1,1,1,11,11,GLU,8.91,116.7
4510,1,1,1,12,12,GLY,9.29,107.1
4510,1,1,1,13,13,GLN,7.28,118.2
4510,1,1,1,15,15,CYS,7.92,115.5
4510,1,1,1,16,16,LYS,8.23,125.8
4510,1,1,1,17,17,PHE,7.97,118.0
4510,1,1,1,19,19,PHE,8.71,114.9
4510,1,1,1,2,2,ALA,8.75,128.4
4510,1,1,1,20,20,ARG,8.35,120.7
4510,1,1,1,21,21,PHE,9.36,123.0
4510,1,1,1,22,22,GLN,11.72,133.3
4510,1,1,1,23,23,GLY,8.98,103.7
4510,1,1,1,24,24,THR,7.97,118.7
4510,1,1,1,25,25,SER,8.38,119.4
4510,1,1,1,26,26,TYR,9.11,126.2
4510,1,1,1,27,27,ASP,8.45,119.6
4510,1,1,1,28,28,SER,7.56,111.1
4510,1,1,1,29,29,CYS,8.48,114.9
4510,1,1,1,3,3,LEU,8.6,124.9
4510,1,1,1,30,30,THR,8.83,116.4
4510,1,1,1,31,31,THR,8.13,113.3
4510,1,1,1,32,32,GLU,8.76,124.9
4510,1,1,1,33,33,GLY,9.03,109.5
4510,1,1,1,34,34,ARG,8.0,116.7
4510,1,1,1,35,35,THR,8.98,109.8
4510,1,1,1,36,36,ASP,7.68,118.9
4510,1,1,1,37,37,GLY,8.35,107.4
4510,1,1,1,38,38,TYR,7.72,120.0
4510,1,1,1,39,39,ARG,8.51,120.1
4510,1,1,1,4,4,PHE,7.86,120.9
4510,1,1,1,40,40,TRP,9.84,123.3
4510,1,1,1,41,41,CYS,8.93,111.1
4510,1,1,1,42,42,GLY,3.62,104.1
4510,1,1,1,43,43,THR,7.81,109.9
4510,1,1,1,44,44,THR,7.8,111.8
4510,1,1,1,45,45,GLU,9.0,112.4
4510,1,1,1,46,46,ASP,7.96,120.4
4510,1,1,1,47,47,TYR,9.12,127.2
4510,1,1,1,48,48,ASP,7.86,119.9
4510,1,1,1,49,49,ARG,7.64,117.2
4510,1,1,1,5,5,THR,6.7,108.4
4510,1,1,1,50,50,ASP,8.24,115.7
4510,1,1,1,51,51,LYS,9.02,115.6
4510,1,1,1,52,52,LYS,7.93,118.6
4510,1,1,1,53,53,TYR,9.72,124.1
4510,1,1,1,54,54,GLY,8.06,103.7
4510,1,1,1,55,55,PHE,8.82,115.6
4510,1,1,1,56,56,CYS,8.71,119.9
4510,1,1,1,58,58,GLU,8.78,121.1
4510,1,1,1,59,59,THR,8.09,113.8
4510,1,1,1,6,6,MET,8.58,115.4
4510,1,1,1,60,60,ALA,8.02,131.3
4510,1,1,1,7,7,GLY,8.58,107.7
4510,1,1,1,8,8,GLY,8.6,107.6
4510,1,1,1,9,9,ASN,7.58,120.3
4514,1,1,1,10,10,GLU,7.78,117.8
4514,1,1,1,11,11,PHE,9.37,122.8
4514,1,1,1,12,12,ALA,7.4,129.2
4514,1,1,1,13,13,CYS,8.42,123.9
4514,1,1,1,14,14,ALA,9.16,128.8
4514,1,1,1,15,15,ASN,7.49,115.6
4514,1,1,1,16,16,SER,7.66,109.3
4514,1,1,1,17,17,ARG,7.41,120.3
4514,1,1,1,18,18,CYS,8.38,119.7
4514,1,1,1,19,19,ILE,8.72,115.2
4514,1,1,1,2,2,SER,8.29,118.4
4514,1,1,1,20,20,GLN,7.99,120.0
4514,1,1,1,21,21,GLU,8.15,121.4
4514,1,1,1,22,22,ARG,7.98,115.8
4514,1,1,1,23,23,TRP,7.27,117.2
4514,1,1,1,24,24,LYS,7.92,126.2
4514,1,1,1,25,25,CYS,8.97,122.6
4514,1,1,1,26,26,ASP,9.99,122.0
4514,1,1,1,27,27,GLY,9.39,111.0
4514,1,1,1,28,28,ASP,7.75,117.1
4514,1,1,1,29,29,ASN,9.18,124.6
4514,1,1,1,30,30,ASP,9.45,124.9
4514,1,1,1,31,31,CYS,8.75,117.5
4514,1,1,1,32,32,LEU,8.56,117.0
4514,1,1,1,33,33,ASP,7.34,117.9
4514,1,1,1,34,34,ASN,8.66,116.4
4514,1,1,1,35,35,SER,9.01,117.3
4514,1,1,1,36,36,ASP,9.94,114.7
4514,1,1,1,37,37,GLU,7.16,115.1
4514,1,1,1,38,38,ALA,6.66,125.3
4514,1,1,1,40,40,ALA,8.26,116.3
4514,1,1,1,41,41,LEU,7.11,116.4
4514,1,1,1,42,42,CYS,7.77,114.3
4514,1,1,1,43,43,HIS,8.36,121.6
4514,1,1,1,44,44,GLN,8.37,120.5
4514,1,1,1,45,45,HIS,8.07,123.7
4514,1,1,1,5,5,GLN,8.36,120.1
4514,1,1,1,6,6,CYS,8.22,118.0
4514,1,1,1,7,7,GLN,8.65,120.0
4514,1,1,1,9,9,GLY,8.75,111.3
4516,1,1,1,10,10,GLU,7.65,126.3
4516,1,1,1,11,11,LEU,8.78,125.9
4516,1,1,1,12,12,ALA,8.47,126.3
4516,1,1,1,13,13,LYS,8.57,120.0
4516,1,1,1,14,14,ASN,8.05,117.5
4516,1,1,1,15,15,ASP,9.32,126.9
4516,1,1,1,16,16,ASN,9.06,110.0
4516,1,1,1,17,17,SER,7.97,113.1
4516,1,1,1,19,19,GLY,9.3,107.2
4516,1,1,1,2,2,LYS,9.07,123.7
4516,1,1,1,20,20,ILE,7.84,117.5
4516,1,1,1,21,21,SER,8.82,117.8
4516,1,1,1,22,22,VAL,9.36,116.3
4516,1,1,1,23,23,THR,9.18,115.6
4516,1,1,1,24,24,GLY,8.84,111.5
4516,1,1,1,25,25,GLY,6.76,105.0
4516,1,1,1,26,26,VAL,8.5,116.9
4516,1,1,1,27,27,ASN,9.1,116.3
4516,1,1,1,28,28,THR,7.66,111.6
4516,1,1,1,29,29,SER,8.67,113.7
4516,1,1,1,30,30,VAL,7.58,118.7
4516,1,1,1,31,31,ARG,8.61,125.9
4516,1,1,1,33,33,GLY,8.51,109.1
4516,1,1,1,34,34,GLY,7.66,104.7
4516,1,1,1,35,35,ILE,8.35,118.7
4516,1,1,1,36,36,TYR,9.1,123.5
4516,1,1,1,37,37,VAL,9.12,120.0
4516,1,1,1,38,38,LYS,9.62,135.6
4516,1,1,1,39,39,ALA,7.51,117.2
4516,1,1,1,4,4,GLY,9.03,113.4
4516,1,1,1,40,40,VAL,8.73,120.9
4516,1,1,1,41,41,ILE,7.77,129.4
4516,1,1,1,43,43,GLN,9.34,116.8
4516,1,1,1,44,44,GLY,7.7,105.9
4516,1,1,1,45,45,ALA,9.09,121.6
4516,1,1,1,46,46,ALA,8.02,120.0
4516,1,1,1,47,47,GLU,9.61,125.0
4516,1,1,1,48,48,SER,7.95,113.7
4516,1,1,1,49,49,ASP,7.65,120.0
4516,1,1,1,5,5,ASP,8.4,121.6
4516,1,1,1,50,50,GLY,7.37,103.1
4516,1,1,1,51,51,ARG,7.95,117.4
4516,1,1,1,52,52,ILE,8.37,120.9
4516,1,1,1,53,53,HIS,9.09,123.4
4516,1,1,1,54,54,LYS,8.65,120.6
4516,1,1,1,55,55,GLY,9.29,115.0
4516,1,1,1,56,56,ASP,8.02,121.9
4516,1,1,1,57,57,ARG,8.97,122.8
4516,1,1,1,58,58,VAL,8.94,126.5
4516,1,1,1,59,59,LEU,9.25,127.2
4516,1,1,1,6,6,ILE,8.37,121.6
4516,1,1,1,60,60,ALA,7.69,118.7
4516,1,1,1,61,61,VAL,8.35,119.7
4516,1,1,1,62,62,ASN,10.33,129.1
4516,1,1,1,63,63,GLY,9.04,103.4
4516,1,1,1,64,64,VAL,8.01,123.7
4516,1,1,1,65,65,SER,8.68,120.9
4516,1,1,1,67,67,GLU,8.23,122.8
4516,1,1,1,68,68,GLY,9.17,116.0
4516,1,1,1,69,69,ALA,7.94,122.5
4516,1,1,1,7,7,PHE,9.51,125.9
4516,1,1,1,70,70,THR,8.33,112.5
4516,1,1,1,71,71,HIS,9.18,121.3
4516,1,1,1,72,72,LYS,8.77,115.6
4516,1,1,1,73,73,GLN,7.59,117.2
4516,1,1,1,74,74,ALA,8.54,123.1
4516,1,1,1,75,75,VAL,8.3,118.4
4516,1,1,1,76,76,GLU,8.23,119.4
4516,1,1,1,77,77,THR,7.98,116.3
4516,1,1,1,78,78,LEU,8.02,119.9
4516,1,1,1,79,79,ARG,8.56,118.7
4516,1,1,1,8,8,GLU,8.54,119.4
4516,1,1,1,80,80,ASN,8.01,120.6
4516,1,1,1,81,81,THR,7.55,110.3
4516,1,1,1,82,82,GLY,8.36,109.3
4516,1,1,1,83,83,GLN,8.16,116.2
4516,1,1,1,84,84,VAL,7.72,116.2
4516,1,1,1,85,85,VAL,9.01,128.4
4516,1,1,1,86,86,HIS,8.74,126.7
4516,1,1,1,87,87,LEU,9.02,126.6
4516,1,1,1,88,88,LEU,7.96,124.7
4516,1,1,1,89,89,LEU,8.93,127.5
4516,1,1,1,9,9,VAL,8.57,120.0
4516,1,1,1,90,90,GLU,8.84,119.1
4516,1,1,1,91,91,LYS,9.35,129.1
4516,1,1,1,92,92,GLY,9.63,117.5
4516,1,1,1,93,93,GLN,8.29,116.9
4516,1,1,1,94,94,SER,8.41,118.4
4516,1,1,1,96,96,THR,7.75,119.1
4519,1,1,1,100,100,ASN,8.5,115.8
4519,1,1,1,101,101,LYS,7.771,118.946
4519,1,1,1,102,102,ALA,8.352,120.237
4519,1,1,1,103,103,ASP,8.941,119.764
4519,1,1,1,104,104,VAL,8.98,122.179
4519,1,1,1,105,105,ILE,9.283,127.634
4519,1,1,1,106,106,LEU,7.495,114.215
4519,1,1,1,107,107,LYS,8.527,122.245
4519,1,1,1,108,108,TYR,8.808,128.549
4519,1,1,1,109,109,ASN,9.334,121.377
4519,1,1,1,11,11,THR,8.033,115.155
4519,1,1,1,110,110,ALA,9.027,121.929
4519,1,1,1,111,111,ASP,8.267,117.107
4519,1,1,1,112,112,GLU,8.378,122.113
4519,1,1,1,113,113,ALA,8.851,121.589
4519,1,1,1,114,114,ARG,8.237,117.501
4519,1,1,1,115,115,SER,8.051,119.037
4519,1,1,1,116,116,LEU,8.551,121.487
4519,1,1,1,117,117,LYS,7.855,119.179
4519,1,1,1,118,118,ALA,8.056,125.383
4519,1,1,1,119,119,TYR,8.138,114.581
4519,1,1,1,12,12,ASP,8.376,124.691
4519,1,1,1,120,120,GLY,8.004,108.424
4519,1,1,1,121,121,GLU,7.965,118.03
4519,1,1,1,122,122,LEU,6.277,113.504
4519,1,1,1,124,124,GLU,8.657,119.65
4519,1,1,1,125,125,HIS,7.29,111.007
4519,1,1,1,126,126,ALA,7.207,124.153
4519,1,1,1,127,127,LYS,9.238,127.367
4519,1,1,1,128,128,ILE,8.289,124.286
4519,1,1,1,129,129,ASN,9.12,125.552
4519,1,1,1,130,130,GLU,8.637,122.659
4519,1,1,1,131,131,THR,7.984,113.51
4519,1,1,1,132,132,ASP,8.462,123.048
4519,1,1,1,133,133,THR,8.104,114.4
4519,1,1,1,134,134,PHE,8.336,122.198
4519,1,1,1,135,135,GLY,8.051,110.302
4519,1,1,1,137,137,GLY,8.509,109.589
4519,1,1,1,138,138,ASP,8.211,120.706
4519,1,1,1,14,14,MET,8.42,121.594
4519,1,1,1,141,141,GLU,8.283,120.648
4519,1,1,1,142,142,ILE,8.085,122.158
4519,1,1,1,143,143,GLN,8.315,124.395
4519,1,1,1,144,144,PHE,8.316,122.015
4519,1,1,1,145,145,ASP,8.371,121.339
4519,1,1,1,147,147,ILE,8.06,120.627
4519,1,1,1,148,148,GLY,8.469,112.351
4519,1,1,1,149,149,ASP,8.295,120.876
4519,1,1,1,152,152,GLU,8.31,120.664
4519,1,1,1,153,153,ASP,8.455,122.049
4519,1,1,1,154,154,ILE,8.032,120.643
4519,1,1,1,155,155,ASP,8.363,123.932
4519,1,1,1,156,156,ASP,8.265,121.433
4519,1,1,1,157,157,ILE,7.601,124.783
4519,1,1,1,21,21,GLY,8.462,109.579
4519,1,1,1,22,22,GLY,8.283,108.839
4519,1,1,1,28,28,GLY,8.495,109.983
4519,1,1,1,3,3,GLY,8.613,110.762
4519,1,1,1,30,30,ASN,8.608,119.519
4519,1,1,1,31,31,GLU,8.473,121.521
4519,1,1,1,32,32,ASN,8.481,118.836
4519,1,1,1,33,33,GLU,8.363,121.586
4519,1,1,1,34,34,SER,8.324,116.505
4519,1,1,1,35,35,GLU,8.362,122.556
4519,1,1,1,36,36,LYS,8.259,122.707
4519,1,1,1,37,37,ARG,8.367,122.311
4519,1,1,1,38,38,GLU,8.543,123.509
4519,1,1,1,39,39,LEU,8.266,125.768
4519,1,1,1,4,4,SER,8.239,115.132
4519,1,1,1,40,40,VAL,8.108,128.321
4519,1,1,1,41,41,PHE,8.45,127.28
4519,1,1,1,42,42,LYS,8.394,118.485
4519,1,1,1,43,43,GLU,8.105,122.921
4519,1,1,1,44,44,ASP,8.301,119.264
4519,1,1,1,45,45,GLY,8.879,111.313
4519,1,1,1,46,46,GLN,7.992,118.386
4519,1,1,1,47,47,GLU,8.814,116.794
4519,1,1,1,48,48,TYR,9.564,124.019
4519,1,1,1,49,49,ALA,9.693,123.801
4519,1,1,1,50,50,GLN,8.514,119.876
4519,1,1,1,51,51,VAL,9.086,127.398
4519,1,1,1,52,52,ILE,9.348,128.519
4519,1,1,1,53,53,LYS,7.568,117.355
4519,1,1,1,54,54,MET,8.976,124.31
4519,1,1,1,55,55,LEU,8.032,122.746
4519,1,1,1,56,56,GLY,8.04,108.365
4519,1,1,1,58,58,GLY,8.651,104.702
4519,1,1,1,59,59,ARG,7.356,117.562
4519,1,1,1,60,60,LEU,8.871,117.683
4519,1,1,1,61,61,GLU,9.194,121.251
4519,1,1,1,62,62,ALA,9.006,127.05
4519,1,1,1,63,63,MET,8.856,122.445
4519,1,1,1,64,64,CYS,8.238,126.893
4519,1,1,1,65,65,PHE,9.088,120.344
4519,1,1,1,66,66,ASP,8.313,116.476
4519,1,1,1,67,67,GLY,8.427,107.962
4519,1,1,1,68,68,VAL,7.056,121.503
4519,1,1,1,69,69,LYS,8.706,130.486
4519,1,1,1,70,70,ARG,8.867,122.336
4519,1,1,1,71,71,LEU,8.326,125.866
4519,1,1,1,72,72,CYS,9.405,122.405
4519,1,1,1,73,73,HIS,8.598,121.473
4519,1,1,1,74,74,ILE,8.964,126.382
4519,1,1,1,75,75,ARG,8.7,127.14
4519,1,1,1,76,76,GLY,8.831,110.075
4519,1,1,1,78,78,LEU,7.718,119.527
4519,1,1,1,79,79,ARG,7.702,117.926
4519,1,1,1,80,80,LYS,7.753,115.773
4519,1,1,1,81,81,LYS,7.775,117.623
4519,1,1,1,82,82,VAL,7.716,118.27
4519,1,1,1,83,83,TRP,8.533,127.131
4519,1,1,1,84,84,ILE,7.873,125.202
4519,1,1,1,85,85,ASN,9.239,125.416
4519,1,1,1,86,86,THR,8.401,114.316
4519,1,1,1,87,87,SER,8.757,116.735
4519,1,1,1,88,88,ASP,8.054,123.688
4519,1,1,1,89,89,ILE,9.547,122.4
4519,1,1,1,90,90,ILE,9.257,118.591
4519,1,1,1,91,91,LEU,8.575,122.605
4519,1,1,1,92,92,VAL,9.34,119.152
4519,1,1,1,93,93,GLY,9.76,109.002
4519,1,1,1,94,94,LEU,8.477,124.942
4519,1,1,1,95,95,ARG,8.685,120.45
4519,1,1,1,97,97,TYR,8.068,117.848
4519,1,1,1,98,98,GLN,8.155,119.9
4524,1,1,1,10,10,ASN,8.0,115.5
4524,1,1,1,11,11,ASP,7.33,116.1
4524,1,1,1,12,12,ASP,8.69,118.2
4524,1,1,1,13,13,GLY,10.19,112.3
4524,1,1,1,14,14,LYS,7.78,117.7
4524,1,1,1,15,15,VAL,8.87,126.3
4524,1,1,1,16,16,ASN,9.95,126.3
4524,1,1,1,17,17,SER,7.52,115.7
4524,1,1,1,18,18,THR,7.92,113.1
4524,1,1,1,19,19,ASP,7.88,120.1
4524,1,1,1,20,20,ALA,7.02,119.8
4524,1,1,1,21,21,VAL,7.71,119.7
4524,1,1,1,22,22,ALA,7.82,121.7
4524,1,1,1,23,23,LEU,8.43,117.4
4524,1,1,1,24,24,LYS,8.17,120.2
4524,1,1,1,25,25,ARG,7.95,116.5
4524,1,1,1,26,26,TYR,8.23,120.9
4524,1,1,1,27,27,VAL,8.65,119.6
4524,1,1,1,28,28,LEU,7.78,119.0
4524,1,1,1,29,29,ARG,7.88,115.5
4524,1,1,1,31,31,GLY,8.34,109.3
4524,1,1,1,32,32,ILE,7.24,118.2
4524,1,1,1,33,33,SER,8.1,119.8
4524,1,1,1,34,34,ILE,7.6,116.1
4524,1,1,1,35,35,ASN,8.7,118.5
4524,1,1,1,36,36,THR,7.77,116.1
4524,1,1,1,37,37,ASP,7.84,122.9
4524,1,1,1,38,38,ASN,7.14,115.5
4524,1,1,1,39,39,ALA,7.09,119.5
4524,1,1,1,4,4,LYS,8.01,124.3
4524,1,1,1,40,40,ASP,6.93,114.8
4524,1,1,1,41,41,LEU,8.49,123.4
4524,1,1,1,42,42,ASN,7.97,112.7
4524,1,1,1,43,43,GLU,7.52,115.6
4524,1,1,1,44,44,ASP,8.39,117.4
4524,1,1,1,45,45,GLY,10.04,112.3
4524,1,1,1,46,46,ARG,7.92,117.9
4524,1,1,1,47,47,VAL,8.85,126.3
4524,1,1,1,48,48,ASN,9.94,126.6
4524,1,1,1,49,49,SER,7.99,112.8
4524,1,1,1,5,5,LEU,7.59,126.9
4524,1,1,1,50,50,THR,8.03,121.5
4524,1,1,1,51,51,ASP,7.48,120.1
4524,1,1,1,52,52,LEU,7.06,118.0
4524,1,1,1,53,53,GLY,7.97,105.7
4524,1,1,1,54,54,ILE,7.63,121.7
4524,1,1,1,55,55,LEU,8.22,120.8
4524,1,1,1,56,56,LYS,8.28,116.8
4524,1,1,1,57,57,ARG,7.47,116.5
4524,1,1,1,58,58,TYR,8.48,122.0
4524,1,1,1,59,59,ILE,8.64,122.1
4524,1,1,1,6,6,TYR,7.53,122.4
4524,1,1,1,60,60,LEU,7.5,118.4
4524,1,1,1,61,61,LYS,7.7,113.2
4524,1,1,1,62,62,GLU,8.36,117.5
4524,1,1,1,63,63,ILE,6.82,112.1
4524,1,1,1,64,64,ASP,8.36,119.6
4524,1,1,1,65,65,THR,7.32,113.0
4524,1,1,1,66,66,LEU,7.65,120.6
4524,1,1,1,68,68,TYR,8.46,122.3
4524,1,1,1,7,7,GLY,8.76,108.4
4524,1,1,1,8,8,ASP,7.86,117.9
4524,1,1,1,9,9,VAL,8.14,120.4
4527,1,1,1,10,10,ASP,7.86,124.3
4527,1,1,1,100,100,ASP,8.44,120.0
4527,1,1,1,101,101,TYR,8.45,128.4
4527,1,1,1,102,102,LEU,9.03,124.0
4527,1,1,1,106,106,PHE,7.61,116.8
4527,1,1,1,107,107,ASP,9.16,122.2
4527,1,1,1,108,108,ILE,9.04,128.0
4527,1,1,1,109,109,ASP,8.14,120.2
4527,1,1,1,11,11,ASP,9.19,126.7
4527,1,1,1,110,110,GLU,8.16,121.9
4527,1,1,1,111,111,ALA,8.06,122.3
4527,1,1,1,112,112,VAL,8.13,116.5
4527,1,1,1,113,113,ALA,7.79,119.8
4527,1,1,1,114,114,LEU,7.95,120.8
4527,1,1,1,115,115,VAL,7.92,119.5
4527,1,1,1,116,116,GLU,8.57,117.4
4527,1,1,1,117,117,ARG,8.13,120.3
4527,1,1,1,118,118,ALA,8.09,122.4
4527,1,1,1,119,119,ILE,7.88,115.5
4527,1,1,1,12,12,ASP,9.72,121.7
4527,1,1,1,120,120,SER,7.96,114.8
4527,1,1,1,121,121,HIS,8.05,119.8
4527,1,1,1,122,122,TYR,7.86,118.4
4527,1,1,1,123,123,GLN,7.98,121.4
4527,1,1,1,124,124,GLU,7.99,127.5
4527,1,1,1,13,13,SER,9.03,123.8
4527,1,1,1,14,14,SER,8.63,119.2
4527,1,1,1,15,15,ILE,7.28,123.7
4527,1,1,1,16,16,ARG,7.64,116.5
4527,1,1,1,17,17,TRP,8.11,116.8
4527,1,1,1,18,18,VAL,8.23,116.9
4527,1,1,1,19,19,LEU,8.15,120.1
4527,1,1,1,20,20,GLU,8.5,120.2
4527,1,1,1,21,21,ARG,7.71,116.1
4527,1,1,1,22,22,ALA,8.05,122.4
4527,1,1,1,23,23,LEU,8.96,118.1
4527,1,1,1,24,24,ALA,8.23,122.1
4527,1,1,1,25,25,GLY,7.98,107.0
4527,1,1,1,26,26,ALA,7.38,121.8
4527,1,1,1,27,27,GLY,7.93,106.3
4527,1,1,1,28,28,LEU,7.77,120.2
4527,1,1,1,29,29,THR,8.68,118.1
4527,1,1,1,3,3,ARG,8.58,121.6
4527,1,1,1,30,30,CYS,9.15,128.7
4527,1,1,1,31,31,THR,8.68,126.6
4527,1,1,1,32,32,THR,8.45,116.4
4527,1,1,1,33,33,PHE,8.99,118.0
4527,1,1,1,34,34,GLU,9.13,118.3
4527,1,1,1,35,35,ASN,7.49,109.7
4527,1,1,1,36,36,GLY,9.02,106.6
4527,1,1,1,37,37,ASN,8.47,120.6
4527,1,1,1,38,38,GLU,8.13,119.4
4527,1,1,1,39,39,VAL,6.99,119.4
4527,1,1,1,4,4,GLY,8.14,108.2
4527,1,1,1,40,40,LEU,7.84,119.8
4527,1,1,1,41,41,ALA,7.68,120.1
4527,1,1,1,42,42,ALA,7.68,122.8
4527,1,1,1,43,43,LEU,8.41,119.2
4527,1,1,1,44,44,ALA,7.39,119.1
4527,1,1,1,45,45,SER,7.8,108.5
4527,1,1,1,46,46,LYS,8.18,123.2
4527,1,1,1,47,47,THR,7.84,111.9
4527,1,1,1,49,49,ASP,8.62,115.0
4527,1,1,1,5,5,ILE,9.69,122.7
4527,1,1,1,50,50,VAL,7.25,111.8
4527,1,1,1,51,51,LEU,8.16,128.2
4527,1,1,1,52,52,LEU,9.36,128.4
4527,1,1,1,53,53,SER,8.81,114.8
4527,1,1,1,54,54,ASP,7.95,128.3
4527,1,1,1,56,56,ARG,10.05,120.5
4527,1,1,1,59,59,GLY,8.82,111.2
4527,1,1,1,6,6,VAL,9.18,127.6
4527,1,1,1,60,60,MET,7.92,124.3
4527,1,1,1,61,61,ASP,8.58,125.4
4527,1,1,1,62,62,GLY,8.81,110.5
4527,1,1,1,63,63,LEU,8.13,121.4
4527,1,1,1,64,64,ALA,7.97,122.9
4527,1,1,1,65,65,LEU,8.25,119.1
4527,1,1,1,66,66,LEU,7.7,118.8
4527,1,1,1,68,68,GLN,7.89,118.8
4527,1,1,1,69,69,ILE,8.61,120.4
4527,1,1,1,7,7,TRP,8.6,127.5
4527,1,1,1,70,70,LYS,8.31,117.9
4527,1,1,1,71,71,GLN,7.69,116.1
4527,1,1,1,72,72,ARG,7.43,116.3
4527,1,1,1,73,73,HIS,8.45,116.6
4527,1,1,1,75,75,MET,8.8,115.0
4527,1,1,1,76,76,LEU,7.43,125.6
4527,1,1,1,78,78,VAL,8.47,123.7
4527,1,1,1,79,79,ILE,9.4,128.2
4527,1,1,1,8,8,VAL,8.69,122.0
4527,1,1,1,80,80,ILE,8.02,128.6
4527,1,1,1,81,81,MET,8.94,127.4
4527,1,1,1,82,82,THR,7.71,112.8
4527,1,1,1,83,83,ALA,9.36,129.8
4527,1,1,1,85,85,SER,8.47,113.0
4527,1,1,1,86,86,ASP,7.69,120.7
4527,1,1,1,87,87,LEU,7.61,121.9
4527,1,1,1,88,88,ASP,8.45,117.6
4527,1,1,1,9,9,VAL,9.24,127.6
4527,1,1,1,90,90,ALA,8.0,121.9
4527,1,1,1,91,91,VAL,8.23,118.0
4527,1,1,1,92,92,SER,7.97,115.0
4527,1,1,1,96,96,GLN,7.97,114.9
4527,1,1,1,97,97,GLY,7.66,103.8
4527,1,1,1,99,99,PHE,8.28,118.6
4528,1,1,1,10,10,ASP,8.09,125.2
4528,1,1,1,100,100,ASP,7.74,110.6
4528,1,1,1,102,102,LEU,9.1,130.3
4528,1,1,1,104,104,LYS,7.98,119.0
4528,1,1,1,107,107,ASP,9.15,122.2
4528,1,1,1,108,108,ILE,9.07,128.5
4528,1,1,1,109,109,ASP,8.16,119.6
4528,1,1,1,11,11,ASP,9.07,122.2
4528,1,1,1,110,110,GLU,8.19,121.9
4528,1,1,1,111,111,ALA,8.01,122.4
4528,1,1,1,112,112,VAL,8.14,116.6
4528,1,1,1,113,113,ALA,7.82,120.1
4528,1,1,1,114,114,LEU,8.04,120.9
4528,1,1,1,115,115,VAL,7.95,119.6
4528,1,1,1,116,116,GLU,8.55,117.5
4528,1,1,1,117,117,ARG,8.23,120.6
4528,1,1,1,118,118,ALA,8.11,122.4
4528,1,1,1,119,119,ILE,7.88,115.8
4528,1,1,1,12,12,ASP,10.26,124.8
4528,1,1,1,120,120,SER,8.03,114.5
4528,1,1,1,121,121,HIS,8.12,119.7
4528,1,1,1,122,122,TYR,7.84,118.1
4528,1,1,1,123,123,GLN,7.95,121.2
4528,1,1,1,124,124,GLU,7.99,127.5
4528,1,1,1,13,13,SER,9.17,123.9
4528,1,1,1,14,14,SER,8.56,118.8
4528,1,1,1,15,15,ILE,7.08,122.7
4528,1,1,1,16,16,ARG,7.45,117.0
4528,1,1,1,17,17,TRP,8.03,117.0
4528,1,1,1,18,18,VAL,8.18,116.9
4528,1,1,1,19,19,LEU,8.14,119.4
4528,1,1,1,20,20,GLU,8.51,120.3
4528,1,1,1,21,21,ARG,7.67,116.1
4528,1,1,1,23,23,LEU,8.96,118.4
4528,1,1,1,24,24,ALA,8.36,122.2
4528,1,1,1,25,25,GLY,8.01,107.1
4528,1,1,1,26,26,ALA,7.39,121.8
4528,1,1,1,27,27,GLY,7.97,106.3
4528,1,1,1,28,28,LEU,7.72,120.1
4528,1,1,1,29,29,THR,8.71,118.3
4528,1,1,1,3,3,ARG,8.59,121.9
4528,1,1,1,30,30,CYS,9.19,128.7
4528,1,1,1,31,31,THR,8.57,126.5
4528,1,1,1,32,32,THR,8.45,116.1
4528,1,1,1,33,33,PHE,8.9,117.5
4528,1,1,1,34,34,GLU,9.2,118.3
4528,1,1,1,35,35,ASN,7.35,108.2
4528,1,1,1,36,36,GLY,9.52,104.9
4528,1,1,1,37,37,ASN,8.53,120.6
4528,1,1,1,38,38,GLU,8.21,119.3
4528,1,1,1,39,39,VAL,6.94,119.2
4528,1,1,1,4,4,GLY,8.24,108.6
4528,1,1,1,40,40,LEU,7.84,118.3
4528,1,1,1,41,41,ALA,7.78,120.1
4528,1,1,1,42,42,ALA,7.64,122.7
4528,1,1,1,43,43,LEU,8.4,119.4
4528,1,1,1,44,44,ALA,7.38,119.0
4528,1,1,1,45,45,SER,7.84,108.4
4528,1,1,1,46,46,LYS,8.17,123.1
4528,1,1,1,47,47,THR,7.86,111.7
4528,1,1,1,49,49,ASP,8.62,114.9
4528,1,1,1,5,5,ILE,9.69,122.7
4528,1,1,1,50,50,VAL,7.25,111.5
4528,1,1,1,51,51,LEU,8.14,127.6
4528,1,1,1,52,52,LEU,9.35,128.9
4528,1,1,1,53,53,SER,9.35,116.7
4528,1,1,1,54,54,ASP,8.35,126.8
4528,1,1,1,55,55,ILE,8.08,117.5
4528,1,1,1,56,56,ARG,10.05,120.5
4528,1,1,1,57,57,MET,7.63,130.2
4528,1,1,1,59,59,GLY,8.84,112.8
4528,1,1,1,6,6,VAL,9.23,127.2
4528,1,1,1,60,60,MET,7.89,124.3
4528,1,1,1,61,61,ASP,8.54,125.4
4528,1,1,1,62,62,GLY,10.34,105.0
4528,1,1,1,63,63,LEU,8.19,120.3
4528,1,1,1,64,64,ALA,8.4,126.4
4528,1,1,1,65,65,LEU,8.52,120.1
4528,1,1,1,66,66,LEU,8.25,120.8
4528,1,1,1,67,67,LYS,7.77,117.0
4528,1,1,1,68,68,GLN,7.79,116.9
4528,1,1,1,69,69,ILE,9.05,120.6
4528,1,1,1,7,7,TRP,8.63,127.5
4528,1,1,1,70,70,LYS,8.67,117.9
4528,1,1,1,71,71,GLN,7.38,115.0
4528,1,1,1,72,72,ARG,7.34,116.1
4528,1,1,1,73,73,HIS,8.94,116.9
4528,1,1,1,75,75,MET,8.78,114.7
4528,1,1,1,76,76,LEU,7.44,125.8
4528,1,1,1,78,78,VAL,8.53,122.8
4528,1,1,1,79,79,ILE,9.54,128.9
4528,1,1,1,8,8,VAL,8.76,122.5
4528,1,1,1,80,80,ILE,7.98,128.6
4528,1,1,1,81,81,MET,9.05,124.0
4528,1,1,1,82,82,THR,7.2,109.3
4528,1,1,1,88,88,ASP,8.24,117.8
4528,1,1,1,89,89,ALA,8.08,123.1
4528,1,1,1,9,9,VAL,9.19,126.5
4528,1,1,1,90,90,ALA,7.6,119.9
4528,1,1,1,91,91,VAL,8.07,117.1
4528,1,1,1,92,92,SER,8.07,115.3
4528,1,1,1,93,93,ALA,8.32,122.4
4528,1,1,1,95,95,GLN,8.78,120.5
4528,1,1,1,96,96,GLN,7.93,114.9
4528,1,1,1,97,97,GLY,7.62,103.8
4528,1,1,1,98,98,ALA,8.51,123.4
4528,1,1,1,99,99,PHE,9.61,123.7
4540,1,1,1,10,10,PHE,8.32,118.46
4540,1,1,1,11,11,LEU,7.18,115.2
4540,1,1,1,12,12,ASN,7.62,116.78
4540,1,1,1,13,13,ARG,9.05,127.06
4540,1,1,1,14,14,TRP,8.16,124.2
4540,1,1,1,16,16,ARG,9.05,127.06
4540,1,1,1,17,17,GLU,9.62,116.85
4540,1,1,1,18,18,VAL,7.33,118.47
4540,1,1,1,19,19,LEU,8.25,121.7
4540,1,1,1,20,20,ASP,8.92,118.22
4540,1,1,1,21,21,LEU,7.26,121.75
4540,1,1,1,22,22,VAL,8.7,118.11
4540,1,1,1,23,23,ARG,8.42,118.3
4540,1,1,1,24,24,LYS,7.97,120.04
4540,1,1,1,25,25,VAL,8.68,118.19
4540,1,1,1,26,26,ALA,8.66,124.27
4540,1,1,1,27,27,GLU,7.89,116.74
4540,1,1,1,28,28,GLU,8.33,121.47
4540,1,1,1,29,29,ASN,8.14,115.46
4540,1,1,1,3,3,GLY,8.66,110.86
4540,1,1,1,30,30,GLY,8.16,110.88
4540,1,1,1,31,31,ARG,8.59,117.88
4540,1,1,1,32,32,SER,8.5,114.49
4540,1,1,1,33,33,VAL,9.01,121.42
4540,1,1,1,34,34,ASN,8.55,116.91
4540,1,1,1,35,35,SER,8.2,114.41
4540,1,1,1,36,36,GLU,8.76,124.2
4540,1,1,1,37,37,ILE,8.37,117.93
4540,1,1,1,38,38,TYR,8.72,119.93
4540,1,1,1,39,39,GLN,8.6,117.33
4540,1,1,1,4,4,MET,8.38,120.11
4540,1,1,1,40,40,ARG,7.75,118.12
4540,1,1,1,41,41,VAL,8.59,121.44
4540,1,1,1,42,42,MET,8.95,121.99
4540,1,1,1,43,43,GLU,8.52,119.37
4540,1,1,1,44,44,SER,7.75,116.46
4540,1,1,1,45,45,PHE,7.61,121.46
4540,1,1,1,46,46,LYS,8.38,122.87
4540,1,1,1,47,47,LYS,8.5,120.98
4540,1,1,1,48,48,GLU,7.69,116.96
4540,1,1,1,49,49,GLY,8.14,108.01
4540,1,1,1,5,5,SER,8.55,118.36
4540,1,1,1,50,50,ARG,8.15,117.36
4540,1,1,1,51,51,ILE,7.63,117.09
4540,1,1,1,52,52,GLY,8.62,113.16
4540,1,1,1,53,53,ALA,8.25,123.35
4540,1,1,1,6,6,LYS,8.44,123.14
4540,1,1,1,60,60,LYS,8.66,123.36
4540,1,1,1,61,61,ASN,8.74,120.11
4540,1,1,1,62,62,GLN,8.42,120.18
4540,1,1,1,63,63,HIS,8.57,119.25
4540,1,1,1,64,64,GLU,8.31,127.55
4540,1,1,1,7,7,MET,8.54,123.15
4540,1,1,1,9,9,GLN,8.83,124.13
4553,1,1,1,10,10,VAL,9.06,125.0
4553,1,1,1,100,100,GLU,10.22,121.3
4553,1,1,1,101,101,LEU,7.37,119.9
4553,1,1,1,102,102,GLY,7.86,105.4
4553,1,1,1,103,103,ALA,7.53,125.6
4553,1,1,1,104,104,ARG,10.0,127.3
4553,1,1,1,106,106,ASP,8.2,115.2
4553,1,1,1,107,107,ALA,7.2,122.8
4553,1,1,1,108,108,THR,8.28,121.0
4553,1,1,1,109,109,LYS,8.4,129.7
4553,1,1,1,11,11,PHE,8.63,132.4
4553,1,1,1,110,110,VAL,8.84,125.5
4553,1,1,1,111,111,LEU,9.72,131.3
4553,1,1,1,112,112,ILE,9.06,125.7
4553,1,1,1,113,113,ILE,9.26,129.6
4553,1,1,1,114,114,ILE,9.09,128.7
4553,1,1,1,115,115,THR,9.35,121.2
4553,1,1,1,116,116,ASP,8.6,127.5
4553,1,1,1,117,117,GLY,8.3,115.1
4553,1,1,1,118,118,GLU,8.07,117.2
4553,1,1,1,119,119,ALA,8.56,123.6
4553,1,1,1,12,12,LEU,9.73,130.3
4553,1,1,1,120,120,THR,9.24,112.2
4553,1,1,1,121,121,ASP,8.39,124.4
4553,1,1,1,122,122,SER,7.45,110.3
4553,1,1,1,123,123,GLY,6.67,107.0
4553,1,1,1,124,124,ASN,8.65,120.9
4553,1,1,1,125,125,ILE,8.93,115.4
4553,1,1,1,126,126,ASP,8.9,127.8
4553,1,1,1,127,127,ALA,9.0,121.0
4553,1,1,1,128,128,ALA,7.98,119.1
4553,1,1,1,129,129,LYS,7.25,119.7
4553,1,1,1,13,13,PHE,9.54,133.7
4553,1,1,1,130,130,ASP,8.49,118.6
4553,1,1,1,131,131,ILE,7.51,122.6
4553,1,1,1,132,132,ILE,8.44,131.9
4553,1,1,1,133,133,ARG,8.88,129.7
4553,1,1,1,134,134,TYR,8.97,125.9
4553,1,1,1,135,135,ILE,9.13,125.6
4553,1,1,1,136,136,ILE,9.38,129.3
4553,1,1,1,137,137,GLY,8.76,114.8
4553,1,1,1,138,138,ILE,8.44,123.4
4553,1,1,1,139,139,GLY,8.25,111.5
4553,1,1,1,14,14,ASP,7.89,128.6
4553,1,1,1,140,140,LYS,8.78,120.1
4553,1,1,1,141,141,HIS,9.09,120.3
4553,1,1,1,142,142,PHE,7.61,117.7
4553,1,1,1,143,143,GLN,7.4,118.7
4553,1,1,1,144,144,THR,7.98,108.7
4553,1,1,1,145,145,LYS,8.96,126.3
4553,1,1,1,146,146,GLU,9.14,118.5
4553,1,1,1,147,147,SER,7.81,116.9
4553,1,1,1,148,148,GLN,7.64,125.2
4553,1,1,1,149,149,GLU,7.85,116.5
4553,1,1,1,15,15,GLY,8.33,111.7
4553,1,1,1,150,150,THR,7.55,113.0
4553,1,1,1,151,151,LEU,7.35,118.7
4553,1,1,1,152,152,HIS,7.76,118.5
4553,1,1,1,153,153,LYS,7.54,115.4
4553,1,1,1,154,154,PHE,7.02,117.1
4553,1,1,1,155,155,ALA,6.94,122.7
4553,1,1,1,156,156,SER,8.16,120.1
4553,1,1,1,157,157,LYS,7.67,118.3
4553,1,1,1,159,159,ALA,9.0,129.1
4553,1,1,1,16,16,SER,9.69,117.5
4553,1,1,1,160,160,SER,8.12,109.7
4553,1,1,1,161,161,GLU,7.53,120.7
4553,1,1,1,162,162,PHE,7.17,117.1
4553,1,1,1,163,163,VAL,7.48,119.3
4553,1,1,1,164,164,LYS,9.24,131.7
4553,1,1,1,165,165,ILE,8.42,126.4
4553,1,1,1,166,166,LEU,8.92,128.6
4553,1,1,1,167,167,ASP,9.01,122.4
4553,1,1,1,168,168,THR,7.07,108.4
4553,1,1,1,169,169,PHE,8.66,120.1
4553,1,1,1,17,17,MET,8.72,117.4
4553,1,1,1,170,170,GLU,8.64,122.3
4553,1,1,1,171,171,LYS,7.02,116.3
4553,1,1,1,172,172,LEU,7.41,121.4
4553,1,1,1,173,173,LYS,7.48,117.2
4553,1,1,1,174,174,ASP,7.45,118.2
4553,1,1,1,175,175,LEU,7.54,121.8
4553,1,1,1,176,176,PHE,8.94,120.3
4553,1,1,1,177,177,THR,8.0,113.6
4553,1,1,1,178,178,GLU,7.57,121.5
4553,1,1,1,179,179,LEU,7.94,121.4
4553,1,1,1,18,18,SER,6.86,111.6
4553,1,1,1,180,180,GLN,8.31,118.7
4553,1,1,1,181,181,LYS,7.16,117.1
4553,1,1,1,182,182,LYS,7.44,118.2
4553,1,1,1,183,183,ILE,7.68,117.8
4553,1,1,1,184,184,TYR,7.77,121.2
4553,1,1,1,185,185,VAL,7.54,119.6
4553,1,1,1,186,186,ILE,7.78,122.8
4553,1,1,1,187,187,GLU,8.14,124.3
4553,1,1,1,188,188,GLY,7.79,116.3
4553,1,1,1,19,19,LEU,6.93,125.5
4553,1,1,1,20,20,GLN,8.92,123.7
4553,1,1,1,22,22,ASP,8.78,115.3
4553,1,1,1,23,23,GLU,6.86,122.8
4553,1,1,1,24,24,PHE,7.81,119.7
4553,1,1,1,25,25,GLN,7.84,116.3
4553,1,1,1,26,26,LYS,7.56,119.5
4553,1,1,1,27,27,ILE,7.51,122.7
4553,1,1,1,28,28,LEU,7.25,120.7
4553,1,1,1,29,29,ASP,8.74,119.5
4553,1,1,1,30,30,PHE,7.71,123.0
4553,1,1,1,31,31,MET,7.36,118.7
4553,1,1,1,32,32,LYS,7.73,116.8
4553,1,1,1,33,33,ASP,7.87,120.3
4553,1,1,1,34,34,VAL,7.72,119.3
4553,1,1,1,35,35,MET,7.36,115.6
4553,1,1,1,36,36,LYS,8.25,120.1
4553,1,1,1,37,37,LYS,7.88,120.7
4553,1,1,1,38,38,LEU,7.5,120.0
4553,1,1,1,39,39,SER,7.27,117.3
4553,1,1,1,4,4,LYS,8.5,124.8
4553,1,1,1,40,40,ASN,8.72,121.5
4553,1,1,1,41,41,THR,7.95,111.9
4553,1,1,1,42,42,SER,8.65,115.4
4553,1,1,1,43,43,TYR,8.36,125.3
4553,1,1,1,44,44,GLN,8.08,117.4
4553,1,1,1,45,45,PHE,5.48,117.7
4553,1,1,1,46,46,ALA,7.99,118.5
4553,1,1,1,47,47,ALA,7.39,118.3
4553,1,1,1,48,48,VAL,9.57,125.1
4553,1,1,1,49,49,GLN,8.72,129.7
4553,1,1,1,5,5,GLY,8.58,111.1
4553,1,1,1,50,50,PHE,8.79,124.8
4553,1,1,1,51,51,SER,8.33,117.5
4553,1,1,1,52,52,THR,7.67,124.3
4553,1,1,1,53,53,SER,8.87,118.9
4553,1,1,1,54,54,TYR,7.14,120.0
4553,1,1,1,55,55,LYS,8.64,125.0
4553,1,1,1,56,56,THR,9.47,127.7
4553,1,1,1,57,57,GLU,9.4,134.4
4553,1,1,1,58,58,PHE,7.42,111.8
4553,1,1,1,59,59,ASP,9.62,123.5
4553,1,1,1,6,6,ASN,8.21,120.6
4553,1,1,1,61,61,SER,8.34,115.2
4553,1,1,1,62,62,ASP,8.28,125.4
4553,1,1,1,63,63,TYR,8.57,121.6
4553,1,1,1,64,64,VAL,8.4,117.7
4553,1,1,1,65,65,LYS,7.52,119.3
4553,1,1,1,66,66,TRP,7.92,116.5
4553,1,1,1,67,67,LYS,8.7,117.9
4553,1,1,1,68,68,ASP,6.85,117.0
4553,1,1,1,7,7,VAL,6.93,124.8
4553,1,1,1,70,70,ASP,7.67,114.8
4553,1,1,1,71,71,ALA,7.23,123.2
4553,1,1,1,72,72,LEU,7.77,117.5
4553,1,1,1,73,73,LEU,6.82,115.2
4553,1,1,1,74,74,LYS,6.88,121.5
4553,1,1,1,75,75,HIS,8.62,116.9
4553,1,1,1,76,76,VAL,6.94,122.8
4553,1,1,1,77,77,LYS,9.51,131.6
4553,1,1,1,78,78,HIS,8.58,130.6
4553,1,1,1,79,79,MET,9.32,131.8
4553,1,1,1,8,8,ASP,8.61,132.6
4553,1,1,1,80,80,LEU,8.37,114.2
4553,1,1,1,81,81,LEU,6.97,122.0
4553,1,1,1,82,82,LEU,7.28,122.6
4553,1,1,1,83,83,THR,7.82,118.7
4553,1,1,1,84,84,ASN,9.14,129.8
4553,1,1,1,85,85,THR,8.68,121.0
4553,1,1,1,86,86,PHE,10.43,123.1
4553,1,1,1,87,87,GLY,10.25,112.1
4553,1,1,1,88,88,ALA,7.96,126.6
4553,1,1,1,89,89,ILE,7.87,120.5
4553,1,1,1,9,9,LEU,8.54,128.1
4553,1,1,1,90,90,ASN,7.57,118.7
4553,1,1,1,91,91,TYR,8.14,123.4
4553,1,1,1,92,92,VAL,8.15,121.1
4553,1,1,1,93,93,ALA,8.08,119.7
4553,1,1,1,94,94,THR,7.75,105.8
4553,1,1,1,95,95,GLU,8.5,118.7
4553,1,1,1,96,96,VAL,7.07,118.9
4553,1,1,1,97,97,PHE,7.1,119.7
4553,1,1,1,99,99,GLU,9.54,130.8
4566,1,1,1,10,10,HIS,8.57,125.48
4566,1,1,1,100,100,MET,7.62,115.58
4566,1,1,1,101,101,ASP,7.27,118.27
4566,1,1,1,102,102,ASN,10.04,122.96
4566,1,1,1,103,103,MET,8.43,118.1
4566,1,1,1,104,104,THR,8.57,116.69
4566,1,1,1,105,105,VAL,9.11,122.73
4566,1,1,1,106,106,ARG,8.44,121.14
4566,1,1,1,107,107,VAL,8.35,124.6
4566,1,1,1,109,109,ASP,8.47,120.03
4566,1,1,1,11,11,PHE,9.56,122.32
4566,1,1,1,110,110,ALA,8.16,122.28
4566,1,1,1,111,111,VAL,7.85,118.11
4566,1,1,1,112,112,SER,8.12,118.68
4566,1,1,1,113,113,ASP,8.2,123.19
4566,1,1,1,114,114,ALA,8.23,124.84
4566,1,1,1,115,115,ARG,8.28,119.97
4566,1,1,1,116,116,GLU,8.37,121.85
4566,1,1,1,117,117,SER,8.28,116.69
4566,1,1,1,118,118,ILE,8.05,122.28
4566,1,1,1,119,119,ASP,8.35,123.84
4566,1,1,1,12,12,ILE,9.02,122.9
4566,1,1,1,121,121,GLY,8.49,109.36
4566,1,1,1,122,122,MET,8.11,119.62
4566,1,1,1,123,123,ASN,8.03,125.07
4566,1,1,1,13,13,ASN,8.85,125.07
4566,1,1,1,14,14,ARG,8.55,118.92
4566,1,1,1,15,15,ASP,7.67,116.04
4566,1,1,1,16,16,GLY,8.17,108.31
4566,1,1,1,17,17,GLU,7.97,122.32
4566,1,1,1,18,18,THR,8.63,119.09
4566,1,1,1,19,19,LEU,10.02,131.28
4566,1,1,1,20,20,THR,8.8,122.96
4566,1,1,1,21,21,THR,8.82,122.49
4566,1,1,1,22,22,LYS,7.97,118.33
4566,1,1,1,23,23,GLY,8.81,107.14
4566,1,1,1,24,24,LYS,8.85,121.91
4566,1,1,1,25,25,ILE,8.3,122.49
4566,1,1,1,26,26,GLY,8.84,117.04
4566,1,1,1,27,27,ASP,8.09,122.32
4566,1,1,1,28,28,SER,9.68,118.04
4566,1,1,1,29,29,LEU,8.16,118.68
4566,1,1,1,30,30,LEU,7.26,116.75
4566,1,1,1,31,31,ASP,7.87,120.73
4566,1,1,1,32,32,VAL,7.75,117.16
4566,1,1,1,33,33,VAL,7.42,120.97
4566,1,1,1,34,34,VAL,8.46,118.33
4566,1,1,1,35,35,GLN,9.14,118.68
4566,1,1,1,36,36,ASN,7.17,112.29
4566,1,1,1,37,37,ASN,7.83,117.16
4566,1,1,1,38,38,LEU,7.78,115.52
4566,1,1,1,39,39,ASP,8.55,122.84
4566,1,1,1,4,4,GLU,8.39,121.2
4566,1,1,1,40,40,ILE,7.59,123.78
4566,1,1,1,41,41,ASP,8.53,127.77
4566,1,1,1,42,42,GLY,8.99,113.7
4566,1,1,1,5,5,ASP,8.25,120.73
4566,1,1,1,57,57,LEU,9.39,128.35
4566,1,1,1,58,58,ILE,8.46,119.5
4566,1,1,1,59,59,PHE,8.66,127.88
4566,1,1,1,6,6,LYS,7.88,118.92
4566,1,1,1,60,60,GLU,9.18,119.39
4566,1,1,1,61,61,GLN,9.58,125.3
4566,1,1,1,62,62,HIS,8.42,112.82
4566,1,1,1,63,63,ILE,6.3,119.56
4566,1,1,1,64,64,PHE,8.7,120.26
4566,1,1,1,65,65,GLU,7.97,113.23
4566,1,1,1,66,66,LYS,7.43,116.92
4566,1,1,1,67,67,LEU,6.76,119.27
4566,1,1,1,68,68,GLU,9.05,121.96
4566,1,1,1,69,69,ALA,8.21,123.9
4566,1,1,1,7,7,ILE,8.92,117.69
4566,1,1,1,70,70,ILE,8.37,124.43
4566,1,1,1,71,71,THR,7.91,118.27
4566,1,1,1,72,72,ASP,8.96,122.49
4566,1,1,1,73,73,GLU,8.95,117.39
4566,1,1,1,74,74,GLU,7.52,119.5
4566,1,1,1,75,75,ASN,8.56,119.56
4566,1,1,1,76,76,ASP,8.32,117.33
4566,1,1,1,77,77,MET,7.06,116.1
4566,1,1,1,78,78,LEU,8.79,123.55
4566,1,1,1,79,79,ASP,7.85,115.87
4566,1,1,1,8,8,THR,8.76,121.32
4566,1,1,1,80,80,LEU,7.1,116.63
4566,1,1,1,81,81,ALA,7.85,124.02
4566,1,1,1,82,82,TYR,8.25,122.43
4566,1,1,1,83,83,GLY,8.34,112.65
4566,1,1,1,84,84,LEU,7.32,118.51
4566,1,1,1,85,85,THR,8.77,116.69
4566,1,1,1,86,86,ASP,8.56,117.74
4566,1,1,1,87,87,ARG,8.07,119.57
4566,1,1,1,88,88,SER,6.88,119.56
4566,1,1,1,89,89,ARG,9.17,117.28
4566,1,1,1,9,9,VAL,8.53,124.54
4566,1,1,1,95,95,CYS,7.97,124.54
4566,1,1,1,96,96,LEU,9.03,121.55
4566,1,1,1,97,97,THR,7.72,113.47
4566,1,1,1,98,98,LYS,9.04,120.56
4566,1,1,1,99,99,ALA,7.86,119.91
4574,1,1,1,10,10,SER,8.18,113.8
4574,1,1,1,100,100,MET,9.39,123.7
4574,1,1,1,101,101,VAL,8.5,126.2
4574,1,1,1,102,102,LEU,8.69,124.9
4574,1,1,1,103,103,GLN,7.89,118.7
4574,1,1,1,104,104,SER,8.59,115.8
4574,1,1,1,105,105,GLY,8.83,114.2
4574,1,1,1,106,106,GLN,7.66,118.3
4574,1,1,1,107,107,SER,8.71,113.8
4574,1,1,1,108,108,TRP,9.13,124.1
4574,1,1,1,109,109,SER,6.03,120.8
4574,1,1,1,11,11,ASP,8.04,121.6
4574,1,1,1,111,111,THR,8.27,112.9
4574,1,1,1,112,112,ARG,8.2,122.0
4574,1,1,1,113,113,SER,8.08,116.0
4574,1,1,1,114,114,GLY,8.29,110.9
4574,1,1,1,115,115,VAL,7.85,119.0
4574,1,1,1,116,116,LEU,8.16,125.3
4574,1,1,1,12,12,LEU,7.76,120.8
4574,1,1,1,13,13,LEU,7.83,120.2
4574,1,1,1,14,14,ARG,7.74,120.4
4574,1,1,1,15,15,SER,8.22,115.8
4574,1,1,1,16,16,VAL,8.0,120.6
4574,1,1,1,17,17,SER,7.95,120.3
4574,1,1,1,18,18,ASN,8.29,119.3
4574,1,1,1,19,19,ILE,7.98,120.9
4574,1,1,1,20,20,SER,8.14,117.9
4574,1,1,1,21,21,SER,8.25,117.9
4574,1,1,1,22,22,GLU,8.31,122.0
4574,1,1,1,23,23,PHE,8.05,120.0
4574,1,1,1,24,24,GLY,8.15,109.6
4574,1,1,1,25,25,ARG,7.87,119.9
4574,1,1,1,26,26,ARG,8.17,122.2
4574,1,1,1,27,27,VAL,7.98,120.8
4574,1,1,1,28,28,TRP,8.27,125.1
4574,1,1,1,29,29,THR,7.85,115.4
4574,1,1,1,30,30,SER,8.03,117.1
4574,1,1,1,31,31,ALA,8.03,126.6
4574,1,1,1,35,35,GLN,8.17,117.9
4574,1,1,1,36,36,ARG,7.91,124.5
4574,1,1,1,38,38,PHE,8.02,125.3
4574,1,1,1,39,39,ARG,8.05,119.7
4574,1,1,1,4,4,LEU,7.92,122.0
4574,1,1,1,40,40,VAL,9.05,114.1
4574,1,1,1,41,41,CYS,8.56,116.7
4574,1,1,1,42,42,ASP,8.73,117.1
4574,1,1,1,43,43,HIS,9.81,119.1
4574,1,1,1,44,44,LYS,7.04,119.1
4574,1,1,1,45,45,ARG,8.04,116.7
4574,1,1,1,46,46,THR,9.54,114.8
4574,1,1,1,47,47,ILE,8.19,122.2
4574,1,1,1,48,48,ARG,8.07,124.1
4574,1,1,1,49,49,LYS,8.82,123.3
4574,1,1,1,5,5,SER,8.26,118.9
4574,1,1,1,50,50,GLY,8.63,110.0
4574,1,1,1,51,51,LEU,8.63,121.7
4574,1,1,1,52,52,THR,8.16,110.9
4574,1,1,1,53,53,ALA,9.41,121.6
4574,1,1,1,54,54,ALA,9.23,121.6
4574,1,1,1,55,55,THR,7.0,104.5
4574,1,1,1,56,56,ARG,10.26,126.2
4574,1,1,1,57,57,GLN,8.06,112.7
4574,1,1,1,58,58,GLU,8.13,117.1
4574,1,1,1,59,59,LEU,7.83,120.8
4574,1,1,1,6,6,ALA,7.97,120.4
4574,1,1,1,60,60,LEU,8.04,117.5
4574,1,1,1,61,61,ALA,7.63,121.6
4574,1,1,1,62,62,LYS,8.35,117.9
4574,1,1,1,63,63,ALA,9.1,123.7
4574,1,1,1,64,64,LEU,7.62,117.7
4574,1,1,1,65,65,GLU,6.94,114.2
4574,1,1,1,66,66,THR,8.17,113.3
4574,1,1,1,67,67,LEU,8.12,117.7
4574,1,1,1,68,68,LEU,7.21,115.8
4574,1,1,1,69,69,LEU,7.6,117.5
4574,1,1,1,7,7,LEU,8.15,120.8
4574,1,1,1,70,70,ASN,7.82,114.2
4574,1,1,1,71,71,GLY,8.31,108.4
4574,1,1,1,72,72,VAL,8.04,119.9
4574,1,1,1,73,73,LEU,8.23,127.8
4574,1,1,1,74,74,THR,8.76,112.9
4574,1,1,1,75,75,LEU,8.37,122.9
4574,1,1,1,76,76,VAL,8.84,117.5
4574,1,1,1,77,77,LEU,8.98,121.2
4574,1,1,1,78,78,GLU,8.43,125.8
4574,1,1,1,79,79,GLU,9.1,116.2
4574,1,1,1,8,8,ASN,8.39,120.4
4574,1,1,1,80,80,ASP,6.38,111.2
4574,1,1,1,81,81,GLY,7.36,109.2
4574,1,1,1,82,82,THR,7.65,117.5
4574,1,1,1,83,83,ALA,8.53,128.8
4574,1,1,1,84,84,VAL,8.15,122.9
4574,1,1,1,85,85,ASP,8.59,123.7
4574,1,1,1,86,86,SER,7.34,110.0
4574,1,1,1,87,87,GLU,9.09,123.3
4574,1,1,1,88,88,ASP,8.26,116.6
4574,1,1,1,89,89,PHE,7.79,118.7
4574,1,1,1,90,90,PHE,7.74,118.8
4574,1,1,1,91,91,GLN,8.04,113.7
4574,1,1,1,92,92,LEU,7.24,116.7
4574,1,1,1,93,93,LEU,7.09,118.7
4574,1,1,1,94,94,GLU,8.56,121.2
4574,1,1,1,95,95,ASP,8.78,124.1
4574,1,1,1,96,96,ASP,8.96,117.5
4574,1,1,1,97,97,THR,7.29,115.8
4574,1,1,1,98,98,CYS,8.82,124.1
4574,1,1,1,99,99,LEU,9.62,131.5
4577,1,1,1,10,10,LEU,8.22,119.23
4577,1,1,1,100,100,VAL,7.73,119.23
4577,1,1,1,101,101,ARG,8.71,128.55
4577,1,1,1,102,102,GLU,8.99,125.86
4577,1,1,1,103,103,LYS,8.49,115.56
4577,1,1,1,104,104,SER,8.2,115.36
4577,1,1,1,105,105,ARG,7.34,117.7
4577,1,1,1,106,106,ASN,7.89,112.02
4577,1,1,1,107,107,LEU,7.35,121.13
4577,1,1,1,108,108,GLN,8.85,127.15
4577,1,1,1,109,109,VAL,8.1,113.11
4577,1,1,1,11,11,GLN,8.02,116.95
4577,1,1,1,110,110,ILE,6.7,120.88
4577,1,1,1,111,111,LYS,7.8,119.26
4577,1,1,1,112,112,GLU,8.52,115.61
4577,1,1,1,113,113,ALA,7.37,123.38
4577,1,1,1,114,114,LEU,8.28,119.2
4577,1,1,1,115,115,GLU,7.7,117.21
4577,1,1,1,116,116,ALA,7.35,120.0
4577,1,1,1,117,117,ASN,7.79,116.92
4577,1,1,1,118,118,ASN,8.41,120.34
4577,1,1,1,119,119,TYR,7.84,120.35
4577,1,1,1,12,12,GLU,7.89,121.84
4577,1,1,1,120,120,ILE,7.87,127.77
4577,1,1,1,122,122,ASP,8.58,116.0
4577,1,1,1,123,123,TYR,6.39,110.97
4577,1,1,1,124,124,LEU,7.69,121.64
4577,1,1,1,125,125,SER,8.53,113.98
4577,1,1,1,126,126,PHE,8.98,124.12
4577,1,1,1,127,127,ASP,8.13,127.43
4577,1,1,1,129,129,GLU,7.92,117.79
4577,1,1,1,13,13,LYS,7.88,118.67
4577,1,1,1,130,130,LYS,7.12,116.19
4577,1,1,1,131,131,MET,7.91,115.31
4577,1,1,1,132,132,GLU,6.91,113.93
4577,1,1,1,133,133,GLY,10.14,112.91
4577,1,1,1,134,134,THR,8.89,116.92
4577,1,1,1,135,135,TYR,8.21,128.28
4577,1,1,1,136,136,THR,8.99,121.86
4577,1,1,1,137,137,ARG,7.68,114.55
4577,1,1,1,138,138,LEU,7.9,114.26
4577,1,1,1,14,14,GLN,8.33,117.17
4577,1,1,1,140,140,GLU,9.02,118.83
4577,1,1,1,141,141,ARG,9.14,122.53
4577,1,1,1,142,142,SER,8.48,112.71
4577,1,1,1,143,143,GLU,7.97,120.03
4577,1,1,1,144,144,LEU,7.65,121.14
4577,1,1,1,146,146,ALA,8.74,129.38
4577,1,1,1,147,147,GLU,9.28,116.13
4577,1,1,1,148,148,ILE,6.77,119.3
4577,1,1,1,149,149,ASN,9.9,126.38
4577,1,1,1,15,15,LYS,8.15,120.31
4577,1,1,1,150,150,GLU,10.71,124.16
4577,1,1,1,151,151,ALA,8.28,125.19
4577,1,1,1,152,152,LEU,7.54,115.8
4577,1,1,1,153,153,ILE,7.16,118.19
4577,1,1,1,154,154,VAL,7.71,118.42
4577,1,1,1,155,155,GLU,7.86,118.39
4577,1,1,1,156,156,PHE,7.87,120.5
4577,1,1,1,157,157,TYR,7.36,113.96
4577,1,1,1,158,158,SER,7.77,115.95
4577,1,1,1,159,159,ARG,7.36,126.59
4577,1,1,1,16,16,LEU,7.99,120.16
4577,1,1,1,17,17,ARG,8.35,118.94
4577,1,1,1,18,18,HIS,8.49,115.56
4577,1,1,1,19,19,MET,8.05,119.98
4577,1,1,1,20,20,TYR,7.22,110.98
4577,1,1,1,21,21,GLY,7.95,111.02
4577,1,1,1,22,22,VAL,7.23,115.87
4577,1,1,1,23,23,ASN,8.54,125.01
4577,1,1,1,24,24,GLU,8.79,120.87
4577,1,1,1,25,25,ARG,8.35,118.63
4577,1,1,1,26,26,GLN,8.46,119.12
4577,1,1,1,27,27,PHE,8.92,124.51
4577,1,1,1,28,28,ARG,8.52,117.88
4577,1,1,1,29,29,LYS,8.15,120.54
4577,1,1,1,3,3,LEU,8.43,124.83
4577,1,1,1,30,30,THR,8.47,117.2
4577,1,1,1,31,31,PHE,8.18,124.37
4577,1,1,1,32,32,GLU,8.46,122.78
4577,1,1,1,33,33,GLU,8.35,121.43
4577,1,1,1,34,34,ALA,8.18,120.22
4577,1,1,1,35,35,GLY,7.12,103.29
4577,1,1,1,36,36,LYS,7.02,117.28
4577,1,1,1,37,37,MET,6.86,119.1
4577,1,1,1,39,39,GLY,8.51,110.43
4577,1,1,1,4,4,SER,8.34,116.0
4577,1,1,1,40,40,LYS,8.73,122.04
4577,1,1,1,41,41,HIS,8.87,126.31
4577,1,1,1,42,42,GLY,9.44,106.93
4577,1,1,1,43,43,GLU,7.15,121.29
4577,1,1,1,44,44,ASN,8.5,116.52
4577,1,1,1,45,45,PHE,8.42,119.97
4577,1,1,1,46,46,MET,7.49,115.66
4577,1,1,1,47,47,ILE,8.27,119.61
4577,1,1,1,48,48,LEU,8.46,122.24
4577,1,1,1,49,49,LEU,7.67,121.13
4577,1,1,1,5,5,GLU,8.49,122.15
4577,1,1,1,50,50,GLU,7.73,115.65
4577,1,1,1,51,51,SER,7.34,108.7
4577,1,1,1,52,52,ARG,7.29,119.52
4577,1,1,1,53,53,LEU,9.13,121.63
4577,1,1,1,54,54,ASP,8.8,114.84
4577,1,1,1,55,55,ASN,8.41,120.98
4577,1,1,1,56,56,LEU,8.92,119.54
4577,1,1,1,57,57,VAL,8.46,119.66
4577,1,1,1,58,58,TYR,7.3,118.66
4577,1,1,1,59,59,ARG,9.25,120.85
4577,1,1,1,6,6,TYR,8.26,120.04
4577,1,1,1,60,60,LEU,7.77,115.88
4577,1,1,1,61,61,GLY,7.57,102.75
4577,1,1,1,62,62,LEU,6.84,112.58
4577,1,1,1,63,63,ALA,7.0,110.95
4577,1,1,1,64,64,ARG,9.09,117.81
4577,1,1,1,65,65,THR,7.24,102.8
4577,1,1,1,66,66,ARG,8.77,122.77
4577,1,1,1,67,67,ARG,8.23,119.97
4577,1,1,1,68,68,GLN,7.92,118.89
4577,1,1,1,69,69,ALA,8.14,124.18
4577,1,1,1,7,7,GLY,8.37,106.74
4577,1,1,1,70,70,ARG,8.51,117.23
4577,1,1,1,71,71,GLN,7.69,118.33
4577,1,1,1,72,72,LEU,8.1,119.74
4577,1,1,1,73,73,VAL,7.8,116.16
4577,1,1,1,74,74,THR,9.02,112.57
4577,1,1,1,75,75,HIS,7.98,115.59
4577,1,1,1,76,76,GLY,7.69,105.82
4577,1,1,1,77,77,HIS,7.63,115.1
4577,1,1,1,78,78,ILE,9.35,120.49
4577,1,1,1,79,79,LEU,9.31,124.9
4577,1,1,1,8,8,LEU,8.09,122.26
4577,1,1,1,80,80,VAL,8.89,119.54
4577,1,1,1,81,81,ASP,9.69,130.4
4577,1,1,1,82,82,GLY,8.98,102.18
4577,1,1,1,83,83,SER,7.96,116.47
4577,1,1,1,84,84,ARG,8.82,126.62
4577,1,1,1,85,85,VAL,7.58,127.47
4577,1,1,1,86,86,ASN,8.4,122.23
4577,1,1,1,87,87,ILE,6.52,119.71
4577,1,1,1,89,89,SER,7.12,104.99
4577,1,1,1,9,9,GLN,8.14,120.3
4577,1,1,1,90,90,TYR,7.52,124.42
4577,1,1,1,91,91,ARG,7.66,129.15
4577,1,1,1,92,92,VAL,8.61,130.84
4577,1,1,1,93,93,LYS,9.37,126.93
4577,1,1,1,95,95,GLY,9.8,112.81
4577,1,1,1,96,96,GLN,8.19,118.91
4577,1,1,1,97,97,THR,8.67,113.12
4577,1,1,1,98,98,ILE,9.3,126.32
4577,1,1,1,99,99,ALA,9.37,127.69
4579,1,1,1,1,1,ALA,8.49,126.23
4579,1,1,1,10,10,GLN,8.36,120.75
4579,1,1,1,11,11,SER,8.31,116.16
4579,1,1,1,12,12,LEU,8.11,123.18
4579,1,1,1,13,13,GLN,8.2,120.43
4579,1,1,1,14,14,ILE,8.02,121.79
4579,1,1,1,15,15,LYS,8.26,124.69
4579,1,1,1,16,16,HIS,8.19,121.98
4579,1,1,1,17,17,THR,8.12,115.29
4579,1,1,1,18,18,GLN,8.4,122.29
4579,1,1,1,19,19,ALA,8.24,124.66
4579,1,1,1,2,2,VAL,8.11,119.18
4579,1,1,1,20,20,LEU,8.11,120.71
4579,1,1,1,21,21,ASN,8.28,118.68
4579,1,1,1,22,22,ARG,8.08,121.22
4579,1,1,1,23,23,LYS,8.26,122.45
4579,1,1,1,24,24,TRP,8.02,121.79
4579,1,1,1,25,25,ALA,8.19,125.07
4579,1,1,1,26,26,GLU,8.28,119.47
4579,1,1,1,27,27,ASP,8.43,122.0
4579,1,1,1,28,28,ASN,8.19,115.0
4579,1,1,1,29,29,GLU,7.96,118.21
4579,1,1,1,3,3,GLN,8.36,123.73
4579,1,1,1,30,30,VAL,7.8,120.96
4579,1,1,1,31,31,GLN,8.91,124.62
4579,1,1,1,32,32,ASN,7.34,116.01
4579,1,1,1,33,33,CYS,8.44,123.6
4579,1,1,1,34,34,MET,8.24,129.25
4579,1,1,1,35,35,ALA,9.25,123.28
4579,1,1,1,36,36,CYS,8.45,117.63
4579,1,1,1,37,37,GLY,7.64,111.46
4579,1,1,1,38,38,LYS,8.85,126.69
4579,1,1,1,39,39,GLY,8.56,111.07
4579,1,1,1,4,4,GLU,8.4,122.6
4579,1,1,1,40,40,PHE,7.54,121.96
4579,1,1,1,41,41,SER,9.4,117.83
4579,1,1,1,42,42,VAL,8.39,116.56
4579,1,1,1,43,43,THR,7.83,108.45
4579,1,1,1,44,44,VAL,7.54,126.69
4579,1,1,1,45,45,ARG,7.99,124.03
4579,1,1,1,46,46,ARG,7.85,117.86
4579,1,1,1,47,47,HIS,8.7,120.29
4579,1,1,1,48,48,HIS,8.7,119.14
4579,1,1,1,49,49,CYS,8.62,124.79
4579,1,1,1,5,5,LEU,8.29,123.36
4579,1,1,1,50,50,ARG,9.09,129.66
4579,1,1,1,51,51,GLN,9.37,122.99
4579,1,1,1,52,52,CYS,8.83,119.5
4579,1,1,1,53,53,GLY,7.72,111.11
4579,1,1,1,54,54,ASN,8.49,119.66
4579,1,1,1,55,55,ILE,7.11,117.89
4579,1,1,1,56,56,PHE,8.97,123.23
4579,1,1,1,57,57,CYS,9.82,119.68
4579,1,1,1,58,58,ALA,9.74,123.22
4579,1,1,1,59,59,GLU,8.41,118.3
4579,1,1,1,6,6,GLY,8.51,109.59
4579,1,1,1,60,60,CYS,8.02,121.78
4579,1,1,1,61,61,SER,7.36,112.98
4579,1,1,1,62,62,ALA,8.02,122.5
4579,1,1,1,63,63,LYS,8.17,119.2
4579,1,1,1,64,64,ASN,7.92,114.95
4579,1,1,1,65,65,ALA,9.18,121.31
4579,1,1,1,66,66,LEU,8.42,121.42
4579,1,1,1,67,67,THR,8.34,115.39
4579,1,1,1,69,69,SER,7.78,109.03
4579,1,1,1,7,7,ARG,8.12,120.13
4579,1,1,1,70,70,SER,7.75,117.04
4579,1,1,1,72,72,LYS,7.85,118.46
4579,1,1,1,74,74,VAL,8.68,117.5
4579,1,1,1,75,75,ARG,8.09,122.02
4579,1,1,1,76,76,VAL,8.0,117.02
4579,1,1,1,77,77,CYS,9.14,119.07
4579,1,1,1,78,78,ASP,7.71,118.47
4579,1,1,1,79,79,ALA,8.25,123.65
4579,1,1,1,8,8,GLU,8.65,121.35
4579,1,1,1,80,80,CYS,9.0,122.96
4579,1,1,1,81,81,PHE,8.79,119.29
4579,1,1,1,82,82,ASN,7.93,116.26
4579,1,1,1,83,83,ASP,7.85,120.62
4579,1,1,1,84,84,LEU,7.8,118.91
4579,1,1,1,85,85,GLN,7.56,117.9
4579,1,1,1,86,86,GLY,7.62,114.33
4579,1,1,1,9,9,ASN,8.42,119.02
4581,1,1,1,1,1,LYS,7.94,124.8
4581,1,1,1,10,10,PHE,8.65,120.1
4581,1,1,1,11,11,GLU,8.6,115.5
4581,1,1,1,12,12,LYS,7.62,118.9
4581,1,1,1,13,13,TYR,7.27,115.1
4581,1,1,1,14,14,ALA,8.37,119.5
4581,1,1,1,15,15,ALA,6.935,117.2
4581,1,1,1,16,16,LYS,7.225,120.3
4581,1,1,1,17,17,GLU,9.69,116.4
4581,1,1,1,18,18,GLY,8.98,113.2
4581,1,1,1,19,19,ASP,8.25,126.0
4581,1,1,1,2,2,SER,9.02,119.3
4581,1,1,1,21,21,ASN,9.15,115.9
4581,1,1,1,22,22,GLN,7.27,114.9
4581,1,1,1,23,23,LEU,9.77,127.5
4581,1,1,1,24,24,SER,10.21,122.7
4581,1,1,1,25,25,LYS,8.695,119.9
4581,1,1,1,26,26,GLU,8.12,117.4
4581,1,1,1,27,27,GLU,7.83,120.8
4581,1,1,1,28,28,LEU,8.77,119.3
4581,1,1,1,29,29,LYS,8.42,119.9
4581,1,1,1,30,30,LEU,7.56,118.7
4581,1,1,1,31,31,LEU,8.15,124.35
4581,1,1,1,32,32,LEU,8.875,120.35
4581,1,1,1,33,33,GLN,8.44,114.5
4581,1,1,1,34,34,THR,7.67,111.5
4581,1,1,1,35,35,GLU,8.56,116.4
4581,1,1,1,36,36,PHE,7.87,115.7
4581,1,1,1,38,38,SER,8.375,113.4
4581,1,1,1,39,39,LEU,7.94,123.1
4581,1,1,1,4,4,GLU,8.79,117.4
4581,1,1,1,40,40,LEU,7.69,120.2
4581,1,1,1,41,41,LYS,7.46,119.9
4581,1,1,1,42,42,GLY,8.07,108.6
4581,1,1,1,44,44,SER,8.4,115.9
4581,1,1,1,45,45,THR,7.96,114.0
4581,1,1,1,46,46,LEU,8.08,122.0
4581,1,1,1,47,47,ASP,8.21,114.5
4581,1,1,1,48,48,GLU,7.895,119.5
4581,1,1,1,49,49,LEU,8.08,121.0
4581,1,1,1,5,5,GLU,8.04,122.4
4581,1,1,1,50,50,PHE,8.65,118.9
4581,1,1,1,51,51,GLU,7.92,117.2
4581,1,1,1,52,52,GLU,7.71,118.5
4581,1,1,1,53,53,LEU,7.67,117.3
4581,1,1,1,54,54,ASP,8.1,119.5
4581,1,1,1,55,55,LYS,8.145,121.2
4581,1,1,1,56,56,ALA,8.04,119.7
4581,1,1,1,57,57,GLY,8.0,107.5
4581,1,1,1,58,58,ASP,8.52,119.3
4581,1,1,1,59,59,GLY,8.71,112.4
4581,1,1,1,6,6,LEU,8.6,120.1
4581,1,1,1,60,60,GLU,7.83,118.2
4581,1,1,1,61,61,VAL,9.55,121.4
4581,1,1,1,62,62,SER,9.33,123.7
4581,1,1,1,63,63,PHE,9.38,122.7
4581,1,1,1,64,64,GLU,8.6,118.7
4581,1,1,1,65,65,GLU,7.69,120.1
4581,1,1,1,66,66,PHE,8.85,120.8
4581,1,1,1,67,67,GLN,7.87,117.4
4581,1,1,1,68,68,VAL,7.1,118.7
4581,1,1,1,69,69,LEU,7.13,120.5
4581,1,1,1,7,7,LYS,8.39,121.7
4581,1,1,1,70,70,VAL,7.64,116.3
4581,1,1,1,71,71,LYS,7.44,119.5
4581,1,1,1,73,73,ILE,7.54,113.0
4581,1,1,1,74,74,SER,7.64,117.0
4581,1,1,1,75,75,GLN,7.6,126.4
4581,1,1,1,8,8,GLY,7.855,105.6
4581,1,1,1,9,9,ILE,7.96,122.2
4583,1,1,1,1,1,ALA,8.33,128.8
4583,1,1,1,10,10,GLU,8.35,121.89
4583,1,1,1,11,11,ALA,8.2,127.18
4583,1,1,1,14,14,GLU,8.44,121.44
4583,1,1,1,15,15,GLN,8.29,121.67
4583,1,1,1,16,16,GLU,8.4,123.31
4583,1,1,1,17,17,GLU,8.42,122.41
4583,1,1,1,18,18,GLU,8.42,122.31
4583,1,1,1,19,19,LEU,7.98,121.9
4583,1,1,1,2,2,ALA,8.17,125.57
4583,1,1,1,20,20,ASP,8.12,121.0
4583,1,1,1,21,21,LEU,7.91,123.47
4583,1,1,1,23,23,LEU,7.99,121.51
4583,1,1,1,24,24,GLU,9.89,119.85
4583,1,1,1,25,25,GLU,7.65,117.23
4583,1,1,1,26,26,LEU,7.71,117.01
4583,1,1,1,27,27,GLY,7.72,107.41
4583,1,1,1,28,28,LEU,7.94,119.68
4583,1,1,1,29,29,SER,9.39,118.81
4583,1,1,1,30,30,THR,8.53,117.6
4583,1,1,1,31,31,ARG,8.35,120.19
4583,1,1,1,32,32,VAL,7.17,122.04
4583,1,1,1,33,33,LEU,8.33,120.2
4583,1,1,1,34,34,HIS,8.46,116.34
4583,1,1,1,35,35,SER,7.87,116.39
4583,1,1,1,36,36,LEU,7.84,120.51
4583,1,1,1,37,37,LYS,8.43,120.99
4583,1,1,1,38,38,GLU,8.2,121.08
4583,1,1,1,39,39,GLU,7.03,117.66
4583,1,1,1,4,4,GLU,8.47,121.09
4583,1,1,1,40,40,GLY,7.84,107.34
4583,1,1,1,41,41,ILE,7.7,123.39
4583,1,1,1,42,42,GLU,8.29,120.86
4583,1,1,1,43,43,SER,7.48,114.29
4583,1,1,1,44,44,VAL,8.72,122.43
4583,1,1,1,45,45,ARG,8.89,120.11
4583,1,1,1,46,46,ALA,7.34,120.45
4583,1,1,1,47,47,LEU,7.46,120.86
4583,1,1,1,48,48,LEU,8.09,115.33
4583,1,1,1,49,49,ALA,7.07,120.0
4583,1,1,1,5,5,GLU,8.22,122.26
4583,1,1,1,50,50,LEU,7.44,120.92
4583,1,1,1,51,51,ASN,8.55,119.06
4583,1,1,1,52,52,LEU,8.8,123.9
4583,1,1,1,53,53,LYS,8.21,116.92
4583,1,1,1,54,54,ASP,7.66,118.87
4583,1,1,1,55,55,LEU,8.01,122.47
4583,1,1,1,56,56,LYS,7.7,114.43
4583,1,1,1,57,57,ASN,7.21,115.45
4583,1,1,1,58,58,ILE,7.47,126.02
4583,1,1,1,6,6,ALA,8.17,125.98
4583,1,1,1,60,60,GLY,8.5,111.04
4583,1,1,1,61,61,ILE,7.86,122.93
4583,1,1,1,62,62,GLY,7.6,111.86
4583,1,1,1,63,63,GLU,8.65,119.86
4583,1,1,1,64,64,ARG,8.55,118.44
4583,1,1,1,65,65,SER,7.68,115.88
4583,1,1,1,66,66,LEU,7.99,121.74
4583,1,1,1,67,67,GLU,7.69,118.99
4583,1,1,1,68,68,GLU,7.77,120.48
4583,1,1,1,69,69,ILE,8.05,120.73
4583,1,1,1,7,7,LYS,8.11,121.8
4583,1,1,1,70,70,LYS,8.4,119.81
4583,1,1,1,71,71,GLU,8.22,119.11
4583,1,1,1,72,72,ALA,8.04,122.45
4583,1,1,1,73,73,LEU,8.29,117.69
4583,1,1,1,74,74,GLU,8.39,122.04
4583,1,1,1,75,75,LYS,7.89,120.17
4583,1,1,1,76,76,LYS,7.23,116.57
4583,1,1,1,77,77,GLY,7.65,106.66
4583,1,1,1,78,78,PHE,7.89,120.22
4583,1,1,1,79,79,THR,8.28,114.34
4583,1,1,1,8,8,GLU,8.38,124.55
4583,1,1,1,80,80,LEU,8.48,125.75
4583,1,1,1,81,81,LYS,8.82,125.53
4583,1,1,1,82,82,GLU,7.87,127.21
4584,1,1,1,10,10,GLU,8.46,119.43
4584,1,1,1,11,11,ILE,7.43,120.37
4584,1,1,1,12,12,VAL,7.47,119.77
4584,1,1,1,13,13,TYR,7.91,119.14
4584,1,1,1,14,14,LYS,7.99,118.93
4584,1,1,1,15,15,ILE,8.43,120.64
4584,1,1,1,16,16,ASN,8.55,118.74
4584,1,1,1,17,17,LYS,7.83,119.74
4584,1,1,1,18,18,ILE,7.58,122.47
4584,1,1,1,19,19,VAL,8.01,119.87
4584,1,1,1,2,2,LYS,8.56,121.73
4584,1,1,1,20,20,GLU,8.04,116.79
4584,1,1,1,21,21,ARG,7.97,121.38
4584,1,1,1,22,22,ARG,8.32,117.8
4584,1,1,1,23,23,ARG,8.43,119.69
4584,1,1,1,24,24,ALA,7.89,122.58
4584,1,1,1,25,25,GLU,7.57,116.66
4584,1,1,1,26,26,GLY,7.67,106.71
4584,1,1,1,27,27,ALA,8.01,124.01
4584,1,1,1,28,28,LYS,8.57,120.26
4584,1,1,1,29,29,SER,8.56,117.22
4584,1,1,1,3,3,VAL,8.86,123.81
4584,1,1,1,30,30,THR,7.43,110.93
4584,1,1,1,31,31,ASP,7.84,120.87
4584,1,1,1,32,32,VAL,7.6,119.9
4584,1,1,1,33,33,SER,8.56,120.1
4584,1,1,1,34,34,PHE,9.42,123.27
4584,1,1,1,35,35,SER,8.77,114.54
4584,1,1,1,36,36,SER,8.38,122.39
4584,1,1,1,37,37,ILE,8.32,125.82
4584,1,1,1,38,38,SER,8.16,117.88
4584,1,1,1,39,39,THR,7.95,117.82
4584,1,1,1,4,4,GLN,8.04,122.05
4584,1,1,1,40,40,MET,7.39,121.86
4584,1,1,1,41,41,LEU,8.39,120.15
4584,1,1,1,42,42,LEU,8.1,121.74
4584,1,1,1,43,43,GLU,8.14,117.44
4584,1,1,1,44,44,LEU,8.19,121.64
4584,1,1,1,45,45,GLY,8.72,107.07
4584,1,1,1,46,46,LEU,8.36,121.19
4584,1,1,1,47,47,ARG,7.85,118.83
4584,1,1,1,48,48,VAL,8.13,120.19
4584,1,1,1,49,49,TYR,8.85,122.87
4584,1,1,1,5,5,ALA,8.52,125.21
4584,1,1,1,50,50,GLU,8.7,116.73
4584,1,1,1,51,51,ALA,7.49,120.27
4584,1,1,1,52,52,GLN,7.7,115.68
4584,1,1,1,53,53,MET,7.62,117.95
4584,1,1,1,54,54,GLU,7.82,120.77
4584,1,1,1,55,55,ARG,7.65,126.68
4584,1,1,1,6,6,TYR,8.33,121.67
4584,1,1,1,7,7,VAL,8.68,115.93
4584,1,1,1,8,8,SER,8.09,116.64
4584,1,1,1,9,9,ASP,8.65,121.62
4588,1,1,1,15,15,ALA,8.36,125.17
4588,1,1,1,16,16,TRP,8.93,125.36
4588,1,1,1,17,17,GLN,7.59,125.35
4588,1,1,1,18,18,VAL,7.87,119.02
4588,1,1,1,19,19,ASN,7.57,122.94
4588,1,1,1,20,20,THR,8.26,115.05
4588,1,1,1,21,21,ALA,8.24,129.51
4588,1,1,1,22,22,TYR,8.72,124.37
4588,1,1,1,23,23,THR,8.74,114.0
4588,1,1,1,24,24,ALA,8.3,123.3
4588,1,1,1,25,25,GLY,9.31,111.67
4588,1,1,1,26,26,GLN,7.78,121.11
4588,1,1,1,27,27,LEU,8.66,123.79
4588,1,1,1,28,28,VAL,9.2,114.95
4588,1,1,1,29,29,THR,8.38,112.03
4588,1,1,1,30,30,TYR,9.39,122.42
4588,1,1,1,33,33,LYS,7.63,120.52
4588,1,1,1,34,34,THR,8.72,118.17
4588,1,1,1,35,35,TYR,9.37,122.42
4588,1,1,1,36,36,LYS,9.35,121.59
4588,1,1,1,37,37,CYS,9.48,129.28
4588,1,1,1,38,38,LEU,8.97,130.58
4588,1,1,1,39,39,GLN,7.02,116.87
4588,1,1,1,41,41,HIS,8.28,117.71
4588,1,1,1,42,42,THR,8.52,116.85
4588,1,1,1,43,43,SER,9.45,124.09
4588,1,1,1,44,44,LEU,6.79,118.25
4588,1,1,1,45,45,ALA,8.61,124.72
4588,1,1,1,46,46,GLY,9.54,114.78
4588,1,1,1,47,47,TRP,8.46,121.76
4588,1,1,1,48,48,GLU,8.68,120.02
4588,1,1,1,50,50,SER,5.62,102.76
4588,1,1,1,51,51,ASN,7.94,117.95
4588,1,1,1,52,52,VAL,6.72,112.8
4588,1,1,1,54,54,ALA,8.1,116.81
4588,1,1,1,55,55,LEU,7.59,113.72
4588,1,1,1,56,56,TRP,7.61,118.4
4588,1,1,1,57,57,GLN,9.53,122.74
4588,1,1,1,58,58,LEU,9.29,135.42
4588,1,1,1,59,59,GLN,8.52,131.69
4589,1,1,1,10,10,SER,7.52,118.11
4589,1,1,1,11,11,ILE,8.63,117.37
4589,1,1,1,12,12,SER,8.5,117.14
4589,1,1,1,13,13,ALA,7.79,122.98
4589,1,1,1,14,14,LYS,8.87,132.72
4589,1,1,1,15,15,ALA,8.14,125.49
4589,1,1,1,16,16,GLY,8.97,111.31
4589,1,1,1,17,17,SER,8.39,115.76
4589,1,1,1,18,18,PHE,9.62,124.35
4589,1,1,1,19,19,ALA,8.52,125.03
4589,1,1,1,2,2,GLN,8.04,120.05
4589,1,1,1,20,20,ASP,8.61,122.76
4589,1,1,1,21,21,THR,9.05,123.0
4589,1,1,1,22,22,LYS,8.94,131.16
4589,1,1,1,23,23,ILE,9.48,128.3
4589,1,1,1,24,24,THR,9.16,124.43
4589,1,1,1,25,25,LEU,8.37,127.4
4589,1,1,1,26,26,THR,8.73,120.65
4589,1,1,1,28,28,ASN,8.86,116.44
4589,1,1,1,29,29,GLY,8.2,102.66
4589,1,1,1,3,3,ASP,7.19,115.81
4589,1,1,1,30,30,ASN,7.4,119.28
4589,1,1,1,31,31,THR,9.11,121.05
4589,1,1,1,32,32,PHE,8.88,127.09
4589,1,1,1,33,33,ASN,8.92,127.72
4589,1,1,1,34,34,GLY,5.37,104.26
4589,1,1,1,35,35,ILE,6.73,118.61
4589,1,1,1,36,36,SER,8.25,123.77
4589,1,1,1,37,37,GLU,9.26,117.4
4589,1,1,1,38,38,LEU,7.03,116.98
4589,1,1,1,39,39,GLN,8.32,119.54
4589,1,1,1,40,40,SER,8.87,117.78
4589,1,1,1,41,41,SER,7.33,111.39
4589,1,1,1,42,42,GLN,7.96,121.05
4589,1,1,1,43,43,TYR,7.43,114.01
4589,1,1,1,44,44,THR,9.03,113.39
4589,1,1,1,45,45,LYS,8.86,124.59
4589,1,1,1,46,46,GLY,8.36,115.41
4589,1,1,1,47,47,THR,8.99,120.93
4589,1,1,1,48,48,ASN,9.16,123.7
4589,1,1,1,49,49,GLU,7.24,115.29
4589,1,1,1,5,5,THR,8.05,110.17
4589,1,1,1,50,50,VAL,8.92,119.44
4589,1,1,1,51,51,THR,8.86,120.76
4589,1,1,1,52,52,LEU,9.31,128.71
4589,1,1,1,53,53,LEU,7.54,124.64
4589,1,1,1,54,54,ALA,10.35,130.99
4589,1,1,1,55,55,SER,8.41,110.91
4589,1,1,1,56,56,TYR,7.26,121.98
4589,1,1,1,57,57,LEU,8.4,123.75
4589,1,1,1,58,58,ASN,8.79,113.97
4589,1,1,1,59,59,THR,7.82,111.59
4589,1,1,1,6,6,ILE,7.92,112.11
4589,1,1,1,60,60,LEU,7.01,124.95
4589,1,1,1,62,62,GLU,8.49,118.49
4589,1,1,1,63,63,ASN,7.59,114.19
4589,1,1,1,64,64,THR,7.52,115.46
4589,1,1,1,65,65,THR,8.34,117.54
4589,1,1,1,66,66,LYS,9.42,129.05
4589,1,1,1,67,67,THR,8.52,122.22
4589,1,1,1,68,68,LEU,9.15,125.8
4589,1,1,1,69,69,THR,11.31,124.95
4589,1,1,1,7,7,ASN,7.99,117.64
4589,1,1,1,70,70,PHE,9.12,130.94
4589,1,1,1,71,71,ASP,8.42,124.35
4589,1,1,1,72,72,PHE,8.44,129.08
4589,1,1,1,73,73,GLY,9.51,109.55
4589,1,1,1,74,74,VAL,7.68,109.33
4589,1,1,1,75,75,GLY,8.31,113.92
4589,1,1,1,76,76,THR,8.86,121.74
4589,1,1,1,77,77,LYS,7.75,120.24
4589,1,1,1,78,78,ASN,8.07,123.8
4589,1,1,1,80,80,LYS,7.93,119.24
4589,1,1,1,81,81,LEU,9.32,126.24
4589,1,1,1,82,82,THR,8.28,123.01
4589,1,1,1,83,83,ILE,9.42,129.95
4589,1,1,1,84,84,THR,8.84,125.62
4589,1,1,1,85,85,VAL,8.81,128.17
4589,1,1,1,86,86,LEU,7.51,110.94
4589,1,1,1,88,88,LYS,8.65,121.33
4589,1,1,1,89,89,ASP,8.35,121.35
4589,1,1,1,9,9,THR,8.27,103.05
4589,1,1,1,90,90,ILE,8.19,123.91
4589,1,1,1,92,92,GLY,8.49,110.43
4589,1,1,1,93,93,LEU,7.98,122.66
4589,1,1,1,94,94,GLU,8.47,122.31
4590,1,1,1,10,10,PHE,7.27,114.18
4590,1,1,1,11,11,PHE,8.8,121.02
4590,1,1,1,12,12,VAL,9.08,119.23
4590,1,1,1,13,13,SER,8.81,118.25
4590,1,1,1,14,14,LYS,7.53,120.98
4590,1,1,1,15,15,ARG,7.93,121.57
4590,1,1,1,16,16,ILE,5.13,125.04
4590,1,1,1,18,18,GLU,8.63,128.09
4590,1,1,1,19,19,ASN,8.35,112.71
4590,1,1,1,2,2,VAL,8.55,125.39
4590,1,1,1,20,20,ARG,7.78,116.33
4590,1,1,1,21,21,VAL,7.45,117.82
4590,1,1,1,22,22,VAL,9.0,120.17
4590,1,1,1,23,23,SER,7.89,112.65
4590,1,1,1,24,24,TYR,8.64,116.93
4590,1,1,1,25,25,GLN,8.61,117.91
4590,1,1,1,26,26,LEU,9.07,124.36
4590,1,1,1,27,27,SER,8.5,117.91
4590,1,1,1,28,28,SER,8.53,119.27
4590,1,1,1,29,29,ARG,8.52,124.34
4590,1,1,1,3,3,ILE,8.51,128.61
4590,1,1,1,30,30,SER,8.62,116.54
4590,1,1,1,31,31,THR,7.37,109.73
4590,1,1,1,32,32,CYS,7.72,120.11
4590,1,1,1,33,33,LEU,8.31,122.31
4590,1,1,1,34,34,LYS,7.89,117.4
4590,1,1,1,35,35,ALA,8.39,125.72
4590,1,1,1,36,36,GLY,8.17,105.31
4590,1,1,1,37,37,VAL,8.34,122.31
4590,1,1,1,38,38,ILE,9.1,126.56
4590,1,1,1,39,39,PHE,9.54,129.44
4590,1,1,1,40,40,THR,8.61,118.23
4590,1,1,1,41,41,THR,8.88,117.04
4590,1,1,1,42,42,LYS,8.67,121.53
4590,1,1,1,43,43,LYS,8.07,115.89
4590,1,1,1,44,44,GLY,8.14,107.91
4590,1,1,1,45,45,GLN,7.26,118.92
4590,1,1,1,46,46,GLN,8.65,121.35
4590,1,1,1,47,47,SER,8.93,117.73
4590,1,1,1,48,48,CYS,9.25,123.15
4590,1,1,1,49,49,GLY,9.99,111.97
4590,1,1,1,5,5,SER,8.4,117.56
4590,1,1,1,50,50,ASP,8.22,123.49
4590,1,1,1,52,52,LYS,8.06,116.44
4590,1,1,1,53,53,GLN,7.82,118.52
4590,1,1,1,54,54,GLU,8.79,125.28
4590,1,1,1,55,55,TRP,8.16,116.19
4590,1,1,1,56,56,VAL,5.56,122.36
4590,1,1,1,57,57,GLN,6.95,116.72
4590,1,1,1,58,58,ARG,8.48,120.62
4590,1,1,1,59,59,TYR,8.84,120.21
4590,1,1,1,60,60,MET,7.87,117.1
4590,1,1,1,61,61,LYS,7.63,117.67
4590,1,1,1,62,62,ASN,8.5,119.27
4590,1,1,1,63,63,LEU,8.5,122.99
4590,1,1,1,64,64,ASP,8.82,121.48
4590,1,1,1,65,65,ALA,7.84,121.38
4590,1,1,1,66,66,LYS,7.62,117.4
4590,1,1,1,67,67,GLN,7.86,118.49
4590,1,1,1,68,68,LYS,8.03,121.07
4590,1,1,1,69,69,LYS,8.15,122.04
4590,1,1,1,7,7,CYS,8.44,118.24
4590,1,1,1,70,70,ALA,8.27,125.3
4590,1,1,1,71,71,SER,8.28,116.88
4590,1,1,1,73,73,ARG,7.9,125.62
4590,1,1,1,8,8,CYS,8.87,122.61
4590,1,1,1,9,9,MET,8.94,125.3
4593,1,1,1,10,10,SER,9.767,127.28
4593,1,1,1,11,11,PHE,9.43,124.3
4593,1,1,1,12,12,VAL,8.468,116.5
4593,1,1,1,13,13,ASP,7.389,121.55
4593,1,1,1,14,14,PHE,8.249,123.9
4593,1,1,1,15,15,ALA,8.931,121.74
4593,1,1,1,16,16,ASN,7.902,114.02
4593,1,1,1,17,17,ARG,7.939,121.62
4593,1,1,1,18,18,LEU,8.604,122.99
4593,1,1,1,19,19,ILE,8.457,119.22
4593,1,1,1,2,2,ASP,8.97,126.61
4593,1,1,1,20,20,LYS,7.668,118.14
4593,1,1,1,21,21,ALA,7.9,122.23
4593,1,1,1,22,22,VAL,8.446,118.75
4593,1,1,1,23,23,GLU,8.895,121.85
4593,1,1,1,24,24,GLY,7.51,104.1
4593,1,1,1,25,25,SER,7.386,117.06
4593,1,1,1,26,26,ASP,8.391,117.4
4593,1,1,1,27,27,LEU,7.791,122.15
4593,1,1,1,3,3,ILE,7.638,123.29
4593,1,1,1,30,30,SER,8.409,110.72
4593,1,1,1,31,31,ALA,7.992,123.15
4593,1,1,1,32,32,ARG,7.243,117.08
4593,1,1,1,33,33,ALA,8.781,119.75
4593,1,1,1,35,35,VAL,7.128,118.02
4593,1,1,1,36,36,ILE,8.159,121.93
4593,1,1,1,37,37,ILE,8.348,117.76
4593,1,1,1,38,38,ASP,8.122,119.84
4593,1,1,1,39,39,CYS,8.149,117.7
4593,1,1,1,4,4,MET,8.25,121.72
4593,1,1,1,40,40,PHE,8.691,119.24
4593,1,1,1,41,41,ARG,8.481,115.93
4593,1,1,1,42,42,GLN,8.237,111.63
4593,1,1,1,43,43,LYS,8.852,116.31
4593,1,1,1,44,44,SER,7.016,112.97
4593,1,1,1,45,45,GLN,8.556,121.18
4593,1,1,1,47,47,ASP,9.048,115.78
4593,1,1,1,48,48,ILE,7.43,122.69
4593,1,1,1,49,49,GLN,8.403,120.73
4593,1,1,1,5,5,GLN,7.544,126.25
4593,1,1,1,50,50,GLN,7.788,116.27
4593,1,1,1,51,51,LEU,7.455,120.3
4593,1,1,1,52,52,ILE,8.584,119.66
4593,1,1,1,53,53,ARG,8.135,119.4
4593,1,1,1,54,54,THR,7.357,106.14
4593,1,1,1,55,55,ALA,7.276,126.72
4593,1,1,1,57,57,SER,8.533,117.21
4593,1,1,1,58,58,THR,7.268,109.64
4593,1,1,1,59,59,LEU,7.435,123.62
4593,1,1,1,6,6,GLY,9.732,118.84
4593,1,1,1,60,60,THR,8.5,112.25
4593,1,1,1,61,61,THR,7.73,111.72
4593,1,1,1,63,63,GLY,8.906,103.49
4593,1,1,1,64,64,GLU,7.766,120.59
4593,1,1,1,65,65,ILE,7.75,120.95
4593,1,1,1,66,66,ILE,8.55,119.72
4593,1,1,1,67,67,LYS,7.616,117.24
4593,1,1,1,68,68,TYR,7.751,118.82
4593,1,1,1,69,69,VAL,8.173,118.53
4593,1,1,1,70,70,LEU,8.448,118.79
4593,1,1,1,71,71,ASP,8.366,118.97
4593,1,1,1,72,72,ARG,7.73,118.69
4593,1,1,1,73,73,GLN,7.994,118.47
4593,1,1,1,74,74,LYS,7.818,119.92
4593,1,1,1,75,75,THR,7.885,113.7
4593,1,1,1,76,76,ALA,8.132,127.89
4593,1,1,1,8,8,SER,8.384,112.57
4593,1,1,1,9,9,GLU,7.299,125.82
4599,1,1,1,10,10,LEU,8.02,123.64
4599,1,1,1,100,100,GLY,8.26,110.1
4599,1,1,1,101,101,ILE,8.38,125.25
4599,1,1,1,102,102,LEU,8.16,131.88
4599,1,1,1,103,103,ASN,9.58,128.49
4599,1,1,1,104,104,VAL,8.83,126.77
4599,1,1,1,105,105,SER,9.06,120.6
4599,1,1,1,106,106,ALA,9.08,124.83
4599,1,1,1,107,107,VAL,8.72,121.13
4599,1,1,1,108,108,ASP,8.78,128.26
4599,1,1,1,109,109,LYS,8.89,127.58
4599,1,1,1,11,11,ASP,8.55,122.32
4599,1,1,1,110,110,SER,9.06,115.48
4599,1,1,1,111,111,THR,7.54,110.41
4599,1,1,1,112,112,GLY,8.95,113.73
4599,1,1,1,113,113,LYS,8.17,124.27
4599,1,1,1,114,114,GLU,8.31,122.29
4599,1,1,1,115,115,ASN,8.83,120.01
4599,1,1,1,116,116,LYS,8.0,120.33
4599,1,1,1,117,117,ILE,8.45,117.09
4599,1,1,1,118,118,THR,8.31,122.3
4599,1,1,1,119,119,ILE,9.69,131.77
4599,1,1,1,12,12,VAL,7.7,111.6
4599,1,1,1,120,120,THR,8.47,121.73
4599,1,1,1,121,121,ASN,8.39,121.88
4599,1,1,1,122,122,ASP,8.41,123.25
4599,1,1,1,123,123,LYS,8.55,124.45
4599,1,1,1,124,124,GLY,8.72,110.28
4599,1,1,1,125,125,ARG,7.7,121.53
4599,1,1,1,126,126,LEU,8.02,120.73
4599,1,1,1,127,127,SER,9.25,120.6
4599,1,1,1,128,128,LYS,9.01,123.26
4599,1,1,1,129,129,GLU,8.76,119.74
4599,1,1,1,13,13,THR,8.89,115.93
4599,1,1,1,130,130,ASP,8.08,123.04
4599,1,1,1,131,131,ILE,8.19,122.13
4599,1,1,1,132,132,GLU,8.24,119.38
4599,1,1,1,133,133,ARG,8.1,120.74
4599,1,1,1,134,134,MET,8.24,120.93
4599,1,1,1,135,135,VAL,8.63,122.88
4599,1,1,1,136,136,GLN,8.45,120.95
4599,1,1,1,137,137,GLU,8.82,122.48
4599,1,1,1,138,138,ALA,7.8,120.94
4599,1,1,1,139,139,GLU,7.68,118.42
4599,1,1,1,140,140,LYS,8.08,122.48
4599,1,1,1,141,141,TYR,7.73,116.67
4599,1,1,1,142,142,LYS,7.22,123.44
4599,1,1,1,143,143,ALA,8.67,121.54
4599,1,1,1,144,144,GLU,8.42,121.3
4599,1,1,1,145,145,ASP,9.0,123.83
4599,1,1,1,146,146,GLU,8.49,121.29
4599,1,1,1,147,147,LYS,7.58,119.02
4599,1,1,1,148,148,GLN,7.81,118.59
4599,1,1,1,149,149,ARG,8.13,120.81
4599,1,1,1,15,15,LEU,7.33,115.17
4599,1,1,1,150,150,ASP,8.1,119.38
4599,1,1,1,151,151,LYS,7.48,118.82
4599,1,1,1,152,152,VAL,7.57,120.14
4599,1,1,1,153,153,SER,8.04,130.24
4599,1,1,1,154,154,SER,8.23,125.02
4599,1,1,1,155,155,LYS,8.08,123.64
4599,1,1,1,156,156,ASN,8.77,119.19
4599,1,1,1,157,157,SER,8.56,116.27
4599,1,1,1,158,158,LEU,9.15,123.46
4599,1,1,1,159,159,GLU,8.67,123.29
4599,1,1,1,16,16,SER,11.68,125.86
4599,1,1,1,160,160,HIS,8.75,120.97
4599,1,1,1,161,161,HIS,7.99,126.98
4599,1,1,1,17,17,LEU,8.67,122.71
4599,1,1,1,18,18,GLY,9.38,113.35
4599,1,1,1,19,19,ILE,8.6,114.17
4599,1,1,1,2,2,GLU,8.7,123.55
4599,1,1,1,20,20,GLU,7.57,120.84
4599,1,1,1,21,21,THR,9.7,123.23
4599,1,1,1,22,22,ALA,8.26,120.81
4599,1,1,1,23,23,GLY,8.25,108.41
4599,1,1,1,24,24,GLY,8.22,108.58
4599,1,1,1,25,25,VAL,7.21,125.35
4599,1,1,1,26,26,MET,8.68,126.42
4599,1,1,1,27,27,THR,9.13,131.94
4599,1,1,1,28,28,VAL,8.81,129.85
4599,1,1,1,29,29,LEU,9.04,129.61
4599,1,1,1,3,3,ASN,8.51,120.89
4599,1,1,1,30,30,ILE,7.64,117.21
4599,1,1,1,31,31,LYS,9.04,131.7
4599,1,1,1,32,32,ARG,8.09,126.27
4599,1,1,1,33,33,ASN,9.05,121.34
4599,1,1,1,34,34,THR,8.03,119.21
4599,1,1,1,35,35,THR,8.59,123.68
4599,1,1,1,36,36,ILE,7.84,120.43
4599,1,1,1,38,38,THR,8.61,116.32
4599,1,1,1,39,39,LYS,7.83,125.56
4599,1,1,1,4,4,VAL,8.2,122.1
4599,1,1,1,40,40,GLN,9.16,125.19
4599,1,1,1,41,41,THR,8.64,122.46
4599,1,1,1,42,42,GLN,9.16,126.39
4599,1,1,1,43,43,THR,8.51,120.33
4599,1,1,1,44,44,PHE,9.76,128.52
4599,1,1,1,45,45,THR,8.72,115.34
4599,1,1,1,46,46,THR,8.85,111.65
4599,1,1,1,47,47,TYR,8.24,123.27
4599,1,1,1,48,48,SER,8.62,114.5
4599,1,1,1,49,49,ASP,8.77,123.53
4599,1,1,1,5,5,GLN,8.49,124.42
4599,1,1,1,50,50,ASN,9.11,117.61
4599,1,1,1,51,51,GLN,7.7,125.19
4599,1,1,1,53,53,GLY,6.83,107.16
4599,1,1,1,54,54,VAL,8.67,110.22
4599,1,1,1,55,55,LEU,8.43,125.23
4599,1,1,1,56,56,ILE,9.09,131.27
4599,1,1,1,57,57,GLN,9.21,127.98
4599,1,1,1,58,58,VAL,8.86,125.02
4599,1,1,1,59,59,TYR,9.2,128.88
4599,1,1,1,6,6,ASP,8.29,122.66
4599,1,1,1,60,60,GLU,9.19,119.92
4599,1,1,1,61,61,GLY,8.88,113.85
4599,1,1,1,62,62,GLU,8.41,112.44
4599,1,1,1,63,63,ARG,8.54,120.2
4599,1,1,1,64,64,ALA,7.46,123.42
4599,1,1,1,65,65,MET,8.75,115.91
4599,1,1,1,66,66,THR,8.3,115.84
4599,1,1,1,67,67,LYS,8.34,119.99
4599,1,1,1,68,68,ASP,7.4,119.18
4599,1,1,1,69,69,ASN,7.87,121.69
4599,1,1,1,7,7,LEU,8.1,123.4
4599,1,1,1,70,70,ASN,8.77,117.6
4599,1,1,1,71,71,LEU,8.83,130.78
4599,1,1,1,72,72,LEU,9.44,128.17
4599,1,1,1,73,73,GLY,7.24,129.83
4599,1,1,1,74,74,LYS,8.63,117.8
4599,1,1,1,75,75,PHE,8.87,116.64
4599,1,1,1,76,76,GLU,9.06,120.6
4599,1,1,1,77,77,LEU,8.49,126.49
4599,1,1,1,78,78,THR,8.36,118.04
4599,1,1,1,79,79,GLY,8.28,108.41
4599,1,1,1,8,8,LEU,8.18,123.25
4599,1,1,1,80,80,ILE,7.93,124.45
4599,1,1,1,83,83,ALA,8.02,128.88
4599,1,1,1,85,85,ARG,9.3,122.36
4599,1,1,1,86,86,GLY,7.41,110.35
4599,1,1,1,87,87,VAL,7.64,120.49
4599,1,1,1,89,89,GLN,9.25,124.47
4599,1,1,1,9,9,LEU,8.09,123.83
4599,1,1,1,90,90,ILE,9.28,126.59
4599,1,1,1,91,91,GLU,9.43,130.24
4599,1,1,1,92,92,VAL,9.6,132.04
4599,1,1,1,93,93,THR,9.25,124.4
4599,1,1,1,94,94,PHE,9.63,129.89
4599,1,1,1,95,95,ASP,8.89,125.81
4599,1,1,1,96,96,ILE,9.33,127.28
4599,1,1,1,97,97,ASP,8.29,130.24
4599,1,1,1,98,98,ALA,8.51,118.58
4599,1,1,1,99,99,ASN,8.23,115.11
4600,1,1,1,10,10,LYS,8.22,117.9
4600,1,1,1,11,11,GLY,8.23,106.7
4600,1,1,1,12,12,HIS,6.89,112.6
4600,1,1,1,13,13,PHE,8.44,116.0
4600,1,1,1,14,14,ALA,8.97,124.6
4600,1,1,1,15,15,LYS,8.27,115.4
4600,1,1,1,16,16,ASN,7.94,115.2
4600,1,1,1,17,17,CYS,7.42,122.7
4600,1,1,1,19,19,GLU,8.41,122.5
4600,1,1,1,21,21,ALA,8.11,130.5
4600,1,1,1,23,23,ASN,8.36,121.7
4600,1,1,1,24,24,ASN,7.9,127.5
4600,1,1,1,25,25,ALA,8.18,123.4
4600,1,1,1,26,26,GLU,8.19,121.2
4600,1,1,1,28,28,LYS,8.49,121.2
4600,1,1,1,29,29,VAL,8.08,120.3
4600,1,1,1,3,3,SER,7.85,114.8
4600,1,1,1,31,31,GLY,7.44,107.1
4600,1,1,1,32,32,LEU,7.94,118.7
4600,1,1,1,33,33,CYS,8.34,131.5
4600,1,1,1,35,35,ARG,9.3,123.4
4600,1,1,1,36,36,CYS,8.65,116.1
4600,1,1,1,37,37,LYS,8.02,118.3
4600,1,1,1,38,38,ARG,8.89,117.3
4600,1,1,1,39,39,GLY,7.03,103.7
4600,1,1,1,4,4,CYS,8.25,126.0
4600,1,1,1,40,40,LYS,8.54,120.9
4600,1,1,1,41,41,HIS,6.92,117.5
4600,1,1,1,42,42,TRP,8.58,120.1
4600,1,1,1,43,43,ALA,9.49,125.8
4600,1,1,1,44,44,ASN,8.54,111.6
4600,1,1,1,45,45,GLU,7.81,117.7
4600,1,1,1,46,46,CYS,7.36,122.9
4600,1,1,1,47,47,LYS,8.62,128.1
4600,1,1,1,48,48,SER,8.46,119.1
4600,1,1,1,5,5,PHE,8.27,127.7
4600,1,1,1,50,50,THR,7.64,109.7
4600,1,1,1,51,51,ASP,8.68,120.4
4600,1,1,1,52,52,ASN,8.23,116.4
4600,1,1,1,53,53,GLN,8.17,118.5
4600,1,1,1,54,54,GLY,8.13,107.4
4600,1,1,1,55,55,ASN,8.44,120.1
4600,1,1,1,57,57,ILE,7.82,123.6
4600,1,1,1,6,6,LYS,9.14,123.7
4600,1,1,1,60,60,HIS,7.85,122.1
4600,1,1,1,7,7,CYS,8.44,116.6
4600,1,1,1,8,8,GLY,7.95,113.0
4600,1,1,1,9,9,LYS,8.35,121.3
4602,1,1,1,10,10,GLU,8.32,123.7
4602,1,1,1,11,11,GLU,7.66,125.7
4602,1,1,1,12,12,ILE,8.45,128.5
4602,1,1,1,13,13,LYS,7.93,123.8
4602,1,1,1,14,14,LYS,7.07,121.4
4602,1,1,1,16,16,ASN,7.43,125.3
4602,1,1,1,17,17,HIS,7.49,124.3
4602,1,1,1,19,19,LYS,8.37,125.3
4602,1,1,1,20,20,SER,7.03,122.6
4602,1,1,1,21,21,THR,8.86,132.2
4602,1,1,1,22,22,TRP,8.79,134.3
4602,1,1,1,23,23,LEU,8.41,123.4
4602,1,1,1,24,24,ILE,7.98,128.1
4602,1,1,1,25,25,LEU,8.3,128.9
4602,1,1,1,26,26,HIS,9.29,132.4
4602,1,1,1,27,27,HIS,8.58,115.6
4602,1,1,1,28,28,LYS,8.21,129.3
4602,1,1,1,29,29,VAL,8.21,128.1
4602,1,1,1,30,30,TYR,8.79,134.0
4602,1,1,1,32,32,LEU,8.34,129.0
4602,1,1,1,33,33,THR,8.64,126.4
4602,1,1,1,34,34,LYS,8.88,124.2
4602,1,1,1,35,35,PHE,8.1,127.3
4602,1,1,1,36,36,LEU,7.87,126.7
4602,1,1,1,37,37,GLU,8.58,119.5
4602,1,1,1,4,4,VAL,7.65,129.3
4602,1,1,1,42,42,GLY,6.59,119.9
4602,1,1,1,43,43,GLU,10.04,128.4
4602,1,1,1,44,44,GLU,9.6,131.3
4602,1,1,1,45,45,VAL,9.41,119.5
4602,1,1,1,46,46,LEU,7.37,123.4
4602,1,1,1,47,47,ARG,8.5,126.0
4602,1,1,1,48,48,GLU,8.14,123.8
4602,1,1,1,49,49,GLN,6.59,119.9
4602,1,1,1,5,5,LYS,8.09,134.3
4602,1,1,1,50,50,ALA,6.87,128.3
4602,1,1,1,51,51,GLY,9.34,118.5
4602,1,1,1,52,52,GLY,7.35,112.3
4602,1,1,1,53,53,ASP,8.27,124.6
4602,1,1,1,54,54,ALA,8.21,136.3
4602,1,1,1,55,55,THR,7.83,124.6
4602,1,1,1,56,56,GLU,8.5,126.3
4602,1,1,1,57,57,ASN,7.65,123.5
4602,1,1,1,59,59,GLU,8.76,127.2
4602,1,1,1,6,6,TYR,8.11,128.9
4602,1,1,1,60,60,ASP,8.93,128.9
4602,1,1,1,61,61,VAL,8.18,123.4
4602,1,1,1,62,62,GLY,9.06,116.4
4602,1,1,1,65,65,THR,9.37,124.2
4602,1,1,1,66,66,ASP,8.38,129.3
4602,1,1,1,67,67,ALA,8.9,132.0
4602,1,1,1,68,68,ARG,9.36,126.5
4602,1,1,1,69,69,GLU,9.07,130.8
4602,1,1,1,7,7,TYR,8.58,125.4
4602,1,1,1,71,71,SER,8.48,122.2
4602,1,1,1,72,72,LYS,7.18,127.7
4602,1,1,1,73,73,THR,7.63,117.1
4602,1,1,1,74,74,PHE,7.27,125.4
4602,1,1,1,75,75,ILE,6.78,127.7
4602,1,1,1,76,76,ILE,8.59,127.3
4602,1,1,1,77,77,GLY,7.3,117.9
4602,1,1,1,78,78,GLU,8.99,125.7
4602,1,1,1,79,79,LEU,8.69,130.4
4602,1,1,1,8,8,THR,9.13,122.4
4602,1,1,1,80,80,HIS,9.0,137.8
4602,1,1,1,82,82,ASP,11.0,128.5
4602,1,1,1,83,83,ASP,8.11,124.9
4602,1,1,1,84,84,ARG,7.28,126.9
4602,1,1,1,87,87,LEU,7.38,122.5
4602,1,1,1,9,9,LEU,9.67,130.8
4603,1,1,1,10,10,LEU,8.37,118.6
4603,1,1,1,11,11,ASP,8.27,120.0
4603,1,1,1,12,12,ILE,7.61,121.2
4603,1,1,1,13,13,LEU,8.61,117.9
4603,1,1,1,14,14,ALA,9.15,126.5
4603,1,1,1,15,15,ASP,7.75,119.5
4603,1,1,1,16,16,LEU,8.43,117.4
4603,1,1,1,17,17,THR,8.19,105.1
4603,1,1,1,18,18,GLY,7.7,110.7
4603,1,1,1,19,19,SER,7.94,113.1
4603,1,1,1,2,2,ASP,8.93,121.8
4603,1,1,1,20,20,ASP,8.68,123.6
4603,1,1,1,21,21,ASP,8.65,122.3
4603,1,1,1,22,22,VAL,7.04,110.5
4603,1,1,1,23,23,LYS,7.1,111.8
4603,1,1,1,24,24,LYS,7.2,116.4
4603,1,1,1,25,25,ASN,7.44,116.4
4603,1,1,1,26,26,LEU,8.68,122.4
4603,1,1,1,27,27,ASP,7.95,115.9
4603,1,1,1,28,28,LEU,7.02,125.0
4603,1,1,1,29,29,ASN,8.62,122.3
4603,1,1,1,3,3,GLU,8.91,125.4
4603,1,1,1,30,30,LEU,9.23,128.1
4603,1,1,1,31,31,PHE,7.81,113.6
4603,1,1,1,32,32,GLU,8.89,123.3
4603,1,1,1,33,33,THR,7.57,104.8
4603,1,1,1,34,34,GLY,7.46,108.2
4603,1,1,1,35,35,LEU,7.49,120.7
4603,1,1,1,36,36,LEU,7.65,116.8
4603,1,1,1,37,37,ASP,7.79,122.2
4603,1,1,1,38,38,SER,8.74,117.0
4603,1,1,1,39,39,MET,8.18,122.0
4603,1,1,1,4,4,ALA,8.32,121.4
4603,1,1,1,40,40,GLY,8.96,110.8
4603,1,1,1,41,41,THR,8.18,117.7
4603,1,1,1,42,42,VAL,7.22,121.0
4603,1,1,1,43,43,GLN,7.61,118.0
4603,1,1,1,44,44,LEU,8.5,120.5
4603,1,1,1,45,45,LEU,7.94,117.6
4603,1,1,1,46,46,LEU,7.97,120.7
4603,1,1,1,47,47,GLU,8.44,120.7
4603,1,1,1,48,48,LEU,8.93,118.4
4603,1,1,1,49,49,GLN,8.28,121.5
4603,1,1,1,5,5,ILE,7.97,120.2
4603,1,1,1,50,50,SER,8.25,114.5
4603,1,1,1,51,51,GLN,8.56,116.4
4603,1,1,1,52,52,PHE,7.57,112.5
4603,1,1,1,53,53,GLY,7.75,108.9
4603,1,1,1,54,54,VAL,7.04,118.7
4603,1,1,1,55,55,ASP,8.74,127.4
4603,1,1,1,56,56,ALA,8.12,127.2
4603,1,1,1,58,58,VAL,8.38,122.1
4603,1,1,1,59,59,SER,8.18,114.9
4603,1,1,1,6,6,LYS,8.02,119.8
4603,1,1,1,60,60,GLU,7.73,119.4
4603,1,1,1,61,61,PHE,7.73,122.6
4603,1,1,1,62,62,ASP,8.03,127.5
4603,1,1,1,63,63,ARG,8.63,125.6
4603,1,1,1,64,64,LYS,7.98,115.5
4603,1,1,1,65,65,GLU,7.75,114.3
4603,1,1,1,66,66,TRP,7.65,117.4
4603,1,1,1,67,67,ASP,7.11,111.8
4603,1,1,1,68,68,THR,7.24,107.1
4603,1,1,1,7,7,ASN,8.51,114.6
4603,1,1,1,70,70,ASN,8.93,114.5
4603,1,1,1,71,71,LYS,8.15,121.3
4603,1,1,1,72,72,ILE,7.97,120.3
4603,1,1,1,73,73,ILE,8.72,119.3
4603,1,1,1,74,74,ALA,7.56,119.7
4603,1,1,1,75,75,LYS,7.63,118.1
4603,1,1,1,76,76,VAL,8.05,119.4
4603,1,1,1,77,77,GLU,8.72,120.1
4603,1,1,1,78,78,GLN,7.95,116.7
4603,1,1,1,79,79,ALA,7.44,121.3
4603,1,1,1,8,8,GLY,8.21,107.9
4603,1,1,1,80,80,GLN,7.39,122.5
4603,1,1,1,9,9,VAL,8.77,122.8
4619,1,1,1,1,1,PHE,8.3,120.175
4619,1,1,1,10,10,GLU,8.123,120.966
4619,1,1,1,11,11,GLU,8.002,121.066
4619,1,1,1,12,12,HIS,8.429,118.812
4619,1,1,1,13,13,GLU,8.303,119.305
4619,1,1,1,14,14,LYS,7.149,115.008
4619,1,1,1,15,15,TYR,7.915,115.369
4619,1,1,1,16,16,HIS,8.617,117.959
4619,1,1,1,17,17,SER,6.661,111.196
4619,1,1,1,18,18,ASN,8.918,123.764
4619,1,1,1,19,19,VAL,8.237,116.465
4619,1,1,1,2,2,LEU,7.908,122.85
4619,1,1,1,20,20,LYS,8.036,121.024
4619,1,1,1,21,21,GLU,8.471,120.855
4619,1,1,1,22,22,LEU,8.81,119.62
4619,1,1,1,23,23,SER,8.481,115.093
4619,1,1,1,24,24,HIS,8.219,120.324
4619,1,1,1,25,25,LYS,8.386,119.025
4619,1,1,1,26,26,PHE,7.81,112.122
4619,1,1,1,27,27,GLY,7.708,110.411
4619,1,1,1,28,28,ILE,6.805,110.2
4619,1,1,1,3,3,GLU,8.485,119.0
4619,1,1,1,31,31,LEU,8.759,117.97
4619,1,1,1,32,32,VAL,6.787,119.038
4619,1,1,1,33,33,ALA,7.815,122.936
4619,1,1,1,34,34,ARG,8.799,117.723
4619,1,1,1,35,35,GLN,7.451,119.712
4619,1,1,1,36,36,ILE,7.55,121.168
4619,1,1,1,37,37,VAL,7.598,120.84
4619,1,1,1,38,38,ASN,8.63,116.639
4619,1,1,1,39,39,SER,7.338,113.951
4619,1,1,1,4,4,LYS,8.061,118.892
4619,1,1,1,40,40,CYS,7.392,125.928
4619,1,1,1,41,41,ALA,9.142,134.186
4619,1,1,1,42,42,GLN,8.424,119.388
4619,1,1,1,43,43,CYS,8.561,122.149
4619,1,1,1,44,44,GLN,8.135,119.848
4619,1,1,1,45,45,GLN,7.889,119.655
4619,1,1,1,46,46,LYS,8.043,121.592
4619,1,1,1,47,47,GLY,8.202,109.793
4619,1,1,1,48,48,GLU,8.224,121.446
4619,1,1,1,49,49,ALA,8.264,125.657
4619,1,1,1,5,5,ILE,7.649,120.007
4619,1,1,1,50,50,ILE,7.963,120.168
4619,1,1,1,51,51,HIS,8.354,123.39
4619,1,1,1,52,52,GLY,8.34,110.96
4619,1,1,1,53,53,GLN,8.248,121.184
4619,1,1,1,54,54,VAL,8.248,122.516
4619,1,1,1,55,55,ASN,8.073,128.509
4619,1,1,1,6,6,GLU,8.614,122.12
4619,1,1,1,8,8,ALA,7.211,122.501
4619,1,1,1,9,9,GLN,8.28,120.362
4620,1,1,1,10,10,TYR,7.72,117.5
4620,1,1,1,100,100,TYR,8.59,120.7
4620,1,1,1,101,101,GLU,8.32,120.2
4620,1,1,1,102,102,LYS,7.77,119.1
4620,1,1,1,103,103,GLU,8.42,118.7
4620,1,1,1,104,104,SER,8.46,115.6
4620,1,1,1,105,105,GLN,7.56,120.3
4620,1,1,1,106,106,ALA,7.49,120.4
4620,1,1,1,107,107,TYR,8.01,119.1
4620,1,1,1,108,108,TYR,7.97,118.2
4620,1,1,1,109,109,GLN,7.85,119.6
4620,1,1,1,11,11,MET,9.02,120.7
4620,1,1,1,110,110,ARG,7.97,120.8
4620,1,1,1,111,111,GLY,8.31,108.6
4620,1,1,1,112,112,SER,8.16,115.7
4620,1,1,1,12,12,LEU,8.09,121.4
4620,1,1,1,13,13,GLY,9.38,114.8
4620,1,1,1,14,14,SER,8.32,113.6
4620,1,1,1,15,15,ALA,8.75,125.6
4620,1,1,1,16,16,MET,8.78,121.1
4620,1,1,1,17,17,SER,8.45,116.2
4620,1,1,1,18,18,ARG,8.66,126.5
4620,1,1,1,2,2,SER,8.67,115.7
4620,1,1,1,20,20,ILE,8.67,122.4
4620,1,1,1,21,21,ILE,6.46,126.8
4620,1,1,1,22,22,HIS,8.26,122.0
4620,1,1,1,23,23,PHE,10.25,123.6
4620,1,1,1,24,24,GLY,9.02,108.5
4620,1,1,1,25,25,SER,7.32,111.7
4620,1,1,1,26,26,ASP,9.07,124.5
4620,1,1,1,27,27,TYR,8.61,118.9
4620,1,1,1,28,28,GLU,7.74,118.9
4620,1,1,1,29,29,ASP,8.23,119.7
4620,1,1,1,3,3,VAL,8.39,122.0
4620,1,1,1,30,30,ARG,8.23,120.3
4620,1,1,1,31,31,TYR,8.32,121.3
4620,1,1,1,32,32,TYR,8.99,120.6
4620,1,1,1,33,33,ARG,8.01,117.8
4620,1,1,1,34,34,GLU,8.08,116.4
4620,1,1,1,35,35,ASN,7.63,114.7
4620,1,1,1,36,36,MET,8.13,119.7
4620,1,1,1,37,37,HIS,8.1,115.1
4620,1,1,1,38,38,ARG,7.63,117.8
4620,1,1,1,39,39,TYR,7.49,120.7
4620,1,1,1,4,4,VAL,8.34,124.8
4620,1,1,1,41,41,ASN,8.57,116.1
4620,1,1,1,42,42,GLN,7.28,113.9
4620,1,1,1,43,43,VAL,8.54,112.8
4620,1,1,1,44,44,TYR,8.47,121.2
4620,1,1,1,45,45,TYR,8.61,111.0
4620,1,1,1,46,46,ARG,8.07,121.0
4620,1,1,1,48,48,MET,8.8,120.3
4620,1,1,1,49,49,ASP,8.46,118.9
4620,1,1,1,5,5,GLY,8.59,113.4
4620,1,1,1,50,50,GLU,8.39,116.7
4620,1,1,1,54,54,GLN,8.69,120.2
4620,1,1,1,55,55,ASN,8.39,116.8
4620,1,1,1,56,56,ASN,8.68,118.5
4620,1,1,1,58,58,VAL,8.99,120.2
4620,1,1,1,59,59,HIS,8.38,116.7
4620,1,1,1,6,6,GLY,8.3,108.6
4620,1,1,1,60,60,ASP,7.8,118.5
4620,1,1,1,61,61,CYS,8.13,119.2
4620,1,1,1,62,62,VAL,9.18,124.7
4620,1,1,1,63,63,ASN,7.71,116.3
4620,1,1,1,64,64,ILE,8.71,118.5
4620,1,1,1,65,65,THR,8.16,118.3
4620,1,1,1,66,66,ILE,8.53,120.8
4620,1,1,1,67,67,LYS,8.07,122.8
4620,1,1,1,68,68,GLN,8.37,116.1
4620,1,1,1,69,69,HIS,8.15,118.0
4620,1,1,1,7,7,LEU,8.27,121.8
4620,1,1,1,70,70,THR,8.25,113.7
4620,1,1,1,71,71,VAL,8.02,122.1
4620,1,1,1,72,72,THR,8.08,115.0
4620,1,1,1,73,73,THR,8.02,114.8
4620,1,1,1,74,74,THR,8.2,116.4
4620,1,1,1,75,75,THR,7.94,116.1
4620,1,1,1,76,76,LYS,7.86,121.1
4620,1,1,1,77,77,GLY,8.14,108.9
4620,1,1,1,78,78,GLU,7.73,120.0
4620,1,1,1,79,79,ASN,8.48,119.7
4620,1,1,1,8,8,GLY,8.55,109.9
4620,1,1,1,80,80,PHE,8.69,121.9
4620,1,1,1,81,81,THR,9.53,116.1
4620,1,1,1,82,82,GLU,9.14,119.9
4620,1,1,1,83,83,THR,7.98,116.2
4620,1,1,1,84,84,ASP,7.51,120.1
4620,1,1,1,85,85,VAL,8.25,119.6
4620,1,1,1,86,86,LYS,7.74,119.1
4620,1,1,1,87,87,MET,8.25,118.7
4620,1,1,1,88,88,MET,8.77,118.3
4620,1,1,1,89,89,GLU,8.42,118.2
4620,1,1,1,9,9,GLY,8.38,109.2
4620,1,1,1,90,90,ARG,7.35,116.9
4620,1,1,1,91,91,VAL,8.29,119.1
4620,1,1,1,92,92,VAL,9.0,121.3
4620,1,1,1,93,93,GLU,8.17,120.4
4620,1,1,1,94,94,GLN,7.27,114.8
4620,1,1,1,95,95,MET,8.29,119.1
4620,1,1,1,96,96,CYS,9.23,119.3
4620,1,1,1,97,97,ILE,8.36,123.8
4620,1,1,1,98,98,THR,8.17,118.6
4620,1,1,1,99,99,GLN,8.71,122.2
4621,1,1,1,1,1,GLY,8.37,110.2
4621,1,1,1,10,10,LEU,8.18,122.2
4621,1,1,1,11,11,GLU,8.31,120.8
4621,1,1,1,12,12,MET,8.15,120.3
4621,1,1,1,13,13,SER,8.25,116.3
4621,1,1,1,14,14,ARG,8.22,122.3
4621,1,1,1,15,15,SER,8.44,118.6
4621,1,1,1,17,17,ASP,8.19,118.3
4621,1,1,1,18,18,ALA,7.93,123.8
4621,1,1,1,19,19,LYS,8.25,120.5
4621,1,1,1,2,2,LEU,8.01,121.2
4621,1,1,1,20,20,GLU,8.35,121.4
4621,1,1,1,21,21,ASP,8.32,122.5
4621,1,1,1,23,23,VAL,8.29,120.5
4621,1,1,1,24,24,GLU,8.3,123.7
4621,1,1,1,25,25,CYS,8.57,126.2
4621,1,1,1,27,27,LEU,8.79,120.7
4621,1,1,1,28,28,CYS,7.93,117.3
4621,1,1,1,29,29,MET,7.97,117.4
4621,1,1,1,3,3,VAL,8.05,122.0
4621,1,1,1,30,30,GLU,8.17,119.7
4621,1,1,1,32,32,LEU,8.36,122.7
4621,1,1,1,33,33,GLU,9.23,123.0
4621,1,1,1,34,34,ILE,8.65,121.7
4621,1,1,1,35,35,ASP,8.25,117.2
4621,1,1,1,36,36,ASP,7.8,117.2
4621,1,1,1,37,37,ILE,7.47,120.0
4621,1,1,1,38,38,ASN,7.77,116.4
4621,1,1,1,39,39,PHE,7.11,121.3
4621,1,1,1,40,40,PHE,8.23,125.7
4621,1,1,1,42,42,CYS,8.56,119.8
4621,1,1,1,43,43,THR,8.53,124.0
4621,1,1,1,44,44,CYS,9.56,125.5
4621,1,1,1,45,45,GLY,7.74,108.6
4621,1,1,1,46,46,TYR,8.84,124.4
4621,1,1,1,47,47,GLN,8.48,133.2
4621,1,1,1,48,48,ILE,6.66,113.2
4621,1,1,1,49,49,CYS,9.28,120.4
4621,1,1,1,5,5,ARG,8.45,121.6
4621,1,1,1,50,50,ARG,8.53,117.9
4621,1,1,1,51,51,PHE,8.15,121.3
4621,1,1,1,52,52,CYS,9.6,126.8
4621,1,1,1,53,53,TRP,8.72,121.6
4621,1,1,1,54,54,HIS,8.46,117.1
4621,1,1,1,55,55,ARG,8.05,121.8
4621,1,1,1,56,56,ILE,8.79,120.7
4621,1,1,1,57,57,ARG,7.8,116.3
4621,1,1,1,58,58,THR,7.87,111.8
4621,1,1,1,59,59,ASP,8.46,119.8
4621,1,1,1,6,6,GLY,8.48,109.9
4621,1,1,1,60,60,GLU,7.05,118.6
4621,1,1,1,61,61,ASN,7.77,115.9
4621,1,1,1,62,62,GLY,7.9,105.0
4621,1,1,1,63,63,LEU,7.12,117.7
4621,1,1,1,64,64,CYS,7.76,124.5
4621,1,1,1,66,66,ALA,8.26,120.8
4621,1,1,1,67,67,CYS,7.87,116.3
4621,1,1,1,68,68,ARG,7.77,116.6
4621,1,1,1,69,69,LYS,8.4,122.5
4621,1,1,1,7,7,SER,8.22,115.3
4621,1,1,1,71,71,TYR,8.52,125.0
4621,1,1,1,73,73,GLU,8.58,120.2
4621,1,1,1,74,74,ASP,8.22,119.0
4621,1,1,1,76,76,ALA,8.22,122.6
4621,1,1,1,77,77,VAL,7.78,117.4
4621,1,1,1,78,78,TYR,8.1,123.7
4621,1,1,1,79,79,LYS,7.92,125.6
4621,1,1,1,81,81,LEU,8.28,122.1
4621,1,1,1,82,82,SER,8.44,116.6
4621,1,1,1,83,83,GLN,8.59,121.4
4621,1,1,1,84,84,GLN,8.45,120.0
4621,1,1,1,85,85,GLU,8.11,120.3
4621,1,1,1,86,86,LEU,8.07,121.4
4621,1,1,1,87,87,GLN,8.04,119.0
4621,1,1,1,88,88,ARG,8.05,122.0
4621,1,1,1,89,89,ILE,7.62,125.9
4621,1,1,1,9,9,MET,8.25,120.5
4622,1,1,1,11,11,ASP,8.414,119.271
4622,1,1,1,12,12,ASN,8.275,118.397
4622,1,1,1,13,13,VAL,7.964,121.574
4622,1,1,1,15,15,MET,8.447,120.853
4622,1,1,1,16,16,ASP,8.271,121.392
4622,1,1,1,17,17,MET,8.158,121.22
4622,1,1,1,18,18,SER,8.379,118.578
4622,1,1,1,20,20,LYS,8.166,116.455
4622,1,1,1,21,21,ALA,7.653,123.319
4622,1,1,1,22,22,LEU,8.561,120.869
4622,1,1,1,23,23,GLN,8.352,117.869
4622,1,1,1,24,24,GLN,7.788,118.748
4622,1,1,1,25,25,LYS,7.943,121.562
4622,1,1,1,26,26,ILE,8.481,119.981
4622,1,1,1,27,27,HIS,7.923,117.694
4622,1,1,1,28,28,GLU,8.307,121.034
4622,1,1,1,29,29,LEU,8.733,120.866
4622,1,1,1,30,30,GLU,8.943,120.512
4622,1,1,1,31,31,GLY,7.627,105.194
4622,1,1,1,32,32,LEU,7.903,124.382
4622,1,1,1,33,33,MET,9.033,119.986
4622,1,1,1,34,34,MET,7.777,114.876
4622,1,1,1,35,35,GLN,8.032,122.27
4622,1,1,1,36,36,HIS,8.403,117.168
4622,1,1,1,37,37,ALA,8.453,121.747
4622,1,1,1,38,38,GLN,8.306,118.579
4622,1,1,1,39,39,ASN,7.259,115.761
4622,1,1,1,40,40,LEU,7.613,113.991
4622,1,1,1,41,41,GLU,8.137,123.683
4622,1,1,1,42,42,PHE,6.904,118.398
4622,1,1,1,43,43,GLU,10.355,124.03
4622,1,1,1,44,44,GLU,8.748,122.089
4622,1,1,1,45,45,ALA,7.835,120.505
4622,1,1,1,46,46,ALA,8.087,119.977
4622,1,1,1,47,47,GLN,7.258,116.11
4622,1,1,1,48,48,ILE,7.803,119.978
4622,1,1,1,49,49,ARG,8.864,122.799
4622,1,1,1,50,50,ASP,8.107,120.148
4622,1,1,1,51,51,GLN,7.931,123.146
4622,1,1,1,52,52,LEU,9.153,121.917
4622,1,1,1,53,53,HIS,8.237,118.05
4622,1,1,1,54,54,GLN,7.427,116.814
4622,1,1,1,55,55,LEU,8.239,120.149
4622,1,1,1,56,56,ARG,8.671,118.222
4622,1,1,1,57,57,GLU,7.551,117.875
4622,1,1,1,58,58,LEU,7.751,120.156
4622,1,1,1,59,59,PHE,8.365,119.804
4622,1,1,1,60,60,ILE,8.091,120.687
4622,1,1,1,61,61,ALA,7.707,123.327
4622,1,1,1,62,62,ALA,7.721,121.559
4622,1,1,1,63,63,SER,7.523,120.502
4622,1,1,1,8,8,LEU,8.201,123.675
4622,1,1,1,9,9,GLU,8.373,123.319
4623,1,1,1,10,10,ALA,8.6,130.7
4623,1,1,1,11,11,GLU,8.9,121.7
4623,1,1,1,12,12,GLU,8.43,119.4
4623,1,1,1,13,13,TRP,8.63,126.8
4623,1,1,1,14,14,SER,8.83,115.2
4623,1,1,1,15,15,ASP,7.71,114.4
4623,1,1,1,16,16,GLY,6.43,108.7
4623,1,1,1,17,17,PHE,8.11,111.8
4623,1,1,1,18,18,ASN,9.11,118.5
4623,1,1,1,19,19,VAL,8.94,120.3
4623,1,1,1,2,2,GLY,8.32,110.9
4623,1,1,1,20,20,THR,8.51,120.3
4623,1,1,1,21,21,TYR,9.02,125.4
4623,1,1,1,22,22,SER,8.35,114.7
4623,1,1,1,23,23,VAL,8.91,129.5
4623,1,1,1,24,24,SER,9.02,122.9
4623,1,1,1,25,25,GLY,8.46,110.4
4623,1,1,1,26,26,SER,7.53,112.8
4623,1,1,1,27,27,SER,8.76,118.8
4623,1,1,1,28,28,ALA,8.4,129.2
4623,1,1,1,29,29,TRP,6.25,117.6
4623,1,1,1,3,3,CYS,8.16,116.7
4623,1,1,1,30,30,THR,8.54,114.3
4623,1,1,1,31,31,VAL,9.86,128.7
4623,1,1,1,32,32,ASN,8.63,125.5
4623,1,1,1,33,33,LEU,9.02,124.3
4623,1,1,1,34,34,ALA,8.77,127.8
4623,1,1,1,35,35,LEU,8.57,123.4
4623,1,1,1,36,36,ASN,8.38,118.6
4623,1,1,1,37,37,GLY,8.85,110.8
4623,1,1,1,38,38,SER,9.3,123.6
4623,1,1,1,39,39,GLN,8.29,121.5
4623,1,1,1,4,4,SER,8.71,117.8
4623,1,1,1,40,40,THR,7.69,108.3
4623,1,1,1,41,41,ILE,7.58,119.7
4623,1,1,1,42,42,GLN,9.02,128.5
4623,1,1,1,43,43,ALA,7.75,118.6
4623,1,1,1,44,44,SER,8.59,111.7
4623,1,1,1,45,45,TRP,8.52,117.0
4623,1,1,1,46,46,ASN,9.0,113.1
4623,1,1,1,47,47,ALA,7.51,113.4
4623,1,1,1,48,48,ASN,8.9,118.1
4623,1,1,1,49,49,VAL,8.56,125.1
4623,1,1,1,5,5,VAL,8.7,120.8
4623,1,1,1,50,50,THR,8.98,120.2
4623,1,1,1,51,51,GLY,8.32,108.9
4623,1,1,1,52,52,SER,8.22,112.0
4623,1,1,1,53,53,GLY,8.77,109.1
4623,1,1,1,54,54,SER,8.91,120.3
4623,1,1,1,55,55,THR,7.52,112.2
4623,1,1,1,56,56,ARG,8.74,119.4
4623,1,1,1,57,57,THR,8.85,119.0
4623,1,1,1,58,58,VAL,9.76,129.5
4623,1,1,1,59,59,THR,8.57,117.0
4623,1,1,1,6,6,THR,8.56,121.8
4623,1,1,1,61,61,ASN,9.12,118.4
4623,1,1,1,62,62,GLY,7.66,107.3
4623,1,1,1,63,63,SER,8.23,115.3
4623,1,1,1,64,64,GLY,8.6,110.4
4623,1,1,1,65,65,ASN,8.6,116.6
4623,1,1,1,66,66,THR,8.0,114.3
4623,1,1,1,67,67,PHE,8.94,123.1
4623,1,1,1,68,68,GLY,7.58,106.4
4623,1,1,1,69,69,VAL,7.99,108.3
4623,1,1,1,7,7,ALA,8.74,129.1
4623,1,1,1,70,70,THR,8.56,119.4
4623,1,1,1,71,71,VAL,9.43,130.3
4623,1,1,1,72,72,MET,8.6,125.0
4623,1,1,1,73,73,LYS,7.95,123.8
4623,1,1,1,74,74,ASN,9.15,112.7
4623,1,1,1,75,75,GLY,8.06,102.8
4623,1,1,1,76,76,SER,7.97,115.4
4623,1,1,1,77,77,SER,8.89,121.8
4623,1,1,1,78,78,THR,7.69,118.5
4623,1,1,1,79,79,THR,9.01,126.6
4623,1,1,1,8,8,THR,8.9,118.9
4623,1,1,1,81,81,ALA,8.22,131.3
4623,1,1,1,82,82,ALA,8.57,124.1
4623,1,1,1,83,83,THR,8.45,112.8
4623,1,1,1,84,84,CYS,9.05,122.1
4623,1,1,1,85,85,ALA,8.98,130.3
4623,1,1,1,86,86,GLY,8.52,110.5
4623,1,1,1,87,87,SER,7.87,121.2
4623,1,1,1,9,9,ARG,8.81,128.5
4636,1,1,1,10,10,GLU,8.48,123.3
4636,1,1,1,100,100,GLN,8.7,119.6
4636,1,1,1,101,101,ARG,7.63,118.8
4636,1,1,1,102,102,SER,8.73,117.2
4636,1,1,1,103,103,LEU,8.98,124.2
4636,1,1,1,104,104,ALA,7.65,121.6
4636,1,1,1,105,105,ALA,7.27,118.0
4636,1,1,1,106,106,ALA,7.96,120.5
4636,1,1,1,107,107,LEU,7.88,114.0
4636,1,1,1,108,108,ALA,7.76,123.1
4636,1,1,1,109,109,GLN,8.27,115.7
4636,1,1,1,110,110,HIS,8.62,127.1
4636,1,1,1,111,111,SER,7.62,110.1
4636,1,1,1,112,112,VAL,8.4,123.8
4636,1,1,1,114,114,LEU,8.38,121.5
4636,1,1,1,115,115,GLN,8.94,119.8
4636,1,1,1,116,116,LEU,8.53,124.7
4636,1,1,1,117,117,GLU,8.47,120.0
4636,1,1,1,118,118,LEU,9.65,128.4
4636,1,1,1,119,119,ARG,9.54,124.4
4636,1,1,1,120,120,ALA,8.54,124.2
4636,1,1,1,121,121,GLY,9.03,115.9
4636,1,1,1,122,122,ALA,8.97,127.8
4636,1,1,1,123,123,GLU,7.99,119.6
4636,1,1,1,124,124,ARG,8.64,126.0
4636,1,1,1,125,125,LEU,9.29,126.0
4636,1,1,1,126,126,ASP,8.43,117.2
4636,1,1,1,127,127,ALA,7.84,117.6
4636,1,1,1,128,128,LEU,8.01,118.4
4636,1,1,1,129,129,LEU,6.91,117.1
4636,1,1,1,13,13,GLY,8.33,110.0
4636,1,1,1,130,130,ALA,8.26,118.5
4636,1,1,1,131,131,ASP,8.39,120.8
4636,1,1,1,132,132,GLU,8.29,125.2
4636,1,1,1,133,133,GLU,8.55,117.4
4636,1,1,1,134,134,ARG,7.78,121.86
4636,1,1,1,135,135,CYS,7.97,117.7
4636,1,1,1,136,136,LEU,8.7,119.3
4636,1,1,1,137,137,SER,8.2,114.9
4636,1,1,1,138,138,CYS,7.97,120.5
4636,1,1,1,139,139,ILE,7.8,121.9
4636,1,1,1,140,140,LEU,8.2,121.3
4636,1,1,1,141,141,ALA,7.32,118.2
4636,1,1,1,142,142,GLN,7.56,119.2
4636,1,1,1,143,143,GLN,8.25,124.2
4636,1,1,1,145,145,ASP,8.31,121.2
4636,1,1,1,146,146,ARG,7.92,118.6
4636,1,1,1,147,147,LEU,7.99,121.2
4636,1,1,1,148,148,ARG,8.37,121.6
4636,1,1,1,149,149,ASP,8.62,124.6
4636,1,1,1,15,15,ALA,8.08,119.3
4636,1,1,1,150,150,GLU,8.95,125.5
4636,1,1,1,151,151,GLU,8.4,120.2
4636,1,1,1,152,152,LEU,7.84,119.2
4636,1,1,1,153,153,ALA,7.7,122.4
4636,1,1,1,154,154,GLU,7.84,118.3
4636,1,1,1,155,155,LEU,7.7,122.4
4636,1,1,1,156,156,GLU,8.16,119.4
4636,1,1,1,157,157,ASP,8.04,120.3
4636,1,1,1,158,158,ALA,8.0,123.1
4636,1,1,1,159,159,LEU,8.09,118.5
4636,1,1,1,16,16,TYR,9.53,117.8
4636,1,1,1,160,160,ARG,7.88,119.8
4636,1,1,1,161,161,ASN,8.01,117.5
4636,1,1,1,162,162,LEU,7.83,121.7
4636,1,1,1,163,163,LYS,8.15,121.0
4636,1,1,1,164,164,CYS,8.23,119.4
4636,1,1,1,165,165,GLY,8.42,111.6
4636,1,1,1,166,166,SER,8.33,116.2
4636,1,1,1,167,167,GLY,8.48,111.5
4636,1,1,1,168,168,ALA,8.09,124.7
4636,1,1,1,169,169,ARG,7.93,126.0
4636,1,1,1,17,17,LEU,9.44,125.9
4636,1,1,1,18,18,PHE,10.06,130.4
4636,1,1,1,19,19,VAL,9.15,120.5
4636,1,1,1,20,20,GLU,8.36,125.5
4636,1,1,1,21,21,SER,8.59,118.4
4636,1,1,1,22,22,SER,8.83,123.91
4636,1,1,1,23,23,LEU,8.37,124.4
4636,1,1,1,24,24,ASP,8.77,127.3
4636,1,1,1,25,25,LYS,7.6,115.3
4636,1,1,1,26,26,VAL,7.72,120.5
4636,1,1,1,27,27,VAL,8.73,128.4
4636,1,1,1,28,28,LEU,8.7,119.3
4636,1,1,1,29,29,SER,7.33,109.9
4636,1,1,1,3,3,ALA,7.83,118.0
4636,1,1,1,30,30,ASP,6.86,122.6
4636,1,1,1,31,31,ALA,7.76,123.8
4636,1,1,1,32,32,TYR,7.78,114.0
4636,1,1,1,33,33,ALA,7.22,117.2
4636,1,1,1,34,34,HIS,7.58,123.4
4636,1,1,1,36,36,GLN,9.32,116.4
4636,1,1,1,37,37,GLN,8.58,121.1
4636,1,1,1,38,38,LYS,8.38,120.83
4636,1,1,1,39,39,VAL,7.34,117.1
4636,1,1,1,4,4,GLY,8.5,109.3
4636,1,1,1,40,40,ALA,7.27,122.82
4636,1,1,1,41,41,VAL,8.66,119.4
4636,1,1,1,42,42,TYR,8.61,121.5
4636,1,1,1,43,43,ARG,8.76,118.2
4636,1,1,1,44,44,ALA,8.08,122.96
4636,1,1,1,45,45,LEU,8.28,121.0
4636,1,1,1,46,46,GLN,8.22,117.8
4636,1,1,1,47,47,ALA,8.44,121.7
4636,1,1,1,48,48,ALA,7.9,120.9
4636,1,1,1,49,49,LEU,8.33,119.0
4636,1,1,1,5,5,GLN,8.28,120.2
4636,1,1,1,50,50,ALA,7.98,121.7
4636,1,1,1,51,51,GLU,8.0,118.5
4636,1,1,1,52,52,SER,7.57,111.3
4636,1,1,1,53,53,GLY,8.01,108.2
4636,1,1,1,54,54,GLY,8.18,110.2
4636,1,1,1,55,55,SER,7.97,117.5
4636,1,1,1,57,57,ASP,8.58,114.9
4636,1,1,1,58,58,VAL,7.8,111.6
4636,1,1,1,59,59,LEU,7.97,126.7
4636,1,1,1,6,6,ASN,8.64,120.2
4636,1,1,1,60,60,GLN,8.51,122.9
4636,1,1,1,61,61,MET,8.73,122.4
4636,1,1,1,62,62,LEU,8.86,123.4
4636,1,1,1,63,63,LYS,7.07,114.6
4636,1,1,1,64,64,ILE,8.78,124.6
4636,1,1,1,65,65,HIS,9.42,126.7
4636,1,1,1,66,66,ARG,8.81,123.7
4636,1,1,1,67,67,SER,8.18,121.2
4636,1,1,1,68,68,ASP,8.63,123.5
4636,1,1,1,7,7,GLY,8.43,109.6
4636,1,1,1,70,70,GLN,8.98,127.2
4636,1,1,1,71,71,LEU,8.55,117.6
4636,1,1,1,72,72,ILE,8.72,121.7
4636,1,1,1,73,73,VAL,9.67,129.6
4636,1,1,1,74,74,GLN,8.96,128.8
4636,1,1,1,75,75,LEU,8.96,128.8
4636,1,1,1,78,78,CYS,8.97,122.8
4636,1,1,1,79,79,GLY,8.34,114.5
4636,1,1,1,8,8,HIS,8.41,119.0
4636,1,1,1,80,80,ARG,8.26,118.8
4636,1,1,1,81,81,GLN,8.91,118.2
4636,1,1,1,83,83,CYS,7.17,119.5
4636,1,1,1,84,84,GLY,8.43,107.5
4636,1,1,1,85,85,ARG,8.12,122.3
4636,1,1,1,86,86,PHE,8.16,122.9
4636,1,1,1,87,87,LEU,8.82,120.8
4636,1,1,1,88,88,ARG,8.09,119.8
4636,1,1,1,89,89,ALA,7.97,122.4
4636,1,1,1,9,9,GLU,8.54,122.8
4636,1,1,1,90,90,TYR,8.9,120.8
4636,1,1,1,91,91,ARG,9.15,122.6
4636,1,1,1,92,92,GLU,8.41,115.5
4636,1,1,1,93,93,GLY,7.42,106.2
4636,1,1,1,94,94,ALA,7.74,125.5
4636,1,1,1,95,95,LEU,7.15,119.8
4636,1,1,1,96,96,ARG,8.22,119.3
4636,1,1,1,97,97,ALA,7.84,119.9
4636,1,1,1,98,98,ALA,7.98,120.8
4636,1,1,1,99,99,LEU,8.72,121.7
4637,1,1,1,1,1,LYS,8.67,127.3
4637,1,1,1,10,10,SER,8.41,120.84
4637,1,1,1,11,11,SER,8.39,121.52
4637,1,1,1,12,12,ILE,8.1,123.55
4637,1,1,1,13,13,SER,8.73,127.3
4637,1,1,1,15,15,GLN,8.45,120.16
4637,1,1,1,16,16,ALA,7.98,127.28
4637,1,1,1,17,17,ARG,8.46,120.16
4637,1,1,1,18,18,ALA,7.77,122.87
4637,1,1,1,19,19,PHE,7.62,122.87
4637,1,1,1,2,2,LYS,8.5,126.94
4637,1,1,1,20,20,LEU,8.36,123.55
4637,1,1,1,21,21,GLU,8.09,118.8
4637,1,1,1,22,22,GLN,7.46,121.52
4637,1,1,1,23,23,VAL,8.04,123.55
4637,1,1,1,24,24,PHE,8.75,122.87
4637,1,1,1,25,25,ARG,7.44,116.77
4637,1,1,1,26,26,ARG,7.59,119.48
4637,1,1,1,27,27,LYS,8.55,124.23
4637,1,1,1,28,28,GLN,7.91,120.16
4637,1,1,1,29,29,SER,7.42,113.76
4637,1,1,1,3,3,GLU,8.5,125.6
4637,1,1,1,30,30,LEU,8.19,125.93
4637,1,1,1,31,31,ASN,9.24,124.57
4637,1,1,1,32,32,SER,8.46,115.76
4637,1,1,1,33,33,LYS,7.9,125.93
4637,1,1,1,34,34,GLU,8.6,122.87
4637,1,1,1,35,35,LYS,8.55,120.84
4637,1,1,1,36,36,GLU,7.55,119.82
4637,1,1,1,37,37,GLU,8.05,122.81
4637,1,1,1,38,38,VAL,8.59,123.55
4637,1,1,1,39,39,ALA,8.16,124.57
4637,1,1,1,4,4,LYS,8.5,125.59
4637,1,1,1,40,40,LYS,7.7,118.8
4637,1,1,1,41,41,LYS,7.77,121.5
4637,1,1,1,42,42,CYS,7.69,114.4
4637,1,1,1,43,43,GLY,7.85,112.7
4637,1,1,1,44,44,ILE,7.74,115.41
4637,1,1,1,45,45,THR,8.43,112.02
4637,1,1,1,47,47,LEU,7.75,120.84
4637,1,1,1,48,48,GLN,7.83,120.16
4637,1,1,1,49,49,VAL,7.84,122.2
4637,1,1,1,5,5,SER,8.44,119.82
4637,1,1,1,50,50,ARG,8.26,122.53
4637,1,1,1,51,51,VAL,8.57,121.18
4637,1,1,1,52,52,TRP,8.24,124.23
4637,1,1,1,53,53,PHE,8.76,121.18
4637,1,1,1,54,54,ILE,8.22,122.53
4637,1,1,1,55,55,ASN,7.98,120.5
4637,1,1,1,56,56,LYS,7.87,124.22
4637,1,1,1,57,57,ARG,7.94,120.5
4637,1,1,1,58,58,MET,7.65,120.16
4637,1,1,1,59,59,ARG,7.67,121.18
4637,1,1,1,60,60,SER,7.86,119.14
4637,1,1,1,61,61,LYS,7.78,130.0
4637,1,1,1,7,7,LYS,8.37,124.23
4637,1,1,1,8,8,GLY,8.39,112.7
4637,1,1,1,9,9,LYS,8.19,123.55
4638,1,1,1,1,1,GLY,8.972,112.885
4638,1,1,1,11,11,PHE,8.578,118.376
4638,1,1,1,12,12,THR,7.786,113.474
4638,1,1,1,13,13,GLN,8.506,121.814
4638,1,1,1,14,14,ASN,8.051,117.736
4638,1,1,1,15,15,LEU,7.537,122.625
4638,1,1,1,16,16,GLY,7.981,107.654
4638,1,1,1,17,17,LYS,7.607,123.491
4638,1,1,1,18,18,PHE,7.807,120.501
4638,1,1,1,19,19,ALA,8.211,121.425
4638,1,1,1,2,2,GLU,8.616,120.764
4638,1,1,1,20,20,VAL,7.84,116.959
4638,1,1,1,21,21,ASP,8.546,121.01
4638,1,1,1,22,22,GLU,8.32,119.219
4638,1,1,1,23,23,GLU,8.372,122.957
4638,1,1,1,24,24,ASN,8.756,122.663
4638,1,1,1,25,25,LYS,7.245,120.09
4638,1,1,1,26,26,ILE,7.346,119.803
4638,1,1,1,27,27,GLY,8.22,104.902
4638,1,1,1,28,28,GLN,6.855,119.638
4638,1,1,1,29,29,TYR,8.552,117.307
4638,1,1,1,3,3,TRP,8.245,121.007
4638,1,1,1,30,30,GLY,7.337,107.33
4638,1,1,1,31,31,ARG,8.451,123.728
4638,1,1,1,32,32,LEU,9.615,130.486
4638,1,1,1,33,33,THR,8.396,118.001
4638,1,1,1,34,34,PHE,9.39,128.406
4638,1,1,1,35,35,ASN,8.451,126.002
4638,1,1,1,36,36,LYS,7.139,111.296
4638,1,1,1,37,37,VAL,9.18,122.231
4638,1,1,1,38,38,ILE,7.875,118.232
4638,1,1,1,39,39,ARG,8.263,119.952
4638,1,1,1,4,4,GLU,9.513,122.856
4638,1,1,1,41,41,CYS,9.19,125.796
4638,1,1,1,42,42,MET,8.347,124.013
4638,1,1,1,43,43,LYS,9.761,123.919
4638,1,1,1,44,44,LYS,9.345,128.213
4638,1,1,1,45,45,THR,8.596,122.993
4638,1,1,1,46,46,ILE,8.494,127.481
4638,1,1,1,47,47,TYR,8.749,127.213
4638,1,1,1,48,48,GLU,8.836,120.154
4638,1,1,1,49,49,ASN,8.541,119.097
4638,1,1,1,5,5,ILE,8.748,125.476
4638,1,1,1,50,50,GLU,8.181,120.858
4638,1,1,1,51,51,GLY,8.298,110.634
4638,1,1,1,52,52,PHE,7.917,119.518
4638,1,1,1,53,53,ARG,8.262,120.844
4638,1,1,1,54,54,GLU,8.302,121.746
4638,1,1,1,55,55,ILE,8.459,127.407
4638,1,1,1,56,56,LYS,9.08,127.857
4638,1,1,1,57,57,GLY,7.694,108.041
4638,1,1,1,58,58,TYR,8.917,116.461
4638,1,1,1,59,59,GLU,9.074,122.916
4638,1,1,1,6,6,ILE,8.569,123.24
4638,1,1,1,60,60,TYR,9.717,122.754
4638,1,1,1,61,61,GLN,9.179,122.54
4638,1,1,1,62,62,LEU,9.308,126.745
4638,1,1,1,63,63,TYR,9.711,124.384
4638,1,1,1,64,64,VAL,9.145,122.337
4638,1,1,1,65,65,TYR,9.456,128.008
4638,1,1,1,66,66,ALA,9.921,128.702
4638,1,1,1,67,67,SER,9.483,118.521
4638,1,1,1,68,68,ASP,9.326,110.462
4638,1,1,1,69,69,LYS,8.301,121.969
4638,1,1,1,7,7,ASP,8.345,120.637
4638,1,1,1,70,70,LEU,8.163,124.009
4638,1,1,1,71,71,PHE,9.012,124.538
4638,1,1,1,72,72,ARG,8.725,121.007
4638,1,1,1,73,73,ALA,9.076,128.226
4638,1,1,1,74,74,ASP,8.817,121.147
4638,1,1,1,75,75,ILE,9.595,126.349
4638,1,1,1,76,76,SER,9.586,121.854
4638,1,1,1,77,77,GLU,9.159,123.998
4638,1,1,1,78,78,ASP,8.699,128.29
4638,1,1,1,79,79,TYR,8.56,127.821
4638,1,1,1,8,8,ILE,8.133,117.866
4638,1,1,1,80,80,LYS,8.42,117.798
4638,1,1,1,81,81,THR,8.229,107.358
4638,1,1,1,82,82,ARG,7.788,116.361
4638,1,1,1,83,83,GLY,8.361,107.823
4638,1,1,1,84,84,ARG,8.364,123.716
4638,1,1,1,85,85,LYS,8.74,120.75
4638,1,1,1,86,86,LEU,9.498,127.484
4638,1,1,1,87,87,LEU,9.207,129.888
4638,1,1,1,88,88,ARG,7.78,115.449
4638,1,1,1,89,89,PHE,8.768,128.128
4638,1,1,1,9,9,GLY,8.12,113.666
4638,1,1,1,90,90,ASN,8.829,124.667
4638,1,1,1,91,91,GLY,8.209,108.353
4638,1,1,1,93,93,VAL,8.622,119.299
4641,1,1,1,10,10,THR,8.128,113.405
4641,1,1,1,100,100,LYS,8.061,123.264
4641,1,1,1,101,101,GLN,8.463,116.747
4641,1,1,1,102,102,HIS,8.375,119.062
4641,1,1,1,103,103,THR,8.361,114.185
4641,1,1,1,104,104,VAL,8.049,122.707
4641,1,1,1,105,105,THR,8.131,115.083
4641,1,1,1,106,106,THR,8.024,114.448
4641,1,1,1,107,107,THR,8.213,117.643
4641,1,1,1,108,108,THR,7.857,116.11
4641,1,1,1,109,109,LYS,7.645,120.3
4641,1,1,1,11,11,HIS,8.557,120.578
4641,1,1,1,110,110,GLY,7.997,108.281
4641,1,1,1,111,111,GLU,7.574,120.1
4641,1,1,1,112,112,ASN,8.502,119.671
4641,1,1,1,113,113,PHE,8.703,121.82
4641,1,1,1,114,114,THR,9.599,116.21
4641,1,1,1,115,115,LYS,8.978,119.545
4641,1,1,1,116,116,THR,7.93,116.686
4641,1,1,1,117,117,ASP,7.549,120.424
4641,1,1,1,118,118,VAL,8.212,119.152
4641,1,1,1,119,119,LYS,7.573,119.274
4641,1,1,1,12,12,SER,8.295,116.828
4641,1,1,1,120,120,MET,8.163,118.373
4641,1,1,1,121,121,MET,8.706,118.228
4641,1,1,1,122,122,GLU,8.496,118.653
4641,1,1,1,123,123,ARG,7.315,116.831
4641,1,1,1,124,124,VAL,8.322,119.102
4641,1,1,1,125,125,VAL,9.106,121.462
4641,1,1,1,126,126,GLU,7.994,120.616
4641,1,1,1,127,127,GLN,7.164,114.916
4641,1,1,1,128,128,MET,8.216,119.355
4641,1,1,1,129,129,CYS,9.224,119.447
4641,1,1,1,13,13,GLN,8.489,122.031
4641,1,1,1,130,130,ILE,8.346,123.948
4641,1,1,1,131,131,THR,8.122,118.61
4641,1,1,1,132,132,GLN,8.703,122.218
4641,1,1,1,133,133,TYR,8.593,121.433
4641,1,1,1,134,134,GLU,8.304,121.044
4641,1,1,1,135,135,ARG,7.927,119.143
4641,1,1,1,136,136,GLU,8.465,119.299
4641,1,1,1,137,137,SER,8.472,115.856
4641,1,1,1,138,138,GLN,7.624,120.4
4641,1,1,1,139,139,ALA,7.523,120.723
4641,1,1,1,14,14,TRP,8.112,121.633
4641,1,1,1,140,140,TYR,8.088,119.296
4641,1,1,1,141,141,TYR,7.983,117.965
4641,1,1,1,142,142,GLN,7.876,119.437
4641,1,1,1,143,143,ARG,7.963,120.728
4641,1,1,1,144,144,GLY,8.252,109.199
4641,1,1,1,145,145,SER,8.147,115.7
4641,1,1,1,146,146,SER,8.012,122.823
4641,1,1,1,15,15,ASN,8.116,120.515
4641,1,1,1,16,16,LYS,7.998,122.604
4641,1,1,1,18,18,SER,8.442,116.859
4641,1,1,1,19,19,LYS,8.336,124.104
4641,1,1,1,2,2,SER,8.655,115.73
4641,1,1,1,21,21,LYS,8.538,122.069
4641,1,1,1,22,22,THR,8.155,115.212
4641,1,1,1,23,23,ASN,8.555,121.299
4641,1,1,1,24,24,MET,8.36,121.274
4641,1,1,1,25,25,LYS,8.315,122.218
4641,1,1,1,26,26,HIS,8.499,119.897
4641,1,1,1,27,27,MET,8.417,122.634
4641,1,1,1,28,28,ALA,8.437,125.742
4641,1,1,1,29,29,GLY,8.411,108.538
4641,1,1,1,3,3,ASP,8.495,123.752
4641,1,1,1,30,30,ALA,8.159,123.831
4641,1,1,1,31,31,ALA,8.299,123.167
4641,1,1,1,32,32,ALA,8.214,123.248
4641,1,1,1,33,33,ALA,8.249,123.254
4641,1,1,1,34,34,GLY,8.279,107.906
4641,1,1,1,35,35,ALA,8.096,123.527
4641,1,1,1,36,36,VAL,8.144,119.662
4641,1,1,1,37,37,VAL,8.286,124.75
4641,1,1,1,38,38,GLY,8.603,113.492
4641,1,1,1,39,39,GLY,8.287,108.396
4641,1,1,1,40,40,LEU,8.205,121.901
4641,1,1,1,41,41,GLY,8.531,109.847
4641,1,1,1,42,42,GLY,8.347,108.948
4641,1,1,1,43,43,TYR,7.751,117.557
4641,1,1,1,44,44,MET,9.027,120.89
4641,1,1,1,45,45,LEU,8.089,121.368
4641,1,1,1,46,46,GLY,9.376,114.924
4641,1,1,1,47,47,SER,8.387,113.721
4641,1,1,1,48,48,ALA,8.771,125.554
4641,1,1,1,49,49,MET,8.715,120.833
4641,1,1,1,5,5,GLY,8.534,108.5
4641,1,1,1,50,50,SER,8.447,116.292
4641,1,1,1,51,51,ARG,8.656,126.611
4641,1,1,1,53,53,ILE,8.66,122.505
4641,1,1,1,54,54,ILE,6.444,126.762
4641,1,1,1,55,55,HIS,8.243,121.89
4641,1,1,1,56,56,PHE,10.305,124.026
4641,1,1,1,57,57,GLY,9.014,108.608
4641,1,1,1,58,58,SER,7.326,111.746
4641,1,1,1,59,59,ASP,9.049,124.42
4641,1,1,1,6,6,GLN,8.145,119.553
4641,1,1,1,60,60,TYR,8.59,118.888
4641,1,1,1,61,61,GLU,7.746,119.118
4641,1,1,1,62,62,ASP,8.226,119.886
4641,1,1,1,63,63,ARG,8.207,120.457
4641,1,1,1,64,64,TYR,8.331,121.212
4641,1,1,1,65,65,TYR,8.983,120.507
4641,1,1,1,66,66,ARG,7.945,117.986
4641,1,1,1,67,67,GLU,8.087,116.537
4641,1,1,1,68,68,ASN,7.583,114.686
4641,1,1,1,69,69,MET,8.057,119.38
4641,1,1,1,7,7,GLY,8.505,109.922
4641,1,1,1,70,70,HIS,8.033,115.589
4641,1,1,1,71,71,ARG,7.549,118.619
4641,1,1,1,72,72,TYR,7.467,121.22
4641,1,1,1,74,74,ASN,8.649,116.536
4641,1,1,1,75,75,GLN,7.311,114.119
4641,1,1,1,76,76,VAL,8.513,112.748
4641,1,1,1,77,77,TYR,8.508,121.426
4641,1,1,1,78,78,TYR,8.596,111.172
4641,1,1,1,8,8,GLY,8.346,108.73
4641,1,1,1,81,81,MET,8.979,120.903
4641,1,1,1,82,82,ASP,8.186,119.859
4641,1,1,1,83,83,GLU,7.817,120.237
4641,1,1,1,86,86,ASN,8.246,122.085
4641,1,1,1,87,87,GLN,8.683,120.349
4641,1,1,1,88,88,ASN,8.382,116.912
4641,1,1,1,89,89,ASN,8.643,118.474
4641,1,1,1,9,9,GLY,8.474,119.993
4641,1,1,1,91,91,VAL,8.958,120.235
4641,1,1,1,92,92,HIS,8.36,116.79
4641,1,1,1,93,93,ASP,7.74,118.659
4641,1,1,1,94,94,CYS,8.074,119.216
4641,1,1,1,95,95,VAL,9.153,124.984
4641,1,1,1,96,96,ASN,7.646,116.282
4641,1,1,1,97,97,ILE,8.716,118.899
4641,1,1,1,98,98,THR,8.195,118.278
4641,1,1,1,99,99,ILE,8.493,120.874
4648,1,1,1,10,10,LEU,8.35,126.6
4648,1,1,1,100,100,GLN,7.23,114.2
4648,1,1,1,101,101,GLY,9.36,110.8
4648,1,1,1,102,102,LEU,8.15,119.6
4648,1,1,1,103,103,ASN,8.74,120.0
4648,1,1,1,104,104,LYS,8.43,123.8
4648,1,1,1,105,105,ASP,8.06,118.1
4648,1,1,1,106,106,ASP,8.21,122.6
4648,1,1,1,107,107,ALA,8.55,121.9
4648,1,1,1,108,108,ARG,8.14,117.9
4648,1,1,1,109,109,LYS,7.83,119.1
4648,1,1,1,11,11,VAL,9.27,126.1
4648,1,1,1,110,110,LYS,7.55,118.4
4648,1,1,1,111,111,TRP,8.19,114.1
4648,1,1,1,112,112,GLY,7.65,110.5
4648,1,1,1,113,113,ALA,8.67,125.0
4648,1,1,1,114,114,GLU,8.82,118.1
4648,1,1,1,115,115,GLN,7.82,118.5
4648,1,1,1,116,116,VAL,7.33,116.6
4648,1,1,1,117,117,GLN,7.75,118.6
4648,1,1,1,118,118,ILE,7.72,120.5
4648,1,1,1,12,12,LEU,9.38,124.7
4648,1,1,1,120,120,ARG,8.22,114.8
4648,1,1,1,121,121,ARG,8.37,115.4
4648,1,1,1,122,122,SER,7.96,113.7
4648,1,1,1,123,123,TYR,9.26,121.8
4648,1,1,1,124,124,ASP,8.23,110.6
4648,1,1,1,125,125,ILE,7.5,120.6
4648,1,1,1,126,126,ALA,8.47,130.8
4648,1,1,1,129,129,ASN,8.62,117.5
4648,1,1,1,13,13,THR,8.71,113.5
4648,1,1,1,130,130,GLY,7.97,105.7
4648,1,1,1,131,131,GLU,8.21,116.17
4648,1,1,1,132,132,SER,9.5,118.3
4648,1,1,1,133,133,LEU,8.45,124.2
4648,1,1,1,134,134,LYS,8.02,122.5
4648,1,1,1,137,137,ALA,8.89,125.4
4648,1,1,1,138,138,GLU,8.17,115.3
4648,1,1,1,139,139,ARG,7.53,116.8
4648,1,1,1,14,14,ARG,8.75,126.1
4648,1,1,1,140,140,VAL,8.55,121.0
4648,1,1,1,141,141,LEU,8.75,118.2
4648,1,1,1,143,143,TYR,6.75,118.01
4648,1,1,1,144,144,TYR,8.6,121.1
4648,1,1,1,145,145,LYS,8.92,117.9
4648,1,1,1,146,146,SER,7.87,110.28
4648,1,1,1,147,147,THR,7.94,115.4
4648,1,1,1,148,148,ILE,7.11,122.2
4648,1,1,1,149,149,VAL,8.2,121.3
4648,1,1,1,15,15,HIS,7.0,119.3
4648,1,1,1,151,151,HIS,7.26,111.4
4648,1,1,1,152,152,ILE,7.25,120.2
4648,1,1,1,153,153,LEU,8.24,114.8
4648,1,1,1,154,154,LYS,7.12,117.3
4648,1,1,1,155,155,GLY,8.19,108.6
4648,1,1,1,156,156,GLU,7.47,119.14
4648,1,1,1,157,157,LYS,10.45,126.86
4648,1,1,1,158,158,VAL,7.78,128.01
4648,1,1,1,159,159,LEU,7.79,128.02
4648,1,1,1,16,16,GLY,8.76,106.5
4648,1,1,1,160,160,ILE,9.18,124.29
4648,1,1,1,161,161,ALA,8.36,129.7
4648,1,1,1,162,162,ALA,8.32,124.4
4648,1,1,1,163,163,HIS,6.81,118.57
4648,1,1,1,164,164,GLY,6.14,102.27
4648,1,1,1,165,165,ASN,10.03,115.4
4648,1,1,1,166,166,SER,7.86,110.0
4648,1,1,1,167,167,LEU,8.4,118.6
4648,1,1,1,168,168,ARG,8.37,117.8
4648,1,1,1,169,169,ALA,6.99,117.5
4648,1,1,1,17,17,GLU,8.6,122.57
4648,1,1,1,170,170,LEU,6.67,113.6
4648,1,1,1,171,171,ILE,8.22,119.71
4648,1,1,1,172,172,MET,8.133,117.7
4648,1,1,1,173,173,ASP,7.03,118.8
4648,1,1,1,174,174,LEU,8.51,119.0
4648,1,1,1,175,175,GLU,8.22,111.99
4648,1,1,1,176,176,GLY,7.4,110.1
4648,1,1,1,177,177,LEU,7.98,118.28
4648,1,1,1,178,178,THR,8.26,109.3
4648,1,1,1,179,179,GLY,8.56,109.42
4648,1,1,1,18,18,SER,9.24,121.4
4648,1,1,1,180,180,ASP,7.65,115.6
4648,1,1,1,181,181,GLN,7.28,115.3
4648,1,1,1,182,182,ILE,8.17,119.14
4648,1,1,1,183,183,VAL,7.1,115.0
4648,1,1,1,184,184,LYS,6.96,116.2
4648,1,1,1,185,185,ARG,7.26,120.01
4648,1,1,1,186,186,GLU,8.72,127.15
4648,1,1,1,187,187,LEU,8.54,125.43
4648,1,1,1,188,188,ALA,8.46,127.5
4648,1,1,1,189,189,THR,8.49,115.14
4648,1,1,1,19,19,GLU,9.21,118.17
4648,1,1,1,190,190,GLY,7.86,109.13
4648,1,1,1,191,191,VAL,6.75,118.85
4648,1,1,1,193,193,ILE,8.93,122.29
4648,1,1,1,194,194,VAL,8.99,127.15
4648,1,1,1,195,195,TYR,9.59,125.15
4648,1,1,1,196,196,HIS,8.99,121.43
4648,1,1,1,197,197,LEU,8.14,124.57
4648,1,1,1,198,198,ASP,9.07,120.7
4648,1,1,1,199,199,LYS,8.6,117.14
4648,1,1,1,2,2,THR,7.9,118.1
4648,1,1,1,200,200,ASP,8.23,118.85
4648,1,1,1,201,201,GLY,8.36,108.56
4648,1,1,1,202,202,LYS,8.54,120.28
4648,1,1,1,203,203,TYR,8.75,122.01
4648,1,1,1,204,204,VAL,8.14,128.29
4648,1,1,1,205,205,SER,7.85,110.85
4648,1,1,1,206,206,LYS,8.58,116.0
4648,1,1,1,207,207,GLU,9.02,118.9
4648,1,1,1,208,208,LEU,8.72,124.57
4648,1,1,1,209,209,ILE,8.41,124.86
4648,1,1,1,23,23,LEU,6.92,116.57
4648,1,1,1,24,24,ASN,7.84,115.8
4648,1,1,1,25,25,LEU,7.31,114.9
4648,1,1,1,26,26,PHE,8.13,119.4
4648,1,1,1,27,27,THR,8.79,121.1
4648,1,1,1,28,28,GLY,9.46,109.13
4648,1,1,1,3,3,THR,7.83,114.0
4648,1,1,1,30,30,LYS,7.79,117.7
4648,1,1,1,31,31,ASP,8.08,116.3
4648,1,1,1,33,33,ALA,8.46,122.29
4648,1,1,1,34,34,LEU,8.31,118.1
4648,1,1,1,35,35,SER,8.78,118.5
4648,1,1,1,36,36,GLU,9.1,120.01
4648,1,1,1,37,37,THR,7.99,117.49
4648,1,1,1,38,38,GLY,7.97,112.56
4648,1,1,1,39,39,ILE,8.5,125.2
4648,1,1,1,4,4,GLU,8.4,121.4
4648,1,1,1,40,40,LYS,7.59,120.2
4648,1,1,1,41,41,GLU,8.57,119.14
4648,1,1,1,42,42,ALA,7.81,121.8
4648,1,1,1,43,43,LYS,8.33,119.1
4648,1,1,1,44,44,LEU,8.07,119.5
4648,1,1,1,45,45,GLY,7.97,105.5
4648,1,1,1,46,46,GLY,8.49,106.8
4648,1,1,1,47,47,GLU,9.08,123.6
4648,1,1,1,48,48,ARG,8.34,120.2
4648,1,1,1,49,49,LEU,7.98,119.8
4648,1,1,1,5,5,ALA,8.17,121.2
4648,1,1,1,50,50,LYS,8.68,122.2
4648,1,1,1,51,51,SER,8.49,116.28
4648,1,1,1,52,52,ARG,7.13,117.7
4648,1,1,1,53,53,GLY,7.96,107.2
4648,1,1,1,54,54,TYR,7.32,118.0
4648,1,1,1,55,55,LYS,7.29,117.9
4648,1,1,1,56,56,PHE,8.39,116.1
4648,1,1,1,57,57,ASP,10.03,120.1
4648,1,1,1,58,58,ILE,7.85,117.2
4648,1,1,1,59,59,ALA,7.78,126.1
4648,1,1,1,6,6,ALA,7.95,120.1
4648,1,1,1,60,60,PHE,9.1,117.2
4648,1,1,1,61,61,THR,9.12,115.2
4648,1,1,1,62,62,SER,7.84,117.6
4648,1,1,1,63,63,ALA,7.41,116.9
4648,1,1,1,64,64,LEU,8.13,120.8
4648,1,1,1,65,65,GLN,10.99,129.4
4648,1,1,1,66,66,ARG,9.12,118.86
4648,1,1,1,67,67,ALA,6.77,122.6
4648,1,1,1,68,68,GLN,7.77,118.6
4648,1,1,1,69,69,LYS,9.05,119.5
4648,1,1,1,70,70,THR,6.5,114.1
4648,1,1,1,74,74,ILE,8.11,119.4
4648,1,1,1,75,75,LEU,8.15,117.3
4648,1,1,1,76,76,GLU,8.37,119.1
4648,1,1,1,77,77,GLU,8.38,119.95
4648,1,1,1,78,78,VAL,8.25,109.8
4648,1,1,1,79,79,GLY,7.67,108.3
4648,1,1,1,8,8,ASN,7.97,116.8
4648,1,1,1,80,80,GLU,8.59,117.7
4648,1,1,1,82,82,ASN,8.33,114.7
4648,1,1,1,83,83,LEU,7.09,122.9
4648,1,1,1,84,84,GLU,8.2,128.5
4648,1,1,1,85,85,THR,8.01,121.8
4648,1,1,1,86,86,ILE,8.84,130.9
4648,1,1,1,87,87,LYS,8.31,126.9
4648,1,1,1,88,88,SER,8.43,114.4
4648,1,1,1,89,89,GLU,9.37,130.5
4648,1,1,1,9,9,LEU,9.55,128.3
4648,1,1,1,91,91,LEU,6.84,111.5
4648,1,1,1,92,92,ASN,7.64,121.2
4648,1,1,1,94,94,ARG,9.6,126.8
4648,1,1,1,95,95,TYR,9.01,126.3
4648,1,1,1,96,96,TYR,7.33,127.1
4648,1,1,1,97,97,GLY,5.24,103.6
4648,1,1,1,98,98,ASP,8.44,126.1
4648,1,1,1,99,99,LEU,7.2,114.8
4649,1,1,1,100,100,GLN,8.1725,121.8982
4649,1,1,1,101,101,ALA,8.204,116.072
4649,1,1,1,102,102,ASN,7.4902,117.6853
4649,1,1,1,103,103,ASN,7.6487,121.205
4649,1,1,1,105,105,GLN,7.9938,113.4873
4649,1,1,1,106,106,GLN,7.761,120.606
4649,1,1,1,107,107,GLN,7.6092,121.6059
4649,1,1,1,108,108,GLY,8.6076,106.576
4649,1,1,1,109,109,LEU,8.0709,121.1165
4649,1,1,1,11,11,ASN,7.9832,115.4627
4649,1,1,1,110,110,ARG,8.3125,120.519
4649,1,1,1,111,111,ARG,8.4891,119.1
4649,1,1,1,112,112,GLU,7.9607,119.978
4649,1,1,1,113,113,TYR,8.6038,119.9942
4649,1,1,1,114,114,GLN,8.8136,117.2897
4649,1,1,1,115,115,GLN,7.8735,115.1987
4649,1,1,1,116,116,LEU,7.882,122.6012
4649,1,1,1,117,117,TRP,8.8808,121.1499
4649,1,1,1,118,118,LEU,8.6894,119.0657
4649,1,1,1,119,119,ALA,8.1492,122.847
4649,1,1,1,12,12,HIS,9.0373,121.8899
4649,1,1,1,120,120,ALA,7.9172,120.7458
4649,1,1,1,121,121,PHE,7.198,111.696
4649,1,1,1,122,122,ALA,7.6448,120.3207
4649,1,1,1,123,123,ALA,7.2331,117.9258
4649,1,1,1,124,124,LEU,7.3698,119.7534
4649,1,1,1,126,126,GLY,8.4831,108.5897
4649,1,1,1,127,127,SER,7.878,115.0845
4649,1,1,1,128,128,ALA,8.0565,124.9357
4649,1,1,1,129,129,LYS,8.0407,119.7451
4649,1,1,1,13,13,ARG,8.0569,125.2146
4649,1,1,1,130,130,ASP,7.814,122.8587
4649,1,1,1,132,132,SER,8.4694,115.0615
4649,1,1,1,133,133,TRP,7.8456,122.8513
4649,1,1,1,134,134,ALA,7.593,130.6308
4649,1,1,1,15,15,TRP,8.3776,119.4695
4649,1,1,1,16,16,GLN,9.521,121.5017
4649,1,1,1,17,17,MET,9.111,126.141
4649,1,1,1,18,18,LYS,8.6608,115.7801
4649,1,1,1,19,19,ASP,7.12,119.5207
4649,1,1,1,2,2,VAL,8.0496,126.3568
4649,1,1,1,20,20,LEU,6.8898,119.1425
4649,1,1,1,21,21,GLN,8.4754,116.9288
4649,1,1,1,22,22,ALA,7.5227,122.1499
4649,1,1,1,23,23,ILE,7.6547,119.8462
4649,1,1,1,24,24,LYS,8.2184,119.1126
4649,1,1,1,25,25,GLN,8.3672,118.4254
4649,1,1,1,26,26,GLU,7.7576,119.6611
4649,1,1,1,27,27,VAL,7.9781,114.5721
4649,1,1,1,28,28,SER,7.6846,114.3726
4649,1,1,1,29,29,GLN,8.4821,118.1947
4649,1,1,1,3,3,MET,8.6917,125.3851
4649,1,1,1,30,30,ALA,7.9164,124.6157
4649,1,1,1,31,31,ALA,8.6688,125.0308
4649,1,1,1,33,33,GLY,5.4893,108.1064
4649,1,1,1,34,34,SER,8.0328,117.611
4649,1,1,1,36,36,GLN,8.9699,117.0986
4649,1,1,1,37,37,PHE,7.2489,121.001
4649,1,1,1,38,38,MET,8.8377,114.7317
4649,1,1,1,39,39,GLN,8.3448,119.7972
4649,1,1,1,4,4,HIS,8.6496,116.8978
4649,1,1,1,40,40,THR,7.4227,115.588
4649,1,1,1,41,41,ILE,8.2704,120.0761
4649,1,1,1,42,42,ARG,8.8613,122.5233
4649,1,1,1,43,43,LEU,7.4963,120.4523
4649,1,1,1,44,44,ALA,7.9719,122.429
4649,1,1,1,45,45,VAL,8.5459,118.59
4649,1,1,1,46,46,GLN,7.9546,120.488
4649,1,1,1,47,47,GLN,8.4949,117.4019
4649,1,1,1,48,48,PHE,8.295,113.2502
4649,1,1,1,49,49,ASP,7.7535,117.0679
4649,1,1,1,51,51,THR,8.5725,108.9093
4649,1,1,1,52,52,ALA,6.3968,120.4596
4649,1,1,1,53,53,LYS,9.2743,123.9884
4649,1,1,1,54,54,ASP,7.6751,118.5228
4649,1,1,1,55,55,LEU,8.4075,122.4318
4649,1,1,1,56,56,GLN,7.8495,123.2339
4649,1,1,1,57,57,ASP,8.4262,120.3385
4649,1,1,1,58,58,LEU,8.1684,120.739
4649,1,1,1,59,59,LEU,8.6676,120.3983
4649,1,1,1,6,6,HIS,8.7525,121.0032
4649,1,1,1,60,60,GLN,8.2076,113.7946
4649,1,1,1,61,61,TYR,7.7332,118.656
4649,1,1,1,62,62,LEU,7.9993,114.234
4649,1,1,1,63,63,CYS,8.133,115.1266
4649,1,1,1,64,64,SER,8.9055,118.0173
4649,1,1,1,65,65,SER,8.9859,116.6826
4649,1,1,1,66,66,LEU,8.0662,123.1827
4649,1,1,1,67,67,VAL,7.5106,120.6269
4649,1,1,1,68,68,ALA,8.7694,120.963
4649,1,1,1,69,69,SER,8.0609,114.4441
4649,1,1,1,7,7,GLY,8.7525,113.653
4649,1,1,1,70,70,LEU,7.9809,124.0115
4649,1,1,1,71,71,HIS,8.7891,121.3533
4649,1,1,1,72,72,HIS,8.3514,116.9468
4649,1,1,1,73,73,GLN,7.7174,117.043
4649,1,1,1,74,74,GLN,7.6739,119.1363
4649,1,1,1,75,75,LEU,9.0524,122.2646
4649,1,1,1,76,76,ASP,8.2976,119.0909
4649,1,1,1,77,77,SER,7.3018,115.7275
4649,1,1,1,78,78,LEU,8.2418,122.9055
4649,1,1,1,79,79,ILE,9.024,121.3876
4649,1,1,1,8,8,ALA,7.3344,122.0419
4649,1,1,1,80,80,SER,7.8886,114.8972
4649,1,1,1,81,81,GLU,7.8761,121.0106
4649,1,1,1,82,82,ALA,8.1893,123.6429
4649,1,1,1,83,83,GLU,8.8148,116.9299
4649,1,1,1,84,84,THR,7.8064,114.5905
4649,1,1,1,85,85,ARG,7.7851,120.9355
4649,1,1,1,86,86,GLY,7.966,109.3615
4649,1,1,1,87,87,ILE,8.6483,125.3024
4649,1,1,1,88,88,THR,8.6764,124.2393
4649,1,1,1,89,89,SER,8.8444,117.6316
4649,1,1,1,90,90,TYR,7.9261,121.5559
4649,1,1,1,91,91,ASN,9.0194,127.83
4649,1,1,1,93,93,LEU,7.6271,118.1283
4649,1,1,1,94,94,ALA,7.4573,119.9186
4649,1,1,1,95,95,GLY,7.266,107.386
4649,1,1,1,97,97,LEU,8.8384,127.4123
4649,1,1,1,98,98,ARG,9.077,113.791
4649,1,1,1,99,99,VAL,6.7915,115.4975
4661,1,1,1,1,1,MET,8.11,123.5
4661,1,1,1,10,10,LEU,8.16,114.6
4661,1,1,1,11,11,GLN,8.3,119.1
4661,1,1,1,12,12,HIS,7.29,114.1
4661,1,1,1,13,13,ARG,7.37,120.9
4661,1,1,1,14,14,GLU,8.68,118.0
4661,1,1,1,15,15,ALA,7.73,121.7
4661,1,1,1,16,16,LEU,7.91,116.3
4661,1,1,1,17,17,GLU,8.5,115.4
4661,1,1,1,18,18,LYS,7.28,114.1
4661,1,1,1,19,19,ASP,6.95,113.7
4661,1,1,1,2,2,ASP,9.39,127.0
4661,1,1,1,20,20,ILE,7.52,112.6
4661,1,1,1,21,21,LYS,7.37,122.8
4661,1,1,1,24,24,TYR,7.46,118.7
4661,1,1,1,25,25,ILE,7.27,116.5
4661,1,1,1,26,26,MET,8.44,117.0
4661,1,1,1,27,27,ASP,7.79,117.8
4661,1,1,1,28,28,HIS,7.21,116.3
4661,1,1,1,29,29,MET,7.65,117.0
4661,1,1,1,3,3,ALA,8.69,125.9
4661,1,1,1,30,30,ILE,8.95,121.3
4661,1,1,1,31,31,SER,7.8,117.4
4661,1,1,1,32,32,ASP,7.93,117.8
4661,1,1,1,33,33,GLY,7.54,104.3
4661,1,1,1,34,34,PHE,7.69,117.0
4661,1,1,1,35,35,LEU,7.05,119.1
4661,1,1,1,36,36,THR,8.96,115.7
4661,1,1,1,37,37,ILE,8.58,119.4
4661,1,1,1,38,38,SER,7.98,115.0
4661,1,1,1,39,39,GLU,7.57,123.3
4661,1,1,1,4,4,LYS,8.54,116.3
4661,1,1,1,40,40,GLU,8.23,120.2
4661,1,1,1,41,41,GLU,8.03,117.6
4661,1,1,1,42,42,LYS,7.33,118.3
4661,1,1,1,43,43,VAL,7.78,118.9
4661,1,1,1,44,44,ARG,8.35,115.9
4661,1,1,1,45,45,ASN,7.37,113.3
4661,1,1,1,46,46,GLU,7.74,120.9
4661,1,1,1,48,48,THR,6.77,104.6
4661,1,1,1,5,5,ALA,6.74,122.8
4661,1,1,1,51,51,GLN,7.6,117.0
4661,1,1,1,52,52,ARG,8.44,122.3
4661,1,1,1,53,53,ALA,8.13,121.3
4661,1,1,1,54,54,ALA,8.42,118.0
4661,1,1,1,55,55,MET,7.82,117.6
4661,1,1,1,56,56,LEU,8.2,120.2
4661,1,1,1,57,57,ILE,8.11,117.6
4661,1,1,1,58,58,LYS,7.8,118.7
4661,1,1,1,59,59,MET,7.95,116.3
4661,1,1,1,6,6,ARG,7.9,118.3
4661,1,1,1,60,60,ILE,8.18,120.4
4661,1,1,1,61,61,LEU,8.02,117.6
4661,1,1,1,62,62,LYS,7.02,115.9
4661,1,1,1,63,63,LYS,7.83,121.5
4661,1,1,1,64,64,ASP,7.54,117.4
4661,1,1,1,65,65,ASN,8.53,118.5
4661,1,1,1,66,66,ASP,8.11,118.0
4661,1,1,1,67,67,SER,7.88,117.6
4661,1,1,1,68,68,TYR,7.55,123.7
4661,1,1,1,69,69,VAL,7.95,118.3
4661,1,1,1,7,7,ASN,8.61,114.1
4661,1,1,1,70,70,SER,7.66,113.7
4661,1,1,1,71,71,PHE,8.17,120.9
4661,1,1,1,72,72,TYR,8.43,119.8
4661,1,1,1,73,73,ASN,8.85,116.7
4661,1,1,1,74,74,ALA,8.39,124.8
4661,1,1,1,75,75,LEU,7.96,117.2
4661,1,1,1,76,76,LEU,7.57,117.8
4661,1,1,1,77,77,HIS,8.39,118.9
4661,1,1,1,78,78,GLU,7.6,113.9
4661,1,1,1,79,79,GLY,7.45,105.0
4661,1,1,1,8,8,CYS,7.71,121.3
4661,1,1,1,80,80,TYR,8.32,122.8
4661,1,1,1,81,81,LYS,7.7,120.7
4661,1,1,1,82,82,ASP,8.41,118.9
4661,1,1,1,83,83,LEU,7.68,119.6
4661,1,1,1,84,84,ALA,8.18,119.6
4661,1,1,1,85,85,ALA,7.57,117.8
4661,1,1,1,86,86,LEU,7.17,116.7
4661,1,1,1,87,87,LEU,7.29,114.1
4661,1,1,1,88,88,HIS,8.12,122.4
4661,1,1,1,89,89,ASP,8.28,116.7
4661,1,1,1,9,9,LEU,7.86,118.0
4661,1,1,1,90,90,GLY,7.47,104.6
4661,1,1,1,91,91,ILE,6.89,120.0
4661,1,1,1,93,93,VAL,8.07,120.9
4661,1,1,1,94,94,VAL,8.16,124.1
4661,1,1,1,95,95,SER,8.42,119.8
4661,1,1,1,96,96,SER,7.97,122.8
4663,1,1,1,10,10,GLY,7.82,109.3
4663,1,1,1,11,11,LYS,7.28,121.6
4663,1,1,1,12,12,THR,8.61,119.8
4663,1,1,1,13,13,LEU,9.68,128.7
4663,1,1,1,14,14,THR,8.56,117.8
4663,1,1,1,15,15,VAL,8.76,121.0
4663,1,1,1,16,16,GLU,8.14,123.3
4663,1,1,1,17,17,LEU,8.29,125.1
4663,1,1,1,18,18,GLU,9.35,120.6
4663,1,1,1,2,2,GLN,8.74,124.0
4663,1,1,1,20,20,SER,7.05,103.8
4663,1,1,1,21,21,ASP,7.84,122.8
4663,1,1,1,22,22,THR,8.23,106.8
4663,1,1,1,23,23,VAL,8.38,121.2
4663,1,1,1,24,24,GLU,10.17,120.8
4663,1,1,1,25,25,ASN,7.95,121.1
4663,1,1,1,26,26,LEU,7.74,123.0
4663,1,1,1,27,27,LYS,8.54,118.0
4663,1,1,1,28,28,ALA,8.14,123.2
4663,1,1,1,29,29,LYS,7.86,118.9
4663,1,1,1,3,3,LEU,8.77,124.5
4663,1,1,1,30,30,ILE,8.09,120.5
4663,1,1,1,31,31,GLN,8.63,123.4
4663,1,1,1,32,32,ASP,8.08,119.6
4663,1,1,1,33,33,LYS,7.35,114.9
4663,1,1,1,34,34,GLU,8.67,115.5
4663,1,1,1,35,35,GLY,8.49,108.6
4663,1,1,1,36,36,ILE,6.19,120.0
4663,1,1,1,39,39,ASP,8.53,113.4
4663,1,1,1,4,4,PHE,8.4,118.7
4663,1,1,1,40,40,GLN,7.91,117.1
4663,1,1,1,41,41,GLN,7.37,118.6
4663,1,1,1,42,42,ARG,8.47,124.6
4663,1,1,1,43,43,LEU,8.97,125.8
4663,1,1,1,44,44,ILE,9.14,122.7
4663,1,1,1,45,45,PHE,9.14,127.2
4663,1,1,1,46,46,ALA,9.02,133.1
4663,1,1,1,47,47,GLY,8.07,102.5
4663,1,1,1,48,48,LYS,8.06,122.0
4663,1,1,1,49,49,GLN,8.63,123.0
4663,1,1,1,5,5,VAL,9.21,122.4
4663,1,1,1,50,50,LEU,8.61,126.0
4663,1,1,1,51,51,GLU,8.21,123.4
4663,1,1,1,52,52,ASP,8.17,120.9
4663,1,1,1,53,53,GLY,9.98,111.1
4663,1,1,1,54,54,ARG,7.49,119.1
4663,1,1,1,55,55,THR,8.7,111.1
4663,1,1,1,56,56,LEU,8.66,120.4
4663,1,1,1,57,57,SER,8.71,113.8
4663,1,1,1,58,58,ASP,7.85,124.2
4663,1,1,1,59,59,TYR,7.49,115.9
4663,1,1,1,6,6,LYS,8.96,127.9
4663,1,1,1,60,60,ASN,8.15,115.3
4663,1,1,1,61,61,LEU,6.81,118.0
4663,1,1,1,62,62,GLN,7.69,118.5
4663,1,1,1,63,63,LYS,8.41,119.7
4663,1,1,1,64,64,GLU,9.11,115.6
4663,1,1,1,65,65,SER,7.92,116.1
4663,1,1,1,66,66,THR,8.64,118.0
4663,1,1,1,67,67,ILE,9.32,127.7
4663,1,1,1,68,68,HIS,9.34,125.2
4663,1,1,1,69,69,LEU,8.33,125.0
4663,1,1,1,7,7,THR,8.76,115.9
4663,1,1,1,70,70,VAL,9.23,126.4
4663,1,1,1,71,71,LEU,8.06,122.9
4663,1,1,1,72,72,ARG,8.54,123.9
4663,1,1,1,73,73,LEU,8.35,124.7
4663,1,1,1,74,74,ARG,8.43,122.0
4663,1,1,1,75,75,GLY,8.48,111.1
4663,1,1,1,76,76,GLY,7.94,115.2
4663,1,1,1,8,8,LEU,9.06,121.2
4663,1,1,1,9,9,THR,7.65,106.0
4664,1,1,1,10,10,ALA,7.37,120.68
4664,1,1,1,100,100,ALA,9.53,135.26
4664,1,1,1,101,101,THR,9.35,117.35
4664,1,1,1,102,102,ARG,8.91,126.75
4664,1,1,1,103,103,VAL,7.74,123.16
4664,1,1,1,104,104,LYS,8.88,130.93
4664,1,1,1,105,105,ASP,9.39,130.04
4664,1,1,1,106,106,GLY,8.24,103.63
4664,1,1,1,107,107,ARG,7.78,122.0
4664,1,1,1,108,108,THR,8.56,119.62
4664,1,1,1,109,109,LEU,9.13,129.73
4664,1,1,1,11,11,GLY,8.62,108.75
4664,1,1,1,110,110,HIS,8.39,116.91
4664,1,1,1,111,111,MET,9.01,124.18
4664,1,1,1,112,112,MET,9.06,123.86
4664,1,1,1,113,113,ARG,9.37,120.04
4664,1,1,1,114,114,LEU,7.96,125.31
4664,1,1,1,115,115,TYR,9.54,126.76
4664,1,1,1,116,116,SER,9.85,113.93
4664,1,1,1,117,117,ARG,8.25,131.38
4664,1,1,1,118,118,SER,7.87,111.94
4664,1,1,1,12,12,LYS,8.64,123.32
4664,1,1,1,120,120,GLU,7.3,118.13
4664,1,1,1,121,121,VAL,7.81,125.71
4664,1,1,1,122,122,SER,8.57,125.18
4664,1,1,1,124,124,ALA,7.93,120.88
4664,1,1,1,125,125,ALA,7.41,121.76
4664,1,1,1,126,126,THR,7.73,113.98
4664,1,1,1,127,127,ALA,7.8,123.92
4664,1,1,1,128,128,ILE,7.55,121.69
4664,1,1,1,129,129,PHE,8.16,120.96
4664,1,1,1,13,13,TRP,9.36,126.94
4664,1,1,1,130,130,ARG,8.55,117.06
4664,1,1,1,131,131,LYS,7.92,122.91
4664,1,1,1,132,132,LEU,8.35,120.95
4664,1,1,1,133,133,ALA,8.66,123.18
4664,1,1,1,134,134,GLY,8.03,108.18
4664,1,1,1,135,135,GLU,7.63,122.63
4664,1,1,1,136,136,ARG,7.03,118.75
4664,1,1,1,137,137,ASN,7.47,110.33
4664,1,1,1,138,138,TYR,7.92,119.4
4664,1,1,1,139,139,THR,7.64,115.69
4664,1,1,1,14,14,TYR,9.29,119.21
4664,1,1,1,140,140,ASP,8.52,118.66
4664,1,1,1,141,141,GLU,8.41,117.55
4664,1,1,1,142,142,MET,7.87,118.24
4664,1,1,1,143,143,VAL,7.03,117.58
4664,1,1,1,144,144,ALA,9.52,131.82
4664,1,1,1,145,145,MET,8.53,123.1
4664,1,1,1,146,146,LEU,7.81,126.17
4664,1,1,1,148,148,ARG,8.43,121.39
4664,1,1,1,149,149,GLN,7.66,115.79
4664,1,1,1,15,15,VAL,8.89,125.01
4664,1,1,1,150,150,GLU,8.47,118.54
4664,1,1,1,151,151,GLU,7.92,119.93
4664,1,1,1,152,152,CYS,9.52,122.88
4664,1,1,1,153,153,THR,8.4,118.84
4664,1,1,1,154,154,VAL,6.85,115.82
4664,1,1,1,155,155,ASP,8.29,124.82
4664,1,1,1,156,156,GLU,8.35,121.83
4664,1,1,1,157,157,VAL,7.52,124.69
4664,1,1,1,16,16,VAL,8.37,115.31
4664,1,1,1,17,17,ALA,7.52,123.65
4664,1,1,1,18,18,LEU,8.5,118.93
4664,1,1,1,19,19,ALA,8.26,120.95
4664,1,1,1,20,20,SER,7.34,114.76
4664,1,1,1,21,21,ASN,7.85,117.99
4664,1,1,1,22,22,THR,8.0,112.87
4664,1,1,1,23,23,GLU,8.89,123.46
4664,1,1,1,27,27,ARG,7.63,117.67
4664,1,1,1,28,28,GLU,7.55,116.73
4664,1,1,1,29,29,LYS,7.8,121.49
4664,1,1,1,30,30,ASP,8.29,119.6
4664,1,1,1,31,31,LYS,8.01,118.77
4664,1,1,1,32,32,MET,7.13,121.09
4664,1,1,1,33,33,LYS,8.45,120.98
4664,1,1,1,34,34,MET,8.24,119.05
4664,1,1,1,35,35,ALA,7.33,126.73
4664,1,1,1,36,36,MET,8.8,117.94
4664,1,1,1,37,37,ALA,8.89,122.7
4664,1,1,1,38,38,ARG,9.14,121.44
4664,1,1,1,39,39,ILE,8.85,126.21
4664,1,1,1,40,40,SER,8.66,121.8
4664,1,1,1,41,41,PHE,8.96,123.14
4664,1,1,1,42,42,LEU,8.42,126.05
4664,1,1,1,43,43,GLY,8.25,109.65
4664,1,1,1,44,44,GLU,8.81,121.22
4664,1,1,1,45,45,ASP,8.38,115.82
4664,1,1,1,46,46,GLU,7.38,118.62
4664,1,1,1,47,47,LEU,9.04,125.22
4664,1,1,1,48,48,LYS,8.93,125.15
4664,1,1,1,49,49,VAL,8.8,127.46
4664,1,1,1,5,5,ASP,8.02,119.93
4664,1,1,1,50,50,SER,8.26,121.67
4664,1,1,1,51,51,TYR,8.9,123.02
4664,1,1,1,52,52,ALA,8.5,124.49
4664,1,1,1,53,53,VAL,9.06,125.02
4664,1,1,1,57,57,ASN,8.25,114.85
4664,1,1,1,58,58,GLY,7.7,107.32
4664,1,1,1,6,6,ARG,8.53,125.15
4664,1,1,1,62,62,TRP,7.95,122.97
4664,1,1,1,63,63,GLU,8.29,118.12
4664,1,1,1,64,64,THR,8.93,118.91
4664,1,1,1,65,65,THR,8.36,120.74
4664,1,1,1,66,66,PHE,8.24,125.19
4664,1,1,1,67,67,LYS,8.82,120.68
4664,1,1,1,68,68,LYS,8.83,129.88
4664,1,1,1,69,69,THR,8.62,119.35
4664,1,1,1,7,7,SER,8.32,115.2
4664,1,1,1,70,70,SER,8.24,112.71
4664,1,1,1,71,71,ASP,7.86,121.92
4664,1,1,1,72,72,ASP,8.37,121.54
4664,1,1,1,73,73,GLY,8.08,109.82
4664,1,1,1,74,74,GLU,8.7,124.18
4664,1,1,1,75,75,VAL,7.8,124.5
4664,1,1,1,76,76,TYR,9.19,125.39
4664,1,1,1,77,77,TYR,9.38,121.32
4664,1,1,1,78,78,SER,8.46,125.58
4664,1,1,1,79,79,GLU,8.6,130.88
4664,1,1,1,8,8,GLU,7.9,120.87
4664,1,1,1,80,80,GLU,8.42,119.71
4664,1,1,1,81,81,ALA,7.28,118.49
4664,1,1,1,82,82,LYS,7.74,119.08
4664,1,1,1,83,83,LYS,7.07,119.1
4664,1,1,1,87,87,VAL,8.69,126.0
4664,1,1,1,88,88,LEU,8.93,128.8
4664,1,1,1,89,89,ASP,7.02,114.58
4664,1,1,1,9,9,ILE,7.39,115.0
4664,1,1,1,90,90,THR,7.99,120.53
4664,1,1,1,91,91,ASP,6.7,123.0
4664,1,1,1,92,92,TYR,9.3,115.9
4664,1,1,1,93,93,LYS,7.99,113.37
4664,1,1,1,94,94,SER,11.29,120.95
4664,1,1,1,95,95,TYR,8.4,123.5
4664,1,1,1,96,96,ALA,9.01,121.67
4664,1,1,1,97,97,VAL,9.26,122.55
4664,1,1,1,98,98,ILE,9.5,131.11
4664,1,1,1,99,99,TYR,9.47,128.87
4666,1,1,1,1,1,ALA,8.366,123.98
4666,1,1,1,10,10,GLU,7.903,119.93
4666,1,1,1,11,11,ILE,8.781,125.151
4666,1,1,1,13,13,ALA,8.75,123.296
4666,1,1,1,15,15,LEU,7.22,115.628
4666,1,1,1,16,16,ALA,7.951,118.976
4666,1,1,1,17,17,GLY,7.75,105.91
4666,1,1,1,18,18,THR,9.054,116.762
4666,1,1,1,19,19,VAL,9.085,125.865
4666,1,1,1,2,2,GLY,8.444,108.52
4666,1,1,1,20,20,SER,9.043,127.795
4666,1,1,1,21,21,LYS,7.539,116.848
4666,1,1,1,22,22,ILE,9.492,124.993
4666,1,1,1,23,23,LEU,8.101,126.214
4666,1,1,1,24,24,VAL,7.047,108.791
4666,1,1,1,25,25,LYS,8.677,118.505
4666,1,1,1,26,26,GLU,8.732,119.861
4666,1,1,1,27,27,GLY,9.222,113.764
4666,1,1,1,28,28,ASP,8.076,121.561
4666,1,1,1,29,29,THR,8.691,115.898
4666,1,1,1,3,3,ALA,8.195,123.732
4666,1,1,1,30,30,VAL,9.151,118.246
4666,1,1,1,31,31,LYS,8.006,122.313
4666,1,1,1,32,32,ALA,8.916,123.312
4666,1,1,1,33,33,GLY,9.331,112.321
4666,1,1,1,34,34,GLN,8.421,123.246
4666,1,1,1,35,35,THR,8.927,125.185
4666,1,1,1,36,36,VAL,9.233,117.792
4666,1,1,1,37,37,LEU,7.902,121.609
4666,1,1,1,38,38,VAL,8.98,122.228
4666,1,1,1,39,39,LEU,8.922,128.251
4666,1,1,1,4,4,GLY,8.454,108.365
4666,1,1,1,40,40,GLU,9.505,123.753
4666,1,1,1,41,41,ALA,8.606,128.752
4666,1,1,1,42,42,MET,9.36,122.312
4666,1,1,1,43,43,LYS,8.817,110.313
4666,1,1,1,44,44,MET,7.911,118.739
4666,1,1,1,45,45,GLU,8.722,123.491
4666,1,1,1,46,46,THR,9.311,120.962
4666,1,1,1,47,47,GLU,8.921,127.301
4666,1,1,1,48,48,ILE,8.802,123.81
4666,1,1,1,49,49,ASN,8.718,126.106
4666,1,1,1,5,5,LYS,8.117,120.646
4666,1,1,1,50,50,ALA,9.082,124.711
4666,1,1,1,52,52,THR,7.331,108.132
4666,1,1,1,53,53,ASP,8.214,119.362
4666,1,1,1,54,54,GLY,8.205,108.03
4666,1,1,1,55,55,LYS,8.984,121.126
4666,1,1,1,56,56,VAL,9.211,123.293
4666,1,1,1,57,57,GLU,9.009,133.006
4666,1,1,1,58,58,LYS,7.472,113.729
4666,1,1,1,59,59,VAL,9.709,128.239
4666,1,1,1,6,6,ALA,8.301,125.378
4666,1,1,1,60,60,LEU,8.063,125.533
4666,1,1,1,61,61,VAL,7.022,109.035
4666,1,1,1,62,62,LYS,8.576,118.325
4666,1,1,1,63,63,GLU,8.751,120.18
4666,1,1,1,64,64,ARG,9.233,115.198
4666,1,1,1,65,65,ASP,8.064,121.118
4666,1,1,1,66,66,ALA,8.571,124.477
4666,1,1,1,67,67,VAL,9.085,115.686
4666,1,1,1,68,68,GLN,8.228,120.395
4666,1,1,1,69,69,GLY,8.566,107.111
4666,1,1,1,7,7,GLY,8.46,110.661
4666,1,1,1,70,70,GLY,9.325,114.216
4666,1,1,1,71,71,GLN,7.85,122.289
4666,1,1,1,72,72,GLY,9.033,112.823
4666,1,1,1,73,73,LEU,8.882,121.01
4666,1,1,1,74,74,ILE,6.759,113.987
4666,1,1,1,75,75,LYS,9.312,128.243
4666,1,1,1,76,76,ILE,8.746,129.679
4666,1,1,1,77,77,GLY,9.091,121.645
4666,1,1,1,8,8,GLU,8.405,121.278
4666,1,1,1,9,9,GLY,8.921,112.354
4668,1,1,1,10,10,VAL,9.468,116.64
4668,1,1,1,100,100,ALA,7.613,123.005
4668,1,1,1,101,101,ASP,8.541,118.269
4668,1,1,1,102,102,PHE,7.157,114.855
4668,1,1,1,103,103,GLU,8.406,122.134
4668,1,1,1,105,105,GLU,7.143,119.747
4668,1,1,1,106,106,GLU,8.976,122.202
4668,1,1,1,107,107,GLY,9.365,113.271
4668,1,1,1,108,108,MET,7.596,120.449
4668,1,1,1,109,109,VAL,8.254,123.751
4668,1,1,1,11,11,ASP,8.901,122.501
4668,1,1,1,110,110,ILE,9.041,122.352
4668,1,1,1,111,111,LEU,8.248,120.394
4668,1,1,1,112,112,ALA,9.146,129.084
4668,1,1,1,113,113,GLU,9.214,122.981
4668,1,1,1,114,114,GLY,8.285,101.914
4668,1,1,1,115,115,ILE,7.851,121.79
4668,1,1,1,117,117,ALA,9.055,124.439
4668,1,1,1,118,118,THR,8.097,115.693
4668,1,1,1,119,119,ILE,9.087,127.066
4668,1,1,1,12,12,TYR,8.826,113.649
4668,1,1,1,120,120,THR,8.798,120.573
4668,1,1,1,121,121,GLU,7.374,120.695
4668,1,1,1,122,122,VAL,9.128,126.16
4668,1,1,1,123,123,THR,8.852,118.91
4668,1,1,1,124,124,ASP,8.663,116.921
4668,1,1,1,125,125,ASN,8.223,111.477
4668,1,1,1,126,126,GLU,8.236,122.118
4668,1,1,1,127,127,VAL,9.478,123.234
4668,1,1,1,128,128,THR,9.046,123.739
4668,1,1,1,129,129,LEU,9.372,127.32
4668,1,1,1,13,13,ILE,9.149,121.737
4668,1,1,1,130,130,ASP,9.122,120.249
4668,1,1,1,131,131,PHE,9.095,124.087
4668,1,1,1,132,132,ASN,9.122,120.398
4668,1,1,1,133,133,HIS,9.044,123.61
4668,1,1,1,134,134,GLU,8.643,130.217
4668,1,1,1,135,135,LEU,11.594,121.353
4668,1,1,1,136,136,ALA,8.159,124.909
4668,1,1,1,137,137,GLY,9.711,108.985
4668,1,1,1,138,138,LYS,7.515,119.052
4668,1,1,1,139,139,ASP,8.534,124.226
4668,1,1,1,14,14,GLY,9.211,116.274
4668,1,1,1,140,140,LEU,8.671,120.332
4668,1,1,1,141,141,VAL,9.23,122.807
4668,1,1,1,142,142,PHE,9.403,125.96
4668,1,1,1,143,143,THR,9.303,119.954
4668,1,1,1,144,144,ILE,9.374,127.454
4668,1,1,1,145,145,LYS,9.094,126.819
4668,1,1,1,146,146,ILE,8.333,123.682
4668,1,1,1,147,147,ILE,9.152,130.458
4668,1,1,1,148,148,GLU,7.65,114.534
4668,1,1,1,149,149,VAL,8.535,123.482
4668,1,1,1,15,15,LYS,9.267,125.447
4668,1,1,1,150,150,VAL,8.887,129.284
4668,1,1,1,151,151,GLU,8.099,130.513
4668,1,1,1,16,16,LEU,8.564,118.991
4668,1,1,1,17,17,GLU,9.661,122.822
4668,1,1,1,18,18,SER,7.714,110.191
4668,1,1,1,19,19,GLY,8.163,110.626
4668,1,1,1,2,2,VAL,8.823,123.204
4668,1,1,1,20,20,ASP,7.58,119.608
4668,1,1,1,21,21,VAL,8.743,124.956
4668,1,1,1,22,22,PHE,8.597,122.817
4668,1,1,1,23,23,ASP,7.03,119.13
4668,1,1,1,24,24,THR,8.326,117.596
4668,1,1,1,25,25,SER,7.063,116.617
4668,1,1,1,26,26,ILE,8.475,125.976
4668,1,1,1,27,27,GLU,9.319,132.117
4668,1,1,1,28,28,GLU,9.075,116.309
4668,1,1,1,29,29,VAL,6.597,119.356
4668,1,1,1,3,3,ASP,7.101,124.754
4668,1,1,1,30,30,ALA,7.815,123.073
4668,1,1,1,31,31,LYS,8.291,116.564
4668,1,1,1,32,32,GLU,7.861,121.542
4668,1,1,1,33,33,ALA,8.077,117.594
4668,1,1,1,34,34,GLY,7.701,106.005
4668,1,1,1,35,35,ILE,7.899,110.008
4668,1,1,1,36,36,TYR,7.486,125.008
4668,1,1,1,37,37,ALA,7.82,133.603
4668,1,1,1,39,39,ASP,8.175,114.606
4668,1,1,1,4,4,LYS,8.801,119.033
4668,1,1,1,40,40,ARG,7.474,121.385
4668,1,1,1,41,41,GLU,8.363,122.622
4668,1,1,1,42,42,TYR,9.087,128.381
4668,1,1,1,43,43,GLU,7.648,122.312
4668,1,1,1,45,45,LEU,9.067,126.532
4668,1,1,1,46,46,GLU,8.737,127.598
4668,1,1,1,47,47,PHE,9.005,122.024
4668,1,1,1,48,48,VAL,8.704,120.248
4668,1,1,1,49,49,VAL,8.713,129.918
4668,1,1,1,5,5,GLY,9.04,111.43
4668,1,1,1,50,50,GLY,9.157,118.762
4668,1,1,1,51,51,GLU,7.988,119.271
4668,1,1,1,52,52,GLY,9.566,111.045
4668,1,1,1,53,53,GLN,8.444,118.754
4668,1,1,1,54,54,LEU,8.07,119.244
4668,1,1,1,55,55,ILE,7.348,111.301
4668,1,1,1,56,56,GLN,8.868,125.07
4668,1,1,1,57,57,GLY,9.597,101.426
4668,1,1,1,58,58,PHE,7.433,122.262
4668,1,1,1,59,59,GLU,7.313,115.853
4668,1,1,1,6,6,VAL,7.461,120.124
4668,1,1,1,60,60,GLU,8.139,113.046
4668,1,1,1,61,61,ALA,7.354,120.814
4668,1,1,1,62,62,VAL,6.828,104.6
4668,1,1,1,63,63,LEU,6.862,116.935
4668,1,1,1,64,64,ASP,8.043,114.806
4668,1,1,1,65,65,MET,7.56,118.537
4668,1,1,1,66,66,GLU,8.669,118.936
4668,1,1,1,67,67,VAL,8.865,120.992
4668,1,1,1,68,68,GLY,8.607,117.055
4668,1,1,1,69,69,ASP,8.293,121.68
4668,1,1,1,7,7,LYS,8.758,128.103
4668,1,1,1,70,70,GLU,8.33,118.807
4668,1,1,1,71,71,LYS,8.932,126.019
4668,1,1,1,72,72,THR,8.762,121.912
4668,1,1,1,73,73,VAL,9.588,124.417
4668,1,1,1,74,74,LYS,8.651,125.822
4668,1,1,1,75,75,ILE,9.936,130.051
4668,1,1,1,77,77,ALA,8.775,123.943
4668,1,1,1,78,78,GLU,9.32,115.682
4668,1,1,1,79,79,LYS,8.073,117.629
4668,1,1,1,8,8,ILE,8.601,119.759
4668,1,1,1,80,80,ALA,7.917,125.607
4668,1,1,1,81,81,TYR,8.772,121.282
4668,1,1,1,82,82,GLY,8.236,108.016
4668,1,1,1,83,83,ASN,8.672,116.191
4668,1,1,1,84,84,ARG,9.028,121.072
4668,1,1,1,85,85,ASN,9.289,121.99
4668,1,1,1,86,86,GLU,9.679,128.041
4668,1,1,1,87,87,MET,8.416,115.779
4668,1,1,1,88,88,LEU,7.452,118.822
4668,1,1,1,89,89,ILE,7.174,120.11
4668,1,1,1,9,9,LYS,8.4,117.283
4668,1,1,1,90,90,GLN,9.48,126.787
4668,1,1,1,91,91,LYS,8.695,123.001
4668,1,1,1,92,92,ILE,9.373,123.672
4668,1,1,1,94,94,ARG,8.072,123.879
4668,1,1,1,95,95,ASP,8.786,117.555
4668,1,1,1,96,96,ALA,7.996,122.425
4668,1,1,1,97,97,PHE,7.823,115.109
4668,1,1,1,98,98,LYS,7.789,122.502
4668,1,1,1,99,99,GLU,8.326,117.138
4677,1,1,1,10,10,THR,8.48,116.8
4677,1,1,1,11,11,LEU,8.35,125.07
4677,1,1,1,12,12,GLU,8.87,121.72
4677,1,1,1,13,13,GLU,8.72,123.23
4677,1,1,1,14,14,CYS,8.13,129.53
4677,1,1,1,15,15,ASP,8.57,128.64
4677,1,1,1,16,16,VAL,8.7,124.14
4677,1,1,1,17,17,CYS,7.68,116.66
4677,1,1,1,18,18,HIS,7.63,120.54
4677,1,1,1,19,19,GLY,8.07,104.8
4677,1,1,1,20,20,SER,7.85,117.99
4677,1,1,1,21,21,GLY,9.58,114.42
4677,1,1,1,22,22,ALA,8.13,125.92
4677,1,1,1,23,23,LYS,8.23,123.7
4677,1,1,1,25,25,GLY,8.89,113.47
4677,1,1,1,26,26,THR,8.24,113.6
4677,1,1,1,27,27,GLN,8.57,119.03
4677,1,1,1,29,29,GLN,8.69,122.1
4677,1,1,1,3,3,THR,8.38,119.8
4677,1,1,1,30,30,THR,8.89,122.61
4677,1,1,1,31,31,CYS,8.17,131.72
4677,1,1,1,33,33,THR,8.71,121.5
4677,1,1,1,34,34,CYS,7.72,118.14
4677,1,1,1,35,35,HIS,7.7,120.8
4677,1,1,1,36,36,GLY,8.38,107.24
4677,1,1,1,37,37,SER,7.88,117.48
4677,1,1,1,38,38,GLY,9.75,115.47
4677,1,1,1,39,39,GLN,8.19,121.02
4677,1,1,1,4,4,LYS,8.47,125.38
4677,1,1,1,40,40,VAL,8.96,114.11
4677,1,1,1,41,41,GLN,8.48,121.29
4677,1,1,1,42,42,MET,8.93,125.03
4677,1,1,1,43,43,ARG,8.67,123.63
4677,1,1,1,44,44,GLN,8.64,125.63
4677,1,1,1,45,45,GLY,8.74,114.64
4677,1,1,1,46,46,PHE,8.59,124.65
4677,1,1,1,47,47,PHE,7.93,119.28
4677,1,1,1,48,48,ALA,8.39,125.62
4677,1,1,1,49,49,VAL,8.51,119.96
4677,1,1,1,5,5,GLU,8.48,123.81
4677,1,1,1,50,50,GLN,8.54,124.35
4677,1,1,1,51,51,GLN,8.99,122.72
4677,1,1,1,52,52,THR,8.55,119.79
4677,1,1,1,53,53,CYS,8.3,130.69
4677,1,1,1,55,55,HIS,9.0,125.87
4677,1,1,1,56,56,CYS,7.95,115.48
4677,1,1,1,57,57,GLN,7.78,119.54
4677,1,1,1,58,58,GLY,8.16,106.53
4677,1,1,1,59,59,ARG,7.71,121.59
4677,1,1,1,6,6,ILE,8.35,124.21
4677,1,1,1,60,60,GLY,9.9,110.23
4677,1,1,1,61,61,THR,6.94,109.47
4677,1,1,1,62,62,LEU,9.14,120.44
4677,1,1,1,63,63,ILE,8.67,124.41
4677,1,1,1,64,64,LYS,8.48,128.24
4677,1,1,1,65,65,ASP,8.18,119.8
4677,1,1,1,67,67,CYS,8.11,125.47
4677,1,1,1,68,68,ASN,8.8,126.67
4677,1,1,1,69,69,LYS,8.93,124.15
4677,1,1,1,7,7,ARG,8.49,127.25
4677,1,1,1,70,70,CYS,7.58,114.62
4677,1,1,1,71,71,HIS,7.59,120.69
4677,1,1,1,72,72,GLY,7.96,105.5
4677,1,1,1,73,73,HIS,7.74,119.92
4677,1,1,1,74,74,GLY,9.79,111.35
4677,1,1,1,75,75,ARG,6.97,117.46
4677,1,1,1,76,76,VAL,9.1,116.41
4677,1,1,1,77,77,GLU,8.69,124.35
4677,1,1,1,78,78,ARG,8.75,126.1
4677,1,1,1,79,79,SER,8.23,125.61
4677,1,1,1,8,8,ILE,8.43,126.35
4679,1,1,1,10,10,TRP,8.2,122.8
4679,1,1,1,100,100,ASP,10.2,128.98
4679,1,1,1,101,101,ASP,9.35,123.84
4679,1,1,1,102,102,GLU,7.34,114.89
4679,1,1,1,103,103,THR,8.14,122.13
4679,1,1,1,104,104,TRP,9.59,132.11
4679,1,1,1,105,105,THR,8.78,113.21
4679,1,1,1,106,106,SER,8.6,115.7
4679,1,1,1,107,107,SER,8.97,121.21
4679,1,1,1,109,109,LYS,7.84,124.73
4679,1,1,1,110,110,GLY,7.91,109.89
4679,1,1,1,111,111,TYR,8.32,122.16
4679,1,1,1,112,112,ASN,8.52,123.61
4679,1,1,1,113,113,LEU,8.68,129.76
4679,1,1,1,114,114,PHE,8.56,118.46
4679,1,1,1,115,115,LEU,8.12,120.37
4679,1,1,1,116,116,VAL,7.8,115.55
4679,1,1,1,117,117,ALA,9.34,122.04
4679,1,1,1,118,118,ALA,8.6,118.97
4679,1,1,1,119,119,HIS,7.53,117.83
4679,1,1,1,12,12,LYS,7.52,119.05
4679,1,1,1,120,120,GLU,9.19,118.07
4679,1,1,1,121,121,PHE,9.12,116.9
4679,1,1,1,122,122,GLY,7.81,108.9
4679,1,1,1,123,123,HIS,7.32,121.71
4679,1,1,1,124,124,SER,9.0,116.95
4679,1,1,1,125,125,LEU,7.6,114.71
4679,1,1,1,126,126,GLY,8.4,108.14
4679,1,1,1,127,127,LEU,8.9,120.66
4679,1,1,1,128,128,ASP,8.23,123.4
4679,1,1,1,129,129,HIS,9.06,117.0
4679,1,1,1,13,13,MET,8.19,113.97
4679,1,1,1,130,130,SER,6.99,115.71
4679,1,1,1,131,131,LYS,8.51,122.26
4679,1,1,1,132,132,ASP,8.86,124.64
4679,1,1,1,134,134,GLY,8.52,106.34
4679,1,1,1,135,135,ALA,8.05,124.74
4679,1,1,1,136,136,LEU,12.17,132.78
4679,1,1,1,137,137,MET,9.09,114.32
4679,1,1,1,138,138,PHE,8.06,128.05
4679,1,1,1,14,14,ASN,7.36,115.81
4679,1,1,1,140,140,ILE,7.52,118.84
4679,1,1,1,141,141,TYR,9.21,127.42
4679,1,1,1,142,142,THR,8.81,126.21
4679,1,1,1,143,143,TYR,8.51,126.01
4679,1,1,1,145,145,GLY,7.24,110.17
4679,1,1,1,146,146,LYS,7.7,120.09
4679,1,1,1,15,15,LEU,8.05,124.63
4679,1,1,1,150,150,MET,7.25,126.88
4679,1,1,1,151,151,LEU,8.4,127.22
4679,1,1,1,153,153,ASP,8.4,120.68
4679,1,1,1,154,154,ASP,8.9,116.79
4679,1,1,1,155,155,ASP,7.15,114.54
4679,1,1,1,156,156,VAL,7.95,119.35
4679,1,1,1,157,157,GLN,8.72,117.08
4679,1,1,1,158,158,GLY,8.28,108.54
4679,1,1,1,159,159,ILE,9.02,125.32
4679,1,1,1,16,16,THR,9.39,112.47
4679,1,1,1,160,160,GLN,8.57,122.36
4679,1,1,1,161,161,SER,7.95,119.65
4679,1,1,1,162,162,LEU,6.78,120.86
4679,1,1,1,163,163,TYR,7.65,113.97
4679,1,1,1,164,164,GLY,8.35,109.54
4679,1,1,1,17,17,TYR,8.65,117.5
4679,1,1,1,18,18,ARG,8.24,119.37
4679,1,1,1,19,19,ILE,8.83,128.62
4679,1,1,1,2,2,ASN,9.8,118.95
4679,1,1,1,20,20,VAL,9.66,130.2
4679,1,1,1,21,21,ASN,7.78,115.55
4679,1,1,1,22,22,TYR,8.16,111.73
4679,1,1,1,23,23,THR,7.61,110.77
4679,1,1,1,25,25,ASP,8.94,121.85
4679,1,1,1,26,26,MET,7.24,114.31
4679,1,1,1,27,27,THR,8.58,110.32
4679,1,1,1,29,29,SER,8.59,112.51
4679,1,1,1,3,3,VAL,8.4,115.48
4679,1,1,1,30,30,GLU,7.72,121.82
4679,1,1,1,31,31,VAL,8.09,122.53
4679,1,1,1,32,32,GLU,8.51,117.52
4679,1,1,1,33,33,LYS,8.44,119.81
4679,1,1,1,34,34,ALA,7.84,122.58
4679,1,1,1,35,35,PHE,7.93,113.82
4679,1,1,1,36,36,LYS,8.49,120.03
4679,1,1,1,37,37,LYS,8.44,119.81
4679,1,1,1,38,38,ALA,8.38,123.37
4679,1,1,1,39,39,PHE,8.12,114.33
4679,1,1,1,4,4,PHE,8.04,121.43
4679,1,1,1,40,40,LYS,7.85,120.85
4679,1,1,1,41,41,VAL,7.35,112.93
4679,1,1,1,42,42,TRP,6.86,116.24
4679,1,1,1,43,43,SER,9.17,117.46
4679,1,1,1,44,44,ASP,8.68,120.6
4679,1,1,1,45,45,VAL,7.15,107.76
4679,1,1,1,46,46,THR,7.4,109.23
4679,1,1,1,48,48,LEU,7.24,117.26
4679,1,1,1,49,49,ASN,8.18,117.85
4679,1,1,1,50,50,PHE,8.37,118.93
4679,1,1,1,51,51,THR,8.52,120.15
4679,1,1,1,52,52,ARG,8.52,128.51
4679,1,1,1,53,53,LEU,8.98,127.05
4679,1,1,1,55,55,ASP,7.68,117.0
4679,1,1,1,56,56,GLY,8.32,106.85
4679,1,1,1,57,57,ILE,8.22,118.92
4679,1,1,1,58,58,ALA,7.94,131.48
4679,1,1,1,59,59,ASP,8.32,121.15
4679,1,1,1,6,6,ARG,8.48,116.09
4679,1,1,1,60,60,ILE,8.85,123.89
4679,1,1,1,61,61,MET,7.48,126.96
4679,1,1,1,62,62,ILE,9.09,128.08
4679,1,1,1,63,63,SER,8.82,117.76
4679,1,1,1,64,64,PHE,9.93,120.72
4679,1,1,1,65,65,GLY,9.03,109.54
4679,1,1,1,66,66,ILE,8.43,116.48
4679,1,1,1,67,67,LYS,9.85,121.55
4679,1,1,1,68,68,GLU,8.18,127.76
4679,1,1,1,7,7,THR,8.41,114.35
4679,1,1,1,75,75,PHE,7.97,118.28
4679,1,1,1,76,76,ASP,8.35,116.11
4679,1,1,1,77,77,GLY,8.68,110.04
4679,1,1,1,79,79,SER,13.02,124.75
4679,1,1,1,8,8,LEU,6.89,122.69
4679,1,1,1,80,80,GLY,8.36,111.49
4679,1,1,1,81,81,LEU,10.06,130.14
4679,1,1,1,82,82,LEU,7.98,127.58
4679,1,1,1,83,83,ALA,6.78,114.26
4679,1,1,1,84,84,HIS,8.98,116.65
4679,1,1,1,85,85,ALA,8.32,121.15
4679,1,1,1,86,86,PHE,8.1,120.87
4679,1,1,1,89,89,GLY,5.57,106.9
4679,1,1,1,9,9,LYS,7.85,116.62
4679,1,1,1,93,93,GLY,7.82,105.39
4679,1,1,1,94,94,GLY,8.02,119.87
4679,1,1,1,95,95,ASP,8.6,122.74
4679,1,1,1,96,96,ALA,7.9,118.41
4679,1,1,1,97,97,HIS,9.05,120.97
4679,1,1,1,98,98,PHE,8.82,121.97
4679,1,1,1,99,99,ASP,8.03,122.96
4682,2,1,1,10,10,GLU,9.75,128.5
4682,2,1,1,100,100,GLY,8.57,118.2
4682,2,1,1,101,101,GLU,8.48,124.9
4682,2,1,1,102,102,LYS,7.23,117.3
4682,2,1,1,103,103,GLU,8.81,127.8
4682,2,1,1,104,104,ASN,9.16,121.0
4682,2,1,1,105,105,ARG,8.23,123.7
4682,2,1,1,106,106,GLY,8.72,119.4
4682,2,1,1,107,107,TRP,8.4,121.5
4682,2,1,1,108,108,LYS,9.29,120.9
4682,2,1,1,109,109,GLN,9.67,126.6
4682,2,1,1,11,11,MET,8.5,131.6
4682,2,1,1,110,110,TRP,9.37,132.0
4682,2,1,1,111,111,VAL,8.45,123.0
4682,2,1,1,112,112,GLU,8.99,129.1
4682,2,1,1,113,113,GLY,9.42,121.9
4682,2,1,1,114,114,ASP,8.66,127.7
4682,2,1,1,115,115,LYS,8.0,121.0
4682,2,1,1,116,116,LEU,8.39,126.8
4682,2,1,1,117,117,TYR,8.99,129.7
4682,2,1,1,118,118,LEU,8.4,125.0
4682,2,1,1,119,119,GLU,9.39,128.4
4682,2,1,1,12,12,GLU,9.66,129.2
4682,2,1,1,120,120,LEU,9.6,130.5
4682,2,1,1,121,121,THR,8.86,115.9
4682,2,1,1,122,122,CYS,8.36,123.4
4682,2,1,1,123,123,GLY,8.88,123.4
4682,2,1,1,124,124,ASP,8.53,130.2
4682,2,1,1,125,125,GLN,8.32,121.5
4682,2,1,1,126,126,VAL,8.48,124.9
4682,2,1,1,127,127,CYS,9.81,134.1
4682,2,1,1,128,128,ARG,8.3,131.2
4682,2,1,1,129,129,GLN,9.66,130.3
4682,2,1,1,13,13,SER,7.67,115.7
4682,2,1,1,130,130,VAL,7.59,123.5
4682,2,1,1,131,131,PHE,9.75,129.7
4682,2,1,1,132,132,LYS,9.4,124.7
4682,2,1,1,133,133,LYS,8.76,132.0
4682,2,1,1,134,134,LYS,8.45,136.0
4682,2,1,1,14,14,ASN,8.59,124.6
4682,2,1,1,15,15,GLU,8.95,129.5
4682,2,1,1,16,16,ASN,9.57,124.7
4682,2,1,1,17,17,PHE,8.15,123.6
4682,2,1,1,18,18,GLU,9.3,121.0
4682,2,1,1,19,19,GLY,6.9,109.0
4682,2,1,1,20,20,TYR,7.33,124.6
4682,2,1,1,21,21,MET,8.13,117.1
4682,2,1,1,22,22,LYS,8.59,123.3
4682,2,1,1,23,23,ALA,7.94,127.9
4682,2,1,1,24,24,LEU,6.84,118.1
4682,2,1,1,25,25,ASP,7.94,115.8
4682,2,1,1,26,26,ILE,7.59,123.5
4682,2,1,1,27,27,ASP,8.38,131.0
4682,2,1,1,28,28,PHE,8.84,125.2
4682,2,1,1,29,29,ALA,8.38,123.8
4682,2,1,1,3,3,LYS,8.52,127.9
4682,2,1,1,30,30,THR,7.88,119.0
4682,2,1,1,31,31,ARG,8.35,123.5
4682,2,1,1,32,32,LYS,7.83,118.7
4682,2,1,1,33,33,ILE,6.84,120.3
4682,2,1,1,34,34,ALA,8.27,122.5
4682,2,1,1,35,35,VAL,8.2,117.1
4682,2,1,1,36,36,ARG,7.22,119.8
4682,2,1,1,37,37,LEU,6.92,120.5
4682,2,1,1,38,38,THR,8.65,122.4
4682,2,1,1,39,39,GLN,7.07,128.3
4682,2,1,1,4,4,ASP,7.94,121.2
4682,2,1,1,40,40,THR,8.91,121.2
4682,2,1,1,41,41,LYS,9.73,129.9
4682,2,1,1,42,42,ILE,9.37,129.3
4682,2,1,1,43,43,ILE,9.35,131.1
4682,2,1,1,44,44,VAL,8.78,133.2
4682,2,1,1,45,45,GLN,9.27,135.9
4682,2,1,1,46,46,ASP,8.65,132.1
4682,2,1,1,47,47,GLY,8.99,118.6
4682,2,1,1,48,48,ASP,8.87,130.3
4682,2,1,1,49,49,ASN,8.29,122.9
4682,2,1,1,5,5,GLN,10.14,129.6
4682,2,1,1,50,50,PHE,9.36,127.7
4682,2,1,1,51,51,LYS,8.94,126.4
4682,2,1,1,52,52,THR,8.31,118.2
4682,2,1,1,53,53,LYS,9.11,128.9
4682,2,1,1,54,54,THR,8.45,124.5
4682,2,1,1,55,55,ASN,9.49,128.0
4682,2,1,1,56,56,SER,8.66,116.7
4682,2,1,1,57,57,THR,9.06,112.5
4682,2,1,1,58,58,PHE,7.42,123.5
4682,2,1,1,59,59,ARG,6.84,118.7
4682,2,1,1,6,6,ASN,8.03,119.2
4682,2,1,1,60,60,ASN,8.47,124.3
4682,2,1,1,61,61,TYR,9.45,123.6
4682,2,1,1,62,62,ASP,8.43,136.6
4682,2,1,1,63,63,LEU,8.29,124.2
4682,2,1,1,64,64,ASP,8.73,135.8
4682,2,1,1,65,65,PHE,8.22,117.5
4682,2,1,1,66,66,THR,9.32,121.0
4682,2,1,1,67,67,VAL,9.47,133.3
4682,2,1,1,68,68,GLY,9.54,116.5
4682,2,1,1,69,69,VAL,7.75,124.9
4682,2,1,1,7,7,GLY,8.73,109.8
4682,2,1,1,70,70,GLU,9.05,137.3
4682,2,1,1,71,71,PHE,9.31,126.3
4682,2,1,1,72,72,ASP,8.5,123.0
4682,2,1,1,73,73,GLU,8.8,133.1
4682,2,1,1,74,74,HIS,8.91,131.1
4682,2,1,1,75,75,THR,9.27,124.2
4682,2,1,1,76,76,LYS,8.5,131.8
4682,2,1,1,77,77,GLY,8.94,118.3
4682,2,1,1,78,78,LEU,7.8,124.3
4682,2,1,1,79,79,ASP,9.99,120.1
4682,2,1,1,8,8,THR,8.09,120.1
4682,2,1,1,80,80,GLY,8.09,114.0
4682,2,1,1,81,81,ARG,7.76,120.8
4682,2,1,1,82,82,ASN,8.61,121.0
4682,2,1,1,83,83,VAL,9.26,122.1
4682,2,1,1,84,84,LYS,8.88,126.9
4682,2,1,1,85,85,THR,9.05,132.3
4682,2,1,1,86,86,LEU,8.12,128.7
4682,2,1,1,87,87,VAL,9.14,134.5
4682,2,1,1,88,88,THR,9.04,121.2
4682,2,1,1,89,89,TRP,8.36,121.1
4682,2,1,1,9,9,TRP,9.48,129.7
4682,2,1,1,90,90,GLU,9.51,128.4
4682,2,1,1,91,91,GLY,9.02,120.0
4682,2,1,1,92,92,ASN,8.77,128.2
4682,2,1,1,93,93,THR,8.3,120.3
4682,2,1,1,94,94,LEU,9.24,131.8
4682,2,1,1,95,95,VAL,9.15,126.7
4682,2,1,1,96,96,CYS,9.16,130.7
4682,2,1,1,97,97,VAL,8.27,132.4
4682,2,1,1,98,98,GLN,8.25,128.8
4682,2,1,1,99,99,LYS,9.13,130.2
4688,1,1,1,10,10,LYS,8.016,121.566
4688,1,1,1,100,100,LEU,8.103,120.345
4688,1,1,1,101,101,ALA,7.886,123.491
4688,1,1,1,102,102,GLU,8.622,117.658
4688,1,1,1,103,103,GLY,8.769,110.218
4688,1,1,1,104,104,ALA,8.478,124.807
4688,1,1,1,105,105,ARG,8.272,119.386
4688,1,1,1,106,106,GLU,8.597,123.617
4688,1,1,1,107,107,GLY,8.09,104.648
4688,1,1,1,108,108,GLY,7.586,106.156
4688,1,1,1,109,109,LEU,7.93,121.198
4688,1,1,1,11,11,PHE,8.028,120.693
4688,1,1,1,110,110,GLU,8.474,122.593
4688,1,1,1,111,111,PHE,7.225,125.129
4688,1,1,1,12,12,ARG,8.078,122.871
4688,1,1,1,13,13,VAL,8.102,121.857
4688,1,1,1,14,14,ARG,8.348,125.034
4688,1,1,1,15,15,ASN,8.428,120.417
4688,1,1,1,17,17,ILE,8.118,122.659
4688,1,1,1,18,18,LYS,8.352,126.502
4688,1,1,1,19,19,ARG,8.437,124.12
4688,1,1,1,20,20,THR,8.268,115.985
4688,1,1,1,21,21,GLY,8.433,111.76
4688,1,1,1,22,22,ARG,8.364,121.779
4688,1,1,1,23,23,LEU,8.244,123.197
4688,1,1,1,24,24,ARG,8.972,125.359
4688,1,1,1,25,25,LEU,9.105,130.623
4688,1,1,1,26,26,SER,9.133,121.852
4688,1,1,1,27,27,VAL,8.026,121.202
4688,1,1,1,28,28,PHE,9.074,125.229
4688,1,1,1,29,29,ARG,7.739,126.073
4688,1,1,1,3,3,LEU,8.448,125.146
4688,1,1,1,30,30,SER,8.949,122.494
4688,1,1,1,32,32,LYS,7.981,117.197
4688,1,1,1,33,33,HIS,7.678,117.197
4688,1,1,1,34,34,ILE,8.598,118.757
4688,1,1,1,35,35,TYR,8.977,126.105
4688,1,1,1,36,36,ALA,9.097,123.529
4688,1,1,1,37,37,GLN,8.769,117.201
4688,1,1,1,38,38,ILE,8.684,120.266
4688,1,1,1,39,39,ILE,9.628,131.032
4688,1,1,1,4,4,THR,8.31,115.663
4688,1,1,1,40,40,ASP,8.611,124.282
4688,1,1,1,41,41,ASP,8.953,127.162
4688,1,1,1,42,42,GLU,8.559,121.266
4688,1,1,1,43,43,LYS,7.376,116.417
4688,1,1,1,44,44,GLY,8.525,110.779
4688,1,1,1,45,45,VAL,7.16,113.698
4688,1,1,1,46,46,THR,8.876,123.464
4688,1,1,1,47,47,LEU,9.244,129.116
4688,1,1,1,48,48,VAL,7.293,113.333
4688,1,1,1,49,49,SER,8.535,119.563
4688,1,1,1,5,5,ALA,8.469,125.85
4688,1,1,1,50,50,ALA,8.887,122.181
4688,1,1,1,51,51,SER,7.872,112.386
4688,1,1,1,52,52,SER,8.874,116.611
4688,1,1,1,53,53,LEU,6.694,123.779
4688,1,1,1,54,54,ALA,7.77,122.036
4688,1,1,1,55,55,LEU,7.316,116.858
4688,1,1,1,56,56,LYS,7.855,118.023
4688,1,1,1,57,57,LEU,7.731,120.416
4688,1,1,1,58,58,LYS,8.512,122.169
4688,1,1,1,59,59,GLY,7.917,109.636
4688,1,1,1,6,6,TYR,8.074,119.279
4688,1,1,1,60,60,ASN,8.544,118.935
4688,1,1,1,61,61,LYS,8.253,122.319
4688,1,1,1,65,65,ALA,7.453,121.935
4688,1,1,1,66,66,ARG,7.943,119.132
4688,1,1,1,67,67,GLN,7.798,118.658
4688,1,1,1,68,68,VAL,8.43,123.165
4688,1,1,1,69,69,GLY,8.067,107.665
4688,1,1,1,7,7,GLU,8.039,122.087
4688,1,1,1,70,70,ARG,8.215,122.165
4688,1,1,1,71,71,ALA,8.323,123.264
4688,1,1,1,72,72,LEU,8.328,119.418
4688,1,1,1,73,73,ALA,8.097,120.413
4688,1,1,1,74,74,GLU,8.215,117.743
4688,1,1,1,75,75,LYS,7.788,119.066
4688,1,1,1,76,76,ALA,8.662,122.592
4688,1,1,1,77,77,LEU,9.064,121.873
4688,1,1,1,78,78,ALA,7.383,122.363
4688,1,1,1,79,79,LEU,7.426,118.25
4688,1,1,1,8,8,ARG,8.263,121.628
4688,1,1,1,80,80,GLY,7.971,108.32
4688,1,1,1,81,81,ILE,7.855,124.282
4688,1,1,1,82,82,LYS,8.223,123.853
4688,1,1,1,83,83,GLN,7.85,118.9
4688,1,1,1,84,84,VAL,8.528,116.122
4688,1,1,1,85,85,ALA,8.544,122.61
4688,1,1,1,86,86,PHE,9.263,125.656
4688,1,1,1,87,87,ASP,8.846,131.656
4688,1,1,1,88,88,ARG,8.218,123.263
4688,1,1,1,89,89,GLY,8.266,109.4
4688,1,1,1,9,9,ARG,8.055,121.363
4688,1,1,1,91,91,TYR,7.692,122.315
4688,1,1,1,92,92,LYS,8.61,122.165
4688,1,1,1,93,93,TYR,9.037,124.765
4688,1,1,1,94,94,HIS,7.913,123.63
4688,1,1,1,95,95,GLY,8.818,112.242
4688,1,1,1,97,97,VAL,8.162,119.657
4688,1,1,1,98,98,LYS,6.363,119.432
4688,1,1,1,99,99,ALA,7.828,120.741
4697,1,1,1,1,1,GLU,8.733,122.631
4697,1,1,1,10,10,LEU,8.007,123.276
4697,1,1,1,100,100,VAL,8.95,121.827
4697,1,1,1,101,101,ILE,9.233,127.069
4697,1,1,1,102,102,GLU,9.191,128.905
4697,1,1,1,103,103,ALA,8.82,130.868
4697,1,1,1,104,104,TYR,9.31,122.216
4697,1,1,1,105,105,VAL,8.743,113.745
4697,1,1,1,106,106,MET,8.427,120.919
4697,1,1,1,107,107,GLN,9.058,124.54
4697,1,1,1,108,108,GLU,8.834,127.069
4697,1,1,1,109,109,VAL,8.233,125.558
4697,1,1,1,110,110,ALA,8.272,129.538
4697,1,1,1,111,111,ARG,8.209,123.016
4697,1,1,1,112,112,ALA,7.872,132.223
4697,1,1,1,13,13,GLU,8.267,121.039
4697,1,1,1,14,14,TYR,8.107,120.291
4697,1,1,1,15,15,GLU,9.122,121.528
4697,1,1,1,16,16,GLU,8.53,123.953
4697,1,1,1,17,17,LYS,9.122,127.233
4697,1,1,1,18,18,VAL,8.717,129.15
4697,1,1,1,19,19,ILE,9.195,124.143
4697,1,1,1,2,2,ILE,8.118,121.449
4697,1,1,1,20,20,GLY,7.82,112.129
4697,1,1,1,21,21,GLN,8.532,117.567
4697,1,1,1,22,22,ALA,9.412,123.497
4697,1,1,1,23,23,GLU,8.862,121.281
4697,1,1,1,24,24,VAL,8.999,125.633
4697,1,1,1,25,25,ARG,9.271,132.457
4697,1,1,1,26,26,GLN,8.186,117.605
4697,1,1,1,27,27,THR,8.353,113.167
4697,1,1,1,28,28,PHE,8.766,120.561
4697,1,1,1,29,29,LYS,8.712,125.793
4697,1,1,1,3,3,GLU,8.081,122.646
4697,1,1,1,30,30,VAL,8.386,126.42
4697,1,1,1,31,31,SER,8.746,125.242
4697,1,1,1,32,32,LYS,8.533,119.957
4697,1,1,1,33,33,VAL,7.872,119.251
4697,1,1,1,34,34,GLY,8.082,109.44
4697,1,1,1,35,35,THR,8.285,121.207
4697,1,1,1,36,36,ILE,9.029,128.282
4697,1,1,1,37,37,ALA,9.216,130.562
4697,1,1,1,38,38,GLY,9.466,117.056
4697,1,1,1,39,39,CYS,9.241,124.454
4697,1,1,1,4,4,ALA,8.1,124.649
4697,1,1,1,40,40,TYR,8.747,123.814
4697,1,1,1,41,41,VAL,7.834,130.186
4697,1,1,1,42,42,THR,8.564,121.984
4697,1,1,1,43,43,ASP,7.709,121.502
4697,1,1,1,44,44,GLY,8.39,112.61
4697,1,1,1,45,45,LYS,9.03,125.204
4697,1,1,1,46,46,ILE,8.225,116.246
4697,1,1,1,47,47,THR,6.96,114.11
4697,1,1,1,48,48,ARG,8.366,121.422
4697,1,1,1,49,49,ASP,7.918,116.127
4697,1,1,1,5,5,ALA,7.952,122.658
4697,1,1,1,50,50,SER,7.38,118.467
4697,1,1,1,51,51,LYS,8.351,122.69
4697,1,1,1,52,52,VAL,8.168,111.734
4697,1,1,1,53,53,ARG,9.156,122.488
4697,1,1,1,54,54,LEU,8.88,128.092
4697,1,1,1,55,55,ILE,9.89,130.411
4697,1,1,1,56,56,ARG,9.294,131.834
4697,1,1,1,57,57,GLN,9.396,128.438
4697,1,1,1,58,58,GLY,8.099,103.541
4697,1,1,1,59,59,ILE,7.619,123.083
4697,1,1,1,6,6,MET,7.91,119.102
4697,1,1,1,60,60,VAL,8.621,128.239
4697,1,1,1,61,61,VAL,9.064,127.515
4697,1,1,1,62,62,TYR,7.407,120.384
4697,1,1,1,63,63,GLU,6.726,127.842
4697,1,1,1,64,64,GLY,8.713,111.038
4697,1,1,1,65,65,GLU,8.589,124.262
4697,1,1,1,66,66,ILE,8.41,123.743
4697,1,1,1,67,67,ASP,8.905,127.57
4697,1,1,1,68,68,SER,7.603,114.048
4697,1,1,1,69,69,LEU,8.27,124.998
4697,1,1,1,7,7,LYS,7.958,122.156
4697,1,1,1,70,70,LYS,9.085,125.587
4697,1,1,1,71,71,ARG,8.43,121.825
4697,1,1,1,72,72,TYR,8.924,126.079
4697,1,1,1,73,73,LYS,8.096,120.251
4697,1,1,1,74,74,ASP,7.997,121.768
4697,1,1,1,75,75,ASP,8.451,123.959
4697,1,1,1,76,76,VAL,8.243,116.808
4697,1,1,1,77,77,ARG,8.502,120.492
4697,1,1,1,78,78,GLU,7.398,114.989
4697,1,1,1,79,79,VAL,8.601,121.851
4697,1,1,1,8,8,GLY,8.208,110.33
4697,1,1,1,80,80,ALA,7.978,130.171
4697,1,1,1,81,81,GLN,7.351,116.61
4697,1,1,1,82,82,GLY,8.715,112.211
4697,1,1,1,83,83,TYR,7.341,118.995
4697,1,1,1,84,84,GLU,8.227,119.417
4697,1,1,1,85,85,CYS,8.703,114.446
4697,1,1,1,86,86,GLY,9.014,110.196
4697,1,1,1,87,87,LEU,9.095,126.246
4697,1,1,1,88,88,THR,8.256,112.415
4697,1,1,1,89,89,ILE,9.495,125.716
4697,1,1,1,9,9,MET,7.969,120.525
4697,1,1,1,90,90,LYS,8.602,128.597
4697,1,1,1,91,91,ASN,9.179,121.685
4697,1,1,1,92,92,PHE,7.494,119.694
4697,1,1,1,93,93,ASN,8.121,123.401
4697,1,1,1,94,94,ASP,5.43,123.796
4697,1,1,1,95,95,ILE,7.049,122.135
4697,1,1,1,96,96,LYS,9.132,128.986
4697,1,1,1,97,97,GLU,8.718,122.356
4697,1,1,1,98,98,GLY,9.061,116.053
4697,1,1,1,99,99,ASP,8.054,124.856
4700,1,1,1,10,10,GLY,6.922,106.55
4700,1,1,1,100,100,GLU,7.592,115.9
4700,1,1,1,101,101,ILE,8.3,112.48
4700,1,1,1,102,102,THR,7.94,111.85
4700,1,1,1,103,103,HIS,7.672,117.89
4700,1,1,1,104,104,HIS,7.271,112.92
4700,1,1,1,105,105,CYS,8.559,116.44
4700,1,1,1,107,107,LYS,8.863,115.28
4700,1,1,1,108,108,THR,7.588,119.32
4700,1,1,1,11,11,ASP,8.361,116.92
4700,1,1,1,110,110,PHE,8.292,112.22
4700,1,1,1,111,111,LEU,8.788,120.07
4700,1,1,1,112,112,LEU,8.127,121.33
4700,1,1,1,113,113,VAL,9.328,125.19
4700,1,1,1,114,114,GLY,8.853,114.41
4700,1,1,1,115,115,THR,9.269,114.86
4700,1,1,1,116,116,GLN,9.533,107.83
4700,1,1,1,117,117,ILE,7.738,105.47
4700,1,1,1,118,118,ASP,8.828,118.15
4700,1,1,1,119,119,LEU,7.988,116.99
4700,1,1,1,12,12,GLY,8.711,104.01
4700,1,1,1,120,120,ARG,7.353,116.08
4700,1,1,1,121,121,ASP,7.185,110.83
4700,1,1,1,122,122,ASP,7.326,121.41
4700,1,1,1,124,124,SER,8.402,111.74
4700,1,1,1,125,125,THR,7.994,121.06
4700,1,1,1,126,126,ILE,8.304,120.65
4700,1,1,1,127,127,GLU,8.324,119.49
4700,1,1,1,128,128,LYS,7.981,119.97
4700,1,1,1,129,129,LEU,8.203,117.79
4700,1,1,1,13,13,ALA,9.406,121.71
4700,1,1,1,130,130,ALA,8.575,121.72
4700,1,1,1,131,131,LYS,8.146,119.65
4700,1,1,1,132,132,ASN,7.487,114.93
4700,1,1,1,133,133,LYS,8.176,113.25
4700,1,1,1,134,134,GLN,8.187,115.26
4700,1,1,1,135,135,LYS,8.046,117.94
4700,1,1,1,137,137,ILE,9.214,121.45
4700,1,1,1,138,138,THR,8.072,117.66
4700,1,1,1,140,140,GLU,8.644,113.95
4700,1,1,1,141,141,THR,7.651,117.55
4700,1,1,1,142,142,ALA,7.625,124.73
4700,1,1,1,143,143,GLU,8.862,117.29
4700,1,1,1,144,144,LYS,7.381,118.16
4700,1,1,1,145,145,LEU,7.383,118.88
4700,1,1,1,146,146,ALA,8.545,118.11
4700,1,1,1,147,147,ARG,7.802,115.39
4700,1,1,1,148,148,ASP,8.538,121.34
4700,1,1,1,149,149,LEU,8.45,114.58
4700,1,1,1,15,15,GLY,8.647,108.42
4700,1,1,1,150,150,LYS,7.7,110.99
4700,1,1,1,151,151,ALA,8.292,118.95
4700,1,1,1,152,152,VAL,8.84,119.67
4700,1,1,1,153,153,LYS,6.953,107.23
4700,1,1,1,154,154,TYR,8.703,119.31
4700,1,1,1,155,155,VAL,8.331,120.85
4700,1,1,1,156,156,GLU,8.125,112.43
4700,1,1,1,157,157,CYS,8.846,110.98
4700,1,1,1,158,158,SER,8.303,109.22
4700,1,1,1,159,159,ALA,9.429,131.66
4700,1,1,1,16,16,LYS,9.435,124.7
4700,1,1,1,160,160,LEU,7.503,117.5
4700,1,1,1,161,161,THR,8.108,105.46
4700,1,1,1,162,162,GLN,7.494,111.37
4700,1,1,1,163,163,LYS,7.933,123.36
4700,1,1,1,164,164,GLY,9.224,113.92
4700,1,1,1,165,165,LEU,7.481,120.42
4700,1,1,1,166,166,LYS,8.732,117.28
4700,1,1,1,167,167,ASN,8.072,112.45
4700,1,1,1,168,168,VAL,7.384,115.6
4700,1,1,1,169,169,PHE,6.621,114.28
4700,1,1,1,17,17,THR,9.331,118.65
4700,1,1,1,170,170,ASP,9.028,120.99
4700,1,1,1,171,171,GLU,8.087,114.3
4700,1,1,1,172,172,ALA,8.104,123.56
4700,1,1,1,173,173,ILE,8.554,117.35
4700,1,1,1,174,174,LEU,8.2,116.57
4700,1,1,1,175,175,ALA,7.91,118.67
4700,1,1,1,176,176,ALA,7.898,116.57
4700,1,1,1,177,177,LEU,7.769,114.3
4700,1,1,1,178,178,GLU,7.739,119.7
4700,1,1,1,18,18,CYS,9.979,119.3
4700,1,1,1,181,181,GLU,8.32,120.05
4700,1,1,1,183,183,LYS,8.501,121.21
4700,1,1,1,184,184,LYS,8.045,127.07
4700,1,1,1,19,19,LEU,8.227,119.63
4700,1,1,1,20,20,LEU,7.703,116.62
4700,1,1,1,21,21,ILE,9.297,120.97
4700,1,1,1,22,22,SER,8.977,118.3
4700,1,1,1,23,23,TYR,7.715,116.94
4700,1,1,1,24,24,THR,7.647,102.13
4700,1,1,1,25,25,THR,7.728,106.51
4700,1,1,1,26,26,ASN,7.698,114.83
4700,1,1,1,27,27,LYS,7.159,116.97
4700,1,1,1,28,28,PHE,8.207,119.68
4700,1,1,1,3,3,THR,8.308,114.56
4700,1,1,1,30,30,SER,8.28,117.75
4700,1,1,1,31,31,GLU,7.781,119.04
4700,1,1,1,32,32,TYR,8.873,122.06
4700,1,1,1,33,33,VAL,8.47,132.1
4700,1,1,1,35,35,THR,10.452,126.67
4700,1,1,1,36,36,VAL,8.406,123.68
4700,1,1,1,37,37,PHE,7.233,111.29
4700,1,1,1,38,38,ASP,7.843,124.6
4700,1,1,1,39,39,ASN,8.198,115.68
4700,1,1,1,4,4,ILE,9.014,124.18
4700,1,1,1,40,40,TYR,8.871,123.49
4700,1,1,1,41,41,ALA,9.031,123.35
4700,1,1,1,42,42,VAL,8.255,108.58
4700,1,1,1,43,43,THR,9.178,116.97
4700,1,1,1,44,44,VAL,9.139,120.3
4700,1,1,1,45,45,MET,8.652,120.44
4700,1,1,1,46,46,ILE,9.292,124.4
4700,1,1,1,47,47,GLY,9.417,118.11
4700,1,1,1,48,48,GLY,8.604,103.81
4700,1,1,1,49,49,GLU,7.785,119.99
4700,1,1,1,5,5,LYS,10.734,129.97
4700,1,1,1,51,51,TYR,9.44,122.33
4700,1,1,1,52,52,THR,8.813,115.7
4700,1,1,1,53,53,LEU,9.729,130.46
4700,1,1,1,54,54,GLY,9.731,114.38
4700,1,1,1,55,55,LEU,9.326,124.39
4700,1,1,1,56,56,PHE,9.535,127.12
4700,1,1,1,57,57,ASP,8.902,125.08
4700,1,1,1,58,58,THR,6.917,108.86
4700,1,1,1,59,59,ALA,7.727,118.43
4700,1,1,1,6,6,CYS,9.531,129.98
4700,1,1,1,61,61,LEU,8.548,120.61
4700,1,1,1,62,62,GLU,9.049,121.29
4700,1,1,1,63,63,ASP,8.478,116.04
4700,1,1,1,64,64,TYR,7.229,113.57
4700,1,1,1,65,65,ASP,8.003,121.51
4700,1,1,1,66,66,ARG,8.718,114.23
4700,1,1,1,67,67,LEU,7.244,115.02
4700,1,1,1,68,68,ARG,7.57,120.23
4700,1,1,1,7,7,VAL,7.993,128.74
4700,1,1,1,70,70,LEU,6.95,116.69
4700,1,1,1,71,71,SER,7.4,108.96
4700,1,1,1,72,72,TYR,6.99,119.08
4700,1,1,1,74,74,GLN,9.153,114.27
4700,1,1,1,75,75,THR,7.451,116.14
4700,1,1,1,76,76,ASP,8.647,122.38
4700,1,1,1,77,77,VAL,7.641,115.09
4700,1,1,1,78,78,PHE,8.474,121.65
4700,1,1,1,79,79,LEU,9.151,118.33
4700,1,1,1,8,8,VAL,8.63,126.04
4700,1,1,1,80,80,VAL,8.883,124.0
4700,1,1,1,81,81,CYS,9.068,122.95
4700,1,1,1,82,82,PHE,9.012,117.02
4700,1,1,1,83,83,SER,8.17,112.53
4700,1,1,1,84,84,VAL,8.783,120.01
4700,1,1,1,85,85,VAL,7.678,107.18
4700,1,1,1,86,86,SER,7.858,111.6
4700,1,1,1,88,88,SER,9.008,112.9
4700,1,1,1,89,89,SER,8.128,119.88
4700,1,1,1,9,9,VAL,9.011,117.24
4700,1,1,1,90,90,PHE,7.529,124.51
4700,1,1,1,91,91,GLU,8.189,118.52
4700,1,1,1,92,92,ASN,8.191,113.68
4700,1,1,1,93,93,VAL,7.927,123.07
4700,1,1,1,94,94,LYS,6.68,114.32
4700,1,1,1,95,95,GLU,7.739,111.89
4700,1,1,1,96,96,LYS,8.179,114.99
4700,1,1,1,97,97,TRP,7.762,118.91
4700,1,1,1,98,98,VAL,8.682,115.68
4701,1,1,1,10,10,GLY,8.35,109.7
4701,1,1,1,100,100,ALA,7.35,120.0
4701,1,1,1,101,101,GLY,7.95,105.5
4701,1,1,1,102,102,ALA,8.41,124.9
4701,1,1,1,103,103,ARG,6.95,118.9
4701,1,1,1,104,104,LEU,9.1,120.9
4701,1,1,1,105,105,ASP,8.94,119.6
4701,1,1,1,106,106,VAL,7.05,114.1
4701,1,1,1,107,107,CYS,8.6,122.9
4701,1,1,1,108,108,ASP,8.24,122.7
4701,1,1,1,110,110,TRP,8.22,118.9
4701,1,1,1,111,111,GLY,8.55,124.2
4701,1,1,1,112,112,ARG,8.55,124.2
4701,1,1,1,113,113,LEU,9.9,127.0
4701,1,1,1,115,115,VAL,8.18,115.0
4701,1,1,1,116,116,ASP,7.03,122.7
4701,1,1,1,117,117,LEU,7.34,120.0
4701,1,1,1,118,118,ALA,7.93,120.1
4701,1,1,1,119,119,GLU,8.39,117.5
4701,1,1,1,12,12,SER,8.56,118.8
4701,1,1,1,120,120,GLU,8.18,122.1
4701,1,1,1,121,121,GLN,7.4,113.6
4701,1,1,1,122,122,GLY,7.44,107.2
4701,1,1,1,123,123,HIS,8.1,120.8
4701,1,1,1,124,124,ARG,8.18,126.2
4701,1,1,1,125,125,ASP,8.93,120.4
4701,1,1,1,126,126,ILE,7.82,122.8
4701,1,1,1,127,127,ALA,8.35,123.0
4701,1,1,1,128,128,ARG,8.21,117.8
4701,1,1,1,129,129,TYR,7.71,121.5
4701,1,1,1,13,13,ASP,8.26,123.3
4701,1,1,1,130,130,LEU,8.56,120.0
4701,1,1,1,131,131,HIS,8.73,118.7
4701,1,1,1,132,132,ALA,7.72,121.8
4701,1,1,1,133,133,ALA,7.77,121.2
4701,1,1,1,134,134,THR,7.72,109.2
4701,1,1,1,135,135,GLY,7.92,112.0
4701,1,1,1,136,136,ASP,7.99,126.9
4701,1,1,1,14,14,ALA,8.45,126.3
4701,1,1,1,15,15,GLY,8.32,107.8
4701,1,1,1,16,16,LEU,8.63,120.5
4701,1,1,1,17,17,ALA,8.62,121.7
4701,1,1,1,18,18,THR,8.05,115.5
4701,1,1,1,19,19,ALA,7.81,123.5
4701,1,1,1,20,20,ALA,8.6,120.6
4701,1,1,1,21,21,ALA,8.58,125.5
4701,1,1,1,22,22,ARG,7.62,114.5
4701,1,1,1,23,23,GLY,7.99,110.6
4701,1,1,1,24,24,GLN,8.06,119.6
4701,1,1,1,25,25,VAL,7.88,126.3
4701,1,1,1,26,26,GLU,8.65,117.4
4701,1,1,1,27,27,THR,7.3,118.2
4701,1,1,1,28,28,VAL,8.2,119.0
4701,1,1,1,29,29,ARG,8.4,119.0
4701,1,1,1,30,30,GLN,8.08,118.0
4701,1,1,1,31,31,LEU,8.47,120.2
4701,1,1,1,32,32,LEU,8.28,121.0
4701,1,1,1,33,33,GLU,8.62,121.8
4701,1,1,1,34,34,ALA,7.45,120.2
4701,1,1,1,35,35,GLY,7.6,106.1
4701,1,1,1,36,36,ALA,8.05,124.0
4701,1,1,1,37,37,ASP,8.34,122.2
4701,1,1,1,39,39,ASN,8.62,116.4
4701,1,1,1,40,40,ALA,6.74,124.0
4701,1,1,1,41,41,LEU,8.31,122.4
4701,1,1,1,42,42,ASN,8.68,121.7
4701,1,1,1,44,44,PHE,7.44,118.2
4701,1,1,1,45,45,GLY,8.09,107.8
4701,1,1,1,46,46,ARG,7.92,118.9
4701,1,1,1,47,47,ARG,9.0,124.0
4701,1,1,1,49,49,ILE,9.1,115.2
4701,1,1,1,50,50,GLN,7.62,114.3
4701,1,1,1,51,51,VAL,7.18,109.9
4701,1,1,1,52,52,MET,7.15,118.3
4701,1,1,1,53,53,MET,7.51,123.5
4701,1,1,1,54,54,MET,9.01,131.0
4701,1,1,1,55,55,GLY,7.68,107.1
4701,1,1,1,56,56,SER,7.57,116.9
4701,1,1,1,57,57,ALA,8.22,130.1
4701,1,1,1,58,58,GLN,8.41,115.4
4701,1,1,1,59,59,VAL,7.59,120.1
4701,1,1,1,60,60,ALA,7.26,122.0
4701,1,1,1,61,61,GLU,8.58,116.9
4701,1,1,1,62,62,LEU,7.8,120.0
4701,1,1,1,63,63,LEU,8.08,118.0
4701,1,1,1,64,64,LEU,8.41,120.0
4701,1,1,1,65,65,LEU,8.72,124.8
4701,1,1,1,66,66,HIS,7.39,114.9
4701,1,1,1,67,67,GLY,7.69,106.0
4701,1,1,1,68,68,ALA,8.64,124.4
4701,1,1,1,69,69,GLU,8.77,126.5
4701,1,1,1,7,7,MET,8.25,122.7
4701,1,1,1,71,71,ASN,9.39,120.9
4701,1,1,1,72,72,CYS,7.25,117.9
4701,1,1,1,73,73,ALA,8.19,120.0
4701,1,1,1,74,74,ASP,8.11,125.0
4701,1,1,1,76,76,ALA,8.25,119.8
4701,1,1,1,79,79,THR,7.78,118.2
4701,1,1,1,8,8,LEU,8.33,124.2
4701,1,1,1,80,80,ARG,11.38,136.0
4701,1,1,1,83,83,HIS,7.8,120.0
4701,1,1,1,84,84,ASP,7.19,118.4
4701,1,1,1,85,85,ALA,8.75,121.9
4701,1,1,1,86,86,ALA,7.64,118.2
4701,1,1,1,87,87,ARG,8.51,117.2
4701,1,1,1,88,88,GLU,8.26,114.3
4701,1,1,1,89,89,GLY,7.0,105.6
4701,1,1,1,9,9,GLY,8.51,110.1
4701,1,1,1,90,90,PHE,7.64,122.2
4701,1,1,1,91,91,LEU,8.35,128.2
4701,1,1,1,92,92,ASP,8.78,117.2
4701,1,1,1,93,93,THR,7.48,118.3
4701,1,1,1,94,94,LEU,7.75,123.8
4701,1,1,1,95,95,VAL,8.59,120.0
4701,1,1,1,96,96,VAL,7.58,119.3
4701,1,1,1,97,97,LEU,8.05,120.6
4701,1,1,1,98,98,HIS,9.04,121.2
4701,1,1,1,99,99,ARG,9.17,121.4
4706,1,1,1,10,10,LEU,9.637,122.948
4706,1,1,1,100,100,ALA,9.37,132.606
4706,1,1,1,102,102,LEU,7.642,125.238
4706,1,1,1,103,103,THR,8.851,115.446
4706,1,1,1,104,104,GLY,8.041,108.461
4706,1,1,1,105,105,GLU,7.642,122.468
4706,1,1,1,107,107,ALA,7.868,125.818
4706,1,1,1,108,108,THR,8.609,120.732
4706,1,1,1,109,109,ARG,8.611,130.113
4706,1,1,1,110,110,GLU,7.562,120.952
4706,1,1,1,111,111,TYR,9.421,124.93
4706,1,1,1,112,112,ALA,8.566,128.419
4706,1,1,1,113,113,PHE,8.547,119.004
4706,1,1,1,114,114,THR,8.877,119.776
4706,1,1,1,115,115,SER,8.821,120.484
4706,1,1,1,116,116,ASN,9.314,128.033
4706,1,1,1,117,117,LEU,8.102,121.1
4706,1,1,1,118,118,THR,7.865,118.855
4706,1,1,1,119,119,PHE,9.286,126.984
4706,1,1,1,12,12,HIS,6.527,121.307
4706,1,1,1,122,122,ASP,7.425,120.898
4706,1,1,1,123,123,GLY,7.95,105.792
4706,1,1,1,124,124,ASP,8.13,119.43
4706,1,1,1,125,125,ALA,8.625,125.382
4706,1,1,1,127,127,GLY,8.668,108.699
4706,1,1,1,128,128,GLN,9.531,126.203
4706,1,1,1,129,129,VAL,8.271,123.76
4706,1,1,1,13,13,THR,8.076,117.45
4706,1,1,1,130,130,ALA,8.732,128.793
4706,1,1,1,131,131,PHE,8.943,120.249
4706,1,1,1,132,132,HIS,9.466,126.545
4706,1,1,1,133,133,LEU,8.377,125.969
4706,1,1,1,134,134,GLY,9.523,112.041
4706,1,1,1,135,135,LYS,7.466,126.805
4706,1,1,1,136,136,ALA,8.579,124.951
4706,1,1,1,137,137,GLY,7.737,109.106
4706,1,1,1,138,138,ALA,7.869,123.814
4706,1,1,1,139,139,TYR,7.64,117.622
4706,1,1,1,14,14,SER,6.852,114.469
4706,1,1,1,140,140,GLU,8.812,122.279
4706,1,1,1,141,141,PHE,8.906,131.033
4706,1,1,1,142,142,CYS,8.271,124.654
4706,1,1,1,143,143,ILE,9.011,120.847
4706,1,1,1,144,144,SER,8.481,118.373
4706,1,1,1,145,145,GLN,7.365,125.524
4706,1,1,1,146,146,VAL,8.704,124.367
4706,1,1,1,147,147,SER,9.009,120.483
4706,1,1,1,148,148,LEU,10.582,134.511
4706,1,1,1,149,149,THR,8.895,116.981
4706,1,1,1,15,15,PHE,7.872,127.829
4706,1,1,1,150,150,THR,8.219,113.68
4706,1,1,1,151,151,SER,7.7,119.158
4706,1,1,1,152,152,ALA,8.382,128.71
4706,1,1,1,153,153,THR,7.723,119.99
4706,1,1,1,16,16,ALA,7.288,117.824
4706,1,1,1,17,17,GLU,8.595,112.46
4706,1,1,1,18,18,SER,8.307,114.644
4706,1,1,1,19,19,LEU,8.602,124.321
4706,1,1,1,20,20,GLY,8.036,107.868
4706,1,1,1,22,22,TRP,8.021,125.951
4706,1,1,1,23,23,SER,9.764,117.42
4706,1,1,1,24,24,LEU,8.565,128.333
4706,1,1,1,25,25,TYR,8.847,123.235
4706,1,1,1,26,26,GLY,8.87,110.245
4706,1,1,1,27,27,THR,7.505,108.294
4706,1,1,1,28,28,SER,8.165,115.233
4706,1,1,1,29,29,GLU,8.508,121.484
4706,1,1,1,3,3,LEU,8.33,125.498
4706,1,1,1,31,31,VAL,8.188,121.634
4706,1,1,1,32,32,PHE,8.777,129.912
4706,1,1,1,33,33,ALA,8.713,127.966
4706,1,1,1,34,34,ASP,9.089,119.927
4706,1,1,1,35,35,GLY,8.868,106.275
4706,1,1,1,36,36,ARG,7.905,118.685
4706,1,1,1,37,37,MET,7.877,121.467
4706,1,1,1,38,38,CYS,8.517,124.099
4706,1,1,1,39,39,VAL,9.231,116.303
4706,1,1,1,4,4,ASP,8.241,121.756
4706,1,1,1,40,40,ASP,8.613,121.751
4706,1,1,1,41,41,LEU,9.198,132.105
4706,1,1,1,43,43,GLY,8.206,111.682
4706,1,1,1,44,44,GLY,8.71,105.9
4706,1,1,1,45,45,GLN,7.085,120.749
4706,1,1,1,46,46,GLY,7.972,111.563
4706,1,1,1,47,47,ASN,7.764,118.414
4706,1,1,1,49,49,TRP,5.747,108.319
4706,1,1,1,5,5,SER,7.969,115.834
4706,1,1,1,50,50,ASP,7.312,126.444
4706,1,1,1,51,51,ALA,7.128,119.609
4706,1,1,1,52,52,GLY,7.666,108.259
4706,1,1,1,53,53,LEU,8.291,123.02
4706,1,1,1,54,54,VAL,9.854,124.96
4706,1,1,1,55,55,TYR,8.885,127.944
4706,1,1,1,56,56,ASN,7.339,126.44
4706,1,1,1,57,57,GLY,8.672,108.633
4706,1,1,1,58,58,VAL,7.92,122.808
4706,1,1,1,6,6,GLU,8.012,123.387
4706,1,1,1,60,60,VAL,8.288,125.907
4706,1,1,1,61,61,GLY,8.856,115.949
4706,1,1,1,62,62,GLU,7.915,125.89
4706,1,1,1,63,63,GLY,9.317,116.098
4706,1,1,1,64,64,GLU,7.741,122.263
4706,1,1,1,65,65,SER,8.383,118.208
4706,1,1,1,66,66,TYR,8.704,124.06
4706,1,1,1,67,67,VAL,8.579,121.402
4706,1,1,1,68,68,LEU,9.248,134.675
4706,1,1,1,69,69,SER,9.872,123.354
4706,1,1,1,7,7,VAL,8.538,123.212
4706,1,1,1,70,70,PHE,8.493,117.475
4706,1,1,1,71,71,THR,8.458,118.89
4706,1,1,1,72,72,ALA,8.364,128.766
4706,1,1,1,73,73,SER,9.207,117.103
4706,1,1,1,74,74,ALA,8.085,123.4
4706,1,1,1,75,75,THR,8.482,115.971
4706,1,1,1,77,77,ASP,7.662,116.414
4706,1,1,1,78,78,MET,7.246,122.811
4706,1,1,1,8,8,GLU,8.212,127.476
4706,1,1,1,80,80,VAL,8.28,114.424
4706,1,1,1,81,81,ARG,6.925,122.647
4706,1,1,1,82,82,VAL,8.614,127.365
4706,1,1,1,83,83,LEU,8.685,122.977
4706,1,1,1,84,84,VAL,8.426,119.957
4706,1,1,1,85,85,GLY,8.783,117.578
4706,1,1,1,86,86,GLU,7.635,118.665
4706,1,1,1,87,87,GLY,9.304,115.346
4706,1,1,1,88,88,GLY,6.451,108.867
4706,1,1,1,89,89,GLY,8.183,109.036
4706,1,1,1,9,9,LEU,9.46,129.872
4706,1,1,1,90,90,ALA,8.595,130.251
4706,1,1,1,91,91,TYR,8.208,117.307
4706,1,1,1,92,92,ARG,9.486,121.039
4706,1,1,1,93,93,THR,8.12,108.185
4706,1,1,1,94,94,ALA,9.232,125.205
4706,1,1,1,95,95,PHE,7.778,119.209
4706,1,1,1,96,96,GLU,7.26,127.167
4706,1,1,1,97,97,GLN,8.527,126.743
4706,1,1,1,98,98,GLY,8.727,114.739
4706,1,1,1,99,99,SER,8.427,116.427
4716,1,1,1,10,10,MET,8.25,124.0
4716,1,1,1,100,100,ARG,9.63,118.0
4716,1,1,1,101,101,ASN,7.68,118.4
4716,1,1,1,102,102,ILE,8.81,124.7
4716,1,1,1,103,103,ARG,7.76,121.8
4716,1,1,1,104,104,ALA,7.48,124.2
4716,1,1,1,105,105,LEU,8.09,118.7
4716,1,1,1,106,106,LEU,8.51,118.4
4716,1,1,1,107,107,SER,8.11,111.1
4716,1,1,1,108,108,THR,7.39,108.4
4716,1,1,1,109,109,MET,7.96,128.7
4716,1,1,1,110,110,HIS,8.55,113.1
4716,1,1,1,111,111,THR,7.07,111.1
4716,1,1,1,112,112,VAL,6.71,112.9
4716,1,1,1,113,113,LEU,6.09,119.6
4716,1,1,1,114,114,TRP,6.04,119.3
4716,1,1,1,115,115,ALA,8.63,124.2
4716,1,1,1,116,116,GLY,8.67,109.3
4716,1,1,1,117,117,GLU,7.44,124.7
4716,1,1,1,119,119,LYS,9.71,124.4
4716,1,1,1,12,12,HIS,8.39,119.9
4716,1,1,1,120,120,TRP,9.58,124.2
4716,1,1,1,121,121,LYS,6.73,129.6
4716,1,1,1,123,123,VAL,7.77,121.1
4716,1,1,1,124,124,GLY,8.89,111.3
4716,1,1,1,125,125,MET,8.69,119.6
4716,1,1,1,126,126,ALA,8.58,120.7
4716,1,1,1,127,127,ASP,7.53,116.0
4716,1,1,1,128,128,LEU,7.5,119.3
4716,1,1,1,129,129,VAL,7.45,122.9
4716,1,1,1,13,13,SER,8.15,117.6
4716,1,1,1,130,130,THR,8.81,112.4
4716,1,1,1,132,132,GLU,8.53,118.2
4716,1,1,1,133,133,GLN,7.92,121.6
4716,1,1,1,134,134,VAL,8.19,118.2
4716,1,1,1,135,135,LYS,8.43,119.3
4716,1,1,1,136,136,LYS,7.8,118.7
4716,1,1,1,137,137,VAL,8.28,121.3
4716,1,1,1,138,138,TYR,9.22,123.6
4716,1,1,1,139,139,ARG,8.16,117.8
4716,1,1,1,14,14,SER,8.21,118.4
4716,1,1,1,140,140,LYS,7.47,119.1
4716,1,1,1,141,141,ALA,8.7,124.9
4716,1,1,1,142,142,VAL,8.22,116.0
4716,1,1,1,143,143,LEU,7.08,117.3
4716,1,1,1,144,144,VAL,7.48,118.7
4716,1,1,1,145,145,VAL,7.41,109.1
4716,1,1,1,146,146,HIS,7.29,122.9
4716,1,1,1,148,148,ASP,11.05,124.2
4716,1,1,1,149,149,LYS,7.55,118.0
4716,1,1,1,150,150,ALA,7.56,121.1
4716,1,1,1,151,151,THR,7.26,114.9
4716,1,1,1,152,152,GLY,8.98,116.9
4716,1,1,1,153,153,GLN,7.68,118.7
4716,1,1,1,155,155,TYR,5.78,109.5
4716,1,1,1,156,156,GLU,7.23,126.2
4716,1,1,1,157,157,GLN,8.7,116.0
4716,1,1,1,158,158,TYR,6.77,122.0
4716,1,1,1,159,159,ALA,8.29,121.6
4716,1,1,1,160,160,LYS,7.69,116.2
4716,1,1,1,161,161,MET,7.61,117.5
4716,1,1,1,162,162,ILE,8.09,120.2
4716,1,1,1,163,163,PHE,9.17,120.4
4716,1,1,1,164,164,MET,8.36,116.4
4716,1,1,1,165,165,GLU,7.51,119.8
4716,1,1,1,166,166,LEU,8.76,119.6
4716,1,1,1,167,167,ASN,8.26,118.0
4716,1,1,1,168,168,ASP,8.12,123.3
4716,1,1,1,169,169,ALA,8.58,123.8
4716,1,1,1,17,17,ASN,8.5,120.0
4716,1,1,1,170,170,TRP,9.11,125.1
4716,1,1,1,171,171,SER,8.06,114.9
4716,1,1,1,172,172,GLU,7.56,120.9
4716,1,1,1,173,173,PHE,7.72,122.4
4716,1,1,1,174,174,GLU,8.2,119.8
4716,1,1,1,175,175,ASN,8.01,119.3
4716,1,1,1,176,176,GLN,7.75,118.7
4716,1,1,1,177,177,GLY,7.83,108.2
4716,1,1,1,178,178,GLN,7.84,119.1
4716,1,1,1,179,179,LYS,8.05,122.4
4716,1,1,1,18,18,ARG,8.39,122.4
4716,1,1,1,181,181,LEU,8.28,123.1
4716,1,1,1,182,182,TYR,7.36,123.6
4716,1,1,1,20,20,ASN,8.41,119.1
4716,1,1,1,27,27,SER,8.38,119.8
4716,1,1,1,3,3,LEU,8.5,123.6
4716,1,1,1,30,30,GLY,8.55,110.9
4716,1,1,1,31,31,GLY,8.3,109.5
4716,1,1,1,32,32,GLN,8.38,120.6
4716,1,1,1,34,34,GLU,8.13,122.9
4716,1,1,1,36,36,GLY,8.39,110.2
4716,1,1,1,37,37,LYS,8.07,121.8
4716,1,1,1,38,38,ALA,8.27,125.8
4716,1,1,1,4,4,GLY,8.38,110.6
4716,1,1,1,40,40,ALA,8.19,124.0
4716,1,1,1,41,41,ASN,8.3,118.1
4716,1,1,1,43,43,GLU,8.32,121.6
4716,1,1,1,44,44,GLY,8.35,110.4
4716,1,1,1,47,47,LYS,8.35,123.8
4716,1,1,1,48,48,ALA,8.38,126.9
4716,1,1,1,49,49,ALA,8.3,124.0
4716,1,1,1,5,5,SER,8.1,117.8
4716,1,1,1,50,50,ASP,8.19,120.0
4716,1,1,1,51,51,PHE,8.02,120.7
4716,1,1,1,52,52,GLU,8.22,122.7
4716,1,1,1,53,53,ASP,8.25,122.2
4716,1,1,1,54,54,LEU,8.16,123.6
4716,1,1,1,55,55,LEU,8.14,121.6
4716,1,1,1,56,56,SER,8.05,116.2
4716,1,1,1,57,57,GLY,8.32,111.3
4716,1,1,1,58,58,GLN,8.16,120.2
4716,1,1,1,59,59,GLY,8.4,110.2
4716,1,1,1,60,60,PHE,8.12,121.1
4716,1,1,1,62,62,ALA,8.09,125.1
4716,1,1,1,63,63,HIS,8.17,118.9
4716,1,1,1,64,64,LYS,8.37,122.7
4716,1,1,1,66,66,LYS,8.15,122.4
4716,1,1,1,67,67,LYS,8.34,123.1
4716,1,1,1,68,68,GLY,8.24,110.9
4716,1,1,1,70,70,ARG,8.5,122.2
4716,1,1,1,71,71,THR,8.27,115.3
4716,1,1,1,72,72,ILE,8.46,123.3
4716,1,1,1,73,73,ALA,8.29,125.1
4716,1,1,1,74,74,GLU,7.98,119.8
4716,1,1,1,75,75,MET,8.24,121.6
4716,1,1,1,76,76,ARG,8.36,121.8
4716,1,1,1,77,77,LYS,8.04,122.0
4716,1,1,1,78,78,GLU,8.2,121.3
4716,1,1,1,79,79,GLU,8.16,121.1
4716,1,1,1,8,8,PHE,8.09,121.3
4716,1,1,1,80,80,MET,8.18,120.2
4716,1,1,1,81,81,ALA,7.92,123.3
4716,1,1,1,82,82,LYS,7.77,119.1
4716,1,1,1,83,83,GLU,7.95,121.8
4716,1,1,1,84,84,MET,8.21,123.3
4716,1,1,1,85,85,ASP,8.82,124.9
4716,1,1,1,87,87,GLU,8.29,119.3
4716,1,1,1,88,88,LYS,7.33,120.0
4716,1,1,1,89,89,LEU,8.05,119.8
4716,1,1,1,9,9,SER,8.18,117.3
4716,1,1,1,90,90,LYS,7.59,118.9
4716,1,1,1,91,91,ILE,7.42,121.6
4716,1,1,1,92,92,LEU,8.47,121.8
4716,1,1,1,93,93,GLU,8.47,119.6
4716,1,1,1,94,94,TRP,7.76,124.2
4716,1,1,1,95,95,ILE,8.26,117.3
4716,1,1,1,96,96,GLU,7.61,119.8
4716,1,1,1,97,97,GLY,8.51,111.8
4716,1,1,1,98,98,LYS,7.97,119.6
4716,1,1,1,99,99,GLU,8.14,117.5
4717,1,1,1,10,10,VAL,8.28,118.9
4717,1,1,1,100,100,LEU,7.7,119.8
4717,1,1,1,101,101,MET,8.41,125.7
4717,1,1,1,102,102,LEU,8.0,120.0
4717,1,1,1,103,103,GLN,7.97,117.0
4717,1,1,1,104,104,SER,8.28,116.4
4717,1,1,1,105,105,ALA,8.46,124.2
4717,1,1,1,106,106,GLN,8.41,115.4
4717,1,1,1,107,107,HIS,8.34,117.4
4717,1,1,1,108,108,ILE,8.2,118.4
4717,1,1,1,109,109,ALA,8.4,119.6
4717,1,1,1,11,11,ILE,9.11,129.5
4717,1,1,1,110,110,ASP,8.43,116.8
4717,1,1,1,111,111,GLU,7.89,119.1
4717,1,1,1,112,112,VAL,8.16,108.8
4717,1,1,1,113,113,GLY,7.66,110.5
4717,1,1,1,114,114,GLY,8.77,107.3
4717,1,1,1,115,115,VAL,9.0,115.3
4717,1,1,1,116,116,VAL,8.42,123.5
4717,1,1,1,117,117,LEU,9.36,126.4
4717,1,1,1,118,118,ASP,9.27,119.5
4717,1,1,1,119,119,ASP,8.57,116.0
4717,1,1,1,12,12,ILE,8.43,127.3
4717,1,1,1,120,120,GLN,8.59,121.1
4717,1,1,1,121,121,ARG,8.18,111.9
4717,1,1,1,122,122,ARG,8.54,119.1
4717,1,1,1,123,123,MET,8.68,121.4
4717,1,1,1,124,124,MET,8.19,125.0
4717,1,1,1,125,125,THR,7.01,114.9
4717,1,1,1,127,127,GLN,8.38,117.3
4717,1,1,1,128,128,LYS,7.9,123.6
4717,1,1,1,129,129,LEU,7.79,117.7
4717,1,1,1,13,13,MET,9.33,124.4
4717,1,1,1,130,130,ARG,7.7,118.9
4717,1,1,1,131,131,GLU,7.97,121.6
4717,1,1,1,132,132,TYR,8.58,117.4
4717,1,1,1,133,133,GLN,7.57,116.3
4717,1,1,1,134,134,ASP,8.6,121.5
4717,1,1,1,135,135,ILE,8.18,123.2
4717,1,1,1,136,136,ILE,7.73,118.8
4717,1,1,1,137,137,ARG,8.17,118.3
4717,1,1,1,138,138,GLU,8.19,120.2
4717,1,1,1,139,139,VAL,8.2,119.5
4717,1,1,1,14,14,ASN,9.14,118.4
4717,1,1,1,140,140,LYS,8.35,121.0
4717,1,1,1,141,141,ASP,8.35,120.1
4717,1,1,1,142,142,ALA,8.17,121.7
4717,1,1,1,143,143,ASN,7.62,115.8
4717,1,1,1,144,144,ALA,7.41,129.4
4717,1,1,1,15,15,VAL,9.07,121.6
4717,1,1,1,16,16,ALA,8.82,128.2
4717,1,1,1,17,17,ALA,7.97,119.4
4717,1,1,1,18,18,HIS,8.86,118.2
4717,1,1,1,19,19,HIS,8.85,119.6
4717,1,1,1,2,2,ASP,8.82,124.9
4717,1,1,1,20,20,GLY,8.81,113.9
4717,1,1,1,21,21,SER,8.09,115.5
4717,1,1,1,22,22,GLU,8.3,116.4
4717,1,1,1,23,23,LEU,9.06,120.1
4717,1,1,1,24,24,ASN,8.57,121.0
4717,1,1,1,25,25,GLY,8.2,116.7
4717,1,1,1,26,26,GLU,8.17,122.1
4717,1,1,1,27,27,LEU,7.98,120.0
4717,1,1,1,28,28,LEU,8.43,120.6
4717,1,1,1,29,29,LEU,8.87,118.6
4717,1,1,1,3,3,LYS,8.41,123.0
4717,1,1,1,30,30,ASN,7.79,117.6
4717,1,1,1,31,31,SER,8.12,116.9
4717,1,1,1,32,32,ILE,8.49,122.1
4717,1,1,1,33,33,GLN,7.76,119.8
4717,1,1,1,34,34,GLN,8.41,120.8
4717,1,1,1,35,35,ALA,7.66,119.3
4717,1,1,1,36,36,GLY,7.87,105.3
4717,1,1,1,37,37,PHE,7.64,117.0
4717,1,1,1,38,38,ILE,9.23,120.0
4717,1,1,1,39,39,PHE,9.51,133.4
4717,1,1,1,40,40,GLY,7.7,113.9
4717,1,1,1,41,41,ASP,8.71,127.1
4717,1,1,1,42,42,MET,8.9,115.8
4717,1,1,1,43,43,ASN,8.25,111.7
4717,1,1,1,44,44,ILE,6.52,108.4
4717,1,1,1,45,45,TYR,8.04,115.3
4717,1,1,1,46,46,HIS,9.0,115.4
4717,1,1,1,47,47,ARG,8.82,128.0
4717,1,1,1,48,48,HIS,9.67,126.5
4717,1,1,1,49,49,LEU,8.11,120.9
4717,1,1,1,5,5,LYS,8.44,122.2
4717,1,1,1,50,50,SER,7.76,110.1
4717,1,1,1,52,52,ASP,7.67,114.5
4717,1,1,1,53,53,GLY,7.88,107.5
4717,1,1,1,54,54,SER,7.82,115.6
4717,1,1,1,55,55,GLY,8.3,106.3
4717,1,1,1,57,57,ALA,8.44,122.5
4717,1,1,1,58,58,LEU,8.99,122.1
4717,1,1,1,59,59,PHE,7.07,110.0
4717,1,1,1,6,6,ARG,8.79,124.2
4717,1,1,1,60,60,SER,8.64,115.5
4717,1,1,1,61,61,LEU,8.77,124.6
4717,1,1,1,62,62,ALA,9.57,128.3
4717,1,1,1,63,63,ASN,8.83,121.7
4717,1,1,1,64,64,MET,8.67,123.7
4717,1,1,1,65,65,VAL,7.02,116.7
4717,1,1,1,66,66,LYS,8.63,129.5
4717,1,1,1,68,68,GLY,9.16,114.4
4717,1,1,1,69,69,THR,6.88,107.6
4717,1,1,1,7,7,LYS,8.38,120.1
4717,1,1,1,70,70,PHE,8.6,115.2
4717,1,1,1,71,71,ASP,8.33,118.9
4717,1,1,1,73,73,GLU,7.97,114.8
4717,1,1,1,74,74,MET,7.82,122.2
4717,1,1,1,75,75,LYS,8.28,121.8
4717,1,1,1,76,76,ASP,8.31,119.1
4717,1,1,1,77,77,PHE,7.85,118.2
4717,1,1,1,78,78,THR,8.46,111.0
4717,1,1,1,79,79,THR,8.09,113.4
4717,1,1,1,8,8,GLU,7.75,116.4
4717,1,1,1,81,81,GLY,8.53,106.2
4717,1,1,1,82,82,VAL,9.04,107.0
4717,1,1,1,83,83,THR,9.27,119.9
4717,1,1,1,84,84,ILE,9.13,128.3
4717,1,1,1,85,85,PHE,9.0,121.6
4717,1,1,1,86,86,MET,9.03,121.4
4717,1,1,1,87,87,GLN,9.12,127.5
4717,1,1,1,88,88,VAL,8.81,119.6
4717,1,1,1,9,9,ALA,8.95,120.8
4717,1,1,1,90,90,SER,9.9,118.2
4717,1,1,1,91,91,TYR,8.37,121.5
4717,1,1,1,92,92,GLY,7.89,112.2
4717,1,1,1,93,93,ASP,8.5,121.5
4717,1,1,1,94,94,GLU,9.99,125.5
4717,1,1,1,95,95,LEU,8.25,118.3
4717,1,1,1,96,96,GLN,7.81,121.6
4717,1,1,1,97,97,ASN,8.79,120.8
4717,1,1,1,98,98,PHE,8.5,120.7
4717,1,1,1,99,99,LYS,7.58,119.3
4721,1,1,1,10,10,PHE,7.7,120.0
4721,1,1,1,11,11,GLY,8.28,111.0
4721,1,1,1,12,12,VAL,7.68,122.9
4721,1,1,1,13,13,LEU,7.93,120.0
4721,1,1,1,14,14,ALA,8.1,119.8
4721,1,1,1,15,15,LYS,7.81,118.2
4721,1,1,1,16,16,ILE,8.33,121.3
4721,1,1,1,17,17,VAL,8.74,120.6
4721,1,1,1,18,18,ASN,8.24,116.7
4721,1,1,1,19,19,TYR,8.4,123.3
4721,1,1,1,20,20,MET,8.47,117.3
4721,1,1,1,21,21,LYS,8.39,123.7
4721,1,1,1,22,22,THR,8.09,116.3
4721,1,1,1,23,23,ARG,8.04,121.2
4721,1,1,1,24,24,HIS,7.51,121.4
4721,1,1,1,25,25,GLN,8.32,118.5
4721,1,1,1,26,26,ARG,7.51,116.4
4721,1,1,1,27,27,GLY,7.75,107.5
4721,1,1,1,28,28,ASP,8.04,124.3
4721,1,1,1,29,29,THR,7.67,108.6
4721,1,1,1,3,3,SER,8.5,117.4
4721,1,1,1,30,30,HIS,8.31,123.0
4721,1,1,1,32,32,LEU,8.93,120.7
4721,1,1,1,33,33,THR,9.42,112.3
4721,1,1,1,34,34,LEU,9.35,121.1
4721,1,1,1,35,35,ASP,8.41,117.0
4721,1,1,1,36,36,GLU,7.88,120.3
4721,1,1,1,37,37,ILE,8.14,120.1
4721,1,1,1,38,38,LEU,8.92,120.3
4721,1,1,1,39,39,ASP,8.09,119.5
4721,1,1,1,4,4,GLY,8.47,111.2
4721,1,1,1,40,40,GLU,8.05,117.2
4721,1,1,1,41,41,THR,7.58,106.3
4721,1,1,1,42,42,GLN,7.76,117.2
4721,1,1,1,43,43,HIS,8.82,117.7
4721,1,1,1,44,44,LEU,8.16,119.8
4721,1,1,1,45,45,ASP,8.52,117.9
4721,1,1,1,46,46,ILE,7.49,117.7
4721,1,1,1,47,47,GLY,8.47,111.6
4721,1,1,1,48,48,LEU,8.45,122.2
4721,1,1,1,49,49,LYS,8.66,118.3
4721,1,1,1,5,5,SER,8.26,116.0
4721,1,1,1,50,50,GLN,8.03,119.9
4721,1,1,1,51,51,LYS,8.42,121.1
4721,1,1,1,52,52,GLN,8.64,117.8
4721,1,1,1,53,53,TRP,8.22,124.0
4721,1,1,1,54,54,LEU,8.51,121.5
4721,1,1,1,55,55,MET,7.95,113.1
4721,1,1,1,56,56,THR,8.28,106.8
4721,1,1,1,57,57,GLU,7.68,120.1
4721,1,1,1,58,58,ALA,7.39,121.0
4721,1,1,1,59,59,LEU,8.42,113.6
4721,1,1,1,6,6,SER,8.45,118.1
4721,1,1,1,60,60,VAL,6.42,112.2
4721,1,1,1,62,62,ASN,8.26,121.5
4721,1,1,1,64,64,LYS,8.15,115.3
4721,1,1,1,65,65,ILE,7.5,119.1
4721,1,1,1,66,66,GLU,9.23,128.4
4721,1,1,1,67,67,VAL,8.57,126.2
4721,1,1,1,68,68,ILE,8.91,129.5
4721,1,1,1,69,69,ASP,9.21,128.8
4721,1,1,1,7,7,GLY,8.42,110.2
4721,1,1,1,70,70,GLY,8.0,103.1
4721,1,1,1,71,71,LYS,7.62,120.6
4721,1,1,1,72,72,TYR,9.12,117.5
4721,1,1,1,73,73,ALA,9.09,122.9
4721,1,1,1,74,74,PHE,8.8,121.7
4721,1,1,1,75,75,LYS,7.38,129.2
4721,1,1,1,77,77,LYS,8.16,120.9
4721,1,1,1,78,78,TYR,8.06,121.1
4721,1,1,1,79,79,ASN,8.4,121.3
4721,1,1,1,8,8,TYR,8.06,122.3
4721,1,1,1,80,80,VAL,8.01,120.7
4721,1,1,1,81,81,ARG,7.99,129.7
4721,1,1,1,9,9,LYS,8.29,121.0
4735,1,1,1,10,10,GLN,8.34,121.55
4735,1,1,1,100,100,LEU,8.13,123.59
4735,1,1,1,101,101,ASP,8.37,124.72
4735,1,1,1,103,103,ALA,7.94,121.5
4735,1,1,1,104,104,ALA,8.52,122.9
4735,1,1,1,105,105,ILE,8.66,125.66
4735,1,1,1,106,106,PHE,8.7,122.68
4735,1,1,1,107,107,TRP,9.1,119.52
4735,1,1,1,108,108,ARG,8.98,121.95
4735,1,1,1,109,109,LYS,9.4,128.63
4735,1,1,1,11,11,LEU,9.07,122.97
4735,1,1,1,110,110,GLU,8.88,119.4
4735,1,1,1,111,111,ASP,8.48,116.85
4735,1,1,1,112,112,SER,7.45,112.46
4735,1,1,1,113,113,ASP,8.5,124.09
4735,1,1,1,114,114,ALA,7.95,123.19
4735,1,1,1,115,115,MET,8.3,119.29
4735,1,1,1,116,116,ASP,9.08,124.4
4735,1,1,1,117,117,TRP,8.19,116.93
4735,1,1,1,118,118,ASN,8.42,119.2
4735,1,1,1,119,119,GLU,7.39,124.22
4735,1,1,1,12,12,ASP,8.54,126.46
4735,1,1,1,120,120,ALA,8.44,121.1
4735,1,1,1,121,121,ASP,7.86,119.59
4735,1,1,1,122,122,ALA,8.27,121.71
4735,1,1,1,123,123,LEU,8.53,122.07
4735,1,1,1,124,124,GLU,7.9,121.19
4735,1,1,1,125,125,PHE,8.28,118.15
4735,1,1,1,126,126,GLY,8.24,106.51
4735,1,1,1,127,127,GLU,8.05,118.56
4735,1,1,1,128,128,ARG,7.74,118.46
4735,1,1,1,129,129,LEU,8.04,118.45
4735,1,1,1,13,13,MET,9.06,125.38
4735,1,1,1,130,130,SER,7.94,111.18
4735,1,1,1,131,131,ASP,7.5,121.0
4735,1,1,1,132,132,LEU,8.09,123.25
4735,1,1,1,133,133,ALA,7.78,123.13
4735,1,1,1,134,134,LYS,6.85,111.18
4735,1,1,1,135,135,ILE,7.35,117.58
4735,1,1,1,136,136,ARG,7.19,113.29
4735,1,1,1,137,137,LYS,8.21,117.6
4735,1,1,1,138,138,VAL,7.28,118.54
4735,1,1,1,139,139,MET,8.39,125.08
4735,1,1,1,140,140,TYR,9.09,124.02
4735,1,1,1,141,141,PHE,9.86,121.23
4735,1,1,1,142,142,LEU,9.7,122.34
4735,1,1,1,143,143,ILE,9.28,127.49
4735,1,1,1,144,144,THR,9.07,123.46
4735,1,1,1,145,145,PHE,9.55,130.74
4735,1,1,1,146,146,GLY,8.69,112.63
4735,1,1,1,147,147,GLU,8.25,118.26
4735,1,1,1,148,148,GLY,8.81,112.24
4735,1,1,1,149,149,VAL,7.77,114.98
4735,1,1,1,15,15,LEU,8.43,123.05
4735,1,1,1,150,150,GLU,8.73,122.71
4735,1,1,1,152,152,ALA,8.18,117.04
4735,1,1,1,153,153,ASN,8.48,112.66
4735,1,1,1,154,154,LEU,7.82,121.55
4735,1,1,1,155,155,LYS,8.56,128.59
4735,1,1,1,156,156,ALA,9.08,127.88
4735,1,1,1,157,157,SER,8.87,118.94
4735,1,1,1,158,158,VAL,8.47,118.6
4735,1,1,1,159,159,VAL,7.82,124.63
4735,1,1,1,16,16,VAL,8.95,122.06
4735,1,1,1,160,160,PHE,8.93,125.19
4735,1,1,1,161,161,ASN,9.71,118.83
4735,1,1,1,162,162,GLN,8.55,121.82
4735,1,1,1,163,163,LEU,8.42,132.41
4735,1,1,1,17,17,LEU,8.32,130.63
4735,1,1,1,18,18,ASP,9.45,130.9
4735,1,1,1,19,19,GLN,8.71,127.97
4735,1,1,1,20,20,ASP,8.29,120.9
4735,1,1,1,21,21,LEU,8.61,123.58
4735,1,1,1,22,22,THR,8.17,116.24
4735,1,1,1,23,23,LYS,8.04,120.89
4735,1,1,1,24,24,GLN,8.18,119.78
4735,1,1,1,25,25,MET,8.37,120.16
4735,1,1,1,26,26,ARG,8.74,122.47
4735,1,1,1,27,27,LEU,8.63,121.84
4735,1,1,1,28,28,ARG,7.73,122.75
4735,1,1,1,29,29,VAL,7.23,118.48
4735,1,1,1,3,3,GLU,8.56,120.89
4735,1,1,1,30,30,GLU,7.85,119.26
4735,1,1,1,31,31,SER,8.74,117.0
4735,1,1,1,32,32,LEU,7.86,121.88
4735,1,1,1,33,33,LYS,7.61,118.64
4735,1,1,1,34,34,GLN,8.38,119.17
4735,1,1,1,35,35,ARG,7.95,116.16
4735,1,1,1,36,36,GLY,7.95,110.58
4735,1,1,1,37,37,GLU,7.88,120.59
4735,1,1,1,38,38,LYS,8.9,122.24
4735,1,1,1,39,39,LYS,8.41,123.73
4735,1,1,1,4,4,ASP,8.27,121.4
4735,1,1,1,40,40,GLN,8.61,123.11
4735,1,1,1,41,41,ASP,8.62,124.59
4735,1,1,1,43,43,GLU,8.07,124.23
4735,1,1,1,44,44,LYS,9.06,129.21
4735,1,1,1,45,45,LEU,8.35,128.27
4735,1,1,1,46,46,LEU,8.78,127.07
4735,1,1,1,47,47,ARG,9.31,130.23
4735,1,1,1,49,49,ALA,7.52,115.88
4735,1,1,1,5,5,GLY,8.04,109.38
4735,1,1,1,50,50,GLU,8.22,118.2
4735,1,1,1,51,51,SER,8.98,115.47
4735,1,1,1,52,52,VAL,8.49,124.56
4735,1,1,1,53,53,TYR,9.94,129.04
4735,1,1,1,54,54,ARG,10.0,122.03
4735,1,1,1,55,55,LEU,8.98,128.29
4735,1,1,1,56,56,ASP,8.64,126.39
4735,1,1,1,57,57,PHE,8.57,124.33
4735,1,1,1,58,58,ILE,7.56,123.67
4735,1,1,1,59,59,GLN,7.3,116.02
4735,1,1,1,60,60,GLN,8.28,117.02
4735,1,1,1,62,62,LYS,8.72,115.79
4735,1,1,1,63,63,LEU,7.51,115.62
4735,1,1,1,64,64,GLN,8.67,121.06
4735,1,1,1,65,65,PHE,9.51,131.44
4735,1,1,1,66,66,ASP,7.92,128.0
4735,1,1,1,67,67,HIS,6.81,107.1
4735,1,1,1,68,68,TRP,9.15,121.34
4735,1,1,1,69,69,ASN,8.74,123.04
4735,1,1,1,7,7,GLN,8.4,121.14
4735,1,1,1,70,70,VAL,7.68,125.03
4735,1,1,1,71,71,VAL,8.68,125.47
4735,1,1,1,72,72,LEU,7.73,126.84
4735,1,1,1,73,73,ASP,8.78,122.45
4735,1,1,1,74,74,LYS,7.45,117.55
4735,1,1,1,76,76,GLY,8.31,108.79
4735,1,1,1,77,77,LYS,7.65,120.62
4735,1,1,1,78,78,VAL,9.13,116.7
4735,1,1,1,79,79,THR,8.08,118.72
4735,1,1,1,8,8,LYS,8.27,123.21
4735,1,1,1,80,80,ILE,9.92,128.71
4735,1,1,1,81,81,THR,8.84,124.76
4735,1,1,1,82,82,GLY,9.83,115.44
4735,1,1,1,83,83,THR,7.08,109.28
4735,1,1,1,84,84,SER,8.54,110.73
4735,1,1,1,86,86,ASN,8.15,114.46
4735,1,1,1,87,87,TRP,7.94,121.89
4735,1,1,1,88,88,THR,8.38,126.82
4735,1,1,1,9,9,GLN,8.55,122.94
4735,1,1,1,90,90,ASP,8.36,112.92
4735,1,1,1,91,91,LEU,7.73,118.31
4735,1,1,1,92,92,THR,7.82,109.16
4735,1,1,1,94,94,LEU,8.82,126.25
4735,1,1,1,95,95,MET,7.66,123.01
4735,1,1,1,96,96,THR,8.99,119.49
4735,1,1,1,97,97,ARG,8.3,122.07
4735,1,1,1,98,98,GLN,7.86,118.01
4735,1,1,1,99,99,LEU,7.24,120.72
4740,1,1,1,1,1,MET,8.15,120.1
4740,1,1,1,10,10,GLY,7.78,112.4
4740,1,1,1,11,11,ARG,8.64,125.0
4740,1,1,1,12,12,ALA,8.24,124.6
4740,1,1,1,13,13,LEU,8.78,123.2
4740,1,1,1,14,14,TYR,6.95,112.6
4740,1,1,1,15,15,SER,9.06,114.3
4740,1,1,1,16,16,ARG,9.01,124.8
4740,1,1,1,17,17,GLU,8.5,126.4
4740,1,1,1,18,18,GLY,8.66,114.0
4740,1,1,1,19,19,ALA,7.39,124.3
4740,1,1,1,2,2,TYR,8.84,119.0
4740,1,1,1,20,20,LYS,8.65,120.6
4740,1,1,1,21,21,THR,7.65,109.4
4740,1,1,1,22,22,ARG,8.34,120.4
4740,1,1,1,23,23,LYS,8.77,128.7
4740,1,1,1,24,24,CYS,8.75,129.2
4740,1,1,1,25,25,VAL,7.97,130.2
4740,1,1,1,26,26,CYS,9.05,124.5
4740,1,1,1,27,27,GLY,7.95,112.2
4740,1,1,1,28,28,ARG,8.66,125.3
4740,1,1,1,29,29,THR,8.43,118.9
4740,1,1,1,3,3,ILE,9.15,116.4
4740,1,1,1,30,30,VAL,8.91,127.6
4740,1,1,1,31,31,ASN,8.73,125.5
4740,1,1,1,32,32,VAL,7.65,126.0
4740,1,1,1,33,33,LYS,8.11,118.5
4740,1,1,1,34,34,ASP,7.58,118.0
4740,1,1,1,35,35,ARG,7.28,119.2
4740,1,1,1,36,36,ARG,8.24,123.8
4740,1,1,1,37,37,ILE,8.49,127.3
4740,1,1,1,38,38,PHE,9.12,128.1
4740,1,1,1,39,39,GLY,7.65,107.0
4740,1,1,1,4,4,ILE,8.18,122.9
4740,1,1,1,40,40,ARG,8.21,119.4
4740,1,1,1,41,41,ALA,8.73,122.5
4740,1,1,1,42,42,ASP,8.99,121.3
4740,1,1,1,43,43,ASP,7.4,114.8
4740,1,1,1,44,44,PHE,8.81,122.5
4740,1,1,1,45,45,GLU,8.38,123.6
4740,1,1,1,46,46,GLU,8.37,122.4
4740,1,1,1,47,47,ALA,7.81,122.4
4740,1,1,1,48,48,SER,7.78,112.9
4740,1,1,1,49,49,GLU,7.51,124.1
4740,1,1,1,5,5,PHE,8.3,125.5
4740,1,1,1,50,50,LEU,7.86,122.0
4740,1,1,1,51,51,VAL,7.98,119.4
4740,1,1,1,52,52,ARG,7.53,120.4
4740,1,1,1,53,53,LYS,7.95,119.7
4740,1,1,1,54,54,LEU,7.97,121.1
4740,1,1,1,55,55,GLN,8.09,119.7
4740,1,1,1,56,56,GLU,7.84,119.2
4740,1,1,1,57,57,GLU,7.8,121.3
4740,1,1,1,58,58,LYS,7.96,121.5
4740,1,1,1,59,59,TYR,8.07,120.8
4740,1,1,1,6,6,ARG,9.83,119.7
4740,1,1,1,60,60,GLY,8.17,111.5
4740,1,1,1,61,61,SER,8.07,116.3
4740,1,1,1,64,64,PHE,8.07,122.2
4740,1,1,1,65,65,THR,7.97,116.8
4740,1,1,1,66,66,ASN,8.36,123.1
4740,1,1,1,68,68,SER,8.24,116.6
4740,1,1,1,69,69,LYS,8.08,124.1
4740,1,1,1,7,7,CYS,8.77,125.2
4740,1,1,1,70,70,ARG,8.28,124.3
4740,1,1,1,71,71,GLU,7.91,128.3
4740,1,1,1,8,8,ASP,8.57,133.7
4740,1,1,1,9,9,CYS,9.03,121.1
4751,1,1,1,10,10,ARG,8.8,115.8
4751,1,1,1,100,100,VAL,7.47,110.5
4751,1,1,1,101,101,ARG,7.06,117.1
4751,1,1,1,102,102,ASP,7.39,122.1
4751,1,1,1,104,104,GLN,8.5,113.6
4751,1,1,1,105,105,GLY,8.08,108.3
4751,1,1,1,106,106,ILE,8.69,126.2
4751,1,1,1,107,107,ARG,7.29,116.5
4751,1,1,1,108,108,ALA,7.3,120.0
4751,1,1,1,109,109,TRP,7.63,116.1
4751,1,1,1,11,11,THR,7.99,118.1
4751,1,1,1,110,110,VAL,8.92,127.8
4751,1,1,1,111,111,ALA,8.62,118.9
4751,1,1,1,112,112,TRP,7.62,115.7
4751,1,1,1,113,113,ARG,7.78,119.9
4751,1,1,1,114,114,ALA,7.95,116.3
4751,1,1,1,115,115,HIS,7.35,108.6
4751,1,1,1,116,116,CYS,7.63,114.9
4751,1,1,1,117,117,GLN,6.65,119.7
4751,1,1,1,118,118,ASN,9.09,120.5
4751,1,1,1,119,119,ARG,7.36,115.1
4751,1,1,1,12,12,LEU,8.21,122.0
4751,1,1,1,120,120,ASP,8.47,118.8
4751,1,1,1,121,121,LEU,9.01,128.3
4751,1,1,1,122,122,SER,8.66,117.9
4751,1,1,1,123,123,GLN,9.0,119.1
4751,1,1,1,124,124,TYR,8.16,116.3
4751,1,1,1,125,125,ILE,7.06,105.2
4751,1,1,1,126,126,ARG,7.23,124.9
4751,1,1,1,127,127,ASN,9.36,117.9
4751,1,1,1,128,128,CYS,7.75,112.7
4751,1,1,1,129,129,GLY,8.89,111.5
4751,1,1,1,13,13,LYS,8.26,121.1
4751,1,1,1,130,130,VAL,7.47,116.1
4751,1,1,1,14,14,ARG,7.92,118.1
4751,1,1,1,15,15,ASN,7.22,115.5
4751,1,1,1,16,16,GLY,7.64,106.4
4751,1,1,1,17,17,MET,7.1,113.3
4751,1,1,1,18,18,ALA,8.88,123.0
4751,1,1,1,19,19,GLY,8.73,117.8
4751,1,1,1,2,2,VAL,8.87,127.4
4751,1,1,1,20,20,TYR,7.75,125.0
4751,1,1,1,21,21,TYR,9.22,129.2
4751,1,1,1,22,22,GLY,7.68,101.5
4751,1,1,1,23,23,VAL,7.88,124.8
4751,1,1,1,24,24,SER,8.29,123.2
4751,1,1,1,25,25,LEU,9.37,120.5
4751,1,1,1,26,26,ALA,8.66,117.8
4751,1,1,1,27,27,ASP,8.03,118.3
4751,1,1,1,28,28,TRP,7.69,117.2
4751,1,1,1,29,29,VAL,8.31,118.7
4751,1,1,1,3,3,TYR,9.06,128.8
4751,1,1,1,30,30,CYS,8.4,118.7
4751,1,1,1,31,31,LEU,8.59,121.0
4751,1,1,1,32,32,ALA,8.32,120.2
4751,1,1,1,33,33,GLN,8.56,117.8
4751,1,1,1,34,34,HIS,7.4,111.4
4751,1,1,1,35,35,GLU,8.45,117.4
4751,1,1,1,36,36,SER,8.08,108.6
4751,1,1,1,37,37,ASN,7.97,123.9
4751,1,1,1,38,38,TYR,6.83,104.6
4751,1,1,1,39,39,ASN,7.14,117.7
4751,1,1,1,4,4,GLU,8.42,122.2
4751,1,1,1,40,40,THR,9.1,115.5
4751,1,1,1,41,41,ARG,7.67,114.5
4751,1,1,1,42,42,ALA,6.86,122.4
4751,1,1,1,43,43,THR,8.18,112.9
4751,1,1,1,44,44,ASN,8.11,119.0
4751,1,1,1,45,45,TYR,8.9,127.4
4751,1,1,1,46,46,ASN,8.94,127.8
4751,1,1,1,47,47,ARG,8.47,122.6
4751,1,1,1,48,48,GLY,8.64,106.0
4751,1,1,1,49,49,ASP,7.15,116.6
4751,1,1,1,5,5,ARG,8.35,126.5
4751,1,1,1,50,50,GLN,7.82,112.6
4751,1,1,1,51,51,SER,7.96,113.4
4751,1,1,1,52,52,THR,9.15,116.4
4751,1,1,1,53,53,ASP,8.93,124.6
4751,1,1,1,54,54,TYR,9.2,118.3
4751,1,1,1,55,55,GLY,9.15,112.1
4751,1,1,1,56,56,ILE,9.18,123.0
4751,1,1,1,57,57,PHE,8.56,115.6
4751,1,1,1,58,58,GLN,7.88,113.8
4751,1,1,1,59,59,ILE,7.85,121.9
4751,1,1,1,6,6,CYS,8.85,114.7
4751,1,1,1,60,60,ASN,8.53,127.9
4751,1,1,1,61,61,SER,9.26,120.2
4751,1,1,1,62,62,ARG,8.7,123.0
4751,1,1,1,63,63,TYR,7.1,113.5
4751,1,1,1,64,64,TRP,7.37,114.2
4751,1,1,1,65,65,CYS,7.48,110.7
4751,1,1,1,66,66,ASN,8.63,118.6
4751,1,1,1,67,67,ASP,10.28,130.3
4751,1,1,1,68,68,GLY,8.12,108.1
4751,1,1,1,69,69,LYS,8.1,117.5
4751,1,1,1,7,7,GLU,8.21,125.7
4751,1,1,1,70,70,THR,8.34,121.1
4751,1,1,1,72,72,ARG,8.8,115.3
4751,1,1,1,73,73,ALA,7.36,120.5
4751,1,1,1,74,74,VAL,7.93,118.6
4751,1,1,1,75,75,ASN,8.59,119.1
4751,1,1,1,76,76,ALA,8.38,121.3
4751,1,1,1,77,77,CYS,9.4,111.1
4751,1,1,1,78,78,GLY,7.68,111.3
4751,1,1,1,79,79,ILE,8.25,113.9
4751,1,1,1,8,8,PHE,9.19,121.9
4751,1,1,1,80,80,ASN,8.67,122.0
4751,1,1,1,81,81,CYS,8.74,123.8
4751,1,1,1,82,82,SER,8.8,114.5
4751,1,1,1,83,83,ALA,7.91,125.9
4751,1,1,1,84,84,LEU,8.02,115.5
4751,1,1,1,85,85,LEU,7.22,117.7
4751,1,1,1,86,86,GLN,6.85,117.0
4751,1,1,1,87,87,ASP,8.76,120.6
4751,1,1,1,88,88,ASP,7.82,118.7
4751,1,1,1,89,89,ILE,8.02,117.3
4751,1,1,1,9,9,ALA,8.77,121.8
4751,1,1,1,90,90,THR,8.62,121.0
4751,1,1,1,91,91,ALA,8.93,123.1
4751,1,1,1,92,92,ALA,7.75,121.4
4751,1,1,1,93,93,ILE,8.66,118.6
4751,1,1,1,94,94,GLN,7.98,116.9
4751,1,1,1,95,95,CYS,8.13,116.5
4751,1,1,1,96,96,ALA,8.74,124.1
4751,1,1,1,97,97,LYS,7.75,113.8
4751,1,1,1,98,98,ARG,6.93,117.3
4751,1,1,1,99,99,VAL,8.05,121.8
4752,1,1,1,10,10,ASP,8.005,118.6
4752,1,1,1,11,11,ILE,8.628,123.1
4752,1,1,1,12,12,PHE,7.98,116.01
4752,1,1,1,13,13,GLY,8.11,111.38
4752,1,1,1,14,14,ALA,8.252,121.86
4752,1,1,1,15,15,SER,8.18,113.74
4752,1,1,1,16,16,ILE,8.667,120.43
4752,1,1,1,17,17,ARG,7.937,120.35
4752,1,1,1,18,18,THR,7.571,118.8
4752,1,1,1,19,19,ILE,6.869,118.33
4752,1,1,1,2,2,GLU,9.138,127.96
4752,1,1,1,20,20,GLN,7.866,118.46
4752,1,1,1,21,21,ASN,7.972,119.66
4752,1,1,1,22,22,TRP,8.639,122.33
4752,1,1,1,23,23,GLN,8.604,121.73
4752,1,1,1,24,24,GLU,8.035,120.55
4752,1,1,1,25,25,GLN,7.784,117.18
4752,1,1,1,26,26,GLY,7.558,106.23
4752,1,1,1,27,27,MET,7.287,124.87
4752,1,1,1,29,29,VAL,7.891,118.31
4752,1,1,1,3,3,VAL,9.358,118.05
4752,1,1,1,30,30,LEU,8.287,127.13
4752,1,1,1,31,31,ARG,7.994,119.21
4752,1,1,1,32,32,GLY,8.42,109.6
4752,1,1,1,33,33,GLY,8.174,107.99
4752,1,1,1,34,34,GLY,8.3,109.04
4752,1,1,1,35,35,LYS,8.463,121.17
4752,1,1,1,36,36,GLY,8.553,110.43
4752,1,1,1,37,37,ASN,8.145,118.15
4752,1,1,1,38,38,GLU,8.242,121.05
4752,1,1,1,39,39,VAL,7.898,123.03
4752,1,1,1,4,4,ASN,8.489,118.38
4752,1,1,1,40,40,LEU,8.015,125.05
4752,1,1,1,41,41,TYR,9.124,116.91
4752,1,1,1,42,42,ASP,9.779,122.32
4752,1,1,1,43,43,SER,9.265,120.8
4752,1,1,1,44,44,ALA,7.729,124.87
4752,1,1,1,45,45,ALA,7.353,122.0
4752,1,1,1,46,46,VAL,8.509,119.83
4752,1,1,1,47,47,ILE,8.359,121.79
4752,1,1,1,48,48,LYS,7.589,119.15
4752,1,1,1,49,49,TRP,7.925,119.53
4752,1,1,1,5,5,LYS,8.997,117.95
4752,1,1,1,50,50,TYR,9.193,120.97
4752,1,1,1,51,51,ALA,8.614,119.99
4752,1,1,1,52,52,GLU,7.438,116.19
4752,1,1,1,53,53,ARG,7.148,119.54
4752,1,1,1,54,54,ASP,8.0,120.92
4752,1,1,1,55,55,ALA,7.864,123.67
4752,1,1,1,56,56,GLU,8.209,119.33
4752,1,1,1,57,57,ILE,8.008,121.54
4752,1,1,1,58,58,GLU,8.259,123.43
4752,1,1,1,59,59,ASN,8.323,119.59
4752,1,1,1,6,6,LYS,7.856,119.44
4752,1,1,1,60,60,GLU,8.337,121.37
4752,1,1,1,61,61,LYS,8.06,120.62
4752,1,1,1,62,62,LEU,7.898,120.86
4752,1,1,1,63,63,ARG,8.042,121.08
4752,1,1,1,64,64,ARG,8.19,121.85
4752,1,1,1,65,65,GLU,8.399,121.93
4752,1,1,1,66,66,VAL,8.02,119.76
4752,1,1,1,67,67,GLU,8.376,125.04
4752,1,1,1,68,68,GLU,7.96,127.53
4752,1,1,1,7,7,GLN,8.518,118.6
4752,1,1,1,8,8,LEU,8.788,120.48
4752,1,1,1,9,9,ALA,8.242,121.49
4757,1,1,1,10,10,ARG,7.68,121.04
4757,1,1,1,11,11,LEU,8.12,120.56
4757,1,1,1,12,12,LYS,8.57,119.05
4757,1,1,1,13,13,ALA,7.71,121.11
4757,1,1,1,14,14,LEU,7.52,117.53
4757,1,1,1,15,15,GLY,8.17,105.14
4757,1,1,1,16,16,PHE,7.16,117.94
4757,1,1,1,18,18,GLU,9.04,123.45
4757,1,1,1,19,19,SER,8.83,111.61
4757,1,1,1,20,20,LEU,6.82,122.49
4757,1,1,1,21,21,VAL,8.0,119.6
4757,1,1,1,22,22,ILE,8.55,119.05
4757,1,1,1,23,23,GLN,7.27,117.26
4757,1,1,1,24,24,ALA,8.28,121.28
4757,1,1,1,25,25,TYR,8.99,118.63
4757,1,1,1,26,26,PHE,8.05,114.78
4757,1,1,1,27,27,ALA,8.27,124.0
4757,1,1,1,28,28,CYS,7.34,114.23
4757,1,1,1,29,29,GLU,7.62,114.33
4757,1,1,1,3,3,GLN,8.86,123.17
4757,1,1,1,30,30,LYS,7.94,109.41
4757,1,1,1,31,31,ASN,6.92,116.98
4757,1,1,1,32,32,GLU,9.0,127.3
4757,1,1,1,33,33,ASN,8.28,117.12
4757,1,1,1,34,34,LEU,7.88,120.7
4757,1,1,1,35,35,ALA,8.59,122.9
4757,1,1,1,36,36,ALA,8.38,120.56
4757,1,1,1,37,37,ASN,7.59,114.92
4757,1,1,1,38,38,PHE,8.38,122.35
4757,1,1,1,39,39,LEU,8.35,121.25
4757,1,1,1,4,4,GLU,8.47,120.31
4757,1,1,1,40,40,LEU,8.1,116.43
4757,1,1,1,41,41,SER,7.59,113.13
4757,1,1,1,42,42,GLN,7.33,119.73
4757,1,1,1,43,43,ASN,8.04,118.77
4757,1,1,1,44,44,PHE,8.27,121.66
4757,1,1,1,45,45,ASP,8.31,121.39
4757,1,1,1,46,46,ASP,8.2,121.11
4757,1,1,1,47,47,GLU,7.88,125.79
4757,1,1,1,5,5,LYS,7.78,118.06
4757,1,1,1,6,6,GLU,8.03,117.17
4757,1,1,1,7,7,ALA,7.65,122.73
4757,1,1,1,8,8,ILE,7.83,117.39
4757,1,1,1,9,9,GLU,8.0,117.68
4759,1,1,1,100,100,ALA,7.5,120.9
4759,1,1,1,102,102,HIS,6.8,117.0
4759,1,1,1,12,12,ASP,9.3,117.7
4759,1,1,1,13,13,ASN,7.9,116.2
4759,1,1,1,14,14,LEU,8.3,123.8
4759,1,1,1,15,15,LYS,7.5,116.7
4759,1,1,1,16,16,VAL,7.5,118.5
4759,1,1,1,17,17,ILE,8.0,119.1
4759,1,1,1,18,18,GLU,7.9,116.4
4759,1,1,1,19,19,LYS,7.4,115.1
4759,1,1,1,2,2,ASP,8.7,119.1
4759,1,1,1,20,20,ALA,7.3,123.0
4759,1,1,1,21,21,ASP,8.7,115.7
4759,1,1,1,22,22,ASN,7.6,113.0
4759,1,1,1,23,23,ALA,9.1,121.9
4759,1,1,1,24,24,ALA,8.4,121.7
4759,1,1,1,25,25,GLN,8.0,117.0
4759,1,1,1,26,26,VAL,7.1,117.5
4759,1,1,1,27,27,LYS,8.8,119.1
4759,1,1,1,28,28,ASP,8.2,120.1
4759,1,1,1,29,29,ALA,7.6,121.2
4759,1,1,1,3,3,LEU,8.5,121.7
4759,1,1,1,30,30,LEU,8.6,117.7
4759,1,1,1,31,31,THR,8.3,115.9
4759,1,1,1,32,32,LYS,7.5,121.9
4759,1,1,1,33,33,MET,8.3,118.3
4759,1,1,1,34,34,ARG,8.5,120.4
4759,1,1,1,35,35,ALA,7.0,116.4
4759,1,1,1,36,36,ALA,7.4,120.1
4759,1,1,1,37,37,ALA,8.2,119.6
4759,1,1,1,38,38,LEU,7.4,114.6
4759,1,1,1,39,39,ASP,7.4,118.8
4759,1,1,1,4,4,GLU,8.5,116.7
4759,1,1,1,40,40,ALA,7.8,123.5
4759,1,1,1,41,41,GLN,6.5,112.8
4759,1,1,1,42,42,LYS,6.8,113.6
4759,1,1,1,43,43,ALA,7.7,122.5
4759,1,1,1,44,44,THR,8.2,114.1
4759,1,1,1,47,47,LYS,9.5,115.1
4759,1,1,1,48,48,LEU,7.9,114.3
4759,1,1,1,49,49,GLU,7.3,118.5
4759,1,1,1,50,50,ASP,8.5,114.9
4759,1,1,1,51,51,LYS,7.7,118.5
4759,1,1,1,52,52,SER,8.9,117.0
4759,1,1,1,54,54,ASP,8.0,113.3
4759,1,1,1,55,55,SER,7.8,115.7
4759,1,1,1,57,57,GLU,9.7,117.5
4759,1,1,1,58,58,MET,7.6,117.2
4759,1,1,1,59,59,LYS,8.5,118.5
4759,1,1,1,60,60,ASP,8.4,120.6
4759,1,1,1,61,61,PHE,8.9,121.2
4759,1,1,1,62,62,ARG,8.5,114.3
4759,1,1,1,63,63,HIS,8.6,119.8
4759,1,1,1,64,64,GLY,8.3,107.8
4759,1,1,1,65,65,PHE,7.0,114.9
4759,1,1,1,66,66,ASP,7.3,120.4
4759,1,1,1,67,67,ILE,7.8,120.6
4759,1,1,1,68,68,LEU,8.0,120.6
4759,1,1,1,69,69,VAL,9.0,117.5
4759,1,1,1,70,70,GLY,7.9,106.8
4759,1,1,1,71,71,GLN,8.1,120.4
4759,1,1,1,72,72,ILE,8.9,123.2
4759,1,1,1,73,73,ASP,9.2,121.4
4759,1,1,1,74,74,ASP,8.2,121.9
4759,1,1,1,75,75,ALA,7.8,122.5
4759,1,1,1,76,76,LEU,9.3,121.2
4759,1,1,1,77,77,LYS,7.8,119.6
4759,1,1,1,78,78,LEU,6.9,117.0
4759,1,1,1,79,79,ALA,8.6,122.2
4759,1,1,1,80,80,ASN,8.9,118.0
4759,1,1,1,81,81,GLU,7.4,116.4
4759,1,1,1,82,82,GLY,7.9,107.0
4759,1,1,1,83,83,LYS,7.8,122.7
4759,1,1,1,84,84,VAL,7.7,121.9
4759,1,1,1,85,85,LYS,8.6,119.6
4759,1,1,1,86,86,GLU,9.3,120.6
4759,1,1,1,87,87,ALA,8.6,124.0
4759,1,1,1,88,88,GLN,8.7,116.4
4759,1,1,1,89,89,ALA,8.2,122.2
4759,1,1,1,90,90,ALA,8.2,121.2
4759,1,1,1,91,91,ALA,8.5,121.2
4759,1,1,1,92,92,GLU,7.8,115.4
4759,1,1,1,93,93,GLN,7.6,116.4
4759,1,1,1,94,94,LEU,7.9,118.0
4759,1,1,1,95,95,LYS,7.6,114.1
4759,1,1,1,96,96,THR,7.4,114.9
4759,1,1,1,97,97,THR,7.2,120.9
4759,1,1,1,98,98,ARG,8.4,119.6
4759,1,1,1,99,99,ASN,8.0,114.9
4771,1,1,1,10,10,GLY,8.21,108.62
4771,1,1,1,101,101,HIS,8.95,120.61
4771,1,1,1,102,102,HIS,7.96,125.48
4771,1,1,1,11,11,ALA,8.06,123.47
4771,1,1,1,12,12,SER,8.71,117.44
4771,1,1,1,13,13,GLY,8.65,110.27
4771,1,1,1,14,14,ALA,8.16,123.55
4771,1,1,1,15,15,ASP,7.9,119.29
4771,1,1,1,16,16,ILE,8.02,121.38
4771,1,1,1,17,17,ASN,8.33,118.28
4771,1,1,1,18,18,ASN,8.63,119.4
4771,1,1,1,19,19,TYR,7.93,121.83
4771,1,1,1,20,20,ALA,8.49,121.15
4771,1,1,1,21,21,GLY,7.84,103.37
4771,1,1,1,22,22,GLN,7.65,122.68
4771,1,1,1,23,23,ILE,7.9,121.37
4771,1,1,1,24,24,LYS,8.1,118.03
4771,1,1,1,25,25,SER,8.32,113.77
4771,1,1,1,26,26,ALA,7.74,125.2
4771,1,1,1,27,27,ILE,7.78,118.31
4771,1,1,1,28,28,GLU,8.77,119.04
4771,1,1,1,29,29,SER,7.94,112.96
4771,1,1,1,3,3,PHE,8.29,121.05
4771,1,1,1,30,30,LYS,7.21,118.09
4771,1,1,1,31,31,PHE,7.61,122.61
4771,1,1,1,32,32,TYR,7.93,124.43
4771,1,1,1,33,33,ASP,8.28,119.35
4771,1,1,1,34,34,ALA,8.16,124.23
4771,1,1,1,35,35,SER,8.39,112.21
4771,1,1,1,36,36,SER,7.72,117.41
4771,1,1,1,37,37,TYR,7.69,119.08
4771,1,1,1,38,38,ALA,7.0,121.75
4771,1,1,1,39,39,GLY,8.57,111.06
4771,1,1,1,4,4,GLY,8.28,110.28
4771,1,1,1,40,40,LYS,7.83,120.34
4771,1,1,1,41,41,THR,8.13,111.81
4771,1,1,1,42,42,CYS,8.58,121.86
4771,1,1,1,43,43,THR,8.92,128.91
4771,1,1,1,44,44,LEU,9.13,128.45
4771,1,1,1,45,45,ARG,9.12,123.21
4771,1,1,1,46,46,ILE,8.89,126.6
4771,1,1,1,47,47,LYS,7.86,121.6
4771,1,1,1,48,48,LEU,8.12,123.9
4771,1,1,1,49,49,ALA,9.02,126.15
4771,1,1,1,5,5,ASN,8.21,118.8
4771,1,1,1,51,51,ASP,7.47,111.79
4771,1,1,1,52,52,GLY,8.4,109.03
4771,1,1,1,53,53,MET,7.37,117.46
4771,1,1,1,54,54,LEU,8.58,125.39
4771,1,1,1,55,55,LEU,8.92,128.91
4771,1,1,1,56,56,ASP,7.72,115.16
4771,1,1,1,57,57,ILE,7.9,119.29
4771,1,1,1,58,58,LYS,8.31,124.67
4771,1,1,1,6,6,THR,8.04,114.33
4771,1,1,1,60,60,GLU,9.3,123.66
4771,1,1,1,61,61,GLY,7.58,107.03
4771,1,1,1,62,62,GLY,8.28,106.92
4771,1,1,1,63,63,ASP,8.36,122.61
4771,1,1,1,65,65,ALA,7.88,120.97
4771,1,1,1,66,66,LEU,8.72,121.96
4771,1,1,1,67,67,CYS,9.01,115.22
4771,1,1,1,68,68,GLN,7.97,118.56
4771,1,1,1,69,69,ALA,7.61,123.24
4771,1,1,1,7,7,LYS,8.2,123.12
4771,1,1,1,70,70,ALA,8.97,122.38
4771,1,1,1,71,71,LEU,7.94,118.44
4771,1,1,1,72,72,ALA,7.02,119.11
4771,1,1,1,73,73,ALA,7.26,119.92
4771,1,1,1,74,74,ALA,8.33,118.28
4771,1,1,1,75,75,LYS,7.16,113.56
4771,1,1,1,76,76,LEU,7.1,116.8
4771,1,1,1,77,77,ALA,7.07,121.65
4771,1,1,1,78,78,LYS,8.43,123.24
4771,1,1,1,79,79,ILE,8.46,129.56
4771,1,1,1,81,81,LYS,8.34,122.9
4771,1,1,1,84,84,SER,6.73,108.0
4771,1,1,1,86,86,ALA,8.27,120.28
4771,1,1,1,87,87,VAL,7.38,116.41
4771,1,1,1,88,88,TYR,8.02,121.38
4771,1,1,1,89,89,GLU,8.08,114.6
4771,1,1,1,9,9,ASN,8.12,113.61
4771,1,1,1,90,90,VAL,6.92,116.5
4771,1,1,1,91,91,PHE,7.42,115.88
4771,1,1,1,92,92,LYS,7.4,117.66
4771,1,1,1,93,93,ASN,7.2,115.13
4771,1,1,1,94,94,ALA,8.47,126.21
4771,1,1,1,96,96,LEU,9.07,122.65
4771,1,1,1,97,97,ASP,8.68,125.91
4771,1,1,1,98,98,PHE,9.08,125.81
4771,1,1,1,99,99,LYS,7.56,127.51
4775,1,1,1,1,1,GLY,8.34,110.25
4775,1,1,1,10,10,GLU,8.18,112.21
4775,1,1,1,100,100,LYS,8.49,122.76
4775,1,1,1,101,101,THR,8.23,115.17
4775,1,1,1,102,102,ALA,8.31,126.51
4775,1,1,1,103,103,LYS,8.3,120.53
4775,1,1,1,104,104,ASP,8.23,120.15
4775,1,1,1,105,105,ASP,8.22,120.71
4775,1,1,1,106,106,SER,8.27,115.19
4775,1,1,1,107,107,ALA,8.02,126.19
4775,1,1,1,109,109,ARG,8.49,121.83
4775,1,1,1,11,11,ILE,7.05,121.15
4775,1,1,1,110,110,GLU,8.63,121.12
4775,1,1,1,111,111,LYS,8.23,121.76
4775,1,1,1,112,112,SER,8.24,116.75
4775,1,1,1,113,113,GLN,8.64,122.05
4775,1,1,1,114,114,LYS,8.12,120.12
4775,1,1,1,115,115,ALA,7.82,120.8
4775,1,1,1,116,116,ILE,7.76,118.95
4775,1,1,1,117,117,GLN,8.2,118.63
4775,1,1,1,118,118,ASP,8.4,118.01
4775,1,1,1,119,119,GLU,7.96,120.71
4775,1,1,1,12,12,VAL,8.56,119.92
4775,1,1,1,120,120,ILE,8.11,118.86
4775,1,1,1,121,121,ARG,8.05,121.53
4775,1,1,1,122,122,SER,7.71,113.59
4775,1,1,1,123,123,VAL,8.13,123.75
4775,1,1,1,124,124,ILE,8.12,116.93
4775,1,1,1,125,125,ARG,8.71,123.02
4775,1,1,1,126,126,GLN,8.41,119.42
4775,1,1,1,127,127,ILE,8.29,122.41
4775,1,1,1,128,128,THR,8.56,116.11
4775,1,1,1,129,129,ALA,8.6,122.7
4775,1,1,1,13,13,ALA,7.52,118.79
4775,1,1,1,130,130,THR,7.79,114.33
4775,1,1,1,131,131,VAL,8.11,116.93
4775,1,1,1,132,132,THR,7.55,113.41
4775,1,1,1,133,133,PHE,7.59,117.1
4775,1,1,1,134,134,LEU,7.62,121.47
4775,1,1,1,136,136,LEU,8.38,121.73
4775,1,1,1,137,137,LEU,8.49,125.28
4775,1,1,1,138,138,GLU,8.87,122.85
4775,1,1,1,139,139,VAL,6.92,111.86
4775,1,1,1,14,14,GLU,7.55,117.69
4775,1,1,1,140,140,SER,8.3,116.02
4775,1,1,1,141,141,CYS,9.08,118.33
4775,1,1,1,142,142,SER,9.07,114.67
4775,1,1,1,143,143,PHE,9.03,124.02
4775,1,1,1,144,144,ASP,8.95,124.19
4775,1,1,1,145,145,LEU,9.5,125.69
4775,1,1,1,146,146,LEU,10.04,129.2
4775,1,1,1,147,147,ILE,8.85,123.46
4775,1,1,1,148,148,TYR,8.62,127.3
4775,1,1,1,149,149,THR,8.63,116.08
4775,1,1,1,15,15,PHE,9.6,119.89
4775,1,1,1,150,150,ASP,8.27,121.32
4775,1,1,1,151,151,LYS,8.48,120.88
4775,1,1,1,152,152,ASP,8.21,118.39
4775,1,1,1,153,153,LEU,7.27,122.61
4775,1,1,1,154,154,VAL,8.23,125.22
4775,1,1,1,155,155,VAL,8.32,126.22
4775,1,1,1,157,157,GLU,8.67,123.46
4775,1,1,1,158,158,LYS,8.46,116.11
4775,1,1,1,159,159,TRP,8.03,119.18
4775,1,1,1,16,16,PHE,8.65,119.36
4775,1,1,1,160,160,GLU,7.91,118.83
4775,1,1,1,161,161,GLU,8.16,119.01
4775,1,1,1,162,162,SER,8.08,113.59
4775,1,1,1,163,163,GLY,8.05,110.6
4775,1,1,1,167,167,ILE,7.68,124.61
4775,1,1,1,168,168,THR,7.47,116.46
4775,1,1,1,169,169,ASN,8.23,121.32
4775,1,1,1,17,17,SER,7.81,114.41
4775,1,1,1,170,170,SER,8.11,116.58
4775,1,1,1,171,171,GLU,8.97,125.78
4775,1,1,1,172,172,GLU,8.59,116.21
4775,1,1,1,173,173,VAL,7.14,118.25
4775,1,1,1,174,174,ARG,8.66,122.41
4775,1,1,1,175,175,LEU,6.27,119.45
4775,1,1,1,176,176,ARG,8.9,121.71
4775,1,1,1,177,177,SER,7.12,109.25
4775,1,1,1,178,178,PHE,9.22,129.18
4775,1,1,1,179,179,THR,8.86,120.85
4775,1,1,1,18,18,PHE,8.64,120.42
4775,1,1,1,180,180,THR,8.08,122.79
4775,1,1,1,181,181,THR,9.26,119.89
4775,1,1,1,182,182,ILE,8.71,124.58
4775,1,1,1,183,183,HIS,9.03,128.44
4775,1,1,1,184,184,LYS,8.41,124.78
4775,1,1,1,185,185,VAL,8.61,122.79
4775,1,1,1,186,186,ASN,8.52,122.07
4775,1,1,1,187,187,SER,7.88,121.21
4775,1,1,1,19,19,GLY,9.19,111.54
4775,1,1,1,2,2,SER,8.2,116.99
4775,1,1,1,20,20,ILE,8.69,121.06
4775,1,1,1,21,21,ASN,7.59,119.59
4775,1,1,1,22,22,SER,7.93,112.5
4775,1,1,1,23,23,ILE,8.12,120.47
4775,1,1,1,24,24,LEU,8.29,117.07
4775,1,1,1,25,25,TYR,8.0,117.1
4775,1,1,1,26,26,GLN,9.56,118.36
4775,1,1,1,27,27,ARG,8.32,112.24
4775,1,1,1,28,28,GLY,7.59,106.82
4775,1,1,1,29,29,ILE,8.32,118.72
4775,1,1,1,3,3,ILE,8.69,124.91
4775,1,1,1,30,30,TYR,7.32,115.17
4775,1,1,1,32,32,SER,9.17,122.79
4775,1,1,1,33,33,GLU,9.65,119.33
4775,1,1,1,34,34,THR,8.13,109.02
4775,1,1,1,35,35,PHE,7.59,119.98
4775,1,1,1,36,36,THR,9.35,117.43
4775,1,1,1,37,37,ARG,7.81,122.32
4775,1,1,1,38,38,VAL,9.31,122.35
4775,1,1,1,39,39,GLN,8.36,123.08
4775,1,1,1,4,4,THR,9.01,124.93
4775,1,1,1,40,40,LYS,8.49,127.33
4775,1,1,1,41,41,TYR,8.65,118.16
4775,1,1,1,42,42,GLY,8.5,103.39
4775,1,1,1,43,43,LEU,8.04,121.7
4775,1,1,1,44,44,THR,8.02,115.61
4775,1,1,1,45,45,LEU,9.15,129.88
4775,1,1,1,46,46,LEU,7.85,122.35
4775,1,1,1,47,47,VAL,8.62,115.17
4775,1,1,1,48,48,THR,8.03,118.25
4775,1,1,1,49,49,THR,7.28,111.33
4775,1,1,1,5,5,LEU,9.22,127.01
4775,1,1,1,50,50,ASP,8.19,125.04
4775,1,1,1,51,51,LEU,8.29,127.06
4775,1,1,1,52,52,GLU,8.03,117.25
4775,1,1,1,53,53,LEU,8.02,124.69
4775,1,1,1,54,54,ILE,8.44,119.21
4775,1,1,1,55,55,LYS,7.54,118.77
4775,1,1,1,56,56,TYR,7.52,119.83
4775,1,1,1,57,57,LEU,8.98,118.92
4775,1,1,1,58,58,ASN,8.77,117.02
4775,1,1,1,59,59,ASN,7.47,118.1
4775,1,1,1,6,6,ARG,9.03,123.29
4775,1,1,1,60,60,VAL,7.7,120.24
4775,1,1,1,61,61,VAL,8.94,119.39
4775,1,1,1,62,62,GLU,8.09,118.88
4775,1,1,1,63,63,GLN,7.14,118.25
4775,1,1,1,64,64,LEU,8.48,119.15
4775,1,1,1,65,65,LYS,8.27,117.12
4775,1,1,1,66,66,ASP,6.85,117.22
4775,1,1,1,67,67,TRP,6.75,113.71
4775,1,1,1,68,68,LEU,5.39,113.71
4775,1,1,1,7,7,GLY,7.48,106.38
4775,1,1,1,72,72,SER,8.12,115.32
4775,1,1,1,74,74,GLN,8.91,125.4
4775,1,1,1,75,75,LYS,7.53,112.88
4775,1,1,1,76,76,LEU,9.08,120.91
4775,1,1,1,77,77,VAL,9.48,123.29
4775,1,1,1,78,78,VAL,9.66,127.04
4775,1,1,1,79,79,VAL,9.58,128.62
4775,1,1,1,8,8,SER,7.81,115.26
4775,1,1,1,80,80,ILE,8.88,130.03
4775,1,1,1,81,81,SER,8.89,121.03
4775,1,1,1,82,82,ASN,8.9,121.94
4775,1,1,1,83,83,ILE,8.1,126.57
4775,1,1,1,84,84,GLU,8.36,120.77
4775,1,1,1,85,85,SER,7.4,110.19
4775,1,1,1,86,86,GLY,8.37,112.47
4775,1,1,1,87,87,GLU,7.86,120.24
4775,1,1,1,88,88,VAL,8.66,125.43
4775,1,1,1,89,89,LEU,9.58,128.62
4775,1,1,1,9,9,ALA,8.84,122.67
4775,1,1,1,90,90,GLU,7.78,112.77
4775,1,1,1,91,91,ARG,8.04,118.39
4775,1,1,1,92,92,TRP,9.48,125.4
4775,1,1,1,93,93,GLN,8.99,123.7
4775,1,1,1,94,94,PHE,9.67,125.19
4775,1,1,1,95,95,ASP,8.7,125.18
4775,1,1,1,96,96,ILE,7.74,120.88
4775,1,1,1,97,97,GLU,8.88,130.03
4775,1,1,1,98,98,CYS,8.76,124.69
4775,1,1,1,99,99,ASP,8.22,126.63
4778,1,1,1,10,10,VAL,7.47,133.56
4778,1,1,1,103,103,GLU,7.55,122.56
4778,1,1,1,104,104,VAL,8.35,121.92
4778,1,1,1,105,105,HIS,8.45,120.82
4778,1,1,1,11,11,VAL,8.29,131.35
4778,1,1,1,110,110,GLY,8.7,115.12
4778,1,1,1,111,111,VAL,7.28,128.3
4778,1,1,1,113,113,ILE,8.02,123.41
4778,1,1,1,114,114,ILE,8.8,131.44
4778,1,1,1,115,115,ILE,8.21,130.84
4778,1,1,1,116,116,VAL,8.94,133.04
4778,1,1,1,117,117,GLY,8.7,119.79
4778,1,1,1,118,118,THR,9.29,121.08
4778,1,1,1,119,119,GLN,9.43,113.44
4778,1,1,1,12,12,VAL,8.83,121.71
4778,1,1,1,120,120,THR,8.05,109.95
4778,1,1,1,121,121,ASP,8.58,123.48
4778,1,1,1,122,122,LEU,7.81,122.73
4778,1,1,1,123,123,ARG,7.22,120.32
4778,1,1,1,124,124,ASN,7.23,115.68
4778,1,1,1,125,125,ASP,7.24,126.66
4778,1,1,1,126,126,ASP,8.73,130.88
4778,1,1,1,127,127,VAL,7.97,125.13
4778,1,1,1,128,128,ILE,8.1,127.53
4778,1,1,1,129,129,LEU,8.72,124.09
4778,1,1,1,13,13,GLY,6.62,111.92
4778,1,1,1,130,130,GLN,8.11,122.66
4778,1,1,1,132,132,LEU,8.49,124.1
4778,1,1,1,133,133,HIS,8.87,124.64
4778,1,1,1,135,135,GLN,7.44,121.26
4778,1,1,1,136,136,LYS,8.02,119.22
4778,1,1,1,137,137,LEU,8.05,122.75
4778,1,1,1,138,138,SER,7.74,118.0
4778,1,1,1,14,14,ASP,8.26,123.12
4778,1,1,1,140,140,ILE,9.19,128.08
4778,1,1,1,141,141,THR,8.31,123.38
4778,1,1,1,142,142,GLN,9.06,126.64
4778,1,1,1,145,145,GLY,7.86,113.98
4778,1,1,1,146,146,GLU,8.19,125.47
4778,1,1,1,147,147,LYS,8.05,125.17
4778,1,1,1,148,148,LEU,7.84,126.34
4778,1,1,1,149,149,ALA,8.15,123.12
4778,1,1,1,15,15,GLY,8.62,109.92
4778,1,1,1,150,150,LYS,7.65,121.54
4778,1,1,1,151,151,GLU,8.23,126.12
4778,1,1,1,152,152,LEU,8.04,119.32
4778,1,1,1,153,153,ARG,7.67,119.29
4778,1,1,1,154,154,ALA,8.53,124.83
4778,1,1,1,155,155,VAL,9.11,125.06
4778,1,1,1,156,156,LYS,7.08,114.7
4778,1,1,1,157,157,TYR,8.57,126.23
4778,1,1,1,158,158,VAL,8.26,126.99
4778,1,1,1,159,159,GLU,7.9,118.97
4778,1,1,1,16,16,ALA,9.4,127.82
4778,1,1,1,160,160,CYS,8.86,117.56
4778,1,1,1,161,161,SER,7.82,114.22
4778,1,1,1,162,162,ALA,9.25,137.04
4778,1,1,1,163,163,LEU,7.32,122.86
4778,1,1,1,164,164,THR,7.99,111.33
4778,1,1,1,165,165,GLN,7.5,118.29
4778,1,1,1,166,166,ARG,7.89,128.54
4778,1,1,1,167,167,GLY,9.16,120.67
4778,1,1,1,168,168,LEU,7.39,125.47
4778,1,1,1,169,169,LYS,8.48,121.32
4778,1,1,1,170,170,THR,7.64,118.78
4778,1,1,1,171,171,VAL,7.26,124.27
4778,1,1,1,172,172,PHE,6.33,118.75
4778,1,1,1,173,173,ASP,8.14,126.07
4778,1,1,1,174,174,GLU,8.16,121.34
4778,1,1,1,175,175,ALA,7.75,128.02
4778,1,1,1,176,176,ILE,7.68,120.76
4778,1,1,1,177,177,VAL,7.33,120.91
4778,1,1,1,178,178,ALA,8.01,124.36
4778,1,1,1,179,179,ALA,7.78,122.37
4778,1,1,1,18,18,GLY,8.38,113.33
4778,1,1,1,180,180,LEU,7.33,120.92
4778,1,1,1,181,181,GLU,7.37,129.82
4778,1,1,1,19,19,LYS,9.48,130.6
4778,1,1,1,20,20,THR,9.21,123.55
4778,1,1,1,21,21,CYS,9.26,123.68
4778,1,1,1,22,22,LEU,8.15,126.82
4778,1,1,1,23,23,LEU,7.4,122.83
4778,1,1,1,24,24,ILE,8.73,126.05
4778,1,1,1,25,25,SER,8.81,123.71
4778,1,1,1,26,26,TYR,7.95,122.6
4778,1,1,1,27,27,THR,7.83,111.86
4778,1,1,1,28,28,THR,8.12,114.81
4778,1,1,1,29,29,SER,7.43,118.97
4778,1,1,1,30,30,LYS,7.79,125.28
4778,1,1,1,31,31,PHE,8.48,130.49
4778,1,1,1,33,33,ALA,7.9,130.56
4778,1,1,1,34,34,ASP,8.13,120.54
4778,1,1,1,35,35,TYR,7.81,124.62
4778,1,1,1,39,39,VAL,5.71,109.67
4778,1,1,1,45,45,VAL,8.72,123.14
4778,1,1,1,46,46,THR,8.59,126.12
4778,1,1,1,47,47,VAL,9.37,131.62
4778,1,1,1,48,48,MET,8.45,127.15
4778,1,1,1,49,49,ILE,8.88,131.11
4778,1,1,1,5,5,GLN,8.48,126.73
4778,1,1,1,50,50,GLY,8.95,123.9
4778,1,1,1,51,51,ASP,8.71,127.37
4778,1,1,1,52,52,GLU,7.9,126.19
4778,1,1,1,54,54,PHE,9.23,126.6
4778,1,1,1,55,55,THR,8.8,122.32
4778,1,1,1,56,56,LEU,9.46,135.82
4778,1,1,1,57,57,GLY,9.68,120.65
4778,1,1,1,58,58,LEU,8.65,130.21
4778,1,1,1,6,6,THR,8.18,121.34
4778,1,1,1,65,65,GLU,9.08,126.97
4778,1,1,1,66,66,ASP,8.58,122.59
4778,1,1,1,67,67,TYR,7.89,121.39
4778,1,1,1,7,7,ILE,8.99,131.61
4778,1,1,1,73,73,LEU,7.46,123.33
4778,1,1,1,74,74,SER,7.94,117.11
4778,1,1,1,75,75,TYR,7.22,124.87
4778,1,1,1,77,77,SER,9.03,118.47
4778,1,1,1,78,78,THR,7.39,122.52
4778,1,1,1,79,79,ASP,8.75,127.7
4778,1,1,1,8,8,LYS,10.57,136.05
4778,1,1,1,80,80,VAL,7.49,120.94
4778,1,1,1,81,81,PHE,8.38,127.87
4778,1,1,1,82,82,LEU,8.78,124.07
4778,1,1,1,83,83,VAL,8.75,128.59
4778,1,1,1,84,84,CYS,8.95,128.87
4778,1,1,1,85,85,PHE,8.97,122.98
4778,1,1,1,86,86,SER,8.09,117.9
4778,1,1,1,87,87,VAL,8.7,125.69
4778,1,1,1,88,88,ILE,7.44,112.03
4778,1,1,1,89,89,SER,7.99,116.27
4778,1,1,1,9,9,CYS,9.39,135.77
4778,1,1,1,91,91,ALA,8.99,125.09
4778,1,1,1,92,92,SER,8.13,120.54
4778,1,1,1,93,93,PHE,7.43,130.55
4778,1,1,1,94,94,GLU,8.21,124.91
4778,1,1,1,95,95,ASN,7.95,119.51
4778,1,1,1,96,96,VAL,7.93,129.72
4778,1,1,1,97,97,LYS,6.74,120.15
4778,1,1,1,98,98,GLU,7.77,117.54
4778,1,1,1,99,99,LYS,8.2,120.84
4779,1,1,1,10,10,PHE,8.49,124.9
4779,1,1,1,101,101,CYS,8.72,110.3
4779,1,1,1,102,102,SER,8.73,113.2
4779,1,1,1,103,103,SER,7.47,115.0
4779,1,1,1,104,104,ASP,8.88,123.9
4779,1,1,1,105,105,GLU,9.66,114.1
4779,1,1,1,106,106,CYS,8.16,116.6
4779,1,1,1,107,107,ASN,8.07,116.7
4779,1,1,1,108,108,ASP,7.43,111.5
4779,1,1,1,109,109,ASN,7.25,115.1
4779,1,1,1,112,112,PHE,8.66,124.7
4779,1,1,1,113,113,SER,8.21,114.7
4779,1,1,1,114,114,GLU,8.71,123.9
4779,1,1,1,115,115,GLU,8.38,121.3
4779,1,1,1,116,116,TYR,8.13,120.9
4779,1,1,1,117,117,ASN,8.3,120.9
4779,1,1,1,118,118,THR,8.13,114.4
4779,1,1,1,119,119,SER,8.26,117.8
4779,1,1,1,12,12,GLN,8.95,122.1
4779,1,1,1,120,120,ASN,8.38,121.6
4779,1,1,1,122,122,ASP,7.93,125.6
4779,1,1,1,13,13,LEU,7.93,120.0
4779,1,1,1,14,14,CYS,9.02,118.8
4779,1,1,1,15,15,LYS,9.14,120.1
4779,1,1,1,16,16,PHE,8.45,127.0
4779,1,1,1,17,17,CYS,8.65,119.6
4779,1,1,1,18,18,ASP,9.41,118.1
4779,1,1,1,19,19,VAL,8.19,121.9
4779,1,1,1,2,2,THR,8.24,117.6
4779,1,1,1,20,20,ARG,8.65,127.5
4779,1,1,1,21,21,PHE,8.6,120.3
4779,1,1,1,22,22,SER,8.14,117.3
4779,1,1,1,23,23,THR,8.33,113.4
4779,1,1,1,24,24,CYS,8.58,123.3
4779,1,1,1,25,25,ASP,8.14,126.2
4779,1,1,1,26,26,ASN,7.91,118.6
4779,1,1,1,27,27,GLN,7.39,114.9
4779,1,1,1,28,28,LYS,8.5,118.8
4779,1,1,1,29,29,SER,7.77,113.0
4779,1,1,1,3,3,ASP,8.29,122.8
4779,1,1,1,30,30,CYS,9.26,119.3
4779,1,1,1,31,31,MET,8.47,121.5
4779,1,1,1,32,32,SER,9.28,116.9
4779,1,1,1,33,33,ASN,9.03,118.7
4779,1,1,1,34,34,CYS,8.12,116.5
4779,1,1,1,35,35,SER,9.0,125.5
4779,1,1,1,36,36,ILE,7.5,123.5
4779,1,1,1,37,37,THR,8.54,126.1
4779,1,1,1,38,38,SER,9.06,122.6
4779,1,1,1,39,39,ILE,8.29,124.3
4779,1,1,1,4,4,ASN,8.39,119.4
4779,1,1,1,40,40,CYS,8.86,127.4
4779,1,1,1,41,41,GLU,8.95,120.5
4779,1,1,1,42,42,LYS,7.72,114.7
4779,1,1,1,44,44,GLN,8.54,113.4
4779,1,1,1,45,45,GLU,7.13,116.5
4779,1,1,1,46,46,VAL,8.48,112.8
4779,1,1,1,47,47,CYS,8.14,115.2
4779,1,1,1,48,48,VAL,8.58,118.6
4779,1,1,1,49,49,ALA,9.02,129.2
4779,1,1,1,5,5,ALA,8.31,124.5
4779,1,1,1,50,50,VAL,8.98,120.1
4779,1,1,1,51,51,TRP,9.91,134.5
4779,1,1,1,52,52,ARG,8.31,125.7
4779,1,1,1,53,53,LYS,8.49,122.7
4779,1,1,1,54,54,ASN,8.4,126.0
4779,1,1,1,55,55,ASP,8.83,121.2
4779,1,1,1,56,56,GLU,8.49,117.2
4779,1,1,1,57,57,ASN,8.22,117.6
4779,1,1,1,58,58,ILE,8.31,124.3
4779,1,1,1,59,59,THR,8.7,115.9
4779,1,1,1,6,6,GLY,8.29,107.7
4779,1,1,1,60,60,LEU,9.15,120.6
4779,1,1,1,61,61,GLU,9.68,131.3
4779,1,1,1,62,62,THR,8.05,116.2
4779,1,1,1,63,63,VAL,7.49,112.7
4779,1,1,1,65,65,HIS,9.4,117.9
4779,1,1,1,66,66,ASP,8.32,129.2
4779,1,1,1,68,68,LYS,8.58,122.0
4779,1,1,1,69,69,LEU,8.02,120.1
4779,1,1,1,7,7,ALA,7.96,123.7
4779,1,1,1,71,71,TYR,9.42,122.8
4779,1,1,1,72,72,HIS,8.68,123.2
4779,1,1,1,73,73,ASP,8.29,105.5
4779,1,1,1,74,74,PHE,7.85,118.6
4779,1,1,1,75,75,ILE,8.59,121.5
4779,1,1,1,76,76,LEU,9.47,129.5
4779,1,1,1,77,77,GLU,8.52,124.1
4779,1,1,1,78,78,ASP,9.31,118.3
4779,1,1,1,79,79,ALA,7.06,120.0
4779,1,1,1,8,8,VAL,8.01,120.1
4779,1,1,1,80,80,ALA,8.16,116.7
4779,1,1,1,81,81,SER,8.42,117.0
4779,1,1,1,83,83,LYS,7.47,115.0
4779,1,1,1,88,88,GLU,8.66,125.2
4779,1,1,1,89,89,LYS,8.68,126.7
4779,1,1,1,9,9,LYS,8.31,126.1
4779,1,1,1,90,90,LYS,8.21,121.4
4779,1,1,1,91,91,LYS,8.94,126.0
4779,1,1,1,93,93,GLY,8.78,111.9
4779,1,1,1,94,94,GLU,8.03,118.5
4779,1,1,1,95,95,THR,8.65,118.9
4779,1,1,1,96,96,PHE,9.16,127.1
4779,1,1,1,97,97,PHE,9.69,123.5
4781,1,2,2,10,10,ARG,8.249,121.477
4781,1,2,2,12,12,THR,7.909,114.428
4781,1,2,2,13,13,VAL,7.958,123.8
4781,1,2,2,14,14,LYS,8.25,125.503
4781,1,2,2,15,15,CYS,8.373,129.259
4781,1,2,2,16,16,PHE,9.198,127.657
4781,1,2,2,17,17,ASN,10.123,122.178
4781,1,2,2,18,18,CYS,8.764,117.322
4781,1,2,2,19,19,GLY,7.317,114.627
4781,1,2,2,20,20,LYS,7.918,120.796
4781,1,2,2,21,21,GLU,8.131,117.424
4781,1,2,2,22,22,GLY,8.93,107.257
4781,1,2,2,23,23,HIS,7.078,114.742
4781,1,2,2,24,24,ILE,7.571,105.865
4781,1,2,2,25,25,ALA,8.941,124.45
4781,1,2,2,26,26,LYS,8.637,117.87
4781,1,2,2,27,27,ASN,7.964,114.85
4781,1,2,2,28,28,CYS,7.76,128.299
4781,1,2,2,29,29,ARG,8.788,117.992
4781,1,2,2,3,3,LYS,8.649,123.627
4781,1,2,2,30,30,ALA,8.756,128.123
4781,1,2,2,32,32,ARG,6.826,117.992
4781,1,2,2,33,33,LYS,8.553,126.327
4781,1,2,2,34,34,LYS,8.692,121.402
4781,1,2,2,35,35,GLY,8.405,126.329
4781,1,2,2,36,36,CYS,8.42,126.389
4781,1,2,2,37,37,TRP,9.085,130.975
4781,1,2,2,38,38,LYS,9.875,122.228
4781,1,2,2,39,39,CYS,8.76,118.176
4781,1,2,2,4,4,GLY,8.573,110.133
4781,1,2,2,40,40,GLY,8.175,113.942
4781,1,2,2,41,41,LYS,8.386,122.228
4781,1,2,2,42,42,GLU,8.57,119.335
4781,1,2,2,43,43,GLY,8.77,108.036
4781,1,2,2,44,44,HIS,7.051,112.395
4781,1,2,2,45,45,GLN,8.74,117.714
4781,1,2,2,46,46,MET,9.499,123.487
4781,1,2,2,47,47,LYS,8.98,119.117
4781,1,2,2,48,48,ASP,7.916,117.588
4781,1,2,2,49,49,CYS,7.735,124.318
4781,1,2,2,5,5,ASN,8.327,118.858
4781,1,2,2,50,50,THR,8.153,120.114
4781,1,2,2,51,51,GLU,8.788,125.636
4781,1,2,2,52,52,ARG,8.294,122.155
4781,1,2,2,53,53,GLN,8.411,121.611
4781,1,2,2,54,54,ALA,8.383,126.429
4781,1,2,2,6,6,PHE,8.248,120.257
4781,1,2,2,7,7,ARG,8.197,121.92
4781,1,2,2,8,8,ASN,8.445,119.246
4781,1,2,2,9,9,GLN,8.278,120.277
4791,1,1,1,100,100,PHE,8.595,117.267
4791,1,1,1,101,101,ASP,9.506,124.711
4791,1,1,1,102,102,SER,7.78,111.597
4791,1,1,1,103,103,VAL,8.712,119.78
4791,1,1,1,104,104,ILE,9.554,127.02
4791,1,1,1,105,105,ASP,8.852,127.296
4791,1,1,1,106,106,CYS,7.23,120.29
4791,1,1,1,107,107,ASN,9.149,115.176
4791,1,1,1,108,108,THR,7.352,109.333
4791,1,1,1,109,109,SER,8.705,118.843
4791,1,1,1,11,11,HIS,8.62,120.9
4791,1,1,1,110,110,ASP,8.948,124.657
4791,1,1,1,111,111,GLY,8.146,106.637
4791,1,1,1,112,112,LYS,7.585,120.622
4791,1,1,1,114,114,GLN,8.236,123.516
4791,1,1,1,115,115,ASP,8.355,126.284
4791,1,1,1,116,116,ALA,8.391,121.182
4791,1,1,1,117,117,VAL,7.66,119.249
4791,1,1,1,118,118,SER,7.984,116.495
4791,1,1,1,119,119,ARG,7.941,120.565
4791,1,1,1,120,120,THR,7.844,112.855
4791,1,1,1,121,121,GLN,8.119,121.978
4791,1,1,1,122,122,ARG,8.21,120.09
4791,1,1,1,123,123,ARG,8.045,118.08
4791,1,1,1,124,124,GLY,7.324,99.334
4791,1,1,1,125,125,ARG,7.438,117.764
4791,1,1,1,126,126,THR,7.778,114.056
4791,1,1,1,127,127,GLY,8.385,109.978
4791,1,1,1,128,128,ARG,8.514,120.678
4791,1,1,1,129,129,GLY,8.536,111.566
4791,1,1,1,13,13,ASN,9.006,120.138
4791,1,1,1,130,130,LYS,7.577,119.155
4791,1,1,1,132,132,GLY,8.754,110.199
4791,1,1,1,133,133,ILE,7.263,120.359
4791,1,1,1,134,134,TYR,9.235,130.013
4791,1,1,1,135,135,ARG,9.517,126.071
4791,1,1,1,136,136,PHE,6.98,114.916
4791,1,1,1,137,137,VAL,8.09,120.5
4791,1,1,1,138,138,ALA,8.982,127.943
4791,1,1,1,14,14,ILE,7.801,119.436
4791,1,1,1,140,140,GLY,8.277,108.175
4791,1,1,1,141,141,GLU,8.236,120.922
4791,1,1,1,142,142,ARG,7.969,126.7
4791,1,1,1,15,15,GLU,8.171,128.923
4791,1,1,1,16,16,GLU,8.91,126.22
4791,1,1,1,17,17,VAL,9.414,125.842
4791,1,1,1,18,18,ALA,8.462,131.727
4791,1,1,1,19,19,LEU,8.217,122.361
4791,1,1,1,20,20,SER,9.078,119.717
4791,1,1,1,21,21,THR,8.005,105.889
4791,1,1,1,22,22,THR,8.124,118.924
4791,1,1,1,23,23,GLY,7.99,112.922
4791,1,1,1,24,24,GLU,8.965,120.237
4791,1,1,1,25,25,ILE,7.701,118.166
4791,1,1,1,27,27,PHE,8.486,124.868
4791,1,1,1,28,28,TYR,8.357,123.518
4791,1,1,1,29,29,GLY,8.21,104.747
4791,1,1,1,30,30,LYS,8.007,121.452
4791,1,1,1,31,31,ALA,8.467,124.726
4791,1,1,1,32,32,ILE,9.085,120.442
4791,1,1,1,34,34,LEU,9.194,127.427
4791,1,1,1,35,35,GLU,8.768,113.113
4791,1,1,1,36,36,VAL,7.028,107.777
4791,1,1,1,37,37,ILE,7.108,111.16
4791,1,1,1,38,38,LYS,6.931,121.823
4791,1,1,1,39,39,GLY,7.781,113.444
4791,1,1,1,40,40,GLY,8.243,111.666
4791,1,1,1,41,41,ARG,8.587,120.613
4791,1,1,1,42,42,HIS,8.896,123.222
4791,1,1,1,43,43,LEU,8.047,126.056
4791,1,1,1,44,44,ILE,9.348,126.115
4791,1,1,1,45,45,PHE,9.116,123.851
4791,1,1,1,46,46,CYS,8.752,116.056
4791,1,1,1,47,47,HIS,8.454,116.963
4791,1,1,1,48,48,SER,6.811,112.051
4791,1,1,1,49,49,LYS,8.781,124.102
4791,1,1,1,5,5,GLY,8.419,110.358
4791,1,1,1,50,50,LYS,7.873,118.399
4791,1,1,1,51,51,LYS,7.532,118.386
4791,1,1,1,52,52,CYS,7.681,117.615
4791,1,1,1,53,53,ASP,8.132,118.916
4791,1,1,1,54,54,GLU,8.129,120.901
4791,1,1,1,55,55,LEU,8.756,121.417
4791,1,1,1,56,56,ALA,8.721,120.191
4791,1,1,1,57,57,ALA,7.527,117.04
4791,1,1,1,58,58,LYS,7.774,120.438
4791,1,1,1,59,59,LEU,8.209,117.845
4791,1,1,1,6,6,SER,8.205,115.825
4791,1,1,1,60,60,VAL,8.587,122.107
4791,1,1,1,61,61,ALA,7.713,123.271
4791,1,1,1,62,62,LEU,7.417,117.827
4791,1,1,1,63,63,GLY,8.034,107.459
4791,1,1,1,64,64,ILE,7.909,122.755
4791,1,1,1,65,65,ASN,8.725,125.454
4791,1,1,1,66,66,ALA,7.157,127.459
4791,1,1,1,67,67,VAL,8.72,118.843
4791,1,1,1,68,68,ALA,8.329,127.666
4791,1,1,1,69,69,TYR,8.656,117.932
4791,1,1,1,7,7,VAL,8.166,121.565
4791,1,1,1,70,70,TYR,5.38,119.96
4791,1,1,1,71,71,ARG,8.17,117.555
4791,1,1,1,72,72,GLY,8.815,114.43
4791,1,1,1,73,73,LEU,7.526,120.385
4791,1,1,1,74,74,ASP,8.605,122.949
4791,1,1,1,75,75,VAL,8.491,123.131
4791,1,1,1,76,76,SER,8.682,118.029
4791,1,1,1,77,77,VAL,7.82,117.45
4791,1,1,1,78,78,ILE,7.534,121.291
4791,1,1,1,8,8,THR,8.231,118.734
4791,1,1,1,80,80,THR,8.778,117.705
4791,1,1,1,81,81,ASN,7.884,117.216
4791,1,1,1,82,82,GLY,8.479,108.362
4791,1,1,1,83,83,ASP,8.193,118.609
4791,1,1,1,84,84,VAL,8.304,120.609
4791,1,1,1,85,85,VAL,8.374,126.062
4791,1,1,1,86,86,VAL,9.208,129.239
4791,1,1,1,87,87,VAL,8.994,129.577
4791,1,1,1,88,88,ALA,9.39,129.682
4791,1,1,1,89,89,THR,7.423,105.87
4791,1,1,1,9,9,VAL,8.185,124.467
4791,1,1,1,90,90,ASP,8.81,117.2
4791,1,1,1,91,91,ALA,8.147,123.377
4791,1,1,1,92,92,LEU,8.098,118.194
4791,1,1,1,93,93,MET,8.029,115.338
4791,1,1,1,94,94,THR,7.673,109.996
4791,1,1,1,95,95,GLY,8.064,109.314
4791,1,1,1,96,96,PHE,7.977,120.602
4791,1,1,1,97,97,THR,8.127,108.76
4791,1,1,1,98,98,GLY,6.352,109.057
4791,1,1,1,99,99,ASP,7.954,118.543
4792,1,1,1,10,10,ASP,9.0,121.69
4792,1,1,1,11,11,GLN,8.474,118.824
4792,1,1,1,12,12,GLN,7.855,121.062
4792,1,1,1,13,13,HIS,8.487,119.983
4792,1,1,1,14,14,GLN,8.509,117.194
4792,1,1,1,15,15,SER,8.198,116.394
4792,1,1,1,16,16,LEU,8.368,122.576
4792,1,1,1,17,17,LYS,8.225,117.363
4792,1,1,1,18,18,ALA,7.761,121.275
4792,1,1,1,19,19,LEU,8.199,120.047
4792,1,1,1,20,20,ALA,7.886,120.578
4792,1,1,1,21,21,ALA,7.841,119.521
4792,1,1,1,22,22,LEU,7.978,120.102
4792,1,1,1,23,23,GLN,7.332,114.257
4792,1,1,1,24,24,GLY,8.045,109.334
4792,1,1,1,25,25,LYS,7.894,118.683
4792,1,1,1,26,26,THR,8.201,110.169
4792,1,1,1,27,27,ILE,8.951,120.678
4792,1,1,1,28,28,LYS,7.961,118.816
4792,1,1,1,29,29,GLN,7.674,118.036
4792,1,1,1,30,30,TYR,8.556,118.778
4792,1,1,1,31,31,ALA,8.714,119.011
4792,1,1,1,32,32,LEU,8.049,116.707
4792,1,1,1,33,33,GLU,7.715,117.284
4792,1,1,1,34,34,ARG,7.445,115.209
4792,1,1,1,35,35,LEU,7.904,117.808
4792,1,1,1,36,36,PHE,7.479,115.013
4792,1,1,1,38,38,GLY,8.566,109.502
4792,1,1,1,39,39,ASP,8.181,120.441
4792,1,1,1,4,4,LEU,8.842,127.041
4792,1,1,1,40,40,ALA,8.233,123.499
4792,1,1,1,41,41,ASP,8.16,118.305
4792,1,1,1,42,42,ALA,8.133,123.957
4792,1,1,1,43,43,ASP,8.233,119.029
4792,1,1,1,44,44,GLN,8.343,121.037
4792,1,1,1,45,45,ALA,8.261,122.805
4792,1,1,1,46,46,TRP,8.038,118.745
4792,1,1,1,47,47,GLN,7.989,118.632
4792,1,1,1,48,48,GLU,8.102,119.617
4792,1,1,1,49,49,LEU,8.014,121.781
4792,1,1,1,5,5,THR,8.641,122.817
4792,1,1,1,50,50,LYS,8.161,118.944
4792,1,1,1,51,51,THR,7.839,114.447
4792,1,1,1,52,52,MET,8.018,121.57
4792,1,1,1,53,53,LEU,8.163,119.893
4792,1,1,1,54,54,GLY,8.065,107.503
4792,1,1,1,55,55,ASN,8.17,118.946
4792,1,1,1,56,56,ARG,8.111,120.379
4792,1,1,1,57,57,ILE,8.01,120.338
4792,1,1,1,58,58,ASN,8.333,121.322
4792,1,1,1,59,59,ASP,8.218,121.272
4792,1,1,1,6,6,ILE,9.117,125.161
4792,1,1,1,60,60,GLY,8.315,108.681
4792,1,1,1,61,61,LEU,8.057,121.363
4792,1,1,1,62,62,ALA,8.164,123.46
4792,1,1,1,63,63,GLY,8.24,107.48
4792,1,1,1,64,64,LYS,8.024,120.633
4792,1,1,1,65,65,VAL,8.114,120.766
4792,1,1,1,66,66,SER,8.426,119.49
4792,1,1,1,67,67,THR,8.206,116.248
4792,1,1,1,68,68,LYS,8.244,123.354
4792,1,1,1,69,69,SER,8.396,117.72
4792,1,1,1,7,7,ASP,8.398,127.191
4792,1,1,1,70,70,VAL,8.219,121.018
4792,1,1,1,71,71,GLY,8.399,111.293
4792,1,1,1,72,72,GLU,8.082,120.552
4792,1,1,1,73,73,ILE,8.171,122.181
4792,1,1,1,74,74,LEU,8.342,126.183
4792,1,1,1,75,75,ASP,8.241,121.359
4792,1,1,1,76,76,GLU,8.355,121.15
4792,1,1,1,77,77,GLU,8.4,121.16
4792,1,1,1,78,78,LEU,8.167,122.297
4792,1,1,1,79,79,SER,8.188,115.94
4792,1,1,1,8,8,MET,8.51,119.271
4792,1,1,1,80,80,GLY,8.329,110.594
4792,1,1,1,81,81,ASP,8.255,120.45
4792,1,1,1,82,82,ARG,8.152,121.056
4792,1,1,1,83,83,ALA,7.912,130.888
4792,1,1,1,9,9,THR,8.883,112.615
4797,1,1,1,10,10,ASP,8.8,121.5
4797,1,1,1,100,100,LEU,9.53,129.5
4797,1,1,1,101,101,ALA,9.27,130.1
4797,1,1,1,102,102,VAL,8.87,119.0
4797,1,1,1,103,103,LEU,8.96,126.9
4797,1,1,1,104,104,PHE,8.67,119.0
4797,1,1,1,105,105,SER,9.03,114.1
4797,1,1,1,106,106,VAL,8.58,130.7
4797,1,1,1,108,108,TYR,8.1,117.1
4797,1,1,1,109,109,ASP,8.34,117.8
4797,1,1,1,11,11,GLY,9.28,115.9
4797,1,1,1,110,110,TYR,8.27,116.5
4797,1,1,1,111,111,ASN,8.91,117.8
4797,1,1,1,112,112,TRP,7.08,114.7
4797,1,1,1,113,113,TYR,7.76,117.2
4797,1,1,1,114,114,SER,8.28,111.6
4797,1,1,1,115,115,ASN,9.05,122.1
4797,1,1,1,116,116,TRP,9.2,119.6
4797,1,1,1,117,117,TRP,9.8,115.9
4797,1,1,1,118,118,ASN,9.16,113.5
4797,1,1,1,119,119,VAL,8.65,120.9
4797,1,1,1,12,12,ALA,8.3,120.2
4797,1,1,1,120,120,ARG,8.99,125.8
4797,1,1,1,121,121,ILE,8.7,120.9
4797,1,1,1,122,122,TYR,9.77,127.6
4797,1,1,1,123,123,LYS,8.36,122.1
4797,1,1,1,124,124,GLY,9.03,115.3
4797,1,1,1,125,125,LYS,7.97,117.8
4797,1,1,1,126,126,ARG,8.45,117.2
4797,1,1,1,127,127,ARG,7.83,119.6
4797,1,1,1,128,128,ALA,9.3,123.9
4797,1,1,1,129,129,ASP,6.93,120.2
4797,1,1,1,13,13,SER,7.74,111.0
4797,1,1,1,130,130,GLN,8.0,117.8
4797,1,1,1,131,131,ARG,7.58,118.4
4797,1,1,1,132,132,MET,8.19,120.2
4797,1,1,1,133,133,TYR,8.28,117.8
4797,1,1,1,134,134,GLU,8.44,116.5
4797,1,1,1,135,135,GLU,8.59,119.6
4797,1,1,1,136,136,LEU,8.49,120.9
4797,1,1,1,138,138,TYR,8.28,111.0
4797,1,1,1,139,139,ASN,7.58,114.7
4797,1,1,1,14,14,LEU,7.14,120.2
4797,1,1,1,140,140,LEU,7.19,117.8
4797,1,1,1,141,141,SER,8.48,114.1
4797,1,1,1,143,143,PHE,8.5,117.2
4797,1,1,1,144,144,ARG,8.55,122.1
4797,1,1,1,145,145,GLY,8.1,109.1
4797,1,1,1,146,146,ASP,8.1,124.6
4797,1,1,1,147,147,ASN,8.74,111.6
4797,1,1,1,148,148,GLY,7.45,104.2
4797,1,1,1,149,149,TRP,8.57,119.0
4797,1,1,1,15,15,SER,6.94,119.0
4797,1,1,1,150,150,HIS,9.8,117.8
4797,1,1,1,151,151,THR,9.14,119.6
4797,1,1,1,152,152,ARG,8.97,123.3
4797,1,1,1,153,153,ASN,9.31,126.4
4797,1,1,1,154,154,LEU,8.71,123.3
4797,1,1,1,155,155,GLY,8.03,106.1
4797,1,1,1,156,156,TYR,8.22,109.8
4797,1,1,1,157,157,GLY,8.62,104.2
4797,1,1,1,158,158,LEU,8.09,120.2
4797,1,1,1,159,159,LYS,9.62,119.6
4797,1,1,1,16,16,PHE,8.63,119.0
4797,1,1,1,160,160,SER,9.23,112.8
4797,1,1,1,162,162,GLY,9.51,112.8
4797,1,1,1,163,163,PHE,8.32,121.5
4797,1,1,1,164,164,MET,7.34,127.0
4797,1,1,1,165,165,ASN,8.05,122.7
4797,1,1,1,166,166,SER,7.63,108.5
4797,1,1,1,167,167,SER,6.81,115.9
4797,1,1,1,168,168,GLY,8.24,106.1
4797,1,1,1,169,169,HIS,7.85,118.4
4797,1,1,1,17,17,ASP,8.29,117.2
4797,1,1,1,170,170,ALA,8.8,126.4
4797,1,1,1,171,171,ILE,8.4,115.3
4797,1,1,1,172,172,LEU,8.26,123.9
4797,1,1,1,173,173,GLU,8.94,127.6
4797,1,1,1,174,174,ILE,8.97,124.0
4797,1,1,1,175,175,HIS,9.87,124.6
4797,1,1,1,176,176,VAL,9.24,127.6
4797,1,1,1,177,177,THR,9.14,116.5
4797,1,1,1,178,178,LYS,8.31,119.6
4797,1,1,1,179,179,ALA,8.42,131.4
4797,1,1,1,18,18,ILE,7.65,120.2
4797,1,1,1,19,19,LEU,7.55,120.2
4797,1,1,1,20,20,LYS,8.89,120.2
4797,1,1,1,21,21,THR,7.85,117.2
4797,1,1,1,22,22,VAL,7.75,123.3
4797,1,1,1,23,23,LEU,8.34,119.6
4797,1,1,1,24,24,GLU,8.56,121.5
4797,1,1,1,25,25,ALA,7.68,120.9
4797,1,1,1,26,26,LEU,6.96,115.3
4797,1,1,1,27,27,GLY,7.6,103.0
4797,1,1,1,28,28,ASN,8.95,120.9
4797,1,1,1,29,29,VAL,7.54,122.1
4797,1,1,1,30,30,LYS,9.1,122.7
4797,1,1,1,31,31,ARG,6.6,112.2
4797,1,1,1,32,32,LYS,9.09,116.5
4797,1,1,1,33,33,ILE,8.8,116.5
4797,1,1,1,34,34,ALA,8.3,127.6
4797,1,1,1,35,35,VAL,8.43,121.5
4797,1,1,1,36,36,GLY,9.27,114.1
4797,1,1,1,37,37,VAL,8.4,122.1
4797,1,1,1,38,38,ASP,9.22,125.8
4797,1,1,1,39,39,ASN,8.9,125.8
4797,1,1,1,40,40,GLU,8.58,125.2
4797,1,1,1,41,41,SER,8.97,114.1
4797,1,1,1,42,42,GLY,10.35,115.3
4797,1,1,1,43,43,LYS,8.21,119.6
4797,1,1,1,44,44,THR,8.55,118.4
4797,1,1,1,45,45,TRP,8.05,128.3
4797,1,1,1,46,46,THR,9.77,119.0
4797,1,1,1,47,47,ALA,9.12,130.7
4797,1,1,1,48,48,LEU,8.07,121.5
4797,1,1,1,49,49,ASN,7.75,115.3
4797,1,1,1,50,50,THR,8.06,107.9
4797,1,1,1,51,51,TYR,8.91,122.7
4797,1,1,1,52,52,PHE,8.41,126.4
4797,1,1,1,53,53,ARG,7.93,125.8
4797,1,1,1,54,54,SER,7.98,111.6
4797,1,1,1,55,55,GLY,8.35,113.5
4797,1,1,1,56,56,THR,8.66,109.8
4797,1,1,1,57,57,SER,7.42,111.6
4797,1,1,1,58,58,ASP,9.3,125.8
4797,1,1,1,59,59,ILE,8.16,117.8
4797,1,1,1,60,60,VAL,8.6,123.9
4797,1,1,1,61,61,LEU,9.22,113.5
4797,1,1,1,63,63,HIS,9.0,122.7
4797,1,1,1,64,64,LYS,8.2,115.3
4797,1,1,1,65,65,VAL,9.22,123.9
4797,1,1,1,67,67,HIS,8.31,118.4
4797,1,1,1,68,68,GLY,8.88,115.3
4797,1,1,1,69,69,LYS,7.79,119.6
4797,1,1,1,7,7,ALA,8.13,123.3
4797,1,1,1,70,70,ALA,9.33,117.8
4797,1,1,1,71,71,LEU,8.64,117.8
4797,1,1,1,72,72,LEU,8.04,118.4
4797,1,1,1,73,73,TYR,9.77,123.3
4797,1,1,1,74,74,ASN,6.2,118.4
4797,1,1,1,75,75,GLY,8.05,99.3
4797,1,1,1,76,76,GLN,9.22,114.1
4797,1,1,1,77,77,LYS,7.48,115.3
4797,1,1,1,79,79,ARG,8.48,122.1
4797,1,1,1,8,8,VAL,7.89,114.7
4797,1,1,1,80,80,GLY,8.49,108.5
4797,1,1,1,82,82,VAL,7.69,119.6
4797,1,1,1,83,83,ALA,8.42,132.0
4797,1,1,1,84,84,THR,7.31,112.2
4797,1,1,1,85,85,GLY,8.22,104.8
4797,1,1,1,86,86,ALA,9.12,125.8
4797,1,1,1,87,87,VAL,9.0,123.9
4797,1,1,1,88,88,GLY,8.15,114.7
4797,1,1,1,89,89,VAL,8.74,115.3
4797,1,1,1,9,9,ILE,9.12,119.6
4797,1,1,1,90,90,LEU,9.29,123.3
4797,1,1,1,91,91,ALA,8.09,122.1
4797,1,1,1,92,92,TYR,9.31,120.9
4797,1,1,1,93,93,LEU,9.69,123.3
4797,1,1,1,94,94,MET,9.73,126.4
4797,1,1,1,96,96,ASP,7.82,119.0
4797,1,1,1,97,97,GLY,8.51,107.9
4797,1,1,1,98,98,ASN,7.6,116.5
4797,1,1,1,99,99,THR,8.88,117.8
4798,1,1,1,101,101,LEU,8.54,119.07
4798,1,1,1,102,102,SER,7.9,114.49
4798,1,1,1,105,105,PHE,8.22,118.18
4798,1,1,1,106,106,GLU,7.58,114.44
4798,1,1,1,107,107,LEU,7.31,118.98
4798,1,1,1,108,108,TYR,7.01,113.42
4798,1,1,1,109,109,ASP,7.23,114.63
4798,1,1,1,110,110,LEU,7.3,123.22
4798,1,1,1,111,111,ASN,7.79,111.47
4798,1,1,1,112,112,HIS,7.81,116.12
4798,1,1,1,113,113,ASP,8.3,118.49
4798,1,1,1,114,114,GLY,10.53,112.67
4798,1,1,1,115,115,TYR,8.07,117.59
4798,1,1,1,116,116,ILE,9.64,126.17
4798,1,1,1,117,117,THR,8.87,117.83
4798,1,1,1,118,118,PHE,9.17,123.85
4798,1,1,1,119,119,ASP,8.43,114.89
4798,1,1,1,120,120,GLU,7.62,121.9
4798,1,1,1,121,121,MET,7.94,116.72
4798,1,1,1,122,122,LEU,8.89,118.86
4798,1,1,1,123,123,THR,7.81,115.48
4798,1,1,1,124,124,ILE,7.37,120.39
4798,1,1,1,125,125,VAL,8.84,120.53
4798,1,1,1,126,126,ALA,9.42,120.7
4798,1,1,1,127,127,SER,7.52,114.69
4798,1,1,1,128,128,VAL,8.25,117.91
4798,1,1,1,129,129,TYR,8.78,121.5
4798,1,1,1,130,130,LYS,7.9,118.43
4798,1,1,1,131,131,MET,7.8,118.6
4798,1,1,1,133,133,GLY,7.83,106.63
4798,1,1,1,135,135,MET,8.15,120.15
4798,1,1,1,136,136,VAL,7.44,115.77
4798,1,1,1,137,137,THR,8.04,118.04
4798,1,1,1,138,138,LEU,8.17,126.01
4798,1,1,1,139,139,ASN,8.55,120.13
4798,1,1,1,14,14,THR,8.09,113.76
4798,1,1,1,140,140,GLU,8.68,121.83
4798,1,1,1,141,141,ASP,8.23,116.99
4798,1,1,1,142,142,GLU,7.84,117.56
4798,1,1,1,143,143,ALA,7.56,123.12
4798,1,1,1,144,144,THR,7.33,106.54
4798,1,1,1,146,146,GLU,8.89,116.89
4798,1,1,1,147,147,MET,7.59,118.15
4798,1,1,1,148,148,ARG,7.89,119.85
4798,1,1,1,149,149,VAL,8.42,118.54
4798,1,1,1,150,150,LYS,8.46,120.45
4798,1,1,1,151,151,LYS,7.71,119.69
4798,1,1,1,152,152,ILE,8.1,120.35
4798,1,1,1,153,153,PHE,9.11,121.27
4798,1,1,1,154,154,LYS,8.08,118.74
4798,1,1,1,155,155,LEU,7.47,117.39
4798,1,1,1,156,156,MET,8.26,113.08
4798,1,1,1,157,157,ASP,8.57,118.46
4798,1,1,1,158,158,LYS,7.87,127.26
4798,1,1,1,159,159,ASN,7.91,112.99
4798,1,1,1,160,160,GLU,7.72,115.66
4798,1,1,1,161,161,ASP,8.31,117.38
4798,1,1,1,162,162,GLY,10.33,112.15
4798,1,1,1,163,163,TYR,8.15,117.94
4798,1,1,1,164,164,ILE,9.64,125.77
4798,1,1,1,165,165,THR,8.7,118.41
4798,1,1,1,166,166,LEU,8.89,124.13
4798,1,1,1,167,167,ASP,8.22,116.71
4798,1,1,1,168,168,GLU,7.57,120.39
4798,1,1,1,169,169,PHE,9.06,124.09
4798,1,1,1,170,170,ARG,9.05,119.95
4798,1,1,1,171,171,GLU,7.75,117.48
4798,1,1,1,172,172,GLY,8.44,106.27
4798,1,1,1,173,173,SER,7.89,116.7
4798,1,1,1,174,174,LYS,7.08,118.1
4798,1,1,1,175,175,VAL,7.18,116.43
4798,1,1,1,176,176,ASP,7.55,116.97
4798,1,1,1,178,178,SER,8.35,116.33
4798,1,1,1,179,179,ILE,7.49,121.41
4798,1,1,1,181,181,GLY,7.96,108.44
4798,1,1,1,182,182,ALA,7.81,121.99
4798,1,1,1,183,183,LEU,7.66,115.54
4798,1,1,1,187,187,ASP,7.88,120.38
4798,1,1,1,188,188,GLY,7.92,108.08
4798,1,1,1,189,189,LEU,7.82,120.45
4798,1,1,1,40,40,SER,8.18,113.39
4798,1,1,1,41,41,GLY,8.33,110.11
4798,1,1,1,42,42,GLN,7.68,116.24
4798,1,1,1,43,43,LEU,8.83,123.31
4798,1,1,1,44,44,ALA,9.53,129.76
4798,1,1,1,45,45,ARG,7.69,123.29
4798,1,1,1,46,46,GLU,9.0,115.41
4798,1,1,1,47,47,ASP,6.93,117.93
4798,1,1,1,48,48,PHE,8.24,120.68
4798,1,1,1,49,49,VAL,8.38,118.22
4798,1,1,1,50,50,LYS,7.45,118.06
4798,1,1,1,51,51,ILE,7.84,119.45
4798,1,1,1,52,52,TYR,8.36,121.14
4798,1,1,1,53,53,LYS,8.21,115.92
4798,1,1,1,54,54,GLN,7.42,116.51
4798,1,1,1,55,55,PHE,7.33,116.09
4798,1,1,1,66,66,ASN,8.21,115.26
4798,1,1,1,74,74,LYS,7.78,126.55
4798,1,1,1,75,75,ASP,8.13,114.66
4798,1,1,1,76,76,ASN,7.97,116.22
4798,1,1,1,77,77,ASN,8.5,117.37
4798,1,1,1,78,78,GLY,10.53,112.5
4798,1,1,1,79,79,PHE,7.88,116.93
4798,1,1,1,80,80,ILE,9.64,124.73
4798,1,1,1,82,82,PHE,8.62,117.23
4798,1,1,1,84,84,GLU,8.18,117.8
4798,1,1,1,85,85,PHE,8.55,120.41
4798,1,1,1,88,88,VAL,7.27,119.34
4798,1,1,1,89,89,LEU,7.81,120.13
4798,1,1,1,90,90,SER,8.28,113.89
4798,1,1,1,96,96,THR,8.53,111.77
4798,1,1,1,97,97,LEU,7.63,126.82
4798,1,1,1,98,98,GLU,8.39,116.36
4798,1,1,1,99,99,GLU,7.65,120.34
4814,1,1,1,1,1,ARG,8.175,125.542
4814,1,1,1,10,10,ILE,8.689,122.465
4814,1,1,1,100,100,GLN,8.427,121.693
4814,1,1,1,101,101,LEU,8.557,122.227
4814,1,1,1,102,102,ASN,8.311,117.441
4814,1,1,1,103,103,SER,8.475,115.879
4814,1,1,1,104,104,LEU,8.093,123.388
4814,1,1,1,105,105,GLN,8.569,118.757
4814,1,1,1,106,106,SER,8.288,114.825
4814,1,1,1,107,107,ALA,8.117,124.647
4814,1,1,1,108,108,LEU,8.114,116.682
4814,1,1,1,109,109,THR,8.088,112.674
4814,1,1,1,11,11,ALA,8.168,123.815
4814,1,1,1,110,110,ASN,8.883,122.104
4814,1,1,1,111,111,VAL,8.555,121.947
4814,1,1,1,112,112,GLY,8.315,106.346
4814,1,1,1,113,113,HIS,8.527,120.983
4814,1,1,1,114,114,GLN,8.07,118.752
4814,1,1,1,115,115,TRP,8.378,118.737
4814,1,1,1,116,116,GLN,8.15,119.576
4814,1,1,1,117,117,ASP,7.852,120.12
4814,1,1,1,118,118,ILE,7.715,119.627
4814,1,1,1,119,119,ALA,8.049,124.207
4814,1,1,1,12,12,GLU,7.968,119.074
4814,1,1,1,120,120,THR,7.976,114.13
4814,1,1,1,121,121,LYS,7.948,121.611
4814,1,1,1,122,122,THR,7.629,108.547
4814,1,1,1,123,123,GLN,7.178,118.666
4814,1,1,1,124,124,ALA,7.6,121.766
4814,1,1,1,125,125,SER,7.618,113.116
4814,1,1,1,126,126,ALA,8.354,124.713
4814,1,1,1,127,127,GLN,8.477,120.035
4814,1,1,1,128,128,GLU,8.935,119.609
4814,1,1,1,129,129,ALA,7.833,121.783
4814,1,1,1,13,13,ALA,7.98,122.502
4814,1,1,1,130,130,TRP,7.517,114.054
4814,1,1,1,131,131,ALA,7.907,125.049
4814,1,1,1,133,133,VAL,7.525,111.215
4814,1,1,1,134,134,GLN,7.685,120.771
4814,1,1,1,135,135,SER,8.808,114.586
4814,1,1,1,136,136,ALA,7.927,124.835
4814,1,1,1,137,137,LEU,8.289,118.66
4814,1,1,1,138,138,GLN,8.697,120.033
4814,1,1,1,139,139,GLU,8.139,119.241
4814,1,1,1,14,14,VAL,8.449,118.26
4814,1,1,1,140,140,ALA,8.049,121.339
4814,1,1,1,141,141,ALA,8.75,126.879
4814,1,1,1,142,142,GLU,8.226,120.072
4814,1,1,1,143,143,LYS,8.397,119.627
4814,1,1,1,144,144,THR,8.001,118.295
4814,1,1,1,145,145,LYS,8.289,123.839
4814,1,1,1,146,146,GLU,8.377,119.16
4814,1,1,1,147,147,ALA,7.916,121.317
4814,1,1,1,148,148,ALA,8.224,121.745
4814,1,1,1,149,149,ALA,8.987,122.491
4814,1,1,1,15,15,GLN,8.1,123.374
4814,1,1,1,150,150,ASN,8.747,117.73
4814,1,1,1,151,151,LEU,7.534,123.744
4814,1,1,1,152,152,GLN,8.074,119.097
4814,1,1,1,153,153,ASN,8.177,119.142
4814,1,1,1,154,154,SER,8.459,117.918
4814,1,1,1,155,155,ILE,7.847,121.913
4814,1,1,1,156,156,GLN,8.192,118.329
4814,1,1,1,157,157,SER,8.071,111.652
4814,1,1,1,158,158,ALA,7.449,122.342
4814,1,1,1,159,159,VAL,7.746,112.62
4814,1,1,1,16,16,GLN,7.976,118.229
4814,1,1,1,160,160,GLN,7.768,120.028
4814,1,1,1,161,161,LYS,7.981,123.379
4814,1,1,1,163,163,ALA,8.375,124.811
4814,1,1,1,164,164,ASN,7.881,123.012
4814,1,1,1,17,17,LEU,8.157,122.506
4814,1,1,1,18,18,ASN,8.741,119.104
4814,1,1,1,19,19,HIS,7.999,118.746
4814,1,1,1,20,20,THR,7.859,116.205
4814,1,1,1,21,21,ILE,8.586,122.703
4814,1,1,1,22,22,VAL,8.197,119.977
4814,1,1,1,23,23,ASN,7.608,119.097
4814,1,1,1,24,24,ALA,8.645,124.174
4814,1,1,1,25,25,ALA,8.668,118.72
4814,1,1,1,26,26,HIS,7.971,115.889
4814,1,1,1,27,27,GLU,8.014,120.04
4814,1,1,1,28,28,LEU,7.647,116.069
4814,1,1,1,29,29,HIS,7.724,116.209
4814,1,1,1,3,3,ASP,8.341,119.595
4814,1,1,1,30,30,GLU,8.058,118.378
4814,1,1,1,31,31,THR,7.804,110.465
4814,1,1,1,32,32,LEU,7.178,118.451
4814,1,1,1,33,33,GLY,7.636,104.729
4814,1,1,1,34,34,LEU,7.168,121.406
4814,1,1,1,36,36,THR,7.187,106.631
4814,1,1,1,38,38,ASP,8.317,116.528
4814,1,1,1,39,39,GLU,7.725,119.226
4814,1,1,1,4,4,ALA,8.153,124.192
4814,1,1,1,40,40,ALA,7.455,122.489
4814,1,1,1,41,41,LEU,8.511,118.45
4814,1,1,1,42,42,ASN,8.174,119.161
4814,1,1,1,43,43,LEU,7.714,121.223
4814,1,1,1,44,44,LEU,8.46,117.844
4814,1,1,1,45,45,THR,8.571,115.488
4814,1,1,1,46,46,GLU,8.08,121.787
4814,1,1,1,47,47,GLN,8.623,116.996
4814,1,1,1,48,48,ALA,9.182,125.152
4814,1,1,1,49,49,ASN,8.113,116.694
4814,1,1,1,5,5,ALA,8.162,122.703
4814,1,1,1,50,50,ALA,8.107,124.239
4814,1,1,1,51,51,PHE,8.218,119.596
4814,1,1,1,52,52,LYS,8.608,118.271
4814,1,1,1,53,53,THR,8.179,115.864
4814,1,1,1,54,54,LYS,7.654,121.651
4814,1,1,1,55,55,ILE,8.153,119.186
4814,1,1,1,56,56,ALA,8.327,124.198
4814,1,1,1,57,57,GLU,7.74,119.961
4814,1,1,1,58,58,VAL,7.868,121.756
4814,1,1,1,59,59,THR,9.065,113.653
4814,1,1,1,6,6,GLY,8.184,107.488
4814,1,1,1,60,60,THR,8.295,120.934
4814,1,1,1,61,61,SER,7.92,118.266
4814,1,1,1,62,62,LEU,8.237,122.499
4814,1,1,1,63,63,LYS,8.124,119.578
4814,1,1,1,64,64,GLN,7.979,118.282
4814,1,1,1,65,65,GLU,8.038,120.467
4814,1,1,1,66,66,ALA,8.305,120.984
4814,1,1,1,67,67,GLU,7.234,112.491
4814,1,1,1,68,68,LYS,7.608,116.67
4814,1,1,1,69,69,HIS,7.415,117.561
4814,1,1,1,7,7,HIS,8.118,118.761
4814,1,1,1,70,70,GLN,8.403,116.344
4814,1,1,1,71,71,GLY,8.645,108.594
4814,1,1,1,72,72,SER,7.979,118.712
4814,1,1,1,73,73,VAL,8.011,121.301
4814,1,1,1,74,74,ALA,6.684,120.919
4814,1,1,1,75,75,GLU,7.807,116.546
4814,1,1,1,76,76,GLN,7.858,121.663
4814,1,1,1,77,77,LEU,8.477,121.355
4814,1,1,1,78,78,ASN,8.218,117.1
4814,1,1,1,79,79,ALA,8.095,122.997
4814,1,1,1,8,8,VAL,8.147,121.773
4814,1,1,1,80,80,PHE,8.167,119.166
4814,1,1,1,81,81,ALA,8.188,120.072
4814,1,1,1,82,82,ARG,7.932,117.729
4814,1,1,1,83,83,ASN,8.562,119.57
4814,1,1,1,84,84,LEU,8.42,122.996
4814,1,1,1,85,85,ASN,7.937,117.774
4814,1,1,1,86,86,ASN,8.472,117.819
4814,1,1,1,87,87,SER,7.822,115.206
4814,1,1,1,88,88,ILE,7.09,112.004
4814,1,1,1,89,89,HIS,7.684,121.777
4814,1,1,1,9,9,ASN,8.546,122.966
4814,1,1,1,90,90,ASP,8.329,120.994
4814,1,1,1,91,91,ALA,7.944,123.848
4814,1,1,1,92,92,ALA,8.344,121.828
4814,1,1,1,93,93,THR,8.076,112.525
4814,1,1,1,94,94,SER,8.104,117.651
4814,1,1,1,95,95,LEU,8.446,122.642
4814,1,1,1,96,96,ASN,7.977,116.77
4814,1,1,1,97,97,LEU,8.802,123.521
4814,1,1,1,98,98,GLN,8.354,117.463
4814,1,1,1,99,99,ASP,8.23,119.11
4825,1,1,1,10,10,LYS,8.22,114.54
4825,1,1,1,100,100,VAL,7.84,127.62
4825,1,1,1,101,101,ALA,7.31,117.57
4825,1,1,1,102,102,VAL,7.8,110.87
4825,1,1,1,103,103,GLU,7.86,118.91
4825,1,1,1,104,104,GLU,8.5,117.67
4825,1,1,1,105,105,CYS,8.52,118.6
4825,1,1,1,11,11,HIS,7.86,106.53
4825,1,1,1,12,12,LEU,8.05,120.26
4825,1,1,1,13,13,THR,8.19,113.3
4825,1,1,1,14,14,ASP,7.98,122.42
4825,1,1,1,15,15,THR,7.95,113.52
4825,1,1,1,16,16,ARG,8.51,124.88
4825,1,1,1,17,17,ASP,7.98,122.54
4825,1,1,1,18,18,VAL,6.64,121.28
4825,1,1,1,19,19,LYS,8.6,128.36
4825,1,1,1,20,20,CYS,7.92,120.57
4825,1,1,1,21,21,ASP,8.78,118.78
4825,1,1,1,22,22,ALA,7.18,119.18
4825,1,1,1,23,23,GLU,8.03,116.2
4825,1,1,1,24,24,MET,8.29,110.47
4825,1,1,1,25,25,LYS,6.7,113.13
4825,1,1,1,26,26,LYS,7.74,120.51
4825,1,1,1,27,27,ALA,8.69,125.12
4825,1,1,1,28,28,LEU,7.21,113.46
4825,1,1,1,29,29,PHE,7.38,114.13
4825,1,1,1,3,3,ASN,8.29,119.34
4825,1,1,1,30,30,ASP,9.0,118.14
4825,1,1,1,31,31,CYS,9.23,108.93
4825,1,1,1,32,32,LYS,6.91,112.75
4825,1,1,1,33,33,GLN,8.76,120.01
4825,1,1,1,34,34,LYS,7.75,113.2
4825,1,1,1,35,35,ASN,7.86,116.57
4825,1,1,1,36,36,THR,8.4,125.43
4825,1,1,1,37,37,PHE,9.23,126.48
4825,1,1,1,38,38,ILE,9.53,122.54
4825,1,1,1,39,39,TYR,8.95,129.56
4825,1,1,1,4,4,TRP,9.11,123.71
4825,1,1,1,40,40,ALA,7.77,127.25
4825,1,1,1,41,41,ARG,8.43,119.4
4825,1,1,1,43,43,GLY,8.9,103.36
4825,1,1,1,44,44,ARG,7.57,120.05
4825,1,1,1,45,45,VAL,7.24,115.71
4825,1,1,1,46,46,GLN,8.64,118.23
4825,1,1,1,47,47,ALA,7.37,118.19
4825,1,1,1,48,48,LEU,7.34,115.73
4825,1,1,1,49,49,CYS,7.28,111.35
4825,1,1,1,5,5,GLU,8.57,121.12
4825,1,1,1,50,50,LYS,6.89,119.12
4825,1,1,1,51,51,ASN,8.45,114.41
4825,1,1,1,52,52,ILE,7.74,121.92
4825,1,1,1,53,53,ILE,8.33,126.48
4825,1,1,1,54,54,VAL,7.68,121.28
4825,1,1,1,55,55,SER,8.0,116.75
4825,1,1,1,56,56,LYS,8.4,125.43
4825,1,1,1,57,57,ASN,8.47,123.38
4825,1,1,1,58,58,VAL,9.41,122.14
4825,1,1,1,59,59,LEU,8.09,125.86
4825,1,1,1,6,6,THR,8.4,115.21
4825,1,1,1,60,60,SER,9.52,124.69
4825,1,1,1,61,61,THR,8.26,111.4
4825,1,1,1,62,62,ASP,8.05,119.24
4825,1,1,1,63,63,GLU,8.33,118.2
4825,1,1,1,64,64,PHE,8.8,120.38
4825,1,1,1,65,65,TYR,9.52,119.31
4825,1,1,1,66,66,LEU,9.3,126.11
4825,1,1,1,67,67,SER,9.41,120.72
4825,1,1,1,68,68,ASP,9.36,125.31
4825,1,1,1,69,69,CYS,8.51,119.24
4825,1,1,1,7,7,PHE,8.6,123.25
4825,1,1,1,70,70,ASN,8.57,122.32
4825,1,1,1,71,71,ARG,9.44,129.1
4825,1,1,1,72,72,ILE,8.85,121.62
4825,1,1,1,73,73,LYS,7.6,122.91
4825,1,1,1,74,74,LEU,8.5,125.2
4825,1,1,1,76,76,CYS,8.22,122.54
4825,1,1,1,77,77,HIS,8.03,116.2
4825,1,1,1,78,78,TYR,9.53,126.29
4825,1,1,1,79,79,LYS,8.8,119.55
4825,1,1,1,8,8,GLN,8.27,116.91
4825,1,1,1,80,80,LEU,8.41,128.36
4825,1,1,1,81,81,LYS,9.32,128.29
4825,1,1,1,82,82,LYS,9.18,130.11
4825,1,1,1,83,83,SER,8.86,116.44
4825,1,1,1,84,84,SER,8.3,114.04
4825,1,1,1,85,85,ASN,9.08,121.64
4825,1,1,1,86,86,THR,9.04,112.23
4825,1,1,1,87,87,ILE,8.39,109.46
4825,1,1,1,88,88,CYS,8.8,122.91
4825,1,1,1,89,89,ILE,8.93,122.97
4825,1,1,1,9,9,LYS,7.43,117.02
4825,1,1,1,90,90,THR,8.81,118.38
4825,1,1,1,91,91,CYS,8.89,126.79
4825,1,1,1,92,92,GLU,9.05,119.0
4825,1,1,1,93,93,ASN,10.17,128.33
4825,1,1,1,94,94,LYS,8.64,105.45
4825,1,1,1,95,95,LEU,7.45,117.64
4825,1,1,1,97,97,VAL,8.56,109.3
4825,1,1,1,98,98,HIS,7.28,115.99
4829,1,1,1,1,1,ASP,8.436,121.101
4829,1,1,1,10,10,GLN,7.747,115.278
4829,1,1,1,11,11,LEU,8.134,117.335
4829,1,1,1,12,12,ILE,7.972,117.975
4829,1,1,1,13,13,VAL,8.171,118.185
4829,1,1,1,14,14,GLN,8.457,118.326
4829,1,1,1,15,15,ALA,7.369,116.568
4829,1,1,1,16,16,ILE,8.363,115.643
4829,1,1,1,17,17,THR,8.203,108.084
4829,1,1,1,18,18,MET,7.294,116.762
4829,1,1,1,19,19,ALA,7.494,125.679
4829,1,1,1,2,2,SER,8.07,114.742
4829,1,1,1,21,21,ASP,8.604,113.902
4829,1,1,1,22,22,LYS,8.286,113.03
4829,1,1,1,23,23,GLN,6.961,107.82
4829,1,1,1,24,24,LEU,8.744,119.516
4829,1,1,1,25,25,THR,8.28,110.734
4829,1,1,1,26,26,LEU,9.338,121.136
4829,1,1,1,27,27,ASN,8.253,113.012
4829,1,1,1,28,28,GLY,8.241,109.849
4829,1,1,1,29,29,ILE,8.332,125.814
4829,1,1,1,3,3,LYS,8.086,125.607
4829,1,1,1,30,30,TYR,8.322,117.292
4829,1,1,1,31,31,THR,8.672,113.713
4829,1,1,1,32,32,HIS,8.113,120.616
4829,1,1,1,33,33,ILE,8.436,119.054
4829,1,1,1,34,34,THR,8.72,110.592
4829,1,1,1,35,35,LYS,8.217,120.08
4829,1,1,1,36,36,ASN,7.46,113.224
4829,1,1,1,37,37,TYR,8.522,117.11
4829,1,1,1,39,39,TYR,8.601,118.935
4829,1,1,1,40,40,TYR,8.092,113.821
4829,1,1,1,41,41,ARG,8.137,119.187
4829,1,1,1,45,45,LYS,8.531,120.776
4829,1,1,1,46,46,GLY,8.975,110.942
4829,1,1,1,47,47,TRP,8.222,120.597
4829,1,1,1,49,49,ASN,7.676,119.836
4829,1,1,1,50,50,SER,7.847,116.784
4829,1,1,1,51,51,ILE,7.977,123.46
4829,1,1,1,52,52,ARG,7.47,117.693
4829,1,1,1,53,53,HIS,8.315,116.947
4829,1,1,1,54,54,ASN,7.986,116.131
4829,1,1,1,55,55,LEU,7.759,119.31
4829,1,1,1,56,56,SER,7.164,108.317
4829,1,1,1,57,57,LEU,7.548,118.993
4829,1,1,1,58,58,ASN,7.544,116.112
4829,1,1,1,59,59,ARG,8.45,120.257
4829,1,1,1,6,6,TYR,7.084,116.121
4829,1,1,1,60,60,TYR,7.215,113.995
4829,1,1,1,61,61,PHE,7.729,118.575
4829,1,1,1,62,62,ILE,9.438,120.532
4829,1,1,1,63,63,LYS,8.298,125.37
4829,1,1,1,64,64,VAL,8.711,127.117
4829,1,1,1,66,66,ARG,8.304,120.768
4829,1,1,1,67,67,SER,8.597,115.749
4829,1,1,1,68,68,GLN,8.493,121.175
4829,1,1,1,69,69,GLU,8.367,118.717
4829,1,1,1,7,7,SER,9.691,119.742
4829,1,1,1,70,70,GLU,7.992,120.519
4829,1,1,1,72,72,GLY,8.76,108.288
4829,1,1,1,73,73,LYS,7.858,118.957
4829,1,1,1,74,74,GLY,8.198,107.525
4829,1,1,1,75,75,SER,8.042,113.918
4829,1,1,1,76,76,PHE,8.71,119.734
4829,1,1,1,77,77,TRP,8.994,120.288
4829,1,1,1,78,78,ARG,9.331,117.292
4829,1,1,1,79,79,ILE,9.269,119.174
4829,1,1,1,8,8,TYR,8.302,117.512
4829,1,1,1,80,80,ASP,8.925,127.268
4829,1,1,1,82,82,ALA,8.349,118.607
4829,1,1,1,83,83,SER,7.822,111.327
4829,1,1,1,84,84,GLU,7.43,121.12
4829,1,1,1,85,85,SER,8.831,112.792
4829,1,1,1,86,86,LYS,7.841,120.597
4829,1,1,1,87,87,LEU,7.848,118.673
4829,1,1,1,88,88,ILE,8.544,119.257
4829,1,1,1,89,89,GLU,7.564,118.607
4829,1,1,1,9,9,ALA,8.559,118.393
4829,1,1,1,90,90,GLN,7.559,114.003
4829,1,1,1,91,91,ALA,8.087,122.263
4829,1,1,1,92,92,PHE,7.967,110.793
4829,1,1,1,93,93,ARG,7.528,121.374
4829,1,1,1,94,94,LYS,8.603,124.518
4829,1,1,1,95,95,ARG,8.471,121.813
4829,1,1,1,96,96,ARG,8.404,123.203
4829,1,1,1,98,98,ARG,7.82,124.407
4833,1,1,1,12,12,TYR,8.14,123.64
4833,1,1,1,13,13,LEU,7.39,119.81
4833,1,1,1,14,14,GLU,9.37,126.91
4833,1,1,1,15,15,ILE,9.5,124.01
4833,1,1,1,16,16,HIS,8.68,127.19
4833,1,1,1,17,17,ASN,8.94,125.64
4833,1,1,1,18,18,ASN,8.14,115.11
4833,1,1,1,19,19,GLU,9.84,119.71
4833,1,1,1,2,2,ILE,7.19,125.17
4833,1,1,1,20,20,GLY,8.09,106.23
4833,1,1,1,21,21,ARG,8.02,120.29
4833,1,1,1,22,22,ASP,8.14,117.89
4833,1,1,1,23,23,THR,8.34,114.36
4833,1,1,1,24,24,LEU,9.14,128.77
4833,1,1,1,25,25,CYS,8.49,118.95
4833,1,1,1,26,26,PHE,8.54,117.61
4833,1,1,1,27,27,ALA,8.29,120.01
4833,1,1,1,28,28,ASN,8.45,110.42
4833,1,1,1,29,29,ALA,7.56,116.18
4833,1,1,1,3,3,ASN,8.75,120.34
4833,1,1,1,30,30,GLY,8.79,108.58
4833,1,1,1,31,31,THR,8.52,114.59
4833,1,1,1,32,32,MET,9.22,126.09
4833,1,1,1,34,34,VAL,7.88,115.35
4833,1,1,1,35,35,ALA,8.08,122.84
4833,1,1,1,36,36,ILE,7.51,121.46
4833,1,1,1,37,37,TYR,8.89,126.17
4833,1,1,1,38,38,GLY,8.46,113.83
4833,1,1,1,39,39,VAL,7.54,120.04
4833,1,1,1,4,4,ARG,8.53,122.76
4833,1,1,1,40,40,ASN,9.14,122.51
4833,1,1,1,41,41,TRP,7.43,113.7
4833,1,1,1,42,42,VAL,9.1,120.78
4833,1,1,1,43,43,GLU,9.09,125.4
4833,1,1,1,44,44,SER,8.66,116.93
4833,1,1,1,45,45,GLY,9.12,110.12
4833,1,1,1,46,46,ASN,8.16,124.51
4833,1,1,1,47,47,ASN,7.5,115.55
4833,1,1,1,48,48,VAL,8.51,121.91
4833,1,1,1,49,49,VAL,8.57,123.69
4833,1,1,1,5,5,THR,8.12,120.83
4833,1,1,1,50,50,THR,9.5,122.29
4833,1,1,1,51,51,LEU,9.19,127.36
4833,1,1,1,52,52,GLN,8.13,120.92
4833,1,1,1,53,53,PHE,9.27,122.62
4833,1,1,1,54,54,GLN,9.45,121.16
4833,1,1,1,55,55,ARG,10.21,129.96
4833,1,1,1,56,56,ASN,9.94,117.56
4833,1,1,1,57,57,LEU,9.0,126.2
4833,1,1,1,58,58,SER,8.23,110.06
4833,1,1,1,59,59,ASP,7.32,121.09
4833,1,1,1,6,6,ASP,8.13,124.31
4833,1,1,1,61,61,ARG,7.92,122.39
4833,1,1,1,62,62,LEU,8.38,124.38
4833,1,1,1,63,63,GLU,8.76,123.2
4833,1,1,1,64,64,THR,8.17,109.89
4833,1,1,1,65,65,ILE,8.65,121.86
4833,1,1,1,66,66,THR,8.36,123.54
4833,1,1,1,67,67,LEU,9.66,129.84
4833,1,1,1,68,68,GLN,8.22,117.63
4833,1,1,1,69,69,LYS,7.89,118.42
4833,1,1,1,70,70,TRP,9.43,119.59
4833,1,1,1,71,71,GLY,8.31,108.2
4833,1,1,1,72,72,SER,8.24,113.79
4833,1,1,1,73,73,TRP,9.26,125.9
4833,1,1,1,76,76,GLY,7.91,113.44
4833,1,1,1,77,77,HIS,7.43,120.22
4833,1,1,1,78,78,ILE,8.1,127.36
4833,1,1,1,79,79,HIS,8.32,126.3
4833,1,1,1,8,8,ASN,8.48,120.14
4833,1,1,1,80,80,GLU,8.27,116.12
4833,1,1,1,81,81,ILE,9.11,125.48
4833,1,1,1,82,82,LEU,8.6,125.61
4833,1,1,1,83,83,SER,7.55,112.83
4833,1,1,1,84,84,ILE,8.16,122.25
4833,1,1,1,85,85,ARG,8.48,126.25
4833,1,1,1,86,86,ILE,8.67,126.8
4833,1,1,1,87,87,TYR,8.37,133.93
4833,1,1,1,9,9,GLU,7.67,116.64
4841,1,1,1,1,1,GLU,8.895,122.94
4841,1,1,1,10,10,ALA,8.162,125.084
4841,1,1,1,100,100,GLN,8.16,119.903
4841,1,1,1,101,101,LYS,8.426,122.891
4841,1,1,1,102,102,ASN,8.545,120.559
4841,1,1,1,103,103,GLU,8.462,121.429
4841,1,1,1,104,104,GLU,8.399,122.692
4841,1,1,1,105,105,LYS,7.949,127.687
4841,1,1,1,11,11,ILE,8.273,118.227
4841,1,1,1,12,12,SER,8.013,113.677
4841,1,1,1,13,13,TYR,8.127,122.57
4841,1,1,1,14,14,VAL,8.589,118.191
4841,1,1,1,15,15,ASN,8.58,116.894
4841,1,1,1,16,16,LYS,7.959,123.367
4841,1,1,1,17,17,ILE,7.648,120.174
4841,1,1,1,18,18,LYS,8.367,119.439
4841,1,1,1,19,19,THR,8.092,111.327
4841,1,1,1,2,2,SER,8.225,115.629
4841,1,1,1,20,20,ARG,8.0,124.489
4841,1,1,1,21,21,PHE,7.208,113.1
4841,1,1,1,22,22,LEU,7.22,126.379
4841,1,1,1,23,23,ASP,8.667,112.963
4841,1,1,1,24,24,HIS,7.696,117.097
4841,1,1,1,26,26,GLU,10.319,121.595
4841,1,1,1,27,27,ILE,8.206,123.579
4841,1,1,1,28,28,TYR,6.701,119.64
4841,1,1,1,29,29,ARG,8.298,116.094
4841,1,1,1,3,3,ASP,8.185,122.099
4841,1,1,1,30,30,SER,8.271,117.116
4841,1,1,1,31,31,PHE,8.099,123.907
4841,1,1,1,32,32,LEU,7.637,116.662
4841,1,1,1,33,33,GLU,8.061,119.617
4841,1,1,1,34,34,ILE,8.001,122.488
4841,1,1,1,35,35,LEU,7.33,117.57
4841,1,1,1,36,36,HIS,8.724,116.939
4841,1,1,1,37,37,THR,8.551,119.069
4841,1,1,1,38,38,TYR,8.19,122.079
4841,1,1,1,39,39,GLN,8.361,118.546
4841,1,1,1,4,4,SER,8.141,115.866
4841,1,1,1,40,40,LYS,8.154,119.66
4841,1,1,1,41,41,GLU,7.871,117.633
4841,1,1,1,42,42,GLN,7.665,117.089
4841,1,1,1,43,43,LEU,7.528,119.44
4841,1,1,1,44,44,HIS,8.237,119.393
4841,1,1,1,45,45,THR,8.005,114.477
4841,1,1,1,46,46,LYS,8.381,124.157
4841,1,1,1,47,47,GLY,8.684,110.858
4841,1,1,1,48,48,ARG,7.871,120.742
4841,1,1,1,5,5,VAL,8.411,124.945
4841,1,1,1,50,50,PHE,8.182,120.496
4841,1,1,1,51,51,ARG,8.336,124.076
4841,1,1,1,52,52,GLY,7.77,109.604
4841,1,1,1,53,53,MET,8.348,120.947
4841,1,1,1,54,54,SER,8.962,120.94
4841,1,1,1,55,55,GLU,9.142,120.781
4841,1,1,1,56,56,GLU,8.832,118.746
4841,1,1,1,57,57,GLU,7.905,120.933
4841,1,1,1,58,58,VAL,8.059,120.183
4841,1,1,1,59,59,PHE,8.359,120.046
4841,1,1,1,6,6,GLU,8.594,120.522
4841,1,1,1,60,60,THR,8.324,114.904
4841,1,1,1,61,61,GLU,7.974,120.55
4841,1,1,1,62,62,VAL,8.345,122.229
4841,1,1,1,63,63,ALA,8.722,122.183
4841,1,1,1,64,64,ASN,7.523,114.535
4841,1,1,1,65,65,LEU,7.531,121.397
4841,1,1,1,66,66,PHE,8.221,115.195
4841,1,1,1,67,67,ARG,6.973,121.387
4841,1,1,1,68,68,GLY,9.415,115.764
4841,1,1,1,69,69,GLN,8.491,120.504
4841,1,1,1,7,7,PHE,8.535,121.799
4841,1,1,1,70,70,GLU,8.592,120.383
4841,1,1,1,71,71,ASP,8.989,119.256
4841,1,1,1,72,72,LEU,7.78,119.393
4841,1,1,1,73,73,LEU,7.893,120.865
4841,1,1,1,74,74,SER,8.318,114.767
4841,1,1,1,75,75,GLU,7.917,119.965
4841,1,1,1,76,76,PHE,7.648,119.448
4841,1,1,1,77,77,GLY,7.753,100.779
4841,1,1,1,78,78,GLN,7.282,116.781
4841,1,1,1,79,79,PHE,7.625,115.97
4841,1,1,1,8,8,ASN,8.379,117.116
4841,1,1,1,80,80,LEU,6.858,118.107
4841,1,1,1,82,82,GLU,9.15,121.154
4841,1,1,1,83,83,ALA,8.331,122.426
4841,1,1,1,84,84,LYS,8.129,117.774
4841,1,1,1,85,85,ARG,7.888,119.78
4841,1,1,1,86,86,SER,8.167,115.045
4841,1,1,1,87,87,LEU,7.876,122.454
4841,1,1,1,88,88,PHE,7.895,118.696
4841,1,1,1,89,89,THR,7.96,114.066
4841,1,1,1,9,9,ASN,8.371,120.183
4841,1,1,1,90,90,GLY,7.926,110.382
4841,1,1,1,91,91,ASN,8.386,118.708
4841,1,1,1,92,92,GLY,8.494,109.669
4841,1,1,1,93,93,SER,8.191,115.747
4841,1,1,1,94,94,ALA,8.406,125.832
4841,1,1,1,95,95,GLU,8.326,119.467
4841,1,1,1,96,96,MET,8.287,120.994
4841,1,1,1,97,97,ASN,8.454,119.689
4841,1,1,1,98,98,SER,8.337,116.34
4841,1,1,1,99,99,GLY,8.463,110.656
