candidate_bmrb_id,candidate_pdb_id,candidate_chain_id,candidate_sequence_length,v13_bmrb_id,v13_pdb_id,v13_chain_id,v13_split,v13_sequence_length,global_identity,exact_matches,alignment_columns,mismatches,candidate_gap_columns,reference_gap_columns,alignment_score,identity_threshold,at_or_above_threshold
4232,1ZAC,A,90,3322,1E8P,A,train,46,0.1935483870967742,18,93,25,3,47,-57,0.4,False
4232,1ZAC,A,90,4023,1Q2N,A,train,58,0.20212765957446807,19,94,35,4,36,-56,0.4,False
4232,1ZAC,A,90,4052,1JOO,A,val,149,0.25,39,156,44,66,7,-78,0.4,False
4232,1ZAC,A,90,4053,1JOQ,A,val,149,0.25,39,156,44,66,7,-78,0.4,False
4232,1ZAC,A,90,4089,2DEF,A,train,146,0.25675675675675674,38,148,50,58,2,-72,0.4,False
4232,1ZAC,A,90,4090,2EZH,A,val,65,0.25,24,96,35,6,31,-48,0.4,False
4232,1ZAC,A,90,4114,1A5J,A,train,110,0.24193548387096775,30,124,46,34,14,-64,0.4,False
4232,1ZAC,A,90,4129,1Q80,A,train,174,0.25,45,180,39,90,6,-90,0.4,False
4232,1ZAC,A,90,4141,1NK2,P,train,77,0.23,23,100,44,10,23,-54,0.4,False
4232,1ZAC,A,90,4147,1H95,A,train,79,0.2621359223300971,27,103,39,13,24,-49,0.4,False
4232,1ZAC,A,90,4153,1RXR,A,train,83,0.2,20,100,53,10,17,-60,0.4,False
4232,1ZAC,A,90,4155,1EOT,A,train,74,0.2,19,95,50,5,21,-57,0.4,False
4232,1ZAC,A,90,4156,1BJX,A,train,110,0.27586206896551724,32,116,52,26,6,-52,0.4,False
4232,1ZAC,A,90,4173,1BM6,A,train,173,0.20903954802259886,37,177,49,87,4,-103,0.4,False
4232,1ZAC,A,90,4177,1BO0,A,train,76,0.19148936170212766,18,94,54,4,18,-58,0.4,False
4232,1ZAC,A,90,4184,1EH2,A,train,95,0.26548672566371684,30,113,42,23,18,-53,0.4,False
4232,1ZAC,A,90,4186,1BLR,A,val,137,0.23972602739726026,35,146,46,56,9,-76,0.4,False
4232,1ZAC,A,90,4188,1BCI,A,test,123,0.2748091603053435,36,131,46,41,8,-59,0.4,False
4232,1ZAC,A,90,4197,2CPS,A,train,50,0.22826086956521738,21,92,27,2,42,-50,0.4,False
4232,1ZAC,A,90,4198,1BR0,A,train,120,0.256,32,125,53,35,5,-61,0.4,False
4232,1ZAC,A,90,4199,3NLA,A,train,73,0.25,25,100,38,10,27,-50,0.4,False
4232,1ZAC,A,90,4202,1BA9,A,train,153,0.21935483870967742,34,155,54,65,2,-87,0.4,False
4232,1ZAC,A,90,4206,1MFN,A,train,184,0.20540540540540542,38,185,51,95,1,-109,0.4,False
4232,1ZAC,A,90,4207,2ORC,A,train,71,0.25510204081632654,25,98,38,8,27,-48,0.4,False
4232,1ZAC,A,90,4209,2CPB,A,train,50,0.22826086956521738,21,92,27,2,42,-50,0.4,False
4232,1ZAC,A,90,4214,2TMP,A,train,127,0.2631578947368421,35,133,49,43,6,-63,0.4,False
4232,1ZAC,A,90,4215,1SSN,A,train,136,0.22857142857142856,32,140,54,50,4,-76,0.4,False
4232,1ZAC,A,90,4216,1BHI,A,train,38,0.18478260869565216,17,92,19,2,54,-58,0.4,False
4232,1ZAC,A,90,4217,1BHU,A,val,102,0.23684210526315788,27,114,51,24,12,-60,0.4,False
4232,1ZAC,A,90,4222,1MNL,A,train,91,0.205607476635514,22,107,52,17,16,-63,0.4,False
4232,1ZAC,A,90,4223,1TBA,A,test,67,0.26804123711340205,26,97,34,7,30,-45,0.4,False
4232,1ZAC,A,90,4224,1MYO,A,train,118,0.24,30,125,53,35,7,-65,0.4,False
4232,1ZAC,A,90,4225,3GRX,A,val,82,0.2222222222222222,22,99,51,9,17,-55,0.4,False
4232,1ZAC,A,90,4227,1BQZ,A,test,77,0.2524271844660194,26,103,38,13,26,-51,0.4,False
4232,1ZAC,A,90,4228,1BQ0,A,test,77,0.2524271844660194,26,103,38,13,26,-51,0.4,False
4232,1ZAC,A,90,4230,1BUQ,A,test,125,0.2846715328467153,39,137,39,47,12,-59,0.4,False
4232,1ZAC,A,90,4241,2XBD,A,train,87,0.23076923076923078,24,104,49,14,17,-56,0.4,False
4232,1ZAC,A,90,4242,3MSP,A,test,126,0.26153846153846155,34,130,52,40,4,-62,0.4,False
4232,1ZAC,A,90,4248,2LEF,A,train,86,0.2376237623762376,24,101,51,11,15,-53,0.4,False
4232,1ZAC,A,90,4249,1XPA,A,train,113,0.2661290322580645,33,124,46,34,11,-58,0.4,False
4232,1ZAC,A,90,4254,1L3G,A,val,123,0.24242424242424243,32,132,49,42,9,-68,0.4,False
4232,1ZAC,A,90,4255,2IF1,A,train,126,0.2366412213740458,31,131,54,41,5,-69,0.4,False
4232,1ZAC,A,90,4262,1BZF,A,train,162,0.21893491124260356,37,169,46,79,7,-95,0.4,False
4232,1ZAC,A,90,4263,2NMB,A,val,147,0.2582781456953642,39,151,47,61,4,-73,0.4,False
4232,1ZAC,A,90,4265,1DS9,A,train,198,0.225,45,200,43,110,2,-110,0.4,False
4232,1ZAC,A,90,4269,1GHT,A,test,105,0.2975206611570248,36,121,38,31,16,-49,0.4,False
4232,1ZAC,A,90,4271,1JFJ,A,train,134,0.2847222222222222,41,144,39,54,10,-62,0.4,False
4232,1ZAC,A,90,4276,1B2I,A,train,83,0.22,22,100,51,10,17,-56,0.4,False
4232,1ZAC,A,90,4281,1Z0R,A,train,53,0.24175824175824176,22,91,30,1,38,-47,0.4,False
4232,1ZAC,A,90,4285,1K2H,A,test,93,0.3018867924528302,32,106,45,16,13,-42,0.4,False
4232,1ZAC,A,90,4299,2F63,A,train,158,0.24074074074074073,39,162,47,72,4,-84,0.4,False
4232,1ZAC,A,90,4300,2F65,A,train,158,0.24074074074074073,39,162,47,72,4,-84,0.4,False
4232,1ZAC,A,90,4312,1JM4,B,train,118,0.23809523809523808,30,126,52,36,8,-66,0.4,False
4232,1ZAC,A,90,4313,1ZRR,A,train,179,0.2265193370165746,41,181,47,91,2,-99,0.4,False
4232,1ZAC,A,90,4334,1KQQ,A,test,131,0.22695035460992907,32,141,48,51,10,-77,0.4,False
4232,1ZAC,A,90,4342,1LY7,A,train,121,0.2803030303030303,37,132,42,42,11,-58,0.4,False
4264,3EZA,A,249,3322,1E8P,A,train,46,0.108,27,250,18,1,204,-196,0.4,False
4264,3EZA,A,249,4023,1Q2N,A,train,58,0.1606425702811245,40,249,18,0,191,-169,0.4,False
4264,3EZA,A,249,4052,1JOO,A,val,149,0.24803149606299213,63,254,81,5,105,-128,0.4,False
4264,3EZA,A,249,4053,1JOQ,A,val,149,0.24803149606299213,63,254,81,5,105,-128,0.4,False
4264,3EZA,A,249,4089,2DEF,A,train,146,0.25096525096525096,65,259,71,10,113,-129,0.4,False
4264,3EZA,A,249,4090,2EZH,A,val,65,0.17131474103585656,43,251,20,2,186,-165,0.4,False
4264,3EZA,A,249,4114,1A5J,A,train,110,0.23622047244094488,60,254,45,5,144,-134,0.4,False
4264,3EZA,A,249,4129,1Q80,A,train,174,0.24609375,63,256,104,7,82,-130,0.4,False
4264,3EZA,A,249,4141,1NK2,P,train,77,0.19291338582677164,49,254,23,5,177,-156,0.4,False
4264,3EZA,A,249,4147,1H95,A,train,79,0.164,41,250,37,1,171,-168,0.4,False
4264,3EZA,A,249,4153,1RXR,A,train,83,0.16733067729083664,42,251,39,2,168,-167,0.4,False
4264,3EZA,A,249,4155,1EOT,A,train,74,0.18181818181818182,46,253,24,4,179,-161,0.4,False
4264,3EZA,A,249,4156,1BJX,A,train,110,0.23828125,61,256,42,7,146,-134,0.4,False
4264,3EZA,A,249,4173,1BM6,A,train,173,0.25287356321839083,66,261,95,12,88,-129,0.4,False
4264,3EZA,A,249,4177,1BO0,A,train,76,0.16,40,250,35,1,174,-170,0.4,False
4264,3EZA,A,249,4184,1EH2,A,train,95,0.1952191235059761,49,251,44,2,156,-153,0.4,False
4264,3EZA,A,249,4186,1BLR,A,val,137,0.26666666666666666,68,255,63,6,118,-119,0.4,False
4264,3EZA,A,249,4188,1BCI,A,test,123,0.24124513618677043,62,257,53,8,134,-133,0.4,False
4264,3EZA,A,249,4197,2CPS,A,train,50,0.13654618473895583,34,249,16,0,199,-181,0.4,False
4264,3EZA,A,249,4198,1BR0,A,train,120,0.25390625,65,256,48,7,136,-126,0.4,False
4264,3EZA,A,249,4199,3NLA,A,train,73,0.1686746987951807,42,249,31,0,176,-165,0.4,False
4264,3EZA,A,249,4202,1BA9,A,train,153,0.2578125,66,256,80,7,103,-124,0.4,False
4264,3EZA,A,249,4206,1MFN,A,train,184,0.25735294117647056,70,272,91,23,88,-132,0.4,False
4264,3EZA,A,249,4207,2ORC,A,train,71,0.17269076305220885,43,249,28,0,178,-163,0.4,False
4264,3EZA,A,249,4209,2CPB,A,train,50,0.13654618473895583,34,249,16,0,199,-181,0.4,False
4264,3EZA,A,249,4214,2TMP,A,train,127,0.24110671936758893,61,253,62,4,126,-131,0.4,False
4264,3EZA,A,249,4215,1SSN,A,train,136,0.23529411764705882,60,255,70,6,119,-135,0.4,False
4264,3EZA,A,249,4216,1BHI,A,train,38,0.10441767068273092,26,249,12,0,211,-197,0.4,False
4264,3EZA,A,249,4217,1BHU,A,val,102,0.1976284584980237,50,253,48,4,151,-153,0.4,False
4264,3EZA,A,249,4222,1MNL,A,train,91,0.1952191235059761,49,251,40,2,160,-153,0.4,False
4264,3EZA,A,249,4223,1TBA,A,test,67,0.18326693227091634,46,251,19,2,184,-159,0.4,False
4264,3EZA,A,249,4224,1MYO,A,train,118,0.24701195219123506,62,251,54,2,133,-127,0.4,False
4264,3EZA,A,249,4225,3GRX,A,val,82,0.18725099601593626,47,251,33,2,169,-157,0.4,False
4264,3EZA,A,249,4227,1BQZ,A,test,77,0.188,47,250,29,1,173,-156,0.4,False
4264,3EZA,A,249,4228,1BQ0,A,test,77,0.188,47,250,29,1,173,-156,0.4,False
4264,3EZA,A,249,4230,1BUQ,A,test,125,0.2204724409448819,56,254,64,5,129,-142,0.4,False
4264,3EZA,A,249,4241,2XBD,A,train,87,0.18972332015810275,48,253,35,4,166,-157,0.4,False
4264,3EZA,A,249,4242,3MSP,A,test,126,0.2140077821011673,55,257,63,8,131,-147,0.4,False
4264,3EZA,A,249,4248,2LEF,A,train,86,0.1927710843373494,48,249,38,0,163,-153,0.4,False
4264,3EZA,A,249,4249,1XPA,A,train,113,0.21739130434782608,55,253,54,4,140,-143,0.4,False
4264,3EZA,A,249,4254,1L3G,A,val,123,0.22745098039215686,58,255,59,6,132,-139,0.4,False
4264,3EZA,A,249,4255,2IF1,A,train,126,0.21428571428571427,54,252,69,3,126,-144,0.4,False
4264,3EZA,A,249,4262,1BZF,A,train,162,0.2421875,62,256,93,7,94,-132,0.4,False
4264,3EZA,A,249,4263,2NMB,A,val,147,0.24313725490196078,62,255,79,6,108,-131,0.4,False
4264,3EZA,A,249,4265,1DS9,A,train,198,0.30111524163568776,81,269,97,20,71,-107,0.4,False
4264,3EZA,A,249,4269,1GHT,A,test,105,0.23107569721115537,58,251,45,2,146,-135,0.4,False
4264,3EZA,A,249,4271,1JFJ,A,train,134,0.25396825396825395,64,252,67,3,118,-124,0.4,False
4264,3EZA,A,249,4276,1B2I,A,train,83,0.1593625498007968,40,251,41,2,168,-171,0.4,False
4264,3EZA,A,249,4281,1Z0R,A,train,53,0.1566265060240964,39,249,14,0,196,-171,0.4,False
4264,3EZA,A,249,4285,1K2H,A,test,93,0.20238095238095238,51,252,39,3,159,-150,0.4,False
4264,3EZA,A,249,4299,2F63,A,train,158,0.24242424242424243,64,264,79,15,106,-136,0.4,False
4264,3EZA,A,249,4300,2F65,A,train,158,0.24242424242424243,64,264,79,15,106,-136,0.4,False
4264,3EZA,A,249,4312,1JM4,B,train,118,0.199203187250996,50,251,66,2,133,-151,0.4,False
4264,3EZA,A,249,4313,1ZRR,A,train,179,0.2490118577075099,63,253,112,4,74,-127,0.4,False
4264,3EZA,A,249,4334,1KQQ,A,test,131,0.23412698412698413,59,252,69,3,121,-134,0.4,False
4264,3EZA,A,249,4342,1LY7,A,train,121,0.2265625,58,256,56,7,135,-140,0.4,False
4373,1FHO,A,119,3322,1E8P,A,train,46,0.16666666666666666,20,120,25,1,74,-80,0.4,False
4373,1FHO,A,119,4023,1Q2N,A,train,58,0.21666666666666667,26,120,31,1,62,-68,0.4,False
4373,1FHO,A,119,4052,1JOO,A,val,149,0.2356687898089172,37,157,74,38,8,-83,0.4,False
4373,1FHO,A,119,4053,1JOQ,A,val,149,0.2356687898089172,37,157,74,38,8,-83,0.4,False
4373,1FHO,A,119,4089,2DEF,A,train,146,0.24691358024691357,40,162,63,43,16,-82,0.4,False
4373,1FHO,A,119,4090,2EZH,A,val,65,0.22950819672131148,28,122,34,3,57,-66,0.4,False
4373,1FHO,A,119,4114,1A5J,A,train,110,0.25874125874125875,37,143,49,24,33,-69,0.4,False
4373,1FHO,A,119,4129,1Q80,A,train,174,0.23756906077348067,43,181,69,62,7,-95,0.4,False
4373,1FHO,A,119,4141,1NK2,P,train,77,0.2661290322580645,33,124,39,5,47,-58,0.4,False
4373,1FHO,A,119,4147,1H95,A,train,79,0.26515151515151514,35,132,31,13,53,-62,0.4,False
4373,1FHO,A,119,4153,1RXR,A,train,83,0.24,30,125,47,6,42,-65,0.4,False
4373,1FHO,A,119,4155,1EOT,A,train,74,0.22131147540983606,27,122,44,3,48,-68,0.4,False
4373,1FHO,A,119,4156,1BJX,A,train,110,0.26119402985074625,35,134,60,15,24,-64,0.4,False
4373,1FHO,A,119,4173,1BM6,A,train,173,0.23863636363636365,42,176,74,57,3,-92,0.4,False
4373,1FHO,A,119,4177,1BO0,A,train,76,0.2283464566929134,29,127,39,8,51,-69,0.4,False
4373,1FHO,A,119,4184,1EH2,A,train,95,0.21774193548387097,27,124,63,5,29,-70,0.4,False
4373,1FHO,A,119,4186,1BLR,A,val,137,0.2597402597402597,40,154,62,35,17,-74,0.4,False
4373,1FHO,A,119,4188,1BCI,A,test,123,0.2620689655172414,38,145,59,26,22,-69,0.4,False
4373,1FHO,A,119,4197,2CPS,A,train,50,0.2184873949579832,26,119,24,0,69,-67,0.4,False
4373,1FHO,A,119,4198,1BR0,A,train,120,0.2785714285714286,39,140,60,21,20,-62,0.4,False
4373,1FHO,A,119,4199,3NLA,A,train,73,0.18699186991869918,23,123,46,4,50,-77,0.4,False
4373,1FHO,A,119,4202,1BA9,A,train,153,0.25,41,164,67,45,11,-82,0.4,False
4373,1FHO,A,119,4206,1MFN,A,train,184,0.2538860103626943,49,193,61,74,9,-95,0.4,False
4373,1FHO,A,119,4207,2ORC,A,train,71,0.2231404958677686,27,121,42,2,50,-67,0.4,False
4373,1FHO,A,119,4209,2CPB,A,train,50,0.2184873949579832,26,119,24,0,69,-67,0.4,False
4373,1FHO,A,119,4214,2TMP,A,train,127,0.25,37,148,61,29,21,-74,0.4,False
4373,1FHO,A,119,4215,1SSN,A,train,136,0.25,38,152,65,33,16,-76,0.4,False
4373,1FHO,A,119,4216,1BHI,A,train,38,0.16666666666666666,20,120,17,1,82,-80,0.4,False
4373,1FHO,A,119,4217,1BHU,A,val,102,0.2446043165467626,34,139,48,20,37,-71,0.4,False
4373,1FHO,A,119,4222,1MNL,A,train,91,0.26119402985074625,35,134,41,15,43,-64,0.4,False
4373,1FHO,A,119,4223,1TBA,A,test,67,0.232,29,125,32,6,58,-67,0.4,False
4373,1FHO,A,119,4224,1MYO,A,train,118,0.2391304347826087,33,138,66,19,20,-72,0.4,False
4373,1FHO,A,119,4225,3GRX,A,val,82,0.2032520325203252,25,123,53,4,41,-73,0.4,False
4373,1FHO,A,119,4227,1BQZ,A,test,77,0.2440944881889764,31,127,38,8,50,-65,0.4,False
4373,1FHO,A,119,4228,1BQ0,A,test,77,0.2440944881889764,31,127,38,8,50,-65,0.4,False
4373,1FHO,A,119,4230,1BUQ,A,test,125,0.2624113475177305,37,141,66,22,16,-67,0.4,False
4373,1FHO,A,119,4241,2XBD,A,train,87,0.21951219512195122,27,123,56,4,36,-69,0.4,False
4373,1FHO,A,119,4242,3MSP,A,test,126,0.22535211267605634,32,142,71,23,16,-78,0.4,False
4373,1FHO,A,119,4248,2LEF,A,train,86,0.22764227642276422,28,123,54,4,37,-67,0.4,False
4373,1FHO,A,119,4249,1XPA,A,train,113,0.24817518248175183,34,137,61,18,24,-69,0.4,False
4373,1FHO,A,119,4254,1L3G,A,val,123,0.21212121212121213,28,132,82,13,9,-76,0.4,False
4373,1FHO,A,119,4255,2IF1,A,train,126,0.25,37,148,60,29,22,-74,0.4,False
4373,1FHO,A,119,4262,1BZF,A,train,162,0.26136363636363635,46,176,59,57,14,-84,0.4,False
4373,1FHO,A,119,4263,2NMB,A,val,147,0.22784810126582278,36,158,72,39,11,-86,0.4,False
4373,1FHO,A,119,4265,1DS9,A,train,198,0.26108374384236455,53,203,61,84,5,-97,0.4,False
4373,1FHO,A,119,4269,1GHT,A,test,105,0.2558139534883721,33,129,62,10,24,-63,0.4,False
4373,1FHO,A,119,4271,1JFJ,A,train,134,0.2733333333333333,41,150,62,31,16,-68,0.4,False
4373,1FHO,A,119,4276,1B2I,A,train,83,0.2421875,31,128,43,9,45,-66,0.4,False
4373,1FHO,A,119,4281,1Z0R,A,train,53,0.23140495867768596,28,121,23,2,68,-65,0.4,False
4373,1FHO,A,119,4285,1K2H,A,test,93,0.2619047619047619,33,126,53,7,33,-60,0.4,False
4373,1FHO,A,119,4299,2F63,A,train,158,0.24242424242424243,40,165,72,46,7,-85,0.4,False
4373,1FHO,A,119,4300,2F65,A,train,158,0.24242424242424243,40,165,72,46,7,-85,0.4,False
4373,1FHO,A,119,4312,1JM4,B,train,118,0.24615384615384617,32,130,75,11,12,-66,0.4,False
4373,1FHO,A,119,4313,1ZRR,A,train,179,0.22527472527472528,41,182,75,63,3,-100,0.4,False
4373,1FHO,A,119,4334,1KQQ,A,test,131,0.272108843537415,40,147,63,28,16,-67,0.4,False
4373,1FHO,A,119,4342,1LY7,A,train,121,0.2605633802816901,37,142,61,23,21,-68,0.4,False
4378,2LCP,A,190,3322,1E8P,A,train,46,0.14210526315789473,27,190,19,0,144,-136,0.4,False
4378,2LCP,A,190,4023,1Q2N,A,train,58,0.17801047120418848,34,191,23,1,133,-123,0.4,False
4378,2LCP,A,190,4052,1JOO,A,val,149,0.2828282828282828,56,198,85,8,49,-86,0.4,False
4378,2LCP,A,190,4053,1JOQ,A,val,149,0.2828282828282828,56,198,85,8,49,-86,0.4,False
4378,2LCP,A,190,4089,2DEF,A,train,146,0.271356783919598,54,199,83,9,53,-91,0.4,False
4378,2LCP,A,190,4090,2EZH,A,val,65,0.17894736842105263,34,190,31,0,125,-122,0.4,False
4378,2LCP,A,190,4114,1A5J,A,train,110,0.24378109452736318,49,201,50,11,91,-103,0.4,False
4378,2LCP,A,190,4129,1Q80,A,train,174,0.28837209302325584,62,215,87,25,41,-91,0.4,False
4378,2LCP,A,190,4141,1NK2,P,train,77,0.20618556701030927,40,194,33,4,117,-114,0.4,False
4378,2LCP,A,190,4147,1H95,A,train,79,0.2198952879581152,42,191,36,1,112,-107,0.4,False
4378,2LCP,A,190,4153,1RXR,A,train,83,0.2182741116751269,43,197,33,7,114,-111,0.4,False
4378,2LCP,A,190,4155,1EOT,A,train,74,0.19487179487179487,38,195,31,5,121,-119,0.4,False
4378,2LCP,A,190,4156,1BJX,A,train,110,0.2613065326633166,52,199,49,9,89,-95,0.4,False
4378,2LCP,A,190,4173,1BM6,A,train,173,0.2535211267605634,54,213,96,23,40,-105,0.4,False
4378,2LCP,A,190,4177,1BO0,A,train,76,0.20833333333333334,40,192,34,2,116,-112,0.4,False
4378,2LCP,A,190,4184,1EH2,A,train,95,0.2358974358974359,46,195,44,5,100,-103,0.4,False
4378,2LCP,A,190,4186,1BLR,A,val,137,0.2663316582914573,53,199,75,9,62,-93,0.4,False
4378,2LCP,A,190,4188,1BCI,A,test,123,0.2717948717948718,53,195,65,5,72,-89,0.4,False
4378,2LCP,A,190,4197,2CPS,A,train,50,0.1736842105263158,33,190,17,0,140,-124,0.4,False
4378,2LCP,A,190,4198,1BR0,A,train,120,0.24102564102564103,47,195,68,5,75,-101,0.4,False
4378,2LCP,A,190,4199,3NLA,A,train,73,0.20418848167539266,39,191,33,1,118,-113,0.4,False
4378,2LCP,A,190,4202,1BA9,A,train,153,0.2623762376237624,53,202,88,12,49,-96,0.4,False
4378,2LCP,A,190,4206,1MFN,A,train,184,0.25462962962962965,55,216,103,26,32,-106,0.4,False
4378,2LCP,A,190,4207,2ORC,A,train,71,0.19473684210526315,37,190,34,0,119,-116,0.4,False
4378,2LCP,A,190,4209,2CPB,A,train,50,0.1736842105263158,33,190,17,0,140,-124,0.4,False
4378,2LCP,A,190,4214,2TMP,A,train,127,0.27053140096618356,56,207,54,17,80,-95,0.4,False
4378,2LCP,A,190,4215,1SSN,A,train,136,0.27230046948356806,58,213,55,23,77,-97,0.4,False
4378,2LCP,A,190,4216,1BHI,A,train,38,0.1368421052631579,26,190,12,0,152,-138,0.4,False
4378,2LCP,A,190,4217,1BHU,A,val,102,0.23076923076923078,45,195,52,5,93,-105,0.4,False
4378,2LCP,A,190,4222,1MNL,A,train,91,0.2358974358974359,46,195,40,5,104,-103,0.4,False
4378,2LCP,A,190,4223,1TBA,A,test,67,0.19689119170984457,38,193,26,3,126,-117,0.4,False
4378,2LCP,A,190,4224,1MYO,A,train,118,0.2562814070351759,51,199,58,9,81,-97,0.4,False
4378,2LCP,A,190,4225,3GRX,A,val,82,0.21243523316062177,41,193,38,3,111,-111,0.4,False
4378,2LCP,A,190,4227,1BQZ,A,test,77,0.21243523316062177,41,193,33,3,116,-111,0.4,False
4378,2LCP,A,190,4228,1BQ0,A,test,77,0.21243523316062177,41,193,33,3,116,-111,0.4,False
4378,2LCP,A,190,4230,1BUQ,A,test,125,0.2602040816326531,51,196,68,6,71,-94,0.4,False
4378,2LCP,A,190,4241,2XBD,A,train,87,0.2268041237113402,44,194,39,4,107,-106,0.4,False
4378,2LCP,A,190,4242,3MSP,A,test,126,0.26108374384236455,53,203,60,13,77,-97,0.4,False
4378,2LCP,A,190,4248,2LEF,A,train,86,0.193717277486911,37,191,48,1,105,-117,0.4,False
4378,2LCP,A,190,4249,1XPA,A,train,113,0.22772277227722773,46,202,55,12,89,-110,0.4,False
4378,2LCP,A,190,4254,1L3G,A,val,123,0.2537313432835821,51,201,61,11,78,-99,0.4,False
4378,2LCP,A,190,4255,2IF1,A,train,126,0.25252525252525254,50,198,68,8,72,-98,0.4,False
4378,2LCP,A,190,4262,1BZF,A,train,162,0.23222748815165878,49,211,92,21,49,-113,0.4,False
4378,2LCP,A,190,4263,2NMB,A,val,147,0.2376237623762376,48,202,87,12,55,-106,0.4,False
4378,2LCP,A,190,4265,1DS9,A,train,198,0.27802690582959644,62,223,103,33,25,-99,0.4,False
4378,2LCP,A,190,4269,1GHT,A,test,105,0.24873096446700507,49,197,49,7,92,-99,0.4,False
4378,2LCP,A,190,4271,1JFJ,A,train,134,0.29,58,200,66,10,66,-84,0.4,False
4378,2LCP,A,190,4276,1B2I,A,train,83,0.193717277486911,37,191,45,1,108,-117,0.4,False
4378,2LCP,A,190,4281,1Z0R,A,train,53,0.17277486910994763,33,191,19,1,138,-125,0.4,False
4378,2LCP,A,190,4285,1K2H,A,test,93,0.234375,45,192,46,2,99,-102,0.4,False
4378,2LCP,A,190,4299,2F63,A,train,158,0.2679425837320574,56,209,83,19,51,-97,0.4,False
4378,2LCP,A,190,4300,2F65,A,train,158,0.2679425837320574,56,209,83,19,51,-97,0.4,False
4378,2LCP,A,190,4312,1JM4,B,train,118,0.2717948717948718,53,195,60,5,77,-89,0.4,False
4378,2LCP,A,190,4313,1ZRR,A,train,179,0.2825112107623318,63,223,83,33,44,-97,0.4,False
4378,2LCP,A,190,4334,1KQQ,A,test,131,0.26262626262626265,52,198,71,8,67,-94,0.4,False
4378,2LCP,A,190,4342,1LY7,A,train,121,0.25773195876288657,50,194,67,4,73,-94,0.4,False
4386,1EZY,A,129,3322,1E8P,A,train,46,0.17829457364341086,23,129,23,0,83,-83,0.4,False
4386,1EZY,A,129,4023,1Q2N,A,train,58,0.22137404580152673,29,131,27,2,73,-73,0.4,False
4386,1EZY,A,129,4052,1JOO,A,val,149,0.25153374233128833,41,163,74,34,14,-81,0.4,False
4386,1EZY,A,129,4053,1JOQ,A,val,149,0.25153374233128833,41,163,74,34,14,-81,0.4,False
4386,1EZY,A,129,4089,2DEF,A,train,146,0.25153374233128833,41,163,71,34,17,-81,0.4,False
4386,1EZY,A,129,4090,2EZH,A,val,65,0.21052631578947367,28,133,33,4,68,-77,0.4,False
4386,1EZY,A,129,4114,1A5J,A,train,110,0.26573426573426573,38,143,58,14,33,-67,0.4,False
4386,1EZY,A,129,4129,1Q80,A,train,174,0.25405405405405407,47,185,71,56,11,-91,0.4,False
4386,1EZY,A,129,4141,1NK2,P,train,77,0.23880597014925373,32,134,40,5,57,-70,0.4,False
4386,1EZY,A,129,4147,1H95,A,train,79,0.19548872180451127,26,133,49,4,54,-81,0.4,False
4386,1EZY,A,129,4153,1RXR,A,train,83,0.208955223880597,28,134,50,5,51,-78,0.4,False
4386,1EZY,A,129,4155,1EOT,A,train,74,0.23484848484848486,31,132,40,3,58,-70,0.4,False
4386,1EZY,A,129,4156,1BJX,A,train,110,0.24817518248175183,34,137,68,8,27,-69,0.4,False
4386,1EZY,A,129,4173,1BM6,A,train,173,0.25405405405405407,47,185,70,56,12,-91,0.4,False
4386,1EZY,A,129,4177,1BO0,A,train,76,0.22900763358778625,30,131,44,2,55,-71,0.4,False
4386,1EZY,A,129,4184,1EH2,A,train,95,0.23703703703703705,32,135,57,6,40,-71,0.4,False
4386,1EZY,A,129,4186,1BLR,A,val,137,0.2621951219512195,43,164,59,35,27,-78,0.4,False
4386,1EZY,A,129,4188,1BCI,A,test,123,0.25170068027210885,37,147,68,18,24,-73,0.4,False
4386,1EZY,A,129,4197,2CPS,A,train,50,0.1893939393939394,25,132,22,3,82,-82,0.4,False
4386,1EZY,A,129,4198,1BR0,A,train,120,0.2702702702702703,40,148,61,19,28,-68,0.4,False
4386,1EZY,A,129,4199,3NLA,A,train,73,0.23255813953488372,30,129,43,0,56,-69,0.4,False
4386,1EZY,A,129,4202,1BA9,A,train,153,0.24561403508771928,42,171,69,42,18,-87,0.4,False
4386,1EZY,A,129,4206,1MFN,A,train,184,0.23267326732673269,47,202,64,73,18,-108,0.4,False
4386,1EZY,A,129,4207,2ORC,A,train,71,0.21374045801526717,28,131,41,2,60,-75,0.4,False
4386,1EZY,A,129,4209,2CPB,A,train,50,0.1893939393939394,25,132,22,3,82,-82,0.4,False
4386,1EZY,A,129,4214,2TMP,A,train,127,0.2702702702702703,40,148,68,19,21,-68,0.4,False
4386,1EZY,A,129,4215,1SSN,A,train,136,0.27848101265822783,44,158,63,29,22,-70,0.4,False
4386,1EZY,A,129,4216,1BHI,A,train,38,0.13953488372093023,18,129,20,0,91,-93,0.4,False
4386,1EZY,A,129,4217,1BHU,A,val,102,0.21897810218978103,30,137,64,8,35,-77,0.4,False
4386,1EZY,A,129,4222,1MNL,A,train,91,0.27205882352941174,37,136,47,7,45,-62,0.4,False
4386,1EZY,A,129,4223,1TBA,A,test,67,0.20610687022900764,27,131,38,2,64,-77,0.4,False
4386,1EZY,A,129,4224,1MYO,A,train,118,0.21739130434782608,30,138,79,9,20,-78,0.4,False
4386,1EZY,A,129,4225,3GRX,A,val,82,0.26717557251908397,35,131,45,2,49,-61,0.4,False
4386,1EZY,A,129,4227,1BQZ,A,test,77,0.2318840579710145,32,138,36,9,61,-74,0.4,False
4386,1EZY,A,129,4228,1BQ0,A,test,77,0.2318840579710145,32,138,36,9,61,-74,0.4,False
4386,1EZY,A,129,4230,1BUQ,A,test,125,0.2413793103448276,35,145,74,16,20,-75,0.4,False
4386,1EZY,A,129,4241,2XBD,A,train,87,0.20588235294117646,28,136,52,7,49,-80,0.4,False
4386,1EZY,A,129,4242,3MSP,A,test,126,0.2465753424657534,36,146,73,17,20,-74,0.4,False
4386,1EZY,A,129,4248,2LEF,A,train,86,0.24444444444444444,33,135,47,6,49,-69,0.4,False
4386,1EZY,A,129,4249,1XPA,A,train,113,0.2585034013605442,38,147,57,18,34,-71,0.4,False
4386,1EZY,A,129,4254,1L3G,A,val,123,0.2206896551724138,32,145,75,16,22,-81,0.4,False
4386,1EZY,A,129,4255,2IF1,A,train,126,0.23448275862068965,34,145,76,16,19,-77,0.4,False
4386,1EZY,A,129,4262,1BZF,A,train,162,0.22404371584699453,41,183,67,54,21,-101,0.4,False
4386,1EZY,A,129,4263,2NMB,A,val,147,0.25748502994011974,43,167,66,38,20,-81,0.4,False
4386,1EZY,A,129,4265,1DS9,A,train,198,0.25120772946859904,52,207,68,78,9,-103,0.4,False
4386,1EZY,A,129,4269,1GHT,A,test,105,0.2446043165467626,34,139,61,10,34,-71,0.4,False
4386,1EZY,A,129,4271,1JFJ,A,train,134,0.27741935483870966,43,155,65,26,21,-69,0.4,False
4386,1EZY,A,129,4276,1B2I,A,train,83,0.25384615384615383,33,130,49,1,47,-64,0.4,False
4386,1EZY,A,129,4281,1Z0R,A,train,53,0.2,26,130,26,1,77,-78,0.4,False
4386,1EZY,A,129,4285,1K2H,A,test,93,0.273972602739726,40,146,36,17,53,-66,0.4,False
4386,1EZY,A,129,4299,2F63,A,train,158,0.26666666666666666,48,180,59,51,22,-84,0.4,False
4386,1EZY,A,129,4300,2F65,A,train,158,0.26666666666666666,48,180,59,51,22,-84,0.4,False
4386,1EZY,A,129,4312,1JM4,B,train,118,0.23943661971830985,34,142,71,13,24,-74,0.4,False
4386,1EZY,A,129,4313,1ZRR,A,train,179,0.25,47,188,73,59,9,-94,0.4,False
4386,1EZY,A,129,4334,1KQQ,A,test,131,0.2709677419354839,42,155,63,26,24,-71,0.4,False
4386,1EZY,A,129,4342,1LY7,A,train,121,0.2597402597402597,40,154,56,25,33,-74,0.4,False
4391,1JGK,A,66,3322,1E8P,A,train,46,0.2,14,70,28,4,24,-42,0.4,False
4391,1JGK,A,66,4023,1Q2N,A,train,58,0.2,14,70,40,4,12,-42,0.4,False
4391,1JGK,A,66,4052,1JOO,A,val,149,0.20666666666666667,31,150,34,84,1,-88,0.4,False
4391,1JGK,A,66,4053,1JOQ,A,val,149,0.20666666666666667,31,150,34,84,1,-88,0.4,False
4391,1JGK,A,66,4089,2DEF,A,train,146,0.19047619047619047,28,147,37,81,1,-91,0.4,False
4391,1JGK,A,66,4090,2EZH,A,val,65,0.25,19,76,36,10,11,-38,0.4,False
4391,1JGK,A,66,4114,1A5J,A,train,110,0.2222222222222222,26,117,33,51,7,-65,0.4,False
4391,1JGK,A,66,4129,1Q80,A,train,174,0.1896551724137931,33,174,33,108,0,-108,0.4,False
4391,1JGK,A,66,4141,1NK2,P,train,77,0.20930232558139536,18,86,39,20,9,-50,0.4,False
4391,1JGK,A,66,4147,1H95,A,train,79,0.2413793103448276,21,87,37,21,8,-45,0.4,False
4391,1JGK,A,66,4153,1RXR,A,train,83,0.25,22,88,39,22,5,-44,0.4,False
4391,1JGK,A,66,4155,1EOT,A,train,74,0.23863636363636365,21,88,31,22,14,-46,0.4,False
4391,1JGK,A,66,4156,1BJX,A,train,110,0.20512820512820512,24,117,35,51,7,-69,0.4,False
4391,1JGK,A,66,4173,1BM6,A,train,173,0.1896551724137931,33,174,32,108,1,-108,0.4,False
4391,1JGK,A,66,4177,1BO0,A,train,76,0.2716049382716049,22,81,39,15,5,-37,0.4,False
4391,1JGK,A,66,4184,1EH2,A,train,95,0.20618556701030927,20,97,44,31,2,-57,0.4,False
4391,1JGK,A,66,4186,1BLR,A,val,137,0.23357664233576642,32,137,34,71,0,-73,0.4,False
4391,1JGK,A,66,4188,1BCI,A,test,123,0.2,26,130,33,64,7,-78,0.4,False
4391,1JGK,A,66,4197,2CPS,A,train,50,0.22388059701492538,15,67,34,1,17,-37,0.4,False
4391,1JGK,A,66,4198,1BR0,A,train,120,0.19834710743801653,24,121,41,55,1,-73,0.4,False
4391,1JGK,A,66,4199,3NLA,A,train,73,0.20987654320987653,17,81,41,15,8,-47,0.4,False
4391,1JGK,A,66,4202,1BA9,A,train,153,0.2077922077922078,32,154,33,88,1,-90,0.4,False
4391,1JGK,A,66,4206,1MFN,A,train,184,0.17647058823529413,33,187,30,121,3,-121,0.4,False
4391,1JGK,A,66,4207,2ORC,A,train,71,0.2597402597402597,20,77,40,11,6,-37,0.4,False
4391,1JGK,A,66,4209,2CPB,A,train,50,0.22388059701492538,15,67,34,1,17,-37,0.4,False
4391,1JGK,A,66,4214,2TMP,A,train,127,0.23484848484848486,31,132,30,66,5,-70,0.4,False
4391,1JGK,A,66,4215,1SSN,A,train,136,0.19708029197080293,27,137,38,71,1,-83,0.4,False
4391,1JGK,A,66,4216,1BHI,A,train,38,0.20588235294117646,14,68,22,2,30,-40,0.4,False
4391,1JGK,A,66,4217,1BHU,A,val,102,0.28431372549019607,29,102,37,36,0,-44,0.4,False
4391,1JGK,A,66,4222,1MNL,A,train,91,0.24752475247524752,25,101,31,35,10,-51,0.4,False
4391,1JGK,A,66,4223,1TBA,A,test,67,0.2631578947368421,20,76,37,10,9,-36,0.4,False
4391,1JGK,A,66,4224,1MYO,A,train,118,0.256,32,125,27,59,7,-61,0.4,False
4391,1JGK,A,66,4225,3GRX,A,val,82,0.2558139534883721,22,86,40,20,4,-42,0.4,False
4391,1JGK,A,66,4227,1BQZ,A,test,77,0.2125,17,80,46,14,3,-46,0.4,False
4391,1JGK,A,66,4228,1BQ0,A,test,77,0.2125,17,80,46,14,3,-46,0.4,False
4391,1JGK,A,66,4230,1BUQ,A,test,125,0.19047619047619047,24,126,41,60,1,-78,0.4,False
4391,1JGK,A,66,4241,2XBD,A,train,87,0.2391304347826087,22,92,39,26,5,-48,0.4,False
4391,1JGK,A,66,4242,3MSP,A,test,126,0.1953125,25,128,39,62,2,-78,0.4,False
4391,1JGK,A,66,4248,2LEF,A,train,86,0.25555555555555554,23,90,39,24,4,-44,0.4,False
4391,1JGK,A,66,4249,1XPA,A,train,113,0.23684210526315788,27,114,38,48,1,-60,0.4,False
4391,1JGK,A,66,4254,1L3G,A,val,123,0.2,25,125,39,59,2,-75,0.4,False
4391,1JGK,A,66,4255,2IF1,A,train,126,0.21705426356589147,28,129,35,63,3,-73,0.4,False
4391,1JGK,A,66,4262,1BZF,A,train,162,0.16049382716049382,26,162,40,96,0,-110,0.4,False
4391,1JGK,A,66,4263,2NMB,A,val,147,0.22875816993464052,35,153,25,87,6,-83,0.4,False
4391,1JGK,A,66,4265,1DS9,A,train,198,0.18592964824120603,37,199,28,133,1,-125,0.4,False
4391,1JGK,A,66,4269,1GHT,A,test,105,0.21818181818181817,24,110,37,44,5,-62,0.4,False
4391,1JGK,A,66,4271,1JFJ,A,train,134,0.20588235294117646,28,136,36,70,2,-80,0.4,False
4391,1JGK,A,66,4276,1B2I,A,train,83,0.24731182795698925,23,93,33,27,10,-47,0.4,False
4391,1JGK,A,66,4281,1Z0R,A,train,53,0.22857142857142856,16,70,33,4,17,-38,0.4,False
4391,1JGK,A,66,4285,1K2H,A,test,93,0.24242424242424243,24,99,36,33,6,-51,0.4,False
4391,1JGK,A,66,4299,2F63,A,train,158,0.19375,31,160,33,94,2,-98,0.4,False
4391,1JGK,A,66,4300,2F65,A,train,158,0.19375,31,160,33,94,2,-98,0.4,False
4391,1JGK,A,66,4312,1JM4,B,train,118,0.19327731092436976,23,119,42,53,1,-73,0.4,False
4391,1JGK,A,66,4313,1ZRR,A,train,179,0.1878453038674033,34,181,30,115,2,-113,0.4,False
4391,1JGK,A,66,4334,1KQQ,A,test,131,0.20300751879699247,27,133,37,67,2,-79,0.4,False
4391,1JGK,A,66,4342,1LY7,A,train,121,0.21875,28,128,31,62,7,-72,0.4,False
4394,2IFE,A,91,3322,1E8P,A,train,46,0.16304347826086957,15,92,30,1,46,-62,0.4,False
4394,2IFE,A,91,4023,1Q2N,A,train,58,0.2604166666666667,25,96,28,5,38,-46,0.4,False
4394,2IFE,A,91,4052,1JOO,A,val,149,0.2641509433962264,42,159,39,68,10,-75,0.4,False
4394,2IFE,A,91,4053,1JOQ,A,val,149,0.2641509433962264,42,159,39,68,10,-75,0.4,False
4394,2IFE,A,91,4089,2DEF,A,train,146,0.24183006535947713,37,153,47,62,7,-79,0.4,False
4394,2IFE,A,91,4090,2EZH,A,val,65,0.27184466019417475,28,103,25,12,38,-47,0.4,False
4394,2IFE,A,91,4114,1A5J,A,train,110,0.275,33,120,48,29,10,-54,0.4,False
4394,2IFE,A,91,4129,1Q80,A,train,174,0.21787709497206703,39,179,47,88,5,-101,0.4,False
4394,2IFE,A,91,4141,1NK2,P,train,77,0.24528301886792453,26,106,36,15,29,-54,0.4,False
4394,2IFE,A,91,4147,1H95,A,train,79,0.24468085106382978,23,94,53,3,15,-48,0.4,False
4394,2IFE,A,91,4153,1RXR,A,train,83,0.23529411764705882,24,102,48,11,19,-54,0.4,False
4394,2IFE,A,91,4155,1EOT,A,train,74,0.23711340206185566,23,97,45,6,23,-51,0.4,False
4394,2IFE,A,91,4156,1BJX,A,train,110,0.25,31,124,46,33,14,-62,0.4,False
4394,2IFE,A,91,4173,1BM6,A,train,173,0.2215909090909091,39,176,49,85,3,-98,0.4,False
4394,2IFE,A,91,4177,1BO0,A,train,76,0.26262626262626265,26,99,42,8,23,-47,0.4,False
4394,2IFE,A,91,4184,1EH2,A,train,95,0.2962962962962963,32,108,46,17,13,-44,0.4,False
4394,2IFE,A,91,4186,1BLR,A,val,137,0.22857142857142856,32,140,56,49,3,-76,0.4,False
4394,2IFE,A,91,4188,1BCI,A,test,123,0.26119402985074625,35,134,45,43,11,-64,0.4,False
4394,2IFE,A,91,4197,2CPS,A,train,50,0.23958333333333334,23,96,22,5,46,-50,0.4,False
4394,2IFE,A,91,4198,1BR0,A,train,120,0.2713178294573643,35,129,47,38,9,-59,0.4,False
4394,2IFE,A,91,4199,3NLA,A,train,73,0.23469387755102042,23,98,43,7,25,-52,0.4,False
4394,2IFE,A,91,4202,1BA9,A,train,153,0.24358974358974358,38,156,50,65,3,-80,0.4,False
4394,2IFE,A,91,4206,1MFN,A,train,184,0.2192513368983957,41,187,47,96,3,-105,0.4,False
4394,2IFE,A,91,4207,2ORC,A,train,71,0.2647058823529412,27,102,33,11,31,-48,0.4,False
4394,2IFE,A,91,4209,2CPB,A,train,50,0.23958333333333334,23,96,22,5,46,-50,0.4,False
4394,2IFE,A,91,4214,2TMP,A,train,127,0.2446043165467626,34,139,45,48,12,-71,0.4,False
4394,2IFE,A,91,4215,1SSN,A,train,136,0.24822695035460993,35,141,51,50,5,-71,0.4,False
4394,2IFE,A,91,4216,1BHI,A,train,38,0.1978021978021978,18,91,20,0,53,-55,0.4,False
4394,2IFE,A,91,4217,1BHU,A,val,102,0.24793388429752067,30,121,42,30,19,-61,0.4,False
4394,2IFE,A,91,4222,1MNL,A,train,91,0.25471698113207547,27,106,49,15,15,-52,0.4,False
4394,2IFE,A,91,4223,1TBA,A,test,67,0.25252525252525254,25,99,34,8,32,-49,0.4,False
4394,2IFE,A,91,4224,1MYO,A,train,118,0.28125,36,128,45,37,10,-56,0.4,False
4394,2IFE,A,91,4225,3GRX,A,val,82,0.27358490566037735,29,106,38,15,24,-48,0.4,False
4394,2IFE,A,91,4227,1BQZ,A,test,77,0.22916666666666666,22,96,50,5,19,-52,0.4,False
4394,2IFE,A,91,4228,1BQ0,A,test,77,0.22916666666666666,22,96,50,5,19,-52,0.4,False
4394,2IFE,A,91,4230,1BUQ,A,test,125,0.23703703703703705,32,135,49,44,10,-71,0.4,False
4394,2IFE,A,91,4241,2XBD,A,train,87,0.20952380952380953,22,105,51,14,18,-61,0.4,False
4394,2IFE,A,91,4242,3MSP,A,test,126,0.2556390977443609,34,133,50,42,7,-65,0.4,False
4394,2IFE,A,91,4248,2LEF,A,train,86,0.2621359223300971,27,103,47,12,17,-49,0.4,False
4394,2IFE,A,91,4249,1XPA,A,train,113,0.2661290322580645,33,124,47,33,11,-58,0.4,False
4394,2IFE,A,91,4254,1L3G,A,val,123,0.2595419847328244,34,131,49,40,8,-63,0.4,False
4394,2IFE,A,91,4255,2IF1,A,train,126,0.2537313432835821,34,134,49,43,8,-66,0.4,False
4394,2IFE,A,91,4262,1BZF,A,train,162,0.22560975609756098,37,164,52,73,2,-90,0.4,False
4394,2IFE,A,91,4263,2NMB,A,val,147,0.24675324675324675,38,154,46,63,7,-78,0.4,False
4394,2IFE,A,91,4265,1DS9,A,train,198,0.22926829268292684,47,205,37,114,7,-111,0.4,False
4394,2IFE,A,91,4269,1GHT,A,test,105,0.2845528455284553,35,123,38,32,18,-53,0.4,False
4394,2IFE,A,91,4271,1JFJ,A,train,134,0.2695035460992908,38,141,46,50,7,-65,0.4,False
4394,2IFE,A,91,4276,1B2I,A,train,83,0.22,22,100,52,9,17,-56,0.4,False
4394,2IFE,A,91,4281,1Z0R,A,train,53,0.26804123711340205,26,97,21,6,44,-45,0.4,False
4394,2IFE,A,91,4285,1K2H,A,test,93,0.2545454545454545,28,110,46,19,17,-54,0.4,False
4394,2IFE,A,91,4299,2F63,A,train,158,0.2865853658536585,47,164,38,73,6,-70,0.4,False
4394,2IFE,A,91,4300,2F65,A,train,158,0.2865853658536585,47,164,38,73,6,-70,0.4,False
4394,2IFE,A,91,4312,1JM4,B,train,118,0.27906976744186046,36,129,44,38,11,-57,0.4,False
4394,2IFE,A,91,4313,1ZRR,A,train,179,0.25,46,184,40,93,5,-92,0.4,False
4394,2IFE,A,91,4334,1KQQ,A,test,131,0.24822695035460993,35,141,46,50,10,-71,0.4,False
4394,2IFE,A,91,4342,1LY7,A,train,121,0.24615384615384617,32,130,50,39,9,-66,0.4,False
4395,1B75,A,94,3322,1E8P,A,train,46,0.16842105263157894,16,95,29,1,49,-63,0.4,False
4395,1B75,A,94,4023,1Q2N,A,train,58,0.24489795918367346,24,98,30,4,40,-50,0.4,False
4395,1B75,A,94,4052,1JOO,A,val,149,0.25477707006369427,40,157,46,63,8,-77,0.4,False
4395,1B75,A,94,4053,1JOQ,A,val,149,0.25477707006369427,40,157,46,63,8,-77,0.4,False
4395,1B75,A,94,4089,2DEF,A,train,146,0.24183006535947713,37,153,50,59,7,-79,0.4,False
4395,1B75,A,94,4090,2EZH,A,val,65,0.24242424242424243,24,99,36,5,34,-51,0.4,False
4395,1B75,A,94,4114,1A5J,A,train,110,0.2440944881889764,31,127,46,33,17,-65,0.4,False
4395,1B75,A,94,4129,1Q80,A,train,174,0.21468926553672316,38,177,53,83,3,-101,0.4,False
4395,1B75,A,94,4141,1NK2,P,train,77,0.23469387755102042,23,98,50,4,21,-52,0.4,False
4395,1B75,A,94,4147,1H95,A,train,79,0.24742268041237114,24,97,52,3,18,-49,0.4,False
4395,1B75,A,94,4153,1RXR,A,train,83,0.25663716814159293,29,113,35,19,30,-55,0.4,False
4395,1B75,A,94,4155,1EOT,A,train,74,0.25252525252525254,25,99,44,5,25,-49,0.4,False
4395,1B75,A,94,4156,1BJX,A,train,110,0.2644628099173554,32,121,51,27,11,-57,0.4,False
4395,1B75,A,94,4173,1BM6,A,train,173,0.2154696132596685,39,181,47,87,8,-103,0.4,False
4395,1B75,A,94,4177,1BO0,A,train,76,0.22772277227722773,23,101,46,7,25,-55,0.4,False
4395,1B75,A,94,4184,1EH2,A,train,95,0.2631578947368421,30,114,45,20,19,-54,0.4,False
4395,1B75,A,94,4186,1BLR,A,val,137,0.2653061224489796,39,147,45,53,10,-69,0.4,False
4395,1B75,A,94,4188,1BCI,A,test,123,0.2462686567164179,33,134,50,40,11,-68,0.4,False
4395,1B75,A,94,4197,2CPS,A,train,50,0.22916666666666666,22,96,26,2,46,-52,0.4,False
4395,1B75,A,94,4198,1BR0,A,train,120,0.25,32,128,54,34,8,-64,0.4,False
4395,1B75,A,94,4199,3NLA,A,train,73,0.2545454545454545,28,110,29,16,37,-54,0.4,False
4395,1B75,A,94,4202,1BA9,A,train,153,0.22641509433962265,36,159,52,65,6,-87,0.4,False
4395,1B75,A,94,4206,1MFN,A,train,184,0.21505376344086022,40,186,52,92,2,-106,0.4,False
4395,1B75,A,94,4207,2ORC,A,train,71,0.3076923076923077,32,104,29,10,33,-40,0.4,False
4395,1B75,A,94,4209,2CPB,A,train,50,0.22916666666666666,22,96,26,2,46,-52,0.4,False
4395,1B75,A,94,4214,2TMP,A,train,127,0.25925925925925924,35,135,51,41,8,-65,0.4,False
4395,1B75,A,94,4215,1SSN,A,train,136,0.2465753424657534,36,146,48,52,10,-74,0.4,False
4395,1B75,A,94,4216,1BHI,A,train,38,0.17894736842105263,17,95,20,1,57,-61,0.4,False
4395,1B75,A,94,4217,1BHU,A,val,102,0.23893805309734514,27,113,56,19,11,-59,0.4,False
4395,1B75,A,94,4222,1MNL,A,train,91,0.25,27,108,50,14,17,-54,0.4,False
4395,1B75,A,94,4223,1TBA,A,test,67,0.22105263157894736,21,95,45,1,28,-53,0.4,False
4395,1B75,A,94,4224,1MYO,A,train,118,0.26229508196721313,32,122,58,28,4,-58,0.4,False
4395,1B75,A,94,4225,3GRX,A,val,82,0.26666666666666666,28,105,43,11,23,-49,0.4,False
4395,1B75,A,94,4227,1BQZ,A,test,77,0.3142857142857143,33,105,33,11,28,-39,0.4,False
4395,1B75,A,94,4228,1BQ0,A,test,77,0.3142857142857143,33,105,33,11,28,-39,0.4,False
4395,1B75,A,94,4230,1BUQ,A,test,125,0.27611940298507465,37,134,48,40,9,-60,0.4,False
4395,1B75,A,94,4241,2XBD,A,train,87,0.19230769230769232,20,104,57,10,17,-64,0.4,False
4395,1B75,A,94,4242,3MSP,A,test,126,0.24444444444444444,33,135,52,41,9,-69,0.4,False
4395,1B75,A,94,4248,2LEF,A,train,86,0.2727272727272727,30,110,40,16,24,-50,0.4,False
4395,1B75,A,94,4249,1XPA,A,train,113,0.256,32,125,50,31,12,-61,0.4,False
4395,1B75,A,94,4254,1L3G,A,val,123,0.2814814814814815,38,135,44,41,12,-59,0.4,False
4395,1B75,A,94,4255,2IF1,A,train,126,0.24427480916030533,32,131,57,37,5,-67,0.4,False
4395,1B75,A,94,4262,1BZF,A,train,162,0.23636363636363636,39,165,52,71,3,-87,0.4,False
4395,1B75,A,94,4263,2NMB,A,val,147,0.21794871794871795,34,156,51,62,9,-88,0.4,False
4395,1B75,A,94,4265,1DS9,A,train,198,0.25,51,204,37,110,6,-102,0.4,False
4395,1B75,A,94,4269,1GHT,A,test,105,0.24561403508771928,28,114,57,20,9,-58,0.4,False
4395,1B75,A,94,4271,1JFJ,A,train,134,0.2827586206896552,41,145,42,51,11,-63,0.4,False
4395,1B75,A,94,4276,1B2I,A,train,83,0.21359223300970873,22,103,52,9,20,-59,0.4,False
4395,1B75,A,94,4281,1Z0R,A,train,53,0.2653061224489796,26,98,23,4,45,-46,0.4,False
4395,1B75,A,94,4285,1K2H,A,test,93,0.2358490566037736,25,106,56,12,13,-56,0.4,False
4395,1B75,A,94,4299,2F63,A,train,158,0.24242424242424243,40,165,47,71,7,-85,0.4,False
4395,1B75,A,94,4300,2F65,A,train,158,0.24242424242424243,40,165,47,71,7,-85,0.4,False
4395,1B75,A,94,4312,1JM4,B,train,118,0.22764227642276422,28,123,61,29,5,-67,0.4,False
4395,1B75,A,94,4313,1ZRR,A,train,179,0.24324324324324326,45,185,43,91,6,-95,0.4,False
4395,1B75,A,94,4334,1KQQ,A,test,131,0.2620689655172414,38,145,42,51,14,-69,0.4,False
4395,1B75,A,94,4342,1LY7,A,train,121,0.23809523809523808,30,126,59,32,5,-66,0.4,False
4396,1COU,A,85,3322,1E8P,A,train,46,0.18823529411764706,16,85,30,0,39,-53,0.4,False
4396,1COU,A,85,4023,1Q2N,A,train,58,0.23333333333333334,21,90,32,5,32,-48,0.4,False
4396,1COU,A,85,4052,1JOO,A,val,149,0.2064516129032258,32,155,47,70,6,-91,0.4,False
4396,1COU,A,85,4053,1JOQ,A,val,149,0.2064516129032258,32,155,47,70,6,-91,0.4,False
4396,1COU,A,85,4089,2DEF,A,train,146,0.2,30,150,51,65,4,-90,0.4,False
4396,1COU,A,85,4090,2EZH,A,val,65,0.20833333333333334,20,96,34,11,31,-56,0.4,False
4396,1COU,A,85,4114,1A5J,A,train,110,0.21238938053097345,24,113,58,28,3,-65,0.4,False
4396,1COU,A,85,4129,1Q80,A,train,174,0.2222222222222222,40,180,39,95,6,-100,0.4,False
4396,1COU,A,85,4141,1NK2,P,train,77,0.21875,21,96,45,11,19,-54,0.4,False
4396,1COU,A,85,4147,1H95,A,train,79,0.24742268041237114,24,97,43,12,18,-49,0.4,False
4396,1COU,A,85,4153,1RXR,A,train,83,0.25,25,100,43,15,17,-50,0.4,False
4396,1COU,A,85,4155,1EOT,A,train,74,0.1978021978021978,18,91,50,6,17,-55,0.4,False
4396,1COU,A,85,4156,1BJX,A,train,110,0.24778761061946902,28,113,54,28,3,-57,0.4,False
4396,1COU,A,85,4173,1BM6,A,train,173,0.20786516853932585,37,178,43,93,5,-104,0.4,False
4396,1COU,A,85,4177,1BO0,A,train,76,0.22580645161290322,21,93,47,8,17,-51,0.4,False
4396,1COU,A,85,4184,1EH2,A,train,95,0.24761904761904763,26,105,49,20,10,-53,0.4,False
4396,1COU,A,85,4186,1BLR,A,val,137,0.2357142857142857,33,140,49,55,3,-74,0.4,False
4396,1COU,A,85,4188,1BCI,A,test,123,0.21804511278195488,29,133,46,48,10,-75,0.4,False
4396,1COU,A,85,4197,2CPS,A,train,50,0.1797752808988764,16,89,30,4,39,-57,0.4,False
4396,1COU,A,85,4198,1BR0,A,train,120,0.25,31,124,50,39,4,-62,0.4,False
4396,1COU,A,85,4199,3NLA,A,train,73,0.23076923076923078,21,91,46,6,18,-49,0.4,False
4396,1COU,A,85,4202,1BA9,A,train,153,0.2468354430379747,39,158,41,73,5,-80,0.4,False
4396,1COU,A,85,4206,1MFN,A,train,184,0.15760869565217392,29,184,56,99,0,-126,0.4,False
4396,1COU,A,85,4207,2ORC,A,train,71,0.22826086956521738,21,92,43,7,21,-50,0.4,False
4396,1COU,A,85,4209,2CPB,A,train,50,0.1797752808988764,16,89,30,4,39,-57,0.4,False
4396,1COU,A,85,4214,2TMP,A,train,127,0.22962962962962963,31,135,46,50,8,-73,0.4,False
4396,1COU,A,85,4215,1SSN,A,train,136,0.22142857142857142,31,140,50,55,4,-78,0.4,False
4396,1COU,A,85,4216,1BHI,A,train,38,0.17647058823529413,15,85,23,0,47,-55,0.4,False
4396,1COU,A,85,4217,1BHU,A,val,102,0.23423423423423423,26,111,50,26,9,-59,0.4,False
4396,1COU,A,85,4222,1MNL,A,train,91,0.2641509433962264,28,106,42,21,15,-50,0.4,False
4396,1COU,A,85,4223,1TBA,A,test,67,0.19318181818181818,17,88,47,3,21,-54,0.4,False
4396,1COU,A,85,4224,1MYO,A,train,118,0.25,31,124,48,39,6,-62,0.4,False
4396,1COU,A,85,4225,3GRX,A,val,82,0.2376237623762376,24,101,42,16,19,-53,0.4,False
4396,1COU,A,85,4227,1BQZ,A,test,77,0.23232323232323232,23,99,40,14,22,-53,0.4,False
4396,1COU,A,85,4228,1BQ0,A,test,77,0.23232323232323232,23,99,40,14,22,-53,0.4,False
4396,1COU,A,85,4230,1BUQ,A,test,125,0.23134328358208955,31,134,45,49,9,-72,0.4,False
4396,1COU,A,85,4241,2XBD,A,train,87,0.18181818181818182,18,99,55,14,12,-63,0.4,False
4396,1COU,A,85,4242,3MSP,A,test,126,0.203125,26,128,57,43,2,-76,0.4,False
4396,1COU,A,85,4248,2LEF,A,train,86,0.21568627450980393,22,102,47,17,16,-58,0.4,False
4396,1COU,A,85,4249,1XPA,A,train,113,0.23140495867768596,28,121,49,36,8,-65,0.4,False
4396,1COU,A,85,4254,1L3G,A,val,123,0.2248062015503876,29,129,50,44,6,-71,0.4,False
4396,1COU,A,85,4255,2IF1,A,train,126,0.19696969696969696,26,132,53,47,6,-80,0.4,False
4396,1COU,A,85,4262,1BZF,A,train,162,0.21686746987951808,36,166,45,81,4,-94,0.4,False
4396,1COU,A,85,4263,2NMB,A,val,147,0.2348993288590604,35,149,48,64,2,-79,0.4,False
4396,1COU,A,85,4265,1DS9,A,train,198,0.19900497512437812,40,201,42,116,3,-121,0.4,False
4396,1COU,A,85,4269,1GHT,A,test,105,0.23478260869565218,27,115,48,30,10,-61,0.4,False
4396,1COU,A,85,4271,1JFJ,A,train,134,0.2246376811594203,31,138,50,53,4,-76,0.4,False
4396,1COU,A,85,4276,1B2I,A,train,83,0.25252525252525254,25,99,44,14,16,-49,0.4,False
4396,1COU,A,85,4281,1Z0R,A,train,53,0.23076923076923078,21,91,26,6,38,-49,0.4,False
4396,1COU,A,85,4285,1K2H,A,test,93,0.2524271844660194,26,103,49,18,10,-51,0.4,False
4396,1COU,A,85,4299,2F63,A,train,158,0.2222222222222222,36,162,45,77,4,-90,0.4,False
4396,1COU,A,85,4300,2F65,A,train,158,0.2222222222222222,36,162,45,77,4,-90,0.4,False
4396,1COU,A,85,4312,1JM4,B,train,118,0.20833333333333334,25,120,58,35,2,-70,0.4,False
4396,1COU,A,85,4313,1ZRR,A,train,179,0.21311475409836064,39,183,42,98,4,-105,0.4,False
4396,1COU,A,85,4334,1KQQ,A,test,131,0.19548872180451127,26,133,57,48,2,-81,0.4,False
4396,1COU,A,85,4342,1LY7,A,train,121,0.21774193548387097,27,124,55,39,3,-70,0.4,False
4397,1B2T,A,77,3322,1E8P,A,train,46,0.2073170731707317,17,82,24,5,36,-48,0.4,False
4397,1B2T,A,77,4023,1Q2N,A,train,58,0.24390243902439024,20,82,33,5,24,-42,0.4,False
4397,1B2T,A,77,4052,1JOO,A,val,149,0.24183006535947713,37,153,36,76,4,-79,0.4,False
4397,1B2T,A,77,4053,1JOQ,A,val,149,0.24183006535947713,37,153,36,76,4,-79,0.4,False
4397,1B2T,A,77,4089,2DEF,A,train,146,0.21476510067114093,32,149,42,72,3,-85,0.4,False
4397,1B2T,A,77,4090,2EZH,A,val,65,0.2125,17,80,45,3,15,-46,0.4,False
4397,1B2T,A,77,4114,1A5J,A,train,110,0.22807017543859648,26,114,47,37,4,-62,0.4,False
4397,1B2T,A,77,4129,1Q80,A,train,174,0.19662921348314608,35,178,38,101,4,-108,0.4,False
4397,1B2T,A,77,4141,1NK2,P,train,77,0.24719101123595505,22,89,43,12,12,-45,0.4,False
4397,1B2T,A,77,4147,1H95,A,train,79,0.2261904761904762,19,84,53,7,5,-46,0.4,False
4397,1B2T,A,77,4153,1RXR,A,train,83,0.26595744680851063,25,94,41,17,11,-44,0.4,False
4397,1B2T,A,77,4155,1EOT,A,train,74,0.34146341463414637,28,82,41,5,8,-26,0.4,False
4397,1B2T,A,77,4156,1BJX,A,train,110,0.19298245614035087,22,114,51,37,4,-70,0.4,False
4397,1B2T,A,77,4173,1BM6,A,train,173,0.1896551724137931,33,174,43,97,1,-108,0.4,False
4397,1B2T,A,77,4177,1BO0,A,train,76,0.3493975903614458,29,83,41,6,7,-25,0.4,False
4397,1B2T,A,77,4184,1EH2,A,train,95,0.22,22,100,50,23,5,-56,0.4,False
4397,1B2T,A,77,4186,1BLR,A,val,137,0.1956521739130435,27,138,49,61,1,-84,0.4,False
4397,1B2T,A,77,4188,1BCI,A,test,123,0.20610687022900764,27,131,42,54,8,-77,0.4,False
4397,1B2T,A,77,4197,2CPS,A,train,50,0.1794871794871795,14,78,35,1,28,-50,0.4,False
4397,1B2T,A,77,4198,1BR0,A,train,120,0.22131147540983606,27,122,48,45,2,-68,0.4,False
4397,1B2T,A,77,4199,3NLA,A,train,73,0.22093023255813954,19,86,45,9,13,-48,0.4,False
4397,1B2T,A,77,4202,1BA9,A,train,153,0.20512820512820512,32,156,42,79,3,-92,0.4,False
4397,1B2T,A,77,4206,1MFN,A,train,184,0.17297297297297298,32,185,44,108,1,-121,0.4,False
4397,1B2T,A,77,4207,2ORC,A,train,71,0.27906976744186046,24,86,38,9,15,-38,0.4,False
4397,1B2T,A,77,4209,2CPB,A,train,50,0.1794871794871795,14,78,35,1,28,-50,0.4,False
4397,1B2T,A,77,4214,2TMP,A,train,127,0.24427480916030533,32,131,41,54,4,-67,0.4,False
4397,1B2T,A,77,4215,1SSN,A,train,136,0.19708029197080293,27,137,49,60,1,-83,0.4,False
4397,1B2T,A,77,4216,1BHI,A,train,38,0.23076923076923078,18,78,19,1,40,-42,0.4,False
4397,1B2T,A,77,4217,1BHU,A,val,102,0.23809523809523808,25,105,49,28,3,-55,0.4,False
4397,1B2T,A,77,4222,1MNL,A,train,91,0.25,26,104,38,27,13,-52,0.4,False
4397,1B2T,A,77,4223,1TBA,A,test,67,0.22093023255813954,19,86,39,9,19,-48,0.4,False
4397,1B2T,A,77,4224,1MYO,A,train,118,0.25,32,128,35,51,10,-64,0.4,False
4397,1B2T,A,77,4225,3GRX,A,val,82,0.29591836734693877,29,98,32,21,16,-40,0.4,False
4397,1B2T,A,77,4227,1BQZ,A,test,77,0.26666666666666666,24,90,40,13,13,-42,0.4,False
4397,1B2T,A,77,4228,1BQ0,A,test,77,0.26666666666666666,24,90,40,13,13,-42,0.4,False
4397,1B2T,A,77,4230,1BUQ,A,test,125,0.22900763358778625,30,131,41,54,6,-71,0.4,False
4397,1B2T,A,77,4241,2XBD,A,train,87,0.23076923076923078,21,91,52,14,4,-49,0.4,False
4397,1B2T,A,77,4242,3MSP,A,test,126,0.25925925925925924,35,135,33,58,9,-65,0.4,False
4397,1B2T,A,77,4248,2LEF,A,train,86,0.2727272727272727,27,99,37,22,13,-45,0.4,False
4397,1B2T,A,77,4249,1XPA,A,train,113,0.24786324786324787,29,117,44,40,4,-59,0.4,False
4397,1B2T,A,77,4254,1L3G,A,val,123,0.256,32,125,43,48,2,-61,0.4,False
4397,1B2T,A,77,4255,2IF1,A,train,126,0.2462686567164179,33,134,36,57,8,-68,0.4,False
4397,1B2T,A,77,4262,1BZF,A,train,162,0.20121951219512196,33,164,42,87,2,-98,0.4,False
4397,1B2T,A,77,4263,2NMB,A,val,147,0.22448979591836735,33,147,44,70,0,-81,0.4,False
4397,1B2T,A,77,4265,1DS9,A,train,198,0.22277227722772278,45,202,28,125,4,-112,0.4,False
4397,1B2T,A,77,4269,1GHT,A,test,105,0.26126126126126126,29,111,42,34,6,-53,0.4,False
4397,1B2T,A,77,4271,1JFJ,A,train,134,0.20588235294117646,28,136,47,59,2,-80,0.4,False
4397,1B2T,A,77,4276,1B2I,A,train,83,0.23469387755102042,23,98,39,21,15,-52,0.4,False
4397,1B2T,A,77,4281,1Z0R,A,train,53,0.25609756097560976,21,82,27,5,29,-40,0.4,False
4397,1B2T,A,77,4285,1K2H,A,test,93,0.22772277227722773,23,101,46,24,8,-55,0.4,False
4397,1B2T,A,77,4299,2F63,A,train,158,0.24242424242424243,40,165,30,88,7,-85,0.4,False
4397,1B2T,A,77,4300,2F65,A,train,158,0.24242424242424243,40,165,30,88,7,-85,0.4,False
4397,1B2T,A,77,4312,1JM4,B,train,118,0.23880597014925373,32,134,29,57,16,-70,0.4,False
4397,1B2T,A,77,4313,1ZRR,A,train,179,0.19337016574585636,35,181,40,104,2,-111,0.4,False
4397,1B2T,A,77,4334,1KQQ,A,test,131,0.2196969696969697,29,132,47,55,1,-74,0.4,False
4397,1B2T,A,77,4342,1LY7,A,train,121,0.2222222222222222,28,126,44,49,5,-70,0.4,False
4401,1BLQ,A,90,3322,1E8P,A,train,46,0.1935483870967742,18,93,25,3,47,-57,0.4,False
4401,1BLQ,A,90,4023,1Q2N,A,train,58,0.20212765957446807,19,94,35,4,36,-56,0.4,False
4401,1BLQ,A,90,4052,1JOO,A,val,149,0.25,39,156,44,66,7,-78,0.4,False
4401,1BLQ,A,90,4053,1JOQ,A,val,149,0.25,39,156,44,66,7,-78,0.4,False
4401,1BLQ,A,90,4089,2DEF,A,train,146,0.25675675675675674,38,148,50,58,2,-72,0.4,False
4401,1BLQ,A,90,4090,2EZH,A,val,65,0.25,24,96,35,6,31,-48,0.4,False
4401,1BLQ,A,90,4114,1A5J,A,train,110,0.24193548387096775,30,124,46,34,14,-64,0.4,False
4401,1BLQ,A,90,4129,1Q80,A,train,174,0.25,45,180,39,90,6,-90,0.4,False
4401,1BLQ,A,90,4141,1NK2,P,train,77,0.23,23,100,44,10,23,-54,0.4,False
4401,1BLQ,A,90,4147,1H95,A,train,79,0.2621359223300971,27,103,39,13,24,-49,0.4,False
4401,1BLQ,A,90,4153,1RXR,A,train,83,0.2,20,100,53,10,17,-60,0.4,False
4401,1BLQ,A,90,4155,1EOT,A,train,74,0.2,19,95,50,5,21,-57,0.4,False
4401,1BLQ,A,90,4156,1BJX,A,train,110,0.27586206896551724,32,116,52,26,6,-52,0.4,False
4401,1BLQ,A,90,4173,1BM6,A,train,173,0.20903954802259886,37,177,49,87,4,-103,0.4,False
4401,1BLQ,A,90,4177,1BO0,A,train,76,0.19148936170212766,18,94,54,4,18,-58,0.4,False
4401,1BLQ,A,90,4184,1EH2,A,train,95,0.26548672566371684,30,113,42,23,18,-53,0.4,False
4401,1BLQ,A,90,4186,1BLR,A,val,137,0.23972602739726026,35,146,46,56,9,-76,0.4,False
4401,1BLQ,A,90,4188,1BCI,A,test,123,0.2748091603053435,36,131,46,41,8,-59,0.4,False
4401,1BLQ,A,90,4197,2CPS,A,train,50,0.22826086956521738,21,92,27,2,42,-50,0.4,False
4401,1BLQ,A,90,4198,1BR0,A,train,120,0.256,32,125,53,35,5,-61,0.4,False
4401,1BLQ,A,90,4199,3NLA,A,train,73,0.25,25,100,38,10,27,-50,0.4,False
4401,1BLQ,A,90,4202,1BA9,A,train,153,0.21935483870967742,34,155,54,65,2,-87,0.4,False
4401,1BLQ,A,90,4206,1MFN,A,train,184,0.20540540540540542,38,185,51,95,1,-109,0.4,False
4401,1BLQ,A,90,4207,2ORC,A,train,71,0.25510204081632654,25,98,38,8,27,-48,0.4,False
4401,1BLQ,A,90,4209,2CPB,A,train,50,0.22826086956521738,21,92,27,2,42,-50,0.4,False
4401,1BLQ,A,90,4214,2TMP,A,train,127,0.2631578947368421,35,133,49,43,6,-63,0.4,False
4401,1BLQ,A,90,4215,1SSN,A,train,136,0.22857142857142856,32,140,54,50,4,-76,0.4,False
4401,1BLQ,A,90,4216,1BHI,A,train,38,0.18478260869565216,17,92,19,2,54,-58,0.4,False
4401,1BLQ,A,90,4217,1BHU,A,val,102,0.23684210526315788,27,114,51,24,12,-60,0.4,False
4401,1BLQ,A,90,4222,1MNL,A,train,91,0.205607476635514,22,107,52,17,16,-63,0.4,False
4401,1BLQ,A,90,4223,1TBA,A,test,67,0.26804123711340205,26,97,34,7,30,-45,0.4,False
4401,1BLQ,A,90,4224,1MYO,A,train,118,0.24,30,125,53,35,7,-65,0.4,False
4401,1BLQ,A,90,4225,3GRX,A,val,82,0.2222222222222222,22,99,51,9,17,-55,0.4,False
4401,1BLQ,A,90,4227,1BQZ,A,test,77,0.2524271844660194,26,103,38,13,26,-51,0.4,False
4401,1BLQ,A,90,4228,1BQ0,A,test,77,0.2524271844660194,26,103,38,13,26,-51,0.4,False
4401,1BLQ,A,90,4230,1BUQ,A,test,125,0.2846715328467153,39,137,39,47,12,-59,0.4,False
4401,1BLQ,A,90,4241,2XBD,A,train,87,0.23076923076923078,24,104,49,14,17,-56,0.4,False
4401,1BLQ,A,90,4242,3MSP,A,test,126,0.26153846153846155,34,130,52,40,4,-62,0.4,False
4401,1BLQ,A,90,4248,2LEF,A,train,86,0.2376237623762376,24,101,51,11,15,-53,0.4,False
4401,1BLQ,A,90,4249,1XPA,A,train,113,0.2661290322580645,33,124,46,34,11,-58,0.4,False
4401,1BLQ,A,90,4254,1L3G,A,val,123,0.24242424242424243,32,132,49,42,9,-68,0.4,False
4401,1BLQ,A,90,4255,2IF1,A,train,126,0.2366412213740458,31,131,54,41,5,-69,0.4,False
4401,1BLQ,A,90,4262,1BZF,A,train,162,0.21893491124260356,37,169,46,79,7,-95,0.4,False
4401,1BLQ,A,90,4263,2NMB,A,val,147,0.2582781456953642,39,151,47,61,4,-73,0.4,False
4401,1BLQ,A,90,4265,1DS9,A,train,198,0.225,45,200,43,110,2,-110,0.4,False
4401,1BLQ,A,90,4269,1GHT,A,test,105,0.2975206611570248,36,121,38,31,16,-49,0.4,False
4401,1BLQ,A,90,4271,1JFJ,A,train,134,0.2847222222222222,41,144,39,54,10,-62,0.4,False
4401,1BLQ,A,90,4276,1B2I,A,train,83,0.22,22,100,51,10,17,-56,0.4,False
4401,1BLQ,A,90,4281,1Z0R,A,train,53,0.24175824175824176,22,91,30,1,38,-47,0.4,False
4401,1BLQ,A,90,4285,1K2H,A,test,93,0.3018867924528302,32,106,45,16,13,-42,0.4,False
4401,1BLQ,A,90,4299,2F63,A,train,158,0.24074074074074073,39,162,47,72,4,-84,0.4,False
4401,1BLQ,A,90,4300,2F65,A,train,158,0.24074074074074073,39,162,47,72,4,-84,0.4,False
4401,1BLQ,A,90,4312,1JM4,B,train,118,0.23809523809523808,30,126,52,36,8,-66,0.4,False
4401,1BLQ,A,90,4313,1ZRR,A,train,179,0.2265193370165746,41,181,47,91,2,-99,0.4,False
4401,1BLQ,A,90,4334,1KQQ,A,test,131,0.22695035460992907,32,141,48,51,10,-77,0.4,False
4401,1BLQ,A,90,4342,1LY7,A,train,121,0.2803030303030303,37,132,42,42,11,-58,0.4,False
4405,1KHM,A,89,3322,1E8P,A,train,46,0.21505376344086022,20,93,22,4,47,-53,0.4,False
4405,1KHM,A,89,4023,1Q2N,A,train,58,0.21649484536082475,21,97,29,8,39,-55,0.4,False
4405,1KHM,A,89,4052,1JOO,A,val,149,0.23076923076923078,36,156,46,67,7,-84,0.4,False
4405,1KHM,A,89,4053,1JOQ,A,val,149,0.23076923076923078,36,156,46,67,7,-84,0.4,False
4405,1KHM,A,89,4089,2DEF,A,train,146,0.21768707482993196,32,147,56,58,1,-83,0.4,False
4405,1KHM,A,89,4090,2EZH,A,val,65,0.25806451612903225,24,93,37,4,28,-45,0.4,False
4405,1KHM,A,89,4114,1A5J,A,train,110,0.2975206611570248,36,121,42,32,11,-49,0.4,False
4405,1KHM,A,89,4129,1Q80,A,train,174,0.2111111111111111,38,180,45,91,6,-104,0.4,False
4405,1KHM,A,89,4141,1NK2,P,train,77,0.2872340425531915,27,94,45,5,17,-40,0.4,False
4405,1KHM,A,89,4147,1H95,A,train,79,0.22772277227722773,23,101,44,12,22,-55,0.4,False
4405,1KHM,A,89,4153,1RXR,A,train,83,0.1919191919191919,19,99,54,10,16,-61,0.4,False
4405,1KHM,A,89,4155,1EOT,A,train,74,0.2708333333333333,26,96,41,7,22,-44,0.4,False
4405,1KHM,A,89,4156,1BJX,A,train,110,0.22033898305084745,26,118,55,29,8,-66,0.4,False
4405,1KHM,A,89,4173,1BM6,A,train,173,0.20786516853932585,37,178,47,89,5,-104,0.4,False
4405,1KHM,A,89,4177,1BO0,A,train,76,0.2653061224489796,26,98,41,9,22,-46,0.4,False
4405,1KHM,A,89,4184,1EH2,A,train,95,0.20754716981132076,22,106,56,17,11,-62,0.4,False
4405,1KHM,A,89,4186,1BLR,A,val,137,0.2206896551724138,32,145,49,56,8,-81,0.4,False
4405,1KHM,A,89,4188,1BCI,A,test,123,0.2,26,130,56,41,7,-78,0.4,False
4405,1KHM,A,89,4197,2CPS,A,train,50,0.20652173913043478,19,92,28,3,42,-54,0.4,False
4405,1KHM,A,89,4198,1BR0,A,train,120,0.23015873015873015,29,126,54,37,6,-68,0.4,False
4405,1KHM,A,89,4199,3NLA,A,train,73,0.24210526315789474,23,95,44,6,22,-49,0.4,False
4405,1KHM,A,89,4202,1BA9,A,train,153,0.23717948717948717,37,156,49,67,3,-82,0.4,False
4405,1KHM,A,89,4206,1MFN,A,train,184,0.23783783783783785,44,185,44,96,1,-97,0.4,False
4405,1KHM,A,89,4207,2ORC,A,train,71,0.25263157894736843,24,95,41,6,24,-47,0.4,False
4405,1KHM,A,89,4209,2CPB,A,train,50,0.20652173913043478,19,92,28,3,42,-54,0.4,False
4405,1KHM,A,89,4214,2TMP,A,train,127,0.2595419847328244,34,131,51,42,4,-63,0.4,False
4405,1KHM,A,89,4215,1SSN,A,train,136,0.23943661971830985,34,142,49,53,6,-74,0.4,False
4405,1KHM,A,89,4216,1BHI,A,train,38,0.19101123595505617,17,89,21,0,51,-55,0.4,False
4405,1KHM,A,89,4217,1BHU,A,val,102,0.2672413793103448,31,116,44,27,14,-54,0.4,False
4405,1KHM,A,89,4222,1MNL,A,train,91,0.2777777777777778,30,108,42,19,17,-48,0.4,False
4405,1KHM,A,89,4223,1TBA,A,test,67,0.2857142857142857,28,98,30,9,31,-42,0.4,False
4405,1KHM,A,89,4224,1MYO,A,train,118,0.21487603305785125,26,121,60,32,3,-69,0.4,False
4405,1KHM,A,89,4225,3GRX,A,val,82,0.25961538461538464,27,104,40,15,22,-50,0.4,False
4405,1KHM,A,89,4227,1BQZ,A,test,77,0.2553191489361702,24,94,48,5,17,-46,0.4,False
4405,1KHM,A,89,4228,1BQ0,A,test,77,0.2553191489361702,24,94,48,5,17,-46,0.4,False
4405,1KHM,A,89,4230,1BUQ,A,test,125,0.23703703703703705,32,135,47,46,10,-71,0.4,False
4405,1KHM,A,89,4241,2XBD,A,train,87,0.19801980198019803,20,101,55,12,14,-61,0.4,False
4405,1KHM,A,89,4242,3MSP,A,test,126,0.2740740740740741,37,135,43,46,9,-61,0.4,False
4405,1KHM,A,89,4248,2LEF,A,train,86,0.23,23,100,52,11,14,-54,0.4,False
4405,1KHM,A,89,4249,1XPA,A,train,113,0.224,28,125,49,36,12,-69,0.4,False
4405,1KHM,A,89,4254,1L3G,A,val,123,0.25757575757575757,34,132,46,43,9,-64,0.4,False
4405,1KHM,A,89,4255,2IF1,A,train,126,0.2537313432835821,34,134,47,45,8,-66,0.4,False
4405,1KHM,A,89,4262,1BZF,A,train,162,0.20245398773006135,33,163,55,74,1,-97,0.4,False
4405,1KHM,A,89,4263,2NMB,A,val,147,0.2119205298013245,32,151,53,62,4,-87,0.4,False
4405,1KHM,A,89,4265,1DS9,A,train,198,0.195,39,200,48,111,2,-122,0.4,False
4405,1KHM,A,89,4269,1GHT,A,test,105,0.2711864406779661,32,118,44,29,13,-54,0.4,False
4405,1KHM,A,89,4271,1JFJ,A,train,134,0.2116788321167883,29,137,57,48,3,-79,0.4,False
4405,1KHM,A,89,4276,1B2I,A,train,83,0.20202020202020202,20,99,53,10,16,-59,0.4,False
4405,1KHM,A,89,4281,1Z0R,A,train,53,0.25,23,92,27,3,39,-46,0.4,False
4405,1KHM,A,89,4285,1K2H,A,test,93,0.24561403508771928,28,114,40,25,21,-58,0.4,False
4405,1KHM,A,89,4299,2F63,A,train,158,0.22981366459627328,37,161,49,72,3,-87,0.4,False
4405,1KHM,A,89,4300,2F65,A,train,158,0.22981366459627328,37,161,49,72,3,-87,0.4,False
4405,1KHM,A,89,4312,1JM4,B,train,118,0.232,29,125,53,36,7,-67,0.4,False
4405,1KHM,A,89,4313,1ZRR,A,train,179,0.21428571428571427,39,182,47,93,3,-104,0.4,False
4405,1KHM,A,89,4334,1KQQ,A,test,131,0.2357142857142857,33,140,47,51,9,-74,0.4,False
4405,1KHM,A,89,4342,1LY7,A,train,121,0.232,29,125,56,36,4,-67,0.4,False
4407,1CMZ,A,128,3322,1E8P,A,train,46,0.183206106870229,24,131,19,3,85,-83,0.4,False
4407,1CMZ,A,128,4023,1Q2N,A,train,58,0.20155038759689922,26,129,31,1,71,-77,0.4,False
4407,1CMZ,A,128,4052,1JOO,A,val,149,0.24390243902439024,40,164,73,36,15,-84,0.4,False
4407,1CMZ,A,128,4053,1JOQ,A,val,149,0.24390243902439024,40,164,73,36,15,-84,0.4,False
4407,1CMZ,A,128,4089,2DEF,A,train,146,0.27485380116959063,47,171,56,43,25,-77,0.4,False
4407,1CMZ,A,128,4090,2EZH,A,val,65,0.25190839694656486,33,131,29,3,66,-65,0.4,False
4407,1CMZ,A,128,4114,1A5J,A,train,110,0.2391304347826087,33,138,67,10,28,-72,0.4,False
4407,1CMZ,A,128,4129,1Q80,A,train,174,0.2620320855614973,49,187,66,59,13,-89,0.4,False
4407,1CMZ,A,128,4141,1NK2,P,train,77,0.2366412213740458,31,131,43,3,54,-69,0.4,False
4407,1CMZ,A,128,4147,1H95,A,train,79,0.22058823529411764,30,136,41,8,57,-76,0.4,False
4407,1CMZ,A,128,4153,1RXR,A,train,83,0.21212121212121213,28,132,51,4,49,-76,0.4,False
4407,1CMZ,A,128,4155,1EOT,A,train,74,0.22900763358778625,30,131,41,3,57,-71,0.4,False
4407,1CMZ,A,128,4156,1BJX,A,train,110,0.2517985611510791,35,139,64,11,29,-69,0.4,False
4407,1CMZ,A,128,4173,1BM6,A,train,173,0.22826086956521738,42,184,75,56,11,-100,0.4,False
4407,1CMZ,A,128,4177,1BO0,A,train,76,0.21212121212121213,28,132,44,4,56,-76,0.4,False
4407,1CMZ,A,128,4184,1EH2,A,train,95,0.25925925925925924,35,135,53,7,40,-65,0.4,False
4407,1CMZ,A,128,4186,1BLR,A,val,137,0.25925925925925924,42,162,61,34,25,-78,0.4,False
4407,1CMZ,A,128,4188,1BCI,A,test,123,0.24503311258278146,37,151,63,23,28,-77,0.4,False
4407,1CMZ,A,128,4197,2CPS,A,train,50,0.1937984496124031,25,129,24,1,79,-79,0.4,False
4407,1CMZ,A,128,4198,1BR0,A,train,120,0.2638888888888889,38,144,66,16,24,-68,0.4,False
4407,1CMZ,A,128,4199,3NLA,A,train,73,0.24812030075187969,33,133,35,5,60,-67,0.4,False
4407,1CMZ,A,128,4202,1BA9,A,train,153,0.24277456647398843,42,173,66,45,20,-89,0.4,False
4407,1CMZ,A,128,4206,1MFN,A,train,184,0.2849740932642487,55,193,64,65,9,-83,0.4,False
4407,1CMZ,A,128,4207,2ORC,A,train,71,0.2196969696969697,29,132,38,4,61,-74,0.4,False
4407,1CMZ,A,128,4209,2CPB,A,train,50,0.1937984496124031,25,129,24,1,79,-79,0.4,False
4407,1CMZ,A,128,4214,2TMP,A,train,127,0.2635135135135135,39,148,68,20,21,-70,0.4,False
4407,1CMZ,A,128,4215,1SSN,A,train,136,0.2645161290322581,41,155,68,27,19,-73,0.4,False
4407,1CMZ,A,128,4216,1BHI,A,train,38,0.15503875968992248,20,129,17,1,91,-89,0.4,False
4407,1CMZ,A,128,4217,1BHU,A,val,102,0.2571428571428571,36,140,54,12,38,-68,0.4,False
4407,1CMZ,A,128,4222,1MNL,A,train,91,0.2391304347826087,33,138,48,10,47,-72,0.4,False
4407,1CMZ,A,128,4223,1TBA,A,test,67,0.21705426356589147,28,129,38,1,62,-73,0.4,False
4407,1CMZ,A,128,4224,1MYO,A,train,118,0.2689655172413793,39,145,62,17,27,-67,0.4,False
4407,1CMZ,A,128,4225,3GRX,A,val,82,0.24427480916030533,32,131,47,3,49,-67,0.4,False
4407,1CMZ,A,128,4227,1BQZ,A,test,77,0.2196969696969697,29,132,44,4,55,-74,0.4,False
4407,1CMZ,A,128,4228,1BQ0,A,test,77,0.2196969696969697,29,132,44,4,55,-74,0.4,False
4407,1CMZ,A,128,4230,1BUQ,A,test,125,0.2413793103448276,35,145,73,17,20,-75,0.4,False
4407,1CMZ,A,128,4241,2XBD,A,train,87,0.22556390977443608,30,133,52,5,46,-73,0.4,False
4407,1CMZ,A,128,4242,3MSP,A,test,126,0.25806451612903225,40,155,59,27,29,-75,0.4,False
4407,1CMZ,A,128,4248,2LEF,A,train,86,0.24444444444444444,33,135,46,7,49,-69,0.4,False
4407,1CMZ,A,128,4249,1XPA,A,train,113,0.2318840579710145,32,138,71,10,25,-74,0.4,False
4407,1CMZ,A,128,4254,1L3G,A,val,123,0.2684563758389262,40,149,62,21,26,-69,0.4,False
4407,1CMZ,A,128,4255,2IF1,A,train,126,0.22,33,150,71,22,24,-84,0.4,False
4407,1CMZ,A,128,4262,1BZF,A,train,162,0.2556818181818182,45,176,69,48,14,-86,0.4,False
4407,1CMZ,A,128,4263,2NMB,A,val,147,0.28313253012048195,47,166,62,38,19,-72,0.4,False
4407,1CMZ,A,128,4265,1DS9,A,train,198,0.2549019607843137,52,204,70,76,6,-100,0.4,False
4407,1CMZ,A,128,4269,1GHT,A,test,105,0.2642857142857143,37,140,56,12,35,-66,0.4,False
4407,1CMZ,A,128,4271,1JFJ,A,train,134,0.25477707006369427,40,157,65,29,23,-77,0.4,False
4407,1CMZ,A,128,4276,1B2I,A,train,83,0.22727272727272727,30,132,49,4,49,-72,0.4,False
4407,1CMZ,A,128,4281,1Z0R,A,train,53,0.2153846153846154,28,130,23,2,77,-74,0.4,False
4407,1CMZ,A,128,4285,1K2H,A,test,93,0.2463768115942029,34,138,49,10,45,-70,0.4,False
4407,1CMZ,A,128,4299,2F63,A,train,158,0.26011560693641617,45,173,68,45,15,-83,0.4,False
4407,1CMZ,A,128,4300,2F65,A,train,158,0.26011560693641617,45,173,68,45,15,-83,0.4,False
4407,1CMZ,A,128,4312,1JM4,B,train,118,0.26174496644295303,39,149,58,21,31,-71,0.4,False
4407,1CMZ,A,128,4313,1ZRR,A,train,179,0.27461139896373055,53,193,61,65,14,-87,0.4,False
4407,1CMZ,A,128,4334,1KQQ,A,test,131,0.2802547770700637,44,157,58,29,26,-69,0.4,False
4407,1CMZ,A,128,4342,1LY7,A,train,121,0.23776223776223776,34,143,72,15,22,-75,0.4,False
4413,1COK,A,68,3322,1E8P,A,train,46,0.25333333333333335,19,75,20,7,29,-37,0.4,False
4413,1COK,A,68,4023,1Q2N,A,train,58,0.25,19,76,31,8,18,-38,0.4,False
4413,1COK,A,68,4052,1JOO,A,val,149,0.21019108280254778,33,157,27,89,8,-91,0.4,False
4413,1COK,A,68,4053,1JOQ,A,val,149,0.21019108280254778,33,157,27,89,8,-91,0.4,False
4413,1COK,A,68,4089,2DEF,A,train,146,0.23648648648648649,35,148,31,80,2,-78,0.4,False
4413,1COK,A,68,4090,2EZH,A,val,65,0.23376623376623376,18,77,38,9,12,-41,0.4,False
4413,1COK,A,68,4114,1A5J,A,train,110,0.2413793103448276,28,116,34,48,6,-60,0.4,False
4413,1COK,A,68,4129,1Q80,A,train,174,0.17613636363636365,31,176,35,108,2,-114,0.4,False
4413,1COK,A,68,4141,1NK2,P,train,77,0.2988505747126437,26,87,32,19,10,-35,0.4,False
4413,1COK,A,68,4147,1H95,A,train,79,0.20238095238095238,17,84,46,16,5,-50,0.4,False
4413,1COK,A,68,4153,1RXR,A,train,83,0.25806451612903225,24,93,34,25,10,-45,0.4,False
4413,1COK,A,68,4155,1EOT,A,train,74,0.25925925925925924,21,81,40,13,7,-39,0.4,False
4413,1COK,A,68,4156,1BJX,A,train,110,0.22807017543859648,26,114,38,46,4,-62,0.4,False
4413,1COK,A,68,4173,1BM6,A,train,173,0.20689655172413793,36,174,31,106,1,-102,0.4,False
4413,1COK,A,68,4177,1BO0,A,train,76,0.23809523809523808,20,84,40,16,8,-44,0.4,False
4413,1COK,A,68,4184,1EH2,A,train,95,0.2524271844660194,26,103,34,35,8,-51,0.4,False
4413,1COK,A,68,4186,1BLR,A,val,137,0.2014388489208633,28,139,38,71,2,-83,0.4,False
4413,1COK,A,68,4188,1BCI,A,test,123,0.208,26,125,40,57,2,-73,0.4,False
4413,1COK,A,68,4197,2CPS,A,train,50,0.2222222222222222,16,72,30,4,22,-40,0.4,False
4413,1COK,A,68,4198,1BR0,A,train,120,0.21138211382113822,26,123,39,55,3,-71,0.4,False
4413,1COK,A,68,4199,3NLA,A,train,73,0.25882352941176473,22,85,34,17,12,-41,0.4,False
4413,1COK,A,68,4202,1BA9,A,train,153,0.22727272727272727,35,154,32,86,1,-84,0.4,False
4413,1COK,A,68,4206,1MFN,A,train,184,0.19786096256684493,37,187,28,119,3,-113,0.4,False
4413,1COK,A,68,4207,2ORC,A,train,71,0.18181818181818182,14,77,48,9,6,-49,0.4,False
4413,1COK,A,68,4209,2CPB,A,train,50,0.2222222222222222,16,72,30,4,22,-40,0.4,False
4413,1COK,A,68,4214,2TMP,A,train,127,0.2248062015503876,29,129,37,61,2,-71,0.4,False
4413,1COK,A,68,4215,1SSN,A,train,136,0.22142857142857142,31,140,33,72,4,-78,0.4,False
4413,1COK,A,68,4216,1BHI,A,train,38,0.2876712328767123,21,73,12,5,35,-31,0.4,False
4413,1COK,A,68,4217,1BHU,A,val,102,0.2761904761904762,29,105,36,37,3,-47,0.4,False
4413,1COK,A,68,4222,1MNL,A,train,91,0.23655913978494625,22,93,44,25,2,-49,0.4,False
4413,1COK,A,68,4223,1TBA,A,test,67,0.275,22,80,33,12,13,-36,0.4,False
4413,1COK,A,68,4224,1MYO,A,train,118,0.2,24,120,42,52,2,-72,0.4,False
4413,1COK,A,68,4225,3GRX,A,val,82,0.25274725274725274,23,91,36,23,9,-45,0.4,False
4413,1COK,A,68,4227,1BQZ,A,test,77,0.2619047619047619,22,84,39,16,7,-40,0.4,False
4413,1COK,A,68,4228,1BQ0,A,test,77,0.2619047619047619,22,84,39,16,7,-40,0.4,False
4413,1COK,A,68,4230,1BUQ,A,test,125,0.216,27,125,41,57,0,-71,0.4,False
4413,1COK,A,68,4241,2XBD,A,train,87,0.18478260869565216,17,92,46,24,5,-58,0.4,False
4413,1COK,A,68,4242,3MSP,A,test,126,0.21212121212121213,28,132,34,64,6,-76,0.4,False
4413,1COK,A,68,4248,2LEF,A,train,86,0.26881720430107525,25,93,36,25,7,-43,0.4,False
4413,1COK,A,68,4249,1XPA,A,train,113,0.23076923076923078,27,117,37,49,4,-63,0.4,False
4413,1COK,A,68,4254,1L3G,A,val,123,0.2204724409448819,28,127,36,59,4,-71,0.4,False
4413,1COK,A,68,4255,2IF1,A,train,126,0.26356589147286824,34,129,31,61,3,-61,0.4,False
4413,1COK,A,68,4262,1BZF,A,train,162,0.1901840490797546,31,163,36,95,1,-101,0.4,False
4413,1COK,A,68,4263,2NMB,A,val,147,0.22666666666666666,34,150,31,82,3,-82,0.4,False
4413,1COK,A,68,4265,1DS9,A,train,198,0.19402985074626866,39,201,26,133,3,-123,0.4,False
4413,1COK,A,68,4269,1GHT,A,test,105,0.26548672566371684,30,113,30,45,8,-53,0.4,False
4413,1COK,A,68,4271,1JFJ,A,train,134,0.21897810218978103,30,137,35,69,3,-77,0.4,False
4413,1COK,A,68,4276,1B2I,A,train,83,0.23157894736842105,22,95,34,27,12,-51,0.4,False
4413,1COK,A,68,4281,1Z0R,A,train,53,0.2361111111111111,17,72,32,4,19,-38,0.4,False
4413,1COK,A,68,4285,1K2H,A,test,93,0.18085106382978725,17,94,50,26,1,-60,0.4,False
4413,1COK,A,68,4299,2F63,A,train,158,0.23270440251572327,37,159,30,91,1,-85,0.4,False
4413,1COK,A,68,4300,2F65,A,train,158,0.23270440251572327,37,159,30,91,1,-85,0.4,False
4413,1COK,A,68,4312,1JM4,B,train,118,0.226890756302521,27,119,40,51,1,-65,0.4,False
4413,1COK,A,68,4313,1ZRR,A,train,179,0.20765027322404372,38,183,26,115,4,-107,0.4,False
4413,1COK,A,68,4334,1KQQ,A,test,131,0.21052631578947367,28,133,38,65,2,-77,0.4,False
4413,1COK,A,68,4342,1LY7,A,train,121,0.24,30,125,34,57,4,-65,0.4,False
4417,1B6F,A,159,3322,1E8P,A,train,46,0.14375,23,160,22,1,114,-114,0.4,False
4417,1B6F,A,159,4023,1Q2N,A,train,58,0.1875,30,160,27,1,102,-100,0.4,False
4417,1B6F,A,159,4052,1JOO,A,val,149,0.29444444444444445,53,180,75,21,31,-74,0.4,False
4417,1B6F,A,159,4053,1JOQ,A,val,149,0.29444444444444445,53,180,75,21,31,-74,0.4,False
4417,1B6F,A,159,4089,2DEF,A,train,146,0.273224043715847,50,183,72,24,37,-83,0.4,False
4417,1B6F,A,159,4090,2EZH,A,val,65,0.1875,30,160,34,1,95,-100,0.4,False
4417,1B6F,A,159,4114,1A5J,A,train,110,0.25,42,168,59,9,58,-84,0.4,False
4417,1B6F,A,159,4129,1Q80,A,train,174,0.25853658536585367,53,205,75,46,31,-99,0.4,False
4417,1B6F,A,159,4141,1NK2,P,train,77,0.2037037037037037,33,162,41,3,85,-96,0.4,False
4417,1B6F,A,159,4147,1H95,A,train,79,0.2236024844720497,36,161,41,2,82,-89,0.4,False
4417,1B6F,A,159,4153,1RXR,A,train,83,0.2222222222222222,36,162,44,3,79,-90,0.4,False
4417,1B6F,A,159,4155,1EOT,A,train,74,0.21951219512195122,36,164,33,5,90,-92,0.4,False
4417,1B6F,A,159,4156,1BJX,A,train,110,0.25,42,168,59,9,58,-84,0.4,False
4417,1B6F,A,159,4173,1BM6,A,train,173,0.25870646766169153,52,201,79,42,28,-97,0.4,False
4417,1B6F,A,159,4177,1BO0,A,train,76,0.21686746987951808,36,166,33,7,90,-94,0.4,False
4417,1B6F,A,159,4184,1EH2,A,train,95,0.24561403508771928,42,171,41,12,76,-87,0.4,False
4417,1B6F,A,159,4186,1BLR,A,val,137,0.2768361581920904,49,177,70,18,40,-79,0.4,False
4417,1B6F,A,159,4188,1BCI,A,test,123,0.2631578947368421,45,171,66,12,48,-81,0.4,False
4417,1B6F,A,159,4197,2CPS,A,train,50,0.19753086419753085,32,162,15,3,112,-98,0.4,False
4417,1B6F,A,159,4198,1BR0,A,train,120,0.27167630057803466,47,173,59,14,53,-79,0.4,False
4417,1B6F,A,159,4199,3NLA,A,train,73,0.2111801242236025,34,161,37,2,88,-93,0.4,False
4417,1B6F,A,159,4202,1BA9,A,train,153,0.2956989247311828,55,186,71,27,33,-76,0.4,False
4417,1B6F,A,159,4206,1MFN,A,train,184,0.2561576354679803,52,203,88,44,19,-99,0.4,False
4417,1B6F,A,159,4207,2ORC,A,train,71,0.2138364779874214,34,159,37,0,88,-91,0.4,False
4417,1B6F,A,159,4209,2CPB,A,train,50,0.19753086419753085,32,162,15,3,112,-98,0.4,False
4417,1B6F,A,159,4214,2TMP,A,train,127,0.25595238095238093,43,168,75,9,41,-82,0.4,False
4417,1B6F,A,159,4215,1SSN,A,train,136,0.2541436464088398,46,181,68,22,45,-89,0.4,False
4417,1B6F,A,159,4216,1BHI,A,train,38,0.13836477987421383,22,159,16,0,121,-115,0.4,False
4417,1B6F,A,159,4217,1BHU,A,val,102,0.2543352601156069,44,173,44,14,71,-85,0.4,False
4417,1B6F,A,159,4222,1MNL,A,train,91,0.25,41,164,45,5,73,-82,0.4,False
4417,1B6F,A,159,4223,1TBA,A,test,67,0.2345679012345679,38,162,26,3,95,-86,0.4,False
4417,1B6F,A,159,4224,1MYO,A,train,118,0.2573099415204678,44,171,62,12,53,-83,0.4,False
4417,1B6F,A,159,4225,3GRX,A,val,82,0.2331288343558282,38,163,40,4,81,-87,0.4,False
4417,1B6F,A,159,4227,1BQZ,A,test,77,0.21604938271604937,35,162,39,3,85,-92,0.4,False
4417,1B6F,A,159,4228,1BQ0,A,test,77,0.21604938271604937,35,162,39,3,85,-92,0.4,False
4417,1B6F,A,159,4230,1BUQ,A,test,125,0.27325581395348836,47,172,65,13,47,-78,0.4,False
4417,1B6F,A,159,4241,2XBD,A,train,87,0.24074074074074073,39,162,45,3,75,-84,0.4,False
4417,1B6F,A,159,4242,3MSP,A,test,126,0.25842696629213485,46,178,61,19,52,-86,0.4,False
4417,1B6F,A,159,4248,2LEF,A,train,86,0.19375,31,160,54,1,74,-98,0.4,False
4417,1B6F,A,159,4249,1XPA,A,train,113,0.2529411764705882,43,170,59,11,57,-84,0.4,False
4417,1B6F,A,159,4254,1L3G,A,val,123,0.24858757062146894,44,177,61,18,54,-89,0.4,False
4417,1B6F,A,159,4255,2IF1,A,train,126,0.2411764705882353,41,170,74,11,44,-88,0.4,False
4417,1B6F,A,159,4262,1BZF,A,train,162,0.24867724867724866,47,189,85,30,27,-95,0.4,False
4417,1B6F,A,159,4263,2NMB,A,val,147,0.24861878453038674,45,181,80,22,34,-91,0.4,False
4417,1B6F,A,159,4265,1DS9,A,train,198,0.2641509433962264,56,212,89,53,14,-100,0.4,False
4417,1B6F,A,159,4269,1GHT,A,test,105,0.23636363636363636,39,165,60,6,60,-87,0.4,False
4417,1B6F,A,159,4271,1JFJ,A,train,134,0.3055555555555556,55,180,58,21,46,-70,0.4,False
4417,1B6F,A,159,4276,1B2I,A,train,83,0.175,28,160,54,1,77,-104,0.4,False
4417,1B6F,A,159,4281,1Z0R,A,train,53,0.18238993710691823,29,159,24,0,106,-101,0.4,False
4417,1B6F,A,159,4285,1K2H,A,test,93,0.2345679012345679,38,162,52,3,69,-86,0.4,False
4417,1B6F,A,159,4299,2F63,A,train,158,0.2459016393442623,45,183,89,24,25,-93,0.4,False
4417,1B6F,A,159,4300,2F65,A,train,158,0.2459016393442623,45,183,89,24,25,-93,0.4,False
4417,1B6F,A,159,4312,1JM4,B,train,118,0.24855491329479767,43,173,61,14,55,-87,0.4,False
4417,1B6F,A,159,4313,1ZRR,A,train,179,0.2692307692307692,56,208,74,49,29,-96,0.4,False
4417,1B6F,A,159,4334,1KQQ,A,test,131,0.2905027932960894,52,179,59,20,48,-75,0.4,False
4417,1B6F,A,159,4342,1LY7,A,train,121,0.28901734104046245,50,173,57,14,52,-73,0.4,False
4424,1QHK,A,47,3322,1E8P,A,train,46,0.2413793103448276,14,58,21,11,12,-30,0.4,False
4424,1QHK,A,47,4023,1Q2N,A,train,58,0.25,16,64,25,17,6,-32,0.4,False
4424,1QHK,A,47,4052,1JOO,A,val,149,0.20666666666666667,31,150,15,103,1,-88,0.4,False
4424,1QHK,A,47,4053,1JOQ,A,val,149,0.20666666666666667,31,150,15,103,1,-88,0.4,False
4424,1QHK,A,47,4089,2DEF,A,train,146,0.1564625850340136,23,147,23,100,1,-101,0.4,False
4424,1QHK,A,47,4090,2EZH,A,val,65,0.16923076923076924,11,65,36,18,0,-43,0.4,False
4424,1QHK,A,47,4114,1A5J,A,train,110,0.1875,21,112,24,65,2,-70,0.4,False
4424,1QHK,A,47,4129,1Q80,A,train,174,0.16091954022988506,28,174,19,127,0,-118,0.4,False
4424,1QHK,A,47,4141,1NK2,P,train,77,0.22784810126582278,18,79,27,32,2,-43,0.4,False
4424,1QHK,A,47,4147,1H95,A,train,79,0.23170731707317074,19,82,25,35,3,-44,0.4,False
4424,1QHK,A,47,4153,1RXR,A,train,83,0.2261904761904762,19,84,27,37,1,-46,0.4,False
4424,1QHK,A,47,4155,1EOT,A,train,74,0.2631578947368421,20,76,25,29,2,-36,0.4,False
4424,1QHK,A,47,4156,1BJX,A,train,110,0.18181818181818182,20,110,27,63,0,-70,0.4,False
4424,1QHK,A,47,4173,1BM6,A,train,173,0.14942528735632185,26,174,20,127,1,-122,0.4,False
4424,1QHK,A,47,4177,1BO0,A,train,76,0.2261904761904762,19,84,20,37,8,-46,0.4,False
4424,1QHK,A,47,4184,1EH2,A,train,95,0.18181818181818182,18,99,25,52,4,-63,0.4,False
4424,1QHK,A,47,4186,1BLR,A,val,137,0.17518248175182483,24,137,23,90,0,-89,0.4,False
4424,1QHK,A,47,4188,1BCI,A,test,123,0.208,26,125,19,78,2,-73,0.4,False
4424,1QHK,A,47,4197,2CPS,A,train,50,0.2711864406779661,16,59,22,12,9,-27,0.4,False
4424,1QHK,A,47,4198,1BR0,A,train,120,0.1885245901639344,23,122,22,75,2,-76,0.4,False
4424,1QHK,A,47,4199,3NLA,A,train,73,0.2236842105263158,17,76,27,29,3,-42,0.4,False
4424,1QHK,A,47,4202,1BA9,A,train,153,0.16993464052287582,26,153,21,106,0,-101,0.4,False
4424,1QHK,A,47,4206,1MFN,A,train,184,0.14673913043478262,27,184,20,137,0,-130,0.4,False
4424,1QHK,A,47,4207,2ORC,A,train,71,0.24,18,75,25,28,4,-39,0.4,False
4424,1QHK,A,47,4209,2CPB,A,train,50,0.2711864406779661,16,59,22,12,9,-27,0.4,False
4424,1QHK,A,47,4214,2TMP,A,train,127,0.20930232558139536,27,129,18,82,2,-75,0.4,False
4424,1QHK,A,47,4215,1SSN,A,train,136,0.19117647058823528,26,136,21,89,0,-84,0.4,False
4424,1QHK,A,47,4216,1BHI,A,train,38,0.2641509433962264,14,53,18,6,15,-25,0.4,False
4424,1QHK,A,47,4217,1BHU,A,val,102,0.20754716981132076,22,106,21,59,4,-62,0.4,False
4424,1QHK,A,47,4222,1MNL,A,train,91,0.25,23,92,23,45,1,-46,0.4,False
4424,1QHK,A,47,4223,1TBA,A,test,67,0.24285714285714285,17,70,27,23,3,-36,0.4,False
4424,1QHK,A,47,4224,1MYO,A,train,118,0.20168067226890757,24,119,22,72,1,-71,0.4,False
4424,1QHK,A,47,4225,3GRX,A,val,82,0.1951219512195122,16,82,31,35,0,-50,0.4,False
4424,1QHK,A,47,4227,1BQZ,A,test,77,0.24050632911392406,19,79,26,32,2,-41,0.4,False
4424,1QHK,A,47,4228,1BQ0,A,test,77,0.24050632911392406,19,79,26,32,2,-41,0.4,False
4424,1QHK,A,47,4230,1BUQ,A,test,125,0.18253968253968253,23,126,23,79,1,-80,0.4,False
4424,1QHK,A,47,4241,2XBD,A,train,87,0.2159090909090909,19,88,27,41,1,-50,0.4,False
4424,1QHK,A,47,4242,3MSP,A,test,126,0.18110236220472442,23,127,23,80,1,-81,0.4,False
4424,1QHK,A,47,4248,2LEF,A,train,86,0.21505376344086022,20,93,20,46,7,-53,0.4,False
4424,1QHK,A,47,4249,1XPA,A,train,113,0.20689655172413793,24,116,20,69,3,-68,0.4,False
4424,1QHK,A,47,4254,1L3G,A,val,123,0.224,28,125,17,78,2,-69,0.4,False
4424,1QHK,A,47,4255,2IF1,A,train,126,0.1984126984126984,25,126,22,79,0,-76,0.4,False
4424,1QHK,A,47,4262,1BZF,A,train,162,0.17575757575757575,29,165,15,118,3,-107,0.4,False
4424,1QHK,A,47,4263,2NMB,A,val,147,0.16891891891891891,25,148,21,101,1,-98,0.4,False
4424,1QHK,A,47,4265,1DS9,A,train,198,0.13636363636363635,27,198,20,151,0,-144,0.4,False
4424,1QHK,A,47,4269,1GHT,A,test,105,0.2,21,105,26,58,0,-63,0.4,False
4424,1QHK,A,47,4271,1JFJ,A,train,134,0.1925925925925926,26,135,20,88,1,-83,0.4,False
4424,1QHK,A,47,4276,1B2I,A,train,83,0.20238095238095238,17,84,29,37,1,-50,0.4,False
4424,1QHK,A,47,4281,1Z0R,A,train,53,0.27419354838709675,17,62,21,15,9,-28,0.4,False
4424,1QHK,A,47,4285,1K2H,A,test,93,0.21052631578947367,20,95,25,48,2,-55,0.4,False
4424,1QHK,A,47,4299,2F63,A,train,158,0.16352201257861634,26,159,20,112,1,-107,0.4,False
4424,1QHK,A,47,4300,2F65,A,train,158,0.16352201257861634,26,159,20,112,1,-107,0.4,False
4424,1QHK,A,47,4312,1JM4,B,train,118,0.19166666666666668,23,120,22,73,2,-74,0.4,False
4424,1QHK,A,47,4313,1ZRR,A,train,179,0.14444444444444443,26,180,20,133,1,-128,0.4,False
4424,1QHK,A,47,4334,1KQQ,A,test,131,0.19402985074626866,26,134,18,87,3,-82,0.4,False
4424,1QHK,A,47,4342,1LY7,A,train,121,0.18548387096774194,23,124,21,77,3,-78,0.4,False
4425,3BDO,A,82,3322,1E8P,A,train,46,0.2247191011235955,20,89,19,7,43,-49,0.4,False
4425,3BDO,A,82,4023,1Q2N,A,train,58,0.17857142857142858,15,84,41,2,26,-54,0.4,False
4425,3BDO,A,82,4052,1JOO,A,val,149,0.2564102564102564,40,156,35,74,7,-76,0.4,False
4425,3BDO,A,82,4053,1JOQ,A,val,149,0.2564102564102564,40,156,35,74,7,-76,0.4,False
4425,3BDO,A,82,4089,2DEF,A,train,146,0.22666666666666666,34,150,44,68,4,-82,0.4,False
4425,3BDO,A,82,4090,2EZH,A,val,65,0.22727272727272727,20,88,39,6,23,-48,0.4,False
4425,3BDO,A,82,4114,1A5J,A,train,110,0.24193548387096775,30,124,38,42,14,-64,0.4,False
4425,3BDO,A,82,4129,1Q80,A,train,174,0.21428571428571427,39,182,35,100,8,-104,0.4,False
4425,3BDO,A,82,4141,1NK2,P,train,77,0.22916666666666666,22,96,41,14,19,-52,0.4,False
4425,3BDO,A,82,4147,1H95,A,train,79,0.2653061224489796,26,98,37,16,19,-46,0.4,False
4425,3BDO,A,82,4153,1RXR,A,train,83,0.24489795918367346,24,98,43,16,15,-50,0.4,False
4425,3BDO,A,82,4155,1EOT,A,train,74,0.25,24,96,36,14,22,-48,0.4,False
4425,3BDO,A,82,4156,1BJX,A,train,110,0.2857142857142857,34,119,39,37,9,-51,0.4,False
4425,3BDO,A,82,4173,1BM6,A,train,173,0.21468926553672316,38,177,40,95,4,-101,0.4,False
4425,3BDO,A,82,4177,1BO0,A,train,76,0.22826086956521738,21,92,45,10,16,-50,0.4,False
4425,3BDO,A,82,4184,1EH2,A,train,95,0.2830188679245283,30,106,41,24,11,-46,0.4,False
4425,3BDO,A,82,4186,1BLR,A,val,137,0.2553191489361702,36,141,42,59,4,-69,0.4,False
4425,3BDO,A,82,4188,1BCI,A,test,123,0.25196850393700787,32,127,46,45,4,-63,0.4,False
4425,3BDO,A,82,4197,2CPS,A,train,50,0.23809523809523808,20,84,28,2,34,-44,0.4,False
4425,3BDO,A,82,4198,1BR0,A,train,120,0.22131147540983606,27,122,53,40,2,-68,0.4,False
4425,3BDO,A,82,4199,3NLA,A,train,73,0.28,28,100,27,18,27,-44,0.4,False
4425,3BDO,A,82,4202,1BA9,A,train,153,0.24675324675324675,38,154,43,72,1,-78,0.4,False
4425,3BDO,A,82,4206,1MFN,A,train,184,0.2127659574468085,40,188,38,106,4,-108,0.4,False
4425,3BDO,A,82,4207,2ORC,A,train,71,0.25882352941176473,22,85,46,3,14,-41,0.4,False
4425,3BDO,A,82,4209,2CPB,A,train,50,0.23809523809523808,20,84,28,2,34,-44,0.4,False
4425,3BDO,A,82,4214,2TMP,A,train,127,0.23308270676691728,31,133,45,51,6,-71,0.4,False
4425,3BDO,A,82,4215,1SSN,A,train,136,0.2702702702702703,40,148,30,66,12,-68,0.4,False
4425,3BDO,A,82,4216,1BHI,A,train,38,0.1927710843373494,16,83,21,1,45,-51,0.4,False
4425,3BDO,A,82,4217,1BHU,A,val,102,0.26785714285714285,30,112,42,30,10,-52,0.4,False
4425,3BDO,A,82,4222,1MNL,A,train,91,0.25688073394495414,28,109,36,27,18,-53,0.4,False
4425,3BDO,A,82,4223,1TBA,A,test,67,0.23255813953488372,20,86,43,4,19,-46,0.4,False
4425,3BDO,A,82,4224,1MYO,A,train,118,0.232,29,125,46,43,7,-67,0.4,False
4425,3BDO,A,82,4225,3GRX,A,val,82,0.27,27,100,37,18,18,-46,0.4,False
4425,3BDO,A,82,4227,1BQZ,A,test,77,0.2765957446808511,26,94,39,12,17,-42,0.4,False
4425,3BDO,A,82,4228,1BQ0,A,test,77,0.2765957446808511,26,94,39,12,17,-42,0.4,False
4425,3BDO,A,82,4230,1BUQ,A,test,125,0.2265625,29,128,50,46,3,-70,0.4,False
4425,3BDO,A,82,4241,2XBD,A,train,87,0.22772277227722773,23,101,45,19,14,-55,0.4,False
4425,3BDO,A,82,4242,3MSP,A,test,126,0.2366412213740458,31,131,46,49,5,-69,0.4,False
4425,3BDO,A,82,4248,2LEF,A,train,86,0.21,21,100,47,18,14,-58,0.4,False
4425,3BDO,A,82,4249,1XPA,A,train,113,0.2605042016806723,31,119,45,37,6,-57,0.4,False
4425,3BDO,A,82,4254,1L3G,A,val,123,0.24806201550387597,32,129,44,47,6,-65,0.4,False
4425,3BDO,A,82,4255,2IF1,A,train,126,0.2595419847328244,34,131,43,49,5,-63,0.4,False
4425,3BDO,A,82,4262,1BZF,A,train,162,0.23952095808383234,40,167,37,85,5,-87,0.4,False
4425,3BDO,A,82,4263,2NMB,A,val,147,0.22875816993464052,35,153,41,71,6,-83,0.4,False
4425,3BDO,A,82,4265,1DS9,A,train,198,0.21717171717171718,43,198,39,116,0,-112,0.4,False
4425,3BDO,A,82,4269,1GHT,A,test,105,0.24299065420560748,26,107,54,25,2,-55,0.4,False
4425,3BDO,A,82,4271,1JFJ,A,train,134,0.2553191489361702,36,141,39,59,7,-69,0.4,False
4425,3BDO,A,82,4276,1B2I,A,train,83,0.20212765957446807,19,94,52,12,11,-56,0.4,False
4425,3BDO,A,82,4281,1Z0R,A,train,53,0.25301204819277107,21,83,31,1,30,-41,0.4,False
4425,3BDO,A,82,4285,1K2H,A,test,93,0.2702702702702703,30,111,34,29,18,-51,0.4,False
4425,3BDO,A,82,4299,2F63,A,train,158,0.2484472049689441,40,161,39,79,3,-81,0.4,False
4425,3BDO,A,82,4300,2F65,A,train,158,0.2484472049689441,40,161,39,79,3,-81,0.4,False
4425,3BDO,A,82,4312,1JM4,B,train,118,0.25396825396825395,32,126,42,44,8,-62,0.4,False
4425,3BDO,A,82,4313,1ZRR,A,train,179,0.20994475138121546,38,181,42,99,2,-105,0.4,False
4425,3BDO,A,82,4334,1KQQ,A,test,131,0.23529411764705882,32,136,45,54,5,-72,0.4,False
4425,3BDO,A,82,4342,1LY7,A,train,121,0.234375,30,128,45,46,7,-68,0.4,False
4426,2BDO,A,80,3322,1E8P,A,train,46,0.1875,15,80,31,0,34,-50,0.4,False
4426,2BDO,A,80,4023,1Q2N,A,train,58,0.18292682926829268,15,82,41,2,24,-52,0.4,False
4426,2BDO,A,80,4052,1JOO,A,val,149,0.25,39,156,34,76,7,-78,0.4,False
4426,2BDO,A,80,4053,1JOQ,A,val,149,0.25,39,156,34,76,7,-78,0.4,False
4426,2BDO,A,80,4089,2DEF,A,train,146,0.21768707482993196,32,147,47,67,1,-83,0.4,False
4426,2BDO,A,80,4090,2EZH,A,val,65,0.22988505747126436,20,87,38,7,22,-47,0.4,False
4426,2BDO,A,80,4114,1A5J,A,train,110,0.2459016393442623,30,122,38,42,12,-62,0.4,False
4426,2BDO,A,80,4129,1Q80,A,train,174,0.2185792349726776,40,183,31,103,9,-103,0.4,False
4426,2BDO,A,80,4141,1NK2,P,train,77,0.22340425531914893,21,94,42,14,17,-52,0.4,False
4426,2BDO,A,80,4147,1H95,A,train,79,0.2631578947368421,25,95,39,15,16,-45,0.4,False
4426,2BDO,A,80,4153,1RXR,A,train,83,0.24489795918367346,24,98,41,18,15,-50,0.4,False
4426,2BDO,A,80,4155,1EOT,A,train,74,0.24468085106382978,23,94,37,14,20,-48,0.4,False
4426,2BDO,A,80,4156,1BJX,A,train,110,0.2689075630252101,32,119,39,39,9,-55,0.4,False
4426,2BDO,A,80,4173,1BM6,A,train,173,0.21468926553672316,38,177,38,97,4,-101,0.4,False
4426,2BDO,A,80,4177,1BO0,A,train,76,0.23333333333333334,21,90,45,10,14,-48,0.4,False
4426,2BDO,A,80,4184,1EH2,A,train,95,0.27358490566037735,29,106,40,26,11,-48,0.4,False
4426,2BDO,A,80,4186,1BLR,A,val,137,0.2571428571428571,36,140,41,60,3,-68,0.4,False
4426,2BDO,A,80,4188,1BCI,A,test,123,0.26356589147286824,34,129,40,49,6,-61,0.4,False
4426,2BDO,A,80,4197,2CPS,A,train,50,0.2289156626506024,19,83,28,3,33,-45,0.4,False
4426,2BDO,A,80,4198,1BR0,A,train,120,0.22131147540983606,27,122,51,42,2,-68,0.4,False
4426,2BDO,A,80,4199,3NLA,A,train,73,0.27,27,100,26,20,27,-46,0.4,False
4426,2BDO,A,80,4202,1BA9,A,train,153,0.23376623376623376,36,154,43,74,1,-82,0.4,False
4426,2BDO,A,80,4206,1MFN,A,train,184,0.20855614973262032,39,187,38,107,3,-109,0.4,False
4426,2BDO,A,80,4207,2ORC,A,train,71,0.2619047619047619,22,84,45,4,13,-40,0.4,False
4426,2BDO,A,80,4209,2CPB,A,train,50,0.2289156626506024,19,83,28,3,33,-45,0.4,False
4426,2BDO,A,80,4214,2TMP,A,train,127,0.23484848484848486,31,132,44,52,5,-70,0.4,False
4426,2BDO,A,80,4215,1SSN,A,train,136,0.273972602739726,40,146,30,66,10,-66,0.4,False
4426,2BDO,A,80,4216,1BHI,A,train,38,0.19753086419753085,16,81,21,1,43,-49,0.4,False
4426,2BDO,A,80,4217,1BHU,A,val,102,0.2636363636363636,29,110,43,30,8,-52,0.4,False
4426,2BDO,A,80,4222,1MNL,A,train,91,0.2523364485981308,27,107,37,27,16,-53,0.4,False
4426,2BDO,A,80,4223,1TBA,A,test,67,0.23809523809523808,20,84,43,4,17,-44,0.4,False
4426,2BDO,A,80,4224,1MYO,A,train,118,0.232,29,125,44,45,7,-67,0.4,False
4426,2BDO,A,80,4225,3GRX,A,val,82,0.26262626262626265,26,99,37,19,17,-47,0.4,False
4426,2BDO,A,80,4227,1BQZ,A,test,77,0.26595744680851063,25,94,38,14,17,-44,0.4,False
4426,2BDO,A,80,4228,1BQ0,A,test,77,0.26595744680851063,25,94,38,14,17,-44,0.4,False
4426,2BDO,A,80,4230,1BUQ,A,test,125,0.2265625,29,128,48,48,3,-70,0.4,False
4426,2BDO,A,80,4241,2XBD,A,train,87,0.20430107526881722,19,93,55,13,6,-55,0.4,False
4426,2BDO,A,80,4242,3MSP,A,test,126,0.2366412213740458,31,131,44,51,5,-69,0.4,False
4426,2BDO,A,80,4248,2LEF,A,train,86,0.21428571428571427,21,98,47,18,12,-56,0.4,False
4426,2BDO,A,80,4249,1XPA,A,train,113,0.2627118644067797,31,118,44,38,5,-56,0.4,False
4426,2BDO,A,80,4254,1L3G,A,val,123,0.25,32,128,43,48,5,-64,0.4,False
4426,2BDO,A,80,4255,2IF1,A,train,126,0.26153846153846155,34,130,42,50,4,-62,0.4,False
4426,2BDO,A,80,4262,1BZF,A,train,162,0.2275449101796407,38,167,37,87,5,-91,0.4,False
4426,2BDO,A,80,4263,2NMB,A,val,147,0.23026315789473684,35,152,40,72,5,-82,0.4,False
4426,2BDO,A,80,4265,1DS9,A,train,198,0.20707070707070707,41,198,39,118,0,-116,0.4,False
4426,2BDO,A,80,4269,1GHT,A,test,105,0.24528301886792453,26,106,53,26,1,-54,0.4,False
4426,2BDO,A,80,4271,1JFJ,A,train,134,0.24113475177304963,34,141,39,61,7,-73,0.4,False
4426,2BDO,A,80,4276,1B2I,A,train,83,0.20212765957446807,19,94,50,14,11,-56,0.4,False
4426,2BDO,A,80,4281,1Z0R,A,train,53,0.25925925925925924,21,81,31,1,28,-39,0.4,False
4426,2BDO,A,80,4285,1K2H,A,test,93,0.26851851851851855,29,108,36,28,15,-50,0.4,False
4426,2BDO,A,80,4299,2F63,A,train,158,0.2422360248447205,39,161,38,81,3,-83,0.4,False
4426,2BDO,A,80,4300,2F65,A,train,158,0.2422360248447205,39,161,38,81,3,-83,0.4,False
4426,2BDO,A,80,4312,1JM4,B,train,118,0.25396825396825395,32,126,40,46,8,-62,0.4,False
4426,2BDO,A,80,4313,1ZRR,A,train,179,0.20441988950276244,37,181,41,101,2,-107,0.4,False
4426,2BDO,A,80,4334,1KQQ,A,test,131,0.23529411764705882,32,136,43,56,5,-72,0.4,False
4426,2BDO,A,80,4342,1LY7,A,train,121,0.23015873015873015,29,126,46,46,5,-68,0.4,False
4428,1QQV,A,67,3322,1E8P,A,train,46,0.16176470588235295,11,68,34,1,22,-46,0.4,False
4428,1QQV,A,67,4023,1Q2N,A,train,58,0.2631578947368421,20,76,29,9,18,-36,0.4,False
4428,1QQV,A,67,4052,1JOO,A,val,149,0.24836601307189543,38,153,25,86,4,-77,0.4,False
4428,1QQV,A,67,4053,1JOQ,A,val,149,0.24836601307189543,38,153,25,86,4,-77,0.4,False
4428,1QQV,A,67,4089,2DEF,A,train,146,0.21476510067114093,32,149,32,82,3,-85,0.4,False
4428,1QQV,A,67,4090,2EZH,A,val,65,0.27848101265822783,22,79,31,12,14,-35,0.4,False
4428,1QQV,A,67,4114,1A5J,A,train,110,0.2882882882882883,32,111,34,44,1,-47,0.4,False
4428,1QQV,A,67,4129,1Q80,A,train,174,0.21022727272727273,37,176,28,109,2,-102,0.4,False
4428,1QQV,A,67,4141,1NK2,P,train,77,0.26506024096385544,22,83,39,16,6,-39,0.4,False
4428,1QQV,A,67,4147,1H95,A,train,79,0.24175824175824176,22,91,33,24,12,-47,0.4,False
4428,1QQV,A,67,4153,1RXR,A,train,83,0.19767441860465115,17,86,47,19,3,-52,0.4,False
4428,1QQV,A,67,4155,1EOT,A,train,74,0.25925925925925924,21,81,39,14,7,-39,0.4,False
4428,1QQV,A,67,4156,1BJX,A,train,110,0.2608695652173913,30,115,32,48,5,-55,0.4,False
4428,1QQV,A,67,4173,1BM6,A,train,173,0.20689655172413793,36,174,30,107,1,-102,0.4,False
4428,1QQV,A,67,4177,1BO0,A,train,76,0.23170731707317074,19,82,42,15,6,-44,0.4,False
4428,1QQV,A,67,4184,1EH2,A,train,95,0.27884615384615385,29,104,29,37,9,-46,0.4,False
4428,1QQV,A,67,4186,1BLR,A,val,137,0.23404255319148937,33,141,30,74,4,-75,0.4,False
4428,1QQV,A,67,4188,1BCI,A,test,123,0.216,27,125,38,58,2,-71,0.4,False
4428,1QQV,A,67,4197,2CPS,A,train,50,0.23376623376623376,18,77,22,10,27,-41,0.4,False
4428,1QQV,A,67,4198,1BR0,A,train,120,0.21774193548387097,27,124,36,57,4,-70,0.4,False
4428,1QQV,A,67,4199,3NLA,A,train,73,0.2619047619047619,22,84,34,17,11,-40,0.4,False
4428,1QQV,A,67,4202,1BA9,A,train,153,0.2129032258064516,33,155,32,88,2,-89,0.4,False
4428,1QQV,A,67,4206,1MFN,A,train,184,0.1774193548387097,33,186,32,119,2,-120,0.4,False
4428,1QQV,A,67,4207,2ORC,A,train,71,0.24358974358974358,19,78,41,11,7,-40,0.4,False
4428,1QQV,A,67,4209,2CPB,A,train,50,0.23376623376623376,18,77,22,10,27,-41,0.4,False
4428,1QQV,A,67,4214,2TMP,A,train,127,0.2248062015503876,29,129,36,62,2,-71,0.4,False
4428,1QQV,A,67,4215,1SSN,A,train,136,0.23776223776223776,34,143,26,76,7,-75,0.4,False
4428,1QQV,A,67,4216,1BHI,A,train,38,0.2463768115942029,17,69,19,2,31,-35,0.4,False
4428,1QQV,A,67,4217,1BHU,A,val,102,0.24271844660194175,25,103,41,36,1,-53,0.4,False
4428,1QQV,A,67,4222,1MNL,A,train,91,0.20430107526881722,19,93,46,26,2,-55,0.4,False
4428,1QQV,A,67,4223,1TBA,A,test,67,0.26582278481012656,21,79,34,12,12,-37,0.4,False
4428,1QQV,A,67,4224,1MYO,A,train,118,0.2459016393442623,30,122,33,55,4,-62,0.4,False
4428,1QQV,A,67,4225,3GRX,A,val,82,0.25,23,92,34,25,10,-46,0.4,False
4428,1QQV,A,67,4227,1BQZ,A,test,77,0.25,21,84,39,17,7,-42,0.4,False
4428,1QQV,A,67,4228,1BQ0,A,test,77,0.25,21,84,39,17,7,-42,0.4,False
4428,1QQV,A,67,4230,1BUQ,A,test,125,0.25384615384615383,33,130,29,63,5,-64,0.4,False
4428,1QQV,A,67,4241,2XBD,A,train,87,0.20833333333333334,20,96,38,29,9,-56,0.4,False
4428,1QQV,A,67,4242,3MSP,A,test,126,0.24427480916030533,32,131,30,64,5,-67,0.4,False
4428,1QQV,A,67,4248,2LEF,A,train,86,0.25287356321839083,22,87,44,20,1,-43,0.4,False
4428,1QQV,A,67,4249,1XPA,A,train,113,0.2288135593220339,27,118,35,51,5,-64,0.4,False
4428,1QQV,A,67,4254,1L3G,A,val,123,0.203125,26,128,36,61,5,-76,0.4,False
4428,1QQV,A,67,4255,2IF1,A,train,126,0.2265625,29,128,36,61,2,-70,0.4,False
4428,1QQV,A,67,4262,1BZF,A,train,162,0.20481927710843373,34,166,29,99,4,-98,0.4,False
4428,1QQV,A,67,4263,2NMB,A,val,147,0.2119205298013245,32,151,31,84,4,-87,0.4,False
4428,1QQV,A,67,4265,1DS9,A,train,198,0.18226600985221675,37,203,25,136,5,-129,0.4,False
4428,1QQV,A,67,4269,1GHT,A,test,105,0.2222222222222222,24,108,40,41,3,-60,0.4,False
4428,1QQV,A,67,4271,1JFJ,A,train,134,0.22627737226277372,31,137,33,70,3,-75,0.4,False
4428,1QQV,A,67,4276,1B2I,A,train,83,0.20930232558139536,18,86,46,19,3,-50,0.4,False
4428,1QQV,A,67,4281,1Z0R,A,train,53,0.2571428571428571,18,70,32,3,17,-34,0.4,False
4428,1QQV,A,67,4285,1K2H,A,test,93,0.23711340206185566,23,97,40,30,4,-51,0.4,False
4428,1QQV,A,67,4299,2F63,A,train,158,0.2222222222222222,36,162,27,95,4,-90,0.4,False
4428,1QQV,A,67,4300,2F65,A,train,158,0.2222222222222222,36,162,27,95,4,-90,0.4,False
4428,1QQV,A,67,4312,1JM4,B,train,118,0.26229508196721313,32,122,31,55,4,-58,0.4,False
4428,1QQV,A,67,4313,1ZRR,A,train,179,0.19889502762430938,36,181,29,114,2,-109,0.4,False
4428,1QQV,A,67,4334,1KQQ,A,test,131,0.22794117647058823,31,136,31,69,5,-74,0.4,False
4428,1QQV,A,67,4342,1LY7,A,train,121,0.22580645161290322,28,124,36,57,3,-68,0.4,False
4429,1RQU,A,120,3322,1E8P,A,train,46,0.13333333333333333,16,120,30,0,74,-88,0.4,False
4429,1RQU,A,120,4023,1Q2N,A,train,58,0.21666666666666667,26,120,32,0,62,-68,0.4,False
4429,1RQU,A,120,4052,1JOO,A,val,149,0.28662420382165604,45,157,67,37,8,-67,0.4,False
4429,1RQU,A,120,4053,1JOQ,A,val,149,0.28662420382165604,45,157,67,37,8,-67,0.4,False
4429,1RQU,A,120,4089,2DEF,A,train,146,0.2795031055900621,45,161,60,41,15,-71,0.4,False
4429,1RQU,A,120,4090,2EZH,A,val,65,0.22131147540983606,27,122,36,2,57,-68,0.4,False
4429,1RQU,A,120,4114,1A5J,A,train,110,0.24817518248175183,34,137,59,17,27,-69,0.4,False
4429,1RQU,A,120,4129,1Q80,A,train,174,0.25405405405405407,47,185,62,65,11,-91,0.4,False
4429,1RQU,A,120,4141,1NK2,P,train,77,0.18333333333333332,22,120,55,0,43,-76,0.4,False
4429,1RQU,A,120,4147,1H95,A,train,79,0.25203252032520324,31,123,45,3,44,-61,0.4,False
4429,1RQU,A,120,4153,1RXR,A,train,83,0.23015873015873015,29,126,48,6,43,-68,0.4,False
4429,1RQU,A,120,4155,1EOT,A,train,74,0.21311475409836064,26,122,46,2,48,-70,0.4,False
4429,1RQU,A,120,4156,1BJX,A,train,110,0.27941176470588236,38,136,56,16,26,-60,0.4,False
4429,1RQU,A,120,4173,1BM6,A,train,173,0.23333333333333334,42,180,71,60,7,-96,0.4,False
4429,1RQU,A,120,4177,1BO0,A,train,76,0.20634920634920634,26,126,44,6,50,-74,0.4,False
4429,1RQU,A,120,4184,1EH2,A,train,95,0.2558139534883721,33,129,53,9,34,-63,0.4,False
4429,1RQU,A,120,4186,1BLR,A,val,137,0.2838709677419355,44,155,58,35,18,-67,0.4,False
4429,1RQU,A,120,4188,1BCI,A,test,123,0.2714285714285714,38,140,65,20,17,-64,0.4,False
4429,1RQU,A,120,4197,2CPS,A,train,50,0.23140495867768596,28,121,21,1,71,-65,0.4,False
4429,1RQU,A,120,4198,1BR0,A,train,120,0.27941176470588236,38,136,66,16,16,-60,0.4,False
4429,1RQU,A,120,4199,3NLA,A,train,73,0.24193548387096775,30,124,39,4,51,-64,0.4,False
4429,1RQU,A,120,4202,1BA9,A,train,153,0.2641509433962264,42,159,72,39,6,-75,0.4,False
4429,1RQU,A,120,4206,1MFN,A,train,184,0.23157894736842105,44,190,70,70,6,-102,0.4,False
4429,1RQU,A,120,4207,2ORC,A,train,71,0.2396694214876033,29,121,41,1,50,-63,0.4,False
4429,1RQU,A,120,4209,2CPB,A,train,50,0.23140495867768596,28,121,21,1,71,-65,0.4,False
4429,1RQU,A,120,4214,2TMP,A,train,127,0.24087591240875914,33,137,77,17,10,-71,0.4,False
4429,1RQU,A,120,4215,1SSN,A,train,136,0.271523178807947,41,151,64,31,15,-69,0.4,False
4429,1RQU,A,120,4216,1BHI,A,train,38,0.17073170731707318,21,123,14,3,85,-81,0.4,False
4429,1RQU,A,120,4217,1BHU,A,val,102,0.2595419847328244,34,131,57,11,29,-63,0.4,False
4429,1RQU,A,120,4222,1MNL,A,train,91,0.2222222222222222,28,126,57,6,35,-70,0.4,False
4429,1RQU,A,120,4223,1TBA,A,test,67,0.23809523809523808,30,126,31,6,59,-66,0.4,False
4429,1RQU,A,120,4224,1MYO,A,train,118,0.2805755395683453,39,139,60,19,21,-61,0.4,False
4429,1RQU,A,120,4225,3GRX,A,val,82,0.25806451612903225,32,124,46,4,42,-60,0.4,False
4429,1RQU,A,120,4227,1BQZ,A,test,77,0.2713178294573643,35,129,33,9,52,-59,0.4,False
4429,1RQU,A,120,4228,1BQ0,A,test,77,0.2713178294573643,35,129,33,9,52,-59,0.4,False
4429,1RQU,A,120,4230,1BUQ,A,test,125,0.2876712328767123,42,146,57,26,21,-62,0.4,False
4429,1RQU,A,120,4241,2XBD,A,train,87,0.23387096774193547,29,124,54,4,37,-66,0.4,False
4429,1RQU,A,120,4242,3MSP,A,test,126,0.21830985915492956,31,142,73,22,16,-80,0.4,False
4429,1RQU,A,120,4248,2LEF,A,train,86,0.265625,34,128,44,8,42,-60,0.4,False
4429,1RQU,A,120,4249,1XPA,A,train,113,0.2595419847328244,34,131,68,11,18,-63,0.4,False
4429,1RQU,A,120,4254,1L3G,A,val,123,0.30935251798561153,43,139,61,19,16,-53,0.4,False
4429,1RQU,A,120,4255,2IF1,A,train,126,0.22916666666666666,33,144,69,24,18,-78,0.4,False
4429,1RQU,A,120,4262,1BZF,A,train,162,0.25146198830409355,43,171,68,51,9,-85,0.4,False
4429,1RQU,A,120,4263,2NMB,A,val,147,0.275,44,160,63,40,13,-72,0.4,False
4429,1RQU,A,120,4265,1DS9,A,train,198,0.25728155339805825,53,206,59,86,8,-100,0.4,False
4429,1RQU,A,120,4269,1GHT,A,test,105,0.25925925925925924,35,135,55,15,30,-65,0.4,False
4429,1RQU,A,120,4271,1JFJ,A,train,134,0.2620689655172414,38,145,71,25,11,-69,0.4,False
4429,1RQU,A,120,4276,1B2I,A,train,83,0.17886178861788618,22,123,58,3,40,-79,0.4,False
4429,1RQU,A,120,4281,1Z0R,A,train,53,0.2396694214876033,29,121,23,1,68,-63,0.4,False
4429,1RQU,A,120,4285,1K2H,A,test,93,0.24390243902439024,30,123,60,3,30,-63,0.4,False
4429,1RQU,A,120,4299,2F63,A,train,158,0.25443786982248523,43,169,66,49,11,-83,0.4,False
4429,1RQU,A,120,4300,2F65,A,train,158,0.25443786982248523,43,169,66,49,11,-83,0.4,False
4429,1RQU,A,120,4312,1JM4,B,train,118,0.2518518518518518,34,135,69,15,17,-67,0.4,False
4429,1RQU,A,120,4313,1ZRR,A,train,179,0.28061224489795916,55,196,48,76,17,-86,0.4,False
4429,1RQU,A,120,4334,1KQQ,A,test,131,0.25,35,140,76,20,9,-70,0.4,False
4429,1RQU,A,120,4342,1LY7,A,train,121,0.2426470588235294,33,136,72,16,15,-70,0.4,False
4430,1JWD,A,90,3322,1E8P,A,train,46,0.20652173913043478,19,92,25,2,46,-54,0.4,False
4430,1JWD,A,90,4023,1Q2N,A,train,58,0.24731182795698925,23,93,32,3,35,-47,0.4,False
4430,1JWD,A,90,4052,1JOO,A,val,149,0.2597402597402597,40,154,45,64,5,-74,0.4,False
4430,1JWD,A,90,4053,1JOQ,A,val,149,0.2597402597402597,40,154,45,64,5,-74,0.4,False
4430,1JWD,A,90,4089,2DEF,A,train,146,0.2597402597402597,40,154,42,64,8,-74,0.4,False
4430,1JWD,A,90,4090,2EZH,A,val,65,0.2631578947368421,25,95,35,5,30,-45,0.4,False
4430,1JWD,A,90,4114,1A5J,A,train,110,0.26495726495726496,31,117,52,27,7,-55,0.4,False
4430,1JWD,A,90,4129,1Q80,A,train,174,0.24022346368715083,43,179,42,89,5,-93,0.4,False
4430,1JWD,A,90,4141,1NK2,P,train,77,0.2727272727272727,27,99,41,9,22,-45,0.4,False
4430,1JWD,A,90,4147,1H95,A,train,79,0.2604166666666667,25,96,48,6,17,-46,0.4,False
4430,1JWD,A,90,4153,1RXR,A,train,83,0.30392156862745096,31,102,40,12,19,-40,0.4,False
4430,1JWD,A,90,4155,1EOT,A,train,74,0.25,24,96,44,6,22,-48,0.4,False
4430,1JWD,A,90,4156,1BJX,A,train,110,0.28448275862068967,33,116,51,26,6,-50,0.4,False
4430,1JWD,A,90,4173,1BM6,A,train,173,0.20454545454545456,36,176,51,86,3,-104,0.4,False
4430,1JWD,A,90,4177,1BO0,A,train,76,0.23958333333333334,23,96,47,6,20,-50,0.4,False
4430,1JWD,A,90,4184,1EH2,A,train,95,0.3153153153153153,35,111,39,21,16,-41,0.4,False
4430,1JWD,A,90,4186,1BLR,A,val,137,0.22857142857142856,32,140,55,50,3,-76,0.4,False
4430,1JWD,A,90,4188,1BCI,A,test,123,0.24444444444444444,33,135,45,45,12,-69,0.4,False
4430,1JWD,A,90,4197,2CPS,A,train,50,0.17777777777777778,16,90,34,0,40,-58,0.4,False
4430,1JWD,A,90,4198,1BR0,A,train,120,0.288,36,125,49,35,5,-53,0.4,False
4430,1JWD,A,90,4199,3NLA,A,train,73,0.25773195876288657,25,97,41,7,24,-47,0.4,False
4430,1JWD,A,90,4202,1BA9,A,train,153,0.25316455696202533,40,158,45,68,5,-78,0.4,False
4430,1JWD,A,90,4206,1MFN,A,train,184,0.21052631578947367,40,190,44,100,6,-110,0.4,False
4430,1JWD,A,90,4207,2ORC,A,train,71,0.24731182795698925,23,93,45,3,22,-47,0.4,False
4430,1JWD,A,90,4209,2CPB,A,train,50,0.17777777777777778,16,90,34,0,40,-58,0.4,False
4430,1JWD,A,90,4214,2TMP,A,train,127,0.24812030075187969,33,133,51,43,6,-67,0.4,False
4430,1JWD,A,90,4215,1SSN,A,train,136,0.2553191489361702,36,141,49,51,5,-69,0.4,False
4430,1JWD,A,90,4216,1BHI,A,train,38,0.21052631578947367,20,95,13,5,57,-55,0.4,False
4430,1JWD,A,90,4217,1BHU,A,val,102,0.2672413793103448,31,116,45,26,14,-54,0.4,False
4430,1JWD,A,90,4222,1MNL,A,train,91,0.2571428571428571,27,105,49,15,14,-51,0.4,False
4430,1JWD,A,90,4223,1TBA,A,test,67,0.28865979381443296,28,97,32,7,30,-41,0.4,False
4430,1JWD,A,90,4224,1MYO,A,train,118,0.2755905511811024,35,127,46,37,9,-57,0.4,False
4430,1JWD,A,90,4225,3GRX,A,val,82,0.26262626262626265,26,99,47,9,17,-47,0.4,False
4430,1JWD,A,90,4227,1BQZ,A,test,77,0.28,28,100,39,10,23,-44,0.4,False
4430,1JWD,A,90,4228,1BQ0,A,test,77,0.28,28,100,39,10,23,-44,0.4,False
4430,1JWD,A,90,4230,1BUQ,A,test,125,0.25190839694656486,33,131,51,41,6,-65,0.4,False
4430,1JWD,A,90,4241,2XBD,A,train,87,0.22330097087378642,23,103,51,13,16,-57,0.4,False
4430,1JWD,A,90,4242,3MSP,A,test,126,0.2746478873239437,39,142,35,52,16,-64,0.4,False
4430,1JWD,A,90,4248,2LEF,A,train,86,0.26,26,100,50,10,14,-48,0.4,False
4430,1JWD,A,90,4249,1XPA,A,train,113,0.2661290322580645,33,124,46,34,11,-58,0.4,False
4430,1JWD,A,90,4254,1L3G,A,val,123,0.2706766917293233,36,133,44,43,10,-61,0.4,False
4430,1JWD,A,90,4255,2IF1,A,train,126,0.26515151515151514,35,132,49,42,6,-62,0.4,False
4430,1JWD,A,90,4262,1BZF,A,train,162,0.2469879518072289,41,166,45,76,4,-84,0.4,False
4430,1JWD,A,90,4263,2NMB,A,val,147,0.25,38,152,47,62,5,-76,0.4,False
4430,1JWD,A,90,4265,1DS9,A,train,198,0.2524752475247525,51,202,35,112,4,-100,0.4,False
4430,1JWD,A,90,4269,1GHT,A,test,105,0.30833333333333335,37,120,38,30,15,-46,0.4,False
4430,1JWD,A,90,4271,1JFJ,A,train,134,0.28776978417266186,40,139,45,49,5,-59,0.4,False
4430,1JWD,A,90,4276,1B2I,A,train,83,0.23469387755102042,23,98,52,8,15,-52,0.4,False
4430,1JWD,A,90,4281,1Z0R,A,train,53,0.24175824175824176,22,91,30,1,38,-47,0.4,False
4430,1JWD,A,90,4285,1K2H,A,test,93,0.47959183673469385,47,98,38,8,5,-4,0.4,True
4430,1JWD,A,90,4299,2F63,A,train,158,0.26380368098159507,43,163,42,73,5,-77,0.4,False
4430,1JWD,A,90,4300,2F65,A,train,158,0.26380368098159507,43,163,42,73,5,-77,0.4,False
4430,1JWD,A,90,4312,1JM4,B,train,118,0.296,37,125,46,35,7,-51,0.4,False
4430,1JWD,A,90,4313,1ZRR,A,train,179,0.22702702702702704,42,185,42,95,6,-101,0.4,False
4430,1JWD,A,90,4334,1KQQ,A,test,131,0.25925925925925924,35,135,51,45,4,-65,0.4,False
4430,1JWD,A,90,4342,1LY7,A,train,121,0.23622047244094488,30,127,54,37,6,-67,0.4,False
4431,1CKV,A,141,3322,1E8P,A,train,46,0.1619718309859155,23,142,22,1,96,-96,0.4,False
4431,1CKV,A,141,4023,1Q2N,A,train,58,0.2191780821917808,32,146,21,5,88,-82,0.4,False
4431,1CKV,A,141,4052,1JOO,A,val,149,0.25903614457831325,43,166,81,25,17,-80,0.4,False
4431,1CKV,A,141,4053,1JOQ,A,val,149,0.25903614457831325,43,166,81,25,17,-80,0.4,False
4431,1CKV,A,141,4089,2DEF,A,train,146,0.26506024096385544,44,166,77,25,20,-78,0.4,False
4431,1CKV,A,141,4090,2EZH,A,val,65,0.2108843537414966,31,147,28,6,82,-85,0.4,False
4431,1CKV,A,141,4114,1A5J,A,train,110,0.24666666666666667,37,150,64,9,40,-76,0.4,False
4431,1CKV,A,141,4129,1Q80,A,train,174,0.26595744680851063,50,188,77,47,14,-88,0.4,False
4431,1CKV,A,141,4141,1NK2,P,train,77,0.2097902097902098,30,143,45,2,66,-83,0.4,False
4431,1CKV,A,141,4147,1H95,A,train,79,0.23076923076923078,33,143,44,2,64,-77,0.4,False
4431,1CKV,A,141,4153,1RXR,A,train,83,0.20689655172413793,30,145,49,4,62,-85,0.4,False
4431,1CKV,A,141,4155,1EOT,A,train,74,0.18181818181818182,26,143,46,2,69,-91,0.4,False
4431,1CKV,A,141,4156,1BJX,A,train,110,0.26490066225165565,40,151,60,10,41,-71,0.4,False
4431,1CKV,A,141,4173,1BM6,A,train,173,0.2513089005235602,48,191,75,50,18,-95,0.4,False
4431,1CKV,A,141,4177,1BO0,A,train,76,0.2097902097902098,30,143,44,2,67,-83,0.4,False
4431,1CKV,A,141,4184,1EH2,A,train,95,0.2635135135135135,39,148,49,7,53,-70,0.4,False
4431,1CKV,A,141,4186,1BLR,A,val,137,0.25748502994011974,43,167,68,26,30,-81,0.4,False
4431,1CKV,A,141,4188,1BCI,A,test,123,0.2721518987341772,43,158,63,17,35,-72,0.4,False
4431,1CKV,A,141,4197,2CPS,A,train,50,0.2112676056338028,30,142,19,1,92,-82,0.4,False
4431,1CKV,A,141,4198,1BR0,A,train,120,0.2948717948717949,46,156,59,15,36,-64,0.4,False
4431,1CKV,A,141,4199,3NLA,A,train,73,0.25,37,148,29,7,75,-74,0.4,False
4431,1CKV,A,141,4202,1BA9,A,train,153,0.2777777777777778,50,180,64,39,27,-80,0.4,False
4431,1CKV,A,141,4206,1MFN,A,train,184,0.2356020942408377,45,191,89,50,7,-101,0.4,False
4431,1CKV,A,141,4207,2ORC,A,train,71,0.2323943661971831,33,142,37,1,71,-76,0.4,False
4431,1CKV,A,141,4209,2CPB,A,train,50,0.2112676056338028,30,142,19,1,92,-82,0.4,False
4431,1CKV,A,141,4214,2TMP,A,train,127,0.2608695652173913,42,161,65,20,34,-77,0.4,False
4431,1CKV,A,141,4215,1SSN,A,train,136,0.28402366863905326,48,169,60,28,33,-73,0.4,False
4431,1CKV,A,141,4216,1BHI,A,train,38,0.16083916083916083,23,143,13,2,105,-97,0.4,False
4431,1CKV,A,141,4217,1BHU,A,val,102,0.2662337662337662,41,154,48,13,52,-72,0.4,False
4431,1CKV,A,141,4222,1MNL,A,train,91,0.24489795918367346,36,147,49,6,56,-75,0.4,False
4431,1CKV,A,141,4223,1TBA,A,test,67,0.23448275862068965,34,145,29,4,78,-77,0.4,False
4431,1CKV,A,141,4224,1MYO,A,train,118,0.25949367088607594,41,158,60,17,40,-76,0.4,False
4431,1CKV,A,141,4225,3GRX,A,val,82,0.22448979591836735,33,147,43,6,65,-81,0.4,False
4431,1CKV,A,141,4227,1BQZ,A,test,77,0.22972972972972974,34,148,36,7,71,-80,0.4,False
4431,1CKV,A,141,4228,1BQ0,A,test,77,0.22972972972972974,34,148,36,7,71,-80,0.4,False
4431,1CKV,A,141,4230,1BUQ,A,test,125,0.2830188679245283,45,159,62,18,34,-69,0.4,False
4431,1CKV,A,141,4241,2XBD,A,train,87,0.2206896551724138,32,145,51,4,58,-81,0.4,False
4431,1CKV,A,141,4242,3MSP,A,test,126,0.25625,41,160,66,19,34,-78,0.4,False
4431,1CKV,A,141,4248,2LEF,A,train,86,0.2535211267605634,36,142,49,1,56,-70,0.4,False
4431,1CKV,A,141,4249,1XPA,A,train,113,0.2549019607843137,39,153,62,12,40,-75,0.4,False
4431,1CKV,A,141,4254,1L3G,A,val,123,0.25806451612903225,40,155,69,14,32,-75,0.4,False
4431,1CKV,A,141,4255,2IF1,A,train,126,0.27044025157232704,43,159,65,18,33,-73,0.4,False
4431,1CKV,A,141,4262,1BZF,A,train,162,0.2571428571428571,45,175,83,34,13,-85,0.4,False
4431,1CKV,A,141,4263,2NMB,A,val,147,0.24705882352941178,42,170,76,29,23,-86,0.4,False
4431,1CKV,A,141,4265,1DS9,A,train,198,0.2583732057416268,54,209,76,68,11,-101,0.4,False
4431,1CKV,A,141,4269,1GHT,A,test,105,0.24305555555555555,35,144,67,3,39,-74,0.4,False
4431,1CKV,A,141,4271,1JFJ,A,train,134,0.2682926829268293,44,164,67,23,30,-76,0.4,False
4431,1CKV,A,141,4276,1B2I,A,train,83,0.22875816993464052,35,153,36,12,70,-83,0.4,False
4431,1CKV,A,141,4281,1Z0R,A,train,53,0.19858156028368795,28,141,25,0,88,-85,0.4,False
4431,1CKV,A,141,4285,1K2H,A,test,93,0.23448275862068965,34,145,55,4,52,-77,0.4,False
4431,1CKV,A,141,4299,2F63,A,train,158,0.2616279069767442,45,172,82,31,14,-82,0.4,False
4431,1CKV,A,141,4300,2F65,A,train,158,0.2616279069767442,45,172,82,31,14,-82,0.4,False
4431,1CKV,A,141,4312,1JM4,B,train,118,0.24161073825503357,36,149,74,8,31,-77,0.4,False
4431,1CKV,A,141,4313,1ZRR,A,train,179,0.26153846153846155,51,195,74,54,16,-93,0.4,False
4431,1CKV,A,141,4334,1KQQ,A,test,131,0.24848484848484848,41,165,66,24,34,-83,0.4,False
4431,1CKV,A,141,4342,1LY7,A,train,121,0.267515923566879,42,157,63,16,36,-73,0.4,False
4437,1CEJ,A,96,3322,1E8P,A,train,46,0.2268041237113402,22,97,23,1,51,-53,0.4,False
4437,1CEJ,A,96,4023,1Q2N,A,train,58,0.20618556701030927,20,97,37,1,39,-57,0.4,False
4437,1CEJ,A,96,4052,1JOO,A,val,149,0.22727272727272727,35,154,56,58,5,-84,0.4,False
4437,1CEJ,A,96,4053,1JOQ,A,val,149,0.22727272727272727,35,154,56,58,5,-84,0.4,False
4437,1CEJ,A,96,4089,2DEF,A,train,146,0.2236842105263158,34,152,56,56,6,-84,0.4,False
4437,1CEJ,A,96,4090,2EZH,A,val,65,0.20588235294117646,21,102,38,6,37,-60,0.4,False
4437,1CEJ,A,96,4114,1A5J,A,train,110,0.20512820512820512,24,117,65,21,7,-69,0.4,False
4437,1CEJ,A,96,4129,1Q80,A,train,174,0.23076923076923078,42,182,46,86,8,-98,0.4,False
4437,1CEJ,A,96,4141,1NK2,P,train,77,0.16831683168316833,17,101,55,5,24,-67,0.4,False
4437,1CEJ,A,96,4147,1H95,A,train,79,0.22330097087378642,23,103,49,7,24,-57,0.4,False
4437,1CEJ,A,96,4153,1RXR,A,train,83,0.20388349514563106,21,103,55,7,20,-61,0.4,False
4437,1CEJ,A,96,4155,1EOT,A,train,74,0.2403846153846154,25,104,41,8,30,-54,0.4,False
4437,1CEJ,A,96,4156,1BJX,A,train,110,0.21008403361344538,25,119,62,23,9,-69,0.4,False
4437,1CEJ,A,96,4173,1BM6,A,train,173,0.2247191011235955,40,178,51,82,5,-98,0.4,False
4437,1CEJ,A,96,4177,1BO0,A,train,76,0.22115384615384615,23,104,45,8,28,-58,0.4,False
4437,1CEJ,A,96,4184,1EH2,A,train,95,0.22727272727272727,25,110,56,14,15,-60,0.4,False
4437,1CEJ,A,96,4186,1BLR,A,val,137,0.22857142857142856,32,140,61,44,3,-76,0.4,False
4437,1CEJ,A,96,4188,1BCI,A,test,123,0.2153846153846154,28,130,61,34,7,-74,0.4,False
4437,1CEJ,A,96,4197,2CPS,A,train,50,0.19387755102040816,19,98,29,2,48,-60,0.4,False
4437,1CEJ,A,96,4198,1BR0,A,train,120,0.20161290322580644,25,124,67,28,4,-74,0.4,False
4437,1CEJ,A,96,4199,3NLA,A,train,73,0.2358490566037736,25,106,38,10,33,-56,0.4,False
4437,1CEJ,A,96,4202,1BA9,A,train,153,0.23417721518987342,37,158,54,62,5,-84,0.4,False
4437,1CEJ,A,96,4206,1MFN,A,train,184,0.2074468085106383,39,188,53,92,4,-110,0.4,False
4437,1CEJ,A,96,4207,2ORC,A,train,71,0.1919191919191919,19,99,49,3,28,-61,0.4,False
4437,1CEJ,A,96,4209,2CPB,A,train,50,0.19387755102040816,19,98,29,2,48,-60,0.4,False
4437,1CEJ,A,96,4214,2TMP,A,train,127,0.23308270676691728,31,133,59,37,6,-71,0.4,False
4437,1CEJ,A,96,4215,1SSN,A,train,136,0.24475524475524477,35,143,54,47,7,-73,0.4,False
4437,1CEJ,A,96,4216,1BHI,A,train,38,0.20408163265306123,20,98,16,2,60,-58,0.4,False
4437,1CEJ,A,96,4217,1BHU,A,val,102,0.22033898305084745,26,118,54,22,16,-66,0.4,False
4437,1CEJ,A,96,4222,1MNL,A,train,91,0.24545454545454545,27,110,50,14,19,-56,0.4,False
4437,1CEJ,A,96,4223,1TBA,A,test,67,0.2268041237113402,22,97,44,1,30,-53,0.4,False
4437,1CEJ,A,96,4224,1MYO,A,train,118,0.24427480916030533,32,131,51,35,13,-67,0.4,False
4437,1CEJ,A,96,4225,3GRX,A,val,82,0.2616822429906542,28,107,43,11,25,-51,0.4,False
4437,1CEJ,A,96,4227,1BQZ,A,test,77,0.2403846153846154,25,104,44,8,27,-54,0.4,False
4437,1CEJ,A,96,4228,1BQ0,A,test,77,0.2403846153846154,25,104,44,8,27,-54,0.4,False
4437,1CEJ,A,96,4230,1BUQ,A,test,125,0.21641791044776118,29,134,58,38,9,-76,0.4,False
4437,1CEJ,A,96,4241,2XBD,A,train,87,0.21153846153846154,22,104,57,8,17,-60,0.4,False
4437,1CEJ,A,96,4242,3MSP,A,test,126,0.23134328358208955,31,134,57,38,8,-72,0.4,False
4437,1CEJ,A,96,4248,2LEF,A,train,86,0.20952380952380953,22,105,55,9,19,-61,0.4,False
4437,1CEJ,A,96,4249,1XPA,A,train,113,0.20512820512820512,24,117,68,21,4,-69,0.4,False
4437,1CEJ,A,96,4254,1L3G,A,val,123,0.23076923076923078,30,130,59,34,7,-70,0.4,False
4437,1CEJ,A,96,4255,2IF1,A,train,126,0.23741007194244604,33,139,50,43,13,-73,0.4,False
4437,1CEJ,A,96,4262,1BZF,A,train,162,0.2,33,165,60,69,3,-99,0.4,False
4437,1CEJ,A,96,4263,2NMB,A,val,147,0.22727272727272727,35,154,54,58,7,-84,0.4,False
4437,1CEJ,A,96,4265,1DS9,A,train,198,0.20297029702970298,41,202,51,106,4,-120,0.4,False
4437,1CEJ,A,96,4269,1GHT,A,test,105,0.24193548387096775,30,124,47,28,19,-64,0.4,False
4437,1CEJ,A,96,4271,1JFJ,A,train,134,0.2357142857142857,33,140,57,44,6,-74,0.4,False
4437,1CEJ,A,96,4276,1B2I,A,train,83,0.20952380952380953,22,105,52,9,22,-61,0.4,False
4437,1CEJ,A,96,4281,1Z0R,A,train,53,0.19387755102040816,19,98,32,2,45,-60,0.4,False
4437,1CEJ,A,96,4285,1K2H,A,test,93,0.22115384615384615,23,104,62,8,11,-58,0.4,False
4437,1CEJ,A,96,4299,2F63,A,train,158,0.22424242424242424,37,165,52,69,7,-91,0.4,False
4437,1CEJ,A,96,4300,2F65,A,train,158,0.22424242424242424,37,165,52,69,7,-91,0.4,False
4437,1CEJ,A,96,4312,1JM4,B,train,118,0.2204724409448819,28,127,59,31,9,-71,0.4,False
4437,1CEJ,A,96,4313,1ZRR,A,train,179,0.22702702702702704,42,185,48,89,6,-101,0.4,False
4437,1CEJ,A,96,4334,1KQQ,A,test,131,0.2222222222222222,30,135,62,39,4,-75,0.4,False
4437,1CEJ,A,96,4342,1LY7,A,train,121,0.21428571428571427,27,126,64,30,5,-72,0.4,False
4445,1D8B,A,81,3322,1E8P,A,train,46,0.17073170731707318,14,82,31,1,36,-54,0.4,False
4445,1D8B,A,81,4023,1Q2N,A,train,58,0.27586206896551724,24,87,28,6,29,-39,0.4,False
4445,1D8B,A,81,4052,1JOO,A,val,149,0.22875816993464052,35,153,42,72,4,-83,0.4,False
4445,1D8B,A,81,4053,1JOQ,A,val,149,0.22875816993464052,35,153,42,72,4,-83,0.4,False
4445,1D8B,A,81,4089,2DEF,A,train,146,0.2251655629139073,34,151,42,70,5,-83,0.4,False
4445,1D8B,A,81,4090,2EZH,A,val,65,0.2,17,85,44,4,20,-51,0.4,False
4445,1D8B,A,81,4114,1A5J,A,train,110,0.21551724137931033,25,116,50,35,6,-66,0.4,False
4445,1D8B,A,81,4129,1Q80,A,train,174,0.20786516853932585,37,178,40,97,4,-104,0.4,False
4445,1D8B,A,81,4141,1NK2,P,train,77,0.19767441860465115,17,86,55,5,9,-52,0.4,False
4445,1D8B,A,81,4147,1H95,A,train,79,0.2087912087912088,19,91,50,10,12,-53,0.4,False
4445,1D8B,A,81,4153,1RXR,A,train,83,0.22448979591836735,22,98,44,17,15,-54,0.4,False
4445,1D8B,A,81,4155,1EOT,A,train,74,0.22826086956521738,21,92,42,11,18,-50,0.4,False
4445,1D8B,A,81,4156,1BJX,A,train,110,0.2457627118644068,29,118,44,37,8,-60,0.4,False
4445,1D8B,A,81,4173,1BM6,A,train,173,0.22033898305084745,39,177,38,96,4,-99,0.4,False
4445,1D8B,A,81,4177,1BO0,A,train,76,0.20652173913043478,19,92,46,11,16,-54,0.4,False
4445,1D8B,A,81,4184,1EH2,A,train,95,0.2524271844660194,26,103,47,22,8,-51,0.4,False
4445,1D8B,A,81,4186,1BLR,A,val,137,0.22302158273381295,31,139,48,58,2,-77,0.4,False
4445,1D8B,A,81,4188,1BCI,A,test,123,0.24615384615384617,32,130,42,49,7,-66,0.4,False
4445,1D8B,A,81,4197,2CPS,A,train,50,0.22988505747126436,20,87,24,6,37,-47,0.4,False
4445,1D8B,A,81,4198,1BR0,A,train,120,0.216,27,125,49,44,5,-71,0.4,False
4445,1D8B,A,81,4199,3NLA,A,train,73,0.24175824175824176,22,91,41,10,18,-47,0.4,False
4445,1D8B,A,81,4202,1BA9,A,train,153,0.2,32,160,42,79,7,-96,0.4,False
4445,1D8B,A,81,4206,1MFN,A,train,184,0.21739130434782608,40,184,41,103,0,-104,0.4,False
4445,1D8B,A,81,4207,2ORC,A,train,71,0.25274725274725274,23,91,38,10,20,-45,0.4,False
4445,1D8B,A,81,4209,2CPB,A,train,50,0.22988505747126436,20,87,24,6,37,-47,0.4,False
4445,1D8B,A,81,4214,2TMP,A,train,127,0.23880597014925373,32,134,42,53,7,-70,0.4,False
4445,1D8B,A,81,4215,1SSN,A,train,136,0.2246376811594203,31,138,48,57,2,-76,0.4,False
4445,1D8B,A,81,4216,1BHI,A,train,38,0.18518518518518517,15,81,23,0,43,-51,0.4,False
4445,1D8B,A,81,4217,1BHU,A,val,102,0.26126126126126126,29,111,43,30,9,-53,0.4,False
4445,1D8B,A,81,4222,1MNL,A,train,91,0.21212121212121213,21,99,52,18,8,-57,0.4,False
4445,1D8B,A,81,4223,1TBA,A,test,67,0.2604166666666667,25,96,27,15,29,-46,0.4,False
4445,1D8B,A,81,4224,1MYO,A,train,118,0.23770491803278687,29,122,48,41,4,-64,0.4,False
4445,1D8B,A,81,4225,3GRX,A,val,82,0.23469387755102042,23,98,42,17,16,-52,0.4,False
4445,1D8B,A,81,4227,1BQZ,A,test,77,0.23655913978494625,22,93,43,12,16,-49,0.4,False
4445,1D8B,A,81,4228,1BQ0,A,test,77,0.23655913978494625,22,93,43,12,16,-49,0.4,False
4445,1D8B,A,81,4230,1BUQ,A,test,125,0.2578125,33,128,45,47,3,-62,0.4,False
4445,1D8B,A,81,4241,2XBD,A,train,87,0.23529411764705882,24,102,42,21,15,-54,0.4,False
4445,1D8B,A,81,4242,3MSP,A,test,126,0.22556390977443608,30,133,44,52,7,-73,0.4,False
4445,1D8B,A,81,4248,2LEF,A,train,86,0.27450980392156865,28,102,37,21,16,-46,0.4,False
4445,1D8B,A,81,4249,1XPA,A,train,113,0.2222222222222222,26,117,51,36,4,-65,0.4,False
4445,1D8B,A,81,4254,1L3G,A,val,123,0.2463768115942029,34,138,32,57,15,-70,0.4,False
4445,1D8B,A,81,4255,2IF1,A,train,126,0.21052631578947367,28,133,46,52,7,-77,0.4,False
4445,1D8B,A,81,4262,1BZF,A,train,162,0.2155688622754491,36,167,40,86,5,-95,0.4,False
4445,1D8B,A,81,4263,2NMB,A,val,147,0.21052631578947367,32,152,44,71,5,-88,0.4,False
4445,1D8B,A,81,4265,1DS9,A,train,198,0.19801980198019803,40,202,37,121,4,-122,0.4,False
4445,1D8B,A,81,4269,1GHT,A,test,105,0.22522522522522523,25,111,50,30,6,-61,0.4,False
4445,1D8B,A,81,4271,1JFJ,A,train,134,0.23404255319148937,33,141,41,60,7,-75,0.4,False
4445,1D8B,A,81,4276,1B2I,A,train,83,0.23529411764705882,24,102,38,21,19,-54,0.4,False
4445,1D8B,A,81,4281,1Z0R,A,train,53,0.25301204819277107,21,83,30,2,30,-41,0.4,False
4445,1D8B,A,81,4285,1K2H,A,test,93,0.21782178217821782,22,101,51,20,8,-57,0.4,False
4445,1D8B,A,81,4299,2F63,A,train,158,0.20987654320987653,34,162,43,81,4,-94,0.4,False
4445,1D8B,A,81,4300,2F65,A,train,158,0.20987654320987653,34,162,43,81,4,-94,0.4,False
4445,1D8B,A,81,4312,1JM4,B,train,118,0.264,33,125,41,44,7,-59,0.4,False
4445,1D8B,A,81,4313,1ZRR,A,train,179,0.19444444444444445,35,180,45,99,1,-110,0.4,False
4445,1D8B,A,81,4334,1KQQ,A,test,131,0.26865671641791045,36,134,42,53,3,-62,0.4,False
4445,1D8B,A,81,4342,1LY7,A,train,121,0.23809523809523808,30,126,46,45,5,-66,0.4,False
4447,1H6Q,A,168,3322,1E8P,A,train,46,0.1488095238095238,25,168,21,0,122,-118,0.4,False
4447,1H6Q,A,168,4023,1Q2N,A,train,58,0.17647058823529413,30,170,26,2,112,-110,0.4,False
4447,1H6Q,A,168,4052,1JOO,A,val,149,0.2513089005235602,48,191,78,23,42,-95,0.4,False
4447,1H6Q,A,168,4053,1JOQ,A,val,149,0.2513089005235602,48,191,78,23,42,-95,0.4,False
4447,1H6Q,A,168,4089,2DEF,A,train,146,0.2931937172774869,56,191,67,23,45,-79,0.4,False
4447,1H6Q,A,168,4090,2EZH,A,val,65,0.2,34,170,29,2,105,-102,0.4,False
4447,1H6Q,A,168,4114,1A5J,A,train,110,0.23837209302325582,41,172,65,4,62,-90,0.4,False
4447,1H6Q,A,168,4129,1Q80,A,train,174,0.2679425837320574,56,209,77,41,35,-97,0.4,False
4447,1H6Q,A,168,4141,1NK2,P,train,77,0.19298245614035087,33,171,41,3,94,-105,0.4,False
4447,1H6Q,A,168,4147,1H95,A,train,79,0.21764705882352942,37,170,40,2,91,-96,0.4,False
4447,1H6Q,A,168,4153,1RXR,A,train,83,0.1893491124260355,32,169,50,1,86,-105,0.4,False
4447,1H6Q,A,168,4155,1EOT,A,train,74,0.19883040935672514,34,171,37,3,97,-103,0.4,False
4447,1H6Q,A,168,4156,1BJX,A,train,110,0.2471264367816092,43,174,61,6,64,-88,0.4,False
4447,1H6Q,A,168,4173,1BM6,A,train,173,0.23115577889447236,46,199,96,31,26,-107,0.4,False
4447,1H6Q,A,168,4177,1BO0,A,train,76,0.21787709497206703,39,179,26,11,103,-101,0.4,False
4447,1H6Q,A,168,4184,1EH2,A,train,95,0.24022346368715083,43,179,41,11,84,-93,0.4,False
4447,1H6Q,A,168,4186,1BLR,A,val,137,0.25274725274725274,46,182,77,14,45,-90,0.4,False
4447,1H6Q,A,168,4188,1BCI,A,test,123,0.2430939226519337,44,181,66,13,58,-93,0.4,False
4447,1H6Q,A,168,4197,2CPS,A,train,50,0.1893491124260355,32,169,17,1,119,-105,0.4,False
4447,1H6Q,A,168,4198,1BR0,A,train,120,0.2608695652173913,48,184,56,16,64,-88,0.4,False
4447,1H6Q,A,168,4199,3NLA,A,train,73,0.2441860465116279,42,172,27,4,99,-88,0.4,False
4447,1H6Q,A,168,4202,1BA9,A,train,153,0.22459893048128343,42,187,92,19,34,-103,0.4,False
4447,1H6Q,A,168,4206,1MFN,A,train,184,0.25943396226415094,55,212,85,44,28,-102,0.4,False
4447,1H6Q,A,168,4207,2ORC,A,train,71,0.21511627906976744,37,172,30,4,101,-98,0.4,False
4447,1H6Q,A,168,4209,2CPB,A,train,50,0.1893491124260355,32,169,17,1,119,-105,0.4,False
4447,1H6Q,A,168,4214,2TMP,A,train,127,0.23783783783783785,44,185,66,17,58,-97,0.4,False
4447,1H6Q,A,168,4215,1SSN,A,train,136,0.2786885245901639,51,183,70,15,47,-81,0.4,False
4447,1H6Q,A,168,4216,1BHI,A,train,38,0.14201183431952663,24,169,13,1,131,-121,0.4,False
4447,1H6Q,A,168,4217,1BHU,A,val,102,0.23121387283236994,40,173,57,5,71,-93,0.4,False
4447,1H6Q,A,168,4222,1MNL,A,train,91,0.25,43,172,44,4,81,-86,0.4,False
4447,1H6Q,A,168,4223,1TBA,A,test,67,0.20710059171597633,35,169,31,1,102,-99,0.4,False
4447,1H6Q,A,168,4224,1MYO,A,train,118,0.26256983240223464,47,179,60,11,61,-85,0.4,False
4447,1H6Q,A,168,4225,3GRX,A,val,82,0.2235294117647059,38,170,42,2,88,-94,0.4,False
4447,1H6Q,A,168,4227,1BQZ,A,test,77,0.20710059171597633,35,169,41,1,92,-99,0.4,False
4447,1H6Q,A,168,4228,1BQ0,A,test,77,0.20710059171597633,35,169,41,1,92,-99,0.4,False
4447,1H6Q,A,168,4230,1BUQ,A,test,125,0.24858757062146894,44,177,72,9,52,-89,0.4,False
4447,1H6Q,A,168,4241,2XBD,A,train,87,0.21511627906976744,37,172,46,4,85,-98,0.4,False
4447,1H6Q,A,168,4242,3MSP,A,test,126,0.23255813953488372,40,172,82,4,46,-92,0.4,False
4447,1H6Q,A,168,4248,2LEF,A,train,86,0.21428571428571427,36,168,50,0,82,-96,0.4,False
4447,1H6Q,A,168,4249,1XPA,A,train,113,0.23728813559322035,42,177,62,9,64,-93,0.4,False
4447,1H6Q,A,168,4254,1L3G,A,val,123,0.2413793103448276,42,174,75,6,51,-90,0.4,False
4447,1H6Q,A,168,4255,2IF1,A,train,126,0.25274725274725274,46,182,66,14,56,-90,0.4,False
4447,1H6Q,A,168,4262,1BZF,A,train,162,0.24479166666666666,47,192,91,24,30,-98,0.4,False
4447,1H6Q,A,168,4263,2NMB,A,val,147,0.22459893048128343,42,187,86,19,40,-103,0.4,False
4447,1H6Q,A,168,4265,1DS9,A,train,198,0.2559241706161137,54,211,101,43,13,-103,0.4,False
4447,1H6Q,A,168,4269,1GHT,A,test,105,0.27011494252873564,47,174,52,6,69,-80,0.4,False
4447,1H6Q,A,168,4271,1JFJ,A,train,134,0.2896174863387978,53,183,66,15,49,-77,0.4,False
4447,1H6Q,A,168,4276,1B2I,A,train,83,0.20348837209302326,35,172,44,4,89,-102,0.4,False
4447,1H6Q,A,168,4281,1Z0R,A,train,53,0.2,34,170,17,2,117,-102,0.4,False
4447,1H6Q,A,168,4285,1K2H,A,test,93,0.23699421965317918,41,173,47,5,80,-91,0.4,False
4447,1H6Q,A,168,4299,2F63,A,train,158,0.28350515463917525,55,194,77,26,36,-84,0.4,False
4447,1H6Q,A,168,4300,2F65,A,train,158,0.28350515463917525,55,194,77,26,36,-84,0.4,False
4447,1H6Q,A,168,4312,1JM4,B,train,118,0.2542372881355932,45,177,64,9,59,-87,0.4,False
4447,1H6Q,A,168,4313,1ZRR,A,train,179,0.25,50,200,97,32,21,-100,0.4,False
4447,1H6Q,A,168,4334,1KQQ,A,test,131,0.21839080459770116,38,174,87,6,43,-98,0.4,False
4447,1H6Q,A,168,4342,1LY7,A,train,121,0.25,45,180,64,12,59,-90,0.4,False
4448,1F3Y,A,165,3322,1E8P,A,train,46,0.16363636363636364,27,165,19,0,119,-111,0.4,False
4448,1F3Y,A,165,4023,1Q2N,A,train,58,0.18562874251497005,31,167,25,2,109,-105,0.4,False
4448,1F3Y,A,165,4052,1JOO,A,val,149,0.24175824175824176,44,182,88,17,33,-94,0.4,False
4448,1F3Y,A,165,4053,1JOQ,A,val,149,0.24175824175824176,44,182,88,17,33,-94,0.4,False
4448,1F3Y,A,165,4089,2DEF,A,train,146,0.26256983240223464,47,179,85,14,33,-85,0.4,False
4448,1F3Y,A,165,4090,2EZH,A,val,65,0.19047619047619047,32,168,30,3,103,-104,0.4,False
4448,1F3Y,A,165,4114,1A5J,A,train,110,0.23391812865497075,40,171,64,6,61,-91,0.4,False
4448,1F3Y,A,165,4129,1Q80,A,train,174,0.25252525252525254,50,198,91,33,24,-98,0.4,False
4448,1F3Y,A,165,4141,1NK2,P,train,77,0.2215568862275449,37,167,38,2,90,-93,0.4,False
4448,1F3Y,A,165,4147,1H95,A,train,79,0.20359281437125748,34,167,43,2,88,-99,0.4,False
4448,1F3Y,A,165,4153,1RXR,A,train,83,0.17365269461077845,29,167,52,2,84,-109,0.4,False
4448,1F3Y,A,165,4155,1EOT,A,train,74,0.22289156626506024,37,166,36,1,92,-92,0.4,False
4448,1F3Y,A,165,4156,1BJX,A,train,110,0.2571428571428571,45,175,55,10,65,-85,0.4,False
4448,1F3Y,A,165,4173,1BM6,A,train,173,0.225130890052356,43,191,104,26,18,-105,0.4,False
4448,1F3Y,A,165,4177,1BO0,A,train,76,0.23636363636363636,39,165,37,0,89,-87,0.4,False
4448,1F3Y,A,165,4184,1EH2,A,train,95,0.2222222222222222,38,171,51,6,76,-95,0.4,False
4448,1F3Y,A,165,4186,1BLR,A,val,137,0.2786885245901639,51,183,68,18,46,-81,0.4,False
4448,1F3Y,A,165,4188,1BCI,A,test,123,0.23121387283236994,40,173,75,8,50,-93,0.4,False
4448,1F3Y,A,165,4197,2CPS,A,train,50,0.1746987951807229,29,166,20,1,116,-108,0.4,False
4448,1F3Y,A,165,4198,1BR0,A,train,120,0.25280898876404495,45,178,62,13,58,-88,0.4,False
4448,1F3Y,A,165,4199,3NLA,A,train,73,0.20833333333333334,35,168,35,3,95,-98,0.4,False
4448,1F3Y,A,165,4202,1BA9,A,train,153,0.25274725274725274,46,182,90,17,29,-90,0.4,False
4448,1F3Y,A,165,4206,1MFN,A,train,184,0.26540284360189575,56,211,82,46,27,-99,0.4,False
4448,1F3Y,A,165,4207,2ORC,A,train,71,0.2275449101796407,38,167,31,2,96,-91,0.4,False
4448,1F3Y,A,165,4209,2CPB,A,train,50,0.1746987951807229,29,166,20,1,116,-108,0.4,False
4448,1F3Y,A,165,4214,2TMP,A,train,127,0.24277456647398843,42,173,77,8,46,-89,0.4,False
4448,1F3Y,A,165,4215,1SSN,A,train,136,0.25824175824175827,47,182,72,17,46,-88,0.4,False
4448,1F3Y,A,165,4216,1BHI,A,train,38,0.1393939393939394,23,165,15,0,127,-119,0.4,False
4448,1F3Y,A,165,4217,1BHU,A,val,102,0.23668639053254437,40,169,58,4,67,-89,0.4,False
4448,1F3Y,A,165,4222,1MNL,A,train,91,0.22941176470588234,39,170,47,5,79,-92,0.4,False
4448,1F3Y,A,165,4223,1TBA,A,test,67,0.24550898203592814,41,167,24,2,100,-85,0.4,False
4448,1F3Y,A,165,4224,1MYO,A,train,118,0.24293785310734464,43,177,63,12,59,-91,0.4,False
4448,1F3Y,A,165,4225,3GRX,A,val,82,0.20833333333333334,35,168,44,3,86,-98,0.4,False
4448,1F3Y,A,165,4227,1BQZ,A,test,77,0.2155688622754491,36,167,39,2,90,-95,0.4,False
4448,1F3Y,A,165,4228,1BQ0,A,test,77,0.2155688622754491,36,167,39,2,90,-95,0.4,False
4448,1F3Y,A,165,4230,1BUQ,A,test,125,0.2611111111111111,47,180,63,15,55,-86,0.4,False
4448,1F3Y,A,165,4241,2XBD,A,train,87,0.21637426900584794,37,171,44,6,84,-97,0.4,False
4448,1F3Y,A,165,4242,3MSP,A,test,126,0.26136363636363635,46,176,69,11,50,-84,0.4,False
4448,1F3Y,A,165,4248,2LEF,A,train,86,0.22674418604651161,39,172,40,7,86,-94,0.4,False
4448,1F3Y,A,165,4249,1XPA,A,train,113,0.26285714285714284,46,175,57,10,62,-83,0.4,False
4448,1F3Y,A,165,4254,1L3G,A,val,123,0.25280898876404495,45,178,65,13,55,-88,0.4,False
4448,1F3Y,A,165,4255,2IF1,A,train,126,0.27167630057803466,47,173,71,8,47,-79,0.4,False
4448,1F3Y,A,165,4262,1BZF,A,train,162,0.26666666666666666,52,195,80,30,33,-91,0.4,False
4448,1F3Y,A,165,4263,2NMB,A,val,147,0.22105263157894736,42,190,80,25,43,-106,0.4,False
4448,1F3Y,A,165,4265,1DS9,A,train,198,0.24056603773584906,51,212,100,47,14,-110,0.4,False
4448,1F3Y,A,165,4269,1GHT,A,test,105,0.24719101123595505,44,178,48,13,73,-90,0.4,False
4448,1F3Y,A,165,4271,1JFJ,A,train,134,0.24431818181818182,43,176,80,11,42,-90,0.4,False
4448,1F3Y,A,165,4276,1B2I,A,train,83,0.20481927710843373,34,166,48,1,83,-98,0.4,False
4448,1F3Y,A,165,4281,1Z0R,A,train,53,0.20481927710843373,34,166,18,1,113,-98,0.4,False
4448,1F3Y,A,165,4285,1K2H,A,test,93,0.23952095808383234,40,167,51,2,74,-87,0.4,False
4448,1F3Y,A,165,4299,2F63,A,train,158,0.27040816326530615,53,196,74,31,38,-90,0.4,False
4448,1F3Y,A,165,4300,2F65,A,train,158,0.27040816326530615,53,196,74,31,38,-90,0.4,False
4448,1F3Y,A,165,4312,1JM4,B,train,118,0.25882352941176473,44,170,69,5,52,-82,0.4,False
4448,1F3Y,A,165,4313,1ZRR,A,train,179,0.27040816326530615,53,196,95,31,17,-90,0.4,False
4448,1F3Y,A,165,4334,1KQQ,A,test,131,0.24858757062146894,44,177,75,12,46,-89,0.4,False
4448,1F3Y,A,165,4342,1LY7,A,train,121,0.25555555555555554,46,180,60,15,59,-88,0.4,False
4452,2AFP,A,129,3322,1E8P,A,train,46,0.17692307692307693,23,130,22,1,84,-84,0.4,False
4452,2AFP,A,129,4023,1Q2N,A,train,58,0.2,26,130,31,1,72,-78,0.4,False
4452,2AFP,A,129,4052,1JOO,A,val,149,0.2138364779874214,34,159,85,30,10,-91,0.4,False
4452,2AFP,A,129,4053,1JOQ,A,val,149,0.2138364779874214,34,159,85,30,10,-91,0.4,False
4452,2AFP,A,129,4089,2DEF,A,train,146,0.22012578616352202,35,159,81,30,13,-89,0.4,False
4452,2AFP,A,129,4090,2EZH,A,val,65,0.20610687022900764,27,131,36,2,66,-77,0.4,False
4452,2AFP,A,129,4114,1A5J,A,train,110,0.24666666666666667,37,150,52,21,40,-76,0.4,False
4452,2AFP,A,129,4129,1Q80,A,train,174,0.22459893048128343,42,187,74,58,13,-103,0.4,False
4452,2AFP,A,129,4141,1NK2,P,train,77,0.1984732824427481,26,131,49,2,54,-79,0.4,False
4452,2AFP,A,129,4147,1H95,A,train,79,0.18796992481203006,25,133,50,4,54,-83,0.4,False
4452,2AFP,A,129,4153,1RXR,A,train,83,0.183206106870229,24,131,57,2,48,-83,0.4,False
4452,2AFP,A,129,4155,1EOT,A,train,74,0.23134328358208955,31,134,38,5,60,-72,0.4,False
4452,2AFP,A,129,4156,1BJX,A,train,110,0.2348993288590604,35,149,55,20,39,-79,0.4,False
4452,2AFP,A,129,4173,1BM6,A,train,173,0.24864864864864866,46,185,71,56,12,-93,0.4,False
4452,2AFP,A,129,4177,1BO0,A,train,76,0.20454545454545456,27,132,46,3,56,-78,0.4,False
4452,2AFP,A,129,4184,1EH2,A,train,95,0.22962962962962963,31,135,58,6,40,-73,0.4,False
4452,2AFP,A,129,4186,1BLR,A,val,137,0.2251655629139073,34,151,81,22,14,-83,0.4,False
4452,2AFP,A,129,4188,1BCI,A,test,123,0.21476510067114093,32,149,71,20,26,-85,0.4,False
4452,2AFP,A,129,4197,2CPS,A,train,50,0.20155038759689922,26,129,24,0,79,-77,0.4,False
4452,2AFP,A,129,4198,1BR0,A,train,120,0.2328767123287671,34,146,69,17,26,-78,0.4,False
4452,2AFP,A,129,4199,3NLA,A,train,73,0.23703703703703705,32,135,35,6,62,-71,0.4,False
4452,2AFP,A,129,4202,1BA9,A,train,153,0.23837209302325582,41,172,69,43,19,-90,0.4,False
4452,2AFP,A,129,4206,1MFN,A,train,184,0.25870646766169153,52,201,60,72,17,-97,0.4,False
4452,2AFP,A,129,4207,2ORC,A,train,71,0.22556390977443608,30,133,37,4,62,-73,0.4,False
4452,2AFP,A,129,4209,2CPB,A,train,50,0.20155038759689922,26,129,24,0,79,-77,0.4,False
4452,2AFP,A,129,4214,2TMP,A,train,127,0.23333333333333334,35,150,71,21,23,-80,0.4,False
4452,2AFP,A,129,4215,1SSN,A,train,136,0.20408163265306123,30,147,88,18,11,-87,0.4,False
4452,2AFP,A,129,4216,1BHI,A,train,38,0.14615384615384616,19,130,18,1,92,-92,0.4,False
4452,2AFP,A,129,4217,1BHU,A,val,102,0.2916666666666667,42,144,45,15,42,-60,0.4,False
4452,2AFP,A,129,4222,1MNL,A,train,91,0.20588235294117646,28,136,56,7,45,-80,0.4,False
4452,2AFP,A,129,4223,1TBA,A,test,67,0.2196969696969697,29,132,35,3,65,-74,0.4,False
4452,2AFP,A,129,4224,1MYO,A,train,118,0.23809523809523808,35,147,65,18,29,-77,0.4,False
4452,2AFP,A,129,4225,3GRX,A,val,82,0.23484848484848486,31,132,48,3,50,-70,0.4,False
4452,2AFP,A,129,4227,1BQZ,A,test,77,0.20454545454545456,27,132,47,3,55,-78,0.4,False
4452,2AFP,A,129,4228,1BQ0,A,test,77,0.20454545454545456,27,132,47,3,55,-78,0.4,False
4452,2AFP,A,129,4230,1BUQ,A,test,125,0.2251655629139073,34,151,69,22,26,-83,0.4,False
4452,2AFP,A,129,4241,2XBD,A,train,87,0.25,33,132,51,3,45,-66,0.4,False
4452,2AFP,A,129,4242,3MSP,A,test,126,0.24,36,150,69,21,24,-78,0.4,False
4452,2AFP,A,129,4248,2LEF,A,train,86,0.21052631578947367,28,133,54,4,47,-77,0.4,False
4452,2AFP,A,129,4249,1XPA,A,train,113,0.18840579710144928,26,138,78,9,25,-86,0.4,False
4452,2AFP,A,129,4254,1L3G,A,val,123,0.2361111111111111,34,144,74,15,21,-76,0.4,False
4452,2AFP,A,129,4255,2IF1,A,train,126,0.20689655172413793,30,145,80,16,19,-85,0.4,False
4452,2AFP,A,129,4262,1BZF,A,train,162,0.23076923076923078,39,169,83,40,7,-91,0.4,False
4452,2AFP,A,129,4263,2NMB,A,val,147,0.2275449101796407,38,167,71,38,20,-91,0.4,False
4452,2AFP,A,129,4265,1DS9,A,train,198,0.208955223880597,42,201,84,72,3,-117,0.4,False
4452,2AFP,A,129,4269,1GHT,A,test,105,0.21323529411764705,29,136,69,7,31,-78,0.4,False
4452,2AFP,A,129,4271,1JFJ,A,train,134,0.21768707482993196,32,147,84,18,13,-83,0.4,False
4452,2AFP,A,129,4276,1B2I,A,train,83,0.22727272727272727,30,132,50,3,49,-72,0.4,False
4452,2AFP,A,129,4281,1Z0R,A,train,53,0.16030534351145037,21,131,30,2,78,-89,0.4,False
4452,2AFP,A,129,4285,1K2H,A,test,93,0.21897810218978103,30,137,55,8,44,-77,0.4,False
4452,2AFP,A,129,4299,2F63,A,train,158,0.23121387283236994,40,173,74,44,15,-93,0.4,False
4452,2AFP,A,129,4300,2F65,A,train,158,0.23121387283236994,40,173,74,44,15,-93,0.4,False
4452,2AFP,A,129,4312,1JM4,B,train,118,0.2112676056338028,30,142,75,13,24,-82,0.4,False
4452,2AFP,A,129,4313,1ZRR,A,train,179,0.2356020942408377,45,191,72,62,12,-101,0.4,False
4452,2AFP,A,129,4334,1KQQ,A,test,131,0.20270270270270271,30,148,82,19,17,-88,0.4,False
4452,2AFP,A,129,4342,1LY7,A,train,121,0.25,37,148,65,19,27,-74,0.4,False
4455,1CI5,A,95,3322,1E8P,A,train,46,0.21428571428571427,21,98,22,3,52,-56,0.4,False
4455,1CI5,A,95,4023,1Q2N,A,train,58,0.23529411764705882,24,102,27,7,44,-54,0.4,False
4455,1CI5,A,95,4052,1JOO,A,val,149,0.25477707006369427,40,157,47,62,8,-77,0.4,False
4455,1CI5,A,95,4053,1JOQ,A,val,149,0.25477707006369427,40,157,47,62,8,-77,0.4,False
4455,1CI5,A,95,4089,2DEF,A,train,146,0.2236842105263158,34,152,55,57,6,-84,0.4,False
4455,1CI5,A,95,4090,2EZH,A,val,65,0.2,20,100,40,5,35,-60,0.4,False
4455,1CI5,A,95,4114,1A5J,A,train,110,0.225,27,120,58,25,10,-66,0.4,False
4455,1CI5,A,95,4129,1Q80,A,train,174,0.24022346368715083,43,179,47,84,5,-93,0.4,False
4455,1CI5,A,95,4141,1NK2,P,train,77,0.25,25,100,47,5,23,-50,0.4,False
4455,1CI5,A,95,4147,1H95,A,train,79,0.24509803921568626,25,102,47,7,23,-52,0.4,False
4455,1CI5,A,95,4153,1RXR,A,train,83,0.19811320754716982,21,106,51,11,23,-64,0.4,False
4455,1CI5,A,95,4155,1EOT,A,train,74,0.22330097087378642,23,103,43,8,29,-57,0.4,False
4455,1CI5,A,95,4156,1BJX,A,train,110,0.24561403508771928,28,114,63,19,4,-58,0.4,False
4455,1CI5,A,95,4173,1BM6,A,train,173,0.22905027932960895,41,179,48,84,6,-97,0.4,False
4455,1CI5,A,95,4177,1BO0,A,train,76,0.25742574257425743,26,101,44,6,25,-49,0.4,False
4455,1CI5,A,95,4184,1EH2,A,train,95,0.24528301886792453,26,106,58,11,11,-54,0.4,False
4455,1CI5,A,95,4186,1BLR,A,val,137,0.25675675675675674,38,148,46,53,11,-72,0.4,False
4455,1CI5,A,95,4188,1BCI,A,test,123,0.24615384615384617,32,130,56,35,7,-66,0.4,False
4455,1CI5,A,95,4197,2CPS,A,train,50,0.17894736842105263,17,95,33,0,45,-61,0.4,False
4455,1CI5,A,95,4198,1BR0,A,train,120,0.2814814814814815,38,135,42,40,15,-59,0.4,False
4455,1CI5,A,95,4199,3NLA,A,train,73,0.23300970873786409,24,103,41,8,30,-55,0.4,False
4455,1CI5,A,95,4202,1BA9,A,train,153,0.24203821656050956,38,157,53,62,4,-81,0.4,False
4455,1CI5,A,95,4206,1MFN,A,train,184,0.20855614973262032,39,187,53,92,3,-109,0.4,False
4455,1CI5,A,95,4207,2ORC,A,train,71,0.24752475247524752,25,101,40,6,30,-51,0.4,False
4455,1CI5,A,95,4209,2CPB,A,train,50,0.17894736842105263,17,95,33,0,45,-61,0.4,False
4455,1CI5,A,95,4214,2TMP,A,train,127,0.2857142857142857,38,133,51,38,6,-57,0.4,False
4455,1CI5,A,95,4215,1SSN,A,train,136,0.2876712328767123,42,146,43,51,10,-62,0.4,False
4455,1CI5,A,95,4216,1BHI,A,train,38,0.16842105263157894,16,95,22,0,57,-63,0.4,False
4455,1CI5,A,95,4217,1BHU,A,val,102,0.2413793103448276,28,116,53,21,14,-60,0.4,False
4455,1CI5,A,95,4222,1MNL,A,train,91,0.2636363636363636,29,110,47,15,19,-52,0.4,False
4455,1CI5,A,95,4223,1TBA,A,test,67,0.24489795918367346,24,98,40,3,31,-50,0.4,False
4455,1CI5,A,95,4224,1MYO,A,train,118,0.2109375,27,128,58,33,10,-74,0.4,False
4455,1CI5,A,95,4225,3GRX,A,val,82,0.21428571428571427,21,98,58,3,16,-56,0.4,False
4455,1CI5,A,95,4227,1BQZ,A,test,77,0.2636363636363636,29,110,33,15,33,-52,0.4,False
4455,1CI5,A,95,4228,1BQ0,A,test,77,0.2636363636363636,29,110,33,15,33,-52,0.4,False
4455,1CI5,A,95,4230,1BUQ,A,test,125,0.22388059701492538,30,134,56,39,9,-74,0.4,False
4455,1CI5,A,95,4241,2XBD,A,train,87,0.25925925925925924,28,108,46,13,21,-52,0.4,False
4455,1CI5,A,95,4242,3MSP,A,test,126,0.2589928057553957,36,139,46,44,13,-67,0.4,False
4455,1CI5,A,95,4248,2LEF,A,train,86,0.22115384615384615,23,104,54,9,18,-58,0.4,False
4455,1CI5,A,95,4249,1XPA,A,train,113,0.24390243902439024,30,123,55,28,10,-63,0.4,False
4455,1CI5,A,95,4254,1L3G,A,val,123,0.25757575757575757,34,132,52,37,9,-64,0.4,False
4455,1CI5,A,95,4255,2IF1,A,train,126,0.21323529411764705,29,136,56,41,10,-78,0.4,False
4455,1CI5,A,95,4262,1BZF,A,train,162,0.2261904761904762,38,168,51,73,6,-92,0.4,False
4455,1CI5,A,95,4263,2NMB,A,val,147,0.24203821656050956,38,157,47,62,10,-81,0.4,False
4455,1CI5,A,95,4265,1DS9,A,train,198,0.21782178217821782,44,202,47,107,4,-114,0.4,False
4455,1CI5,A,95,4269,1GHT,A,test,105,0.2644628099173554,32,121,47,26,16,-57,0.4,False
4455,1CI5,A,95,4271,1JFJ,A,train,134,0.2896551724137931,42,145,42,50,11,-61,0.4,False
4455,1CI5,A,95,4276,1B2I,A,train,83,0.22115384615384615,23,104,51,9,21,-58,0.4,False
4455,1CI5,A,95,4281,1Z0R,A,train,53,0.23232323232323232,23,99,26,4,46,-53,0.4,False
4455,1CI5,A,95,4285,1K2H,A,test,93,0.2830188679245283,30,106,52,11,13,-46,0.4,False
4455,1CI5,A,95,4299,2F63,A,train,158,0.22085889570552147,36,163,54,68,5,-91,0.4,False
4455,1CI5,A,95,4300,2F65,A,train,158,0.22085889570552147,36,163,54,68,5,-91,0.4,False
4455,1CI5,A,95,4312,1JM4,B,train,118,0.2578125,33,128,52,33,10,-62,0.4,False
4455,1CI5,A,95,4313,1ZRR,A,train,179,0.22099447513812154,40,181,53,86,2,-101,0.4,False
4455,1CI5,A,95,4334,1KQQ,A,test,131,0.22962962962962963,31,135,60,40,4,-73,0.4,False
4455,1CI5,A,95,4342,1LY7,A,train,121,0.2230769230769231,29,130,57,35,9,-72,0.4,False
4467,1UB1,A,125,3322,1E8P,A,train,46,0.1732283464566929,22,127,22,2,81,-83,0.4,False
4467,1UB1,A,125,4023,1Q2N,A,train,58,0.19047619047619047,24,126,33,1,68,-78,0.4,False
4467,1UB1,A,125,4052,1JOO,A,val,149,0.2578616352201258,41,159,74,34,10,-77,0.4,False
4467,1UB1,A,125,4053,1JOQ,A,val,149,0.2578616352201258,41,159,74,34,10,-77,0.4,False
4467,1UB1,A,125,4089,2DEF,A,train,146,0.24074074074074073,39,162,70,37,16,-84,0.4,False
4467,1UB1,A,125,4090,2EZH,A,val,65,0.2222222222222222,28,126,36,1,61,-70,0.4,False
4467,1UB1,A,125,4114,1A5J,A,train,110,0.25,35,140,60,15,30,-70,0.4,False
4467,1UB1,A,125,4129,1Q80,A,train,174,0.23626373626373626,43,182,74,57,8,-96,0.4,False
4467,1UB1,A,125,4141,1NK2,P,train,77,0.24031007751937986,31,129,42,4,52,-67,0.4,False
4467,1UB1,A,125,4147,1H95,A,train,79,0.23076923076923078,30,130,44,5,51,-70,0.4,False
4467,1UB1,A,125,4153,1RXR,A,train,83,0.2518518518518518,34,135,39,10,52,-67,0.4,False
4467,1UB1,A,125,4155,1EOT,A,train,74,0.2619047619047619,33,126,40,1,52,-60,0.4,False
4467,1UB1,A,125,4156,1BJX,A,train,110,0.2230769230769231,29,130,76,5,20,-72,0.4,False
4467,1UB1,A,125,4173,1BM6,A,train,173,0.23529411764705882,44,187,67,62,14,-99,0.4,False
4467,1UB1,A,125,4177,1BO0,A,train,76,0.2248062015503876,29,129,43,4,53,-71,0.4,False
4467,1UB1,A,125,4184,1EH2,A,train,95,0.2803030303030303,37,132,51,7,37,-58,0.4,False
4467,1UB1,A,125,4186,1BLR,A,val,137,0.2546583850931677,41,161,60,36,24,-79,0.4,False
4467,1UB1,A,125,4188,1BCI,A,test,123,0.23741007194244604,33,139,76,14,16,-73,0.4,False
4467,1UB1,A,125,4197,2CPS,A,train,50,0.208,26,125,24,0,75,-73,0.4,False
4467,1UB1,A,125,4198,1BR0,A,train,120,0.23943661971830985,34,142,69,17,22,-74,0.4,False
4467,1UB1,A,125,4199,3NLA,A,train,73,0.21875,28,128,42,3,55,-72,0.4,False
4467,1UB1,A,125,4202,1BA9,A,train,153,0.25157232704402516,40,159,79,34,6,-79,0.4,False
4467,1UB1,A,125,4206,1MFN,A,train,184,0.24736842105263157,47,190,72,65,6,-96,0.4,False
4467,1UB1,A,125,4207,2ORC,A,train,71,0.24806201550387597,32,129,35,4,58,-65,0.4,False
4467,1UB1,A,125,4209,2CPB,A,train,50,0.208,26,125,24,0,75,-73,0.4,False
4467,1UB1,A,125,4214,2TMP,A,train,127,0.26174496644295303,39,149,64,24,22,-71,0.4,False
4467,1UB1,A,125,4215,1SSN,A,train,136,0.24183006535947713,37,153,71,28,17,-79,0.4,False
4467,1UB1,A,125,4216,1BHI,A,train,38,0.15079365079365079,19,126,18,1,88,-88,0.4,False
4467,1UB1,A,125,4217,1BHU,A,val,102,0.2932330827067669,39,133,55,8,31,-55,0.4,False
4467,1UB1,A,125,4222,1MNL,A,train,91,0.23484848484848486,31,132,53,7,41,-70,0.4,False
4467,1UB1,A,125,4223,1TBA,A,test,67,0.2,25,125,42,0,58,-75,0.4,False
4467,1UB1,A,125,4224,1MYO,A,train,118,0.23404255319148937,33,141,69,16,23,-75,0.4,False
4467,1UB1,A,125,4225,3GRX,A,val,82,0.24615384615384617,32,130,45,5,48,-66,0.4,False
4467,1UB1,A,125,4227,1BQZ,A,test,77,0.2692307692307692,35,130,37,5,53,-60,0.4,False
4467,1UB1,A,125,4228,1BQ0,A,test,77,0.2692307692307692,35,130,37,5,53,-60,0.4,False
4467,1UB1,A,125,4230,1BUQ,A,test,125,0.2569444444444444,37,144,69,19,19,-70,0.4,False
4467,1UB1,A,125,4241,2XBD,A,train,87,0.2366412213740458,31,131,50,6,44,-69,0.4,False
4467,1UB1,A,125,4242,3MSP,A,test,126,0.2689655172413793,39,145,67,20,19,-67,0.4,False
4467,1UB1,A,125,4248,2LEF,A,train,86,0.2265625,29,128,54,3,42,-70,0.4,False
4467,1UB1,A,125,4249,1XPA,A,train,113,0.22535211267605634,32,142,64,17,29,-78,0.4,False
4467,1UB1,A,125,4254,1L3G,A,val,123,0.29931972789115646,44,147,57,22,24,-59,0.4,False
4467,1UB1,A,125,4255,2IF1,A,train,126,0.2532467532467532,39,154,58,29,28,-76,0.4,False
4467,1UB1,A,125,4262,1BZF,A,train,162,0.2611111111111111,47,180,60,55,18,-86,0.4,False
4467,1UB1,A,125,4263,2NMB,A,val,147,0.2654320987654321,43,162,67,37,15,-76,0.4,False
4467,1UB1,A,125,4265,1DS9,A,train,198,0.24878048780487805,51,205,67,80,7,-103,0.4,False
4467,1UB1,A,125,4269,1GHT,A,test,105,0.2518518518518518,34,135,61,10,30,-67,0.4,False
4467,1UB1,A,125,4271,1JFJ,A,train,134,0.24161073825503357,36,149,74,24,15,-77,0.4,False
4467,1UB1,A,125,4276,1B2I,A,train,83,0.2204724409448819,28,127,53,2,44,-71,0.4,False
4467,1UB1,A,125,4281,1Z0R,A,train,53,0.2109375,27,128,23,3,75,-74,0.4,False
4467,1UB1,A,125,4285,1K2H,A,test,93,0.203125,26,128,64,3,35,-76,0.4,False
4467,1UB1,A,125,4299,2F63,A,train,158,0.24096385542168675,40,166,77,41,8,-86,0.4,False
4467,1UB1,A,125,4300,2F65,A,train,158,0.24096385542168675,40,166,77,41,8,-86,0.4,False
4467,1UB1,A,125,4312,1JM4,B,train,118,0.2517482517482518,36,143,64,18,25,-71,0.4,False
4467,1UB1,A,125,4313,1ZRR,A,train,179,0.2564102564102564,50,195,59,70,16,-95,0.4,False
4467,1UB1,A,125,4334,1KQQ,A,test,131,0.25675675675675674,38,148,70,23,17,-72,0.4,False
4467,1UB1,A,125,4342,1LY7,A,train,121,0.2482758620689655,36,145,65,20,24,-73,0.4,False
4473,1L6E,A,46,3322,1E8P,A,train,46,0.125,6,48,38,2,2,-36,0.4,False
4473,1L6E,A,46,4023,1Q2N,A,train,58,0.19672131147540983,12,61,31,15,3,-37,0.4,False
4473,1L6E,A,46,4052,1JOO,A,val,149,0.17333333333333334,26,150,19,104,1,-98,0.4,False
4473,1L6E,A,46,4053,1JOQ,A,val,149,0.17333333333333334,26,150,19,104,1,-98,0.4,False
4473,1L6E,A,46,4089,2DEF,A,train,146,0.15753424657534246,23,146,23,100,0,-100,0.4,False
4473,1L6E,A,46,4090,2EZH,A,val,65,0.22388059701492538,15,67,29,21,2,-37,0.4,False
4473,1L6E,A,46,4114,1A5J,A,train,110,0.19469026548672566,22,113,21,67,3,-69,0.4,False
4473,1L6E,A,46,4129,1Q80,A,train,174,0.14204545454545456,25,176,19,130,2,-126,0.4,False
4473,1L6E,A,46,4141,1NK2,P,train,77,0.21794871794871795,17,78,28,32,1,-44,0.4,False
4473,1L6E,A,46,4147,1H95,A,train,79,0.23170731707317074,19,82,24,36,3,-44,0.4,False
4473,1L6E,A,46,4153,1RXR,A,train,83,0.24705882352941178,21,85,23,39,2,-43,0.4,False
4473,1L6E,A,46,4155,1EOT,A,train,74,0.17105263157894737,13,76,31,30,2,-50,0.4,False
4473,1L6E,A,46,4156,1BJX,A,train,110,0.17857142857142858,20,112,24,66,2,-72,0.4,False
4473,1L6E,A,46,4173,1BM6,A,train,173,0.15517241379310345,27,174,18,128,1,-120,0.4,False
4473,1L6E,A,46,4177,1BO0,A,train,76,0.18181818181818182,14,77,31,31,1,-49,0.4,False
4473,1L6E,A,46,4184,1EH2,A,train,95,0.21649484536082475,21,97,23,51,2,-55,0.4,False
4473,1L6E,A,46,4186,1BLR,A,val,137,0.18840579710144928,26,138,19,92,1,-86,0.4,False
4473,1L6E,A,46,4188,1BCI,A,test,123,0.1693548387096774,21,124,24,78,1,-82,0.4,False
4473,1L6E,A,46,4197,2CPS,A,train,50,0.21428571428571427,12,56,28,10,6,-32,0.4,False
4473,1L6E,A,46,4198,1BR0,A,train,120,0.2066115702479339,25,121,20,75,1,-71,0.4,False
4473,1L6E,A,46,4199,3NLA,A,train,73,0.22972972972972974,17,74,28,28,1,-40,0.4,False
4473,1L6E,A,46,4202,1BA9,A,train,153,0.17647058823529413,27,153,19,107,0,-99,0.4,False
4473,1L6E,A,46,4206,1MFN,A,train,184,0.15217391304347827,28,184,18,138,0,-128,0.4,False
4473,1L6E,A,46,4207,2ORC,A,train,71,0.1891891891891892,14,74,29,28,3,-46,0.4,False
4473,1L6E,A,46,4209,2CPB,A,train,50,0.21428571428571427,12,56,28,10,6,-32,0.4,False
4473,1L6E,A,46,4214,2TMP,A,train,127,0.15748031496062992,20,127,26,81,0,-87,0.4,False
4473,1L6E,A,46,4215,1SSN,A,train,136,0.1678832116788321,23,137,22,91,1,-91,0.4,False
4473,1L6E,A,46,4216,1BHI,A,train,38,0.24,12,50,22,4,12,-26,0.4,False
4473,1L6E,A,46,4217,1BHU,A,val,102,0.19047619047619047,20,105,23,59,3,-65,0.4,False
4473,1L6E,A,46,4222,1MNL,A,train,91,0.24175824175824176,22,91,24,45,0,-47,0.4,False
4473,1L6E,A,46,4223,1TBA,A,test,67,0.2638888888888889,19,72,22,26,5,-34,0.4,False
4473,1L6E,A,46,4224,1MYO,A,train,118,0.17647058823529413,21,119,24,73,1,-77,0.4,False
4473,1L6E,A,46,4225,3GRX,A,val,82,0.17857142857142858,15,84,29,38,2,-54,0.4,False
4473,1L6E,A,46,4227,1BQZ,A,test,77,0.1794871794871795,14,78,31,32,1,-50,0.4,False
4473,1L6E,A,46,4228,1BQ0,A,test,77,0.1794871794871795,14,78,31,32,1,-50,0.4,False
4473,1L6E,A,46,4230,1BUQ,A,test,125,0.1968503937007874,25,127,19,81,2,-77,0.4,False
4473,1L6E,A,46,4241,2XBD,A,train,87,0.1590909090909091,14,88,31,42,1,-60,0.4,False
4473,1L6E,A,46,4242,3MSP,A,test,126,0.1889763779527559,24,127,21,81,1,-79,0.4,False
4473,1L6E,A,46,4248,2LEF,A,train,86,0.22826086956521738,21,92,19,46,6,-50,0.4,False
4473,1L6E,A,46,4249,1XPA,A,train,113,0.18421052631578946,21,114,24,68,1,-72,0.4,False
4473,1L6E,A,46,4254,1L3G,A,val,123,0.1774193548387097,22,124,23,78,1,-80,0.4,False
4473,1L6E,A,46,4255,2IF1,A,train,126,0.2047244094488189,26,127,19,81,1,-75,0.4,False
4473,1L6E,A,46,4262,1BZF,A,train,162,0.17177914110429449,28,163,17,117,1,-107,0.4,False
4473,1L6E,A,46,4263,2NMB,A,val,147,0.1836734693877551,27,147,19,101,0,-93,0.4,False
4473,1L6E,A,46,4265,1DS9,A,train,198,0.1414141414141414,28,198,18,152,0,-142,0.4,False
4473,1L6E,A,46,4269,1GHT,A,test,105,0.2018348623853211,22,109,20,63,4,-65,0.4,False
4473,1L6E,A,46,4271,1JFJ,A,train,134,0.16176470588235295,22,136,22,90,2,-92,0.4,False
4473,1L6E,A,46,4276,1B2I,A,train,83,0.20238095238095238,17,84,28,38,1,-50,0.4,False
4473,1L6E,A,46,4281,1Z0R,A,train,53,0.25,15,60,24,14,7,-30,0.4,False
4473,1L6E,A,46,4285,1K2H,A,test,93,0.20833333333333334,20,96,23,50,3,-56,0.4,False
4473,1L6E,A,46,4299,2F63,A,train,158,0.18238993710691823,29,159,16,113,1,-101,0.4,False
4473,1L6E,A,46,4300,2F65,A,train,158,0.18238993710691823,29,159,16,113,1,-101,0.4,False
4473,1L6E,A,46,4312,1JM4,B,train,118,0.2066115702479339,25,121,18,75,3,-71,0.4,False
4473,1L6E,A,46,4313,1ZRR,A,train,179,0.15083798882681565,27,179,19,133,0,-125,0.4,False
4473,1L6E,A,46,4334,1KQQ,A,test,131,0.17424242424242425,23,132,22,86,1,-86,0.4,False
4473,1L6E,A,46,4342,1LY7,A,train,121,0.17886178861788618,22,123,22,77,2,-79,0.4,False
4475,1CR8,A,42,3322,1E8P,A,train,46,0.17307692307692307,9,52,27,10,6,-34,0.4,False
4475,1CR8,A,42,4023,1Q2N,A,train,58,0.1896551724137931,11,58,31,16,0,-36,0.4,False
4475,1CR8,A,42,4052,1JOO,A,val,149,0.1456953642384106,22,151,18,109,2,-107,0.4,False
4475,1CR8,A,42,4053,1JOQ,A,val,149,0.1456953642384106,22,151,18,109,2,-107,0.4,False
4475,1CR8,A,42,4089,2DEF,A,train,146,0.1506849315068493,22,146,20,104,0,-102,0.4,False
4475,1CR8,A,42,4090,2EZH,A,val,65,0.21212121212121213,14,66,27,24,1,-38,0.4,False
4475,1CR8,A,42,4114,1A5J,A,train,110,0.18018018018018017,20,111,21,69,1,-71,0.4,False
4475,1CR8,A,42,4129,1Q80,A,train,174,0.14857142857142858,26,175,15,133,1,-123,0.4,False
4475,1CR8,A,42,4141,1NK2,P,train,77,0.19480519480519481,15,77,27,35,0,-47,0.4,False
4475,1CR8,A,42,4147,1H95,A,train,79,0.2125,17,80,24,38,1,-46,0.4,False
4475,1CR8,A,42,4153,1RXR,A,train,83,0.20238095238095238,17,84,24,42,1,-50,0.4,False
4475,1CR8,A,42,4155,1EOT,A,train,74,0.23684210526315788,18,76,22,34,2,-40,0.4,False
4475,1CR8,A,42,4156,1BJX,A,train,110,0.15454545454545454,17,110,25,68,0,-76,0.4,False
4475,1CR8,A,42,4173,1BM6,A,train,173,0.13218390804597702,23,174,18,132,1,-128,0.4,False
4475,1CR8,A,42,4177,1BO0,A,train,76,0.23376623376623376,18,77,23,35,1,-41,0.4,False
4475,1CR8,A,42,4184,1EH2,A,train,95,0.20833333333333334,20,96,21,54,1,-56,0.4,False
4475,1CR8,A,42,4186,1BLR,A,val,137,0.15942028985507245,22,138,19,96,1,-94,0.4,False
4475,1CR8,A,42,4188,1BCI,A,test,123,0.1774193548387097,22,124,19,82,1,-80,0.4,False
4475,1CR8,A,42,4197,2CPS,A,train,50,0.16981132075471697,9,53,30,11,3,-35,0.4,False
4475,1CR8,A,42,4198,1BR0,A,train,120,0.15447154471544716,19,123,20,81,3,-85,0.4,False
4475,1CR8,A,42,4199,3NLA,A,train,73,0.19736842105263158,15,76,24,34,3,-46,0.4,False
4475,1CR8,A,42,4202,1BA9,A,train,153,0.17307692307692307,27,156,12,114,3,-102,0.4,False
4475,1CR8,A,42,4206,1MFN,A,train,184,0.12432432432432433,23,185,18,143,1,-139,0.4,False
4475,1CR8,A,42,4207,2ORC,A,train,71,0.2112676056338028,15,71,27,29,0,-41,0.4,False
4475,1CR8,A,42,4209,2CPB,A,train,50,0.16981132075471697,9,53,30,11,3,-35,0.4,False
4475,1CR8,A,42,4214,2TMP,A,train,127,0.1640625,21,128,20,86,1,-86,0.4,False
4475,1CR8,A,42,4215,1SSN,A,train,136,0.16058394160583941,22,137,19,95,1,-93,0.4,False
4475,1CR8,A,42,4216,1BHI,A,train,38,0.2,9,45,26,3,7,-27,0.4,False
4475,1CR8,A,42,4217,1BHU,A,val,102,0.16666666666666666,17,102,25,60,0,-68,0.4,False
4475,1CR8,A,42,4222,1MNL,A,train,91,0.20652173913043478,19,92,22,50,1,-54,0.4,False
4475,1CR8,A,42,4223,1TBA,A,test,67,0.22857142857142856,16,70,23,28,3,-38,0.4,False
4475,1CR8,A,42,4224,1MYO,A,train,118,0.16666666666666666,20,120,20,78,2,-80,0.4,False
4475,1CR8,A,42,4225,3GRX,A,val,82,0.17857142857142858,15,84,25,42,2,-54,0.4,False
4475,1CR8,A,42,4227,1BQZ,A,test,77,0.16883116883116883,13,77,29,35,0,-51,0.4,False
4475,1CR8,A,42,4228,1BQ0,A,test,77,0.16883116883116883,13,77,29,35,0,-51,0.4,False
4475,1CR8,A,42,4230,1BUQ,A,test,125,0.16279069767441862,21,129,17,87,4,-87,0.4,False
4475,1CR8,A,42,4241,2XBD,A,train,87,0.19318181818181818,17,88,24,46,1,-54,0.4,False
4475,1CR8,A,42,4242,3MSP,A,test,126,0.16535433070866143,21,127,20,85,1,-85,0.4,False
4475,1CR8,A,42,4248,2LEF,A,train,86,0.14942528735632185,13,87,28,45,1,-61,0.4,False
4475,1CR8,A,42,4249,1XPA,A,train,113,0.17391304347826086,20,115,20,73,2,-75,0.4,False
4475,1CR8,A,42,4254,1L3G,A,val,123,0.1532258064516129,19,124,22,82,1,-86,0.4,False
4475,1CR8,A,42,4255,2IF1,A,train,126,0.1732283464566929,22,127,19,85,1,-83,0.4,False
4475,1CR8,A,42,4262,1BZF,A,train,162,0.14634146341463414,24,164,16,122,2,-116,0.4,False
4475,1CR8,A,42,4263,2NMB,A,val,147,0.17567567567567569,26,148,15,106,1,-96,0.4,False
4475,1CR8,A,42,4265,1DS9,A,train,198,0.12121212121212122,24,198,18,156,0,-150,0.4,False
4475,1CR8,A,42,4269,1GHT,A,test,105,0.21495327102803738,23,107,17,65,2,-61,0.4,False
4475,1CR8,A,42,4271,1JFJ,A,train,134,0.14925373134328357,20,134,22,92,0,-94,0.4,False
4475,1CR8,A,42,4276,1B2I,A,train,83,0.20454545454545456,18,88,19,46,5,-52,0.4,False
4475,1CR8,A,42,4281,1Z0R,A,train,53,0.2542372881355932,15,59,21,17,6,-29,0.4,False
4475,1CR8,A,42,4285,1K2H,A,test,93,0.18085106382978725,17,94,24,52,1,-60,0.4,False
4475,1CR8,A,42,4299,2F63,A,train,158,0.13836477987421383,22,159,19,117,1,-115,0.4,False
4475,1CR8,A,42,4300,2F65,A,train,158,0.13836477987421383,22,159,19,117,1,-115,0.4,False
4475,1CR8,A,42,4312,1JM4,B,train,118,0.16101694915254236,19,118,23,76,0,-80,0.4,False
4475,1CR8,A,42,4313,1ZRR,A,train,179,0.13966480446927373,25,179,17,137,0,-129,0.4,False
4475,1CR8,A,42,4334,1KQQ,A,test,131,0.15789473684210525,21,133,19,91,2,-91,0.4,False
4475,1CR8,A,42,4342,1LY7,A,train,121,0.1652892561983471,20,121,22,79,0,-81,0.4,False
4478,1B4R,A,80,3322,1E8P,A,train,46,0.1927710843373494,16,83,27,3,37,-51,0.4,False
4478,1B4R,A,80,4023,1Q2N,A,train,58,0.25,21,84,33,4,26,-42,0.4,False
4478,1B4R,A,80,4052,1JOO,A,val,149,0.22666666666666666,34,150,45,70,1,-82,0.4,False
4478,1B4R,A,80,4053,1JOQ,A,val,149,0.22666666666666666,34,150,45,70,1,-82,0.4,False
4478,1B4R,A,80,4089,2DEF,A,train,146,0.23026315789473684,35,152,39,72,6,-82,0.4,False
4478,1B4R,A,80,4090,2EZH,A,val,65,0.24705882352941178,21,85,39,5,20,-43,0.4,False
4478,1B4R,A,80,4114,1A5J,A,train,110,0.2543859649122807,29,114,47,34,4,-56,0.4,False
4478,1B4R,A,80,4129,1Q80,A,train,174,0.20454545454545456,36,176,42,96,2,-104,0.4,False
4478,1B4R,A,80,4141,1NK2,P,train,77,0.21978021978021978,20,91,46,11,14,-51,0.4,False
4478,1B4R,A,80,4147,1H95,A,train,79,0.2247191011235955,20,89,50,9,10,-49,0.4,False
4478,1B4R,A,80,4153,1RXR,A,train,83,0.24489795918367346,24,98,41,18,15,-50,0.4,False
4478,1B4R,A,80,4155,1EOT,A,train,74,0.20689655172413793,18,87,49,7,13,-51,0.4,False
4478,1B4R,A,80,4156,1BJX,A,train,110,0.2543859649122807,29,114,47,34,4,-56,0.4,False
4478,1B4R,A,80,4173,1BM6,A,train,173,0.22857142857142856,40,175,38,95,2,-95,0.4,False
4478,1B4R,A,80,4177,1BO0,A,train,76,0.16853932584269662,15,89,52,9,13,-59,0.4,False
4478,1B4R,A,80,4184,1EH2,A,train,95,0.24271844660194175,25,103,47,23,8,-53,0.4,False
4478,1B4R,A,80,4186,1BLR,A,val,137,0.2323943661971831,33,142,42,62,5,-76,0.4,False
4478,1B4R,A,80,4188,1BCI,A,test,123,0.21428571428571427,27,126,50,46,3,-72,0.4,False
4478,1B4R,A,80,4197,2CPS,A,train,50,0.26506024096385544,22,83,25,3,33,-39,0.4,False
4478,1B4R,A,80,4198,1BR0,A,train,120,0.18699186991869918,23,123,54,43,3,-77,0.4,False
4478,1B4R,A,80,4199,3NLA,A,train,73,0.2717391304347826,25,92,36,12,19,-42,0.4,False
4478,1B4R,A,80,4202,1BA9,A,train,153,0.25806451612903225,40,155,38,75,2,-75,0.4,False
4478,1B4R,A,80,4206,1MFN,A,train,184,0.20430107526881722,38,186,40,106,2,-110,0.4,False
4478,1B4R,A,80,4207,2ORC,A,train,71,0.20930232558139536,18,86,47,6,15,-50,0.4,False
4478,1B4R,A,80,4209,2CPB,A,train,50,0.26506024096385544,22,83,25,3,33,-39,0.4,False
4478,1B4R,A,80,4214,2TMP,A,train,127,0.22794117647058823,31,136,40,56,9,-74,0.4,False
4478,1B4R,A,80,4215,1SSN,A,train,136,0.22857142857142856,32,140,44,60,4,-76,0.4,False
4478,1B4R,A,80,4216,1BHI,A,train,38,0.1728395061728395,14,81,23,1,43,-53,0.4,False
4478,1B4R,A,80,4217,1BHU,A,val,102,0.3302752293577982,36,109,37,29,7,-37,0.4,False
4478,1B4R,A,80,4222,1MNL,A,train,91,0.2079207920792079,21,101,49,21,10,-59,0.4,False
4478,1B4R,A,80,4223,1TBA,A,test,67,0.2823529411764706,24,85,38,5,18,-37,0.4,False
4478,1B4R,A,80,4224,1MYO,A,train,118,0.25210084033613445,30,119,49,39,1,-59,0.4,False
4478,1B4R,A,80,4225,3GRX,A,val,82,0.25510204081632654,25,98,39,18,16,-48,0.4,False
4478,1B4R,A,80,4227,1BQZ,A,test,77,0.23595505617977527,21,89,47,9,12,-47,0.4,False
4478,1B4R,A,80,4228,1BQ0,A,test,77,0.23595505617977527,21,89,47,9,12,-47,0.4,False
4478,1B4R,A,80,4230,1BUQ,A,test,125,0.28346456692913385,36,127,42,47,2,-55,0.4,False
4478,1B4R,A,80,4241,2XBD,A,train,87,0.22826086956521738,21,92,54,12,5,-50,0.4,False
4478,1B4R,A,80,4242,3MSP,A,test,126,0.22556390977443608,30,133,43,53,7,-73,0.4,False
4478,1B4R,A,80,4248,2LEF,A,train,86,0.23469387755102042,23,98,45,18,12,-52,0.4,False
4478,1B4R,A,80,4249,1XPA,A,train,113,0.23140495867768596,28,121,44,41,8,-65,0.4,False
4478,1B4R,A,80,4254,1L3G,A,val,123,0.2230769230769231,29,130,44,50,7,-72,0.4,False
4478,1B4R,A,80,4255,2IF1,A,train,126,0.2366412213740458,31,131,44,51,5,-69,0.4,False
4478,1B4R,A,80,4262,1BZF,A,train,162,0.25,41,164,37,84,2,-82,0.4,False
4478,1B4R,A,80,4263,2NMB,A,val,147,0.22666666666666666,34,150,43,70,3,-82,0.4,False
4478,1B4R,A,80,4265,1DS9,A,train,198,0.195,39,200,39,120,2,-122,0.4,False
4478,1B4R,A,80,4269,1GHT,A,test,105,0.25925925925925924,28,108,49,28,3,-52,0.4,False
4478,1B4R,A,80,4271,1JFJ,A,train,134,0.21739130434782608,30,138,46,58,4,-78,0.4,False
4478,1B4R,A,80,4276,1B2I,A,train,83,0.21052631578947367,20,95,48,15,12,-55,0.4,False
4478,1B4R,A,80,4281,1Z0R,A,train,53,0.20238095238095238,17,84,32,4,31,-50,0.4,False
4478,1B4R,A,80,4285,1K2H,A,test,93,0.23300970873786409,24,103,46,23,10,-55,0.4,False
4478,1B4R,A,80,4299,2F63,A,train,158,0.2236024844720497,36,161,41,81,3,-89,0.4,False
4478,1B4R,A,80,4300,2F65,A,train,158,0.2236024844720497,36,161,41,81,3,-89,0.4,False
4478,1B4R,A,80,4312,1JM4,B,train,118,0.23387096774193547,29,124,45,44,6,-66,0.4,False
4478,1B4R,A,80,4313,1ZRR,A,train,179,0.2222222222222222,40,180,39,100,1,-100,0.4,False
4478,1B4R,A,80,4334,1KQQ,A,test,131,0.21014492753623187,29,138,44,58,7,-80,0.4,False
4478,1B4R,A,80,4342,1LY7,A,train,121,0.25984251968503935,33,127,41,47,6,-61,0.4,False
4491,1QJT,A,99,3322,1E8P,A,train,46,0.18811881188118812,19,101,25,2,55,-63,0.4,False
4491,1QJT,A,99,4023,1Q2N,A,train,58,0.21,21,100,36,1,42,-58,0.4,False
4491,1QJT,A,99,4052,1JOO,A,val,149,0.24675324675324675,38,154,56,55,5,-78,0.4,False
4491,1QJT,A,99,4053,1JOQ,A,val,149,0.24675324675324675,38,154,56,55,5,-78,0.4,False
4491,1QJT,A,99,4089,2DEF,A,train,146,0.25165562913907286,38,151,56,52,5,-75,0.4,False
4491,1QJT,A,99,4090,2EZH,A,val,65,0.20588235294117646,21,102,41,3,37,-60,0.4,False
4491,1QJT,A,99,4114,1A5J,A,train,110,0.25396825396825395,32,126,51,27,16,-62,0.4,False
4491,1QJT,A,99,4129,1Q80,A,train,174,0.23076923076923078,42,182,49,83,8,-98,0.4,False
4491,1QJT,A,99,4141,1NK2,P,train,77,0.22857142857142856,24,105,47,6,28,-57,0.4,False
4491,1QJT,A,99,4147,1H95,A,train,79,0.24324324324324326,27,111,40,12,32,-57,0.4,False
4491,1QJT,A,99,4153,1RXR,A,train,83,0.23636363636363636,26,110,46,11,27,-58,0.4,False
4491,1QJT,A,99,4155,1EOT,A,train,74,0.21568627450980393,22,102,49,3,28,-58,0.4,False
4491,1QJT,A,99,4156,1BJX,A,train,110,0.2627118644067797,31,118,60,19,8,-56,0.4,False
4491,1QJT,A,99,4173,1BM6,A,train,173,0.24725274725274726,45,182,45,83,9,-92,0.4,False
4491,1QJT,A,99,4177,1BO0,A,train,76,0.22522522522522523,25,111,39,12,35,-61,0.4,False
4491,1QJT,A,99,4184,1EH2,A,train,95,0.34615384615384615,36,104,54,5,9,-32,0.4,False
4491,1QJT,A,99,4186,1BLR,A,val,137,0.2482758620689655,36,145,55,46,8,-73,0.4,False
4491,1QJT,A,99,4188,1BCI,A,test,123,0.21897810218978103,30,137,55,38,14,-77,0.4,False
4491,1QJT,A,99,4197,2CPS,A,train,50,0.19,19,100,30,1,50,-62,0.4,False
4491,1QJT,A,99,4198,1BR0,A,train,120,0.232,29,125,65,26,5,-67,0.4,False
4491,1QJT,A,99,4199,3NLA,A,train,73,0.19607843137254902,20,102,50,3,29,-62,0.4,False
4491,1QJT,A,99,4202,1BA9,A,train,153,0.2611464968152866,41,157,54,58,4,-75,0.4,False
4491,1QJT,A,99,4206,1MFN,A,train,184,0.23809523809523808,45,189,49,90,5,-99,0.4,False
4491,1QJT,A,99,4207,2ORC,A,train,71,0.22330097087378642,23,103,44,4,32,-57,0.4,False
4491,1QJT,A,99,4209,2CPB,A,train,50,0.19,19,100,30,1,50,-62,0.4,False
4491,1QJT,A,99,4214,2TMP,A,train,127,0.22962962962962963,31,135,60,36,8,-73,0.4,False
4491,1QJT,A,99,4215,1SSN,A,train,136,0.22857142857142856,32,140,63,41,4,-76,0.4,False
4491,1QJT,A,99,4216,1BHI,A,train,38,0.15151515151515152,15,99,23,0,61,-69,0.4,False
4491,1QJT,A,99,4217,1BHU,A,val,102,0.2892561983471074,35,121,45,22,19,-51,0.4,False
4491,1QJT,A,99,4222,1MNL,A,train,91,0.21296296296296297,23,108,59,9,17,-62,0.4,False
4491,1QJT,A,99,4223,1TBA,A,test,67,0.25961538461538464,27,104,35,5,37,-50,0.4,False
4491,1QJT,A,99,4224,1MYO,A,train,118,0.265625,34,128,55,29,10,-60,0.4,False
4491,1QJT,A,99,4225,3GRX,A,val,82,0.2336448598130841,25,107,49,8,25,-57,0.4,False
4491,1QJT,A,99,4227,1BQZ,A,test,77,0.21495327102803738,23,107,46,8,30,-61,0.4,False
4491,1QJT,A,99,4228,1BQ0,A,test,77,0.21495327102803738,23,107,46,8,30,-61,0.4,False
4491,1QJT,A,99,4230,1BUQ,A,test,125,0.24242424242424243,32,132,60,33,7,-68,0.4,False
4491,1QJT,A,99,4241,2XBD,A,train,87,0.23636363636363636,26,110,50,11,23,-58,0.4,False
4491,1QJT,A,99,4242,3MSP,A,test,126,0.23529411764705882,32,136,57,37,10,-72,0.4,False
4491,1QJT,A,99,4248,2LEF,A,train,86,0.24299065420560748,26,107,52,8,21,-55,0.4,False
4491,1QJT,A,99,4249,1XPA,A,train,113,0.2222222222222222,26,117,69,18,4,-65,0.4,False
4491,1QJT,A,99,4254,1L3G,A,val,123,0.31386861313868614,43,137,42,38,14,-51,0.4,False
4491,1QJT,A,99,4255,2IF1,A,train,126,0.2517985611510791,35,139,51,40,13,-69,0.4,False
4491,1QJT,A,99,4262,1BZF,A,train,162,0.23214285714285715,39,168,54,69,6,-90,0.4,False
4491,1QJT,A,99,4263,2NMB,A,val,147,0.24516129032258063,38,155,53,56,8,-79,0.4,False
4491,1QJT,A,99,4265,1DS9,A,train,198,0.22110552763819097,44,199,54,100,1,-111,0.4,False
4491,1QJT,A,99,4269,1GHT,A,test,105,0.28,35,125,44,26,20,-55,0.4,False
4491,1QJT,A,99,4271,1JFJ,A,train,134,0.2847222222222222,41,144,48,45,10,-62,0.4,False
4491,1QJT,A,99,4276,1B2I,A,train,83,0.20588235294117646,21,102,59,3,19,-60,0.4,False
4491,1QJT,A,99,4281,1Z0R,A,train,53,0.21782178217821782,22,101,29,2,48,-57,0.4,False
4491,1QJT,A,99,4285,1K2H,A,test,93,0.28695652173913044,33,115,44,16,22,-49,0.4,False
4491,1QJT,A,99,4299,2F63,A,train,158,0.25609756097560976,42,164,51,65,6,-80,0.4,False
4491,1QJT,A,99,4300,2F65,A,train,158,0.25609756097560976,42,164,51,65,6,-80,0.4,False
4491,1QJT,A,99,4312,1JM4,B,train,118,0.234375,30,128,59,29,10,-68,0.4,False
4491,1QJT,A,99,4313,1ZRR,A,train,179,0.2554347826086957,47,184,47,85,5,-90,0.4,False
4491,1QJT,A,99,4334,1KQQ,A,test,131,0.2536231884057971,35,138,57,39,7,-68,0.4,False
4491,1QJT,A,99,4342,1LY7,A,train,121,0.2867647058823529,39,136,45,37,15,-58,0.4,False
4492,1JBA,A,189,3322,1E8P,A,train,46,0.14736842105263157,28,190,17,1,144,-134,0.4,False
4492,1JBA,A,189,4023,1Q2N,A,train,58,0.1736842105263158,33,190,24,1,132,-124,0.4,False
4492,1JBA,A,189,4052,1JOO,A,val,149,0.25365853658536586,52,205,81,16,56,-101,0.4,False
4492,1JBA,A,189,4053,1JOQ,A,val,149,0.25365853658536586,52,205,81,16,56,-101,0.4,False
4492,1JBA,A,189,4089,2DEF,A,train,146,0.275,55,200,80,11,54,-90,0.4,False
4492,1JBA,A,189,4090,2EZH,A,val,65,0.203125,39,192,23,3,127,-114,0.4,False
4492,1JBA,A,189,4114,1A5J,A,train,110,0.233502538071066,46,197,56,8,87,-105,0.4,False
4492,1JBA,A,189,4129,1Q80,A,train,174,0.26976744186046514,58,215,90,26,41,-99,0.4,False
4492,1JBA,A,189,4141,1NK2,P,train,77,0.17894736842105263,34,190,42,1,113,-122,0.4,False
4492,1JBA,A,189,4147,1H95,A,train,79,0.21052631578947367,40,190,38,1,111,-110,0.4,False
4492,1JBA,A,189,4153,1RXR,A,train,83,0.211340206185567,41,194,37,5,111,-112,0.4,False
4492,1JBA,A,189,4155,1EOT,A,train,74,0.18421052631578946,35,190,38,1,116,-120,0.4,False
4492,1JBA,A,189,4156,1BJX,A,train,110,0.24870466321243523,48,193,58,4,83,-97,0.4,False
4492,1JBA,A,189,4173,1BM6,A,train,173,0.24299065420560748,52,214,96,25,41,-110,0.4,False
4492,1JBA,A,189,4177,1BO0,A,train,76,0.1875,36,192,37,3,116,-120,0.4,False
4492,1JBA,A,189,4184,1EH2,A,train,95,0.2193877551020408,43,196,45,7,101,-110,0.4,False
4492,1JBA,A,189,4186,1BLR,A,val,137,0.24873096446700507,49,197,80,8,60,-99,0.4,False
4492,1JBA,A,189,4188,1BCI,A,test,123,0.23979591836734693,47,196,69,7,73,-102,0.4,False
4492,1JBA,A,189,4197,2CPS,A,train,50,0.15789473684210525,30,190,19,1,140,-130,0.4,False
4492,1JBA,A,189,4198,1BR0,A,train,120,0.2436548223350254,48,197,64,8,77,-101,0.4,False
4492,1JBA,A,189,4199,3NLA,A,train,73,0.18848167539267016,36,191,35,2,118,-119,0.4,False
4492,1JBA,A,189,4202,1BA9,A,train,153,0.2376237623762376,48,202,92,13,49,-106,0.4,False
4492,1JBA,A,189,4206,1MFN,A,train,184,0.23394495412844038,51,218,104,29,34,-116,0.4,False
4492,1JBA,A,189,4207,2ORC,A,train,71,0.1958762886597938,38,194,28,5,123,-118,0.4,False
4492,1JBA,A,189,4209,2CPB,A,train,50,0.15789473684210525,30,190,19,1,140,-130,0.4,False
4492,1JBA,A,189,4214,2TMP,A,train,127,0.24752475247524752,50,202,64,13,75,-102,0.4,False
4492,1JBA,A,189,4215,1SSN,A,train,136,0.25125628140703515,50,199,76,10,63,-99,0.4,False
4492,1JBA,A,189,4216,1BHI,A,train,38,0.13227513227513227,25,189,13,0,151,-139,0.4,False
4492,1JBA,A,189,4217,1BHU,A,val,102,0.25252525252525254,50,198,43,9,96,-98,0.4,False
4492,1JBA,A,189,4222,1MNL,A,train,91,0.23834196891191708,46,193,41,4,102,-101,0.4,False
4492,1JBA,A,189,4223,1TBA,A,test,67,0.19791666666666666,38,192,26,3,125,-116,0.4,False
4492,1JBA,A,189,4224,1MYO,A,train,118,0.2755102040816326,54,196,57,7,78,-88,0.4,False
4492,1JBA,A,189,4225,3GRX,A,val,82,0.21649484536082475,42,194,35,5,112,-110,0.4,False
4492,1JBA,A,189,4227,1BQZ,A,test,77,0.19895287958115182,38,191,37,2,114,-115,0.4,False
4492,1JBA,A,189,4228,1BQ0,A,test,77,0.19895287958115182,38,191,37,2,114,-115,0.4,False
4492,1JBA,A,189,4230,1BUQ,A,test,125,0.23469387755102042,46,196,72,7,71,-104,0.4,False
4492,1JBA,A,189,4241,2XBD,A,train,87,0.21212121212121213,42,198,36,9,111,-114,0.4,False
4492,1JBA,A,189,4242,3MSP,A,test,126,0.235,47,200,68,11,74,-106,0.4,False
4492,1JBA,A,189,4248,2LEF,A,train,86,0.19791666666666666,38,192,45,3,106,-116,0.4,False
4492,1JBA,A,189,4249,1XPA,A,train,113,0.27586206896551724,56,203,43,14,90,-91,0.4,False
4492,1JBA,A,189,4254,1L3G,A,val,123,0.2602040816326531,51,196,65,7,73,-94,0.4,False
4492,1JBA,A,189,4255,2IF1,A,train,126,0.24623115577889448,49,199,67,10,73,-101,0.4,False
4492,1JBA,A,189,4262,1BZF,A,train,162,0.24878048780487805,51,205,95,16,43,-103,0.4,False
4492,1JBA,A,189,4263,2NMB,A,val,147,0.24489795918367346,48,196,92,7,49,-100,0.4,False
4492,1JBA,A,189,4265,1DS9,A,train,198,0.2398190045248869,53,221,113,32,23,-115,0.4,False
4492,1JBA,A,189,4269,1GHT,A,test,105,0.24083769633507854,46,191,57,2,86,-99,0.4,False
4492,1JBA,A,189,4271,1JFJ,A,train,134,0.2828282828282828,56,198,69,9,64,-86,0.4,False
4492,1JBA,A,189,4276,1B2I,A,train,83,0.1958762886597938,38,194,40,5,111,-118,0.4,False
4492,1JBA,A,189,4281,1Z0R,A,train,53,0.1736842105263158,33,190,19,1,137,-124,0.4,False
4492,1JBA,A,189,4285,1K2H,A,test,93,0.23316062176165803,45,193,44,4,100,-103,0.4,False
4492,1JBA,A,189,4299,2F63,A,train,158,0.25365853658536586,52,205,90,16,47,-101,0.4,False
4492,1JBA,A,189,4300,2F65,A,train,158,0.25365853658536586,52,205,90,16,47,-101,0.4,False
4492,1JBA,A,189,4312,1JM4,B,train,118,0.24242424242424243,48,198,61,9,80,-102,0.4,False
4492,1JBA,A,189,4313,1ZRR,A,train,179,0.23333333333333334,49,210,109,21,31,-112,0.4,False
4492,1JBA,A,189,4334,1KQQ,A,test,131,0.2623762376237624,53,202,65,13,71,-96,0.4,False
4492,1JBA,A,189,4342,1LY7,A,train,121,0.22842639593908629,45,197,68,8,76,-107,0.4,False
4493,1UD7,A,76,3322,1E8P,A,train,46,0.22077922077922077,17,77,28,1,31,-43,0.4,False
4493,1UD7,A,76,4023,1Q2N,A,train,58,0.21794871794871795,17,78,39,2,20,-44,0.4,False
4493,1UD7,A,76,4052,1JOO,A,val,149,0.2792207792207792,43,154,28,78,5,-68,0.4,False
4493,1UD7,A,76,4053,1JOQ,A,val,149,0.2792207792207792,43,154,28,78,5,-68,0.4,False
4493,1UD7,A,76,4089,2DEF,A,train,146,0.2631578947368421,40,152,30,76,6,-72,0.4,False
4493,1UD7,A,76,4090,2EZH,A,val,65,0.21686746987951808,18,83,40,7,18,-47,0.4,False
4493,1UD7,A,76,4114,1A5J,A,train,110,0.2627118644067797,31,118,37,42,8,-56,0.4,False
4493,1UD7,A,76,4129,1Q80,A,train,174,0.20903954802259886,37,177,36,101,3,-103,0.4,False
4493,1UD7,A,76,4141,1NK2,P,train,77,0.23333333333333334,21,90,42,14,13,-48,0.4,False
4493,1UD7,A,76,4147,1H95,A,train,79,0.2777777777777778,25,90,40,14,11,-40,0.4,False
4493,1UD7,A,76,4153,1RXR,A,train,83,0.21739130434782608,20,92,47,16,9,-52,0.4,False
4493,1UD7,A,76,4155,1EOT,A,train,74,0.19753086419753085,16,81,53,5,7,-49,0.4,False
4493,1UD7,A,76,4156,1BJX,A,train,110,0.26956521739130435,31,115,40,39,5,-53,0.4,False
4493,1UD7,A,76,4173,1BM6,A,train,173,0.21714285714285714,38,175,36,99,2,-99,0.4,False
4493,1UD7,A,76,4177,1BO0,A,train,76,0.26804123711340205,26,97,29,21,21,-45,0.4,False
4493,1UD7,A,76,4184,1EH2,A,train,95,0.2524271844660194,26,103,42,27,8,-51,0.4,False
4493,1UD7,A,76,4186,1BLR,A,val,137,0.24113475177304963,34,141,38,65,4,-73,0.4,False
4493,1UD7,A,76,4188,1BCI,A,test,123,0.24,30,125,44,49,2,-65,0.4,False
4493,1UD7,A,76,4197,2CPS,A,train,50,0.1794871794871795,14,78,34,2,28,-50,0.4,False
4493,1UD7,A,76,4198,1BR0,A,train,120,0.24390243902439024,30,123,43,47,3,-63,0.4,False
4493,1UD7,A,76,4199,3NLA,A,train,73,0.23529411764705882,20,85,44,9,12,-45,0.4,False
4493,1UD7,A,76,4202,1BA9,A,train,153,0.24358974358974358,38,156,35,80,3,-80,0.4,False
4493,1UD7,A,76,4206,1MFN,A,train,184,0.1925133689839572,36,187,37,111,3,-115,0.4,False
4493,1UD7,A,76,4207,2ORC,A,train,71,0.25882352941176473,22,85,40,9,14,-41,0.4,False
4493,1UD7,A,76,4209,2CPB,A,train,50,0.1794871794871795,14,78,34,2,28,-50,0.4,False
4493,1UD7,A,76,4214,2TMP,A,train,127,0.26515151515151514,35,132,36,56,5,-62,0.4,False
4493,1UD7,A,76,4215,1SSN,A,train,136,0.2246376811594203,31,138,43,62,2,-76,0.4,False
4493,1UD7,A,76,4216,1BHI,A,train,38,0.21794871794871795,17,78,19,2,40,-44,0.4,False
4493,1UD7,A,76,4217,1BHU,A,val,102,0.2727272727272727,30,110,38,34,8,-50,0.4,False
4493,1UD7,A,76,4222,1MNL,A,train,91,0.26732673267326734,27,101,39,25,10,-47,0.4,False
4493,1UD7,A,76,4223,1TBA,A,test,67,0.25301204819277107,21,83,39,7,16,-41,0.4,False
4493,1UD7,A,76,4224,1MYO,A,train,118,0.2698412698412698,34,126,34,50,8,-58,0.4,False
4493,1UD7,A,76,4225,3GRX,A,val,82,0.2736842105263158,26,95,37,19,13,-43,0.4,False
4493,1UD7,A,76,4227,1BQZ,A,test,77,0.2727272727272727,24,88,41,12,11,-40,0.4,False
4493,1UD7,A,76,4228,1BQ0,A,test,77,0.2727272727272727,24,88,41,12,11,-40,0.4,False
4493,1UD7,A,76,4230,1BUQ,A,test,125,0.25,32,128,41,52,3,-64,0.4,False
4493,1UD7,A,76,4241,2XBD,A,train,87,0.20652173913043478,19,92,52,16,5,-54,0.4,False
4493,1UD7,A,76,4242,3MSP,A,test,126,0.21705426356589147,28,129,45,53,3,-73,0.4,False
4493,1UD7,A,76,4248,2LEF,A,train,86,0.2391304347826087,22,92,48,16,6,-48,0.4,False
4493,1UD7,A,76,4249,1XPA,A,train,113,0.23076923076923078,27,117,45,41,4,-63,0.4,False
4493,1UD7,A,76,4254,1L3G,A,val,123,0.23622047244094488,30,127,42,51,4,-67,0.4,False
4493,1UD7,A,76,4255,2IF1,A,train,126,0.2283464566929134,29,127,46,51,1,-69,0.4,False
4493,1UD7,A,76,4262,1BZF,A,train,162,0.22289156626506024,37,166,35,90,4,-92,0.4,False
4493,1UD7,A,76,4263,2NMB,A,val,147,0.2185430463576159,33,151,39,75,4,-85,0.4,False
4493,1UD7,A,76,4265,1DS9,A,train,198,0.21105527638190955,42,199,33,123,1,-115,0.4,False
4493,1UD7,A,76,4269,1GHT,A,test,105,0.2882882882882883,32,111,38,35,6,-47,0.4,False
4493,1UD7,A,76,4271,1JFJ,A,train,134,0.24087591240875914,33,137,40,61,3,-71,0.4,False
4493,1UD7,A,76,4276,1B2I,A,train,83,0.22340425531914893,21,94,44,18,11,-52,0.4,False
4493,1UD7,A,76,4281,1Z0R,A,train,53,0.26582278481012656,21,79,29,3,26,-37,0.4,False
4493,1UD7,A,76,4285,1K2H,A,test,93,0.24752475247524752,25,101,43,25,8,-51,0.4,False
4493,1UD7,A,76,4299,2F63,A,train,158,0.2236024844720497,36,161,37,85,3,-89,0.4,False
4493,1UD7,A,76,4300,2F65,A,train,158,0.2236024844720497,36,161,37,85,3,-89,0.4,False
4493,1UD7,A,76,4312,1JM4,B,train,118,0.2459016393442623,30,122,42,46,4,-62,0.4,False
4493,1UD7,A,76,4313,1ZRR,A,train,179,0.20441988950276244,37,181,37,105,2,-107,0.4,False
4493,1UD7,A,76,4334,1KQQ,A,test,131,0.23703703703703705,32,135,40,59,4,-71,0.4,False
4493,1UD7,A,76,4342,1LY7,A,train,121,0.23387096774193547,29,124,44,48,3,-66,0.4,False
4494,3LRI,A,83,3322,1E8P,A,train,46,0.2,17,85,27,2,39,-51,0.4,False
4494,3LRI,A,83,4023,1Q2N,A,train,58,0.20454545454545456,18,88,35,5,30,-52,0.4,False
4494,3LRI,A,83,4052,1JOO,A,val,149,0.21428571428571427,33,154,45,71,5,-88,0.4,False
4494,3LRI,A,83,4053,1JOQ,A,val,149,0.21428571428571427,33,154,45,71,5,-88,0.4,False
4494,3LRI,A,83,4089,2DEF,A,train,146,0.22297297297297297,33,148,48,65,2,-82,0.4,False
4494,3LRI,A,83,4090,2EZH,A,val,65,0.22727272727272727,20,88,40,5,23,-48,0.4,False
4494,3LRI,A,83,4114,1A5J,A,train,110,0.23333333333333334,28,120,45,37,10,-64,0.4,False
4494,3LRI,A,83,4129,1Q80,A,train,174,0.1896551724137931,33,174,50,91,0,-108,0.4,False
4494,3LRI,A,83,4141,1NK2,P,train,77,0.23711340206185566,23,97,40,14,20,-51,0.4,False
4494,3LRI,A,83,4147,1H95,A,train,79,0.24210526315789474,23,95,44,12,16,-49,0.4,False
4494,3LRI,A,83,4153,1RXR,A,train,83,0.24509803921568626,25,102,39,19,19,-52,0.4,False
4494,3LRI,A,83,4155,1EOT,A,train,74,0.24444444444444444,22,90,45,7,16,-46,0.4,False
4494,3LRI,A,83,4156,1BJX,A,train,110,0.22807017543859648,26,114,53,31,4,-62,0.4,False
4494,3LRI,A,83,4173,1BM6,A,train,173,0.2342857142857143,41,175,40,92,2,-93,0.4,False
4494,3LRI,A,83,4177,1BO0,A,train,76,0.21875,21,96,42,13,20,-54,0.4,False
4494,3LRI,A,83,4184,1EH2,A,train,95,0.26851851851851855,29,108,41,25,13,-50,0.4,False
4494,3LRI,A,83,4186,1BLR,A,val,137,0.2348993288590604,35,149,36,66,12,-79,0.4,False
4494,3LRI,A,83,4188,1BCI,A,test,123,0.208955223880597,28,134,44,51,11,-78,0.4,False
4494,3LRI,A,83,4197,2CPS,A,train,50,0.20238095238095238,17,84,32,1,34,-50,0.4,False
4494,3LRI,A,83,4198,1BR0,A,train,120,0.22764227642276422,28,123,52,40,3,-67,0.4,False
4494,3LRI,A,83,4199,3NLA,A,train,73,0.21978021978021978,20,91,45,8,18,-51,0.4,False
4494,3LRI,A,83,4202,1BA9,A,train,153,0.21428571428571427,33,154,49,71,1,-88,0.4,False
4494,3LRI,A,83,4206,1MFN,A,train,184,0.2,37,185,45,102,1,-111,0.4,False
4494,3LRI,A,83,4207,2ORC,A,train,71,0.22988505747126436,20,87,47,4,16,-47,0.4,False
4494,3LRI,A,83,4209,2CPB,A,train,50,0.20238095238095238,17,84,32,1,34,-50,0.4,False
4494,3LRI,A,83,4214,2TMP,A,train,127,0.22962962962962963,31,135,44,52,8,-73,0.4,False
4494,3LRI,A,83,4215,1SSN,A,train,136,0.2112676056338028,30,142,47,59,6,-82,0.4,False
4494,3LRI,A,83,4216,1BHI,A,train,38,0.20481927710843373,17,83,21,0,45,-49,0.4,False
4494,3LRI,A,83,4217,1BHU,A,val,102,0.2702702702702703,30,111,44,28,9,-51,0.4,False
4494,3LRI,A,83,4222,1MNL,A,train,91,0.2523364485981308,27,107,40,24,16,-53,0.4,False
4494,3LRI,A,83,4223,1TBA,A,test,67,0.25287356321839083,22,87,41,4,20,-43,0.4,False
4494,3LRI,A,83,4224,1MYO,A,train,118,0.24390243902439024,30,123,48,40,5,-63,0.4,False
4494,3LRI,A,83,4225,3GRX,A,val,82,0.21739130434782608,20,92,53,9,10,-52,0.4,False
4494,3LRI,A,83,4227,1BQZ,A,test,77,0.18888888888888888,17,90,53,7,13,-56,0.4,False
4494,3LRI,A,83,4228,1BQ0,A,test,77,0.18888888888888888,17,90,53,7,13,-56,0.4,False
4494,3LRI,A,83,4230,1BUQ,A,test,125,0.2556390977443609,34,133,41,50,8,-65,0.4,False
4494,3LRI,A,83,4241,2XBD,A,train,87,0.2127659574468085,20,94,56,11,7,-54,0.4,False
4494,3LRI,A,83,4242,3MSP,A,test,126,0.1953125,25,128,56,45,2,-78,0.4,False
4494,3LRI,A,83,4248,2LEF,A,train,86,0.21505376344086022,20,93,56,10,7,-53,0.4,False
4494,3LRI,A,83,4249,1XPA,A,train,113,0.23809523809523808,30,126,40,43,13,-66,0.4,False
4494,3LRI,A,83,4254,1L3G,A,val,123,0.22137404580152673,29,131,46,48,8,-73,0.4,False
4494,3LRI,A,83,4255,2IF1,A,train,126,0.21875,28,128,53,45,2,-72,0.4,False
4494,3LRI,A,83,4262,1BZF,A,train,162,0.21686746987951808,36,166,43,83,4,-94,0.4,False
4494,3LRI,A,83,4263,2NMB,A,val,147,0.2564102564102564,40,156,34,73,9,-76,0.4,False
4494,3LRI,A,83,4265,1DS9,A,train,198,0.195,39,200,42,117,2,-122,0.4,False
4494,3LRI,A,83,4269,1GHT,A,test,105,0.2627118644067797,31,118,39,35,13,-56,0.4,False
4494,3LRI,A,83,4271,1JFJ,A,train,134,0.20588235294117646,28,136,53,53,2,-80,0.4,False
4494,3LRI,A,83,4276,1B2I,A,train,83,0.23157894736842105,22,95,49,12,12,-51,0.4,False
4494,3LRI,A,83,4281,1Z0R,A,train,53,0.25555555555555554,23,90,23,7,37,-44,0.4,False
4494,3LRI,A,83,4285,1K2H,A,test,93,0.22772277227722773,23,101,52,18,8,-55,0.4,False
4494,3LRI,A,83,4299,2F63,A,train,158,0.21604938271604937,35,162,44,79,4,-92,0.4,False
4494,3LRI,A,83,4300,2F65,A,train,158,0.21604938271604937,35,162,44,79,4,-92,0.4,False
4494,3LRI,A,83,4312,1JM4,B,train,118,0.248,31,125,45,42,7,-63,0.4,False
4494,3LRI,A,83,4313,1ZRR,A,train,179,0.20765027322404372,38,183,41,100,4,-107,0.4,False
4494,3LRI,A,83,4334,1KQQ,A,test,131,0.21481481481481482,29,135,50,52,4,-77,0.4,False
4494,3LRI,A,83,4342,1LY7,A,train,121,0.2777777777777778,35,126,43,43,5,-56,0.4,False
4496,1OM2,A,95,3322,1E8P,A,train,46,0.18947368421052632,18,95,28,0,49,-59,0.4,False
4496,1OM2,A,95,4023,1Q2N,A,train,58,0.2403846153846154,25,104,24,9,46,-54,0.4,False
4496,1OM2,A,95,4052,1JOO,A,val,149,0.2692307692307692,42,156,46,61,7,-72,0.4,False
4496,1OM2,A,95,4053,1JOQ,A,val,149,0.2692307692307692,42,156,46,61,7,-72,0.4,False
4496,1OM2,A,95,4089,2DEF,A,train,146,0.2532467532467532,39,154,48,59,8,-76,0.4,False
4496,1OM2,A,95,4090,2EZH,A,val,65,0.25,26,104,30,9,39,-52,0.4,False
4496,1OM2,A,95,4114,1A5J,A,train,110,0.21929824561403508,25,114,66,19,4,-64,0.4,False
4496,1OM2,A,95,4129,1Q80,A,train,174,0.22905027932960895,41,179,49,84,5,-97,0.4,False
4496,1OM2,A,95,4141,1NK2,P,train,77,0.2761904761904762,29,105,38,10,28,-47,0.4,False
4496,1OM2,A,95,4147,1H95,A,train,79,0.21782178217821782,22,101,51,6,22,-57,0.4,False
4496,1OM2,A,95,4153,1RXR,A,train,83,0.21818181818181817,24,110,44,15,27,-62,0.4,False
4496,1OM2,A,95,4155,1EOT,A,train,74,0.22330097087378642,23,103,43,8,29,-57,0.4,False
4496,1OM2,A,95,4156,1BJX,A,train,110,0.2644628099173554,32,121,52,26,11,-57,0.4,False
4496,1OM2,A,95,4173,1BM6,A,train,173,0.2808988764044944,50,178,40,83,5,-78,0.4,False
4496,1OM2,A,95,4177,1BO0,A,train,76,0.19801980198019803,20,101,50,6,25,-61,0.4,False
4496,1OM2,A,95,4184,1EH2,A,train,95,0.2636363636363636,29,110,51,15,15,-52,0.4,False
4496,1OM2,A,95,4186,1BLR,A,val,137,0.26174496644295303,39,149,44,54,12,-71,0.4,False
4496,1OM2,A,95,4188,1BCI,A,test,123,0.2595419847328244,34,131,53,36,8,-63,0.4,False
4496,1OM2,A,95,4197,2CPS,A,train,50,0.23469387755102042,23,98,24,3,48,-52,0.4,False
4496,1OM2,A,95,4198,1BR0,A,train,120,0.23015873015873015,29,126,60,31,6,-68,0.4,False
4496,1OM2,A,95,4199,3NLA,A,train,73,0.2376237623762376,24,101,43,6,28,-53,0.4,False
4496,1OM2,A,95,4202,1BA9,A,train,153,0.22784810126582278,36,158,54,63,5,-86,0.4,False
4496,1OM2,A,95,4206,1MFN,A,train,184,0.21390374331550802,40,187,52,92,3,-107,0.4,False
4496,1OM2,A,95,4207,2ORC,A,train,71,0.21212121212121213,21,99,46,4,28,-57,0.4,False
4496,1OM2,A,95,4209,2CPB,A,train,50,0.23469387755102042,23,98,24,3,48,-52,0.4,False
4496,1OM2,A,95,4214,2TMP,A,train,127,0.2426470588235294,33,136,53,41,9,-70,0.4,False
4496,1OM2,A,95,4215,1SSN,A,train,136,0.2198581560283688,31,141,59,46,5,-79,0.4,False
4496,1OM2,A,95,4216,1BHI,A,train,38,0.1875,18,96,19,1,58,-60,0.4,False
4496,1OM2,A,95,4217,1BHU,A,val,102,0.26956521739130435,31,115,51,20,13,-53,0.4,False
4496,1OM2,A,95,4222,1MNL,A,train,91,0.21153846153846154,22,104,60,9,13,-60,0.4,False
4496,1OM2,A,95,4223,1TBA,A,test,67,0.24742268041237114,24,97,41,2,30,-49,0.4,False
4496,1OM2,A,95,4224,1MYO,A,train,118,0.2900763358778626,38,131,44,36,13,-55,0.4,False
4496,1OM2,A,95,4225,3GRX,A,val,82,0.21296296296296297,23,108,46,13,26,-62,0.4,False
4496,1OM2,A,95,4227,1BQZ,A,test,77,0.23232323232323232,23,99,50,4,22,-53,0.4,False
4496,1OM2,A,95,4228,1BQ0,A,test,77,0.23232323232323232,23,99,50,4,22,-53,0.4,False
4496,1OM2,A,95,4230,1BUQ,A,test,125,0.24242424242424243,32,132,56,37,7,-68,0.4,False
4496,1OM2,A,95,4241,2XBD,A,train,87,0.19607843137254902,20,102,60,7,15,-62,0.4,False
4496,1OM2,A,95,4242,3MSP,A,test,126,0.21804511278195488,29,133,59,38,7,-75,0.4,False
4496,1OM2,A,95,4248,2LEF,A,train,86,0.21568627450980393,22,102,57,7,16,-58,0.4,False
4496,1OM2,A,95,4249,1XPA,A,train,113,0.272,34,125,49,30,12,-57,0.4,False
4496,1OM2,A,95,4254,1L3G,A,val,123,0.2647058823529412,36,136,46,41,13,-64,0.4,False
4496,1OM2,A,95,4255,2IF1,A,train,126,0.25,33,132,56,37,6,-66,0.4,False
4496,1OM2,A,95,4262,1BZF,A,train,162,0.25766871165644173,42,163,52,68,1,-79,0.4,False
4496,1OM2,A,95,4263,2NMB,A,val,147,0.2356687898089172,37,157,48,62,10,-83,0.4,False
4496,1OM2,A,95,4265,1DS9,A,train,198,0.23267326732673269,47,202,44,107,4,-108,0.4,False
4496,1OM2,A,95,4269,1GHT,A,test,105,0.2773109243697479,33,119,48,24,14,-53,0.4,False
4496,1OM2,A,95,4271,1JFJ,A,train,134,0.2887323943661972,41,142,46,47,8,-60,0.4,False
4496,1OM2,A,95,4276,1B2I,A,train,83,0.21100917431192662,23,109,46,14,26,-63,0.4,False
4496,1OM2,A,95,4281,1Z0R,A,train,53,0.1875,18,96,34,1,43,-60,0.4,False
4496,1OM2,A,95,4285,1K2H,A,test,93,0.21153846153846154,22,104,62,9,11,-60,0.4,False
4496,1OM2,A,95,4299,2F63,A,train,158,0.2392638036809816,39,163,51,68,5,-85,0.4,False
4496,1OM2,A,95,4300,2F65,A,train,158,0.2392638036809816,39,163,51,68,5,-85,0.4,False
4496,1OM2,A,95,4312,1JM4,B,train,118,0.25,32,128,53,33,10,-64,0.4,False
4496,1OM2,A,95,4313,1ZRR,A,train,179,0.25136612021857924,46,183,45,88,4,-91,0.4,False
4496,1OM2,A,95,4334,1KQQ,A,test,131,0.2571428571428571,36,140,50,45,9,-68,0.4,False
4496,1OM2,A,95,4342,1LY7,A,train,121,0.25190839694656486,33,131,52,36,10,-65,0.4,False
4497,7HSC,A,159,3322,1E8P,A,train,46,0.15,24,160,21,1,114,-112,0.4,False
4497,7HSC,A,159,4023,1Q2N,A,train,58,0.1901840490797546,31,163,23,4,105,-101,0.4,False
4497,7HSC,A,159,4052,1JOO,A,val,149,0.2737430167597765,49,179,80,20,30,-81,0.4,False
4497,7HSC,A,159,4053,1JOQ,A,val,149,0.2737430167597765,49,179,80,20,30,-81,0.4,False
4497,7HSC,A,159,4089,2DEF,A,train,146,0.2696629213483146,48,178,79,19,32,-82,0.4,False
4497,7HSC,A,159,4090,2EZH,A,val,65,0.2111801242236025,34,161,29,2,96,-93,0.4,False
4497,7HSC,A,159,4114,1A5J,A,train,110,0.2558139534883721,44,172,53,13,62,-84,0.4,False
4497,7HSC,A,159,4129,1Q80,A,train,174,0.25668449197860965,48,187,98,28,13,-91,0.4,False
4497,7HSC,A,159,4141,1NK2,P,train,77,0.2085889570552147,34,163,39,4,86,-95,0.4,False
4497,7HSC,A,159,4147,1H95,A,train,79,0.2236024844720497,36,161,41,2,82,-89,0.4,False
4497,7HSC,A,159,4153,1RXR,A,train,83,0.2,32,160,50,1,77,-96,0.4,False
4497,7HSC,A,159,4155,1EOT,A,train,74,0.2236024844720497,36,161,36,2,87,-89,0.4,False
4497,7HSC,A,159,4156,1BJX,A,train,110,0.25,43,172,54,13,62,-86,0.4,False
4497,7HSC,A,159,4173,1BM6,A,train,173,0.2268041237113402,44,194,94,35,21,-106,0.4,False
4497,7HSC,A,159,4177,1BO0,A,train,76,0.225,36,160,39,1,84,-88,0.4,False
4497,7HSC,A,159,4184,1EH2,A,train,95,0.21951219512195122,36,164,54,5,69,-92,0.4,False
4497,7HSC,A,159,4186,1BLR,A,val,137,0.25842696629213485,46,178,72,19,41,-86,0.4,False
4497,7HSC,A,159,4188,1BCI,A,test,123,0.292817679558011,53,181,48,22,58,-75,0.4,False
4497,7HSC,A,159,4197,2CPS,A,train,50,0.18867924528301888,30,159,20,0,109,-99,0.4,False
4497,7HSC,A,159,4198,1BR0,A,train,120,0.25903614457831325,43,166,70,7,46,-80,0.4,False
4497,7HSC,A,159,4199,3NLA,A,train,73,0.23170731707317074,38,164,30,5,91,-88,0.4,False
4497,7HSC,A,159,4202,1BA9,A,train,153,0.27807486631016043,52,187,73,28,34,-83,0.4,False
4497,7HSC,A,159,4206,1MFN,A,train,184,0.25728155339805825,53,206,84,47,22,-100,0.4,False
4497,7HSC,A,159,4207,2ORC,A,train,71,0.2345679012345679,38,162,30,3,91,-86,0.4,False
4497,7HSC,A,159,4209,2CPB,A,train,50,0.18867924528301888,30,159,20,0,109,-99,0.4,False
4497,7HSC,A,159,4214,2TMP,A,train,127,0.24242424242424243,40,165,81,6,38,-85,0.4,False
4497,7HSC,A,159,4215,1SSN,A,train,136,0.2640449438202247,47,178,70,19,42,-84,0.4,False
4497,7HSC,A,159,4216,1BHI,A,train,38,0.14906832298136646,24,161,12,2,123,-113,0.4,False
4497,7HSC,A,159,4217,1BHU,A,val,102,0.23030303030303031,38,165,58,6,63,-89,0.4,False
4497,7HSC,A,159,4222,1MNL,A,train,91,0.23125,37,160,53,1,69,-86,0.4,False
4497,7HSC,A,159,4223,1TBA,A,test,67,0.22839506172839505,37,162,27,3,95,-88,0.4,False
4497,7HSC,A,159,4224,1MYO,A,train,118,0.2529411764705882,43,170,64,11,52,-84,0.4,False
4497,7HSC,A,159,4225,3GRX,A,val,82,0.21875,35,160,46,1,78,-90,0.4,False
4497,7HSC,A,159,4227,1BQZ,A,test,77,0.22085889570552147,36,163,37,4,86,-91,0.4,False
4497,7HSC,A,159,4228,1BQ0,A,test,77,0.22085889570552147,36,163,37,4,86,-91,0.4,False
4497,7HSC,A,159,4230,1BUQ,A,test,125,0.22289156626506024,37,166,81,7,41,-92,0.4,False
4497,7HSC,A,159,4241,2XBD,A,train,87,0.21604938271604937,35,162,49,3,75,-92,0.4,False
4497,7HSC,A,159,4242,3MSP,A,test,126,0.27167630057803466,47,173,65,14,47,-79,0.4,False
4497,7HSC,A,159,4248,2LEF,A,train,86,0.2037037037037037,33,162,50,3,76,-96,0.4,False
4497,7HSC,A,159,4249,1XPA,A,train,113,0.25748502994011974,43,167,62,8,54,-81,0.4,False
4497,7HSC,A,159,4254,1L3G,A,val,123,0.23837209302325582,41,172,69,13,49,-90,0.4,False
4497,7HSC,A,159,4255,2IF1,A,train,126,0.23837209302325582,41,172,72,13,46,-90,0.4,False
4497,7HSC,A,159,4262,1BZF,A,train,162,0.26595744680851063,50,188,83,29,26,-88,0.4,False
4497,7HSC,A,159,4263,2NMB,A,val,147,0.24571428571428572,43,175,88,16,28,-89,0.4,False
4497,7HSC,A,159,4265,1DS9,A,train,198,0.24761904761904763,52,210,95,51,12,-106,0.4,False
4497,7HSC,A,159,4269,1GHT,A,test,105,0.2573099415204678,44,171,49,12,66,-83,0.4,False
4497,7HSC,A,159,4271,1JFJ,A,train,134,0.28651685393258425,51,178,64,19,44,-76,0.4,False
4497,7HSC,A,159,4276,1B2I,A,train,83,0.20987654320987653,34,162,46,3,79,-94,0.4,False
4497,7HSC,A,159,4281,1Z0R,A,train,53,0.20625,33,160,19,1,107,-94,0.4,False
4497,7HSC,A,159,4285,1K2H,A,test,93,0.25609756097560976,42,164,46,5,71,-80,0.4,False
4497,7HSC,A,159,4299,2F63,A,train,158,0.2736842105263158,52,190,75,31,32,-86,0.4,False
4497,7HSC,A,159,4300,2F65,A,train,158,0.2736842105263158,52,190,75,31,32,-86,0.4,False
4497,7HSC,A,159,4312,1JM4,B,train,118,0.24561403508771928,42,171,64,12,53,-87,0.4,False
4497,7HSC,A,159,4313,1ZRR,A,train,179,0.24102564102564103,47,195,96,36,16,-101,0.4,False
4497,7HSC,A,159,4334,1KQQ,A,test,131,0.2441860465116279,42,172,76,13,41,-88,0.4,False
4497,7HSC,A,159,4342,1LY7,A,train,121,0.27218934911242604,46,169,65,10,48,-77,0.4,False
4510,1CXW,A,60,3322,1E8P,A,train,46,0.25396825396825395,16,63,27,3,17,-31,0.4,False
4510,1CXW,A,60,4023,1Q2N,A,train,58,0.19444444444444445,14,72,32,12,14,-44,0.4,False
4510,1CXW,A,60,4052,1JOO,A,val,149,0.19333333333333333,29,150,30,90,1,-92,0.4,False
4510,1CXW,A,60,4053,1JOQ,A,val,149,0.19333333333333333,29,150,30,90,1,-92,0.4,False
4510,1CXW,A,60,4089,2DEF,A,train,146,0.16326530612244897,24,147,35,87,1,-99,0.4,False
4510,1CXW,A,60,4090,2EZH,A,val,65,0.19117647058823528,13,68,44,8,3,-42,0.4,False
4510,1CXW,A,60,4114,1A5J,A,train,110,0.18584070796460178,21,113,36,53,3,-71,0.4,False
4510,1CXW,A,60,4129,1Q80,A,train,174,0.16759776536312848,30,179,25,119,5,-119,0.4,False
4510,1CXW,A,60,4141,1NK2,P,train,77,0.23595505617977527,21,89,27,29,12,-47,0.4,False
4510,1CXW,A,60,4147,1H95,A,train,79,0.2289156626506024,19,83,37,23,4,-45,0.4,False
4510,1CXW,A,60,4153,1RXR,A,train,83,0.25274725274725274,23,91,29,31,8,-45,0.4,False
4510,1CXW,A,60,4155,1EOT,A,train,74,0.2345679012345679,19,81,34,21,7,-43,0.4,False
4510,1CXW,A,60,4156,1BJX,A,train,110,0.23684210526315788,27,114,29,54,4,-60,0.4,False
4510,1CXW,A,60,4173,1BM6,A,train,173,0.1807909604519774,32,177,24,117,4,-113,0.4,False
4510,1CXW,A,60,4177,1BO0,A,train,76,0.23809523809523808,20,84,32,24,8,-44,0.4,False
4510,1CXW,A,60,4184,1EH2,A,train,95,0.1836734693877551,18,98,39,38,3,-62,0.4,False
4510,1CXW,A,60,4186,1BLR,A,val,137,0.20567375886524822,29,141,27,81,4,-83,0.4,False
4510,1CXW,A,60,4188,1BCI,A,test,123,0.1935483870967742,24,124,35,64,1,-76,0.4,False
4510,1CXW,A,60,4197,2CPS,A,train,50,0.2753623188405797,19,69,22,9,19,-31,0.4,False
4510,1CXW,A,60,4198,1BR0,A,train,120,0.16260162601626016,20,123,37,63,3,-83,0.4,False
4510,1CXW,A,60,4199,3NLA,A,train,73,0.225,18,80,35,20,7,-44,0.4,False
4510,1CXW,A,60,4202,1BA9,A,train,153,0.2012987012987013,31,154,28,94,1,-92,0.4,False
4510,1CXW,A,60,4206,1MFN,A,train,184,0.17204301075268819,32,186,26,126,2,-122,0.4,False
4510,1CXW,A,60,4207,2ORC,A,train,71,0.2564102564102564,20,78,33,18,7,-38,0.4,False
4510,1CXW,A,60,4209,2CPB,A,train,50,0.2753623188405797,19,69,22,9,19,-31,0.4,False
4510,1CXW,A,60,4214,2TMP,A,train,127,0.21641791044776118,29,134,24,74,7,-76,0.4,False
4510,1CXW,A,60,4215,1SSN,A,train,136,0.20714285714285716,29,140,27,80,4,-82,0.4,False
4510,1CXW,A,60,4216,1BHI,A,train,38,0.22580645161290322,14,62,22,2,24,-34,0.4,False
4510,1CXW,A,60,4217,1BHU,A,val,102,0.21359223300970873,22,103,37,43,1,-59,0.4,False
4510,1CXW,A,60,4222,1MNL,A,train,91,0.23157894736842105,22,95,34,35,4,-51,0.4,False
4510,1CXW,A,60,4223,1TBA,A,test,67,0.26582278481012656,21,79,27,19,12,-37,0.4,False
4510,1CXW,A,60,4224,1MYO,A,train,118,0.19672131147540983,24,122,32,62,4,-74,0.4,False
4510,1CXW,A,60,4225,3GRX,A,val,82,0.21176470588235294,18,85,39,25,3,-49,0.4,False
4510,1CXW,A,60,4227,1BQZ,A,test,77,0.21686746987951808,18,83,36,23,6,-47,0.4,False
4510,1CXW,A,60,4228,1BQ0,A,test,77,0.21686746987951808,18,83,36,23,6,-47,0.4,False
4510,1CXW,A,60,4230,1BUQ,A,test,125,0.1889763779527559,24,127,34,67,2,-79,0.4,False
4510,1CXW,A,60,4241,2XBD,A,train,87,0.23655913978494625,22,93,32,33,6,-49,0.4,False
4510,1CXW,A,60,4242,3MSP,A,test,126,0.2109375,27,128,31,68,2,-74,0.4,False
4510,1CXW,A,60,4248,2LEF,A,train,86,0.20454545454545456,18,88,40,28,2,-52,0.4,False
4510,1CXW,A,60,4249,1XPA,A,train,113,0.1794871794871795,21,117,35,57,4,-75,0.4,False
4510,1CXW,A,60,4254,1L3G,A,val,123,0.176,22,125,36,65,2,-81,0.4,False
4510,1CXW,A,60,4255,2IF1,A,train,126,0.1968503937007874,25,127,34,67,1,-77,0.4,False
4510,1CXW,A,60,4262,1BZF,A,train,162,0.1951219512195122,32,164,26,104,2,-100,0.4,False
4510,1CXW,A,60,4263,2NMB,A,val,147,0.21621621621621623,32,148,27,88,1,-84,0.4,False
4510,1CXW,A,60,4265,1DS9,A,train,198,0.155,31,200,27,140,2,-138,0.4,False
4510,1CXW,A,60,4269,1GHT,A,test,105,0.19626168224299065,21,107,37,47,2,-65,0.4,False
4510,1CXW,A,60,4271,1JFJ,A,train,134,0.19117647058823528,26,136,32,76,2,-84,0.4,False
4510,1CXW,A,60,4276,1B2I,A,train,83,0.26436781609195403,23,87,33,27,4,-41,0.4,False
4510,1CXW,A,60,4281,1Z0R,A,train,53,0.25,17,68,28,8,15,-34,0.4,False
4510,1CXW,A,60,4285,1K2H,A,test,93,0.19148936170212766,18,94,41,34,1,-58,0.4,False
4510,1CXW,A,60,4299,2F63,A,train,158,0.20625,33,160,25,100,2,-94,0.4,False
4510,1CXW,A,60,4300,2F65,A,train,158,0.20625,33,160,25,100,2,-94,0.4,False
4510,1CXW,A,60,4312,1JM4,B,train,118,0.17647058823529413,21,119,38,59,1,-77,0.4,False
4510,1CXW,A,60,4313,1ZRR,A,train,179,0.1787709497206704,32,179,28,119,0,-115,0.4,False
4510,1CXW,A,60,4334,1KQQ,A,test,131,0.183206106870229,24,131,36,71,0,-83,0.4,False
4510,1CXW,A,60,4342,1LY7,A,train,121,0.208,26,125,30,65,4,-73,0.4,False
4514,1D2L,A,45,3322,1E8P,A,train,46,0.25925925925925924,14,54,23,9,8,-26,0.4,False
4514,1D2L,A,45,4023,1Q2N,A,train,58,0.24193548387096775,15,62,26,17,4,-32,0.4,False
4514,1D2L,A,45,4052,1JOO,A,val,149,0.15894039735099338,24,151,19,106,2,-103,0.4,False
4514,1D2L,A,45,4053,1JOQ,A,val,149,0.15894039735099338,24,151,19,106,2,-103,0.4,False
4514,1D2L,A,45,4089,2DEF,A,train,146,0.1564625850340136,23,147,21,102,1,-101,0.4,False
4514,1D2L,A,45,4090,2EZH,A,val,65,0.21428571428571427,15,70,25,25,5,-40,0.4,False
4514,1D2L,A,45,4114,1A5J,A,train,110,0.18181818181818182,20,110,25,65,0,-70,0.4,False
4514,1D2L,A,45,4129,1Q80,A,train,174,0.13714285714285715,24,175,20,130,1,-127,0.4,False
4514,1D2L,A,45,4141,1NK2,P,train,77,0.16666666666666666,13,78,31,33,1,-52,0.4,False
4514,1D2L,A,45,4147,1H95,A,train,79,0.175,14,80,30,35,1,-52,0.4,False
4514,1D2L,A,45,4153,1RXR,A,train,83,0.20238095238095238,17,84,27,39,1,-50,0.4,False
4514,1D2L,A,45,4155,1EOT,A,train,74,0.25316455696202533,20,79,20,34,5,-39,0.4,False
4514,1D2L,A,45,4156,1BJX,A,train,110,0.17117117117117117,19,111,25,66,1,-73,0.4,False
4514,1D2L,A,45,4173,1BM6,A,train,173,0.13714285714285715,24,175,19,130,2,-127,0.4,False
4514,1D2L,A,45,4177,1BO0,A,train,76,0.19736842105263158,15,76,30,31,0,-46,0.4,False
4514,1D2L,A,45,4184,1EH2,A,train,95,0.20618556701030927,20,97,23,52,2,-57,0.4,False
4514,1D2L,A,45,4186,1BLR,A,val,137,0.15328467153284672,21,137,24,92,0,-95,0.4,False
4514,1D2L,A,45,4188,1BCI,A,test,123,0.14634146341463414,18,123,27,78,0,-87,0.4,False
4514,1D2L,A,45,4197,2CPS,A,train,50,0.16363636363636364,9,55,31,10,5,-37,0.4,False
4514,1D2L,A,45,4198,1BR0,A,train,120,0.15,18,120,27,75,0,-84,0.4,False
4514,1D2L,A,45,4199,3NLA,A,train,73,0.19736842105263158,15,76,27,31,3,-46,0.4,False
4514,1D2L,A,45,4202,1BA9,A,train,153,0.1935483870967742,30,155,13,110,2,-95,0.4,False
4514,1D2L,A,45,4206,1MFN,A,train,184,0.125,23,184,22,139,0,-138,0.4,False
4514,1D2L,A,45,4207,2ORC,A,train,71,0.18421052631578946,14,76,26,31,5,-48,0.4,False
4514,1D2L,A,45,4209,2CPB,A,train,50,0.16363636363636364,9,55,31,10,5,-37,0.4,False
4514,1D2L,A,45,4214,2TMP,A,train,127,0.1937984496124031,25,129,18,84,2,-79,0.4,False
4514,1D2L,A,45,4215,1SSN,A,train,136,0.13970588235294118,19,136,26,91,0,-98,0.4,False
4514,1D2L,A,45,4216,1BHI,A,train,38,0.26,13,50,20,5,12,-24,0.4,False
4514,1D2L,A,45,4217,1BHU,A,val,102,0.17307692307692307,18,104,25,59,2,-68,0.4,False
4514,1D2L,A,45,4222,1MNL,A,train,91,0.2087912087912088,19,91,26,46,0,-53,0.4,False
4514,1D2L,A,45,4223,1TBA,A,test,67,0.24285714285714285,17,70,25,25,3,-36,0.4,False
4514,1D2L,A,45,4224,1MYO,A,train,118,0.1694915254237288,20,118,25,73,0,-78,0.4,False
4514,1D2L,A,45,4225,3GRX,A,val,82,0.19047619047619047,16,84,27,39,2,-52,0.4,False
4514,1D2L,A,45,4227,1BQZ,A,test,77,0.20253164556962025,16,79,27,34,2,-47,0.4,False
4514,1D2L,A,45,4228,1BQ0,A,test,77,0.20253164556962025,16,79,27,34,2,-47,0.4,False
4514,1D2L,A,45,4230,1BUQ,A,test,125,0.15873015873015872,20,126,24,81,1,-86,0.4,False
4514,1D2L,A,45,4241,2XBD,A,train,87,0.20689655172413793,18,87,27,42,0,-51,0.4,False
4514,1D2L,A,45,4242,3MSP,A,test,126,0.1796875,23,128,20,83,2,-82,0.4,False
4514,1D2L,A,45,4248,2LEF,A,train,86,0.16091954022988506,14,87,30,42,1,-59,0.4,False
4514,1D2L,A,45,4249,1XPA,A,train,113,0.18584070796460178,21,113,24,68,0,-71,0.4,False
4514,1D2L,A,45,4254,1L3G,A,val,123,0.184,23,125,20,80,2,-79,0.4,False
4514,1D2L,A,45,4255,2IF1,A,train,126,0.1875,24,128,19,83,2,-80,0.4,False
4514,1D2L,A,45,4262,1BZF,A,train,162,0.15432098765432098,25,162,20,117,0,-112,0.4,False
4514,1D2L,A,45,4263,2NMB,A,val,147,0.18120805369127516,27,149,16,104,2,-95,0.4,False
4514,1D2L,A,45,4265,1DS9,A,train,198,0.13131313131313133,26,198,19,153,0,-146,0.4,False
4514,1D2L,A,45,4269,1GHT,A,test,105,0.18095238095238095,19,105,26,60,0,-67,0.4,False
4514,1D2L,A,45,4271,1JFJ,A,train,134,0.14925373134328357,20,134,25,89,0,-94,0.4,False
4514,1D2L,A,45,4276,1B2I,A,train,83,0.2,17,85,26,40,2,-51,0.4,False
4514,1D2L,A,45,4281,1Z0R,A,train,53,0.20689655172413793,12,58,28,13,5,-34,0.4,False
4514,1D2L,A,45,4285,1K2H,A,test,93,0.21875,21,96,21,51,3,-54,0.4,False
4514,1D2L,A,45,4299,2F63,A,train,158,0.1761006289308176,28,159,16,114,1,-103,0.4,False
4514,1D2L,A,45,4300,2F65,A,train,158,0.1761006289308176,28,159,16,114,1,-103,0.4,False
4514,1D2L,A,45,4312,1JM4,B,train,118,0.1885245901639344,23,122,18,77,4,-76,0.4,False
4514,1D2L,A,45,4313,1ZRR,A,train,179,0.1452513966480447,26,179,19,134,0,-127,0.4,False
4514,1D2L,A,45,4334,1KQQ,A,test,131,0.17424242424242425,23,132,21,87,1,-86,0.4,False
4514,1D2L,A,45,4342,1LY7,A,train,121,0.14049586776859505,17,121,28,76,0,-87,0.4,False
4516,1D5G,A,96,3322,1E8P,A,train,46,0.1958762886597938,19,97,26,1,51,-59,0.4,False
4516,1D5G,A,96,4023,1Q2N,A,train,58,0.23232323232323232,23,99,32,3,41,-53,0.4,False
4516,1D5G,A,96,4052,1JOO,A,val,149,0.2597402597402597,40,154,51,58,5,-74,0.4,False
4516,1D5G,A,96,4053,1JOQ,A,val,149,0.2597402597402597,40,154,51,58,5,-74,0.4,False
4516,1D5G,A,96,4089,2DEF,A,train,146,0.24503311258278146,37,151,54,55,5,-77,0.4,False
4516,1D5G,A,96,4090,2EZH,A,val,65,0.22772277227722773,23,101,37,5,36,-55,0.4,False
4516,1D5G,A,96,4114,1A5J,A,train,110,0.27419354838709675,34,124,48,28,14,-56,0.4,False
4516,1D5G,A,96,4129,1Q80,A,train,174,0.23756906077348067,43,181,46,85,7,-95,0.4,False
4516,1D5G,A,96,4141,1NK2,P,train,77,0.22772277227722773,23,101,49,5,24,-55,0.4,False
4516,1D5G,A,96,4147,1H95,A,train,79,0.2909090909090909,32,110,33,14,31,-46,0.4,False
4516,1D5G,A,96,4153,1RXR,A,train,83,0.23076923076923078,24,104,51,8,21,-56,0.4,False
4516,1D5G,A,96,4155,1EOT,A,train,74,0.2524271844660194,26,103,41,7,29,-51,0.4,False
4516,1D5G,A,96,4156,1BJX,A,train,110,0.25833333333333336,31,120,55,24,10,-58,0.4,False
4516,1D5G,A,96,4173,1BM6,A,train,173,0.24858757062146894,44,177,48,81,4,-89,0.4,False
4516,1D5G,A,96,4177,1BO0,A,train,76,0.28440366972477066,31,109,32,13,33,-47,0.4,False
4516,1D5G,A,96,4184,1EH2,A,train,95,0.2972972972972973,33,111,47,15,16,-45,0.4,False
4516,1D5G,A,96,4186,1BLR,A,val,137,0.2708333333333333,39,144,50,48,7,-66,0.4,False
4516,1D5G,A,96,4188,1BCI,A,test,123,0.2537313432835821,34,134,51,38,11,-66,0.4,False
4516,1D5G,A,96,4197,2CPS,A,train,50,0.23469387755102042,23,98,25,2,48,-52,0.4,False
4516,1D5G,A,96,4198,1BR0,A,train,120,0.2556390977443609,34,133,49,37,13,-65,0.4,False
4516,1D5G,A,96,4199,3NLA,A,train,73,0.2980769230769231,31,104,34,8,31,-42,0.4,False
4516,1D5G,A,96,4202,1BA9,A,train,153,0.2641509433962264,42,159,48,63,6,-75,0.4,False
4516,1D5G,A,96,4206,1MFN,A,train,184,0.24324324324324326,45,185,50,89,1,-95,0.4,False
4516,1D5G,A,96,4207,2ORC,A,train,71,0.2549019607843137,26,102,39,6,31,-50,0.4,False
4516,1D5G,A,96,4209,2CPB,A,train,50,0.23469387755102042,23,98,25,2,48,-52,0.4,False
4516,1D5G,A,96,4214,2TMP,A,train,127,0.2695035460992908,38,141,44,45,14,-65,0.4,False
4516,1D5G,A,96,4215,1SSN,A,train,136,0.2553191489361702,36,141,55,45,5,-69,0.4,False
4516,1D5G,A,96,4216,1BHI,A,train,38,0.20408163265306123,20,98,16,2,60,-58,0.4,False
4516,1D5G,A,96,4217,1BHU,A,val,102,0.2833333333333333,34,120,44,24,18,-52,0.4,False
4516,1D5G,A,96,4222,1MNL,A,train,91,0.27522935779816515,30,109,48,13,18,-49,0.4,False
4516,1D5G,A,96,4223,1TBA,A,test,67,0.27722772277227725,28,101,34,5,34,-45,0.4,False
4516,1D5G,A,96,4224,1MYO,A,train,118,0.2890625,37,128,49,32,10,-54,0.4,False
4516,1D5G,A,96,4225,3GRX,A,val,82,0.2336448598130841,25,107,46,11,25,-57,0.4,False
4516,1D5G,A,96,4227,1BQZ,A,test,77,0.25961538461538464,27,104,42,8,27,-50,0.4,False
4516,1D5G,A,96,4228,1BQ0,A,test,77,0.25961538461538464,27,104,42,8,27,-50,0.4,False
4516,1D5G,A,96,4230,1BUQ,A,test,125,0.2727272727272727,36,132,53,36,7,-60,0.4,False
4516,1D5G,A,96,4241,2XBD,A,train,87,0.2743362831858407,31,113,39,17,26,-51,0.4,False
4516,1D5G,A,96,4242,3MSP,A,test,126,0.24812030075187969,33,133,56,37,7,-67,0.4,False
4516,1D5G,A,96,4248,2LEF,A,train,86,0.23148148148148148,25,108,49,12,22,-58,0.4,False
4516,1D5G,A,96,4249,1XPA,A,train,113,0.256198347107438,31,121,57,25,8,-59,0.4,False
4516,1D5G,A,96,4254,1L3G,A,val,123,0.23484848484848486,31,132,56,36,9,-70,0.4,False
4516,1D5G,A,96,4255,2IF1,A,train,126,0.23846153846153847,31,130,61,34,4,-68,0.4,False
4516,1D5G,A,96,4262,1BZF,A,train,162,0.23391812865497075,40,171,47,75,9,-91,0.4,False
4516,1D5G,A,96,4263,2NMB,A,val,147,0.27741935483870966,43,155,45,59,8,-69,0.4,False
4516,1D5G,A,96,4265,1DS9,A,train,198,0.23383084577114427,47,201,46,105,3,-107,0.4,False
4516,1D5G,A,96,4269,1GHT,A,test,105,0.2627118644067797,31,118,52,22,13,-56,0.4,False
4516,1D5G,A,96,4271,1JFJ,A,train,134,0.2589928057553957,36,139,55,43,5,-67,0.4,False
4516,1D5G,A,96,4276,1B2I,A,train,83,0.21904761904761905,23,105,51,9,22,-59,0.4,False
4516,1D5G,A,96,4281,1Z0R,A,train,53,0.25773195876288657,25,97,27,1,44,-47,0.4,False
4516,1D5G,A,96,4285,1K2H,A,test,93,0.23148148148148148,25,108,56,12,15,-58,0.4,False
4516,1D5G,A,96,4299,2F63,A,train,158,0.22839506172839505,37,162,55,66,4,-88,0.4,False
4516,1D5G,A,96,4300,2F65,A,train,158,0.22839506172839505,37,162,55,66,4,-88,0.4,False
4516,1D5G,A,96,4312,1JM4,B,train,118,0.23622047244094488,30,127,57,31,9,-67,0.4,False
4516,1D5G,A,96,4313,1ZRR,A,train,179,0.23204419889502761,42,181,52,85,2,-97,0.4,False
4516,1D5G,A,96,4334,1KQQ,A,test,131,0.24647887323943662,35,142,50,46,11,-72,0.4,False
4516,1D5G,A,96,4342,1LY7,A,train,121,0.291044776119403,39,134,44,38,13,-56,0.4,False
4519,1D7Q,A,143,3322,1E8P,A,train,46,0.15172413793103448,22,145,22,2,99,-101,0.4,False
4519,1D7Q,A,143,4023,1Q2N,A,train,58,0.21232876712328766,31,146,24,3,88,-84,0.4,False
4519,1D7Q,A,143,4052,1JOO,A,val,149,0.25748502994011974,43,167,82,24,18,-81,0.4,False
4519,1D7Q,A,143,4053,1JOQ,A,val,149,0.25748502994011974,43,167,82,24,18,-81,0.4,False
4519,1D7Q,A,143,4089,2DEF,A,train,146,0.26900584795321636,46,171,72,28,25,-79,0.4,False
4519,1D7Q,A,143,4090,2EZH,A,val,65,0.19594594594594594,29,148,31,5,83,-90,0.4,False
4519,1D7Q,A,143,4114,1A5J,A,train,110,0.2635135135135135,39,148,66,5,38,-70,0.4,False
4519,1D7Q,A,143,4129,1Q80,A,train,174,0.25925925925925924,49,189,79,46,15,-91,0.4,False
4519,1D7Q,A,143,4141,1NK2,P,train,77,0.2191780821917808,32,146,42,3,69,-82,0.4,False
4519,1D7Q,A,143,4147,1H95,A,train,79,0.2532467532467532,39,154,29,11,75,-76,0.4,False
4519,1D7Q,A,143,4153,1RXR,A,train,83,0.2328767123287671,34,146,46,3,63,-78,0.4,False
4519,1D7Q,A,143,4155,1EOT,A,train,74,0.21768707482993196,32,147,38,4,73,-83,0.4,False
4519,1D7Q,A,143,4156,1BJX,A,train,110,0.26174496644295303,39,149,65,6,39,-71,0.4,False
4519,1D7Q,A,143,4173,1BM6,A,train,173,0.2670157068062827,51,191,74,48,18,-89,0.4,False
4519,1D7Q,A,143,4177,1BO0,A,train,76,0.19310344827586207,28,145,46,2,69,-89,0.4,False
4519,1D7Q,A,143,4184,1EH2,A,train,95,0.24836601307189543,38,153,47,10,58,-77,0.4,False
4519,1D7Q,A,143,4186,1BLR,A,val,137,0.2682926829268293,44,164,72,21,27,-76,0.4,False
4519,1D7Q,A,143,4188,1BCI,A,test,123,0.2251655629139073,34,151,81,8,28,-83,0.4,False
4519,1D7Q,A,143,4197,2CPS,A,train,50,0.15862068965517243,23,145,25,2,95,-99,0.4,False
4519,1D7Q,A,143,4198,1BR0,A,train,120,0.2546583850931677,41,161,61,18,41,-79,0.4,False
4519,1D7Q,A,143,4199,3NLA,A,train,73,0.21333333333333335,32,150,34,7,77,-86,0.4,False
4519,1D7Q,A,143,4202,1BA9,A,train,153,0.2727272727272727,48,176,72,33,23,-80,0.4,False
4519,1D7Q,A,143,4206,1MFN,A,train,184,0.21243523316062177,41,193,93,50,9,-111,0.4,False
4519,1D7Q,A,143,4207,2ORC,A,train,71,0.22448979591836735,33,147,34,4,76,-81,0.4,False
4519,1D7Q,A,143,4209,2CPB,A,train,50,0.15862068965517243,23,145,25,2,95,-99,0.4,False
4519,1D7Q,A,143,4214,2TMP,A,train,127,0.24375,39,160,71,17,33,-82,0.4,False
4519,1D7Q,A,143,4215,1SSN,A,train,136,0.25153374233128833,41,163,75,20,27,-81,0.4,False
4519,1D7Q,A,143,4216,1BHI,A,train,38,0.14583333333333334,21,144,16,1,106,-102,0.4,False
4519,1D7Q,A,143,4217,1BHU,A,val,102,0.27450980392156865,42,153,50,10,51,-69,0.4,False
4519,1D7Q,A,143,4222,1MNL,A,train,91,0.2482758620689655,36,145,53,2,54,-73,0.4,False
4519,1D7Q,A,143,4223,1TBA,A,test,67,0.2191780821917808,32,146,32,3,79,-82,0.4,False
4519,1D7Q,A,143,4224,1MYO,A,train,118,0.2721518987341772,43,158,60,15,40,-72,0.4,False
4519,1D7Q,A,143,4225,3GRX,A,val,82,0.24342105263157895,37,152,36,9,70,-78,0.4,False
4519,1D7Q,A,143,4227,1BQZ,A,test,77,0.24503311258278146,37,151,32,8,74,-77,0.4,False
4519,1D7Q,A,143,4228,1BQ0,A,test,77,0.24503311258278146,37,151,32,8,74,-77,0.4,False
4519,1D7Q,A,143,4230,1BUQ,A,test,125,0.22435897435897437,35,156,77,13,31,-86,0.4,False
4519,1D7Q,A,143,4241,2XBD,A,train,87,0.20134228187919462,30,149,51,6,62,-89,0.4,False
4519,1D7Q,A,143,4242,3MSP,A,test,126,0.2484472049689441,40,161,68,18,35,-81,0.4,False
4519,1D7Q,A,143,4248,2LEF,A,train,86,0.2206896551724138,32,145,52,2,59,-81,0.4,False
4519,1D7Q,A,143,4249,1XPA,A,train,113,0.21476510067114093,32,149,75,6,36,-85,0.4,False
4519,1D7Q,A,143,4254,1L3G,A,val,123,0.23129251700680273,34,147,85,4,24,-79,0.4,False
4519,1D7Q,A,143,4255,2IF1,A,train,126,0.2597402597402597,40,154,75,11,28,-74,0.4,False
4519,1D7Q,A,143,4262,1BZF,A,train,162,0.23333333333333334,42,180,83,37,18,-96,0.4,False
4519,1D7Q,A,143,4263,2NMB,A,val,147,0.23809523809523808,40,168,82,25,21,-88,0.4,False
4519,1D7Q,A,143,4265,1DS9,A,train,198,0.26666666666666666,56,210,75,67,12,-98,0.4,False
4519,1D7Q,A,143,4269,1GHT,A,test,105,0.27631578947368424,42,152,54,9,47,-68,0.4,False
4519,1D7Q,A,143,4271,1JFJ,A,train,134,0.27218934911242604,46,169,62,26,35,-77,0.4,False
4519,1D7Q,A,143,4276,1B2I,A,train,83,0.2191780821917808,32,146,48,3,63,-82,0.4,False
4519,1D7Q,A,143,4281,1Z0R,A,train,53,0.20689655172413793,30,145,21,2,92,-85,0.4,False
4519,1D7Q,A,143,4285,1K2H,A,test,93,0.21678321678321677,31,143,62,0,50,-81,0.4,False
4519,1D7Q,A,143,4299,2F63,A,train,158,0.2594594594594595,48,185,68,42,27,-89,0.4,False
4519,1D7Q,A,143,4300,2F65,A,train,158,0.2594594594594595,48,185,68,42,27,-89,0.4,False
4519,1D7Q,A,143,4312,1JM4,B,train,118,0.2611464968152866,41,157,63,14,39,-75,0.4,False
4519,1D7Q,A,143,4313,1ZRR,A,train,179,0.25888324873096447,51,197,74,54,18,-95,0.4,False
4519,1D7Q,A,143,4334,1KQQ,A,test,131,0.2839506172839506,46,162,66,19,31,-70,0.4,False
4519,1D7Q,A,143,4342,1LY7,A,train,121,0.2625,42,160,62,17,39,-76,0.4,False
4524,1DAQ,A,71,3322,1E8P,A,train,46,0.24,18,75,24,4,29,-39,0.4,False
4524,1DAQ,A,71,4023,1Q2N,A,train,58,0.24358974358974358,19,78,32,7,20,-40,0.4,False
4524,1DAQ,A,71,4052,1JOO,A,val,149,0.22875816993464052,35,153,32,82,4,-83,0.4,False
4524,1DAQ,A,71,4053,1JOQ,A,val,149,0.22875816993464052,35,153,32,82,4,-83,0.4,False
4524,1DAQ,A,71,4089,2DEF,A,train,146,0.21768707482993196,32,147,38,76,1,-83,0.4,False
4524,1DAQ,A,71,4090,2EZH,A,val,65,0.2,15,75,46,4,10,-45,0.4,False
4524,1DAQ,A,71,4114,1A5J,A,train,110,0.23478260869565218,27,115,39,44,5,-61,0.4,False
4524,1DAQ,A,71,4129,1Q80,A,train,174,0.2159090909090909,38,176,31,105,2,-100,0.4,False
4524,1DAQ,A,71,4141,1NK2,P,train,77,0.24096385542168675,20,83,45,12,6,-43,0.4,False
4524,1DAQ,A,71,4147,1H95,A,train,79,0.30526315789473685,29,95,26,24,16,-37,0.4,False
4524,1DAQ,A,71,4153,1RXR,A,train,83,0.2857142857142857,26,91,37,20,8,-39,0.4,False
4524,1DAQ,A,71,4155,1EOT,A,train,74,0.2441860465116279,21,86,38,15,12,-44,0.4,False
4524,1DAQ,A,71,4156,1BJX,A,train,110,0.25217391304347825,29,115,37,44,5,-57,0.4,False
4524,1DAQ,A,71,4173,1BM6,A,train,173,0.22598870056497175,40,177,27,106,4,-97,0.4,False
4524,1DAQ,A,71,4177,1BO0,A,train,76,0.24175824175824176,22,91,34,20,15,-47,0.4,False
4524,1DAQ,A,71,4184,1EH2,A,train,95,0.27450980392156865,28,102,36,31,7,-46,0.4,False
4524,1DAQ,A,71,4186,1BLR,A,val,137,0.2318840579710145,32,138,38,67,1,-74,0.4,False
4524,1DAQ,A,71,4188,1BCI,A,test,123,0.24,30,125,39,54,2,-65,0.4,False
4524,1DAQ,A,71,4197,2CPS,A,train,50,0.2702702702702703,20,74,27,3,24,-34,0.4,False
4524,1DAQ,A,71,4198,1BR0,A,train,120,0.23622047244094488,30,127,34,56,7,-67,0.4,False
4524,1DAQ,A,71,4199,3NLA,A,train,73,0.29411764705882354,25,85,34,14,12,-35,0.4,False
4524,1DAQ,A,71,4202,1BA9,A,train,153,0.24516129032258063,38,155,31,84,2,-79,0.4,False
4524,1DAQ,A,71,4206,1MFN,A,train,184,0.21465968586387435,41,191,23,120,7,-109,0.4,False
4524,1DAQ,A,71,4207,2ORC,A,train,71,0.2619047619047619,22,84,36,13,13,-40,0.4,False
4524,1DAQ,A,71,4209,2CPB,A,train,50,0.2702702702702703,20,74,27,3,24,-34,0.4,False
4524,1DAQ,A,71,4214,2TMP,A,train,127,0.24427480916030533,32,131,35,60,4,-67,0.4,False
4524,1DAQ,A,71,4215,1SSN,A,train,136,0.24113475177304963,34,141,32,70,5,-73,0.4,False
4524,1DAQ,A,71,4216,1BHI,A,train,38,0.273972602739726,20,73,16,2,35,-33,0.4,False
4524,1DAQ,A,71,4217,1BHU,A,val,102,0.24074074074074073,26,108,39,37,6,-56,0.4,False
4524,1DAQ,A,71,4222,1MNL,A,train,91,0.24742268041237114,24,97,41,26,6,-49,0.4,False
4524,1DAQ,A,71,4223,1TBA,A,test,67,0.3,24,80,34,9,13,-32,0.4,False
4524,1DAQ,A,71,4224,1MYO,A,train,118,0.2644628099173554,32,121,36,50,3,-57,0.4,False
4524,1DAQ,A,71,4225,3GRX,A,val,82,0.26595744680851063,25,94,34,23,12,-44,0.4,False
4524,1DAQ,A,71,4227,1BQZ,A,test,77,0.23863636363636365,21,88,39,17,11,-46,0.4,False
4524,1DAQ,A,71,4228,1BQ0,A,test,77,0.23863636363636365,21,88,39,17,11,-46,0.4,False
4524,1DAQ,A,71,4230,1BUQ,A,test,125,0.24603174603174602,31,126,39,55,1,-64,0.4,False
4524,1DAQ,A,71,4241,2XBD,A,train,87,0.25806451612903225,24,93,41,22,6,-45,0.4,False
4524,1DAQ,A,71,4242,3MSP,A,test,126,0.2781954887218045,37,133,27,62,7,-59,0.4,False
4524,1DAQ,A,71,4248,2LEF,A,train,86,0.23655913978494625,22,93,42,22,7,-49,0.4,False
4524,1DAQ,A,71,4249,1XPA,A,train,113,0.23076923076923078,27,117,40,46,4,-63,0.4,False
4524,1DAQ,A,71,4254,1L3G,A,val,123,0.23387096774193547,29,124,41,53,1,-66,0.4,False
4524,1DAQ,A,71,4255,2IF1,A,train,126,0.25384615384615383,33,130,34,59,4,-64,0.4,False
4524,1DAQ,A,71,4262,1BZF,A,train,162,0.2073170731707317,34,164,35,93,2,-96,0.4,False
4524,1DAQ,A,71,4263,2NMB,A,val,147,0.2119205298013245,32,151,35,80,4,-87,0.4,False
4524,1DAQ,A,71,4265,1DS9,A,train,198,0.21717171717171718,43,198,28,127,0,-112,0.4,False
4524,1DAQ,A,71,4269,1GHT,A,test,105,0.2777777777777778,30,108,38,37,3,-48,0.4,False
4524,1DAQ,A,71,4271,1JFJ,A,train,134,0.26666666666666666,36,135,34,64,1,-63,0.4,False
4524,1DAQ,A,71,4276,1B2I,A,train,83,0.27472527472527475,25,91,38,20,8,-41,0.4,False
4524,1DAQ,A,71,4281,1Z0R,A,train,53,0.35,28,80,16,9,27,-24,0.4,False
4524,1DAQ,A,71,4285,1K2H,A,test,93,0.22105263157894736,21,95,48,24,2,-53,0.4,False
4524,1DAQ,A,71,4299,2F63,A,train,158,0.23030303030303031,38,165,26,94,7,-89,0.4,False
4524,1DAQ,A,71,4300,2F65,A,train,158,0.23030303030303031,38,165,26,94,7,-89,0.4,False
4524,1DAQ,A,71,4312,1JM4,B,train,118,0.24193548387096775,30,124,35,53,6,-64,0.4,False
4524,1DAQ,A,71,4313,1ZRR,A,train,179,0.2032967032967033,37,182,31,111,3,-108,0.4,False
4524,1DAQ,A,71,4334,1KQQ,A,test,131,0.24444444444444444,33,135,34,64,4,-69,0.4,False
4524,1DAQ,A,71,4342,1LY7,A,train,121,0.25203252032520324,31,123,38,52,2,-61,0.4,False
4527,1DC7,A,124,3322,1E8P,A,train,46,0.176,22,125,23,1,79,-81,0.4,False
4527,1DC7,A,124,4023,1Q2N,A,train,58,0.20161290322580644,25,124,33,0,66,-74,0.4,False
4527,1DC7,A,124,4052,1JOO,A,val,149,0.2331288343558282,38,163,72,39,14,-87,0.4,False
4527,1DC7,A,124,4053,1JOQ,A,val,149,0.2331288343558282,38,163,72,39,14,-87,0.4,False
4527,1DC7,A,124,4089,2DEF,A,train,146,0.2578616352201258,41,159,70,35,13,-77,0.4,False
4527,1DC7,A,124,4090,2EZH,A,val,65,0.21875,28,128,33,4,63,-72,0.4,False
4527,1DC7,A,124,4114,1A5J,A,train,110,0.2391304347826087,33,138,63,14,28,-72,0.4,False
4527,1DC7,A,124,4129,1Q80,A,train,174,0.2388888888888889,43,180,75,56,6,-94,0.4,False
4527,1DC7,A,124,4141,1NK2,P,train,77,0.208,26,125,50,1,48,-73,0.4,False
4527,1DC7,A,124,4147,1H95,A,train,79,0.20967741935483872,26,124,53,0,45,-72,0.4,False
4527,1DC7,A,124,4153,1RXR,A,train,83,0.224,28,125,54,1,42,-69,0.4,False
4527,1DC7,A,124,4155,1EOT,A,train,74,0.2283464566929134,29,127,42,3,53,-69,0.4,False
4527,1DC7,A,124,4156,1BJX,A,train,110,0.2582781456953642,39,151,44,27,41,-73,0.4,False
4527,1DC7,A,124,4173,1BM6,A,train,173,0.25136612021857924,46,183,68,59,10,-91,0.4,False
4527,1DC7,A,124,4177,1BO0,A,train,76,0.20155038759689922,26,129,45,5,53,-77,0.4,False
4527,1DC7,A,124,4184,1EH2,A,train,95,0.2706766917293233,36,133,50,9,38,-61,0.4,False
4527,1DC7,A,124,4186,1BLR,A,val,137,0.2345679012345679,38,162,61,38,25,-86,0.4,False
4527,1DC7,A,124,4188,1BCI,A,test,123,0.2671232876712329,39,146,62,22,23,-68,0.4,False
4527,1DC7,A,124,4197,2CPS,A,train,50,0.20967741935483872,26,124,24,0,74,-72,0.4,False
4527,1DC7,A,124,4198,1BR0,A,train,120,0.2789115646258503,41,147,56,23,27,-65,0.4,False
4527,1DC7,A,124,4199,3NLA,A,train,73,0.216,27,125,45,1,52,-71,0.4,False
4527,1DC7,A,124,4202,1BA9,A,train,153,0.22981366459627328,37,161,79,37,8,-87,0.4,False
4527,1DC7,A,124,4206,1MFN,A,train,184,0.24607329842931938,47,191,70,67,7,-97,0.4,False
4527,1DC7,A,124,4207,2ORC,A,train,71,0.23015873015873015,29,126,40,2,55,-68,0.4,False
4527,1DC7,A,124,4209,2CPB,A,train,50,0.20967741935483872,26,124,24,0,74,-72,0.4,False
4527,1DC7,A,124,4214,2TMP,A,train,127,0.26490066225165565,40,151,60,27,24,-71,0.4,False
4527,1DC7,A,124,4215,1SSN,A,train,136,0.25161290322580643,39,155,66,31,19,-77,0.4,False
4527,1DC7,A,124,4216,1BHI,A,train,38,0.1693548387096774,21,124,17,0,86,-82,0.4,False
4527,1DC7,A,124,4217,1BHU,A,val,102,0.2391304347826087,33,138,55,14,36,-72,0.4,False
4527,1DC7,A,124,4222,1MNL,A,train,91,0.23255813953488372,30,129,56,5,38,-69,0.4,False
4527,1DC7,A,124,4223,1TBA,A,test,67,0.2421875,31,128,32,4,61,-66,0.4,False
4527,1DC7,A,124,4224,1MYO,A,train,118,0.26666666666666666,36,135,71,11,17,-63,0.4,False
4527,1DC7,A,124,4225,3GRX,A,val,82,0.23846153846153847,31,130,45,6,48,-68,0.4,False
4527,1DC7,A,124,4227,1BQZ,A,test,77,0.25,33,132,36,8,55,-66,0.4,False
4527,1DC7,A,124,4228,1BQ0,A,test,77,0.25,33,132,36,8,55,-66,0.4,False
4527,1DC7,A,124,4230,1BUQ,A,test,125,0.2894736842105263,44,152,53,28,27,-64,0.4,False
4527,1DC7,A,124,4241,2XBD,A,train,87,0.21705426356589147,28,129,54,5,42,-73,0.4,False
4527,1DC7,A,124,4242,3MSP,A,test,126,0.24285714285714285,34,140,76,16,14,-72,0.4,False
4527,1DC7,A,124,4248,2LEF,A,train,86,0.2153846153846154,28,130,52,6,44,-74,0.4,False
4527,1DC7,A,124,4249,1XPA,A,train,113,0.2553191489361702,36,141,60,17,28,-69,0.4,False
4527,1DC7,A,124,4254,1L3G,A,val,123,0.2893081761006289,46,159,42,35,36,-67,0.4,False
4527,1DC7,A,124,4255,2IF1,A,train,126,0.2465753424657534,36,146,68,22,20,-74,0.4,False
4527,1DC7,A,124,4262,1BZF,A,train,162,0.26900584795321636,46,171,69,47,9,-79,0.4,False
4527,1DC7,A,124,4263,2NMB,A,val,147,0.25157232704402516,40,159,72,35,12,-79,0.4,False
4527,1DC7,A,124,4265,1DS9,A,train,198,0.24390243902439024,50,205,67,81,7,-105,0.4,False
4527,1DC7,A,124,4269,1GHT,A,test,105,0.28776978417266186,40,139,50,15,34,-59,0.4,False
4527,1DC7,A,124,4271,1JFJ,A,train,134,0.23684210526315788,36,152,70,28,18,-80,0.4,False
4527,1DC7,A,124,4276,1B2I,A,train,83,0.1889763779527559,24,127,56,3,44,-79,0.4,False
4527,1DC7,A,124,4281,1Z0R,A,train,53,0.2,25,125,27,1,72,-75,0.4,False
4527,1DC7,A,124,4285,1K2H,A,test,93,0.24060150375939848,32,133,52,9,40,-69,0.4,False
4527,1DC7,A,124,4299,2F63,A,train,158,0.25595238095238093,43,168,71,44,10,-82,0.4,False
4527,1DC7,A,124,4300,2F65,A,train,158,0.25595238095238093,43,168,71,44,10,-82,0.4,False
4527,1DC7,A,124,4312,1JM4,B,train,118,0.24285714285714285,34,140,68,16,22,-72,0.4,False
4527,1DC7,A,124,4313,1ZRR,A,train,179,0.25136612021857924,46,183,74,59,4,-91,0.4,False
4527,1DC7,A,124,4334,1KQQ,A,test,131,0.2733333333333333,41,150,64,26,19,-68,0.4,False
4527,1DC7,A,124,4342,1LY7,A,train,121,0.24475524475524477,35,143,67,19,22,-73,0.4,False
4528,1DC8,A,123,3322,1E8P,A,train,46,0.1774193548387097,22,124,23,1,78,-80,0.4,False
4528,1DC8,A,123,4023,1Q2N,A,train,58,0.20161290322580644,25,124,32,1,66,-74,0.4,False
4528,1DC8,A,123,4052,1JOO,A,val,149,0.22981366459627328,37,161,74,38,12,-87,0.4,False
4528,1DC8,A,123,4053,1JOQ,A,val,149,0.22981366459627328,37,161,74,38,12,-87,0.4,False
4528,1DC8,A,123,4089,2DEF,A,train,146,0.2625,42,160,67,37,14,-76,0.4,False
4528,1DC8,A,123,4090,2EZH,A,val,65,0.2204724409448819,28,127,33,4,62,-71,0.4,False
4528,1DC8,A,123,4114,1A5J,A,train,110,0.24087591240875914,33,137,63,14,27,-71,0.4,False
4528,1DC8,A,123,4129,1Q80,A,train,174,0.24022346368715083,43,179,75,56,5,-93,0.4,False
4528,1DC8,A,123,4141,1NK2,P,train,77,0.20967741935483872,26,124,50,1,47,-72,0.4,False
4528,1DC8,A,123,4147,1H95,A,train,79,0.21138211382113822,26,123,53,0,44,-71,0.4,False
4528,1DC8,A,123,4153,1RXR,A,train,83,0.224,28,125,53,2,42,-69,0.4,False
4528,1DC8,A,123,4155,1EOT,A,train,74,0.23015873015873015,29,126,42,3,52,-68,0.4,False
4528,1DC8,A,123,4156,1BJX,A,train,110,0.26,39,150,44,27,40,-72,0.4,False
4528,1DC8,A,123,4173,1BM6,A,train,173,0.25136612021857924,46,183,67,60,10,-91,0.4,False
4528,1DC8,A,123,4177,1BO0,A,train,76,0.1968503937007874,25,127,47,4,51,-77,0.4,False
4528,1DC8,A,123,4184,1EH2,A,train,95,0.26153846153846155,34,130,54,7,35,-62,0.4,False
4528,1DC8,A,123,4186,1BLR,A,val,137,0.24096385542168675,40,166,54,43,29,-86,0.4,False
4528,1DC8,A,123,4188,1BCI,A,test,123,0.2638888888888889,38,144,64,21,21,-68,0.4,False
4528,1DC8,A,123,4197,2CPS,A,train,50,0.21138211382113822,26,123,24,0,73,-71,0.4,False
4528,1DC8,A,123,4198,1BR0,A,train,120,0.272108843537415,40,147,56,24,27,-67,0.4,False
4528,1DC8,A,123,4199,3NLA,A,train,73,0.21774193548387097,27,124,45,1,51,-70,0.4,False
4528,1DC8,A,123,4202,1BA9,A,train,153,0.24096385542168675,40,166,70,43,13,-86,0.4,False
4528,1DC8,A,123,4206,1MFN,A,train,184,0.24607329842931938,47,191,69,68,7,-97,0.4,False
4528,1DC8,A,123,4207,2ORC,A,train,71,0.232,29,125,40,2,54,-67,0.4,False
4528,1DC8,A,123,4209,2CPB,A,train,50,0.21138211382113822,26,123,24,0,73,-71,0.4,False
4528,1DC8,A,123,4214,2TMP,A,train,127,0.26,39,150,61,27,23,-72,0.4,False
4528,1DC8,A,123,4215,1SSN,A,train,136,0.2532467532467532,39,154,66,31,18,-76,0.4,False
4528,1DC8,A,123,4216,1BHI,A,train,38,0.17073170731707318,21,123,17,0,85,-81,0.4,False
4528,1DC8,A,123,4217,1BHU,A,val,102,0.24087591240875914,33,137,55,14,35,-71,0.4,False
4528,1DC8,A,123,4222,1MNL,A,train,91,0.234375,30,128,56,5,37,-68,0.4,False
4528,1DC8,A,123,4223,1TBA,A,test,67,0.2440944881889764,31,127,32,4,60,-65,0.4,False
4528,1DC8,A,123,4224,1MYO,A,train,118,0.28169014084507044,40,142,59,19,24,-62,0.4,False
4528,1DC8,A,123,4225,3GRX,A,val,82,0.23846153846153847,31,130,44,7,48,-68,0.4,False
4528,1DC8,A,123,4227,1BQZ,A,test,77,0.25190839694656486,33,131,36,8,54,-65,0.4,False
4528,1DC8,A,123,4228,1BQ0,A,test,77,0.25190839694656486,33,131,36,8,54,-65,0.4,False
4528,1DC8,A,123,4230,1BUQ,A,test,125,0.2894736842105263,44,152,52,29,27,-64,0.4,False
4528,1DC8,A,123,4241,2XBD,A,train,87,0.21875,28,128,54,5,41,-72,0.4,False
4528,1DC8,A,123,4242,3MSP,A,test,126,0.2391304347826087,33,138,78,15,12,-72,0.4,False
4528,1DC8,A,123,4248,2LEF,A,train,86,0.21705426356589147,28,129,52,6,43,-73,0.4,False
4528,1DC8,A,123,4249,1XPA,A,train,113,0.2571428571428571,36,140,60,17,27,-68,0.4,False
4528,1DC8,A,123,4254,1L3G,A,val,123,0.2911392405063291,46,158,42,35,35,-66,0.4,False
4528,1DC8,A,123,4255,2IF1,A,train,126,0.2482758620689655,36,145,68,22,19,-73,0.4,False
4528,1DC8,A,123,4262,1BZF,A,train,162,0.2631578947368421,45,171,69,48,9,-81,0.4,False
4528,1DC8,A,123,4263,2NMB,A,val,147,0.24528301886792453,39,159,72,36,12,-81,0.4,False
4528,1DC8,A,123,4265,1DS9,A,train,198,0.24390243902439024,50,205,66,82,7,-105,0.4,False
4528,1DC8,A,123,4269,1GHT,A,test,105,0.28776978417266186,40,139,49,16,34,-59,0.4,False
4528,1DC8,A,123,4271,1JFJ,A,train,134,0.23841059602649006,36,151,70,28,17,-79,0.4,False
4528,1DC8,A,123,4276,1B2I,A,train,83,0.19047619047619047,24,126,56,3,43,-78,0.4,False
4528,1DC8,A,123,4281,1Z0R,A,train,53,0.20161290322580644,25,124,27,1,71,-74,0.4,False
4528,1DC8,A,123,4285,1K2H,A,test,93,0.24242424242424243,32,132,52,9,39,-68,0.4,False
4528,1DC8,A,123,4299,2F63,A,train,158,0.25595238095238093,43,168,70,45,10,-82,0.4,False
4528,1DC8,A,123,4300,2F65,A,train,158,0.25595238095238093,43,168,70,45,10,-82,0.4,False
4528,1DC8,A,123,4312,1JM4,B,train,118,0.2446043165467626,34,139,68,16,21,-71,0.4,False
4528,1DC8,A,123,4313,1ZRR,A,train,179,0.25274725274725274,46,182,74,59,3,-90,0.4,False
4528,1DC8,A,123,4334,1KQQ,A,test,131,0.2751677852348993,41,149,64,26,18,-67,0.4,False
4528,1DC8,A,123,4342,1LY7,A,train,121,0.23741007194244604,33,139,72,16,18,-73,0.4,False
4540,1NLA,A,53,3322,1E8P,A,train,46,0.1896551724137931,11,58,30,5,12,-36,0.4,False
4540,1NLA,A,53,4023,1Q2N,A,train,58,0.25,16,64,31,11,6,-32,0.4,False
4540,1NLA,A,53,4052,1JOO,A,val,149,0.19205298013245034,29,151,22,98,2,-93,0.4,False
4540,1NLA,A,53,4053,1JOQ,A,val,149,0.19205298013245034,29,151,22,98,2,-93,0.4,False
4540,1NLA,A,53,4089,2DEF,A,train,146,0.19727891156462585,29,147,23,94,1,-89,0.4,False
4540,1NLA,A,53,4090,2EZH,A,val,65,0.2714285714285714,19,70,29,17,5,-32,0.4,False
4540,1NLA,A,53,4114,1A5J,A,train,110,0.20535714285714285,23,112,28,59,2,-66,0.4,False
4540,1NLA,A,53,4129,1Q80,A,train,174,0.17714285714285713,31,175,21,122,1,-113,0.4,False
4540,1NLA,A,53,4141,1NK2,P,train,77,0.2558139534883721,22,86,22,33,9,-42,0.4,False
4540,1NLA,A,53,4147,1H95,A,train,79,0.25925925925925924,21,81,30,28,2,-39,0.4,False
4540,1NLA,A,53,4153,1RXR,A,train,83,0.2235294117647059,19,85,32,32,2,-47,0.4,False
4540,1NLA,A,53,4155,1EOT,A,train,74,0.22077922077922077,17,77,33,24,3,-43,0.4,False
4540,1NLA,A,53,4156,1BJX,A,train,110,0.20869565217391303,24,115,24,62,5,-67,0.4,False
4540,1NLA,A,53,4173,1BM6,A,train,173,0.14942528735632185,26,174,26,121,1,-122,0.4,False
4540,1NLA,A,53,4177,1BO0,A,train,76,0.22077922077922077,17,77,35,24,1,-43,0.4,False
4540,1NLA,A,53,4184,1EH2,A,train,95,0.21428571428571427,21,98,29,45,3,-56,0.4,False
4540,1NLA,A,53,4186,1BLR,A,val,137,0.2158273381294964,30,139,21,86,2,-79,0.4,False
4540,1NLA,A,53,4188,1BCI,A,test,123,0.1984126984126984,25,126,25,73,3,-76,0.4,False
4540,1NLA,A,53,4197,2CPS,A,train,50,0.22580645161290322,14,62,27,9,12,-34,0.4,False
4540,1NLA,A,53,4198,1BR0,A,train,120,0.21311475409836064,26,122,25,69,2,-70,0.4,False
4540,1NLA,A,53,4199,3NLA,A,train,73,0.2727272727272727,21,77,28,24,4,-35,0.4,False
4540,1NLA,A,53,4202,1BA9,A,train,153,0.20261437908496732,31,153,22,100,0,-91,0.4,False
4540,1NLA,A,53,4206,1MFN,A,train,184,0.16847826086956522,31,184,22,131,0,-122,0.4,False
4540,1NLA,A,53,4207,2ORC,A,train,71,0.25316455696202533,20,79,25,26,8,-39,0.4,False
4540,1NLA,A,53,4209,2CPB,A,train,50,0.22580645161290322,14,62,27,9,12,-34,0.4,False
4540,1NLA,A,53,4214,2TMP,A,train,127,0.1875,24,128,28,75,1,-80,0.4,False
4540,1NLA,A,53,4215,1SSN,A,train,136,0.18248175182481752,25,137,27,84,1,-87,0.4,False
4540,1NLA,A,53,4216,1BHI,A,train,38,0.25,14,56,21,3,18,-28,0.4,False
4540,1NLA,A,53,4217,1BHU,A,val,102,0.20754716981132076,22,106,27,53,4,-62,0.4,False
4540,1NLA,A,53,4222,1MNL,A,train,91,0.22826086956521738,21,92,31,39,1,-50,0.4,False
4540,1NLA,A,53,4223,1TBA,A,test,67,0.25675675675675674,19,74,27,21,7,-36,0.4,False
4540,1NLA,A,53,4224,1MYO,A,train,118,0.20168067226890757,24,119,28,66,1,-71,0.4,False
4540,1NLA,A,53,4225,3GRX,A,val,82,0.19047619047619047,16,84,35,31,2,-52,0.4,False
4540,1NLA,A,53,4227,1BQZ,A,test,77,0.225,18,80,32,27,3,-44,0.4,False
4540,1NLA,A,53,4228,1BQ0,A,test,77,0.225,18,80,32,27,3,-44,0.4,False
4540,1NLA,A,53,4230,1BUQ,A,test,125,0.224,28,125,25,72,0,-69,0.4,False
4540,1NLA,A,53,4241,2XBD,A,train,87,0.2222222222222222,20,90,30,37,3,-50,0.4,False
4540,1NLA,A,53,4242,3MSP,A,test,126,0.1968503937007874,25,127,27,74,1,-77,0.4,False
4540,1NLA,A,53,4248,2LEF,A,train,86,0.23863636363636365,21,88,30,35,2,-46,0.4,False
4540,1NLA,A,53,4249,1XPA,A,train,113,0.22807017543859648,26,114,26,61,1,-62,0.4,False
4540,1NLA,A,53,4254,1L3G,A,val,123,0.1693548387096774,21,124,31,71,1,-82,0.4,False
4540,1NLA,A,53,4255,2IF1,A,train,126,0.203125,26,128,25,75,2,-76,0.4,False
4540,1NLA,A,53,4262,1BZF,A,train,162,0.15337423312883436,25,163,27,110,1,-113,0.4,False
4540,1NLA,A,53,4263,2NMB,A,val,147,0.19463087248322147,29,149,22,96,2,-91,0.4,False
4540,1NLA,A,53,4265,1DS9,A,train,198,0.1717171717171717,34,198,19,145,0,-130,0.4,False
4540,1NLA,A,53,4269,1GHT,A,test,105,0.24299065420560748,26,107,25,54,2,-55,0.4,False
4540,1NLA,A,53,4271,1JFJ,A,train,134,0.2,27,135,25,82,1,-81,0.4,False
4540,1NLA,A,53,4276,1B2I,A,train,83,0.20454545454545456,18,88,30,35,5,-52,0.4,False
4540,1NLA,A,53,4281,1Z0R,A,train,53,0.29508196721311475,18,61,27,8,8,-25,0.4,False
4540,1NLA,A,53,4285,1K2H,A,test,93,0.20618556701030927,20,97,29,44,4,-57,0.4,False
4540,1NLA,A,53,4299,2F63,A,train,158,0.18867924528301888,30,159,22,106,1,-99,0.4,False
4540,1NLA,A,53,4300,2F65,A,train,158,0.18867924528301888,30,159,22,106,1,-99,0.4,False
4540,1NLA,A,53,4312,1JM4,B,train,118,0.2457627118644068,29,118,24,65,0,-60,0.4,False
4540,1NLA,A,53,4313,1ZRR,A,train,179,0.18994413407821228,34,179,19,126,0,-111,0.4,False
4540,1NLA,A,53,4334,1KQQ,A,test,131,0.23134328358208955,31,134,19,81,3,-72,0.4,False
4540,1NLA,A,53,4342,1LY7,A,train,121,0.18699186991869918,23,123,28,70,2,-77,0.4,False
4553,1DGQ,A,188,3322,1E8P,A,train,46,0.12698412698412698,24,189,21,1,143,-141,0.4,False
4553,1DGQ,A,188,4023,1Q2N,A,train,58,0.17989417989417988,34,189,23,1,131,-121,0.4,False
4553,1DGQ,A,188,4052,1JOO,A,val,149,0.27906976744186046,60,215,62,27,66,-95,0.4,False
4553,1DGQ,A,188,4053,1JOQ,A,val,149,0.27906976744186046,60,215,62,27,66,-95,0.4,False
4553,1DGQ,A,188,4089,2DEF,A,train,146,0.2626728110599078,57,217,60,29,71,-103,0.4,False
4553,1DGQ,A,188,4090,2EZH,A,val,65,0.17989417989417988,34,189,30,1,124,-121,0.4,False
4553,1DGQ,A,188,4114,1A5J,A,train,110,0.23711340206185566,46,194,58,6,84,-102,0.4,False
4553,1DGQ,A,188,4129,1Q80,A,train,174,0.2785388127853881,61,219,82,31,45,-97,0.4,False
4553,1DGQ,A,188,4141,1NK2,P,train,77,0.21875,42,192,31,4,115,-108,0.4,False
4553,1DGQ,A,188,4147,1H95,A,train,79,0.20634920634920634,39,189,39,1,110,-111,0.4,False
4553,1DGQ,A,188,4153,1RXR,A,train,83,0.19473684210526315,37,190,44,2,107,-116,0.4,False
4553,1DGQ,A,188,4155,1EOT,A,train,74,0.19473684210526315,37,190,35,2,116,-116,0.4,False
4553,1DGQ,A,188,4156,1BJX,A,train,110,0.263681592039801,53,201,44,13,91,-95,0.4,False
4553,1DGQ,A,188,4173,1BM6,A,train,173,0.2600896860986547,58,223,80,35,50,-107,0.4,False
4553,1DGQ,A,188,4177,1BO0,A,train,76,0.2,38,190,36,2,114,-114,0.4,False
4553,1DGQ,A,188,4184,1EH2,A,train,95,0.22564102564102564,44,195,44,7,100,-107,0.4,False
4553,1DGQ,A,188,4186,1BLR,A,val,137,0.2602040816326531,51,196,78,8,59,-94,0.4,False
4553,1DGQ,A,188,4188,1BCI,A,test,123,0.2538860103626943,49,193,69,5,70,-95,0.4,False
4553,1DGQ,A,188,4197,2CPS,A,train,50,0.19680851063829788,37,188,13,0,138,-114,0.4,False
4553,1DGQ,A,188,4198,1BR0,A,train,120,0.24352331606217617,47,193,68,5,73,-99,0.4,False
4553,1DGQ,A,188,4199,3NLA,A,train,73,0.19047619047619047,36,189,36,1,116,-117,0.4,False
4553,1DGQ,A,188,4202,1BA9,A,train,153,0.2562814070351759,51,199,91,11,46,-97,0.4,False
4553,1DGQ,A,188,4206,1MFN,A,train,184,0.2636363636363636,58,220,94,32,36,-104,0.4,False
4553,1DGQ,A,188,4207,2ORC,A,train,71,0.21578947368421053,41,190,28,2,119,-108,0.4,False
4553,1DGQ,A,188,4209,2CPB,A,train,50,0.19680851063829788,37,188,13,0,138,-114,0.4,False
4553,1DGQ,A,188,4214,2TMP,A,train,127,0.26570048309178745,55,207,53,19,80,-97,0.4,False
4553,1DGQ,A,188,4215,1SSN,A,train,136,0.2864321608040201,57,199,68,11,63,-85,0.4,False
4553,1DGQ,A,188,4216,1BHI,A,train,38,0.14361702127659576,27,188,11,0,150,-134,0.4,False
4553,1DGQ,A,188,4217,1BHU,A,val,102,0.23115577889447236,46,199,45,11,97,-107,0.4,False
4553,1DGQ,A,188,4222,1MNL,A,train,91,0.2153846153846154,42,195,42,7,104,-111,0.4,False
4553,1DGQ,A,188,4223,1TBA,A,test,67,0.20212765957446807,38,188,29,0,121,-112,0.4,False
4553,1DGQ,A,188,4224,1MYO,A,train,118,0.24736842105263157,47,190,69,2,72,-96,0.4,False
4553,1DGQ,A,188,4225,3GRX,A,val,82,0.21875,42,192,36,4,110,-108,0.4,False
4553,1DGQ,A,188,4227,1BQZ,A,test,77,0.21164021164021163,40,189,36,1,112,-109,0.4,False
4553,1DGQ,A,188,4228,1BQ0,A,test,77,0.21164021164021163,40,189,36,1,112,-109,0.4,False
4553,1DGQ,A,188,4230,1BUQ,A,test,125,0.24,48,200,65,12,75,-104,0.4,False
4553,1DGQ,A,188,4241,2XBD,A,train,87,0.18947368421052632,36,190,49,2,103,-118,0.4,False
4553,1DGQ,A,188,4242,3MSP,A,test,126,0.24242424242424243,48,198,68,10,72,-102,0.4,False
4553,1DGQ,A,188,4248,2LEF,A,train,86,0.2222222222222222,42,189,43,1,103,-105,0.4,False
4553,1DGQ,A,188,4249,1XPA,A,train,113,0.23834196891191708,46,193,62,5,80,-101,0.4,False
4553,1DGQ,A,188,4254,1L3G,A,val,123,0.24378109452736318,49,201,61,13,78,-103,0.4,False
4553,1DGQ,A,188,4255,2IF1,A,train,126,0.23979591836734693,47,196,71,8,70,-102,0.4,False
4553,1DGQ,A,188,4262,1BZF,A,train,162,0.2634146341463415,54,205,91,17,43,-97,0.4,False
4553,1DGQ,A,188,4263,2NMB,A,val,147,0.24878048780487805,51,205,79,17,58,-103,0.4,False
4553,1DGQ,A,188,4265,1DS9,A,train,198,0.2590909090909091,57,220,109,32,22,-106,0.4,False
4553,1DGQ,A,188,4269,1GHT,A,test,105,0.24338624338624337,46,189,58,1,84,-97,0.4,False
4553,1DGQ,A,188,4271,1JFJ,A,train,134,0.263681592039801,53,201,68,13,67,-95,0.4,False
4553,1DGQ,A,188,4276,1B2I,A,train,83,0.19148936170212766,36,188,47,0,105,-116,0.4,False
4553,1DGQ,A,188,4281,1Z0R,A,train,53,0.16842105263157894,32,190,19,2,137,-126,0.4,False
4553,1DGQ,A,188,4285,1K2H,A,test,93,0.22631578947368422,43,190,48,2,97,-104,0.4,False
4553,1DGQ,A,188,4299,2F63,A,train,158,0.24875621890547264,50,201,95,13,43,-101,0.4,False
4553,1DGQ,A,188,4300,2F65,A,train,158,0.24875621890547264,50,201,95,13,43,-101,0.4,False
4553,1DGQ,A,188,4312,1JM4,B,train,118,0.25510204081632654,50,196,60,8,78,-96,0.4,False
4553,1DGQ,A,188,4313,1ZRR,A,train,179,0.24766355140186916,53,214,100,26,35,-108,0.4,False
4553,1DGQ,A,188,4334,1KQQ,A,test,131,0.2660098522167488,54,203,62,15,72,-95,0.4,False
4553,1DGQ,A,188,4342,1LY7,A,train,121,0.26153846153846155,51,195,63,7,74,-93,0.4,False
4566,1L6U,A,108,3322,1E8P,A,train,46,0.1651376146788991,18,109,27,1,63,-73,0.4,False
4566,1L6U,A,108,4023,1Q2N,A,train,58,0.2072072072072072,23,111,32,3,53,-65,0.4,False
4566,1L6U,A,108,4052,1JOO,A,val,149,0.23870967741935484,37,155,65,47,6,-81,0.4,False
4566,1L6U,A,108,4053,1JOQ,A,val,149,0.23870967741935484,37,155,65,47,6,-81,0.4,False
4566,1L6U,A,108,4089,2DEF,A,train,146,0.2546583850931677,41,161,52,53,15,-79,0.4,False
4566,1L6U,A,108,4090,2EZH,A,val,65,0.24324324324324326,27,111,35,3,46,-57,0.4,False
4566,1L6U,A,108,4114,1A5J,A,train,110,0.248,31,125,62,17,15,-63,0.4,False
4566,1L6U,A,108,4129,1Q80,A,train,174,0.24431818181818182,43,176,63,68,2,-90,0.4,False
4566,1L6U,A,108,4141,1NK2,P,train,77,0.22727272727272727,25,110,50,2,33,-60,0.4,False
4566,1L6U,A,108,4147,1H95,A,train,79,0.22123893805309736,25,113,49,5,34,-63,0.4,False
4566,1L6U,A,108,4153,1RXR,A,train,83,0.2540983606557377,31,122,38,14,39,-60,0.4,False
4566,1L6U,A,108,4155,1EOT,A,train,74,0.23423423423423423,26,111,45,3,37,-59,0.4,False
4566,1L6U,A,108,4156,1BJX,A,train,110,0.2204724409448819,28,127,63,19,17,-71,0.4,False
4566,1L6U,A,108,4173,1BM6,A,train,173,0.24324324324324326,45,185,51,77,12,-95,0.4,False
4566,1L6U,A,108,4177,1BO0,A,train,76,0.22522522522522523,25,111,48,3,35,-61,0.4,False
4566,1L6U,A,108,4184,1EH2,A,train,95,0.2542372881355932,30,118,55,10,23,-58,0.4,False
4566,1L6U,A,108,4186,1BLR,A,val,137,0.2777777777777778,40,144,61,36,7,-64,0.4,False
4566,1L6U,A,108,4188,1BCI,A,test,123,0.2986111111111111,43,144,44,36,21,-58,0.4,False
4566,1L6U,A,108,4197,2CPS,A,train,50,0.19444444444444445,21,108,29,0,58,-66,0.4,False
4566,1L6U,A,108,4198,1BR0,A,train,120,0.24242424242424243,32,132,64,24,12,-68,0.4,False
4566,1L6U,A,108,4199,3NLA,A,train,73,0.22123893805309736,25,113,43,5,40,-63,0.4,False
4566,1L6U,A,108,4202,1BA9,A,train,153,0.24074074074074073,39,162,60,54,9,-84,0.4,False
4566,1L6U,A,108,4206,1MFN,A,train,184,0.225130890052356,43,191,58,83,7,-105,0.4,False
4566,1L6U,A,108,4207,2ORC,A,train,71,0.24107142857142858,27,112,40,4,41,-58,0.4,False
4566,1L6U,A,108,4209,2CPB,A,train,50,0.19444444444444445,21,108,29,0,58,-66,0.4,False
4566,1L6U,A,108,4214,2TMP,A,train,127,0.24817518248175183,34,137,64,29,10,-69,0.4,False
4566,1L6U,A,108,4215,1SSN,A,train,136,0.26973684210526316,41,152,51,44,16,-70,0.4,False
4566,1L6U,A,108,4216,1BHI,A,train,38,0.1926605504587156,21,109,16,1,71,-67,0.4,False
4566,1L6U,A,108,4217,1BHU,A,val,102,0.21008403361344538,25,119,66,11,17,-69,0.4,False
4566,1L6U,A,108,4222,1MNL,A,train,91,0.23931623931623933,28,117,54,9,26,-61,0.4,False
4566,1L6U,A,108,4223,1TBA,A,test,67,0.3017241379310345,35,116,24,8,49,-46,0.4,False
4566,1L6U,A,108,4224,1MYO,A,train,118,0.2647058823529412,36,136,54,28,18,-64,0.4,False
4566,1L6U,A,108,4225,3GRX,A,val,82,0.2702702702702703,30,111,49,3,29,-51,0.4,False
4566,1L6U,A,108,4227,1BQZ,A,test,77,0.22123893805309736,25,113,47,5,36,-63,0.4,False
4566,1L6U,A,108,4228,1BQ0,A,test,77,0.22123893805309736,25,113,47,5,36,-63,0.4,False
4566,1L6U,A,108,4230,1BUQ,A,test,125,0.24113475177304963,34,141,58,33,16,-73,0.4,False
4566,1L6U,A,108,4241,2XBD,A,train,87,0.19090909090909092,21,110,64,2,23,-68,0.4,False
4566,1L6U,A,108,4242,3MSP,A,test,126,0.26573426573426573,38,143,53,35,17,-67,0.4,False
4566,1L6U,A,108,4248,2LEF,A,train,86,0.21621621621621623,24,111,59,3,25,-63,0.4,False
4566,1L6U,A,108,4249,1XPA,A,train,113,0.26717557251908397,35,131,55,23,18,-61,0.4,False
4566,1L6U,A,108,4254,1L3G,A,val,123,0.24087591240875914,33,137,61,29,14,-71,0.4,False
4566,1L6U,A,108,4255,2IF1,A,train,126,0.23880597014925373,32,134,68,26,8,-70,0.4,False
4566,1L6U,A,108,4262,1BZF,A,train,162,0.23214285714285715,39,168,63,60,6,-90,0.4,False
4566,1L6U,A,108,4263,2NMB,A,val,147,0.24516129032258063,38,155,62,47,8,-79,0.4,False
4566,1L6U,A,108,4265,1DS9,A,train,198,0.24509803921568626,50,204,52,96,6,-104,0.4,False
4566,1L6U,A,108,4269,1GHT,A,test,105,0.25735294117647056,35,136,42,28,31,-66,0.4,False
4566,1L6U,A,108,4271,1JFJ,A,train,134,0.2483221476510067,37,149,56,41,15,-75,0.4,False
4566,1L6U,A,108,4276,1B2I,A,train,83,0.23684210526315788,27,114,50,6,31,-60,0.4,False
4566,1L6U,A,108,4281,1Z0R,A,train,53,0.25,27,108,26,0,55,-54,0.4,False
4566,1L6U,A,108,4285,1K2H,A,test,93,0.2564102564102564,30,117,54,9,24,-57,0.4,False
4566,1L6U,A,108,4299,2F63,A,train,158,0.25595238095238093,43,168,55,60,10,-82,0.4,False
4566,1L6U,A,108,4300,2F65,A,train,158,0.25595238095238093,43,168,55,60,10,-82,0.4,False
4566,1L6U,A,108,4312,1JM4,B,train,118,0.20155038759689922,26,129,71,21,11,-77,0.4,False
4566,1L6U,A,108,4313,1ZRR,A,train,179,0.2393617021276596,45,188,54,80,9,-98,0.4,False
4566,1L6U,A,108,4334,1KQQ,A,test,131,0.2553191489361702,36,141,62,33,10,-69,0.4,False
4566,1L6U,A,108,4342,1LY7,A,train,121,0.22556390977443608,30,133,66,25,12,-73,0.4,False
4574,1D4B,A,122,3322,1E8P,A,train,46,0.16393442622950818,20,122,26,0,76,-82,0.4,False
4574,1D4B,A,122,4023,1Q2N,A,train,58,0.184,23,125,32,3,67,-79,0.4,False
4574,1D4B,A,122,4052,1JOO,A,val,149,0.22981366459627328,37,161,73,39,12,-87,0.4,False
4574,1D4B,A,122,4053,1JOQ,A,val,149,0.22981366459627328,37,161,73,39,12,-87,0.4,False
4574,1D4B,A,122,4089,2DEF,A,train,146,0.2692307692307692,42,156,70,34,10,-72,0.4,False
4574,1D4B,A,122,4090,2EZH,A,val,65,0.2222222222222222,28,126,33,4,61,-70,0.4,False
4574,1D4B,A,122,4114,1A5J,A,train,110,0.2482758620689655,36,145,51,23,35,-73,0.4,False
4574,1D4B,A,122,4129,1Q80,A,train,174,0.22872340425531915,43,188,65,66,14,-102,0.4,False
4574,1D4B,A,122,4141,1NK2,P,train,77,0.24390243902439024,30,123,46,1,46,-63,0.4,False
4574,1D4B,A,122,4147,1H95,A,train,79,0.23015873015873015,29,126,46,4,47,-68,0.4,False
4574,1D4B,A,122,4153,1RXR,A,train,83,0.216,27,125,53,3,42,-71,0.4,False
4574,1D4B,A,122,4155,1EOT,A,train,74,0.2204724409448819,28,127,41,5,53,-71,0.4,False
4574,1D4B,A,122,4156,1BJX,A,train,110,0.22556390977443608,30,133,69,11,23,-73,0.4,False
4574,1D4B,A,122,4173,1BM6,A,train,173,0.22527472527472528,41,182,72,60,9,-100,0.4,False
4574,1D4B,A,122,4177,1BO0,A,train,76,0.2230769230769231,29,130,39,8,54,-72,0.4,False
4574,1D4B,A,122,4184,1EH2,A,train,95,0.2283464566929134,29,127,61,5,32,-69,0.4,False
4574,1D4B,A,122,4186,1BLR,A,val,137,0.24342105263157895,37,152,70,30,15,-78,0.4,False
4574,1D4B,A,122,4188,1BCI,A,test,123,0.25,35,140,70,18,17,-70,0.4,False
4574,1D4B,A,122,4197,2CPS,A,train,50,0.15447154471544716,19,123,30,1,73,-85,0.4,False
4574,1D4B,A,122,4198,1BR0,A,train,120,0.22377622377622378,32,143,67,21,23,-79,0.4,False
4574,1D4B,A,122,4199,3NLA,A,train,73,0.2230769230769231,29,130,36,8,57,-72,0.4,False
4574,1D4B,A,122,4202,1BA9,A,train,153,0.25,40,160,75,38,7,-80,0.4,False
4574,1D4B,A,122,4206,1MFN,A,train,184,0.22279792746113988,43,193,70,71,9,-107,0.4,False
4574,1D4B,A,122,4207,2ORC,A,train,71,0.21774193548387097,27,124,42,2,53,-70,0.4,False
4574,1D4B,A,122,4209,2CPB,A,train,50,0.15447154471544716,19,123,30,1,73,-85,0.4,False
4574,1D4B,A,122,4214,2TMP,A,train,127,0.22972972972972974,34,148,67,26,21,-80,0.4,False
4574,1D4B,A,122,4215,1SSN,A,train,136,0.22435897435897437,35,156,67,34,20,-86,0.4,False
4574,1D4B,A,122,4216,1BHI,A,train,38,0.16393442622950818,20,122,18,0,84,-82,0.4,False
4574,1D4B,A,122,4217,1BHU,A,val,102,0.25735294117647056,35,136,53,14,34,-66,0.4,False
4574,1D4B,A,122,4222,1MNL,A,train,91,0.24242424242424243,32,132,49,10,41,-68,0.4,False
4574,1D4B,A,122,4223,1TBA,A,test,67,0.25,31,124,34,2,57,-62,0.4,False
4574,1D4B,A,122,4224,1MYO,A,train,118,0.2684563758389262,40,149,51,27,31,-69,0.4,False
4574,1D4B,A,122,4225,3GRX,A,val,82,0.23622047244094488,30,127,47,5,45,-67,0.4,False
4574,1D4B,A,122,4227,1BQZ,A,test,77,0.2204724409448819,28,127,44,5,50,-71,0.4,False
4574,1D4B,A,122,4228,1BQ0,A,test,77,0.2204724409448819,28,127,44,5,50,-71,0.4,False
4574,1D4B,A,122,4230,1BUQ,A,test,125,0.2727272727272727,39,143,65,21,18,-65,0.4,False
4574,1D4B,A,122,4241,2XBD,A,train,87,0.2230769230769231,29,130,50,8,43,-72,0.4,False
4574,1D4B,A,122,4242,3MSP,A,test,126,0.25333333333333335,38,150,60,28,24,-74,0.4,False
4574,1D4B,A,122,4248,2LEF,A,train,86,0.2283464566929134,29,127,52,5,41,-69,0.4,False
4574,1D4B,A,122,4249,1XPA,A,train,113,0.24817518248175183,34,137,64,15,24,-69,0.4,False
4574,1D4B,A,122,4254,1L3G,A,val,123,0.28368794326241137,40,141,64,19,18,-61,0.4,False
4574,1D4B,A,122,4255,2IF1,A,train,126,0.2602739726027397,38,146,64,24,20,-70,0.4,False
4574,1D4B,A,122,4262,1BZF,A,train,162,0.2631578947368421,45,171,68,49,9,-81,0.4,False
4574,1D4B,A,122,4263,2NMB,A,val,147,0.2356687898089172,37,157,75,35,10,-83,0.4,False
4574,1D4B,A,122,4265,1DS9,A,train,198,0.22857142857142856,48,210,62,88,12,-114,0.4,False
4574,1D4B,A,122,4269,1GHT,A,test,105,0.2706766917293233,36,133,58,11,28,-61,0.4,False
4574,1D4B,A,122,4271,1JFJ,A,train,134,0.24,36,150,70,28,16,-78,0.4,False
4574,1D4B,A,122,4276,1B2I,A,train,83,0.1875,24,128,53,6,45,-80,0.4,False
4574,1D4B,A,122,4281,1Z0R,A,train,53,0.21138211382113822,26,123,26,1,70,-71,0.4,False
4574,1D4B,A,122,4285,1K2H,A,test,93,0.23076923076923078,30,130,55,8,37,-70,0.4,False
4574,1D4B,A,122,4299,2F63,A,train,158,0.28160919540229884,49,174,57,52,16,-76,0.4,False
4574,1D4B,A,122,4300,2F65,A,train,158,0.28160919540229884,49,174,57,52,16,-76,0.4,False
4574,1D4B,A,122,4312,1JM4,B,train,118,0.24060150375939848,32,133,75,11,15,-69,0.4,False
4574,1D4B,A,122,4313,1ZRR,A,train,179,0.25263157894736843,48,190,63,68,11,-94,0.4,False
4574,1D4B,A,122,4334,1KQQ,A,test,131,0.20279720279720279,29,143,81,21,12,-85,0.4,False
4574,1D4B,A,122,4342,1LY7,A,train,121,0.24475524475524477,35,143,65,21,22,-73,0.4,False
4577,1C05,A,159,3322,1E8P,A,train,46,0.1375,22,160,23,1,114,-116,0.4,False
4577,1C05,A,159,4023,1Q2N,A,train,58,0.18404907975460122,30,163,24,4,105,-103,0.4,False
4577,1C05,A,159,4052,1JOO,A,val,149,0.2765957446808511,52,188,68,29,39,-84,0.4,False
4577,1C05,A,159,4053,1JOQ,A,val,149,0.2765957446808511,52,188,68,29,39,-84,0.4,False
4577,1C05,A,159,4089,2DEF,A,train,146,0.30526315789473685,58,190,57,31,44,-74,0.4,False
4577,1C05,A,159,4090,2EZH,A,val,65,0.225,36,160,28,1,95,-88,0.4,False
4577,1C05,A,159,4114,1A5J,A,train,110,0.2331288343558282,38,163,68,4,53,-87,0.4,False
4577,1C05,A,159,4129,1Q80,A,train,174,0.27053140096618356,56,207,70,48,33,-95,0.4,False
4577,1C05,A,159,4141,1NK2,P,train,77,0.2360248447204969,38,161,37,2,84,-85,0.4,False
4577,1C05,A,159,4147,1H95,A,train,79,0.2331288343558282,38,163,37,4,84,-87,0.4,False
4577,1C05,A,159,4153,1RXR,A,train,83,0.2331288343558282,38,163,41,4,80,-87,0.4,False
4577,1C05,A,159,4155,1EOT,A,train,74,0.1901840490797546,31,163,39,4,89,-101,0.4,False
4577,1C05,A,159,4156,1BJX,A,train,110,0.24705882352941178,42,170,57,11,60,-86,0.4,False
4577,1C05,A,159,4173,1BM6,A,train,173,0.2553191489361702,48,188,96,29,15,-92,0.4,False
4577,1C05,A,159,4177,1BO0,A,train,76,0.19875776397515527,32,161,42,2,85,-97,0.4,False
4577,1C05,A,159,4184,1EH2,A,train,95,0.25301204819277107,42,166,46,7,71,-82,0.4,False
4577,1C05,A,159,4186,1BLR,A,val,137,0.2658959537572254,46,173,77,14,36,-81,0.4,False
4577,1C05,A,159,4188,1BCI,A,test,123,0.2556818181818182,45,176,61,17,53,-86,0.4,False
4577,1C05,A,159,4197,2CPS,A,train,50,0.1761006289308176,28,159,22,0,109,-103,0.4,False
4577,1C05,A,159,4198,1BR0,A,train,120,0.2616279069767442,45,172,62,13,52,-82,0.4,False
4577,1C05,A,159,4199,3NLA,A,train,73,0.2147239263803681,35,163,34,4,90,-93,0.4,False
4577,1C05,A,159,4202,1BA9,A,train,153,0.24581005586592178,44,179,89,20,26,-91,0.4,False
4577,1C05,A,159,4206,1MFN,A,train,184,0.23902439024390243,49,205,89,46,21,-107,0.4,False
4577,1C05,A,159,4207,2ORC,A,train,71,0.2236024844720497,36,161,33,2,90,-89,0.4,False
4577,1C05,A,159,4209,2CPB,A,train,50,0.1761006289308176,28,159,22,0,109,-103,0.4,False
4577,1C05,A,159,4214,2TMP,A,train,127,0.21818181818181817,36,165,85,6,38,-93,0.4,False
4577,1C05,A,159,4215,1SSN,A,train,136,0.2554347826086957,47,184,64,25,48,-90,0.4,False
4577,1C05,A,159,4216,1BHI,A,train,38,0.14465408805031446,23,159,15,0,121,-113,0.4,False
4577,1C05,A,159,4217,1BHU,A,val,102,0.23780487804878048,39,164,58,5,62,-86,0.4,False
4577,1C05,A,159,4222,1MNL,A,train,91,0.2392638036809816,39,163,48,4,72,-85,0.4,False
4577,1C05,A,159,4223,1TBA,A,test,67,0.21875,35,160,31,1,93,-90,0.4,False
4577,1C05,A,159,4224,1MYO,A,train,118,0.27647058823529413,47,170,60,11,52,-76,0.4,False
4577,1C05,A,159,4225,3GRX,A,val,82,0.20987654320987653,34,162,45,3,80,-94,0.4,False
4577,1C05,A,159,4227,1BQZ,A,test,77,0.22981366459627328,37,161,38,2,84,-87,0.4,False
4577,1C05,A,159,4228,1BQ0,A,test,77,0.22981366459627328,37,161,38,2,84,-87,0.4,False
4577,1C05,A,159,4230,1BUQ,A,test,125,0.23214285714285715,39,168,77,9,43,-90,0.4,False
4577,1C05,A,159,4241,2XBD,A,train,87,0.2147239263803681,35,163,48,4,76,-93,0.4,False
4577,1C05,A,159,4242,3MSP,A,test,126,0.25146198830409355,43,171,71,12,45,-85,0.4,False
4577,1C05,A,159,4248,2LEF,A,train,86,0.22560975609756098,37,164,44,5,78,-90,0.4,False
4577,1C05,A,159,4249,1XPA,A,train,113,0.23952095808383234,40,167,65,8,54,-87,0.4,False
4577,1C05,A,159,4254,1L3G,A,val,123,0.25,42,168,72,9,45,-84,0.4,False
4577,1C05,A,159,4255,2IF1,A,train,126,0.24390243902439024,40,164,81,5,38,-84,0.4,False
4577,1C05,A,159,4262,1BZF,A,train,162,0.25555555555555554,46,180,95,21,18,-88,0.4,False
4577,1C05,A,159,4263,2NMB,A,val,147,0.27419354838709675,51,186,69,27,39,-84,0.4,False
4577,1C05,A,159,4265,1DS9,A,train,198,0.2764976958525346,60,217,80,58,19,-97,0.4,False
4577,1C05,A,159,4269,1GHT,A,test,105,0.2331288343558282,38,163,63,4,58,-87,0.4,False
4577,1C05,A,159,4271,1JFJ,A,train,134,0.273224043715847,50,183,60,24,49,-83,0.4,False
4577,1C05,A,159,4276,1B2I,A,train,83,0.2469879518072289,41,166,35,7,83,-84,0.4,False
4577,1C05,A,159,4281,1Z0R,A,train,53,0.20125786163522014,32,159,21,0,106,-95,0.4,False
4577,1C05,A,159,4285,1K2H,A,test,93,0.24691358024691357,40,162,50,3,69,-82,0.4,False
4577,1C05,A,159,4299,2F63,A,train,158,0.26063829787234044,49,188,80,29,30,-90,0.4,False
4577,1C05,A,159,4300,2F65,A,train,158,0.26063829787234044,49,188,80,29,30,-90,0.4,False
4577,1C05,A,159,4312,1JM4,B,train,118,0.25287356321839083,44,174,59,15,56,-86,0.4,False
4577,1C05,A,159,4313,1ZRR,A,train,179,0.2766990291262136,57,206,75,47,27,-92,0.4,False
4577,1C05,A,159,4334,1KQQ,A,test,131,0.3081395348837209,53,172,65,13,41,-66,0.4,False
4577,1C05,A,159,4342,1LY7,A,train,121,0.2558139534883721,44,172,64,13,51,-84,0.4,False
4579,1HYI,A,65,3322,1E8P,A,train,46,0.22058823529411764,15,68,28,3,22,-38,0.4,False
4579,1HYI,A,65,4023,1Q2N,A,train,58,0.24285714285714285,17,70,36,5,12,-36,0.4,False
4579,1HYI,A,65,4052,1JOO,A,val,149,0.18666666666666668,28,150,36,85,1,-94,0.4,False
4579,1HYI,A,65,4053,1JOQ,A,val,149,0.18666666666666668,28,150,36,85,1,-94,0.4,False
4579,1HYI,A,65,4089,2DEF,A,train,146,0.21768707482993196,32,147,32,82,1,-83,0.4,False
4579,1HYI,A,65,4090,2EZH,A,val,65,0.22972972972972974,17,74,39,9,9,-40,0.4,False
4579,1HYI,A,65,4114,1A5J,A,train,110,0.21621621621621623,24,111,40,46,1,-63,0.4,False
4579,1HYI,A,65,4129,1Q80,A,train,174,0.1807909604519774,32,177,30,112,3,-113,0.4,False
4579,1HYI,A,65,4141,1NK2,P,train,77,0.23529411764705882,20,85,37,20,8,-45,0.4,False
4579,1HYI,A,65,4147,1H95,A,train,79,0.20987654320987653,17,81,46,16,2,-47,0.4,False
4579,1HYI,A,65,4153,1RXR,A,train,83,0.29347826086956524,27,92,29,27,9,-38,0.4,False
4579,1HYI,A,65,4155,1EOT,A,train,74,0.24390243902439024,20,82,37,17,8,-42,0.4,False
4579,1HYI,A,65,4156,1BJX,A,train,110,0.19642857142857142,22,112,41,47,2,-68,0.4,False
4579,1HYI,A,65,4173,1BM6,A,train,173,0.18285714285714286,32,175,31,110,2,-111,0.4,False
4579,1HYI,A,65,4177,1BO0,A,train,76,0.21686746987951808,18,83,40,18,7,-47,0.4,False
4579,1HYI,A,65,4184,1EH2,A,train,95,0.20202020202020202,20,99,41,34,4,-59,0.4,False
4579,1HYI,A,65,4186,1BLR,A,val,137,0.20863309352517986,29,139,34,74,2,-81,0.4,False
4579,1HYI,A,65,4188,1BCI,A,test,123,0.192,24,125,39,60,2,-77,0.4,False
4579,1HYI,A,65,4197,2CPS,A,train,50,0.19117647058823528,13,68,34,3,18,-42,0.4,False
4579,1HYI,A,65,4198,1BR0,A,train,120,0.21487603305785125,26,121,38,56,1,-69,0.4,False
4579,1HYI,A,65,4199,3NLA,A,train,73,0.20253164556962025,16,79,43,14,6,-47,0.4,False
4579,1HYI,A,65,4202,1BA9,A,train,153,0.1962025316455696,31,158,29,93,5,-96,0.4,False
4579,1HYI,A,65,4206,1MFN,A,train,184,0.16304347826086957,30,184,35,119,0,-124,0.4,False
4579,1HYI,A,65,4207,2ORC,A,train,71,0.21052631578947367,16,76,44,11,5,-44,0.4,False
4579,1HYI,A,65,4209,2CPB,A,train,50,0.19117647058823528,13,68,34,3,18,-42,0.4,False
4579,1HYI,A,65,4214,2TMP,A,train,127,0.1889763779527559,24,127,41,62,0,-79,0.4,False
4579,1HYI,A,65,4215,1SSN,A,train,136,0.18840579710144928,26,138,37,73,2,-86,0.4,False
4579,1HYI,A,65,4216,1BHI,A,train,38,0.2,13,65,25,0,27,-39,0.4,False
4579,1HYI,A,65,4217,1BHU,A,val,102,0.2222222222222222,24,108,35,43,6,-60,0.4,False
4579,1HYI,A,65,4222,1MNL,A,train,91,0.23958333333333334,23,96,37,31,5,-50,0.4,False
4579,1HYI,A,65,4223,1TBA,A,test,67,0.2054794520547945,15,73,44,8,6,-43,0.4,False
4579,1HYI,A,65,4224,1MYO,A,train,118,0.2644628099173554,32,121,30,56,3,-57,0.4,False
4579,1HYI,A,65,4225,3GRX,A,val,82,0.18072289156626506,15,83,49,18,1,-53,0.4,False
4579,1HYI,A,65,4227,1BQZ,A,test,77,0.27058823529411763,23,85,34,20,8,-39,0.4,False
4579,1HYI,A,65,4228,1BQ0,A,test,77,0.27058823529411763,23,85,34,20,8,-39,0.4,False
4579,1HYI,A,65,4230,1BUQ,A,test,125,0.2222222222222222,28,126,36,61,1,-70,0.4,False
4579,1HYI,A,65,4241,2XBD,A,train,87,0.21505376344086022,20,93,39,28,6,-53,0.4,False
4579,1HYI,A,65,4242,3MSP,A,test,126,0.1889763779527559,24,127,40,62,1,-79,0.4,False
4579,1HYI,A,65,4248,2LEF,A,train,86,0.19318181818181818,17,88,46,23,2,-54,0.4,False
4579,1HYI,A,65,4249,1XPA,A,train,113,0.226890756302521,27,119,32,54,6,-65,0.4,False
4579,1HYI,A,65,4254,1L3G,A,val,123,0.1968503937007874,25,127,36,62,4,-77,0.4,False
4579,1HYI,A,65,4255,2IF1,A,train,126,0.1984126984126984,25,126,40,61,0,-76,0.4,False
4579,1HYI,A,65,4262,1BZF,A,train,162,0.18404907975460122,30,163,34,98,1,-103,0.4,False
4579,1HYI,A,65,4263,2NMB,A,val,147,0.21621621621621623,32,148,32,83,1,-84,0.4,False
4579,1HYI,A,65,4265,1DS9,A,train,198,0.1691542288557214,34,201,28,136,3,-133,0.4,False
4579,1HYI,A,65,4269,1GHT,A,test,105,0.18867924528301888,20,106,44,41,1,-66,0.4,False
4579,1HYI,A,65,4271,1JFJ,A,train,134,0.20863309352517986,29,139,31,74,5,-81,0.4,False
4579,1HYI,A,65,4276,1B2I,A,train,83,0.22826086956521738,21,92,35,27,9,-50,0.4,False
4579,1HYI,A,65,4281,1Z0R,A,train,53,0.22058823529411764,15,68,35,3,15,-38,0.4,False
4579,1HYI,A,65,4285,1K2H,A,test,93,0.19148936170212766,18,94,46,29,1,-58,0.4,False
4579,1HYI,A,65,4299,2F63,A,train,158,0.18867924528301888,30,159,34,94,1,-99,0.4,False
4579,1HYI,A,65,4300,2F65,A,train,158,0.18867924528301888,30,159,34,94,1,-99,0.4,False
4579,1HYI,A,65,4312,1JM4,B,train,118,0.19008264462809918,23,121,39,56,3,-75,0.4,False
4579,1HYI,A,65,4313,1ZRR,A,train,179,0.19672131147540983,36,183,25,118,4,-111,0.4,False
4579,1HYI,A,65,4334,1KQQ,A,test,131,0.183206106870229,24,131,41,66,0,-83,0.4,False
4579,1HYI,A,65,4342,1LY7,A,train,121,0.20967741935483872,26,124,36,59,3,-72,0.4,False
4581,1D1O,A,75,3322,1E8P,A,train,46,0.21518987341772153,17,79,25,4,33,-45,0.4,False
4581,1D1O,A,75,4023,1Q2N,A,train,58,0.25925925925925924,21,81,31,6,23,-39,0.4,False
4581,1D1O,A,75,4052,1JOO,A,val,149,0.24,36,150,38,75,1,-78,0.4,False
4581,1D1O,A,75,4053,1JOQ,A,val,149,0.24,36,150,38,75,1,-78,0.4,False
4581,1D1O,A,75,4089,2DEF,A,train,146,0.2597402597402597,40,154,27,79,8,-74,0.4,False
4581,1D1O,A,75,4090,2EZH,A,val,65,0.23170731707317074,19,82,39,7,17,-44,0.4,False
4581,1D1O,A,75,4114,1A5J,A,train,110,0.26956521739130435,31,115,39,40,5,-53,0.4,False
4581,1D1O,A,75,4129,1Q80,A,train,174,0.23204419889502761,42,181,26,106,7,-97,0.4,False
4581,1D1O,A,75,4141,1NK2,P,train,77,0.23655913978494625,22,93,37,18,16,-49,0.4,False
4581,1D1O,A,75,4147,1H95,A,train,79,0.23255813953488372,20,86,48,11,7,-46,0.4,False
4581,1D1O,A,75,4153,1RXR,A,train,83,0.21739130434782608,20,92,46,17,9,-52,0.4,False
4581,1D1O,A,75,4155,1EOT,A,train,74,0.23076923076923078,21,91,37,16,17,-49,0.4,False
4581,1D1O,A,75,4156,1BJX,A,train,110,0.25663716814159293,29,113,43,38,3,-55,0.4,False
4581,1D1O,A,75,4173,1BM6,A,train,173,0.18857142857142858,33,175,40,100,2,-109,0.4,False
4581,1D1O,A,75,4177,1BO0,A,train,76,0.25274725274725274,23,91,37,16,15,-45,0.4,False
4581,1D1O,A,75,4184,1EH2,A,train,95,0.2980769230769231,31,104,35,29,9,-42,0.4,False
4581,1D1O,A,75,4186,1BLR,A,val,137,0.24822695035460993,35,141,36,66,4,-71,0.4,False
4581,1D1O,A,75,4188,1BCI,A,test,123,0.2440944881889764,31,127,40,52,4,-65,0.4,False
4581,1D1O,A,75,4197,2CPS,A,train,50,0.2236842105263158,17,76,32,1,26,-42,0.4,False
4581,1D1O,A,75,4198,1BR0,A,train,120,0.24793388429752067,30,121,44,46,1,-61,0.4,False
4581,1D1O,A,75,4199,3NLA,A,train,73,0.25555555555555554,23,90,35,15,17,-44,0.4,False
4581,1D1O,A,75,4202,1BA9,A,train,153,0.25,39,156,33,81,3,-78,0.4,False
4581,1D1O,A,75,4206,1MFN,A,train,184,0.1891891891891892,35,185,39,110,1,-115,0.4,False
4581,1D1O,A,75,4207,2ORC,A,train,71,0.2840909090909091,25,88,33,13,17,-38,0.4,False
4581,1D1O,A,75,4209,2CPB,A,train,50,0.2236842105263158,17,76,32,1,26,-42,0.4,False
4581,1D1O,A,75,4214,2TMP,A,train,127,0.2692307692307692,35,130,37,55,3,-60,0.4,False
4581,1D1O,A,75,4215,1SSN,A,train,136,0.2714285714285714,38,140,33,65,4,-64,0.4,False
4581,1D1O,A,75,4216,1BHI,A,train,38,0.18666666666666668,14,75,24,0,37,-47,0.4,False
4581,1D1O,A,75,4217,1BHU,A,val,102,0.21153846153846154,22,104,51,29,2,-60,0.4,False
4581,1D1O,A,75,4222,1MNL,A,train,91,0.23232323232323232,23,99,44,24,8,-53,0.4,False
4581,1D1O,A,75,4223,1TBA,A,test,67,0.2988505747126437,26,87,29,12,20,-35,0.4,False
4581,1D1O,A,75,4224,1MYO,A,train,118,0.2892561983471074,35,121,37,46,3,-51,0.4,False
4581,1D1O,A,75,4225,3GRX,A,val,82,0.24742268041237114,24,97,36,22,15,-49,0.4,False
4581,1D1O,A,75,4227,1BQZ,A,test,77,0.29591836734693877,29,98,25,23,21,-40,0.4,False
4581,1D1O,A,75,4228,1BQ0,A,test,77,0.29591836734693877,29,98,25,23,21,-40,0.4,False
4581,1D1O,A,75,4230,1BUQ,A,test,125,0.2537313432835821,34,134,32,59,9,-66,0.4,False
4581,1D1O,A,75,4241,2XBD,A,train,87,0.22,22,100,40,25,13,-56,0.4,False
4581,1D1O,A,75,4242,3MSP,A,test,126,0.2283464566929134,29,127,45,52,1,-69,0.4,False
4581,1D1O,A,75,4248,2LEF,A,train,86,0.23076923076923078,21,91,49,16,5,-49,0.4,False
4581,1D1O,A,75,4249,1XPA,A,train,113,0.2564102564102564,30,117,41,42,4,-57,0.4,False
4581,1D1O,A,75,4254,1L3G,A,val,123,0.2204724409448819,28,127,43,52,4,-71,0.4,False
4581,1D1O,A,75,4255,2IF1,A,train,126,0.20930232558139536,27,129,45,54,3,-75,0.4,False
4581,1D1O,A,75,4262,1BZF,A,train,162,0.19642857142857142,33,168,36,93,6,-102,0.4,False
4581,1D1O,A,75,4263,2NMB,A,val,147,0.2348993288590604,35,149,38,74,2,-79,0.4,False
4581,1D1O,A,75,4265,1DS9,A,train,198,0.22885572139303484,46,201,26,126,3,-109,0.4,False
4581,1D1O,A,75,4269,1GHT,A,test,105,0.25,28,112,40,37,7,-56,0.4,False
4581,1D1O,A,75,4271,1JFJ,A,train,134,0.2695035460992908,38,141,30,66,7,-65,0.4,False
4581,1D1O,A,75,4276,1B2I,A,train,83,0.23333333333333334,21,90,47,15,7,-48,0.4,False
4581,1D1O,A,75,4281,1Z0R,A,train,53,0.2564102564102564,20,78,30,3,25,-38,0.4,False
4581,1D1O,A,75,4285,1K2H,A,test,93,0.4148936170212766,39,94,35,19,1,-16,0.4,True
4581,1D1O,A,75,4299,2F63,A,train,158,0.2578616352201258,41,159,33,84,1,-77,0.4,False
4581,1D1O,A,75,4300,2F65,A,train,158,0.2578616352201258,41,159,33,84,1,-77,0.4,False
4581,1D1O,A,75,4312,1JM4,B,train,118,0.23770491803278687,29,122,42,47,4,-64,0.4,False
4581,1D1O,A,75,4313,1ZRR,A,train,179,0.22346368715083798,40,179,35,104,0,-99,0.4,False
4581,1D1O,A,75,4334,1KQQ,A,test,131,0.23703703703703705,32,135,39,60,4,-71,0.4,False
4581,1D1O,A,75,4342,1LY7,A,train,121,0.23387096774193547,29,124,43,49,3,-66,0.4,False
4583,1DOQ,A,69,3322,1E8P,A,train,46,0.14084507042253522,10,71,34,2,25,-51,0.4,False
4583,1DOQ,A,69,4023,1Q2N,A,train,58,0.2465753424657534,18,73,36,4,15,-37,0.4,False
4583,1DOQ,A,69,4052,1JOO,A,val,149,0.2185430463576159,33,151,34,82,2,-85,0.4,False
4583,1DOQ,A,69,4053,1JOQ,A,val,149,0.2185430463576159,33,151,34,82,2,-85,0.4,False
4583,1DOQ,A,69,4089,2DEF,A,train,146,0.24324324324324326,36,148,31,79,2,-76,0.4,False
4583,1DOQ,A,69,4090,2EZH,A,val,65,0.26436781609195403,23,87,24,18,22,-41,0.4,False
4583,1DOQ,A,69,4114,1A5J,A,train,110,0.2413793103448276,28,116,35,47,6,-60,0.4,False
4583,1DOQ,A,69,4129,1Q80,A,train,174,0.19540229885057472,34,174,35,105,0,-106,0.4,False
4583,1DOQ,A,69,4141,1NK2,P,train,77,0.26136363636363635,23,88,35,19,11,-42,0.4,False
4583,1DOQ,A,69,4147,1H95,A,train,79,0.23863636363636365,21,88,39,19,9,-46,0.4,False
4583,1DOQ,A,69,4153,1RXR,A,train,83,0.2222222222222222,20,90,42,21,7,-50,0.4,False
4583,1DOQ,A,69,4155,1EOT,A,train,74,0.2375,19,80,44,11,6,-42,0.4,False
4583,1DOQ,A,69,4156,1BJX,A,train,110,0.25,28,112,39,43,2,-56,0.4,False
4583,1DOQ,A,69,4173,1BM6,A,train,173,0.18497109826589594,32,173,37,104,0,-109,0.4,False
4583,1DOQ,A,69,4177,1BO0,A,train,76,0.2413793103448276,21,87,37,18,11,-45,0.4,False
4583,1DOQ,A,69,4184,1EH2,A,train,95,0.24509803921568626,25,102,37,33,7,-52,0.4,False
4583,1DOQ,A,69,4186,1BLR,A,val,137,0.23404255319148937,33,141,32,72,4,-75,0.4,False
4583,1DOQ,A,69,4188,1BCI,A,test,123,0.216,27,125,40,56,2,-71,0.4,False
4583,1DOQ,A,69,4197,2CPS,A,train,50,0.3013698630136986,22,73,24,4,23,-29,0.4,False
4583,1DOQ,A,69,4198,1BR0,A,train,120,0.264,33,125,31,56,5,-59,0.4,False
4583,1DOQ,A,69,4199,3NLA,A,train,73,0.25882352941176473,22,85,35,16,12,-41,0.4,False
4583,1DOQ,A,69,4202,1BA9,A,train,153,0.22151898734177214,35,158,29,89,5,-88,0.4,False
4583,1DOQ,A,69,4206,1MFN,A,train,184,0.16847826086956522,31,184,38,115,0,-122,0.4,False
4583,1DOQ,A,69,4207,2ORC,A,train,71,0.27848101265822783,22,79,39,10,8,-35,0.4,False
4583,1DOQ,A,69,4209,2CPB,A,train,50,0.3013698630136986,22,73,24,4,23,-29,0.4,False
4583,1DOQ,A,69,4214,2TMP,A,train,127,0.1937984496124031,25,129,42,60,2,-79,0.4,False
4583,1DOQ,A,69,4215,1SSN,A,train,136,0.24285714285714285,34,140,31,71,4,-72,0.4,False
4583,1DOQ,A,69,4216,1BHI,A,train,38,0.2222222222222222,16,72,19,3,34,-40,0.4,False
4583,1DOQ,A,69,4217,1BHU,A,val,102,0.23076923076923078,24,104,43,35,2,-56,0.4,False
4583,1DOQ,A,69,4222,1MNL,A,train,91,0.27184466019417475,28,103,29,34,12,-47,0.4,False
4583,1DOQ,A,69,4223,1TBA,A,test,67,0.2987012987012987,23,77,36,8,10,-31,0.4,False
4583,1DOQ,A,69,4224,1MYO,A,train,118,0.256198347107438,31,121,35,52,3,-59,0.4,False
4583,1DOQ,A,69,4225,3GRX,A,val,82,0.26373626373626374,24,91,36,22,9,-43,0.4,False
4583,1DOQ,A,69,4227,1BQZ,A,test,77,0.3010752688172043,28,93,25,24,16,-37,0.4,False
4583,1DOQ,A,69,4228,1BQ0,A,test,77,0.3010752688172043,28,93,25,24,16,-37,0.4,False
4583,1DOQ,A,69,4230,1BUQ,A,test,125,0.2265625,29,128,37,59,3,-70,0.4,False
4583,1DOQ,A,69,4241,2XBD,A,train,87,0.21739130434782608,20,92,44,23,5,-52,0.4,False
4583,1DOQ,A,69,4242,3MSP,A,test,126,0.1875,24,128,43,59,2,-80,0.4,False
4583,1DOQ,A,69,4248,2LEF,A,train,86,0.25,23,92,40,23,6,-46,0.4,False
4583,1DOQ,A,69,4249,1XPA,A,train,113,0.2905982905982906,34,117,31,48,4,-49,0.4,False
4583,1DOQ,A,69,4254,1L3G,A,val,123,0.2125984251968504,27,127,38,58,4,-73,0.4,False
4583,1DOQ,A,69,4255,2IF1,A,train,126,0.2153846153846154,28,130,37,61,4,-74,0.4,False
4583,1DOQ,A,69,4262,1BZF,A,train,162,0.1951219512195122,32,164,35,95,2,-100,0.4,False
4583,1DOQ,A,69,4263,2NMB,A,val,147,0.22297297297297297,33,148,35,79,1,-82,0.4,False
4583,1DOQ,A,69,4265,1DS9,A,train,198,0.21287128712871287,43,202,22,133,4,-116,0.4,False
4583,1DOQ,A,69,4269,1GHT,A,test,105,0.23853211009174313,26,109,39,40,4,-57,0.4,False
4583,1DOQ,A,69,4271,1JFJ,A,train,134,0.23703703703703705,32,135,36,66,1,-71,0.4,False
4583,1DOQ,A,69,4276,1B2I,A,train,83,0.25,23,92,37,23,9,-46,0.4,False
4583,1DOQ,A,69,4281,1Z0R,A,train,53,0.2676056338028169,19,71,32,2,18,-33,0.4,False
4583,1DOQ,A,69,4285,1K2H,A,test,93,0.26262626262626265,26,99,37,30,6,-47,0.4,False
4583,1DOQ,A,69,4299,2F63,A,train,158,0.2375,38,160,29,91,2,-84,0.4,False
4583,1DOQ,A,69,4300,2F65,A,train,158,0.2375,38,160,29,91,2,-84,0.4,False
4583,1DOQ,A,69,4312,1JM4,B,train,118,0.2777777777777778,35,126,26,57,8,-56,0.4,False
4583,1DOQ,A,69,4313,1ZRR,A,train,179,0.2032967032967033,37,182,29,113,3,-108,0.4,False
4583,1DOQ,A,69,4334,1KQQ,A,test,131,0.2462686567164179,33,134,33,65,3,-68,0.4,False
4583,1DOQ,A,69,4342,1LY7,A,train,121,0.28,35,125,30,56,4,-55,0.4,False
4584,1DP3,A,55,3322,1E8P,A,train,46,0.21052631578947367,12,57,32,2,11,-33,0.4,False
4584,1DP3,A,55,4023,1Q2N,A,train,58,0.30303030303030304,20,66,27,11,8,-26,0.4,False
4584,1DP3,A,55,4052,1JOO,A,val,149,0.2077922077922078,32,154,18,99,5,-90,0.4,False
4584,1DP3,A,55,4053,1JOQ,A,val,149,0.2077922077922078,32,154,18,99,5,-90,0.4,False
4584,1DP3,A,55,4089,2DEF,A,train,146,0.19863013698630136,29,146,26,91,0,-88,0.4,False
4584,1DP3,A,55,4090,2EZH,A,val,65,0.2676056338028169,19,71,30,16,6,-33,0.4,False
4584,1DP3,A,55,4114,1A5J,A,train,110,0.21929824561403508,25,114,26,59,4,-64,0.4,False
4584,1DP3,A,55,4129,1Q80,A,train,174,0.1657142857142857,29,175,25,120,1,-117,0.4,False
4584,1DP3,A,55,4141,1NK2,P,train,77,0.2289156626506024,19,83,30,28,6,-45,0.4,False
4584,1DP3,A,55,4147,1H95,A,train,79,0.23529411764705882,20,85,29,30,6,-45,0.4,False
4584,1DP3,A,55,4153,1RXR,A,train,83,0.22988505747126436,20,87,31,32,4,-47,0.4,False
4584,1DP3,A,55,4155,1EOT,A,train,74,0.20512820512820512,16,78,35,23,4,-46,0.4,False
4584,1DP3,A,55,4156,1BJX,A,train,110,0.23008849557522124,26,113,26,58,3,-61,0.4,False
4584,1DP3,A,55,4173,1BM6,A,train,173,0.1657142857142857,29,175,24,120,2,-117,0.4,False
4584,1DP3,A,55,4177,1BO0,A,train,76,0.23076923076923078,18,78,35,23,2,-42,0.4,False
4584,1DP3,A,55,4184,1EH2,A,train,95,0.2376237623762376,24,101,25,46,6,-53,0.4,False
4584,1DP3,A,55,4186,1BLR,A,val,137,0.2152777777777778,31,144,17,89,7,-82,0.4,False
4584,1DP3,A,55,4188,1BCI,A,test,123,0.216,27,125,26,70,2,-71,0.4,False
4584,1DP3,A,55,4197,2CPS,A,train,50,0.22058823529411764,15,68,22,13,18,-38,0.4,False
4584,1DP3,A,55,4198,1BR0,A,train,120,0.2396694214876033,29,121,25,66,1,-63,0.4,False
4584,1DP3,A,55,4199,3NLA,A,train,73,0.20270270270270271,15,74,39,19,1,-44,0.4,False
4584,1DP3,A,55,4202,1BA9,A,train,153,0.2138364779874214,34,159,15,104,6,-91,0.4,False
4584,1DP3,A,55,4206,1MFN,A,train,184,0.15135135135135136,28,185,26,130,1,-129,0.4,False
4584,1DP3,A,55,4207,2ORC,A,train,71,0.21052631578947367,16,76,34,21,5,-44,0.4,False
4584,1DP3,A,55,4209,2CPB,A,train,50,0.22058823529411764,15,68,22,13,18,-38,0.4,False
4584,1DP3,A,55,4214,2TMP,A,train,127,0.22137404580152673,29,131,22,76,4,-73,0.4,False
4584,1DP3,A,55,4215,1SSN,A,train,136,0.19858156028368795,28,141,22,86,5,-85,0.4,False
4584,1DP3,A,55,4216,1BHI,A,train,38,0.18333333333333332,11,60,22,5,22,-38,0.4,False
4584,1DP3,A,55,4217,1BHU,A,val,102,0.22115384615384615,23,104,30,49,2,-58,0.4,False
4584,1DP3,A,55,4222,1MNL,A,train,91,0.25,25,100,21,45,9,-50,0.4,False
4584,1DP3,A,55,4223,1TBA,A,test,67,0.2535211267605634,18,71,33,16,4,-35,0.4,False
4584,1DP3,A,55,4224,1MYO,A,train,118,0.21666666666666667,26,120,27,65,2,-68,0.4,False
4584,1DP3,A,55,4225,3GRX,A,val,82,0.24096385542168675,20,83,34,28,1,-43,0.4,False
4584,1DP3,A,55,4227,1BQZ,A,test,77,0.275,22,80,30,25,3,-36,0.4,False
4584,1DP3,A,55,4228,1BQ0,A,test,77,0.275,22,80,30,25,3,-36,0.4,False
4584,1DP3,A,55,4230,1BUQ,A,test,125,0.20634920634920634,26,126,28,71,1,-74,0.4,False
4584,1DP3,A,55,4241,2XBD,A,train,87,0.19540229885057472,17,87,38,32,0,-53,0.4,False
4584,1DP3,A,55,4242,3MSP,A,test,126,0.2230769230769231,29,130,22,75,4,-72,0.4,False
4584,1DP3,A,55,4248,2LEF,A,train,86,0.2441860465116279,21,86,34,31,0,-44,0.4,False
4584,1DP3,A,55,4249,1XPA,A,train,113,0.2,23,115,30,60,2,-69,0.4,False
4584,1DP3,A,55,4254,1L3G,A,val,123,0.1984126984126984,25,126,27,71,3,-76,0.4,False
4584,1DP3,A,55,4255,2IF1,A,train,126,0.19230769230769232,25,130,26,75,4,-80,0.4,False
4584,1DP3,A,55,4262,1BZF,A,train,162,0.17901234567901234,29,162,26,107,0,-104,0.4,False
4584,1DP3,A,55,4263,2NMB,A,val,147,0.2108843537414966,31,147,24,92,0,-85,0.4,False
4584,1DP3,A,55,4265,1DS9,A,train,198,0.1717171717171717,34,198,21,143,0,-130,0.4,False
4584,1DP3,A,55,4269,1GHT,A,test,105,0.22727272727272727,25,110,25,55,5,-60,0.4,False
4584,1DP3,A,55,4271,1JFJ,A,train,134,0.22962962962962963,31,135,23,80,1,-73,0.4,False
4584,1DP3,A,55,4276,1B2I,A,train,83,0.2111111111111111,19,90,29,35,7,-52,0.4,False
4584,1DP3,A,55,4281,1Z0R,A,train,53,0.3064516129032258,19,62,27,7,9,-24,0.4,False
4584,1DP3,A,55,4285,1K2H,A,test,93,0.21875,21,96,31,41,3,-54,0.4,False
4584,1DP3,A,55,4299,2F63,A,train,158,0.1949685534591195,31,159,23,104,1,-97,0.4,False
4584,1DP3,A,55,4300,2F65,A,train,158,0.1949685534591195,31,159,23,104,1,-97,0.4,False
4584,1DP3,A,55,4312,1JM4,B,train,118,0.19834710743801653,24,121,28,66,3,-73,0.4,False
4584,1DP3,A,55,4313,1ZRR,A,train,179,0.1787709497206704,32,179,23,124,0,-115,0.4,False
4584,1DP3,A,55,4334,1KQQ,A,test,131,0.21212121212121213,28,132,26,77,1,-76,0.4,False
4584,1DP3,A,55,4342,1LY7,A,train,121,0.19008264462809918,23,121,32,66,0,-75,0.4,False
4588,1ED7,A,45,3322,1E8P,A,train,46,0.23076923076923078,12,52,27,7,6,-28,0.4,False
4588,1ED7,A,45,4023,1Q2N,A,train,58,0.23809523809523808,15,63,25,18,5,-33,0.4,False
4588,1ED7,A,45,4052,1JOO,A,val,149,0.16666666666666666,25,150,19,105,1,-100,0.4,False
4588,1ED7,A,45,4053,1JOQ,A,val,149,0.16666666666666666,25,150,19,105,1,-100,0.4,False
4588,1ED7,A,45,4089,2DEF,A,train,146,0.16326530612244897,24,147,20,102,1,-99,0.4,False
4588,1ED7,A,45,4090,2EZH,A,val,65,0.22727272727272727,15,66,29,21,1,-36,0.4,False
4588,1ED7,A,45,4114,1A5J,A,train,110,0.1981981981981982,22,111,22,66,1,-67,0.4,False
4588,1ED7,A,45,4129,1Q80,A,train,174,0.14772727272727273,26,176,17,131,2,-124,0.4,False
4588,1ED7,A,45,4141,1NK2,P,train,77,0.2125,17,80,25,35,3,-46,0.4,False
4588,1ED7,A,45,4147,1H95,A,train,79,0.189873417721519,15,79,30,34,0,-49,0.4,False
4588,1ED7,A,45,4153,1RXR,A,train,83,0.20238095238095238,17,84,27,39,1,-50,0.4,False
4588,1ED7,A,45,4155,1EOT,A,train,74,0.25,19,76,24,31,2,-38,0.4,False
4588,1ED7,A,45,4156,1BJX,A,train,110,0.1981981981981982,22,111,22,66,1,-67,0.4,False
4588,1ED7,A,45,4173,1BM6,A,train,173,0.14450867052023122,25,173,20,128,0,-123,0.4,False
4588,1ED7,A,45,4177,1BO0,A,train,76,0.22784810126582278,18,79,24,34,3,-43,0.4,False
4588,1ED7,A,45,4184,1EH2,A,train,95,0.21875,21,96,23,51,1,-54,0.4,False
4588,1ED7,A,45,4186,1BLR,A,val,137,0.16546762589928057,23,139,20,94,2,-93,0.4,False
4588,1ED7,A,45,4188,1BCI,A,test,123,0.17886178861788618,22,123,23,78,0,-79,0.4,False
4588,1ED7,A,45,4197,2CPS,A,train,50,0.18867924528301888,10,53,32,8,3,-33,0.4,False
4588,1ED7,A,45,4198,1BR0,A,train,120,0.1721311475409836,21,122,22,77,2,-80,0.4,False
4588,1ED7,A,45,4199,3NLA,A,train,73,0.22972972972972974,17,74,27,29,1,-40,0.4,False
4588,1ED7,A,45,4202,1BA9,A,train,153,0.16233766233766234,25,154,19,109,1,-104,0.4,False
4588,1ED7,A,45,4206,1MFN,A,train,184,0.15591397849462366,29,186,14,141,2,-128,0.4,False
4588,1ED7,A,45,4207,2ORC,A,train,71,0.2564102564102564,20,78,18,33,7,-38,0.4,False
4588,1ED7,A,45,4209,2CPB,A,train,50,0.18867924528301888,10,53,32,8,3,-33,0.4,False
4588,1ED7,A,45,4214,2TMP,A,train,127,0.1875,24,128,20,83,1,-80,0.4,False
4588,1ED7,A,45,4215,1SSN,A,train,136,0.16666666666666666,23,138,20,93,2,-92,0.4,False
4588,1ED7,A,45,4216,1BHI,A,train,38,0.20408163265306123,10,49,24,4,11,-29,0.4,False
4588,1ED7,A,45,4217,1BHU,A,val,102,0.21568627450980393,22,102,23,57,0,-58,0.4,False
4588,1ED7,A,45,4222,1MNL,A,train,91,0.20652173913043478,19,92,25,47,1,-54,0.4,False
4588,1ED7,A,45,4223,1TBA,A,test,67,0.18840579710144928,13,69,30,24,2,-43,0.4,False
4588,1ED7,A,45,4224,1MYO,A,train,118,0.22033898305084745,26,118,19,73,0,-66,0.4,False
4588,1ED7,A,45,4225,3GRX,A,val,82,0.20481927710843373,17,83,27,38,1,-49,0.4,False
4588,1ED7,A,45,4227,1BQZ,A,test,77,0.22077922077922077,17,77,28,32,0,-43,0.4,False
4588,1ED7,A,45,4228,1BQ0,A,test,77,0.22077922077922077,17,77,28,32,0,-43,0.4,False
4588,1ED7,A,45,4230,1BUQ,A,test,125,0.1746031746031746,22,126,22,81,1,-82,0.4,False
4588,1ED7,A,45,4241,2XBD,A,train,87,0.23595505617977527,21,89,22,44,2,-47,0.4,False
4588,1ED7,A,45,4242,3MSP,A,test,126,0.1953125,25,128,18,83,2,-78,0.4,False
4588,1ED7,A,45,4248,2LEF,A,train,86,0.18604651162790697,16,86,29,41,0,-54,0.4,False
4588,1ED7,A,45,4249,1XPA,A,train,113,0.19827586206896552,23,116,19,71,3,-70,0.4,False
4588,1ED7,A,45,4254,1L3G,A,val,123,0.176,22,125,21,80,2,-81,0.4,False
4588,1ED7,A,45,4255,2IF1,A,train,126,0.1953125,25,128,18,83,2,-78,0.4,False
4588,1ED7,A,45,4262,1BZF,A,train,162,0.17791411042944785,29,163,15,118,1,-105,0.4,False
4588,1ED7,A,45,4263,2NMB,A,val,147,0.174496644295302,26,149,17,104,2,-97,0.4,False
4588,1ED7,A,45,4265,1DS9,A,train,198,0.13636363636363635,27,198,18,153,0,-144,0.4,False
4588,1ED7,A,45,4269,1GHT,A,test,105,0.16037735849056603,17,106,27,61,1,-72,0.4,False
4588,1ED7,A,45,4271,1JFJ,A,train,134,0.16417910447761194,22,134,23,89,0,-90,0.4,False
4588,1ED7,A,45,4276,1B2I,A,train,83,0.19767441860465115,17,86,25,41,3,-52,0.4,False
4588,1ED7,A,45,4281,1Z0R,A,train,53,0.16666666666666666,10,60,28,15,7,-40,0.4,False
4588,1ED7,A,45,4285,1K2H,A,test,93,0.20430107526881722,19,93,26,48,0,-55,0.4,False
4588,1ED7,A,45,4299,2F63,A,train,158,0.17721518987341772,28,158,17,113,0,-102,0.4,False
4588,1ED7,A,45,4300,2F65,A,train,158,0.17721518987341772,28,158,17,113,0,-102,0.4,False
4588,1ED7,A,45,4312,1JM4,B,train,118,0.16806722689075632,20,119,24,74,1,-79,0.4,False
4588,1ED7,A,45,4313,1ZRR,A,train,179,0.16111111111111112,29,180,15,135,1,-122,0.4,False
4588,1ED7,A,45,4334,1KQQ,A,test,131,0.1893939393939394,25,132,19,87,1,-82,0.4,False
4588,1ED7,A,45,4342,1LY7,A,train,121,0.18699186991869918,23,123,20,78,2,-77,0.4,False
4589,1EHX,A,94,3322,1E8P,A,train,46,0.20618556701030927,20,97,23,3,51,-57,0.4,False
4589,1EHX,A,94,4023,1Q2N,A,train,58,0.24752475247524752,25,101,26,7,43,-51,0.4,False
4589,1EHX,A,94,4052,1JOO,A,val,149,0.24183006535947713,37,153,53,59,4,-79,0.4,False
4589,1EHX,A,94,4053,1JOQ,A,val,149,0.24183006535947713,37,153,53,59,4,-79,0.4,False
4589,1EHX,A,94,4089,2DEF,A,train,146,0.22,33,150,57,56,4,-84,0.4,False
4589,1EHX,A,94,4090,2EZH,A,val,65,0.1836734693877551,18,98,43,4,33,-62,0.4,False
4589,1EHX,A,94,4114,1A5J,A,train,110,0.24793388429752067,30,121,53,27,11,-61,0.4,False
4589,1EHX,A,94,4129,1Q80,A,train,174,0.21910112359550563,39,178,51,84,4,-100,0.4,False
4589,1EHX,A,94,4141,1NK2,P,train,77,0.25252525252525254,25,99,47,5,22,-49,0.4,False
4589,1EHX,A,94,4147,1H95,A,train,79,0.27184466019417475,28,103,42,9,24,-47,0.4,False
4589,1EHX,A,94,4153,1RXR,A,train,83,0.19607843137254902,20,102,55,8,19,-62,0.4,False
4589,1EHX,A,94,4155,1EOT,A,train,74,0.23157894736842105,22,95,51,1,21,-51,0.4,False
4589,1EHX,A,94,4156,1BJX,A,train,110,0.264,33,125,46,31,15,-59,0.4,False
4589,1EHX,A,94,4173,1BM6,A,train,173,0.2541436464088398,46,181,40,87,8,-89,0.4,False
4589,1EHX,A,94,4177,1BO0,A,train,76,0.28,28,100,42,6,24,-44,0.4,False
4589,1EHX,A,94,4184,1EH2,A,train,95,0.2672413793103448,31,116,42,22,21,-54,0.4,False
4589,1EHX,A,94,4186,1BLR,A,val,137,0.23448275862068965,34,145,52,51,8,-77,0.4,False
4589,1EHX,A,94,4188,1BCI,A,test,123,0.2781954887218045,37,133,47,39,10,-59,0.4,False
4589,1EHX,A,94,4197,2CPS,A,train,50,0.23469387755102042,23,98,23,4,48,-52,0.4,False
4589,1EHX,A,94,4198,1BR0,A,train,120,0.24031007751937986,31,129,54,35,9,-67,0.4,False
4589,1EHX,A,94,4199,3NLA,A,train,73,0.27450980392156865,28,102,37,8,29,-46,0.4,False
4589,1EHX,A,94,4202,1BA9,A,train,153,0.22641509433962265,36,159,52,65,6,-87,0.4,False
4589,1EHX,A,94,4206,1MFN,A,train,184,0.25806451612903225,48,186,44,92,2,-90,0.4,False
4589,1EHX,A,94,4207,2ORC,A,train,71,0.2549019607843137,26,102,37,8,31,-50,0.4,False
4589,1EHX,A,94,4209,2CPB,A,train,50,0.23469387755102042,23,98,23,4,48,-52,0.4,False
4589,1EHX,A,94,4214,2TMP,A,train,127,0.2518518518518518,34,135,52,41,8,-67,0.4,False
4589,1EHX,A,94,4215,1SSN,A,train,136,0.26573426573426573,38,143,49,49,7,-67,0.4,False
4589,1EHX,A,94,4216,1BHI,A,train,38,0.22340425531914893,21,94,17,0,56,-52,0.4,False
4589,1EHX,A,94,4217,1BHU,A,val,102,0.2845528455284553,35,123,38,29,21,-53,0.4,False
4589,1EHX,A,94,4222,1MNL,A,train,91,0.2616822429906542,28,107,50,13,16,-51,0.4,False
4589,1EHX,A,94,4223,1TBA,A,test,67,0.25510204081632654,25,98,38,4,31,-48,0.4,False
4589,1EHX,A,94,4224,1MYO,A,train,118,0.2619047619047619,33,126,53,32,8,-60,0.4,False
4589,1EHX,A,94,4225,3GRX,A,val,82,0.22448979591836735,22,98,56,4,16,-54,0.4,False
4589,1EHX,A,94,4227,1BQZ,A,test,77,0.22330097087378642,23,103,45,9,26,-57,0.4,False
4589,1EHX,A,94,4228,1BQ0,A,test,77,0.22330097087378642,23,103,45,9,26,-57,0.4,False
4589,1EHX,A,94,4230,1BUQ,A,test,125,0.25,32,128,59,34,3,-64,0.4,False
4589,1EHX,A,94,4241,2XBD,A,train,87,0.3063063063063063,34,111,36,17,24,-43,0.4,False
4589,1EHX,A,94,4242,3MSP,A,test,126,0.28888888888888886,39,135,46,41,9,-57,0.4,False
4589,1EHX,A,94,4248,2LEF,A,train,86,0.22641509433962265,24,106,50,12,20,-58,0.4,False
4589,1EHX,A,94,4249,1XPA,A,train,113,0.22764227642276422,28,123,56,29,10,-67,0.4,False
4589,1EHX,A,94,4254,1L3G,A,val,123,0.25,32,128,57,34,5,-64,0.4,False
4589,1EHX,A,94,4255,2IF1,A,train,126,0.26515151515151514,35,132,53,38,6,-62,0.4,False
4589,1EHX,A,94,4262,1BZF,A,train,162,0.23809523809523808,40,168,48,74,6,-88,0.4,False
4589,1EHX,A,94,4263,2NMB,A,val,147,0.20666666666666667,31,150,60,56,3,-88,0.4,False
4589,1EHX,A,94,4265,1DS9,A,train,198,0.23737373737373738,47,198,47,104,0,-104,0.4,False
4589,1EHX,A,94,4269,1GHT,A,test,105,0.25217391304347825,29,115,55,21,10,-57,0.4,False
4589,1EHX,A,94,4271,1JFJ,A,train,134,0.2569444444444444,37,144,47,50,10,-70,0.4,False
4589,1EHX,A,94,4276,1B2I,A,train,83,0.2621359223300971,27,103,47,9,20,-49,0.4,False
4589,1EHX,A,94,4281,1Z0R,A,train,53,0.23404255319148937,22,94,31,0,41,-50,0.4,False
4589,1EHX,A,94,4285,1K2H,A,test,93,0.23300970873786409,24,103,60,9,10,-55,0.4,False
4589,1EHX,A,94,4299,2F63,A,train,158,0.24848484848484848,41,165,46,71,7,-83,0.4,False
4589,1EHX,A,94,4300,2F65,A,train,158,0.24848484848484848,41,165,46,71,7,-83,0.4,False
4589,1EHX,A,94,4312,1JM4,B,train,118,0.25757575757575757,34,132,46,38,14,-64,0.4,False
4589,1EHX,A,94,4313,1ZRR,A,train,179,0.2265193370165746,41,181,51,87,2,-99,0.4,False
4589,1EHX,A,94,4334,1KQQ,A,test,131,0.23357664233576642,32,137,56,43,6,-73,0.4,False
4589,1EHX,A,94,4342,1LY7,A,train,121,0.25196850393700787,32,127,56,33,6,-63,0.4,False
4590,1EIG,A,73,3322,1E8P,A,train,46,0.24,18,75,26,2,29,-39,0.4,False
4590,1EIG,A,73,4023,1Q2N,A,train,58,0.24675324675324675,19,77,35,4,19,-39,0.4,False
4590,1EIG,A,73,4052,1JOO,A,val,149,0.21476510067114093,32,149,41,76,0,-85,0.4,False
4590,1EIG,A,73,4053,1JOQ,A,val,149,0.21476510067114093,32,149,41,76,0,-85,0.4,False
4590,1EIG,A,73,4089,2DEF,A,train,146,0.2054794520547945,30,146,43,73,0,-86,0.4,False
4590,1EIG,A,73,4090,2EZH,A,val,65,0.2222222222222222,18,81,39,8,16,-45,0.4,False
4590,1EIG,A,73,4114,1A5J,A,train,110,0.22123893805309736,25,113,45,40,3,-63,0.4,False
4590,1EIG,A,73,4129,1Q80,A,train,174,0.17714285714285713,31,175,41,102,1,-113,0.4,False
4590,1EIG,A,73,4141,1NK2,P,train,77,0.2696629213483146,24,89,37,16,12,-41,0.4,False
4590,1EIG,A,73,4147,1H95,A,train,79,0.26136363636363635,23,88,41,15,9,-42,0.4,False
4590,1EIG,A,73,4153,1RXR,A,train,83,0.2708333333333333,26,96,34,23,13,-44,0.4,False
4590,1EIG,A,73,4155,1EOT,A,train,74,0.43209876543209874,35,81,31,8,7,-11,0.4,True
4590,1EIG,A,73,4156,1BJX,A,train,110,0.23529411764705882,28,119,36,46,9,-63,0.4,False
4590,1EIG,A,73,4173,1BM6,A,train,173,0.1676300578034682,29,173,44,100,0,-115,0.4,False
4590,1EIG,A,73,4177,1BO0,A,train,76,0.4375,35,80,34,7,4,-10,0.4,True
4590,1EIG,A,73,4184,1EH2,A,train,95,0.23300970873786409,24,103,41,30,8,-55,0.4,False
4590,1EIG,A,73,4186,1BLR,A,val,137,0.20714285714285716,29,140,41,67,3,-82,0.4,False
4590,1EIG,A,73,4188,1BCI,A,test,123,0.1968503937007874,25,127,44,54,4,-77,0.4,False
4590,1EIG,A,73,4197,2CPS,A,train,50,0.20270270270270271,15,74,34,1,24,-44,0.4,False
4590,1EIG,A,73,4198,1BR0,A,train,120,0.23387096774193547,29,124,40,51,4,-66,0.4,False
4590,1EIG,A,73,4199,3NLA,A,train,73,0.23333333333333334,21,90,35,17,17,-48,0.4,False
4590,1EIG,A,73,4202,1BA9,A,train,153,0.20382165605095542,32,157,37,84,4,-93,0.4,False
4590,1EIG,A,73,4206,1MFN,A,train,184,0.18478260869565216,34,184,39,111,0,-116,0.4,False
4590,1EIG,A,73,4207,2ORC,A,train,71,0.25609756097560976,21,82,41,9,11,-40,0.4,False
4590,1EIG,A,73,4209,2CPB,A,train,50,0.20270270270270271,15,74,34,1,24,-44,0.4,False
4590,1EIG,A,73,4214,2TMP,A,train,127,0.21875,28,128,44,55,1,-72,0.4,False
4590,1EIG,A,73,4215,1SSN,A,train,136,0.19424460431654678,27,139,43,66,3,-85,0.4,False
4590,1EIG,A,73,4216,1BHI,A,train,38,0.19736842105263158,15,76,20,3,38,-46,0.4,False
4590,1EIG,A,73,4217,1BHU,A,val,102,0.22857142857142856,24,105,46,32,3,-57,0.4,False
4590,1EIG,A,73,4222,1MNL,A,train,91,0.23232323232323232,23,99,42,26,8,-53,0.4,False
4590,1EIG,A,73,4223,1TBA,A,test,67,0.19753086419753085,16,81,43,8,14,-49,0.4,False
4590,1EIG,A,73,4224,1MYO,A,train,118,0.2,24,120,47,47,2,-72,0.4,False
4590,1EIG,A,73,4225,3GRX,A,val,82,0.23595505617977527,21,89,45,16,7,-47,0.4,False
4590,1EIG,A,73,4227,1BQZ,A,test,77,0.20930232558139536,18,86,46,13,9,-50,0.4,False
4590,1EIG,A,73,4228,1BQ0,A,test,77,0.20930232558139536,18,86,46,13,9,-50,0.4,False
4590,1EIG,A,73,4230,1BUQ,A,test,125,0.19696969696969696,26,132,40,59,7,-80,0.4,False
4590,1EIG,A,73,4241,2XBD,A,train,87,0.23958333333333334,23,96,41,23,9,-50,0.4,False
4590,1EIG,A,73,4242,3MSP,A,test,126,0.23134328358208955,31,134,34,61,8,-72,0.4,False
4590,1EIG,A,73,4248,2LEF,A,train,86,0.24175824175824176,22,91,46,18,5,-47,0.4,False
4590,1EIG,A,73,4249,1XPA,A,train,113,0.22608695652173913,26,115,45,42,2,-63,0.4,False
4590,1EIG,A,73,4254,1L3G,A,val,123,0.232,29,125,42,52,2,-67,0.4,False
4590,1EIG,A,73,4255,2IF1,A,train,126,0.2248062015503876,29,129,41,56,3,-71,0.4,False
4590,1EIG,A,73,4262,1BZF,A,train,162,0.21084337349397592,35,166,34,93,4,-96,0.4,False
4590,1EIG,A,73,4263,2NMB,A,val,147,0.21052631578947367,32,152,36,79,5,-88,0.4,False
4590,1EIG,A,73,4265,1DS9,A,train,198,0.17587939698492464,35,199,37,126,1,-129,0.4,False
4590,1EIG,A,73,4269,1GHT,A,test,105,0.2711864406779661,32,118,28,45,13,-54,0.4,False
4590,1EIG,A,73,4271,1JFJ,A,train,134,0.2246376811594203,31,138,38,65,4,-76,0.4,False
4590,1EIG,A,73,4276,1B2I,A,train,83,0.24731182795698925,23,93,40,20,10,-47,0.4,False
4590,1EIG,A,73,4281,1Z0R,A,train,53,0.28205128205128205,22,78,26,5,25,-34,0.4,False
4590,1EIG,A,73,4285,1K2H,A,test,93,0.20618556701030927,20,97,49,24,4,-57,0.4,False
4590,1EIG,A,73,4299,2F63,A,train,158,0.20625,33,160,38,87,2,-94,0.4,False
4590,1EIG,A,73,4300,2F65,A,train,158,0.20625,33,160,38,87,2,-94,0.4,False
4590,1EIG,A,73,4312,1JM4,B,train,118,0.23770491803278687,29,122,40,49,4,-64,0.4,False
4590,1EIG,A,73,4313,1ZRR,A,train,179,0.1978021978021978,36,182,34,109,3,-110,0.4,False
4590,1EIG,A,73,4334,1KQQ,A,test,131,0.24060150375939848,32,133,39,60,2,-69,0.4,False
4590,1EIG,A,73,4342,1LY7,A,train,121,0.232,29,125,40,52,4,-67,0.4,False
4593,1EOQ,A,77,3322,1E8P,A,train,46,0.189873417721519,15,79,29,2,33,-49,0.4,False
4593,1EOQ,A,77,4023,1Q2N,A,train,58,0.25925925925925924,21,81,33,4,23,-39,0.4,False
4593,1EOQ,A,77,4052,1JOO,A,val,149,0.2077922077922078,32,154,40,77,5,-90,0.4,False
4593,1EOQ,A,77,4053,1JOQ,A,val,149,0.2077922077922078,32,154,40,77,5,-90,0.4,False
4593,1EOQ,A,77,4089,2DEF,A,train,146,0.21052631578947367,32,152,39,75,6,-88,0.4,False
4593,1EOQ,A,77,4090,2EZH,A,val,65,0.2696629213483146,24,89,29,12,24,-41,0.4,False
4593,1EOQ,A,77,4114,1A5J,A,train,110,0.21238938053097345,24,113,50,36,3,-65,0.4,False
4593,1EOQ,A,77,4129,1Q80,A,train,174,0.20903954802259886,37,177,37,100,3,-103,0.4,False
4593,1EOQ,A,77,4141,1NK2,P,train,77,0.2631578947368421,25,95,34,18,18,-45,0.4,False
4593,1EOQ,A,77,4147,1H95,A,train,79,0.24731182795698925,23,93,40,16,14,-47,0.4,False
4593,1EOQ,A,77,4153,1RXR,A,train,83,0.23076923076923078,21,91,48,14,8,-49,0.4,False
4593,1EOQ,A,77,4155,1EOT,A,train,74,0.3076923076923077,28,91,32,14,17,-35,0.4,False
4593,1EOQ,A,77,4156,1BJX,A,train,110,0.2543859649122807,29,114,44,37,4,-56,0.4,False
4593,1EOQ,A,77,4173,1BM6,A,train,173,0.21468926553672316,38,177,35,100,4,-101,0.4,False
4593,1EOQ,A,77,4177,1BO0,A,train,76,0.2808988764044944,25,89,39,12,13,-39,0.4,False
4593,1EOQ,A,77,4184,1EH2,A,train,95,0.2524271844660194,26,103,43,26,8,-51,0.4,False
4593,1EOQ,A,77,4186,1BLR,A,val,137,0.23741007194244604,33,139,42,62,2,-73,0.4,False
4593,1EOQ,A,77,4188,1BCI,A,test,123,0.2222222222222222,28,126,46,49,3,-70,0.4,False
4593,1EOQ,A,77,4197,2CPS,A,train,50,0.25,20,80,27,3,30,-40,0.4,False
4593,1EOQ,A,77,4198,1BR0,A,train,120,0.256,32,125,40,48,5,-61,0.4,False
4593,1EOQ,A,77,4199,3NLA,A,train,73,0.26136363636363635,23,88,39,11,15,-42,0.4,False
4593,1EOQ,A,77,4202,1BA9,A,train,153,0.2229299363057325,35,157,38,80,4,-87,0.4,False
4593,1EOQ,A,77,4206,1MFN,A,train,184,0.24193548387096775,45,186,30,109,2,-96,0.4,False
4593,1EOQ,A,77,4207,2ORC,A,train,71,0.2840909090909091,25,88,35,11,17,-38,0.4,False
4593,1EOQ,A,77,4209,2CPB,A,train,50,0.25,20,80,27,3,30,-40,0.4,False
4593,1EOQ,A,77,4214,2TMP,A,train,127,0.25,33,132,39,55,5,-66,0.4,False
4593,1EOQ,A,77,4215,1SSN,A,train,136,0.2198581560283688,31,141,41,64,5,-79,0.4,False
4593,1EOQ,A,77,4216,1BHI,A,train,38,0.19230769230769232,15,78,22,1,40,-48,0.4,False
4593,1EOQ,A,77,4217,1BHU,A,val,102,0.2743362831858407,31,113,35,36,11,-51,0.4,False
4593,1EOQ,A,77,4222,1MNL,A,train,91,0.2647058823529412,27,102,39,25,11,-48,0.4,False
4593,1EOQ,A,77,4223,1TBA,A,test,67,0.24390243902439024,20,82,42,5,15,-42,0.4,False
4593,1EOQ,A,77,4224,1MYO,A,train,118,0.265625,34,128,33,51,10,-60,0.4,False
4593,1EOQ,A,77,4225,3GRX,A,val,82,0.25274725274725274,23,91,45,14,9,-45,0.4,False
4593,1EOQ,A,77,4227,1BQZ,A,test,77,0.24444444444444444,22,90,42,13,13,-46,0.4,False
4593,1EOQ,A,77,4228,1BQ0,A,test,77,0.24444444444444444,22,90,42,13,13,-46,0.4,False
4593,1EOQ,A,77,4230,1BUQ,A,test,125,0.24031007751937986,31,129,42,52,4,-67,0.4,False
4593,1EOQ,A,77,4241,2XBD,A,train,87,0.25510204081632654,25,98,41,21,11,-48,0.4,False
4593,1EOQ,A,77,4242,3MSP,A,test,126,0.24060150375939848,32,133,38,56,7,-69,0.4,False
4593,1EOQ,A,77,4248,2LEF,A,train,86,0.2608695652173913,24,92,47,15,6,-44,0.4,False
4593,1EOQ,A,77,4249,1XPA,A,train,113,0.2644628099173554,32,121,37,44,8,-57,0.4,False
4593,1EOQ,A,77,4254,1L3G,A,val,123,0.2109375,27,128,45,51,5,-74,0.4,False
4593,1EOQ,A,77,4255,2IF1,A,train,126,0.2556390977443609,34,133,36,56,7,-65,0.4,False
4593,1EOQ,A,77,4262,1BZF,A,train,162,0.23636363636363636,39,165,35,88,3,-87,0.4,False
4593,1EOQ,A,77,4263,2NMB,A,val,147,0.22818791946308725,34,149,41,72,2,-81,0.4,False
4593,1EOQ,A,77,4265,1DS9,A,train,198,0.18592964824120603,37,199,39,122,1,-125,0.4,False
4593,1EOQ,A,77,4269,1GHT,A,test,105,0.26785714285714285,30,112,40,35,7,-52,0.4,False
4593,1EOQ,A,77,4271,1JFJ,A,train,134,0.2318840579710145,32,138,41,61,4,-74,0.4,False
4593,1EOQ,A,77,4276,1B2I,A,train,83,0.2727272727272727,27,99,34,22,16,-45,0.4,False
4593,1EOQ,A,77,4281,1Z0R,A,train,53,0.27586206896551724,24,87,19,10,34,-39,0.4,False
4593,1EOQ,A,77,4285,1K2H,A,test,93,0.22641509433962265,24,106,40,29,13,-58,0.4,False
4593,1EOQ,A,77,4299,2F63,A,train,158,0.2331288343558282,38,163,34,86,5,-87,0.4,False
4593,1EOQ,A,77,4300,2F65,A,train,158,0.2331288343558282,38,163,34,86,5,-87,0.4,False
4593,1EOQ,A,77,4312,1JM4,B,train,118,0.23140495867768596,28,121,46,44,3,-65,0.4,False
4593,1EOQ,A,77,4313,1ZRR,A,train,179,0.20555555555555555,37,180,39,103,1,-106,0.4,False
4593,1EOQ,A,77,4334,1KQQ,A,test,131,0.24817518248175183,34,137,37,60,6,-69,0.4,False
4593,1EOQ,A,77,4342,1LY7,A,train,121,0.21951219512195122,27,123,48,46,2,-69,0.4,False
4599,7HSC,A,159,3322,1E8P,A,train,46,0.15,24,160,21,1,114,-112,0.4,False
4599,7HSC,A,159,4023,1Q2N,A,train,58,0.1901840490797546,31,163,23,4,105,-101,0.4,False
4599,7HSC,A,159,4052,1JOO,A,val,149,0.2737430167597765,49,179,80,20,30,-81,0.4,False
4599,7HSC,A,159,4053,1JOQ,A,val,149,0.2737430167597765,49,179,80,20,30,-81,0.4,False
4599,7HSC,A,159,4089,2DEF,A,train,146,0.2696629213483146,48,178,79,19,32,-82,0.4,False
4599,7HSC,A,159,4090,2EZH,A,val,65,0.2111801242236025,34,161,29,2,96,-93,0.4,False
4599,7HSC,A,159,4114,1A5J,A,train,110,0.2558139534883721,44,172,53,13,62,-84,0.4,False
4599,7HSC,A,159,4129,1Q80,A,train,174,0.25668449197860965,48,187,98,28,13,-91,0.4,False
4599,7HSC,A,159,4141,1NK2,P,train,77,0.2085889570552147,34,163,39,4,86,-95,0.4,False
4599,7HSC,A,159,4147,1H95,A,train,79,0.2236024844720497,36,161,41,2,82,-89,0.4,False
4599,7HSC,A,159,4153,1RXR,A,train,83,0.2,32,160,50,1,77,-96,0.4,False
4599,7HSC,A,159,4155,1EOT,A,train,74,0.2236024844720497,36,161,36,2,87,-89,0.4,False
4599,7HSC,A,159,4156,1BJX,A,train,110,0.25,43,172,54,13,62,-86,0.4,False
4599,7HSC,A,159,4173,1BM6,A,train,173,0.2268041237113402,44,194,94,35,21,-106,0.4,False
4599,7HSC,A,159,4177,1BO0,A,train,76,0.225,36,160,39,1,84,-88,0.4,False
4599,7HSC,A,159,4184,1EH2,A,train,95,0.21951219512195122,36,164,54,5,69,-92,0.4,False
4599,7HSC,A,159,4186,1BLR,A,val,137,0.25842696629213485,46,178,72,19,41,-86,0.4,False
4599,7HSC,A,159,4188,1BCI,A,test,123,0.292817679558011,53,181,48,22,58,-75,0.4,False
4599,7HSC,A,159,4197,2CPS,A,train,50,0.18867924528301888,30,159,20,0,109,-99,0.4,False
4599,7HSC,A,159,4198,1BR0,A,train,120,0.25903614457831325,43,166,70,7,46,-80,0.4,False
4599,7HSC,A,159,4199,3NLA,A,train,73,0.23170731707317074,38,164,30,5,91,-88,0.4,False
4599,7HSC,A,159,4202,1BA9,A,train,153,0.27807486631016043,52,187,73,28,34,-83,0.4,False
4599,7HSC,A,159,4206,1MFN,A,train,184,0.25728155339805825,53,206,84,47,22,-100,0.4,False
4599,7HSC,A,159,4207,2ORC,A,train,71,0.2345679012345679,38,162,30,3,91,-86,0.4,False
4599,7HSC,A,159,4209,2CPB,A,train,50,0.18867924528301888,30,159,20,0,109,-99,0.4,False
4599,7HSC,A,159,4214,2TMP,A,train,127,0.24242424242424243,40,165,81,6,38,-85,0.4,False
4599,7HSC,A,159,4215,1SSN,A,train,136,0.2640449438202247,47,178,70,19,42,-84,0.4,False
4599,7HSC,A,159,4216,1BHI,A,train,38,0.14906832298136646,24,161,12,2,123,-113,0.4,False
4599,7HSC,A,159,4217,1BHU,A,val,102,0.23030303030303031,38,165,58,6,63,-89,0.4,False
4599,7HSC,A,159,4222,1MNL,A,train,91,0.23125,37,160,53,1,69,-86,0.4,False
4599,7HSC,A,159,4223,1TBA,A,test,67,0.22839506172839505,37,162,27,3,95,-88,0.4,False
4599,7HSC,A,159,4224,1MYO,A,train,118,0.2529411764705882,43,170,64,11,52,-84,0.4,False
4599,7HSC,A,159,4225,3GRX,A,val,82,0.21875,35,160,46,1,78,-90,0.4,False
4599,7HSC,A,159,4227,1BQZ,A,test,77,0.22085889570552147,36,163,37,4,86,-91,0.4,False
4599,7HSC,A,159,4228,1BQ0,A,test,77,0.22085889570552147,36,163,37,4,86,-91,0.4,False
4599,7HSC,A,159,4230,1BUQ,A,test,125,0.22289156626506024,37,166,81,7,41,-92,0.4,False
4599,7HSC,A,159,4241,2XBD,A,train,87,0.21604938271604937,35,162,49,3,75,-92,0.4,False
4599,7HSC,A,159,4242,3MSP,A,test,126,0.27167630057803466,47,173,65,14,47,-79,0.4,False
4599,7HSC,A,159,4248,2LEF,A,train,86,0.2037037037037037,33,162,50,3,76,-96,0.4,False
4599,7HSC,A,159,4249,1XPA,A,train,113,0.25748502994011974,43,167,62,8,54,-81,0.4,False
4599,7HSC,A,159,4254,1L3G,A,val,123,0.23837209302325582,41,172,69,13,49,-90,0.4,False
4599,7HSC,A,159,4255,2IF1,A,train,126,0.23837209302325582,41,172,72,13,46,-90,0.4,False
4599,7HSC,A,159,4262,1BZF,A,train,162,0.26595744680851063,50,188,83,29,26,-88,0.4,False
4599,7HSC,A,159,4263,2NMB,A,val,147,0.24571428571428572,43,175,88,16,28,-89,0.4,False
4599,7HSC,A,159,4265,1DS9,A,train,198,0.24761904761904763,52,210,95,51,12,-106,0.4,False
4599,7HSC,A,159,4269,1GHT,A,test,105,0.2573099415204678,44,171,49,12,66,-83,0.4,False
4599,7HSC,A,159,4271,1JFJ,A,train,134,0.28651685393258425,51,178,64,19,44,-76,0.4,False
4599,7HSC,A,159,4276,1B2I,A,train,83,0.20987654320987653,34,162,46,3,79,-94,0.4,False
4599,7HSC,A,159,4281,1Z0R,A,train,53,0.20625,33,160,19,1,107,-94,0.4,False
4599,7HSC,A,159,4285,1K2H,A,test,93,0.25609756097560976,42,164,46,5,71,-80,0.4,False
4599,7HSC,A,159,4299,2F63,A,train,158,0.2736842105263158,52,190,75,31,32,-86,0.4,False
4599,7HSC,A,159,4300,2F65,A,train,158,0.2736842105263158,52,190,75,31,32,-86,0.4,False
4599,7HSC,A,159,4312,1JM4,B,train,118,0.24561403508771928,42,171,64,12,53,-87,0.4,False
4599,7HSC,A,159,4313,1ZRR,A,train,179,0.24102564102564103,47,195,96,36,16,-101,0.4,False
4599,7HSC,A,159,4334,1KQQ,A,test,131,0.2441860465116279,42,172,76,13,41,-88,0.4,False
4599,7HSC,A,159,4342,1LY7,A,train,121,0.27218934911242604,46,169,65,10,48,-77,0.4,False
4602,1DO9,A,94,3322,1E8P,A,train,46,0.16842105263157894,16,95,29,1,49,-63,0.4,False
4602,1DO9,A,94,4023,1Q2N,A,train,58,0.2127659574468085,20,94,38,0,36,-54,0.4,False
4602,1DO9,A,94,4052,1JOO,A,val,149,0.25,40,160,43,66,11,-80,0.4,False
4602,1DO9,A,94,4053,1JOQ,A,val,149,0.25,40,160,43,66,11,-80,0.4,False
4602,1DO9,A,94,4089,2DEF,A,train,146,0.25,39,156,45,62,10,-78,0.4,False
4602,1DO9,A,94,4090,2EZH,A,val,65,0.23,23,100,36,6,35,-54,0.4,False
4602,1DO9,A,94,4114,1A5J,A,train,110,0.2916666666666667,35,120,49,26,10,-50,0.4,False
4602,1DO9,A,94,4129,1Q80,A,train,174,0.24858757062146894,44,177,47,83,3,-89,0.4,False
4602,1DO9,A,94,4141,1NK2,P,train,77,0.24752475247524752,25,101,45,7,24,-51,0.4,False
4602,1DO9,A,94,4147,1H95,A,train,79,0.26548672566371684,30,113,30,19,34,-53,0.4,False
4602,1DO9,A,94,4153,1RXR,A,train,83,0.19811320754716982,21,106,50,12,23,-64,0.4,False
4602,1DO9,A,94,4155,1EOT,A,train,74,0.21568627450980393,22,102,44,8,28,-58,0.4,False
4602,1DO9,A,94,4156,1BJX,A,train,110,0.25396825396825395,32,126,46,32,16,-62,0.4,False
4602,1DO9,A,94,4173,1BM6,A,train,173,0.2598870056497175,46,177,44,83,4,-85,0.4,False
4602,1DO9,A,94,4177,1BO0,A,train,76,0.21649484536082475,21,97,52,3,21,-55,0.4,False
4602,1DO9,A,94,4184,1EH2,A,train,95,0.25,27,108,54,14,13,-54,0.4,False
4602,1DO9,A,94,4186,1BLR,A,val,137,0.22377622377622378,32,143,56,49,6,-79,0.4,False
4602,1DO9,A,94,4188,1BCI,A,test,123,0.24242424242424243,32,132,53,38,9,-68,0.4,False
4602,1DO9,A,94,4197,2CPS,A,train,50,0.21212121212121213,21,99,24,5,49,-57,0.4,False
4602,1DO9,A,94,4198,1BR0,A,train,120,0.25,31,124,59,30,4,-62,0.4,False
4602,1DO9,A,94,4199,3NLA,A,train,73,0.24489795918367346,24,98,45,4,25,-50,0.4,False
4602,1DO9,A,94,4202,1BA9,A,train,153,0.27044025157232704,43,159,45,65,6,-73,0.4,False
4602,1DO9,A,94,4206,1MFN,A,train,184,0.22340425531914893,42,188,48,94,4,-104,0.4,False
4602,1DO9,A,94,4207,2ORC,A,train,71,0.2604166666666667,25,96,44,2,25,-46,0.4,False
4602,1DO9,A,94,4209,2CPB,A,train,50,0.21212121212121213,21,99,24,5,49,-57,0.4,False
4602,1DO9,A,94,4214,2TMP,A,train,127,0.2153846153846154,28,130,63,36,3,-74,0.4,False
4602,1DO9,A,94,4215,1SSN,A,train,136,0.2827586206896552,41,145,44,51,9,-63,0.4,False
4602,1DO9,A,94,4216,1BHI,A,train,38,0.21212121212121213,21,99,12,5,61,-57,0.4,False
4602,1DO9,A,94,4217,1BHU,A,val,102,0.22608695652173913,26,115,55,21,13,-63,0.4,False
4602,1DO9,A,94,4222,1MNL,A,train,91,0.23636363636363636,26,110,49,16,19,-58,0.4,False
4602,1DO9,A,94,4223,1TBA,A,test,67,0.2755102040816326,27,98,36,4,31,-44,0.4,False
4602,1DO9,A,94,4224,1MYO,A,train,118,0.25396825396825395,32,126,54,32,8,-62,0.4,False
4602,1DO9,A,94,4225,3GRX,A,val,82,0.2761904761904762,29,105,42,11,23,-47,0.4,False
4602,1DO9,A,94,4227,1BQZ,A,test,77,0.27884615384615385,29,104,38,10,27,-46,0.4,False
4602,1DO9,A,94,4228,1BQ0,A,test,77,0.27884615384615385,29,104,38,10,27,-46,0.4,False
4602,1DO9,A,94,4230,1BUQ,A,test,125,0.21374045801526717,28,131,60,37,6,-75,0.4,False
4602,1DO9,A,94,4241,2XBD,A,train,87,0.24528301886792453,26,106,49,12,19,-54,0.4,False
4602,1DO9,A,94,4242,3MSP,A,test,126,0.2647058823529412,36,136,48,42,10,-64,0.4,False
4602,1DO9,A,94,4248,2LEF,A,train,86,0.21568627450980393,22,102,56,8,16,-58,0.4,False
4602,1DO9,A,94,4249,1XPA,A,train,113,0.23577235772357724,29,123,55,29,10,-65,0.4,False
4602,1DO9,A,94,4254,1L3G,A,val,123,0.23846153846153847,31,130,56,36,7,-68,0.4,False
4602,1DO9,A,94,4255,2IF1,A,train,126,0.2196969696969697,29,132,59,38,6,-74,0.4,False
4602,1DO9,A,94,4262,1BZF,A,train,162,0.23809523809523808,40,168,48,74,6,-88,0.4,False
4602,1DO9,A,94,4263,2NMB,A,val,147,0.23333333333333334,35,150,56,56,3,-80,0.4,False
4602,1DO9,A,94,4265,1DS9,A,train,198,0.21782178217821782,44,202,46,108,4,-114,0.4,False
4602,1DO9,A,94,4269,1GHT,A,test,105,0.256198347107438,31,121,47,27,16,-59,0.4,False
4602,1DO9,A,94,4271,1JFJ,A,train,134,0.23529411764705882,32,136,60,42,2,-72,0.4,False
4602,1DO9,A,94,4276,1B2I,A,train,83,0.22330097087378642,23,103,51,9,20,-57,0.4,False
4602,1DO9,A,94,4281,1Z0R,A,train,53,0.27835051546391754,27,97,23,3,44,-43,0.4,False
4602,1DO9,A,94,4285,1K2H,A,test,93,0.2358490566037736,25,106,56,12,13,-56,0.4,False
4602,1DO9,A,94,4299,2F63,A,train,158,0.24848484848484848,41,165,46,71,7,-83,0.4,False
4602,1DO9,A,94,4300,2F65,A,train,158,0.24848484848484848,41,165,46,71,7,-83,0.4,False
4602,1DO9,A,94,4312,1JM4,B,train,118,0.2692307692307692,35,130,47,36,12,-60,0.4,False
4602,1DO9,A,94,4313,1ZRR,A,train,179,0.26595744680851063,50,188,35,94,9,-88,0.4,False
4602,1DO9,A,94,4334,1KQQ,A,test,131,0.2536231884057971,35,138,52,44,7,-68,0.4,False
4602,1DO9,A,94,4342,1LY7,A,train,121,0.24806201550387597,32,129,54,35,8,-65,0.4,False
4603,1DV5,A,80,3322,1E8P,A,train,46,0.1927710843373494,16,83,27,3,37,-51,0.4,False
4603,1DV5,A,80,4023,1Q2N,A,train,58,0.23809523809523808,20,84,34,4,26,-44,0.4,False
4603,1DV5,A,80,4052,1JOO,A,val,149,0.23841059602649006,36,151,42,71,2,-79,0.4,False
4603,1DV5,A,80,4053,1JOQ,A,val,149,0.23841059602649006,36,151,42,71,2,-79,0.4,False
4603,1DV5,A,80,4089,2DEF,A,train,146,0.24666666666666667,37,150,39,70,4,-76,0.4,False
4603,1DV5,A,80,4090,2EZH,A,val,65,0.24444444444444444,22,90,33,10,25,-46,0.4,False
4603,1DV5,A,80,4114,1A5J,A,train,110,0.21551724137931033,25,116,49,36,6,-66,0.4,False
4603,1DV5,A,80,4129,1Q80,A,train,174,0.21787709497206703,39,179,36,99,5,-101,0.4,False
4603,1DV5,A,80,4141,1NK2,P,train,77,0.23655913978494625,22,93,42,13,16,-49,0.4,False
4603,1DV5,A,80,4147,1H95,A,train,79,0.2604166666666667,25,96,38,16,17,-46,0.4,False
4603,1DV5,A,80,4153,1RXR,A,train,83,0.1978021978021978,18,91,54,11,8,-55,0.4,False
4603,1DV5,A,80,4155,1EOT,A,train,74,0.20224719101123595,18,89,47,9,15,-53,0.4,False
4603,1DV5,A,80,4156,1BJX,A,train,110,0.2627118644067797,31,118,41,38,8,-56,0.4,False
4603,1DV5,A,80,4173,1BM6,A,train,173,0.19540229885057472,34,174,45,94,1,-106,0.4,False
4603,1DV5,A,80,4177,1BO0,A,train,76,0.17857142857142858,15,84,57,4,8,-54,0.4,False
4603,1DV5,A,80,4184,1EH2,A,train,95,0.28431372549019607,29,102,44,22,7,-44,0.4,False
4603,1DV5,A,80,4186,1BLR,A,val,137,0.20567375886524822,29,141,47,61,4,-83,0.4,False
4603,1DV5,A,80,4188,1BCI,A,test,123,0.24193548387096775,30,124,49,44,1,-64,0.4,False
4603,1DV5,A,80,4197,2CPS,A,train,50,0.21686746987951808,18,83,29,3,33,-47,0.4,False
4603,1DV5,A,80,4198,1BR0,A,train,120,0.2734375,35,128,37,48,8,-58,0.4,False
4603,1DV5,A,80,4199,3NLA,A,train,73,0.2247191011235955,20,89,44,9,16,-49,0.4,False
4603,1DV5,A,80,4202,1BA9,A,train,153,0.24025974025974026,37,154,42,74,1,-80,0.4,False
4603,1DV5,A,80,4206,1MFN,A,train,184,0.20652173913043478,38,184,42,104,0,-108,0.4,False
4603,1DV5,A,80,4207,2ORC,A,train,71,0.2441860465116279,21,86,44,6,15,-44,0.4,False
4603,1DV5,A,80,4209,2CPB,A,train,50,0.21686746987951808,18,83,29,3,33,-47,0.4,False
4603,1DV5,A,80,4214,2TMP,A,train,127,0.20454545454545456,27,132,48,52,5,-78,0.4,False
4603,1DV5,A,80,4215,1SSN,A,train,136,0.23404255319148937,33,141,42,61,5,-75,0.4,False
4603,1DV5,A,80,4216,1BHI,A,train,38,0.18292682926829268,15,82,21,2,44,-52,0.4,False
4603,1DV5,A,80,4217,1BHU,A,val,102,0.24074074074074073,26,108,48,28,6,-56,0.4,False
4603,1DV5,A,80,4222,1MNL,A,train,91,0.2403846153846154,25,104,42,24,13,-54,0.4,False
4603,1DV5,A,80,4223,1TBA,A,test,67,0.3146067415730337,28,89,30,9,22,-33,0.4,False
4603,1DV5,A,80,4224,1MYO,A,train,118,0.31007751937984496,40,129,29,49,11,-49,0.4,False
4603,1DV5,A,80,4225,3GRX,A,val,82,0.26595744680851063,25,94,43,14,12,-44,0.4,False
4603,1DV5,A,80,4227,1BQZ,A,test,77,0.22727272727272727,20,88,49,8,11,-48,0.4,False
4603,1DV5,A,80,4228,1BQ0,A,test,77,0.22727272727272727,20,88,49,8,11,-48,0.4,False
4603,1DV5,A,80,4230,1BUQ,A,test,125,0.2713178294573643,35,129,41,49,4,-59,0.4,False
4603,1DV5,A,80,4241,2XBD,A,train,87,0.22448979591836735,22,98,47,18,11,-54,0.4,False
4603,1DV5,A,80,4242,3MSP,A,test,126,0.23357664233576642,32,137,37,57,11,-73,0.4,False
4603,1DV5,A,80,4248,2LEF,A,train,86,0.24752475247524752,25,101,40,21,15,-51,0.4,False
4603,1DV5,A,80,4249,1XPA,A,train,113,0.2605042016806723,31,119,43,39,6,-57,0.4,False
4603,1DV5,A,80,4254,1L3G,A,val,123,0.25984251968503935,33,127,43,47,4,-61,0.4,False
4603,1DV5,A,80,4255,2IF1,A,train,126,0.2265625,29,128,49,48,2,-70,0.4,False
4603,1DV5,A,80,4262,1BZF,A,train,162,0.2392638036809816,39,163,40,83,1,-85,0.4,False
4603,1DV5,A,80,4263,2NMB,A,val,147,0.24358974358974358,38,156,33,76,9,-80,0.4,False
4603,1DV5,A,80,4265,1DS9,A,train,198,0.2315270935960591,47,203,28,123,5,-109,0.4,False
4603,1DV5,A,80,4269,1GHT,A,test,105,0.2966101694915254,35,118,32,38,13,-48,0.4,False
4603,1DV5,A,80,4271,1JFJ,A,train,134,0.2517985611510791,35,139,40,59,5,-69,0.4,False
4603,1DV5,A,80,4276,1B2I,A,train,83,0.20652173913043478,19,92,52,12,9,-54,0.4,False
4603,1DV5,A,80,4281,1Z0R,A,train,53,0.2619047619047619,22,84,27,4,31,-40,0.4,False
4603,1DV5,A,80,4285,1K2H,A,test,93,0.27184466019417475,28,103,42,23,10,-47,0.4,False
4603,1DV5,A,80,4299,2F63,A,train,158,0.25,41,164,33,84,6,-82,0.4,False
4603,1DV5,A,80,4300,2F65,A,train,158,0.25,41,164,33,84,6,-82,0.4,False
4603,1DV5,A,80,4312,1JM4,B,train,118,0.22131147540983606,27,122,49,42,4,-68,0.4,False
4603,1DV5,A,80,4313,1ZRR,A,train,179,0.24456521739130435,45,184,30,104,5,-94,0.4,False
4603,1DV5,A,80,4334,1KQQ,A,test,131,0.23134328358208955,31,134,46,54,3,-72,0.4,False
4603,1DV5,A,80,4342,1LY7,A,train,121,0.2578125,33,128,40,48,7,-62,0.4,False
4619,1E0E,A,47,3322,1E8P,A,train,46,0.2222222222222222,12,54,27,7,8,-30,0.4,False
4619,1E0E,A,47,4023,1Q2N,A,train,58,0.2698412698412698,17,63,25,16,5,-29,0.4,False
4619,1E0E,A,47,4052,1JOO,A,val,149,0.1986754966887417,30,151,15,104,2,-91,0.4,False
4619,1E0E,A,47,4053,1JOQ,A,val,149,0.1986754966887417,30,151,15,104,2,-91,0.4,False
4619,1E0E,A,47,4089,2DEF,A,train,146,0.1836734693877551,27,147,19,100,1,-93,0.4,False
4619,1E0E,A,47,4090,2EZH,A,val,65,0.2647058823529412,18,68,26,21,3,-32,0.4,False
4619,1E0E,A,47,4114,1A5J,A,train,110,0.2,22,110,25,63,0,-66,0.4,False
4619,1E0E,A,47,4129,1Q80,A,train,174,0.16,28,175,18,128,1,-119,0.4,False
4619,1E0E,A,47,4141,1NK2,P,train,77,0.23076923076923078,18,78,28,31,1,-42,0.4,False
4619,1E0E,A,47,4147,1H95,A,train,79,0.1875,15,80,31,33,1,-50,0.4,False
4619,1E0E,A,47,4153,1RXR,A,train,83,0.23863636363636365,21,88,21,41,5,-46,0.4,False
4619,1E0E,A,47,4155,1EOT,A,train,74,0.24050632911392406,19,79,23,32,5,-41,0.4,False
4619,1E0E,A,47,4156,1BJX,A,train,110,0.18181818181818182,20,110,27,63,0,-70,0.4,False
4619,1E0E,A,47,4173,1BM6,A,train,173,0.14942528735632185,26,174,20,127,1,-122,0.4,False
4619,1E0E,A,47,4177,1BO0,A,train,76,0.2125,17,80,26,33,4,-46,0.4,False
4619,1E0E,A,47,4184,1EH2,A,train,95,0.2,19,95,28,48,0,-57,0.4,False
4619,1E0E,A,47,4186,1BLR,A,val,137,0.1678832116788321,23,137,24,90,0,-91,0.4,False
4619,1E0E,A,47,4188,1BCI,A,test,123,0.16129032258064516,20,124,26,77,1,-84,0.4,False
4619,1E0E,A,47,4197,2CPS,A,train,50,0.19642857142857142,11,56,30,9,6,-34,0.4,False
4619,1E0E,A,47,4198,1BR0,A,train,120,0.21138211382113822,26,123,18,76,3,-71,0.4,False
4619,1E0E,A,47,4199,3NLA,A,train,73,0.22077922077922077,17,77,26,30,4,-43,0.4,False
4619,1E0E,A,47,4202,1BA9,A,train,153,0.17419354838709677,27,155,18,108,2,-101,0.4,False
4619,1E0E,A,47,4206,1MFN,A,train,184,0.13513513513513514,25,185,21,138,1,-135,0.4,False
4619,1E0E,A,47,4207,2ORC,A,train,71,0.23684210526315788,18,76,24,29,5,-40,0.4,False
4619,1E0E,A,47,4209,2CPB,A,train,50,0.19642857142857142,11,56,30,9,6,-34,0.4,False
4619,1E0E,A,47,4214,2TMP,A,train,127,0.1937984496124031,25,129,20,82,2,-79,0.4,False
4619,1E0E,A,47,4215,1SSN,A,train,136,0.18382352941176472,25,136,22,89,0,-86,0.4,False
4619,1E0E,A,47,4216,1BHI,A,train,38,0.19230769230769232,10,52,23,5,14,-32,0.4,False
4619,1E0E,A,47,4217,1BHU,A,val,102,0.2,21,105,23,58,3,-63,0.4,False
4619,1E0E,A,47,4222,1MNL,A,train,91,0.22580645161290322,21,93,24,46,2,-51,0.4,False
4619,1E0E,A,47,4223,1TBA,A,test,67,0.15942028985507245,11,69,34,22,2,-47,0.4,False
4619,1E0E,A,47,4224,1MYO,A,train,118,0.20833333333333334,25,120,20,73,2,-70,0.4,False
4619,1E0E,A,47,4225,3GRX,A,val,82,0.21428571428571427,18,84,27,37,2,-48,0.4,False
4619,1E0E,A,47,4227,1BQZ,A,test,77,0.2682926829268293,22,82,20,35,5,-38,0.4,False
4619,1E0E,A,47,4228,1BQ0,A,test,77,0.2682926829268293,22,82,20,35,5,-38,0.4,False
4619,1E0E,A,47,4230,1BUQ,A,test,125,0.16666666666666666,21,126,25,79,1,-84,0.4,False
4619,1E0E,A,47,4241,2XBD,A,train,87,0.18888888888888888,17,90,27,43,3,-56,0.4,False
4619,1E0E,A,47,4242,3MSP,A,test,126,0.1746031746031746,22,126,25,79,0,-82,0.4,False
4619,1E0E,A,47,4248,2LEF,A,train,86,0.2222222222222222,20,90,23,43,4,-50,0.4,False
4619,1E0E,A,47,4249,1XPA,A,train,113,0.2,23,115,22,68,2,-69,0.4,False
4619,1E0E,A,47,4254,1L3G,A,val,123,0.1774193548387097,22,124,24,77,1,-80,0.4,False
4619,1E0E,A,47,4255,2IF1,A,train,126,0.19047619047619047,24,126,23,79,0,-78,0.4,False
4619,1E0E,A,47,4262,1BZF,A,train,162,0.17682926829268292,29,164,16,117,2,-106,0.4,False
4619,1E0E,A,47,4263,2NMB,A,val,147,0.16778523489932887,25,149,20,102,2,-99,0.4,False
4619,1E0E,A,47,4265,1DS9,A,train,198,0.1507537688442211,30,199,16,152,1,-139,0.4,False
4619,1E0E,A,47,4269,1GHT,A,test,105,0.17142857142857143,18,105,29,58,0,-69,0.4,False
4619,1E0E,A,47,4271,1JFJ,A,train,134,0.17647058823529413,24,136,21,89,2,-88,0.4,False
4619,1E0E,A,47,4276,1B2I,A,train,83,0.2,17,85,28,38,2,-51,0.4,False
4619,1E0E,A,47,4281,1Z0R,A,train,53,0.18518518518518517,10,54,36,7,1,-34,0.4,False
4619,1E0E,A,47,4285,1K2H,A,test,93,0.22340425531914893,21,94,25,47,1,-52,0.4,False
4619,1E0E,A,47,4299,2F63,A,train,158,0.17721518987341772,28,158,19,111,0,-102,0.4,False
4619,1E0E,A,47,4300,2F65,A,train,158,0.17721518987341772,28,158,19,111,0,-102,0.4,False
4619,1E0E,A,47,4312,1JM4,B,train,118,0.19327731092436976,23,119,23,72,1,-73,0.4,False
4619,1E0E,A,47,4313,1ZRR,A,train,179,0.16574585635359115,30,181,15,134,2,-121,0.4,False
4619,1E0E,A,47,4334,1KQQ,A,test,131,0.19548872180451127,26,133,19,86,2,-81,0.4,False
4619,1E0E,A,47,4342,1LY7,A,train,121,0.1885245901639344,23,122,23,75,1,-76,0.4,False
4620,1E1U,A,104,3322,1E8P,A,train,46,0.20754716981132076,22,106,22,2,60,-62,0.4,False
4620,1E1U,A,104,4023,1Q2N,A,train,58,0.16822429906542055,18,107,37,3,49,-71,0.4,False
4620,1E1U,A,104,4052,1JOO,A,val,149,0.22727272727272727,35,154,64,50,5,-84,0.4,False
4620,1E1U,A,104,4053,1JOQ,A,val,149,0.22727272727272727,35,154,64,50,5,-84,0.4,False
4620,1E1U,A,104,4089,2DEF,A,train,146,0.2052980132450331,31,151,68,47,5,-89,0.4,False
4620,1E1U,A,104,4090,2EZH,A,val,65,0.18095238095238095,19,105,45,1,40,-67,0.4,False
4620,1E1U,A,104,4114,1A5J,A,train,110,0.175,21,120,73,16,10,-78,0.4,False
4620,1E1U,A,104,4129,1Q80,A,train,174,0.19230769230769232,35,182,61,78,8,-112,0.4,False
4620,1E1U,A,104,4141,1NK2,P,train,77,0.22522522522522523,25,111,45,7,34,-61,0.4,False
4620,1E1U,A,104,4147,1H95,A,train,79,0.22522522522522523,25,111,47,7,32,-61,0.4,False
4620,1E1U,A,104,4153,1RXR,A,train,83,0.23893805309734514,27,113,47,9,30,-59,0.4,False
4620,1E1U,A,104,4155,1EOT,A,train,74,0.23636363636363636,26,110,42,6,36,-58,0.4,False
4620,1E1U,A,104,4156,1BJX,A,train,110,0.22580645161290322,28,124,62,20,14,-68,0.4,False
4620,1E1U,A,104,4173,1BM6,A,train,173,0.2032967032967033,37,182,58,78,9,-108,0.4,False
4620,1E1U,A,104,4177,1BO0,A,train,76,0.22522522522522523,25,111,44,7,35,-61,0.4,False
4620,1E1U,A,104,4184,1EH2,A,train,95,0.21008403361344538,25,119,55,15,24,-69,0.4,False
4620,1E1U,A,104,4186,1BLR,A,val,137,0.2483221476510067,37,149,55,45,12,-75,0.4,False
4620,1E1U,A,104,4188,1BCI,A,test,123,0.2518518518518518,34,135,58,31,12,-67,0.4,False
4620,1E1U,A,104,4197,2CPS,A,train,50,0.18095238095238095,19,105,30,1,55,-67,0.4,False
4620,1E1U,A,104,4198,1BR0,A,train,120,0.23404255319148937,33,141,50,37,21,-75,0.4,False
4620,1E1U,A,104,4199,3NLA,A,train,73,0.18095238095238095,19,105,53,1,32,-67,0.4,False
4620,1E1U,A,104,4202,1BA9,A,train,153,0.20754716981132076,33,159,65,55,6,-93,0.4,False
4620,1E1U,A,104,4206,1MFN,A,train,184,0.22916666666666666,44,192,52,88,8,-104,0.4,False
4620,1E1U,A,104,4207,2ORC,A,train,71,0.22727272727272727,25,110,40,6,39,-60,0.4,False
4620,1E1U,A,104,4209,2CPB,A,train,50,0.18095238095238095,19,105,30,1,55,-67,0.4,False
4620,1E1U,A,104,4214,2TMP,A,train,127,0.21641791044776118,29,134,68,30,7,-76,0.4,False
4620,1E1U,A,104,4215,1SSN,A,train,136,0.22297297297297297,33,148,59,44,12,-82,0.4,False
4620,1E1U,A,104,4216,1BHI,A,train,38,0.1743119266055046,19,109,14,5,71,-71,0.4,False
4620,1E1U,A,104,4217,1BHU,A,val,102,0.19834710743801653,24,121,61,17,19,-73,0.4,False
4620,1E1U,A,104,4222,1MNL,A,train,91,0.20535714285714285,23,112,60,8,21,-66,0.4,False
4620,1E1U,A,104,4223,1TBA,A,test,67,0.2222222222222222,24,108,39,4,41,-60,0.4,False
4620,1E1U,A,104,4224,1MYO,A,train,118,0.20161290322580644,25,124,73,20,6,-74,0.4,False
4620,1E1U,A,104,4225,3GRX,A,val,82,0.17857142857142858,20,112,54,8,30,-72,0.4,False
4620,1E1U,A,104,4227,1BQZ,A,test,77,0.24561403508771928,28,114,39,10,37,-58,0.4,False
4620,1E1U,A,104,4228,1BQ0,A,test,77,0.24561403508771928,28,114,39,10,37,-58,0.4,False
4620,1E1U,A,104,4230,1BUQ,A,test,125,0.2074074074074074,28,135,66,31,10,-79,0.4,False
4620,1E1U,A,104,4241,2XBD,A,train,87,0.20754716981132076,22,106,63,2,19,-62,0.4,False
4620,1E1U,A,104,4242,3MSP,A,test,126,0.22137404580152673,29,131,70,27,5,-73,0.4,False
4620,1E1U,A,104,4248,2LEF,A,train,86,0.226890756302521,27,119,44,15,33,-65,0.4,False
4620,1E1U,A,104,4249,1XPA,A,train,113,0.21428571428571427,27,126,64,22,13,-72,0.4,False
4620,1E1U,A,104,4254,1L3G,A,val,123,0.21705426356589147,28,129,70,25,6,-73,0.4,False
4620,1E1U,A,104,4255,2IF1,A,train,126,0.22857142857142856,32,140,58,36,14,-76,0.4,False
4620,1E1U,A,104,4262,1BZF,A,train,162,0.24404761904761904,41,168,57,64,6,-86,0.4,False
4620,1E1U,A,104,4263,2NMB,A,val,147,0.19736842105263158,30,152,69,48,5,-92,0.4,False
4620,1E1U,A,104,4265,1DS9,A,train,198,0.2019704433497537,41,203,58,99,5,-121,0.4,False
4620,1E1U,A,104,4269,1GHT,A,test,105,0.1896551724137931,22,116,71,12,11,-72,0.4,False
4620,1E1U,A,104,4271,1JFJ,A,train,134,0.2361111111111111,34,144,60,40,10,-76,0.4,False
4620,1E1U,A,104,4276,1B2I,A,train,83,0.21428571428571427,24,112,51,8,29,-64,0.4,False
4620,1E1U,A,104,4281,1Z0R,A,train,53,0.19626168224299065,21,107,29,3,54,-65,0.4,False
4620,1E1U,A,104,4285,1K2H,A,test,93,0.24107142857142858,27,112,58,8,19,-58,0.4,False
4620,1E1U,A,104,4299,2F63,A,train,158,0.21893491124260356,37,169,56,65,11,-95,0.4,False
4620,1E1U,A,104,4300,2F65,A,train,158,0.21893491124260356,37,169,56,65,11,-95,0.4,False
4620,1E1U,A,104,4312,1JM4,B,train,118,0.23622047244094488,30,127,65,23,9,-67,0.4,False
4620,1E1U,A,104,4313,1ZRR,A,train,179,0.20765027322404372,38,183,62,79,4,-107,0.4,False
4620,1E1U,A,104,4334,1KQQ,A,test,131,0.2361111111111111,34,144,57,40,13,-76,0.4,False
4620,1E1U,A,104,4342,1LY7,A,train,121,0.1951219512195122,24,123,78,19,2,-75,0.4,False
4621,1E4U,A,78,3322,1E8P,A,train,46,0.2,16,80,28,2,34,-48,0.4,False
4621,1E4U,A,78,4023,1Q2N,A,train,58,0.21428571428571427,18,84,34,6,26,-48,0.4,False
4621,1E4U,A,78,4052,1JOO,A,val,149,0.2222222222222222,34,153,40,75,4,-85,0.4,False
4621,1E4U,A,78,4053,1JOQ,A,val,149,0.2222222222222222,34,153,40,75,4,-85,0.4,False
4621,1E4U,A,78,4089,2DEF,A,train,146,0.2251655629139073,34,151,39,73,5,-83,0.4,False
4621,1E4U,A,78,4090,2EZH,A,val,65,0.23809523809523808,20,84,39,6,19,-44,0.4,False
4621,1E4U,A,78,4114,1A5J,A,train,110,0.22321428571428573,25,112,51,34,2,-62,0.4,False
4621,1E4U,A,78,4129,1Q80,A,train,174,0.17415730337078653,31,178,43,100,4,-116,0.4,False
4621,1E4U,A,78,4141,1NK2,P,train,77,0.2159090909090909,19,88,48,10,11,-50,0.4,False
4621,1E4U,A,78,4147,1H95,A,train,79,0.1956521739130435,18,92,47,14,13,-56,0.4,False
4621,1E4U,A,78,4153,1RXR,A,train,83,0.25842696629213485,23,89,49,11,6,-43,0.4,False
4621,1E4U,A,78,4155,1EOT,A,train,74,0.2553191489361702,24,94,34,16,20,-46,0.4,False
4621,1E4U,A,78,4156,1BJX,A,train,110,0.24107142857142858,27,112,49,34,2,-58,0.4,False
4621,1E4U,A,78,4173,1BM6,A,train,173,0.19540229885057472,34,174,43,96,1,-106,0.4,False
4621,1E4U,A,78,4177,1BO0,A,train,76,0.23157894736842105,22,95,37,17,19,-51,0.4,False
4621,1E4U,A,78,4184,1EH2,A,train,95,0.2641509433962264,28,106,39,28,11,-50,0.4,False
4621,1E4U,A,78,4186,1BLR,A,val,137,0.1956521739130435,27,138,50,60,1,-84,0.4,False
4621,1E4U,A,78,4188,1BCI,A,test,123,0.2109375,27,128,46,50,5,-74,0.4,False
4621,1E4U,A,78,4197,2CPS,A,train,50,0.16455696202531644,13,79,36,1,29,-53,0.4,False
4621,1E4U,A,78,4198,1BR0,A,train,120,0.2265625,29,128,41,50,8,-70,0.4,False
4621,1E4U,A,78,4199,3NLA,A,train,73,0.2413793103448276,21,87,43,9,14,-45,0.4,False
4621,1E4U,A,78,4202,1BA9,A,train,153,0.20754716981132076,33,159,39,81,6,-93,0.4,False
4621,1E4U,A,78,4206,1MFN,A,train,184,0.18716577540106952,35,187,40,109,3,-117,0.4,False
4621,1E4U,A,78,4207,2ORC,A,train,71,0.2261904761904762,19,84,46,6,13,-46,0.4,False
4621,1E4U,A,78,4209,2CPB,A,train,50,0.16455696202531644,13,79,36,1,29,-53,0.4,False
4621,1E4U,A,78,4214,2TMP,A,train,127,0.234375,30,128,47,50,1,-68,0.4,False
4621,1E4U,A,78,4215,1SSN,A,train,136,0.22302158273381295,31,139,44,61,3,-77,0.4,False
4621,1E4U,A,78,4216,1BHI,A,train,38,0.275,22,80,14,2,42,-36,0.4,False
4621,1E4U,A,78,4217,1BHU,A,val,102,0.23423423423423423,26,111,43,33,9,-59,0.4,False
4621,1E4U,A,78,4222,1MNL,A,train,91,0.21052631578947367,20,95,54,17,4,-55,0.4,False
4621,1E4U,A,78,4223,1TBA,A,test,67,0.22093023255813954,19,86,40,8,19,-48,0.4,False
4621,1E4U,A,78,4224,1MYO,A,train,118,0.2459016393442623,30,122,44,44,4,-62,0.4,False
4621,1E4U,A,78,4225,3GRX,A,val,82,0.19318181818181818,17,88,55,10,6,-54,0.4,False
4621,1E4U,A,78,4227,1BQZ,A,test,77,0.21978021978021978,20,91,44,13,14,-51,0.4,False
4621,1E4U,A,78,4228,1BQ0,A,test,77,0.21978021978021978,20,91,44,13,14,-51,0.4,False
4621,1E4U,A,78,4230,1BUQ,A,test,125,0.20930232558139536,27,129,47,51,4,-75,0.4,False
4621,1E4U,A,78,4241,2XBD,A,train,87,0.16304347826086957,15,92,58,14,5,-62,0.4,False
4621,1E4U,A,78,4242,3MSP,A,test,126,0.2109375,27,128,49,50,2,-74,0.4,False
4621,1E4U,A,78,4248,2LEF,A,train,86,0.25961538461538464,27,104,33,26,18,-50,0.4,False
4621,1E4U,A,78,4249,1XPA,A,train,113,0.2601626016260163,32,123,36,45,10,-59,0.4,False
4621,1E4U,A,78,4254,1L3G,A,val,123,0.1968503937007874,25,127,49,49,4,-77,0.4,False
4621,1E4U,A,78,4255,2IF1,A,train,126,0.22137404580152673,29,131,44,53,5,-73,0.4,False
4621,1E4U,A,78,4262,1BZF,A,train,162,0.18292682926829268,30,164,46,86,2,-104,0.4,False
4621,1E4U,A,78,4263,2NMB,A,val,147,0.22666666666666666,34,150,41,72,3,-82,0.4,False
4621,1E4U,A,78,4265,1DS9,A,train,198,0.19402985074626866,39,201,36,123,3,-123,0.4,False
4621,1E4U,A,78,4269,1GHT,A,test,105,0.19626168224299065,21,107,55,29,2,-65,0.4,False
4621,1E4U,A,78,4271,1JFJ,A,train,134,0.21323529411764705,29,136,47,58,2,-78,0.4,False
4621,1E4U,A,78,4276,1B2I,A,train,83,0.24731182795698925,23,93,45,15,10,-47,0.4,False
4621,1E4U,A,78,4281,1Z0R,A,train,53,0.2345679012345679,19,81,31,3,28,-43,0.4,False
4621,1E4U,A,78,4285,1K2H,A,test,93,0.18556701030927836,18,97,56,19,4,-61,0.4,False
4621,1E4U,A,78,4299,2F63,A,train,158,0.2236024844720497,36,161,39,83,3,-89,0.4,False
4621,1E4U,A,78,4300,2F65,A,train,158,0.2236024844720497,36,161,39,83,3,-89,0.4,False
4621,1E4U,A,78,4312,1JM4,B,train,118,0.24793388429752067,30,121,45,43,3,-61,0.4,False
4621,1E4U,A,78,4313,1ZRR,A,train,179,0.19672131147540983,36,183,38,105,4,-111,0.4,False
4621,1E4U,A,78,4334,1KQQ,A,test,131,0.24060150375939848,32,133,44,55,2,-69,0.4,False
4621,1E4U,A,78,4342,1LY7,A,train,121,0.208,26,125,48,47,4,-73,0.4,False
4622,1E52,A,56,3322,1E8P,A,train,46,0.18032786885245902,11,61,30,5,15,-39,0.4,False
4622,1E52,A,56,4023,1Q2N,A,train,58,0.3,21,70,23,14,12,-28,0.4,False
4622,1E52,A,56,4052,1JOO,A,val,149,0.20666666666666667,31,150,24,94,1,-88,0.4,False
4622,1E52,A,56,4053,1JOQ,A,val,149,0.20666666666666667,31,150,24,94,1,-88,0.4,False
4622,1E52,A,56,4089,2DEF,A,train,146,0.21621621621621623,32,148,22,92,2,-84,0.4,False
4622,1E52,A,56,4090,2EZH,A,val,65,0.2857142857142857,20,70,31,14,5,-30,0.4,False
4622,1E52,A,56,4114,1A5J,A,train,110,0.23423423423423423,26,111,29,55,1,-59,0.4,False
4622,1E52,A,56,4129,1Q80,A,train,174,0.17142857142857143,30,175,25,119,1,-115,0.4,False
4622,1E52,A,56,4141,1NK2,P,train,77,0.24691358024691357,20,81,32,25,4,-41,0.4,False
4622,1E52,A,56,4147,1H95,A,train,79,0.18604651162790697,16,86,33,30,7,-54,0.4,False
4622,1E52,A,56,4153,1RXR,A,train,83,0.1686746987951807,14,83,42,27,0,-55,0.4,False
4622,1E52,A,56,4155,1EOT,A,train,74,0.22077922077922077,17,77,36,21,3,-43,0.4,False
4622,1E52,A,56,4156,1BJX,A,train,110,0.21238938053097345,24,113,29,57,3,-65,0.4,False
4622,1E52,A,56,4173,1BM6,A,train,173,0.1751412429378531,31,177,21,121,4,-115,0.4,False
4622,1E52,A,56,4177,1BO0,A,train,76,0.19230769230769232,15,78,39,22,2,-48,0.4,False
4622,1E52,A,56,4184,1EH2,A,train,95,0.21649484536082475,21,97,33,41,2,-55,0.4,False
4622,1E52,A,56,4186,1BLR,A,val,137,0.1678832116788321,23,137,33,81,0,-91,0.4,False
4622,1E52,A,56,4188,1BCI,A,test,123,0.18604651162790697,24,129,26,73,6,-81,0.4,False
4622,1E52,A,56,4197,2CPS,A,train,50,0.27419354838709675,17,62,27,6,12,-28,0.4,False
4622,1E52,A,56,4198,1BR0,A,train,120,0.23577235772357724,29,123,24,67,3,-65,0.4,False
4622,1E52,A,56,4199,3NLA,A,train,73,0.2125,17,80,32,24,7,-46,0.4,False
4622,1E52,A,56,4202,1BA9,A,train,153,0.18181818181818182,28,154,27,98,1,-98,0.4,False
4622,1E52,A,56,4206,1MFN,A,train,184,0.16129032258064516,30,186,24,130,2,-126,0.4,False
4622,1E52,A,56,4207,2ORC,A,train,71,0.20270270270270271,15,74,38,18,3,-44,0.4,False
4622,1E52,A,56,4209,2CPB,A,train,50,0.27419354838709675,17,62,27,6,12,-28,0.4,False
4622,1E52,A,56,4214,2TMP,A,train,127,0.17829457364341086,23,129,31,73,2,-83,0.4,False
4622,1E52,A,56,4215,1SSN,A,train,136,0.18115942028985507,25,138,29,82,2,-88,0.4,False
4622,1E52,A,56,4216,1BHI,A,train,38,0.21052631578947367,12,57,25,1,19,-33,0.4,False
4622,1E52,A,56,4217,1BHU,A,val,102,0.17475728155339806,18,103,37,47,1,-67,0.4,False
4622,1E52,A,56,4222,1MNL,A,train,91,0.22580645161290322,21,93,33,37,2,-51,0.4,False
4622,1E52,A,56,4223,1TBA,A,test,67,0.24,18,75,30,19,8,-39,0.4,False
4622,1E52,A,56,4224,1MYO,A,train,118,0.2,24,120,30,64,2,-72,0.4,False
4622,1E52,A,56,4225,3GRX,A,val,82,0.2289156626506024,19,83,36,27,1,-45,0.4,False
4622,1E52,A,56,4227,1BQZ,A,test,77,0.24691358024691357,20,81,32,25,4,-41,0.4,False
4622,1E52,A,56,4228,1BQ0,A,test,77,0.24691358024691357,20,81,32,25,4,-41,0.4,False
4622,1E52,A,56,4230,1BUQ,A,test,125,0.1968503937007874,25,127,29,71,2,-77,0.4,False
4622,1E52,A,56,4241,2XBD,A,train,87,0.1797752808988764,16,89,38,33,2,-57,0.4,False
4622,1E52,A,56,4242,3MSP,A,test,126,0.19047619047619047,24,126,32,70,0,-78,0.4,False
4622,1E52,A,56,4248,2LEF,A,train,86,0.26595744680851063,25,94,23,38,8,-44,0.4,False
4622,1E52,A,56,4249,1XPA,A,train,113,0.20353982300884957,23,113,33,57,0,-67,0.4,False
4622,1E52,A,56,4254,1L3G,A,val,123,0.1984126984126984,25,126,28,70,3,-76,0.4,False
4622,1E52,A,56,4255,2IF1,A,train,126,0.1889763779527559,24,127,31,71,1,-79,0.4,False
4622,1E52,A,56,4262,1BZF,A,train,162,0.17791411042944785,29,163,26,107,1,-105,0.4,False
4622,1E52,A,56,4263,2NMB,A,val,147,0.18243243243243243,27,148,28,92,1,-94,0.4,False
4622,1E52,A,56,4265,1DS9,A,train,198,0.15151515151515152,30,198,26,142,0,-138,0.4,False
4622,1E52,A,56,4269,1GHT,A,test,105,0.19047619047619047,20,105,36,49,0,-65,0.4,False
4622,1E52,A,56,4271,1JFJ,A,train,134,0.21323529411764705,29,136,25,80,2,-78,0.4,False
4622,1E52,A,56,4276,1B2I,A,train,83,0.20930232558139536,18,86,35,30,3,-50,0.4,False
4622,1E52,A,56,4281,1Z0R,A,train,53,0.20634920634920634,13,63,33,7,10,-37,0.4,False
4622,1E52,A,56,4285,1K2H,A,test,93,0.22580645161290322,21,93,35,37,0,-51,0.4,False
4622,1E52,A,56,4299,2F63,A,train,158,0.18125,29,160,25,104,2,-102,0.4,False
4622,1E52,A,56,4300,2F65,A,train,158,0.18125,29,160,25,104,2,-102,0.4,False
4622,1E52,A,56,4312,1JM4,B,train,118,0.22764227642276422,28,123,23,67,5,-67,0.4,False
4622,1E52,A,56,4313,1ZRR,A,train,179,0.18435754189944134,33,179,23,123,0,-113,0.4,False
4622,1E52,A,56,4334,1KQQ,A,test,131,0.19402985074626866,26,134,27,78,3,-82,0.4,False
4622,1E52,A,56,4342,1LY7,A,train,121,0.1885245901639344,23,122,32,66,1,-76,0.4,False
4623,1E5C,A,87,3322,1E8P,A,train,46,0.2247191011235955,20,89,24,2,43,-49,0.4,False
4623,1E5C,A,87,4023,1Q2N,A,train,58,0.2111111111111111,19,90,36,3,32,-52,0.4,False
4623,1E5C,A,87,4052,1JOO,A,val,149,0.2375,38,160,38,73,11,-84,0.4,False
4623,1E5C,A,87,4053,1JOQ,A,val,149,0.2375,38,160,38,73,11,-84,0.4,False
4623,1E5C,A,87,4089,2DEF,A,train,146,0.2,30,150,53,63,4,-90,0.4,False
4623,1E5C,A,87,4090,2EZH,A,val,65,0.1978021978021978,18,91,43,4,26,-55,0.4,False
4623,1E5C,A,87,4114,1A5J,A,train,110,0.2727272727272727,33,121,43,34,11,-55,0.4,False
4623,1E5C,A,87,4129,1Q80,A,train,174,0.23204419889502761,42,181,38,94,7,-97,0.4,False
4623,1E5C,A,87,4141,1NK2,P,train,77,0.22448979591836735,22,98,44,11,21,-54,0.4,False
4623,1E5C,A,87,4147,1H95,A,train,79,0.2765957446808511,26,94,46,7,15,-42,0.4,False
4623,1E5C,A,87,4153,1RXR,A,train,83,0.1827956989247312,17,93,60,6,10,-59,0.4,False
4623,1E5C,A,87,4155,1EOT,A,train,74,0.21428571428571427,21,98,42,11,24,-56,0.4,False
4623,1E5C,A,87,4156,1BJX,A,train,110,0.24786324786324787,29,117,51,30,7,-59,0.4,False
4623,1E5C,A,87,4173,1BM6,A,train,173,0.2023121387283237,35,173,52,86,0,-103,0.4,False
4623,1E5C,A,87,4177,1BO0,A,train,76,0.1958762886597938,19,97,47,10,21,-59,0.4,False
4623,1E5C,A,87,4184,1EH2,A,train,95,0.22857142857142856,24,105,53,18,10,-57,0.4,False
4623,1E5C,A,87,4186,1BLR,A,val,137,0.22142857142857142,31,140,53,53,3,-78,0.4,False
4623,1E5C,A,87,4188,1BCI,A,test,123,0.2421875,31,128,51,41,5,-66,0.4,False
4623,1E5C,A,87,4197,2CPS,A,train,50,0.25,22,88,27,1,38,-44,0.4,False
4623,1E5C,A,87,4198,1BR0,A,train,120,0.2265625,29,128,50,41,8,-70,0.4,False
4623,1E5C,A,87,4199,3NLA,A,train,73,0.26373626373626374,24,91,45,4,18,-43,0.4,False
4623,1E5C,A,87,4202,1BA9,A,train,153,0.23376623376623376,36,154,50,67,1,-82,0.4,False
4623,1E5C,A,87,4206,1MFN,A,train,184,0.25133689839572193,47,187,37,100,3,-93,0.4,False
4623,1E5C,A,87,4207,2ORC,A,train,71,0.24175824175824176,22,91,45,4,20,-47,0.4,False
4623,1E5C,A,87,4209,2CPB,A,train,50,0.25,22,88,27,1,38,-44,0.4,False
4623,1E5C,A,87,4214,2TMP,A,train,127,0.22137404580152673,29,131,54,44,4,-73,0.4,False
4623,1E5C,A,87,4215,1SSN,A,train,136,0.22142857142857142,31,140,52,53,4,-78,0.4,False
4623,1E5C,A,87,4216,1BHI,A,train,38,0.17045454545454544,15,88,22,1,50,-58,0.4,False
4623,1E5C,A,87,4217,1BHU,A,val,102,0.27927927927927926,31,111,47,24,9,-49,0.4,False
4623,1E5C,A,87,4222,1MNL,A,train,91,0.21296296296296297,23,108,47,21,17,-62,0.4,False
4623,1E5C,A,87,4223,1TBA,A,test,67,0.2,18,90,46,3,23,-54,0.4,False
4623,1E5C,A,87,4224,1MYO,A,train,118,0.24603174603174602,31,126,48,39,8,-64,0.4,False
4623,1E5C,A,87,4225,3GRX,A,val,82,0.22448979591836735,22,98,49,11,16,-54,0.4,False
4623,1E5C,A,87,4227,1BQZ,A,test,77,0.18947368421052632,18,95,51,8,18,-59,0.4,False
4623,1E5C,A,87,4228,1BQ0,A,test,77,0.18947368421052632,18,95,51,8,18,-59,0.4,False
4623,1E5C,A,87,4230,1BUQ,A,test,125,0.2692307692307692,35,130,47,43,5,-60,0.4,False
4623,1E5C,A,87,4241,2XBD,A,train,87,0.9885057471264368,86,87,1,0,0,85,0.4,True
4623,1E5C,A,87,4242,3MSP,A,test,126,0.21641791044776118,29,134,50,47,8,-76,0.4,False
4623,1E5C,A,87,4248,2LEF,A,train,86,0.16304347826086957,15,92,66,5,6,-62,0.4,False
4623,1E5C,A,87,4249,1XPA,A,train,113,0.17094017094017094,20,117,63,30,4,-77,0.4,False
4623,1E5C,A,87,4254,1L3G,A,val,123,0.25757575757575757,34,132,44,45,9,-64,0.4,False
4623,1E5C,A,87,4255,2IF1,A,train,126,0.2,26,130,57,43,4,-78,0.4,False
4623,1E5C,A,87,4262,1BZF,A,train,162,0.2261904761904762,38,168,43,81,6,-92,0.4,False
4623,1E5C,A,87,4263,2NMB,A,val,147,0.24183006535947713,37,153,44,66,6,-79,0.4,False
4623,1E5C,A,87,4265,1DS9,A,train,198,0.19801980198019803,40,202,43,115,4,-122,0.4,False
4623,1E5C,A,87,4269,1GHT,A,test,105,0.22522522522522523,25,111,56,24,6,-61,0.4,False
4623,1E5C,A,87,4271,1JFJ,A,train,134,0.24822695035460993,35,141,45,54,7,-71,0.4,False
4623,1E5C,A,87,4276,1B2I,A,train,83,0.22105263157894736,21,95,54,8,12,-53,0.4,False
4623,1E5C,A,87,4281,1Z0R,A,train,53,0.18888888888888888,17,90,33,3,37,-56,0.4,False
4623,1E5C,A,87,4285,1K2H,A,test,93,0.2376237623762376,24,101,55,14,8,-53,0.4,False
4623,1E5C,A,87,4299,2F63,A,train,158,0.2236024844720497,36,161,48,74,3,-89,0.4,False
4623,1E5C,A,87,4300,2F65,A,train,158,0.2236024844720497,36,161,48,74,3,-89,0.4,False
4623,1E5C,A,87,4312,1JM4,B,train,118,0.21774193548387097,27,124,54,37,6,-70,0.4,False
4623,1E5C,A,87,4313,1ZRR,A,train,179,0.23118279569892472,43,186,37,99,7,-100,0.4,False
4623,1E5C,A,87,4334,1KQQ,A,test,131,0.2222222222222222,30,135,53,48,4,-75,0.4,False
4623,1E5C,A,87,4342,1LY7,A,train,121,0.272,34,125,49,38,4,-57,0.4,False
4636,1F2H,A,169,3322,1E8P,A,train,46,0.13450292397660818,23,171,21,2,125,-125,0.4,False
4636,1F2H,A,169,4023,1Q2N,A,train,58,0.18823529411764706,32,170,25,1,112,-106,0.4,False
4636,1F2H,A,169,4052,1JOO,A,val,149,0.26063829787234044,49,188,81,19,39,-90,0.4,False
4636,1F2H,A,169,4053,1JOQ,A,val,149,0.26063829787234044,49,188,81,19,39,-90,0.4,False
4636,1F2H,A,169,4089,2DEF,A,train,146,0.25806451612903225,48,186,81,17,40,-90,0.4,False
4636,1F2H,A,169,4090,2EZH,A,val,65,0.23076923076923078,39,169,26,0,104,-91,0.4,False
4636,1F2H,A,169,4114,1A5J,A,train,110,0.20588235294117646,35,170,74,1,60,-100,0.4,False
4636,1F2H,A,169,4129,1Q80,A,train,174,0.225,45,200,98,31,26,-110,0.4,False
4636,1F2H,A,169,4141,1NK2,P,train,77,0.21052631578947367,36,171,39,2,94,-99,0.4,False
4636,1F2H,A,169,4147,1H95,A,train,79,0.20348837209302326,35,172,41,3,93,-102,0.4,False
4636,1F2H,A,169,4153,1RXR,A,train,83,0.20348837209302326,35,172,45,3,89,-102,0.4,False
4636,1F2H,A,169,4155,1EOT,A,train,74,0.17751479289940827,30,169,44,0,95,-109,0.4,False
4636,1F2H,A,169,4156,1BJX,A,train,110,0.24861878453038674,45,181,53,12,71,-91,0.4,False
4636,1F2H,A,169,4173,1BM6,A,train,173,0.24873096446700507,49,197,96,28,24,-99,0.4,False
4636,1F2H,A,169,4177,1BO0,A,train,76,0.17159763313609466,29,169,47,0,93,-111,0.4,False
4636,1F2H,A,169,4184,1EH2,A,train,95,0.23863636363636365,42,176,46,7,81,-92,0.4,False
4636,1F2H,A,169,4186,1BLR,A,val,137,0.24,42,175,89,6,38,-91,0.4,False
4636,1F2H,A,169,4188,1BCI,A,test,123,0.21666666666666667,39,180,73,11,57,-102,0.4,False
4636,1F2H,A,169,4197,2CPS,A,train,50,0.15384615384615385,26,169,24,0,119,-117,0.4,False
4636,1F2H,A,169,4198,1BR0,A,train,120,0.24022346368715083,43,179,67,10,59,-93,0.4,False
4636,1F2H,A,169,4199,3NLA,A,train,73,0.18604651162790697,32,172,38,3,99,-108,0.4,False
4636,1F2H,A,169,4202,1BA9,A,train,153,0.24338624338624337,46,189,87,20,36,-97,0.4,False
4636,1F2H,A,169,4206,1MFN,A,train,184,0.21212121212121213,42,198,113,29,14,-114,0.4,False
4636,1F2H,A,169,4207,2ORC,A,train,71,0.19653179190751446,34,173,33,4,102,-105,0.4,False
4636,1F2H,A,169,4209,2CPB,A,train,50,0.15384615384615385,26,169,24,0,119,-117,0.4,False
4636,1F2H,A,169,4214,2TMP,A,train,127,0.2342857142857143,41,175,80,6,48,-93,0.4,False
4636,1F2H,A,169,4215,1SSN,A,train,136,0.23076923076923078,42,182,81,13,46,-98,0.4,False
4636,1F2H,A,169,4216,1BHI,A,train,38,0.1242603550295858,21,169,17,0,131,-127,0.4,False
4636,1F2H,A,169,4217,1BHU,A,val,102,0.22857142857142856,40,175,56,6,73,-95,0.4,False
4636,1F2H,A,169,4222,1MNL,A,train,91,0.20809248554913296,36,173,51,4,82,-101,0.4,False
4636,1F2H,A,169,4223,1TBA,A,test,67,0.21176470588235294,36,170,30,1,103,-98,0.4,False
4636,1F2H,A,169,4224,1MYO,A,train,118,0.2752808988764045,49,178,60,9,60,-80,0.4,False
4636,1F2H,A,169,4225,3GRX,A,val,82,0.22807017543859648,39,171,41,2,89,-93,0.4,False
4636,1F2H,A,169,4227,1BQZ,A,test,77,0.21637426900584794,37,171,38,2,94,-97,0.4,False
4636,1F2H,A,169,4228,1BQ0,A,test,77,0.21637426900584794,37,171,38,2,94,-97,0.4,False
4636,1F2H,A,169,4230,1BUQ,A,test,125,0.2777777777777778,50,180,64,11,55,-80,0.4,False
4636,1F2H,A,169,4241,2XBD,A,train,87,0.19540229885057472,34,174,48,5,87,-106,0.4,False
4636,1F2H,A,169,4242,3MSP,A,test,126,0.21965317919075145,38,173,84,4,47,-97,0.4,False
4636,1F2H,A,169,4248,2LEF,A,train,86,0.22674418604651161,39,172,44,3,86,-94,0.4,False
4636,1F2H,A,169,4249,1XPA,A,train,113,0.2346368715083799,42,179,61,10,66,-95,0.4,False
4636,1F2H,A,169,4254,1L3G,A,val,123,0.24022346368715083,43,179,70,10,56,-93,0.4,False
4636,1F2H,A,169,4255,2IF1,A,train,126,0.2542372881355932,45,177,73,8,51,-87,0.4,False
4636,1F2H,A,169,4262,1BZF,A,train,162,0.25888324873096447,51,197,83,28,35,-95,0.4,False
4636,1F2H,A,169,4263,2NMB,A,val,147,0.2712765957446808,51,188,77,19,41,-86,0.4,False
4636,1F2H,A,169,4265,1DS9,A,train,198,0.27601809954751133,61,221,85,52,23,-99,0.4,False
4636,1F2H,A,169,4269,1GHT,A,test,105,0.25,44,176,54,7,71,-88,0.4,False
4636,1F2H,A,169,4271,1JFJ,A,train,134,0.25274725274725274,46,182,75,13,48,-90,0.4,False
4636,1F2H,A,169,4276,1B2I,A,train,83,0.19767441860465115,34,172,46,3,89,-104,0.4,False
4636,1F2H,A,169,4281,1Z0R,A,train,53,0.17647058823529413,30,170,22,1,117,-110,0.4,False
4636,1F2H,A,169,4285,1K2H,A,test,93,0.21511627906976744,37,172,53,3,79,-98,0.4,False
4636,1F2H,A,169,4299,2F63,A,train,158,0.29533678756476683,57,193,77,24,35,-79,0.4,False
4636,1F2H,A,169,4300,2F65,A,train,158,0.29533678756476683,57,193,77,24,35,-79,0.4,False
4636,1F2H,A,169,4312,1JM4,B,train,118,0.23295454545454544,41,176,70,7,58,-94,0.4,False
4636,1F2H,A,169,4313,1ZRR,A,train,179,0.2843601895734597,60,211,77,42,32,-91,0.4,False
4636,1F2H,A,169,4334,1KQQ,A,test,131,0.24157303370786518,43,178,79,9,47,-92,0.4,False
4636,1F2H,A,169,4342,1LY7,A,train,121,0.2681564245810056,48,179,63,10,58,-83,0.4,False
4637,1F43,A,61,3322,1E8P,A,train,46,0.1774193548387097,11,62,34,1,16,-40,0.4,False
4637,1F43,A,61,4023,1Q2N,A,train,58,0.2631578947368421,20,76,23,15,18,-36,0.4,False
4637,1F43,A,61,4052,1JOO,A,val,149,0.20666666666666667,31,150,29,89,1,-88,0.4,False
4637,1F43,A,61,4053,1JOQ,A,val,149,0.20666666666666667,31,150,29,89,1,-88,0.4,False
4637,1F43,A,61,4089,2DEF,A,train,146,0.1891891891891892,28,148,31,87,2,-92,0.4,False
4637,1F43,A,61,4090,2EZH,A,val,65,0.23684210526315788,18,76,32,15,11,-40,0.4,False
4637,1F43,A,61,4114,1A5J,A,train,110,0.25663716814159293,29,113,29,52,3,-55,0.4,False
4637,1F43,A,61,4129,1Q80,A,train,174,0.17714285714285713,31,175,29,114,1,-113,0.4,False
4637,1F43,A,61,4141,1NK2,P,train,77,0.3037974683544304,24,79,35,18,2,-31,0.4,False
4637,1F43,A,61,4147,1H95,A,train,79,0.2073170731707317,17,82,41,21,3,-48,0.4,False
4637,1F43,A,61,4153,1RXR,A,train,83,0.20930232558139536,18,86,40,25,3,-50,0.4,False
4637,1F43,A,61,4155,1EOT,A,train,74,0.25925925925925924,21,81,33,20,7,-39,0.4,False
4637,1F43,A,61,4156,1BJX,A,train,110,0.22123893805309736,25,113,33,52,3,-63,0.4,False
4637,1F43,A,61,4173,1BM6,A,train,173,0.15606936416184972,27,173,34,112,0,-119,0.4,False
4637,1F43,A,61,4177,1BO0,A,train,76,0.2682926829268293,22,82,33,21,6,-38,0.4,False
4637,1F43,A,61,4184,1EH2,A,train,95,0.24242424242424243,24,99,33,38,4,-51,0.4,False
4637,1F43,A,61,4186,1BLR,A,val,137,0.21428571428571427,30,140,28,79,3,-80,0.4,False
4637,1F43,A,61,4188,1BCI,A,test,123,0.1935483870967742,24,124,36,63,1,-76,0.4,False
4637,1F43,A,61,4197,2CPS,A,train,50,0.25,16,64,31,3,14,-32,0.4,False
4637,1F43,A,61,4198,1BR0,A,train,120,0.23770491803278687,29,122,30,61,2,-64,0.4,False
4637,1F43,A,61,4199,3NLA,A,train,73,0.22077922077922077,17,77,40,16,4,-43,0.4,False
4637,1F43,A,61,4202,1BA9,A,train,153,0.1895424836601307,29,153,32,92,0,-95,0.4,False
4637,1F43,A,61,4206,1MFN,A,train,184,0.1935483870967742,36,186,23,125,2,-114,0.4,False
4637,1F43,A,61,4207,2ORC,A,train,71,0.25,20,80,32,19,9,-40,0.4,False
4637,1F43,A,61,4209,2CPB,A,train,50,0.25,16,64,31,3,14,-32,0.4,False
4637,1F43,A,61,4214,2TMP,A,train,127,0.2153846153846154,28,130,30,69,3,-74,0.4,False
4637,1F43,A,61,4215,1SSN,A,train,136,0.2246376811594203,31,138,28,77,2,-76,0.4,False
4637,1F43,A,61,4216,1BHI,A,train,38,0.21875,14,64,21,3,26,-36,0.4,False
4637,1F43,A,61,4217,1BHU,A,val,102,0.20754716981132076,22,106,35,45,4,-62,0.4,False
4637,1F43,A,61,4222,1MNL,A,train,91,0.24752475247524752,25,101,26,40,10,-51,0.4,False
4637,1F43,A,61,4223,1TBA,A,test,67,0.21794871794871795,17,78,33,17,11,-44,0.4,False
4637,1F43,A,61,4224,1MYO,A,train,118,0.20833333333333334,25,120,34,59,2,-70,0.4,False
4637,1F43,A,61,4225,3GRX,A,val,82,0.25287356321839083,22,87,34,26,5,-43,0.4,False
4637,1F43,A,61,4227,1BQZ,A,test,77,0.23529411764705882,20,85,33,24,8,-45,0.4,False
4637,1F43,A,61,4228,1BQ0,A,test,77,0.23529411764705882,20,85,33,24,8,-45,0.4,False
4637,1F43,A,61,4230,1BUQ,A,test,125,0.208,26,125,35,64,0,-73,0.4,False
4637,1F43,A,61,4241,2XBD,A,train,87,0.1978021978021978,18,91,39,30,4,-55,0.4,False
4637,1F43,A,61,4242,3MSP,A,test,126,0.21705426356589147,28,129,30,68,3,-73,0.4,False
4637,1F43,A,61,4248,2LEF,A,train,86,0.26436781609195403,23,87,37,26,1,-41,0.4,False
4637,1F43,A,61,4249,1XPA,A,train,113,0.23275862068965517,27,116,31,55,3,-62,0.4,False
4637,1F43,A,61,4254,1L3G,A,val,123,0.216,27,125,32,64,2,-71,0.4,False
4637,1F43,A,61,4255,2IF1,A,train,126,0.24031007751937986,31,129,27,68,3,-67,0.4,False
4637,1F43,A,61,4262,1BZF,A,train,162,0.16666666666666666,27,162,34,101,0,-108,0.4,False
4637,1F43,A,61,4263,2NMB,A,val,147,0.19727891156462585,29,147,32,86,0,-89,0.4,False
4637,1F43,A,61,4265,1DS9,A,train,198,0.175,35,200,24,139,2,-130,0.4,False
4637,1F43,A,61,4269,1GHT,A,test,105,0.2616822429906542,28,107,31,46,2,-51,0.4,False
4637,1F43,A,61,4271,1JFJ,A,train,134,0.21481481481481482,29,135,31,74,1,-77,0.4,False
4637,1F43,A,61,4276,1B2I,A,train,83,0.2727272727272727,24,88,32,27,5,-40,0.4,False
4637,1F43,A,61,4281,1Z0R,A,train,53,0.23880597014925373,16,67,31,6,14,-35,0.4,False
4637,1F43,A,61,4285,1K2H,A,test,93,0.20833333333333334,20,96,38,35,3,-56,0.4,False
4637,1F43,A,61,4299,2F63,A,train,158,0.20496894409937888,33,161,25,100,3,-95,0.4,False
4637,1F43,A,61,4300,2F65,A,train,158,0.20496894409937888,33,161,25,100,3,-95,0.4,False
4637,1F43,A,61,4312,1JM4,B,train,118,0.2540983606557377,31,122,26,61,4,-60,0.4,False
4637,1F43,A,61,4313,1ZRR,A,train,179,0.19444444444444445,35,180,25,119,1,-110,0.4,False
4637,1F43,A,61,4334,1KQQ,A,test,131,0.208955223880597,28,134,30,73,3,-78,0.4,False
4637,1F43,A,61,4342,1LY7,A,train,121,0.16393442622950818,20,122,40,61,1,-82,0.4,False
4638,1FA3,A,96,3322,1E8P,A,train,46,0.15463917525773196,15,97,30,1,51,-67,0.4,False
4638,1FA3,A,96,4023,1Q2N,A,train,58,0.23232323232323232,23,99,32,3,41,-53,0.4,False
4638,1FA3,A,96,4052,1JOO,A,val,149,0.27564102564102566,43,156,46,60,7,-70,0.4,False
4638,1FA3,A,96,4053,1JOQ,A,val,149,0.27564102564102566,43,156,46,60,7,-70,0.4,False
4638,1FA3,A,96,4089,2DEF,A,train,146,0.2654320987654321,43,162,37,66,16,-76,0.4,False
4638,1FA3,A,96,4090,2EZH,A,val,65,0.25,25,100,36,4,35,-50,0.4,False
4638,1FA3,A,96,4114,1A5J,A,train,110,0.27692307692307694,36,130,40,34,20,-58,0.4,False
4638,1FA3,A,96,4129,1Q80,A,train,174,0.23163841807909605,41,177,52,81,3,-95,0.4,False
4638,1FA3,A,96,4141,1NK2,P,train,77,0.2702702702702703,30,111,32,15,34,-51,0.4,False
4638,1FA3,A,96,4147,1H95,A,train,79,0.2803738317757009,30,107,38,11,28,-47,0.4,False
4638,1FA3,A,96,4153,1RXR,A,train,83,0.25471698113207547,27,106,46,10,23,-52,0.4,False
4638,1FA3,A,96,4155,1EOT,A,train,74,0.2857142857142857,30,105,35,9,31,-45,0.4,False
4638,1FA3,A,96,4156,1BJX,A,train,110,0.25,31,124,51,28,14,-62,0.4,False
4638,1FA3,A,96,4173,1BM6,A,train,173,0.24157303370786518,43,178,48,82,5,-92,0.4,False
4638,1FA3,A,96,4177,1BO0,A,train,76,0.22772277227722773,23,101,48,5,25,-55,0.4,False
4638,1FA3,A,96,4184,1EH2,A,train,95,0.25210084033613445,30,119,42,23,24,-59,0.4,False
4638,1FA3,A,96,4186,1BLR,A,val,137,0.2569444444444444,37,144,52,48,7,-70,0.4,False
4638,1FA3,A,96,4188,1BCI,A,test,123,0.234375,30,128,61,32,5,-68,0.4,False
4638,1FA3,A,96,4197,2CPS,A,train,50,0.21649484536082475,21,97,28,1,47,-55,0.4,False
4638,1FA3,A,96,4198,1BR0,A,train,120,0.25190839694656486,33,131,52,35,11,-65,0.4,False
4638,1FA3,A,96,4199,3NLA,A,train,73,0.22641509433962265,24,106,39,10,33,-58,0.4,False
4638,1FA3,A,96,4202,1BA9,A,train,153,0.23270440251572327,37,159,53,63,6,-85,0.4,False
4638,1FA3,A,96,4206,1MFN,A,train,184,0.21875,42,192,46,96,8,-108,0.4,False
4638,1FA3,A,96,4207,2ORC,A,train,71,0.25,25,100,42,4,29,-50,0.4,False
4638,1FA3,A,96,4209,2CPB,A,train,50,0.21649484536082475,21,97,28,1,47,-55,0.4,False
4638,1FA3,A,96,4214,2TMP,A,train,127,0.2518518518518518,34,135,54,39,8,-67,0.4,False
4638,1FA3,A,96,4215,1SSN,A,train,136,0.23776223776223776,34,143,55,47,7,-75,0.4,False
4638,1FA3,A,96,4216,1BHI,A,train,38,0.20833333333333334,20,96,18,0,58,-56,0.4,False
4638,1FA3,A,96,4217,1BHU,A,val,102,0.2396694214876033,29,121,48,25,19,-63,0.4,False
4638,1FA3,A,96,4222,1MNL,A,train,91,0.9479166666666666,91,96,0,0,5,86,0.4,True
4638,1FA3,A,96,4223,1TBA,A,test,67,0.25510204081632654,25,98,40,2,31,-48,0.4,False
4638,1FA3,A,96,4224,1MYO,A,train,118,0.23622047244094488,30,127,57,31,9,-67,0.4,False
4638,1FA3,A,96,4225,3GRX,A,val,82,0.22549019607843138,23,102,53,6,20,-56,0.4,False
4638,1FA3,A,96,4227,1BQZ,A,test,77,0.30097087378640774,31,103,39,7,26,-41,0.4,False
4638,1FA3,A,96,4228,1BQ0,A,test,77,0.30097087378640774,31,103,39,7,26,-41,0.4,False
4638,1FA3,A,96,4230,1BUQ,A,test,125,0.23076923076923078,30,130,61,34,5,-70,0.4,False
4638,1FA3,A,96,4241,2XBD,A,train,87,0.1981981981981982,22,111,50,15,24,-67,0.4,False
4638,1FA3,A,96,4242,3MSP,A,test,126,0.2608695652173913,36,138,48,42,12,-66,0.4,False
4638,1FA3,A,96,4248,2LEF,A,train,86,0.2636363636363636,29,110,43,14,24,-52,0.4,False
4638,1FA3,A,96,4249,1XPA,A,train,113,0.232,29,125,55,29,12,-67,0.4,False
4638,1FA3,A,96,4254,1L3G,A,val,123,0.2536231884057971,35,138,46,42,15,-68,0.4,False
4638,1FA3,A,96,4255,2IF1,A,train,126,0.25,34,136,52,40,10,-68,0.4,False
4638,1FA3,A,96,4262,1BZF,A,train,162,0.2289156626506024,38,166,54,70,4,-90,0.4,False
4638,1FA3,A,96,4263,2NMB,A,val,147,0.21333333333333335,32,150,61,54,3,-86,0.4,False
4638,1FA3,A,96,4265,1DS9,A,train,198,0.22885572139303484,46,201,47,105,3,-109,0.4,False
4638,1FA3,A,96,4269,1GHT,A,test,105,0.2459016393442623,30,122,49,26,17,-62,0.4,False
4638,1FA3,A,96,4271,1JFJ,A,train,134,0.25517241379310346,37,145,48,49,11,-71,0.4,False
4638,1FA3,A,96,4276,1B2I,A,train,83,0.23636363636363636,26,110,43,14,27,-58,0.4,False
4638,1FA3,A,96,4281,1Z0R,A,train,53,0.23469387755102042,23,98,28,2,45,-52,0.4,False
4638,1FA3,A,96,4285,1K2H,A,test,93,0.2413793103448276,28,116,45,20,23,-60,0.4,False
4638,1FA3,A,96,4299,2F63,A,train,158,0.24096385542168675,40,166,48,70,8,-86,0.4,False
4638,1FA3,A,96,4300,2F65,A,train,158,0.24096385542168675,40,166,48,70,8,-86,0.4,False
4638,1FA3,A,96,4312,1JM4,B,train,118,0.26865671641791045,36,134,44,38,16,-62,0.4,False
4638,1FA3,A,96,4313,1ZRR,A,train,179,0.22826086956521738,42,184,49,88,5,-100,0.4,False
4638,1FA3,A,96,4334,1KQQ,A,test,131,0.23357664233576642,32,137,58,41,6,-73,0.4,False
4638,1FA3,A,96,4342,1LY7,A,train,121,0.232,29,125,63,29,4,-67,0.4,False
4641,1FO7,A,107,3322,1E8P,A,train,46,0.2018348623853211,22,109,22,2,63,-65,0.4,False
4641,1FO7,A,107,4023,1Q2N,A,train,58,0.1574074074074074,17,108,40,1,50,-74,0.4,False
4641,1FO7,A,107,4052,1JOO,A,val,149,0.22875816993464052,35,153,68,46,4,-83,0.4,False
4641,1FO7,A,107,4053,1JOQ,A,val,149,0.22875816993464052,35,153,68,46,4,-83,0.4,False
4641,1FO7,A,107,4089,2DEF,A,train,146,0.2,30,150,73,43,4,-90,0.4,False
4641,1FO7,A,107,4090,2EZH,A,val,65,0.19444444444444445,21,108,43,1,43,-66,0.4,False
4641,1FO7,A,107,4114,1A5J,A,train,110,0.16666666666666666,20,120,77,13,10,-80,0.4,False
4641,1FO7,A,107,4129,1Q80,A,train,174,0.20108695652173914,37,184,60,77,10,-110,0.4,False
4641,1FO7,A,107,4141,1NK2,P,train,77,0.23275862068965517,27,116,41,9,39,-62,0.4,False
4641,1FO7,A,107,4147,1H95,A,train,79,0.21621621621621623,24,111,51,4,32,-63,0.4,False
4641,1FO7,A,107,4153,1RXR,A,train,83,0.24786324786324787,29,117,44,10,34,-59,0.4,False
4641,1FO7,A,107,4155,1EOT,A,train,74,0.22321428571428573,25,112,44,5,38,-62,0.4,False
4641,1FO7,A,107,4156,1BJX,A,train,110,0.2248062015503876,29,129,59,22,19,-71,0.4,False
4641,1FO7,A,107,4173,1BM6,A,train,173,0.20555555555555555,37,180,63,73,7,-106,0.4,False
4641,1FO7,A,107,4177,1BO0,A,train,76,0.21052631578947367,24,114,45,7,38,-66,0.4,False
4641,1FO7,A,107,4184,1EH2,A,train,95,0.19491525423728814,23,118,61,11,23,-72,0.4,False
4641,1FO7,A,107,4186,1BLR,A,val,137,0.2348993288590604,35,149,60,42,12,-79,0.4,False
4641,1FO7,A,107,4188,1BCI,A,test,123,0.23880597014925373,32,134,64,27,11,-70,0.4,False
4641,1FO7,A,107,4197,2CPS,A,train,50,0.19444444444444445,21,108,28,1,58,-66,0.4,False
4641,1FO7,A,107,4198,1BR0,A,train,120,0.20634920634920634,26,126,75,19,6,-74,0.4,False
4641,1FO7,A,107,4199,3NLA,A,train,73,0.18518518518518517,20,108,52,1,35,-68,0.4,False
4641,1FO7,A,107,4202,1BA9,A,train,153,0.2088607594936709,33,158,69,51,5,-92,0.4,False
4641,1FO7,A,107,4206,1MFN,A,train,184,0.2356020942408377,45,191,55,84,7,-101,0.4,False
4641,1FO7,A,107,4207,2ORC,A,train,71,0.20353982300884957,23,113,42,6,42,-67,0.4,False
4641,1FO7,A,107,4209,2CPB,A,train,50,0.19444444444444445,21,108,28,1,58,-66,0.4,False
4641,1FO7,A,107,4214,2TMP,A,train,127,0.21641791044776118,29,134,71,27,7,-76,0.4,False
4641,1FO7,A,107,4215,1SSN,A,train,136,0.2214765100671141,33,149,61,42,13,-83,0.4,False
4641,1FO7,A,107,4216,1BHI,A,train,38,0.1574074074074074,17,108,20,1,70,-74,0.4,False
4641,1FO7,A,107,4217,1BHU,A,val,102,0.20967741935483872,26,124,59,17,22,-72,0.4,False
4641,1FO7,A,107,4222,1MNL,A,train,91,0.20869565217391303,24,115,59,8,24,-67,0.4,False
4641,1FO7,A,107,4223,1TBA,A,test,67,0.2072072072072072,23,111,40,4,44,-65,0.4,False
4641,1FO7,A,107,4224,1MYO,A,train,118,0.1951219512195122,24,123,78,16,5,-75,0.4,False
4641,1FO7,A,107,4225,3GRX,A,val,82,0.1875,21,112,56,5,30,-70,0.4,False
4641,1FO7,A,107,4227,1BQZ,A,test,77,0.24347826086956523,28,115,41,8,38,-59,0.4,False
4641,1FO7,A,107,4228,1BQ0,A,test,77,0.24347826086956523,28,115,41,8,38,-59,0.4,False
4641,1FO7,A,107,4230,1BUQ,A,test,125,0.21428571428571427,30,140,62,33,15,-80,0.4,False
4641,1FO7,A,107,4241,2XBD,A,train,87,0.22018348623853212,24,109,61,2,22,-61,0.4,False
4641,1FO7,A,107,4242,3MSP,A,test,126,0.21323529411764705,29,136,68,29,10,-78,0.4,False
4641,1FO7,A,107,4248,2LEF,A,train,86,0.21367521367521367,25,117,51,10,31,-67,0.4,False
4641,1FO7,A,107,4249,1XPA,A,train,113,0.2204724409448819,28,127,65,20,14,-71,0.4,False
4641,1FO7,A,107,4254,1L3G,A,val,123,0.22556390977443608,30,133,67,26,10,-73,0.4,False
4641,1FO7,A,107,4255,2IF1,A,train,126,0.22535211267605634,32,142,59,35,16,-78,0.4,False
4641,1FO7,A,107,4262,1BZF,A,train,162,0.24550898203592814,41,167,61,60,5,-85,0.4,False
4641,1FO7,A,107,4263,2NMB,A,val,147,0.19736842105263158,30,152,72,45,5,-92,0.4,False
4641,1FO7,A,107,4265,1DS9,A,train,198,0.2107843137254902,43,204,58,97,6,-118,0.4,False
4641,1FO7,A,107,4269,1GHT,A,test,105,0.19491525423728814,23,118,71,11,13,-72,0.4,False
4641,1FO7,A,107,4271,1JFJ,A,train,134,0.24342105263157895,37,152,52,45,18,-78,0.4,False
4641,1FO7,A,107,4276,1B2I,A,train,83,0.2072072072072072,23,111,56,4,28,-65,0.4,False
4641,1FO7,A,107,4281,1Z0R,A,train,53,0.17757009345794392,19,107,34,0,54,-69,0.4,False
4641,1FO7,A,107,4285,1K2H,A,test,93,0.23684210526315788,27,114,59,7,21,-60,0.4,False
4641,1FO7,A,107,4299,2F63,A,train,158,0.21301775147928995,36,169,60,62,11,-97,0.4,False
4641,1FO7,A,107,4300,2F65,A,train,158,0.21301775147928995,36,169,60,62,11,-97,0.4,False
4641,1FO7,A,107,4312,1JM4,B,train,118,0.21705426356589147,28,129,68,22,11,-73,0.4,False
4641,1FO7,A,107,4313,1ZRR,A,train,179,0.20652173913043478,38,184,64,77,5,-108,0.4,False
4641,1FO7,A,107,4334,1KQQ,A,test,131,0.2361111111111111,34,144,60,37,13,-76,0.4,False
4641,1FO7,A,107,4342,1LY7,A,train,121,0.2,25,125,78,18,4,-75,0.4,False
4648,1FZT,A,211,3322,1E8P,A,train,46,0.13270142180094788,28,211,18,0,165,-155,0.4,False
4648,1FZT,A,211,4023,1Q2N,A,train,58,0.1792452830188679,38,212,19,1,154,-136,0.4,False
4648,1FZT,A,211,4052,1JOO,A,val,149,0.2610619469026549,59,226,75,15,77,-108,0.4,False
4648,1FZT,A,211,4053,1JOQ,A,val,149,0.2610619469026549,59,226,75,15,77,-108,0.4,False
4648,1FZT,A,211,4089,2DEF,A,train,146,0.2719298245614035,62,228,67,17,82,-104,0.4,False
4648,1FZT,A,211,4090,2EZH,A,val,65,0.1848341232227488,39,211,26,0,146,-133,0.4,False
4648,1FZT,A,211,4114,1A5J,A,train,110,0.25462962962962965,55,216,50,5,106,-106,0.4,False
4648,1FZT,A,211,4129,1Q80,A,train,174,0.26359832635983266,63,239,83,28,65,-113,0.4,False
4648,1FZT,A,211,4141,1NK2,P,train,77,0.2112676056338028,45,213,30,2,136,-123,0.4,False
4648,1FZT,A,211,4147,1H95,A,train,79,0.2112676056338028,45,213,32,2,134,-123,0.4,False
4648,1FZT,A,211,4153,1RXR,A,train,83,0.19339622641509435,41,212,41,1,129,-130,0.4,False
4648,1FZT,A,211,4155,1EOT,A,train,74,0.2037037037037037,44,216,25,5,142,-128,0.4,False
4648,1FZT,A,211,4156,1BJX,A,train,110,0.2222222222222222,48,216,57,5,106,-120,0.4,False
4648,1FZT,A,211,4173,1BM6,A,train,173,0.2663755458515284,61,229,94,18,56,-107,0.4,False
4648,1FZT,A,211,4177,1BO0,A,train,76,0.2,43,215,29,4,139,-129,0.4,False
4648,1FZT,A,211,4184,1EH2,A,train,95,0.215962441314554,46,213,47,2,118,-121,0.4,False
4648,1FZT,A,211,4186,1BLR,A,val,137,0.25688073394495414,56,218,74,7,81,-106,0.4,False
4648,1FZT,A,211,4188,1BCI,A,test,123,0.228310502283105,50,219,65,8,96,-119,0.4,False
4648,1FZT,A,211,4197,2CPS,A,train,50,0.17535545023696683,37,211,13,0,161,-137,0.4,False
4648,1FZT,A,211,4198,1BR0,A,train,120,0.2465753424657534,54,219,58,8,99,-111,0.4,False
4648,1FZT,A,211,4199,3NLA,A,train,73,0.18779342723004694,40,213,31,2,140,-133,0.4,False
4648,1FZT,A,211,4202,1BA9,A,train,153,0.28125,63,224,77,13,71,-98,0.4,False
4648,1FZT,A,211,4206,1MFN,A,train,184,0.2616033755274262,62,237,96,26,53,-113,0.4,False
4648,1FZT,A,211,4207,2ORC,A,train,71,0.18779342723004694,40,213,29,2,142,-133,0.4,False
4648,1FZT,A,211,4209,2CPB,A,train,50,0.17535545023696683,37,211,13,0,161,-137,0.4,False
4648,1FZT,A,211,4214,2TMP,A,train,127,0.2361111111111111,51,216,71,5,89,-114,0.4,False
4648,1FZT,A,211,4215,1SSN,A,train,136,0.25,55,220,72,9,84,-110,0.4,False
4648,1FZT,A,211,4216,1BHI,A,train,38,0.12796208530805686,27,211,11,0,173,-157,0.4,False
4648,1FZT,A,211,4217,1BHU,A,val,102,0.24299065420560748,52,214,47,3,112,-110,0.4,False
4648,1FZT,A,211,4222,1MNL,A,train,91,0.215962441314554,46,213,43,2,122,-121,0.4,False
4648,1FZT,A,211,4223,1TBA,A,test,67,0.2132701421800948,45,211,22,0,144,-121,0.4,False
4648,1FZT,A,211,4224,1MYO,A,train,118,0.2545454545454545,56,220,53,9,102,-108,0.4,False
4648,1FZT,A,211,4225,3GRX,A,val,82,0.22065727699530516,47,213,33,2,131,-119,0.4,False
4648,1FZT,A,211,4227,1BQZ,A,test,77,0.20930232558139536,45,215,28,4,138,-125,0.4,False
4648,1FZT,A,211,4228,1BQ0,A,test,77,0.20930232558139536,45,215,28,4,138,-125,0.4,False
4648,1FZT,A,211,4230,1BUQ,A,test,125,0.25663716814159293,58,226,52,15,101,-110,0.4,False
4648,1FZT,A,211,4241,2XBD,A,train,87,0.20930232558139536,45,215,38,4,128,-125,0.4,False
4648,1FZT,A,211,4242,3MSP,A,test,126,0.24324324324324326,54,222,61,11,96,-114,0.4,False
4648,1FZT,A,211,4248,2LEF,A,train,86,0.20930232558139536,45,215,37,4,129,-125,0.4,False
4648,1FZT,A,211,4249,1XPA,A,train,113,0.2523364485981308,54,214,56,3,101,-106,0.4,False
4648,1FZT,A,211,4254,1L3G,A,val,123,0.2409090909090909,53,220,61,9,97,-114,0.4,False
4648,1FZT,A,211,4255,2IF1,A,train,126,0.24413145539906103,52,213,72,2,87,-109,0.4,False
4648,1FZT,A,211,4262,1BZF,A,train,162,0.24434389140271492,54,221,98,10,59,-113,0.4,False
4648,1FZT,A,211,4263,2NMB,A,val,147,0.24553571428571427,55,224,79,13,77,-114,0.4,False
4648,1FZT,A,211,4265,1DS9,A,train,198,0.3114754098360656,76,244,89,33,46,-92,0.4,False
4648,1FZT,A,211,4269,1GHT,A,test,105,0.2372093023255814,51,215,50,4,110,-113,0.4,False
4648,1FZT,A,211,4271,1JFJ,A,train,134,0.28444444444444444,64,225,56,14,91,-97,0.4,False
4648,1FZT,A,211,4276,1B2I,A,train,83,0.19907407407407407,43,216,35,5,133,-130,0.4,False
4648,1FZT,A,211,4281,1Z0R,A,train,53,0.17535545023696683,37,211,16,0,158,-137,0.4,False
4648,1FZT,A,211,4285,1K2H,A,test,93,0.2304147465437788,50,217,37,6,124,-117,0.4,False
4648,1FZT,A,211,4299,2F63,A,train,158,0.2807017543859649,64,228,77,17,70,-100,0.4,False
4648,1FZT,A,211,4300,2F65,A,train,158,0.2807017543859649,64,228,77,17,70,-100,0.4,False
4648,1FZT,A,211,4312,1JM4,B,train,118,0.24770642201834864,54,218,57,7,100,-110,0.4,False
4648,1FZT,A,211,4313,1ZRR,A,train,179,0.2716049382716049,66,243,81,32,64,-111,0.4,False
4648,1FZT,A,211,4334,1KQQ,A,test,131,0.2610619469026549,59,226,57,15,95,-108,0.4,False
4648,1FZT,A,211,4342,1LY7,A,train,121,0.2669683257918552,59,221,52,10,100,-103,0.4,False
4649,1G03,A,134,3322,1E8P,A,train,46,0.17777777777777778,24,135,21,1,89,-87,0.4,False
4649,1G03,A,134,4023,1Q2N,A,train,58,0.2246376811594203,31,138,23,4,80,-76,0.4,False
4649,1G03,A,134,4052,1JOO,A,val,149,0.2658959537572254,46,173,64,39,24,-81,0.4,False
4649,1G03,A,134,4053,1JOQ,A,val,149,0.2658959537572254,46,173,64,39,24,-81,0.4,False
4649,1G03,A,134,4089,2DEF,A,train,146,0.2606060606060606,43,165,72,31,19,-79,0.4,False
4649,1G03,A,134,4090,2EZH,A,val,65,0.20588235294117646,28,136,35,2,71,-80,0.4,False
4649,1G03,A,134,4114,1A5J,A,train,110,0.23776223776223776,34,143,67,9,33,-75,0.4,False
4649,1G03,A,134,4129,1Q80,A,train,174,0.25,48,192,68,58,18,-96,0.4,False
4649,1G03,A,134,4141,1NK2,P,train,77,0.23357664233576642,32,137,42,3,60,-73,0.4,False
4649,1G03,A,134,4147,1H95,A,train,79,0.21739130434782608,30,138,45,4,59,-78,0.4,False
4649,1G03,A,134,4153,1RXR,A,train,83,0.20588235294117646,28,136,53,2,53,-80,0.4,False
4649,1G03,A,134,4155,1EOT,A,train,74,0.20588235294117646,28,136,44,2,62,-80,0.4,False
4649,1G03,A,134,4156,1BJX,A,train,110,0.23776223776223776,34,143,67,9,33,-75,0.4,False
4649,1G03,A,134,4173,1BM6,A,train,173,0.23626373626373626,43,182,82,48,9,-96,0.4,False
4649,1G03,A,134,4177,1BO0,A,train,76,0.2028985507246377,28,138,44,4,62,-82,0.4,False
4649,1G03,A,134,4184,1EH2,A,train,95,0.2446043165467626,34,139,56,5,44,-71,0.4,False
4649,1G03,A,134,4186,1BLR,A,val,137,0.2138364779874214,34,159,78,25,22,-91,0.4,False
4649,1G03,A,134,4188,1BCI,A,test,123,0.1986754966887417,30,151,76,17,28,-91,0.4,False
4649,1G03,A,134,4197,2CPS,A,train,50,0.17777777777777778,24,135,25,1,85,-87,0.4,False
4649,1G03,A,134,4198,1BR0,A,train,120,0.23448275862068965,34,145,75,11,25,-77,0.4,False
4649,1G03,A,134,4199,3NLA,A,train,73,0.1925925925925926,26,135,46,1,62,-83,0.4,False
4649,1G03,A,134,4202,1BA9,A,train,153,0.2235294117647059,38,170,79,36,17,-94,0.4,False
4649,1G03,A,134,4206,1MFN,A,train,184,0.2562814070351759,51,199,68,65,15,-97,0.4,False
4649,1G03,A,134,4207,2ORC,A,train,71,0.24087591240875914,33,137,35,3,66,-71,0.4,False
4649,1G03,A,134,4209,2CPB,A,train,50,0.17777777777777778,24,135,25,1,85,-87,0.4,False
4649,1G03,A,134,4214,2TMP,A,train,127,0.2565789473684211,39,152,70,18,25,-74,0.4,False
4649,1G03,A,134,4215,1SSN,A,train,136,0.2088607594936709,33,158,79,24,22,-92,0.4,False
4649,1G03,A,134,4216,1BHI,A,train,38,0.14814814814814814,20,135,17,1,97,-95,0.4,False
4649,1G03,A,134,4217,1BHU,A,val,102,0.2323943661971831,33,142,61,8,40,-76,0.4,False
4649,1G03,A,134,4222,1MNL,A,train,91,0.2323943661971831,33,142,50,8,51,-76,0.4,False
4649,1G03,A,134,4223,1TBA,A,test,67,0.2074074074074074,28,135,38,1,68,-79,0.4,False
4649,1G03,A,134,4224,1MYO,A,train,118,0.24489795918367346,36,147,69,13,29,-75,0.4,False
4649,1G03,A,134,4225,3GRX,A,val,82,0.24113475177304963,34,141,41,7,59,-73,0.4,False
4649,1G03,A,134,4227,1BQZ,A,test,77,0.208955223880597,28,134,49,0,57,-78,0.4,False
4649,1G03,A,134,4228,1BQ0,A,test,77,0.208955223880597,28,134,49,0,57,-78,0.4,False
4649,1G03,A,134,4230,1BUQ,A,test,125,0.2582781456953642,39,151,69,17,26,-73,0.4,False
4649,1G03,A,134,4241,2XBD,A,train,87,0.21897810218978103,30,137,54,3,50,-77,0.4,False
4649,1G03,A,134,4242,3MSP,A,test,126,0.23333333333333334,35,150,75,16,24,-80,0.4,False
4649,1G03,A,134,4248,2LEF,A,train,86,0.2426470588235294,33,136,51,2,50,-70,0.4,False
4649,1G03,A,134,4249,1XPA,A,train,113,0.23684210526315788,36,152,59,18,39,-80,0.4,False
4649,1G03,A,134,4254,1L3G,A,val,123,0.21621621621621623,32,148,77,14,25,-84,0.4,False
4649,1G03,A,134,4255,2IF1,A,train,126,0.24836601307189543,38,153,69,19,27,-77,0.4,False
4649,1G03,A,134,4262,1BZF,A,train,162,0.21637426900584794,37,171,88,37,9,-97,0.4,False
4649,1G03,A,134,4263,2NMB,A,val,147,0.24550898203592814,41,167,73,33,20,-85,0.4,False
4649,1G03,A,134,4265,1DS9,A,train,198,0.22167487684729065,45,203,84,69,5,-113,0.4,False
4649,1G03,A,134,4269,1GHT,A,test,105,0.2517482517482518,36,143,60,9,38,-71,0.4,False
4649,1G03,A,134,4271,1JFJ,A,train,134,0.22929936305732485,36,157,75,23,23,-85,0.4,False
4649,1G03,A,134,4276,1B2I,A,train,83,0.2112676056338028,30,142,45,8,59,-82,0.4,False
4649,1G03,A,134,4281,1Z0R,A,train,53,0.17037037037037037,23,135,29,1,82,-89,0.4,False
4649,1G03,A,134,4285,1K2H,A,test,93,0.2318840579710145,32,138,57,4,45,-74,0.4,False
4649,1G03,A,134,4299,2F63,A,train,158,0.27586206896551724,48,174,70,40,16,-78,0.4,False
4649,1G03,A,134,4300,2F65,A,train,158,0.27586206896551724,48,174,70,40,16,-78,0.4,False
4649,1G03,A,134,4312,1JM4,B,train,118,0.2602739726027397,38,146,68,12,28,-70,0.4,False
4649,1G03,A,134,4313,1ZRR,A,train,179,0.2564102564102564,50,195,68,61,16,-95,0.4,False
4649,1G03,A,134,4334,1KQQ,A,test,131,0.27044025157232704,43,159,63,25,28,-73,0.4,False
4649,1G03,A,134,4342,1LY7,A,train,121,0.2641509433962264,42,159,54,25,38,-75,0.4,False
4661,1C15,A,97,3322,1E8P,A,train,46,0.17346938775510204,17,98,28,1,52,-64,0.4,False
4661,1C15,A,97,4023,1Q2N,A,train,58,0.29,29,100,26,3,42,-42,0.4,False
4661,1C15,A,97,4052,1JOO,A,val,149,0.23870967741935484,37,155,54,58,6,-81,0.4,False
4661,1C15,A,97,4053,1JOQ,A,val,149,0.23870967741935484,37,155,54,58,6,-81,0.4,False
4661,1C15,A,97,4089,2DEF,A,train,146,0.25477707006369427,40,157,46,60,11,-77,0.4,False
4661,1C15,A,97,4090,2EZH,A,val,65,0.18811881188118812,19,101,42,4,36,-63,0.4,False
4661,1C15,A,97,4114,1A5J,A,train,110,0.23770491803278687,29,122,56,25,12,-64,0.4,False
4661,1C15,A,97,4129,1Q80,A,train,174,0.2303370786516854,41,178,52,81,4,-96,0.4,False
4661,1C15,A,97,4141,1NK2,P,train,77,0.23,23,100,51,3,23,-54,0.4,False
4661,1C15,A,97,4147,1H95,A,train,79,0.24528301886792453,26,106,44,9,27,-54,0.4,False
4661,1C15,A,97,4153,1RXR,A,train,83,0.21359223300970873,22,103,55,6,20,-59,0.4,False
4661,1C15,A,97,4155,1EOT,A,train,74,0.23076923076923078,24,104,43,7,30,-56,0.4,False
4661,1C15,A,97,4156,1BJX,A,train,110,0.24390243902439024,30,123,54,26,13,-63,0.4,False
4661,1C15,A,97,4173,1BM6,A,train,173,0.22413793103448276,39,174,57,77,1,-96,0.4,False
4661,1C15,A,97,4177,1BO0,A,train,76,0.18627450980392157,19,102,52,5,26,-64,0.4,False
4661,1C15,A,97,4184,1EH2,A,train,95,0.2905982905982906,34,117,41,20,22,-49,0.4,False
4661,1C15,A,97,4186,1BLR,A,val,137,0.25,36,144,54,47,7,-72,0.4,False
4661,1C15,A,97,4188,1BCI,A,test,123,0.22556390977443608,30,133,57,36,10,-73,0.4,False
4661,1C15,A,97,4197,2CPS,A,train,50,0.23300970873786409,24,103,20,6,53,-55,0.4,False
4661,1C15,A,97,4198,1BR0,A,train,120,0.2462686567164179,33,134,50,37,14,-68,0.4,False
4661,1C15,A,97,4199,3NLA,A,train,73,0.2524271844660194,26,103,41,6,30,-51,0.4,False
4661,1C15,A,97,4202,1BA9,A,train,153,0.22641509433962265,36,159,55,62,6,-87,0.4,False
4661,1C15,A,97,4206,1MFN,A,train,184,0.2127659574468085,40,188,53,91,4,-108,0.4,False
4661,1C15,A,97,4207,2ORC,A,train,71,0.25,26,104,38,7,33,-52,0.4,False
4661,1C15,A,97,4209,2CPB,A,train,50,0.23300970873786409,24,103,20,6,53,-55,0.4,False
4661,1C15,A,97,4214,2TMP,A,train,127,0.2361111111111111,34,144,46,47,17,-76,0.4,False
4661,1C15,A,97,4215,1SSN,A,train,136,0.22535211267605634,32,142,59,45,6,-78,0.4,False
4661,1C15,A,97,4216,1BHI,A,train,38,0.17,17,100,18,3,62,-66,0.4,False
4661,1C15,A,97,4217,1BHU,A,val,102,0.2459016393442623,30,122,47,25,20,-62,0.4,False
4661,1C15,A,97,4222,1MNL,A,train,91,0.25663716814159293,29,113,46,16,22,-55,0.4,False
4661,1C15,A,97,4223,1TBA,A,test,67,0.23469387755102042,23,98,43,1,31,-52,0.4,False
4661,1C15,A,97,4224,1MYO,A,train,118,0.2781954887218045,37,133,45,36,15,-59,0.4,False
4661,1C15,A,97,4225,3GRX,A,val,82,0.27884615384615385,29,104,46,7,22,-46,0.4,False
4661,1C15,A,97,4227,1BQZ,A,test,77,0.22549019607843138,23,102,49,5,25,-56,0.4,False
4661,1C15,A,97,4228,1BQ0,A,test,77,0.22549019607843138,23,102,49,5,25,-56,0.4,False
4661,1C15,A,97,4230,1BUQ,A,test,125,0.23308270676691728,31,133,58,36,8,-71,0.4,False
4661,1C15,A,97,4241,2XBD,A,train,87,0.20909090909090908,23,110,51,13,23,-64,0.4,False
4661,1C15,A,97,4242,3MSP,A,test,126,0.21897810218978103,30,137,56,40,11,-77,0.4,False
4661,1C15,A,97,4248,2LEF,A,train,86,0.22935779816513763,25,109,49,12,23,-59,0.4,False
4661,1C15,A,97,4249,1XPA,A,train,113,0.226890756302521,27,119,64,22,6,-65,0.4,False
4661,1C15,A,97,4254,1L3G,A,val,123,0.25547445255474455,35,137,48,40,14,-67,0.4,False
4661,1C15,A,97,4255,2IF1,A,train,126,0.2318840579710145,32,138,53,41,12,-74,0.4,False
4661,1C15,A,97,4262,1BZF,A,train,162,0.22485207100591717,38,169,52,72,7,-93,0.4,False
4661,1C15,A,97,4263,2NMB,A,val,147,0.2229299363057325,35,157,52,60,10,-87,0.4,False
4661,1C15,A,97,4265,1DS9,A,train,198,0.23880597014925373,48,201,46,104,3,-105,0.4,False
4661,1C15,A,97,4269,1GHT,A,test,105,0.2682926829268293,33,123,46,26,18,-57,0.4,False
4661,1C15,A,97,4271,1JFJ,A,train,134,0.2605633802816901,37,142,52,45,8,-68,0.4,False
4661,1C15,A,97,4276,1B2I,A,train,83,0.24299065420560748,26,107,47,10,24,-55,0.4,False
4661,1C15,A,97,4281,1Z0R,A,train,53,0.21428571428571427,21,98,31,1,45,-56,0.4,False
4661,1C15,A,97,4285,1K2H,A,test,93,0.26126126126126126,29,111,50,14,18,-53,0.4,False
4661,1C15,A,97,4299,2F63,A,train,158,0.2545454545454545,42,165,48,68,7,-81,0.4,False
4661,1C15,A,97,4300,2F65,A,train,158,0.2545454545454545,42,165,48,68,7,-81,0.4,False
4661,1C15,A,97,4312,1JM4,B,train,118,0.26717557251908397,35,131,49,34,13,-61,0.4,False
4661,1C15,A,97,4313,1ZRR,A,train,179,0.2185792349726776,40,183,53,86,4,-103,0.4,False
4661,1C15,A,97,4334,1KQQ,A,test,131,0.21804511278195488,29,133,66,36,2,-75,0.4,False
4661,1C15,A,97,4342,1LY7,A,train,121,0.2713178294573643,35,129,54,32,8,-59,0.4,False
4663,1C3T,A,76,3322,1E8P,A,train,46,0.22077922077922077,17,77,28,1,31,-43,0.4,False
4663,1C3T,A,76,4023,1Q2N,A,train,58,0.2375,19,80,35,4,22,-42,0.4,False
4663,1C3T,A,76,4052,1JOO,A,val,149,0.26973684210526316,41,152,32,76,3,-70,0.4,False
4663,1C3T,A,76,4053,1JOQ,A,val,149,0.26973684210526316,41,152,32,76,3,-70,0.4,False
4663,1C3T,A,76,4089,2DEF,A,train,146,0.25165562913907286,38,151,33,75,5,-75,0.4,False
4663,1C3T,A,76,4090,2EZH,A,val,65,0.23529411764705882,20,85,36,9,20,-45,0.4,False
4663,1C3T,A,76,4114,1A5J,A,train,110,0.2711864406779661,32,118,36,42,8,-54,0.4,False
4663,1C3T,A,76,4129,1Q80,A,train,174,0.21910112359550563,39,178,33,102,4,-100,0.4,False
4663,1C3T,A,76,4141,1NK2,P,train,77,0.2708333333333333,26,96,31,20,19,-44,0.4,False
4663,1C3T,A,76,4147,1H95,A,train,79,0.2808988764044944,25,89,41,13,10,-39,0.4,False
4663,1C3T,A,76,4153,1RXR,A,train,83,0.22916666666666666,22,96,41,20,13,-52,0.4,False
4663,1C3T,A,76,4155,1EOT,A,train,74,0.2608695652173913,24,92,34,16,18,-44,0.4,False
4663,1C3T,A,76,4156,1BJX,A,train,110,0.27350427350427353,32,117,37,41,7,-53,0.4,False
4663,1C3T,A,76,4173,1BM6,A,train,173,0.22033898305084745,39,177,33,101,4,-99,0.4,False
4663,1C3T,A,76,4177,1BO0,A,train,76,0.24719101123595505,22,89,41,13,13,-45,0.4,False
4663,1C3T,A,76,4184,1EH2,A,train,95,0.2549019607843137,26,102,43,26,7,-50,0.4,False
4663,1C3T,A,76,4186,1BLR,A,val,137,0.24113475177304963,34,141,38,65,4,-73,0.4,False
4663,1C3T,A,76,4188,1BCI,A,test,123,0.256,32,125,42,49,2,-61,0.4,False
4663,1C3T,A,76,4197,2CPS,A,train,50,0.19230769230769232,15,78,33,2,28,-48,0.4,False
4663,1C3T,A,76,4198,1BR0,A,train,120,0.25,31,124,41,48,4,-62,0.4,False
4663,1C3T,A,76,4199,3NLA,A,train,73,0.24705882352941178,21,85,43,9,12,-43,0.4,False
4663,1C3T,A,76,4202,1BA9,A,train,153,0.24358974358974358,38,156,35,80,3,-80,0.4,False
4663,1C3T,A,76,4206,1MFN,A,train,184,0.19047619047619047,36,189,35,113,5,-117,0.4,False
4663,1C3T,A,76,4207,2ORC,A,train,71,0.2696629213483146,24,89,34,13,18,-41,0.4,False
4663,1C3T,A,76,4209,2CPB,A,train,50,0.19230769230769232,15,78,33,2,28,-48,0.4,False
4663,1C3T,A,76,4214,2TMP,A,train,127,0.2740740740740741,37,135,31,59,8,-61,0.4,False
4663,1C3T,A,76,4215,1SSN,A,train,136,0.22627737226277372,31,137,44,61,1,-75,0.4,False
4663,1C3T,A,76,4216,1BHI,A,train,38,0.22077922077922077,17,77,20,1,39,-43,0.4,False
4663,1C3T,A,76,4217,1BHU,A,val,102,0.2831858407079646,32,113,33,37,11,-49,0.4,False
4663,1C3T,A,76,4222,1MNL,A,train,91,0.27,27,100,40,24,9,-46,0.4,False
4663,1C3T,A,76,4223,1TBA,A,test,67,0.2682926829268293,22,82,39,6,15,-38,0.4,False
4663,1C3T,A,76,4224,1MYO,A,train,118,0.265625,34,128,32,52,10,-60,0.4,False
4663,1C3T,A,76,4225,3GRX,A,val,82,0.2631578947368421,25,95,38,19,13,-45,0.4,False
4663,1C3T,A,76,4227,1BQZ,A,test,77,0.2727272727272727,24,88,41,12,11,-40,0.4,False
4663,1C3T,A,76,4228,1BQ0,A,test,77,0.2727272727272727,24,88,41,12,11,-40,0.4,False
4663,1C3T,A,76,4230,1BUQ,A,test,125,0.24603174603174602,31,126,44,50,1,-64,0.4,False
4663,1C3T,A,76,4241,2XBD,A,train,87,0.22105263157894736,21,95,47,19,8,-53,0.4,False
4663,1C3T,A,76,4242,3MSP,A,test,126,0.20930232558139536,27,129,46,53,3,-75,0.4,False
4663,1C3T,A,76,4248,2LEF,A,train,86,0.25274725274725274,23,91,48,15,5,-45,0.4,False
4663,1C3T,A,76,4249,1XPA,A,train,113,0.2605042016806723,31,119,39,43,6,-57,0.4,False
4663,1C3T,A,76,4254,1L3G,A,val,123,0.23076923076923078,30,130,39,54,7,-70,0.4,False
4663,1C3T,A,76,4255,2IF1,A,train,126,0.24060150375939848,32,133,37,57,7,-69,0.4,False
4663,1C3T,A,76,4262,1BZF,A,train,162,0.2215568862275449,37,167,34,91,5,-93,0.4,False
4663,1C3T,A,76,4263,2NMB,A,val,147,0.22818791946308725,34,149,40,73,2,-81,0.4,False
4663,1C3T,A,76,4265,1DS9,A,train,198,0.22110552763819097,44,199,31,123,1,-111,0.4,False
4663,1C3T,A,76,4269,1GHT,A,test,105,0.2920353982300885,33,113,35,37,8,-47,0.4,False
4663,1C3T,A,76,4271,1JFJ,A,train,134,0.2446043165467626,34,139,37,63,5,-71,0.4,False
4663,1C3T,A,76,4276,1B2I,A,train,83,0.21505376344086022,20,93,46,17,10,-53,0.4,False
4663,1C3T,A,76,4281,1Z0R,A,train,53,0.26582278481012656,21,79,29,3,26,-37,0.4,False
4663,1C3T,A,76,4285,1K2H,A,test,93,0.24752475247524752,25,101,43,25,8,-51,0.4,False
4663,1C3T,A,76,4299,2F63,A,train,158,0.22699386503067484,37,163,34,87,5,-89,0.4,False
4663,1C3T,A,76,4300,2F65,A,train,158,0.22699386503067484,37,163,34,87,5,-89,0.4,False
4663,1C3T,A,76,4312,1JM4,B,train,118,0.25203252032520324,31,123,40,47,5,-61,0.4,False
4663,1C3T,A,76,4313,1ZRR,A,train,179,0.21311475409836064,39,183,33,107,4,-105,0.4,False
4663,1C3T,A,76,4334,1KQQ,A,test,131,0.24444444444444444,33,135,39,59,4,-69,0.4,False
4663,1C3T,A,76,4342,1LY7,A,train,121,0.248,31,125,41,49,4,-63,0.4,False
4664,1JZU,A,157,3322,1E8P,A,train,46,0.14012738853503184,22,157,24,0,111,-113,0.4,False
4664,1JZU,A,157,4023,1Q2N,A,train,58,0.18354430379746836,29,158,28,1,100,-100,0.4,False
4664,1JZU,A,157,4052,1JOO,A,val,149,0.2768361581920904,49,177,80,20,28,-79,0.4,False
4664,1JZU,A,157,4053,1JOQ,A,val,149,0.2768361581920904,49,177,80,20,28,-79,0.4,False
4664,1JZU,A,157,4089,2DEF,A,train,146,0.25555555555555554,46,180,77,23,34,-88,0.4,False
4664,1JZU,A,157,4090,2EZH,A,val,65,0.2389937106918239,38,159,25,2,94,-83,0.4,False
4664,1JZU,A,157,4114,1A5J,A,train,110,0.25443786982248523,43,169,55,12,59,-83,0.4,False
4664,1JZU,A,157,4129,1Q80,A,train,174,0.265625,51,192,88,35,18,-90,0.4,False
4664,1JZU,A,157,4141,1NK2,P,train,77,0.20253164556962025,32,158,44,1,81,-94,0.4,False
4664,1JZU,A,157,4147,1H95,A,train,79,0.22151898734177214,35,158,43,1,79,-88,0.4,False
4664,1JZU,A,157,4153,1RXR,A,train,83,0.2360248447204969,38,161,41,4,78,-85,0.4,False
4664,1JZU,A,157,4155,1EOT,A,train,74,0.19745222929936307,31,157,43,0,83,-95,0.4,False
4664,1JZU,A,157,4156,1BJX,A,train,110,0.2619047619047619,44,168,55,11,58,-80,0.4,False
4664,1JZU,A,157,4173,1BM6,A,train,173,0.23958333333333334,46,192,92,35,19,-100,0.4,False
4664,1JZU,A,157,4177,1BO0,A,train,76,0.2125,34,160,39,3,84,-92,0.4,False
4664,1JZU,A,157,4184,1EH2,A,train,95,0.2654320987654321,43,162,47,5,67,-76,0.4,False
4664,1JZU,A,157,4186,1BLR,A,val,137,0.2832369942196532,49,173,72,16,36,-75,0.4,False
4664,1JZU,A,157,4188,1BCI,A,test,123,0.27906976744186046,48,172,60,15,49,-76,0.4,False
4664,1JZU,A,157,4197,2CPS,A,train,50,0.17197452229299362,27,157,23,0,107,-103,0.4,False
4664,1JZU,A,157,4198,1BR0,A,train,120,0.2469879518072289,41,166,70,9,46,-84,0.4,False
4664,1JZU,A,157,4199,3NLA,A,train,73,0.20496894409937888,33,161,36,4,88,-95,0.4,False
4664,1JZU,A,157,4202,1BA9,A,train,153,0.23837209302325582,41,172,97,15,19,-90,0.4,False
4664,1JZU,A,157,4206,1MFN,A,train,184,0.25870646766169153,52,201,88,44,17,-97,0.4,False
4664,1JZU,A,157,4207,2ORC,A,train,71,0.2356687898089172,37,157,34,0,86,-83,0.4,False
4664,1JZU,A,157,4209,2CPB,A,train,50,0.17197452229299362,27,157,23,0,107,-103,0.4,False
4664,1JZU,A,157,4214,2TMP,A,train,127,0.2573099415204678,44,171,69,14,44,-83,0.4,False
4664,1JZU,A,157,4215,1SSN,A,train,136,0.27325581395348836,47,172,74,15,36,-78,0.4,False
4664,1JZU,A,157,4216,1BHI,A,train,38,0.14012738853503184,22,157,16,0,119,-113,0.4,False
4664,1JZU,A,157,4217,1BHU,A,val,102,0.26380368098159507,43,163,53,6,61,-77,0.4,False
4664,1JZU,A,157,4222,1MNL,A,train,91,0.2422360248447205,39,161,48,4,70,-83,0.4,False
4664,1JZU,A,157,4223,1TBA,A,test,67,0.20496894409937888,33,161,30,4,94,-95,0.4,False
4664,1JZU,A,157,4224,1MYO,A,train,118,0.2619047619047619,44,168,63,11,50,-80,0.4,False
4664,1JZU,A,157,4225,3GRX,A,val,82,0.2236024844720497,36,161,42,4,79,-89,0.4,False
4664,1JZU,A,157,4227,1BQZ,A,test,77,0.2546583850931677,41,161,32,4,84,-79,0.4,False
4664,1JZU,A,157,4228,1BQ0,A,test,77,0.2546583850931677,41,161,32,4,84,-79,0.4,False
4664,1JZU,A,157,4230,1BUQ,A,test,125,0.25766871165644173,42,163,77,6,38,-79,0.4,False
4664,1JZU,A,157,4241,2XBD,A,train,87,0.20754716981132076,33,159,52,2,72,-93,0.4,False
4664,1JZU,A,157,4242,3MSP,A,test,126,0.25862068965517243,45,174,64,17,48,-84,0.4,False
4664,1JZU,A,157,4248,2LEF,A,train,86,0.27388535031847133,43,157,43,0,71,-71,0.4,False
4664,1JZU,A,157,4249,1XPA,A,train,113,0.25443786982248523,43,169,58,12,56,-83,0.4,False
4664,1JZU,A,157,4254,1L3G,A,val,123,0.23076923076923078,39,169,72,12,46,-91,0.4,False
4664,1JZU,A,157,4255,2IF1,A,train,126,0.25595238095238093,43,168,72,11,42,-82,0.4,False
4664,1JZU,A,157,4262,1BZF,A,train,162,0.2568306010928962,47,183,89,26,21,-89,0.4,False
4664,1JZU,A,157,4263,2NMB,A,val,147,0.24855491329479767,43,173,88,16,26,-87,0.4,False
4664,1JZU,A,157,4265,1DS9,A,train,198,0.27102803738317754,58,214,83,57,16,-98,0.4,False
4664,1JZU,A,157,4269,1GHT,A,test,105,0.2647058823529412,45,170,47,13,65,-80,0.4,False
4664,1JZU,A,157,4271,1JFJ,A,train,134,0.2658959537572254,46,173,72,16,39,-81,0.4,False
4664,1JZU,A,157,4276,1B2I,A,train,83,0.21518987341772153,34,158,48,1,75,-90,0.4,False
4664,1JZU,A,157,4281,1Z0R,A,train,53,0.18238993710691823,29,159,22,2,106,-101,0.4,False
4664,1JZU,A,157,4285,1K2H,A,test,93,0.22699386503067484,37,163,50,6,70,-89,0.4,False
4664,1JZU,A,157,4299,2F63,A,train,158,0.2760416666666667,53,192,70,35,34,-86,0.4,False
4664,1JZU,A,157,4300,2F65,A,train,158,0.2760416666666667,53,192,70,35,34,-86,0.4,False
4664,1JZU,A,157,4312,1JM4,B,train,118,0.23493975903614459,39,166,70,9,48,-88,0.4,False
4664,1JZU,A,157,4313,1ZRR,A,train,179,0.24509803921568626,50,204,82,47,25,-104,0.4,False
4664,1JZU,A,157,4334,1KQQ,A,test,131,0.26744186046511625,46,172,70,15,41,-80,0.4,False
4664,1JZU,A,157,4342,1LY7,A,train,121,0.2545454545454545,42,165,71,8,44,-81,0.4,False
4666,1DCZ,A,77,3322,1E8P,A,train,46,0.225,18,80,25,3,34,-44,0.4,False
4666,1DCZ,A,77,4023,1Q2N,A,train,58,0.2608695652173913,24,92,19,15,34,-44,0.4,False
4666,1DCZ,A,77,4052,1JOO,A,val,149,0.27741935483870966,43,155,28,78,6,-69,0.4,False
4666,1DCZ,A,77,4053,1JOQ,A,val,149,0.27741935483870966,43,155,28,78,6,-69,0.4,False
4666,1DCZ,A,77,4089,2DEF,A,train,146,0.24,36,150,37,73,4,-78,0.4,False
4666,1DCZ,A,77,4090,2EZH,A,val,65,0.2235294117647059,19,85,38,8,20,-47,0.4,False
4666,1DCZ,A,77,4114,1A5J,A,train,110,0.2608695652173913,30,115,42,38,5,-55,0.4,False
4666,1DCZ,A,77,4129,1Q80,A,train,174,0.20454545454545456,36,176,39,99,2,-104,0.4,False
4666,1DCZ,A,77,4141,1NK2,P,train,77,0.21951219512195122,18,82,54,5,5,-46,0.4,False
4666,1DCZ,A,77,4147,1H95,A,train,79,0.28421052631578947,27,95,34,18,16,-41,0.4,False
4666,1DCZ,A,77,4153,1RXR,A,train,83,0.24731182795698925,23,93,44,16,10,-47,0.4,False
4666,1DCZ,A,77,4155,1EOT,A,train,74,0.26436781609195403,23,87,41,10,13,-41,0.4,False
4666,1DCZ,A,77,4156,1BJX,A,train,110,0.2727272727272727,33,121,33,44,11,-55,0.4,False
4666,1DCZ,A,77,4173,1BM6,A,train,173,0.1907514450867052,33,173,44,96,0,-107,0.4,False
4666,1DCZ,A,77,4177,1BO0,A,train,76,0.2235294117647059,19,85,49,8,9,-47,0.4,False
4666,1DCZ,A,77,4184,1EH2,A,train,95,0.2549019607843137,26,102,44,25,7,-50,0.4,False
4666,1DCZ,A,77,4186,1BLR,A,val,137,0.26618705035971224,37,139,38,62,2,-65,0.4,False
4666,1DCZ,A,77,4188,1BCI,A,test,123,0.24193548387096775,30,124,46,47,1,-64,0.4,False
4666,1DCZ,A,77,4197,2CPS,A,train,50,0.2564102564102564,20,78,29,1,28,-38,0.4,False
4666,1DCZ,A,77,4198,1BR0,A,train,120,0.234375,30,128,39,51,8,-68,0.4,False
4666,1DCZ,A,77,4199,3NLA,A,train,73,0.2840909090909091,25,88,37,11,15,-38,0.4,False
4666,1DCZ,A,77,4202,1BA9,A,train,153,0.2532467532467532,39,154,37,77,1,-76,0.4,False
4666,1DCZ,A,77,4206,1MFN,A,train,184,0.21621621621621623,40,185,36,108,1,-105,0.4,False
4666,1DCZ,A,77,4207,2ORC,A,train,71,0.2808988764044944,25,89,34,12,18,-39,0.4,False
4666,1DCZ,A,77,4209,2CPB,A,train,50,0.2564102564102564,20,78,29,1,28,-38,0.4,False
4666,1DCZ,A,77,4214,2TMP,A,train,127,0.234375,30,128,46,51,1,-68,0.4,False
4666,1DCZ,A,77,4215,1SSN,A,train,136,0.2695035460992908,38,141,34,64,5,-65,0.4,False
4666,1DCZ,A,77,4216,1BHI,A,train,38,0.21518987341772153,17,79,19,2,41,-45,0.4,False
4666,1DCZ,A,77,4217,1BHU,A,val,102,0.3,33,110,36,33,8,-44,0.4,False
4666,1DCZ,A,77,4222,1MNL,A,train,91,0.27450980392156865,28,102,38,25,11,-46,0.4,False
4666,1DCZ,A,77,4223,1TBA,A,test,67,0.25882352941176473,22,85,37,8,18,-41,0.4,False
4666,1DCZ,A,77,4224,1MYO,A,train,118,0.28225806451612906,35,124,36,47,6,-54,0.4,False
4666,1DCZ,A,77,4225,3GRX,A,val,82,0.25274725274725274,23,91,45,14,9,-45,0.4,False
4666,1DCZ,A,77,4227,1BQZ,A,test,77,0.31521739130434784,29,92,33,15,15,-34,0.4,False
4666,1DCZ,A,77,4228,1BQ0,A,test,77,0.31521739130434784,29,92,33,15,15,-34,0.4,False
4666,1DCZ,A,77,4230,1BUQ,A,test,125,0.2706766917293233,36,133,33,56,8,-61,0.4,False
4666,1DCZ,A,77,4241,2XBD,A,train,87,0.24210526315789474,23,95,46,18,8,-49,0.4,False
4666,1DCZ,A,77,4242,3MSP,A,test,126,0.2283464566929134,29,127,47,50,1,-69,0.4,False
4666,1DCZ,A,77,4248,2LEF,A,train,86,0.2549019607843137,26,102,35,25,16,-50,0.4,False
4666,1DCZ,A,77,4249,1XPA,A,train,113,0.25210084033613445,30,119,41,42,6,-59,0.4,False
4666,1DCZ,A,77,4254,1L3G,A,val,123,0.23809523809523808,30,126,44,49,3,-66,0.4,False
4666,1DCZ,A,77,4255,2IF1,A,train,126,0.2366412213740458,31,131,41,54,5,-69,0.4,False
4666,1DCZ,A,77,4262,1BZF,A,train,162,0.2469879518072289,41,166,32,89,4,-84,0.4,False
4666,1DCZ,A,77,4263,2NMB,A,val,147,0.23529411764705882,36,153,35,76,6,-81,0.4,False
4666,1DCZ,A,77,4265,1DS9,A,train,198,0.20707070707070707,41,198,36,121,0,-116,0.4,False
4666,1DCZ,A,77,4269,1GHT,A,test,105,0.2803738317757009,30,107,45,30,2,-47,0.4,False
4666,1DCZ,A,77,4271,1JFJ,A,train,134,0.2536231884057971,35,138,38,61,4,-68,0.4,False
4666,1DCZ,A,77,4276,1B2I,A,train,83,0.19101123595505617,17,89,54,12,6,-55,0.4,False
4666,1DCZ,A,77,4281,1Z0R,A,train,53,0.24390243902439024,20,82,28,5,29,-42,0.4,False
4666,1DCZ,A,77,4285,1K2H,A,test,93,0.2871287128712871,29,101,40,24,8,-43,0.4,False
4666,1DCZ,A,77,4299,2F63,A,train,158,0.25625,41,160,34,83,2,-78,0.4,False
4666,1DCZ,A,77,4300,2F65,A,train,158,0.25625,41,160,34,83,2,-78,0.4,False
4666,1DCZ,A,77,4312,1JM4,B,train,118,0.25203252032520324,31,123,41,46,5,-61,0.4,False
4666,1DCZ,A,77,4313,1ZRR,A,train,179,0.21666666666666667,39,180,37,103,1,-102,0.4,False
4666,1DCZ,A,77,4334,1KQQ,A,test,131,0.23134328358208955,31,134,43,57,3,-72,0.4,False
4666,1DCZ,A,77,4342,1LY7,A,train,121,0.24390243902439024,30,123,45,46,2,-63,0.4,False
4668,1IX5,A,151,3322,1E8P,A,train,46,0.11258278145695365,17,151,29,0,105,-117,0.4,False
4668,1IX5,A,151,4023,1Q2N,A,train,58,0.19205298013245034,29,151,29,0,93,-93,0.4,False
4668,1IX5,A,151,4052,1JOO,A,val,149,0.26136363636363635,46,176,78,25,27,-84,0.4,False
4668,1IX5,A,151,4053,1JOQ,A,val,149,0.26136363636363635,46,176,78,25,27,-84,0.4,False
4668,1IX5,A,151,4089,2DEF,A,train,146,0.3149171270718232,57,181,59,30,35,-67,0.4,False
4668,1IX5,A,151,4090,2EZH,A,val,65,0.21052631578947367,32,152,32,1,87,-88,0.4,False
4668,1IX5,A,151,4114,1A5J,A,train,110,0.27388535031847133,43,157,61,6,47,-71,0.4,False
4668,1IX5,A,151,4129,1Q80,A,train,174,0.28061224489795916,55,196,74,45,22,-86,0.4,False
4668,1IX5,A,151,4141,1NK2,P,train,77,0.21568627450980393,33,153,42,2,76,-87,0.4,False
4668,1IX5,A,151,4147,1H95,A,train,79,0.24516129032258063,38,155,37,4,76,-79,0.4,False
4668,1IX5,A,151,4153,1RXR,A,train,83,0.2077922077922078,32,154,48,3,71,-90,0.4,False
4668,1IX5,A,151,4155,1EOT,A,train,74,0.20394736842105263,31,152,42,1,78,-90,0.4,False
4668,1IX5,A,151,4156,1BJX,A,train,110,0.28205128205128205,44,156,61,5,46,-68,0.4,False
4668,1IX5,A,151,4173,1BM6,A,train,173,0.26153846153846155,51,195,78,44,22,-93,0.4,False
4668,1IX5,A,151,4177,1BO0,A,train,76,0.21428571428571427,33,154,40,3,78,-88,0.4,False
4668,1IX5,A,151,4184,1EH2,A,train,95,0.25316455696202533,40,158,48,7,63,-78,0.4,False
4668,1IX5,A,151,4186,1BLR,A,val,137,0.2823529411764706,48,170,70,19,33,-74,0.4,False
4668,1IX5,A,151,4188,1BCI,A,test,123,0.26506024096385544,44,166,64,15,43,-78,0.4,False
4668,1IX5,A,151,4197,2CPS,A,train,50,0.1986754966887417,30,151,20,0,101,-91,0.4,False
4668,1IX5,A,151,4198,1BR0,A,train,120,0.2804878048780488,46,164,61,13,44,-72,0.4,False
4668,1IX5,A,151,4199,3NLA,A,train,73,0.2251655629139073,34,151,39,0,78,-83,0.4,False
4668,1IX5,A,151,4202,1BA9,A,train,153,0.2756756756756757,51,185,68,34,32,-83,0.4,False
4668,1IX5,A,151,4206,1MFN,A,train,184,0.270935960591133,55,203,77,52,19,-93,0.4,False
4668,1IX5,A,151,4207,2ORC,A,train,71,0.2251655629139073,34,151,37,0,80,-83,0.4,False
4668,1IX5,A,151,4209,2CPB,A,train,50,0.1986754966887417,30,151,20,0,101,-91,0.4,False
4668,1IX5,A,151,4214,2TMP,A,train,127,0.27011494252873564,47,174,57,23,47,-80,0.4,False
4668,1IX5,A,151,4215,1SSN,A,train,136,0.3128491620111732,56,179,52,28,43,-67,0.4,False
4668,1IX5,A,151,4216,1BHI,A,train,38,0.1568627450980392,24,153,12,2,115,-105,0.4,False
4668,1IX5,A,151,4217,1BHU,A,val,102,0.23225806451612904,36,155,62,4,53,-83,0.4,False
4668,1IX5,A,151,4222,1MNL,A,train,91,0.25157232704402516,40,159,43,8,68,-79,0.4,False
4668,1IX5,A,151,4223,1TBA,A,test,67,0.21710526315789475,33,152,33,1,85,-86,0.4,False
4668,1IX5,A,151,4224,1MYO,A,train,118,0.2865853658536585,47,164,58,13,46,-70,0.4,False
4668,1IX5,A,151,4225,3GRX,A,val,82,0.22875816993464052,35,153,45,2,71,-83,0.4,False
4668,1IX5,A,151,4227,1BQZ,A,test,77,0.25,39,156,33,5,79,-78,0.4,False
4668,1IX5,A,151,4228,1BQ0,A,test,77,0.25,39,156,33,5,79,-78,0.4,False
4668,1IX5,A,151,4230,1BUQ,A,test,125,0.2777777777777778,45,162,69,11,37,-72,0.4,False
4668,1IX5,A,151,4241,2XBD,A,train,87,0.2077922077922078,32,154,52,3,67,-90,0.4,False
4668,1IX5,A,151,4242,3MSP,A,test,126,0.25903614457831325,43,166,68,15,40,-80,0.4,False
4668,1IX5,A,151,4248,2LEF,A,train,86,0.24025974025974026,37,154,46,3,68,-80,0.4,False
4668,1IX5,A,151,4249,1XPA,A,train,113,0.24528301886792453,39,159,66,8,46,-81,0.4,False
4668,1IX5,A,151,4254,1L3G,A,val,123,0.2484472049689441,40,161,73,10,38,-81,0.4,False
4668,1IX5,A,151,4255,2IF1,A,train,126,0.26380368098159507,43,163,71,12,37,-77,0.4,False
4668,1IX5,A,151,4262,1BZF,A,train,162,0.2931937172774869,56,191,66,40,29,-79,0.4,False
4668,1IX5,A,151,4263,2NMB,A,val,147,0.25287356321839083,44,174,80,23,27,-86,0.4,False
4668,1IX5,A,151,4265,1DS9,A,train,198,0.2676056338028169,57,213,79,62,15,-99,0.4,False
4668,1IX5,A,151,4269,1GHT,A,test,105,0.2611464968152866,41,157,58,6,52,-75,0.4,False
4668,1IX5,A,151,4271,1JFJ,A,train,134,0.281437125748503,47,167,71,16,33,-73,0.4,False
4668,1IX5,A,151,4276,1B2I,A,train,83,0.2077922077922078,32,154,48,3,71,-90,0.4,False
4668,1IX5,A,151,4281,1Z0R,A,train,53,0.21052631578947367,32,152,20,1,99,-88,0.4,False
4668,1IX5,A,151,4285,1K2H,A,test,93,0.25477707006369427,40,157,47,6,64,-77,0.4,False
4668,1IX5,A,151,4299,2F63,A,train,158,0.266304347826087,49,184,76,33,26,-86,0.4,False
4668,1IX5,A,151,4300,2F65,A,train,158,0.266304347826087,49,184,76,33,26,-86,0.4,False
4668,1IX5,A,151,4312,1JM4,B,train,118,0.24203821656050956,38,157,74,6,39,-81,0.4,False
4668,1IX5,A,151,4313,1ZRR,A,train,179,0.25888324873096447,51,197,82,46,18,-95,0.4,False
4668,1IX5,A,151,4334,1KQQ,A,test,131,0.23952095808383234,40,167,75,16,36,-87,0.4,False
4668,1IX5,A,151,4342,1LY7,A,train,121,0.27607361963190186,45,163,64,12,42,-73,0.4,False
4677,1EXK,A,79,3322,1E8P,A,train,46,0.2,16,80,29,1,34,-48,0.4,False
4677,1EXK,A,79,4023,1Q2N,A,train,58,0.15,12,80,45,1,22,-56,0.4,False
4677,1EXK,A,79,4052,1JOO,A,val,149,0.22151898734177214,35,158,35,79,9,-88,0.4,False
4677,1EXK,A,79,4053,1JOQ,A,val,149,0.22151898734177214,35,158,35,79,9,-88,0.4,False
4677,1EXK,A,79,4089,2DEF,A,train,146,0.19047619047619047,28,147,50,68,1,-91,0.4,False
4677,1EXK,A,79,4090,2EZH,A,val,65,0.1927710843373494,16,83,45,4,18,-51,0.4,False
4677,1EXK,A,79,4114,1A5J,A,train,110,0.2631578947368421,30,114,45,35,4,-54,0.4,False
4677,1EXK,A,79,4129,1Q80,A,train,174,0.17142857142857143,30,175,48,96,1,-115,0.4,False
4677,1EXK,A,79,4141,1NK2,P,train,77,0.1978021978021978,18,91,47,12,14,-55,0.4,False
4677,1EXK,A,79,4147,1H95,A,train,79,0.1978021978021978,18,91,49,12,12,-55,0.4,False
4677,1EXK,A,79,4153,1RXR,A,train,83,0.25773195876288657,25,97,40,18,14,-47,0.4,False
4677,1EXK,A,79,4155,1EOT,A,train,74,0.22580645161290322,21,93,39,14,19,-51,0.4,False
4677,1EXK,A,79,4156,1BJX,A,train,110,0.21929824561403508,25,114,50,35,4,-64,0.4,False
4677,1EXK,A,79,4173,1BM6,A,train,173,0.19540229885057472,34,174,44,95,1,-106,0.4,False
4677,1EXK,A,79,4177,1BO0,A,train,76,0.2087912087912088,19,91,45,12,15,-53,0.4,False
4677,1EXK,A,79,4184,1EH2,A,train,95,0.2403846153846154,25,104,45,25,9,-54,0.4,False
4677,1EXK,A,79,4186,1BLR,A,val,137,0.21739130434782608,30,138,48,59,1,-78,0.4,False
4677,1EXK,A,79,4188,1BCI,A,test,123,0.184,23,125,54,46,2,-79,0.4,False
4677,1EXK,A,79,4197,2CPS,A,train,50,0.17721518987341772,14,79,36,0,29,-51,0.4,False
4677,1EXK,A,79,4198,1BR0,A,train,120,0.2222222222222222,28,126,45,47,6,-70,0.4,False
4677,1EXK,A,79,4199,3NLA,A,train,73,0.2441860465116279,21,86,45,7,13,-44,0.4,False
4677,1EXK,A,79,4202,1BA9,A,train,153,0.22929936305732485,36,157,39,78,4,-85,0.4,False
4677,1EXK,A,79,4206,1MFN,A,train,184,0.1837837837837838,34,185,44,106,1,-117,0.4,False
4677,1EXK,A,79,4207,2ORC,A,train,71,0.25806451612903225,24,93,33,14,22,-45,0.4,False
4677,1EXK,A,79,4209,2CPB,A,train,50,0.17721518987341772,14,79,36,0,29,-51,0.4,False
4677,1EXK,A,79,4214,2TMP,A,train,127,0.19230769230769232,25,130,51,51,3,-80,0.4,False
4677,1EXK,A,79,4215,1SSN,A,train,136,0.19285714285714287,27,140,48,61,4,-86,0.4,False
4677,1EXK,A,79,4216,1BHI,A,train,38,0.21951219512195122,18,82,17,3,44,-46,0.4,False
4677,1EXK,A,79,4217,1BHU,A,val,102,0.22857142857142856,24,105,52,26,3,-57,0.4,False
4677,1EXK,A,79,4222,1MNL,A,train,91,0.22448979591836735,22,98,50,19,7,-54,0.4,False
4677,1EXK,A,79,4223,1TBA,A,test,67,0.18518518518518517,15,81,50,2,14,-51,0.4,False
4677,1EXK,A,79,4224,1MYO,A,train,118,0.19672131147540983,24,122,51,43,4,-74,0.4,False
4677,1EXK,A,79,4225,3GRX,A,val,82,0.25555555555555554,23,90,48,11,8,-44,0.4,False
4677,1EXK,A,79,4227,1BQZ,A,test,77,0.2087912087912088,19,91,46,12,14,-53,0.4,False
4677,1EXK,A,79,4228,1BQ0,A,test,77,0.2087912087912088,19,91,46,12,14,-53,0.4,False
4677,1EXK,A,79,4230,1BUQ,A,test,125,0.2125984251968504,27,127,50,48,2,-73,0.4,False
4677,1EXK,A,79,4241,2XBD,A,train,87,0.27184466019417475,28,103,35,24,16,-47,0.4,False
4677,1EXK,A,79,4242,3MSP,A,test,126,0.21212121212121213,28,132,45,53,6,-76,0.4,False
4677,1EXK,A,79,4248,2LEF,A,train,86,0.20454545454545456,18,88,59,9,2,-52,0.4,False
4677,1EXK,A,79,4249,1XPA,A,train,113,0.19298245614035087,22,114,56,35,1,-70,0.4,False
4677,1EXK,A,79,4254,1L3G,A,val,123,0.2283464566929134,29,127,46,48,4,-69,0.4,False
4677,1EXK,A,79,4255,2IF1,A,train,126,0.2125984251968504,27,127,51,48,1,-73,0.4,False
4677,1EXK,A,79,4262,1BZF,A,train,162,0.18902439024390244,31,164,46,85,2,-102,0.4,False
4677,1EXK,A,79,4263,2NMB,A,val,147,0.23333333333333334,35,150,41,71,3,-80,0.4,False
4677,1EXK,A,79,4265,1DS9,A,train,198,0.18407960199004975,37,201,39,122,3,-127,0.4,False
4677,1EXK,A,79,4269,1GHT,A,test,105,0.19626168224299065,21,107,56,28,2,-65,0.4,False
4677,1EXK,A,79,4271,1JFJ,A,train,134,0.19708029197080293,27,137,49,58,3,-83,0.4,False
4677,1EXK,A,79,4276,1B2I,A,train,83,0.23958333333333334,23,96,43,17,13,-50,0.4,False
4677,1EXK,A,79,4281,1Z0R,A,train,53,0.15,12,80,40,1,27,-56,0.4,False
4677,1EXK,A,79,4285,1K2H,A,test,93,0.2222222222222222,22,99,51,20,6,-55,0.4,False
4677,1EXK,A,79,4299,2F63,A,train,158,0.20496894409937888,33,161,43,82,3,-95,0.4,False
4677,1EXK,A,79,4300,2F65,A,train,158,0.20496894409937888,33,161,43,82,3,-95,0.4,False
4677,1EXK,A,79,4312,1JM4,B,train,118,0.23140495867768596,28,121,48,42,3,-65,0.4,False
4677,1EXK,A,79,4313,1ZRR,A,train,179,0.18333333333333332,33,180,45,101,1,-114,0.4,False
4677,1EXK,A,79,4334,1KQQ,A,test,131,0.21641791044776118,29,134,47,55,3,-76,0.4,False
4677,1EXK,A,79,4342,1LY7,A,train,121,0.224,28,125,47,46,4,-69,0.4,False
4679,1FLS,A,158,3322,1E8P,A,train,46,0.14465408805031446,23,159,22,1,113,-113,0.4,False
4679,1FLS,A,158,4023,1Q2N,A,train,58,0.175,28,160,28,2,102,-104,0.4,False
4679,1FLS,A,158,4052,1JOO,A,val,149,0.24731182795698925,46,186,75,28,37,-94,0.4,False
4679,1FLS,A,158,4053,1JOQ,A,val,149,0.24731182795698925,46,186,75,28,37,-94,0.4,False
4679,1FLS,A,158,4089,2DEF,A,train,146,0.23863636363636365,42,176,86,18,30,-92,0.4,False
4679,1FLS,A,158,4090,2EZH,A,val,65,0.20987654320987653,34,162,27,4,97,-94,0.4,False
4679,1FLS,A,158,4114,1A5J,A,train,110,0.2037037037037037,33,162,73,4,52,-96,0.4,False
4679,1FLS,A,158,4129,1Q80,A,train,174,0.3,60,200,72,42,26,-80,0.4,False
4679,1FLS,A,158,4141,1NK2,P,train,77,0.18633540372670807,30,161,44,3,84,-101,0.4,False
4679,1FLS,A,158,4147,1H95,A,train,79,0.20754716981132076,33,159,45,1,80,-93,0.4,False
4679,1FLS,A,158,4153,1RXR,A,train,83,0.18404907975460122,30,163,48,5,80,-103,0.4,False
4679,1FLS,A,158,4155,1EOT,A,train,74,0.19375,31,160,41,2,86,-98,0.4,False
4679,1FLS,A,158,4156,1BJX,A,train,110,0.2634730538922156,44,167,57,9,57,-79,0.4,False
4679,1FLS,A,158,4173,1BM6,A,train,173,0.5862068965517241,102,174,55,16,1,30,0.4,True
4679,1FLS,A,158,4177,1BO0,A,train,76,0.19254658385093168,31,161,42,3,85,-99,0.4,False
4679,1FLS,A,158,4184,1EH2,A,train,95,0.23780487804878048,39,164,50,6,69,-86,0.4,False
4679,1FLS,A,158,4186,1BLR,A,val,137,0.23076923076923078,39,169,87,11,32,-91,0.4,False
4679,1FLS,A,158,4188,1BCI,A,test,123,0.23493975903614459,39,166,76,8,43,-88,0.4,False
4679,1FLS,A,158,4197,2CPS,A,train,50,0.15822784810126583,25,158,25,0,108,-108,0.4,False
4679,1FLS,A,158,4198,1BR0,A,train,120,0.19631901840490798,32,163,83,5,43,-99,0.4,False
4679,1FLS,A,158,4199,3NLA,A,train,73,0.22085889570552147,36,163,32,5,90,-91,0.4,False
4679,1FLS,A,158,4202,1BA9,A,train,153,0.27472527472527475,50,182,79,24,29,-82,0.4,False
4679,1FLS,A,158,4206,1MFN,A,train,184,0.24242424242424243,48,198,96,40,14,-102,0.4,False
4679,1FLS,A,158,4207,2ORC,A,train,71,0.19135802469135801,31,162,36,4,91,-100,0.4,False
4679,1FLS,A,158,4209,2CPB,A,train,50,0.15822784810126583,25,158,25,0,108,-108,0.4,False
4679,1FLS,A,158,4214,2TMP,A,train,127,0.2471264367816092,43,174,68,16,47,-88,0.4,False
4679,1FLS,A,158,4215,1SSN,A,train,136,0.2215909090909091,39,176,79,18,40,-98,0.4,False
4679,1FLS,A,158,4216,1BHI,A,train,38,0.15822784810126583,25,158,13,0,120,-108,0.4,False
4679,1FLS,A,158,4217,1BHU,A,val,102,0.2392638036809816,39,163,58,5,61,-85,0.4,False
4679,1FLS,A,158,4222,1MNL,A,train,91,0.20987654320987653,34,162,53,4,71,-94,0.4,False
4679,1FLS,A,158,4223,1TBA,A,test,67,0.22839506172839505,37,162,26,4,95,-88,0.4,False
4679,1FLS,A,158,4224,1MYO,A,train,118,0.28484848484848485,47,165,64,7,47,-71,0.4,False
4679,1FLS,A,158,4225,3GRX,A,val,82,0.21875,35,160,45,2,78,-90,0.4,False
4679,1FLS,A,158,4227,1BQZ,A,test,77,0.23125,37,160,38,2,83,-86,0.4,False
4679,1FLS,A,158,4228,1BQ0,A,test,77,0.23125,37,160,38,2,83,-86,0.4,False
4679,1FLS,A,158,4230,1BUQ,A,test,125,0.24404761904761904,41,168,74,10,43,-86,0.4,False
4679,1FLS,A,158,4241,2XBD,A,train,87,0.2138364779874214,34,159,52,1,72,-91,0.4,False
4679,1FLS,A,158,4242,3MSP,A,test,126,0.22674418604651161,39,172,73,14,46,-94,0.4,False
4679,1FLS,A,158,4248,2LEF,A,train,86,0.19375,31,160,53,2,74,-98,0.4,False
4679,1FLS,A,158,4249,1XPA,A,train,113,0.2235294117647059,38,170,63,12,57,-94,0.4,False
4679,1FLS,A,158,4254,1L3G,A,val,123,0.2573099415204678,44,171,66,13,48,-83,0.4,False
4679,1FLS,A,158,4255,2IF1,A,train,126,0.24293785310734464,43,177,64,19,51,-91,0.4,False
4679,1FLS,A,158,4262,1BZF,A,train,162,0.23529411764705882,44,187,89,29,25,-99,0.4,False
4679,1FLS,A,158,4263,2NMB,A,val,147,0.21978021978021978,40,182,83,24,35,-102,0.4,False
4679,1FLS,A,158,4265,1DS9,A,train,198,0.22660098522167488,46,203,107,45,5,-111,0.4,False
4679,1FLS,A,158,4269,1GHT,A,test,105,0.23493975903614459,39,166,58,8,61,-88,0.4,False
4679,1FLS,A,158,4271,1JFJ,A,train,134,0.27586206896551724,48,174,70,16,40,-78,0.4,False
4679,1FLS,A,158,4276,1B2I,A,train,83,0.2,32,160,49,2,77,-96,0.4,False
4679,1FLS,A,158,4281,1Z0R,A,train,53,0.18125,29,160,22,2,107,-102,0.4,False
4679,1FLS,A,158,4285,1K2H,A,test,93,0.2085889570552147,34,163,54,5,70,-95,0.4,False
4679,1FLS,A,158,4299,2F63,A,train,158,0.22580645161290322,42,186,88,28,28,-102,0.4,False
4679,1FLS,A,158,4300,2F65,A,train,158,0.22580645161290322,42,186,88,28,28,-102,0.4,False
4679,1FLS,A,158,4312,1JM4,B,train,118,0.2085889570552147,34,163,79,5,45,-95,0.4,False
4679,1FLS,A,158,4313,1ZRR,A,train,179,0.25,49,196,92,38,17,-98,0.4,False
4679,1FLS,A,158,4334,1KQQ,A,test,131,0.24561403508771928,42,171,76,13,40,-87,0.4,False
4679,1FLS,A,158,4342,1LY7,A,train,121,0.2658959537572254,46,173,60,15,52,-81,0.4,False
4682,1EII,A,134,3322,1E8P,A,train,46,0.1925925925925926,26,135,19,1,89,-83,0.4,False
4682,1EII,A,134,4023,1Q2N,A,train,58,0.1897810218978102,26,137,29,3,79,-85,0.4,False
4682,1EII,A,134,4052,1JOO,A,val,149,0.25,41,164,78,30,15,-82,0.4,False
4682,1EII,A,134,4053,1JOQ,A,val,149,0.25,41,164,78,30,15,-82,0.4,False
4682,1EII,A,134,4089,2DEF,A,train,146,0.25595238095238093,43,168,69,34,22,-82,0.4,False
4682,1EII,A,134,4090,2EZH,A,val,65,0.1897810218978102,26,137,36,3,72,-85,0.4,False
4682,1EII,A,134,4114,1A5J,A,train,110,0.25,37,148,59,14,38,-74,0.4,False
4682,1EII,A,134,4129,1Q80,A,train,174,0.24598930481283424,46,187,75,53,13,-95,0.4,False
4682,1EII,A,134,4141,1NK2,P,train,77,0.2463768115942029,34,138,39,4,61,-70,0.4,False
4682,1EII,A,134,4147,1H95,A,train,79,0.2714285714285714,38,140,35,6,61,-64,0.4,False
4682,1EII,A,134,4153,1RXR,A,train,83,0.22627737226277372,31,137,49,3,54,-75,0.4,False
4682,1EII,A,134,4155,1EOT,A,train,74,0.2246376811594203,31,138,39,4,64,-76,0.4,False
4682,1EII,A,134,4156,1BJX,A,train,110,0.3013698630136986,44,146,54,12,36,-58,0.4,False
4682,1EII,A,134,4173,1BM6,A,train,173,0.2215909090909091,39,176,92,42,3,-98,0.4,False
4682,1EII,A,134,4177,1BO0,A,train,76,0.22058823529411764,30,136,44,2,60,-76,0.4,False
4682,1EII,A,134,4184,1EH2,A,train,95,0.25,35,140,54,6,45,-70,0.4,False
4682,1EII,A,134,4186,1BLR,A,val,137,0.40816326530612246,60,147,64,13,10,-27,0.4,True
4682,1EII,A,134,4188,1BCI,A,test,123,0.2709677419354839,42,155,60,21,32,-71,0.4,False
4682,1EII,A,134,4197,2CPS,A,train,50,0.17164179104477612,23,134,27,0,84,-88,0.4,False
4682,1EII,A,134,4198,1BR0,A,train,120,0.25170068027210885,37,147,70,13,27,-73,0.4,False
4682,1EII,A,134,4199,3NLA,A,train,73,0.20588235294117646,28,136,43,2,63,-80,0.4,False
4682,1EII,A,134,4202,1BA9,A,train,153,0.25308641975308643,41,162,84,28,9,-80,0.4,False
4682,1EII,A,134,4206,1MFN,A,train,184,0.23684210526315788,45,190,83,56,6,-100,0.4,False
4682,1EII,A,134,4207,2ORC,A,train,71,0.22857142857142856,32,140,33,6,69,-76,0.4,False
4682,1EII,A,134,4209,2CPB,A,train,50,0.17164179104477612,23,134,27,0,84,-88,0.4,False
4682,1EII,A,134,4214,2TMP,A,train,127,0.24528301886792453,39,159,63,25,32,-81,0.4,False
4682,1EII,A,134,4215,1SSN,A,train,136,0.24503311258278146,37,151,82,17,15,-77,0.4,False
4682,1EII,A,134,4216,1BHI,A,train,38,0.16296296296296298,22,135,15,1,97,-91,0.4,False
4682,1EII,A,134,4217,1BHU,A,val,102,0.24285714285714285,34,140,62,6,38,-72,0.4,False
4682,1EII,A,134,4222,1MNL,A,train,91,0.23703703703703705,32,135,58,1,44,-71,0.4,False
4682,1EII,A,134,4223,1TBA,A,test,67,0.23357664233576642,32,137,32,3,70,-73,0.4,False
4682,1EII,A,134,4224,1MYO,A,train,118,0.2967741935483871,46,155,51,21,37,-63,0.4,False
4682,1EII,A,134,4225,3GRX,A,val,82,0.2391304347826087,33,138,45,4,56,-72,0.4,False
4682,1EII,A,134,4227,1BQZ,A,test,77,0.21323529411764705,29,136,46,2,59,-78,0.4,False
4682,1EII,A,134,4228,1BQ0,A,test,77,0.21323529411764705,29,136,46,2,59,-78,0.4,False
4682,1EII,A,134,4230,1BUQ,A,test,125,0.24161073825503357,36,149,74,15,24,-77,0.4,False
4682,1EII,A,134,4241,2XBD,A,train,87,0.24647887323943662,35,142,44,8,55,-72,0.4,False
4682,1EII,A,134,4242,3MSP,A,test,126,0.26875,43,160,57,26,34,-74,0.4,False
4682,1EII,A,134,4248,2LEF,A,train,86,0.2323943661971831,33,142,45,8,56,-76,0.4,False
4682,1EII,A,134,4249,1XPA,A,train,113,0.2671232876712329,39,146,62,12,33,-68,0.4,False
4682,1EII,A,134,4254,1L3G,A,val,123,0.26282051282051283,41,156,60,22,33,-74,0.4,False
4682,1EII,A,134,4255,2IF1,A,train,126,0.2662337662337662,41,154,65,20,28,-72,0.4,False
4682,1EII,A,134,4262,1BZF,A,train,162,0.24571428571428572,43,175,78,41,13,-89,0.4,False
4682,1EII,A,134,4263,2NMB,A,val,147,0.2422360248447205,39,161,81,27,14,-83,0.4,False
4682,1EII,A,134,4265,1DS9,A,train,198,0.2631578947368421,55,209,68,75,11,-99,0.4,False
4682,1EII,A,134,4269,1GHT,A,test,105,0.2536231884057971,35,138,66,4,33,-68,0.4,False
4682,1EII,A,134,4271,1JFJ,A,train,134,0.2974683544303797,47,158,63,24,24,-64,0.4,False
4682,1EII,A,134,4276,1B2I,A,train,83,0.2302158273381295,32,139,46,5,56,-75,0.4,False
4682,1EII,A,134,4281,1Z0R,A,train,53,0.19852941176470587,27,136,24,2,83,-82,0.4,False
4682,1EII,A,134,4285,1K2H,A,test,93,0.2589928057553957,36,139,52,5,46,-67,0.4,False
4682,1EII,A,134,4299,2F63,A,train,158,0.26900584795321636,46,171,75,37,13,-79,0.4,False
4682,1EII,A,134,4300,2F65,A,train,158,0.26900584795321636,46,171,75,37,13,-79,0.4,False
4682,1EII,A,134,4312,1JM4,B,train,118,0.23809523809523808,35,147,70,13,29,-77,0.4,False
4682,1EII,A,134,4313,1ZRR,A,train,179,0.27040816326530615,53,196,64,62,17,-90,0.4,False
4682,1EII,A,134,4334,1KQQ,A,test,131,0.23684210526315788,36,152,77,18,21,-80,0.4,False
4682,1EII,A,134,4342,1LY7,A,train,121,0.27564102564102566,43,156,56,22,35,-70,0.4,False
4688,1ILY,A,90,3322,1E8P,A,train,46,0.18478260869565216,17,92,27,2,46,-58,0.4,False
4688,1ILY,A,90,4023,1Q2N,A,train,58,0.21505376344086022,20,93,35,3,35,-53,0.4,False
4688,1ILY,A,90,4052,1JOO,A,val,149,0.2645161290322581,41,155,43,65,6,-73,0.4,False
4688,1ILY,A,90,4053,1JOQ,A,val,149,0.2645161290322581,41,155,43,65,6,-73,0.4,False
4688,1ILY,A,90,4089,2DEF,A,train,146,0.25165562913907286,38,151,47,61,5,-75,0.4,False
4688,1ILY,A,90,4090,2EZH,A,val,65,0.25,24,96,35,6,31,-48,0.4,False
4688,1ILY,A,90,4114,1A5J,A,train,110,0.23728813559322035,28,118,54,28,8,-62,0.4,False
4688,1ILY,A,90,4129,1Q80,A,train,174,0.22777777777777777,41,180,43,90,6,-98,0.4,False
4688,1ILY,A,90,4141,1NK2,P,train,77,0.27450980392156865,28,102,37,12,25,-46,0.4,False
4688,1ILY,A,90,4147,1H95,A,train,79,0.25742574257425743,26,101,42,11,22,-49,0.4,False
4688,1ILY,A,90,4153,1RXR,A,train,83,0.3076923076923077,32,104,37,14,21,-40,0.4,False
4688,1ILY,A,90,4155,1EOT,A,train,74,0.21505376344086022,20,93,51,3,19,-53,0.4,False
4688,1ILY,A,90,4156,1BJX,A,train,110,0.23931623931623933,28,117,55,27,7,-61,0.4,False
4688,1ILY,A,90,4173,1BM6,A,train,173,0.2215909090909091,39,176,48,86,3,-98,0.4,False
4688,1ILY,A,90,4177,1BO0,A,train,76,0.20430107526881722,19,93,54,3,17,-55,0.4,False
4688,1ILY,A,90,4184,1EH2,A,train,95,0.23809523809523808,25,105,55,15,10,-55,0.4,False
4688,1ILY,A,90,4186,1BLR,A,val,137,0.23972602739726026,35,146,46,56,9,-76,0.4,False
4688,1ILY,A,90,4188,1BCI,A,test,123,0.20967741935483872,26,124,63,34,1,-72,0.4,False
4688,1ILY,A,90,4197,2CPS,A,train,50,0.2127659574468085,20,94,26,4,44,-54,0.4,False
4688,1ILY,A,90,4198,1BR0,A,train,120,0.25,32,128,50,38,8,-64,0.4,False
4688,1ILY,A,90,4199,3NLA,A,train,73,0.28421052631578947,27,95,41,5,22,-41,0.4,False
4688,1ILY,A,90,4202,1BA9,A,train,153,0.2721518987341772,43,158,42,68,5,-72,0.4,False
4688,1ILY,A,90,4206,1MFN,A,train,184,0.21693121693121692,41,189,44,99,5,-107,0.4,False
4688,1ILY,A,90,4207,2ORC,A,train,71,0.2653061224489796,26,98,37,8,27,-46,0.4,False
4688,1ILY,A,90,4209,2CPB,A,train,50,0.2127659574468085,20,94,26,4,44,-54,0.4,False
4688,1ILY,A,90,4214,2TMP,A,train,127,0.2446043165467626,34,139,44,49,12,-71,0.4,False
4688,1ILY,A,90,4215,1SSN,A,train,136,0.2482758620689655,36,145,45,55,9,-73,0.4,False
4688,1ILY,A,90,4216,1BHI,A,train,38,0.2087912087912088,19,91,18,1,53,-53,0.4,False
4688,1ILY,A,90,4217,1BHU,A,val,102,0.288135593220339,34,118,40,28,16,-50,0.4,False
4688,1ILY,A,90,4222,1MNL,A,train,91,0.26851851851851855,29,108,44,18,17,-50,0.4,False
4688,1ILY,A,90,4223,1TBA,A,test,67,0.24731182795698925,23,93,41,3,26,-47,0.4,False
4688,1ILY,A,90,4224,1MYO,A,train,118,0.2619047619047619,33,126,49,36,8,-60,0.4,False
4688,1ILY,A,90,4225,3GRX,A,val,82,0.27184466019417475,28,103,41,13,21,-47,0.4,False
4688,1ILY,A,90,4227,1BQZ,A,test,77,0.27722772277227725,28,101,38,11,24,-45,0.4,False
4688,1ILY,A,90,4228,1BQ0,A,test,77,0.27722772277227725,28,101,38,11,24,-45,0.4,False
4688,1ILY,A,90,4230,1BUQ,A,test,125,0.2803030303030303,37,132,46,42,7,-58,0.4,False
4688,1ILY,A,90,4241,2XBD,A,train,87,0.25252525252525254,25,99,53,9,12,-49,0.4,False
4688,1ILY,A,90,4242,3MSP,A,test,126,0.2462686567164179,33,134,49,44,8,-68,0.4,False
4688,1ILY,A,90,4248,2LEF,A,train,86,0.27102803738317754,29,107,40,17,21,-49,0.4,False
4688,1ILY,A,90,4249,1XPA,A,train,113,0.2661290322580645,33,124,46,34,11,-58,0.4,False
4688,1ILY,A,90,4254,1L3G,A,val,123,0.24603174603174602,31,126,56,36,3,-64,0.4,False
4688,1ILY,A,90,4255,2IF1,A,train,126,0.25757575757575757,34,132,50,42,6,-64,0.4,False
4688,1ILY,A,90,4262,1BZF,A,train,162,0.23030303030303031,38,165,49,75,3,-89,0.4,False
4688,1ILY,A,90,4263,2NMB,A,val,147,0.23333333333333334,35,150,52,60,3,-80,0.4,False
4688,1ILY,A,90,4265,1DS9,A,train,198,0.23267326732673269,47,202,39,112,4,-108,0.4,False
4688,1ILY,A,90,4269,1GHT,A,test,105,0.28205128205128205,33,117,45,27,12,-51,0.4,False
4688,1ILY,A,90,4271,1JFJ,A,train,134,0.2727272727272727,39,143,42,53,9,-65,0.4,False
4688,1ILY,A,90,4276,1B2I,A,train,83,0.22115384615384615,23,104,46,14,21,-58,0.4,False
4688,1ILY,A,90,4281,1Z0R,A,train,53,0.22826086956521738,21,92,30,2,39,-50,0.4,False
4688,1ILY,A,90,4285,1K2H,A,test,93,0.24299065420560748,26,107,50,17,14,-55,0.4,False
4688,1ILY,A,90,4299,2F63,A,train,158,0.2422360248447205,39,161,48,71,3,-83,0.4,False
4688,1ILY,A,90,4300,2F65,A,train,158,0.2422360248447205,39,161,48,71,3,-83,0.4,False
4688,1ILY,A,90,4312,1JM4,B,train,118,0.25,32,128,48,38,10,-64,0.4,False
4688,1ILY,A,90,4313,1ZRR,A,train,179,0.25668449197860965,48,187,34,97,8,-91,0.4,False
4688,1ILY,A,90,4334,1KQQ,A,test,131,0.2814814814814815,38,135,48,45,4,-59,0.4,False
4688,1ILY,A,90,4342,1LY7,A,train,121,0.2440944881889764,31,127,53,37,6,-65,0.4,False
4697,1D1N,A,99,3322,1E8P,A,train,46,0.19801980198019803,20,101,24,2,55,-61,0.4,False
4697,1D1N,A,99,4023,1Q2N,A,train,58,0.21782178217821782,22,101,34,2,43,-57,0.4,False
4697,1D1N,A,99,4052,1JOO,A,val,149,0.23529411764705882,36,153,59,54,4,-81,0.4,False
4697,1D1N,A,99,4053,1JOQ,A,val,149,0.23529411764705882,36,153,59,54,4,-81,0.4,False
4697,1D1N,A,99,4089,2DEF,A,train,146,0.24675324675324675,38,154,53,55,8,-78,0.4,False
4697,1D1N,A,99,4090,2EZH,A,val,65,0.2549019607843137,26,102,36,3,37,-50,0.4,False
4697,1D1N,A,99,4114,1A5J,A,train,110,0.23577235772357724,29,123,57,24,13,-65,0.4,False
4697,1D1N,A,99,4129,1Q80,A,train,174,0.2388888888888889,43,180,50,81,6,-94,0.4,False
4697,1D1N,A,99,4141,1NK2,P,train,77,0.23076923076923078,24,104,48,5,27,-56,0.4,False
4697,1D1N,A,99,4147,1H95,A,train,79,0.3047619047619048,32,105,41,6,26,-41,0.4,False
4697,1D1N,A,99,4153,1RXR,A,train,83,0.2815533980582524,29,103,50,4,20,-45,0.4,False
4697,1D1N,A,99,4155,1EOT,A,train,74,0.21904761904761905,23,105,45,6,31,-59,0.4,False
4697,1D1N,A,99,4156,1BJX,A,train,110,0.3023255813953488,39,129,41,30,19,-51,0.4,False
4697,1D1N,A,99,4173,1BM6,A,train,173,0.2111111111111111,38,180,54,81,7,-104,0.4,False
4697,1D1N,A,99,4177,1BO0,A,train,76,0.23809523809523808,25,105,45,6,29,-55,0.4,False
4697,1D1N,A,99,4184,1EH2,A,train,95,0.2702702702702703,30,111,53,12,16,-51,0.4,False
4697,1D1N,A,99,4186,1BLR,A,val,137,0.2702702702702703,40,148,48,49,11,-68,0.4,False
4697,1D1N,A,99,4188,1BCI,A,test,123,0.29850746268656714,40,134,48,35,11,-54,0.4,False
4697,1D1N,A,99,4197,2CPS,A,train,50,0.19801980198019803,20,101,28,2,51,-61,0.4,False
4697,1D1N,A,99,4198,1BR0,A,train,120,0.2867647058823529,39,136,44,37,16,-58,0.4,False
4697,1D1N,A,99,4199,3NLA,A,train,73,0.21782178217821782,22,101,49,2,28,-57,0.4,False
4697,1D1N,A,99,4202,1BA9,A,train,153,0.2546583850931677,41,161,50,62,8,-79,0.4,False
4697,1D1N,A,99,4206,1MFN,A,train,184,0.2192513368983957,41,187,55,88,3,-105,0.4,False
4697,1D1N,A,99,4207,2ORC,A,train,71,0.27522935779816515,30,109,31,10,38,-49,0.4,False
4697,1D1N,A,99,4209,2CPB,A,train,50,0.19801980198019803,20,101,28,2,51,-61,0.4,False
4697,1D1N,A,99,4214,2TMP,A,train,127,0.2642857142857143,37,140,49,41,13,-66,0.4,False
4697,1D1N,A,99,4215,1SSN,A,train,136,0.26,39,150,46,51,14,-72,0.4,False
4697,1D1N,A,99,4216,1BHI,A,train,38,0.16831683168316833,17,101,19,2,63,-67,0.4,False
4697,1D1N,A,99,4217,1BHU,A,val,102,0.22608695652173913,26,115,60,16,13,-63,0.4,False
4697,1D1N,A,99,4222,1MNL,A,train,91,0.27102803738317754,29,107,54,8,16,-49,0.4,False
4697,1D1N,A,99,4223,1TBA,A,test,67,0.26,26,100,40,1,33,-48,0.4,False
4697,1D1N,A,99,4224,1MYO,A,train,118,0.24806201550387597,32,129,56,30,11,-65,0.4,False
4697,1D1N,A,99,4225,3GRX,A,val,82,0.24074074074074073,26,108,47,9,26,-56,0.4,False
4697,1D1N,A,99,4227,1BQZ,A,test,77,0.26666666666666666,28,105,43,6,28,-49,0.4,False
4697,1D1N,A,99,4228,1BQ0,A,test,77,0.26666666666666666,28,105,43,6,28,-49,0.4,False
4697,1D1N,A,99,4230,1BUQ,A,test,125,0.25,33,132,59,33,7,-66,0.4,False
4697,1D1N,A,99,4241,2XBD,A,train,87,0.23853211009174313,26,109,51,10,22,-57,0.4,False
4697,1D1N,A,99,4242,3MSP,A,test,126,0.2463768115942029,34,138,53,39,12,-70,0.4,False
4697,1D1N,A,99,4248,2LEF,A,train,86,0.21296296296296297,23,108,54,9,22,-62,0.4,False
4697,1D1N,A,99,4249,1XPA,A,train,113,0.26666666666666666,32,120,60,21,7,-56,0.4,False
4697,1D1N,A,99,4254,1L3G,A,val,123,0.2366412213740458,31,131,60,32,8,-69,0.4,False
4697,1D1N,A,99,4255,2IF1,A,train,126,0.23880597014925373,32,134,59,35,8,-70,0.4,False
4697,1D1N,A,99,4262,1BZF,A,train,162,0.25,43,172,46,73,10,-86,0.4,False
4697,1D1N,A,99,4263,2NMB,A,val,147,0.2847682119205298,43,151,52,52,4,-65,0.4,False
4697,1D1N,A,99,4265,1DS9,A,train,198,0.2512315270935961,51,203,43,104,5,-101,0.4,False
4697,1D1N,A,99,4269,1GHT,A,test,105,0.2773109243697479,33,119,52,20,14,-53,0.4,False
4697,1D1N,A,99,4271,1JFJ,A,train,134,0.2808219178082192,41,146,46,47,12,-64,0.4,False
4697,1D1N,A,99,4276,1B2I,A,train,83,0.24528301886792453,26,106,50,7,23,-54,0.4,False
4697,1D1N,A,99,4281,1Z0R,A,train,53,0.24752475247524752,25,101,26,2,48,-51,0.4,False
4697,1D1N,A,99,4285,1K2H,A,test,93,0.25217391304347825,29,115,48,16,22,-57,0.4,False
4697,1D1N,A,99,4299,2F63,A,train,158,0.22699386503067484,37,163,57,64,5,-89,0.4,False
4697,1D1N,A,99,4300,2F65,A,train,158,0.22699386503067484,37,163,57,64,5,-89,0.4,False
4697,1D1N,A,99,4312,1JM4,B,train,118,0.26811594202898553,37,138,42,39,20,-64,0.4,False
4697,1D1N,A,99,4313,1ZRR,A,train,179,0.24598930481283424,46,187,45,88,8,-95,0.4,False
4697,1D1N,A,99,4334,1KQQ,A,test,131,0.2569444444444444,37,144,49,45,13,-70,0.4,False
4697,1D1N,A,99,4342,1LY7,A,train,121,0.26277372262773724,36,137,47,38,16,-65,0.4,False
4700,1CF4,A,184,3322,1E8P,A,train,46,0.1358695652173913,25,184,21,0,138,-134,0.4,False
4700,1CF4,A,184,4023,1Q2N,A,train,58,0.21195652173913043,39,184,19,0,126,-106,0.4,False
4700,1CF4,A,184,4052,1JOO,A,val,149,0.2634146341463415,54,205,74,21,56,-97,0.4,False
4700,1CF4,A,184,4053,1JOQ,A,val,149,0.2634146341463415,54,205,74,21,56,-97,0.4,False
4700,1CF4,A,184,4089,2DEF,A,train,146,0.25125628140703515,50,199,81,15,53,-99,0.4,False
4700,1CF4,A,184,4090,2EZH,A,val,65,0.18478260869565216,34,184,31,0,119,-116,0.4,False
4700,1CF4,A,184,4114,1A5J,A,train,110,0.2328042328042328,44,189,61,5,79,-101,0.4,False
4700,1CF4,A,184,4129,1Q80,A,train,174,0.23039215686274508,47,204,107,20,30,-110,0.4,False
4700,1CF4,A,184,4141,1NK2,P,train,77,0.20540540540540542,38,185,38,1,108,-109,0.4,False
4700,1CF4,A,184,4147,1H95,A,train,79,0.22162162162162163,41,185,37,1,106,-103,0.4,False
4700,1CF4,A,184,4153,1RXR,A,train,83,0.1945945945945946,36,185,46,1,102,-113,0.4,False
4700,1CF4,A,184,4155,1EOT,A,train,74,0.22994652406417113,43,187,28,3,113,-101,0.4,False
4700,1CF4,A,184,4156,1BJX,A,train,110,0.22872340425531915,43,188,63,4,78,-102,0.4,False
4700,1CF4,A,184,4173,1BM6,A,train,173,0.2560386473429952,53,207,97,23,34,-101,0.4,False
4700,1CF4,A,184,4177,1BO0,A,train,76,0.22994652406417113,43,187,30,3,111,-101,0.4,False
4700,1CF4,A,184,4184,1EH2,A,train,95,0.24468085106382978,46,188,45,4,93,-96,0.4,False
4700,1CF4,A,184,4186,1BLR,A,val,137,0.24257425742574257,49,202,70,18,65,-104,0.4,False
4700,1CF4,A,184,4188,1BCI,A,test,123,0.2512820512820513,49,195,63,11,72,-97,0.4,False
4700,1CF4,A,184,4197,2CPS,A,train,50,0.15591397849462366,29,186,19,2,136,-128,0.4,False
4700,1CF4,A,184,4198,1BR0,A,train,120,0.234375,45,192,67,8,72,-102,0.4,False
4700,1CF4,A,184,4199,3NLA,A,train,73,0.21081081081081082,39,185,33,1,112,-107,0.4,False
4700,1CF4,A,184,4202,1BA9,A,train,153,0.2835820895522388,57,201,79,17,48,-87,0.4,False
4700,1CF4,A,184,4206,1MFN,A,train,184,0.24170616113744076,51,211,106,27,27,-109,0.4,False
4700,1CF4,A,184,4207,2ORC,A,train,71,0.22043010752688172,41,186,28,2,115,-104,0.4,False
4700,1CF4,A,184,4209,2CPB,A,train,50,0.15591397849462366,29,186,19,2,136,-128,0.4,False
4700,1CF4,A,184,4214,2TMP,A,train,127,0.23036649214659685,44,191,76,7,64,-103,0.4,False
4700,1CF4,A,184,4215,1SSN,A,train,136,0.2914572864321608,58,199,63,15,63,-83,0.4,False
4700,1CF4,A,184,4216,1BHI,A,train,38,0.1358695652173913,25,184,13,0,146,-134,0.4,False
4700,1CF4,A,184,4217,1BHU,A,val,102,0.2192513368983957,41,187,58,3,85,-105,0.4,False
4700,1CF4,A,184,4222,1MNL,A,train,91,0.21390374331550802,40,187,48,3,96,-107,0.4,False
4700,1CF4,A,184,4223,1TBA,A,test,67,0.1956521739130435,36,184,31,0,117,-112,0.4,False
4700,1CF4,A,184,4224,1MYO,A,train,118,0.2578947368421053,49,190,63,6,72,-92,0.4,False
4700,1CF4,A,184,4225,3GRX,A,val,82,0.21390374331550802,40,187,39,3,105,-107,0.4,False
4700,1CF4,A,184,4227,1BQZ,A,test,77,0.1935483870967742,36,186,39,2,109,-114,0.4,False
4700,1CF4,A,184,4228,1BQ0,A,test,77,0.1935483870967742,36,186,39,2,109,-114,0.4,False
4700,1CF4,A,184,4230,1BUQ,A,test,125,0.24870466321243523,48,193,68,9,68,-97,0.4,False
4700,1CF4,A,184,4241,2XBD,A,train,87,0.20634920634920634,39,189,43,5,102,-111,0.4,False
4700,1CF4,A,184,4242,3MSP,A,test,126,0.2648648648648649,49,185,76,1,59,-87,0.4,False
4700,1CF4,A,184,4248,2LEF,A,train,86,0.20540540540540542,38,185,47,1,99,-109,0.4,False
4700,1CF4,A,184,4249,1XPA,A,train,113,0.2553191489361702,48,188,61,4,75,-92,0.4,False
4700,1CF4,A,184,4254,1L3G,A,val,123,0.24489795918367346,48,196,63,12,73,-100,0.4,False
4700,1CF4,A,184,4255,2IF1,A,train,126,0.24489795918367346,48,196,66,12,70,-100,0.4,False
4700,1CF4,A,184,4262,1BZF,A,train,162,0.26108374384236455,53,203,90,19,41,-97,0.4,False
4700,1CF4,A,184,4263,2NMB,A,val,147,0.24,48,200,83,16,53,-104,0.4,False
4700,1CF4,A,184,4265,1DS9,A,train,198,0.2565217391304348,59,230,93,46,32,-112,0.4,False
4700,1CF4,A,184,4269,1GHT,A,test,105,0.22994652406417113,43,187,59,3,82,-101,0.4,False
4700,1CF4,A,184,4271,1JFJ,A,train,134,0.25888324873096447,51,197,70,13,63,-95,0.4,False
4700,1CF4,A,184,4276,1B2I,A,train,83,0.20526315789473684,39,190,38,6,107,-112,0.4,False
4700,1CF4,A,184,4281,1Z0R,A,train,53,0.1783783783783784,33,185,19,1,132,-119,0.4,False
4700,1CF4,A,184,4285,1K2H,A,test,93,0.2192513368983957,41,187,49,3,94,-105,0.4,False
4700,1CF4,A,184,4299,2F63,A,train,158,0.25125628140703515,50,199,93,15,41,-99,0.4,False
4700,1CF4,A,184,4300,2F65,A,train,158,0.25125628140703515,50,199,93,15,41,-99,0.4,False
4700,1CF4,A,184,4312,1JM4,B,train,118,0.24479166666666666,47,192,63,8,74,-98,0.4,False
4700,1CF4,A,184,4313,1ZRR,A,train,179,0.2535211267605634,54,213,96,29,34,-105,0.4,False
4700,1CF4,A,184,4334,1KQQ,A,test,131,0.24479166666666666,47,192,76,8,61,-98,0.4,False
4700,1CF4,A,184,4342,1LY7,A,train,121,0.26424870466321243,51,193,61,9,72,-91,0.4,False
4701,1D9S,A,136,3322,1E8P,A,train,46,0.16176470588235295,22,136,24,0,90,-92,0.4,False
4701,1D9S,A,136,4023,1Q2N,A,train,58,0.18115942028985507,25,138,31,2,80,-88,0.4,False
4701,1D9S,A,136,4052,1JOO,A,val,149,0.25287356321839083,44,174,67,38,25,-86,0.4,False
4701,1D9S,A,136,4053,1JOQ,A,val,149,0.25287356321839083,44,174,67,38,25,-86,0.4,False
4701,1D9S,A,136,4089,2DEF,A,train,146,0.24848484848484848,41,165,76,29,19,-83,0.4,False
4701,1D9S,A,136,4090,2EZH,A,val,65,0.20863309352517986,29,139,33,3,74,-81,0.4,False
4701,1D9S,A,136,4114,1A5J,A,train,110,0.24475524475524477,35,143,68,7,33,-73,0.4,False
4701,1D9S,A,136,4129,1Q80,A,train,174,0.24607329842931938,47,191,72,55,17,-97,0.4,False
4701,1D9S,A,136,4141,1NK2,P,train,77,0.21739130434782608,30,138,45,2,61,-78,0.4,False
4701,1D9S,A,136,4147,1H95,A,train,79,0.23076923076923078,33,143,39,7,64,-77,0.4,False
4701,1D9S,A,136,4153,1RXR,A,train,83,0.2127659574468085,30,141,48,5,58,-81,0.4,False
4701,1D9S,A,136,4155,1EOT,A,train,74,0.21830985915492956,31,142,37,6,68,-80,0.4,False
4701,1D9S,A,136,4156,1BJX,A,train,110,0.24161073825503357,36,149,61,13,39,-77,0.4,False
4701,1D9S,A,136,4173,1BM6,A,train,173,0.2554347826086957,47,184,78,48,11,-90,0.4,False
4701,1D9S,A,136,4177,1BO0,A,train,76,0.2028985507246377,28,138,46,2,62,-82,0.4,False
4701,1D9S,A,136,4184,1EH2,A,train,95,0.23943661971830985,34,142,55,6,47,-74,0.4,False
4701,1D9S,A,136,4186,1BLR,A,val,137,0.21518987341772153,34,158,81,22,21,-90,0.4,False
4701,1D9S,A,136,4188,1BCI,A,test,123,0.21476510067114093,32,149,78,13,26,-85,0.4,False
4701,1D9S,A,136,4197,2CPS,A,train,50,0.17266187050359713,24,139,23,3,89,-91,0.4,False
4701,1D9S,A,136,4198,1BR0,A,train,120,0.19014084507042253,27,142,87,6,22,-88,0.4,False
4701,1D9S,A,136,4199,3NLA,A,train,73,0.21678321678321677,31,143,35,7,70,-81,0.4,False
4701,1D9S,A,136,4202,1BA9,A,train,153,0.26256983240223464,47,179,63,43,26,-85,0.4,False
4701,1D9S,A,136,4206,1MFN,A,train,184,0.2474747474747475,49,198,73,62,14,-100,0.4,False
4701,1D9S,A,136,4207,2ORC,A,train,71,0.2302158273381295,32,139,36,3,68,-75,0.4,False
4701,1D9S,A,136,4209,2CPB,A,train,50,0.17266187050359713,24,139,23,3,89,-91,0.4,False
4701,1D9S,A,136,4214,2TMP,A,train,127,0.25,39,156,68,20,29,-78,0.4,False
4701,1D9S,A,136,4215,1SSN,A,train,136,0.25,43,172,57,36,36,-86,0.4,False
4701,1D9S,A,136,4216,1BHI,A,train,38,0.145985401459854,20,137,17,1,99,-97,0.4,False
4701,1D9S,A,136,4217,1BHU,A,val,102,0.2827586206896552,41,145,52,9,43,-63,0.4,False
4701,1D9S,A,136,4222,1MNL,A,train,91,0.22142857142857142,31,140,56,4,49,-78,0.4,False
4701,1D9S,A,136,4223,1TBA,A,test,67,0.2463768115942029,34,138,31,2,71,-70,0.4,False
4701,1D9S,A,136,4224,1MYO,A,train,118,0.3087248322147651,46,149,59,13,31,-57,0.4,False
4701,1D9S,A,136,4225,3GRX,A,val,82,0.2246376811594203,31,138,49,2,56,-76,0.4,False
4701,1D9S,A,136,4227,1BQZ,A,test,77,0.22627737226277372,31,137,45,1,60,-75,0.4,False
4701,1D9S,A,136,4228,1BQ0,A,test,77,0.22627737226277372,31,137,45,1,60,-75,0.4,False
4701,1D9S,A,136,4230,1BUQ,A,test,125,0.2733333333333333,41,150,70,14,25,-68,0.4,False
4701,1D9S,A,136,4241,2XBD,A,train,87,0.22695035460992907,32,141,50,5,54,-77,0.4,False
4701,1D9S,A,136,4242,3MSP,A,test,126,0.23684210526315788,36,152,74,16,26,-80,0.4,False
4701,1D9S,A,136,4248,2LEF,A,train,86,0.22916666666666666,33,144,45,8,58,-78,0.4,False
4701,1D9S,A,136,4249,1XPA,A,train,113,0.2191780821917808,32,146,71,10,33,-82,0.4,False
4701,1D9S,A,136,4254,1L3G,A,val,123,0.24516129032258063,38,155,66,19,32,-79,0.4,False
4701,1D9S,A,136,4255,2IF1,A,train,126,0.25,39,156,67,20,30,-78,0.4,False
4701,1D9S,A,136,4262,1BZF,A,train,162,0.22857142857142856,40,175,83,39,13,-95,0.4,False
4701,1D9S,A,136,4263,2NMB,A,val,147,0.2857142857142857,48,168,67,32,21,-72,0.4,False
4701,1D9S,A,136,4265,1DS9,A,train,198,0.23902439024390243,49,205,80,69,7,-107,0.4,False
4701,1D9S,A,136,4269,1GHT,A,test,105,0.272108843537415,40,147,54,11,42,-67,0.4,False
4701,1D9S,A,136,4271,1JFJ,A,train,134,0.21935483870967742,34,155,81,19,21,-87,0.4,False
4701,1D9S,A,136,4276,1B2I,A,train,83,0.23076923076923078,33,143,43,7,60,-77,0.4,False
4701,1D9S,A,136,4281,1Z0R,A,train,53,0.2028985507246377,28,138,23,2,85,-82,0.4,False
4701,1D9S,A,136,4285,1K2H,A,test,93,0.21830985915492956,31,142,56,6,49,-80,0.4,False
4701,1D9S,A,136,4299,2F63,A,train,158,0.2832369942196532,49,173,72,37,15,-75,0.4,False
4701,1D9S,A,136,4300,2F65,A,train,158,0.2832369942196532,49,173,72,37,15,-75,0.4,False
4701,1D9S,A,136,4312,1JM4,B,train,118,0.22875816993464052,35,153,66,17,35,-83,0.4,False
4701,1D9S,A,136,4313,1ZRR,A,train,179,0.271356783919598,54,199,62,63,20,-91,0.4,False
4701,1D9S,A,136,4334,1KQQ,A,test,131,0.24539877300613497,40,163,64,27,32,-83,0.4,False
4701,1D9S,A,136,4342,1LY7,A,train,121,0.24161073825503357,36,149,72,13,28,-77,0.4,False
4706,1CX1,A,153,3322,1E8P,A,train,46,0.16883116883116883,26,154,19,1,108,-102,0.4,False
4706,1CX1,A,153,4023,1Q2N,A,train,58,0.18831168831168832,29,154,28,1,96,-96,0.4,False
4706,1CX1,A,153,4052,1JOO,A,val,149,0.2826086956521739,52,184,66,31,35,-80,0.4,False
4706,1CX1,A,153,4053,1JOQ,A,val,149,0.2826086956521739,52,184,66,31,35,-80,0.4,False
4706,1CX1,A,153,4089,2DEF,A,train,146,0.2543352601156069,44,173,82,20,27,-85,0.4,False
4706,1CX1,A,153,4090,2EZH,A,val,65,0.20382165605095542,32,157,29,4,92,-93,0.4,False
4706,1CX1,A,153,4114,1A5J,A,train,110,0.2545454545454545,42,165,56,12,55,-81,0.4,False
4706,1CX1,A,153,4129,1Q80,A,train,174,0.24338624338624337,46,189,92,36,15,-97,0.4,False
4706,1CX1,A,153,4141,1NK2,P,train,77,0.2064516129032258,32,155,43,2,78,-91,0.4,False
4706,1CX1,A,153,4147,1H95,A,train,79,0.21794871794871795,34,156,42,3,77,-88,0.4,False
4706,1CX1,A,153,4153,1RXR,A,train,83,0.1794871794871795,28,156,52,3,73,-100,0.4,False
4706,1CX1,A,153,4155,1EOT,A,train,74,0.20125786163522014,32,159,36,6,85,-95,0.4,False
4706,1CX1,A,153,4156,1BJX,A,train,110,0.2795031055900621,45,161,57,8,51,-71,0.4,False
4706,1CX1,A,153,4173,1BM6,A,train,173,0.26,52,200,74,47,27,-96,0.4,False
4706,1CX1,A,153,4177,1BO0,A,train,76,0.1962025316455696,31,158,40,5,82,-96,0.4,False
4706,1CX1,A,153,4184,1EH2,A,train,95,0.2484472049689441,40,161,47,8,66,-81,0.4,False
4706,1CX1,A,153,4186,1BLR,A,val,137,0.23668639053254437,40,169,81,16,32,-89,0.4,False
4706,1CX1,A,153,4188,1BCI,A,test,123,0.2485207100591716,42,169,65,16,46,-85,0.4,False
4706,1CX1,A,153,4197,2CPS,A,train,50,0.18831168831168832,29,154,20,1,104,-96,0.4,False
4706,1CX1,A,153,4198,1BR0,A,train,120,0.2085889570552147,34,163,76,10,43,-95,0.4,False
4706,1CX1,A,153,4199,3NLA,A,train,73,0.2389937106918239,38,159,29,6,86,-83,0.4,False
4706,1CX1,A,153,4202,1BA9,A,train,153,0.2677595628415301,49,183,74,30,30,-85,0.4,False
4706,1CX1,A,153,4206,1MFN,A,train,184,0.2780487804878049,57,205,75,52,21,-91,0.4,False
4706,1CX1,A,153,4207,2ORC,A,train,71,0.2129032258064516,33,155,36,2,84,-89,0.4,False
4706,1CX1,A,153,4209,2CPB,A,train,50,0.18831168831168832,29,154,20,1,104,-96,0.4,False
4706,1CX1,A,153,4214,2TMP,A,train,127,0.24390243902439024,40,164,76,11,37,-84,0.4,False
4706,1CX1,A,153,4215,1SSN,A,train,136,0.24096385542168675,40,166,83,13,30,-86,0.4,False
4706,1CX1,A,153,4216,1BHI,A,train,38,0.1503267973856209,23,153,15,0,115,-107,0.4,False
4706,1CX1,A,153,4217,1BHU,A,val,102,0.2716049382716049,44,162,49,9,60,-74,0.4,False
4706,1CX1,A,153,4222,1MNL,A,train,91,0.20512820512820512,32,156,56,3,65,-92,0.4,False
4706,1CX1,A,153,4223,1TBA,A,test,67,0.22435897435897437,35,156,29,3,89,-86,0.4,False
4706,1CX1,A,153,4224,1MYO,A,train,118,0.23125,37,160,74,7,42,-86,0.4,False
4706,1CX1,A,153,4225,3GRX,A,val,82,0.21518987341772153,34,158,43,5,76,-90,0.4,False
4706,1CX1,A,153,4227,1BQZ,A,test,77,0.21428571428571427,33,154,43,1,77,-88,0.4,False
4706,1CX1,A,153,4228,1BQ0,A,test,77,0.21428571428571427,33,154,43,1,77,-88,0.4,False
4706,1CX1,A,153,4230,1BUQ,A,test,125,0.25157232704402516,40,159,79,6,34,-79,0.4,False
4706,1CX1,A,153,4241,2XBD,A,train,87,0.2654320987654321,43,162,35,9,75,-76,0.4,False
4706,1CX1,A,153,4242,3MSP,A,test,126,0.23125,37,160,82,7,34,-86,0.4,False
4706,1CX1,A,153,4248,2LEF,A,train,86,0.20512820512820512,32,156,51,3,70,-92,0.4,False
4706,1CX1,A,153,4249,1XPA,A,train,113,0.20253164556962025,32,158,76,5,45,-94,0.4,False
4706,1CX1,A,153,4254,1L3G,A,val,123,0.2222222222222222,36,162,78,9,39,-90,0.4,False
4706,1CX1,A,153,4255,2IF1,A,train,126,0.24074074074074073,39,162,78,9,36,-84,0.4,False
4706,1CX1,A,153,4262,1BZF,A,train,162,0.2774869109947644,53,191,71,38,29,-85,0.4,False
4706,1CX1,A,153,4263,2NMB,A,val,147,0.26744186046511625,46,172,82,19,25,-80,0.4,False
4706,1CX1,A,153,4265,1DS9,A,train,198,0.2304147465437788,50,217,84,64,19,-117,0.4,False
4706,1CX1,A,153,4269,1GHT,A,test,105,0.22929936305732485,36,157,65,4,52,-85,0.4,False
4706,1CX1,A,153,4271,1JFJ,A,train,134,0.2392638036809816,39,163,85,10,29,-85,0.4,False
4706,1CX1,A,153,4276,1B2I,A,train,83,0.23417721518987342,37,158,41,5,75,-84,0.4,False
4706,1CX1,A,153,4281,1Z0R,A,train,53,0.1870967741935484,29,155,22,2,102,-97,0.4,False
4706,1CX1,A,153,4285,1K2H,A,test,93,0.21656050955414013,34,157,55,4,64,-89,0.4,False
4706,1CX1,A,153,4299,2F63,A,train,158,0.2756756756756757,51,185,75,32,27,-83,0.4,False
4706,1CX1,A,153,4300,2F65,A,train,158,0.2756756756756757,51,185,75,32,27,-83,0.4,False
4706,1CX1,A,153,4312,1JM4,B,train,118,0.22641509433962265,36,159,76,6,41,-87,0.4,False
4706,1CX1,A,153,4313,1ZRR,A,train,179,0.2871287128712871,58,202,72,49,23,-86,0.4,False
4706,1CX1,A,153,4334,1KQQ,A,test,131,0.22424242424242424,37,165,82,12,34,-91,0.4,False
4706,1CX1,A,153,4342,1LY7,A,train,121,0.2916666666666667,49,168,57,15,47,-70,0.4,False
4716,1N4C,A,182,3322,1E8P,A,train,46,0.14285714285714285,26,182,20,0,136,-130,0.4,False
4716,1N4C,A,182,4023,1Q2N,A,train,58,0.1956521739130435,36,184,20,2,126,-112,0.4,False
4716,1N4C,A,182,4052,1JOO,A,val,149,0.2814070351758794,56,199,76,17,50,-87,0.4,False
4716,1N4C,A,182,4053,1JOQ,A,val,149,0.2814070351758794,56,199,76,17,50,-87,0.4,False
4716,1N4C,A,182,4089,2DEF,A,train,146,0.2676767676767677,53,198,77,16,52,-92,0.4,False
4716,1N4C,A,182,4090,2EZH,A,val,65,0.18579234972677597,34,183,30,1,118,-115,0.4,False
4716,1N4C,A,182,4114,1A5J,A,train,110,0.24479166666666666,47,192,53,10,82,-98,0.4,False
4716,1N4C,A,182,4129,1Q80,A,train,174,0.25252525252525254,50,198,108,16,24,-98,0.4,False
4716,1N4C,A,182,4141,1NK2,P,train,77,0.2,37,185,37,3,108,-111,0.4,False
4716,1N4C,A,182,4147,1H95,A,train,79,0.20540540540540542,38,185,38,3,106,-109,0.4,False
4716,1N4C,A,182,4153,1RXR,A,train,83,0.20652173913043478,38,184,43,2,101,-108,0.4,False
4716,1N4C,A,182,4155,1EOT,A,train,74,0.2032967032967033,37,182,37,0,108,-108,0.4,False
4716,1N4C,A,182,4156,1BJX,A,train,110,0.21164021164021163,40,189,63,7,79,-109,0.4,False
4716,1N4C,A,182,4173,1BM6,A,train,173,0.2300469483568075,49,213,93,31,40,-115,0.4,False
4716,1N4C,A,182,4177,1BO0,A,train,76,0.20218579234972678,37,183,38,1,107,-109,0.4,False
4716,1N4C,A,182,4184,1EH2,A,train,95,0.23529411764705882,44,187,46,5,92,-99,0.4,False
4716,1N4C,A,182,4186,1BLR,A,val,137,0.25252525252525254,50,198,71,16,61,-98,0.4,False
4716,1N4C,A,182,4188,1BCI,A,test,123,0.22279792746113988,43,193,69,11,70,-107,0.4,False
4716,1N4C,A,182,4197,2CPS,A,train,50,0.16304347826086957,30,184,18,2,134,-124,0.4,False
4716,1N4C,A,182,4198,1BR0,A,train,120,0.24598930481283424,46,187,69,5,67,-95,0.4,False
4716,1N4C,A,182,4199,3NLA,A,train,73,0.1989247311827957,37,186,32,4,113,-112,0.4,False
4716,1N4C,A,182,4202,1BA9,A,train,153,0.24623115577889448,49,199,87,17,46,-101,0.4,False
4716,1N4C,A,182,4206,1MFN,A,train,184,0.23444976076555024,49,209,108,27,25,-111,0.4,False
4716,1N4C,A,182,4207,2ORC,A,train,71,0.20652173913043478,38,184,31,2,113,-108,0.4,False
4716,1N4C,A,182,4209,2CPB,A,train,50,0.16304347826086957,30,184,18,2,134,-124,0.4,False
4716,1N4C,A,182,4214,2TMP,A,train,127,0.27319587628865977,53,194,62,12,67,-88,0.4,False
4716,1N4C,A,182,4215,1SSN,A,train,136,0.22994652406417113,43,187,88,5,51,-101,0.4,False
4716,1N4C,A,182,4216,1BHI,A,train,38,0.13186813186813187,24,182,14,0,144,-134,0.4,False
4716,1N4C,A,182,4217,1BHU,A,val,102,0.23809523809523808,45,189,50,7,87,-99,0.4,False
4716,1N4C,A,182,4222,1MNL,A,train,91,0.2393617021276596,45,188,40,6,97,-98,0.4,False
4716,1N4C,A,182,4223,1TBA,A,test,67,0.18579234972677597,34,183,32,1,116,-115,0.4,False
4716,1N4C,A,182,4224,1MYO,A,train,118,0.25396825396825395,48,189,63,7,71,-93,0.4,False
4716,1N4C,A,182,4225,3GRX,A,val,82,0.22162162162162163,41,185,38,3,103,-103,0.4,False
4716,1N4C,A,182,4227,1BQZ,A,test,77,0.22404371584699453,41,183,35,1,106,-101,0.4,False
4716,1N4C,A,182,4228,1BQ0,A,test,77,0.22404371584699453,41,183,35,1,106,-101,0.4,False
4716,1N4C,A,182,4230,1BUQ,A,test,125,0.26424870466321243,51,193,63,11,68,-91,0.4,False
4716,1N4C,A,182,4241,2XBD,A,train,87,0.20320855614973263,38,187,44,5,100,-111,0.4,False
4716,1N4C,A,182,4242,3MSP,A,test,126,0.23469387755102042,46,196,66,14,70,-104,0.4,False
4716,1N4C,A,182,4248,2LEF,A,train,86,0.22282608695652173,41,184,43,2,98,-102,0.4,False
4716,1N4C,A,182,4249,1XPA,A,train,113,0.24210526315789474,46,190,59,8,77,-98,0.4,False
4716,1N4C,A,182,4254,1L3G,A,val,123,0.24867724867724866,47,189,69,7,66,-95,0.4,False
4716,1N4C,A,182,4255,2IF1,A,train,126,0.2564102564102564,50,195,63,13,69,-95,0.4,False
4716,1N4C,A,182,4262,1BZF,A,train,162,0.24528301886792453,52,212,80,30,50,-108,0.4,False
4716,1N4C,A,182,4263,2NMB,A,val,147,0.2413793103448276,49,203,77,21,56,-105,0.4,False
4716,1N4C,A,182,4265,1DS9,A,train,198,0.25,56,224,100,42,26,-112,0.4,False
4716,1N4C,A,182,4269,1GHT,A,test,105,0.24867724867724866,47,189,51,7,84,-95,0.4,False
4716,1N4C,A,182,4271,1JFJ,A,train,134,0.2552083333333333,49,192,75,10,58,-94,0.4,False
4716,1N4C,A,182,4276,1B2I,A,train,83,0.22043010752688172,41,186,38,4,103,-104,0.4,False
4716,1N4C,A,182,4281,1Z0R,A,train,53,0.1783783783783784,33,185,17,3,132,-119,0.4,False
4716,1N4C,A,182,4285,1K2H,A,test,93,0.23529411764705882,44,187,44,5,94,-99,0.4,False
4716,1N4C,A,182,4299,2F63,A,train,158,0.2688679245283019,57,212,71,30,54,-98,0.4,False
4716,1N4C,A,182,4300,2F65,A,train,158,0.2688679245283019,57,212,71,30,54,-98,0.4,False
4716,1N4C,A,182,4312,1JM4,B,train,118,0.25263157894736843,48,190,62,8,72,-94,0.4,False
4716,1N4C,A,182,4313,1ZRR,A,train,179,0.26570048309178745,55,207,99,25,28,-97,0.4,False
4716,1N4C,A,182,4334,1KQQ,A,test,131,0.271356783919598,54,199,60,17,68,-91,0.4,False
4716,1N4C,A,182,4342,1LY7,A,train,121,0.2275132275132275,43,189,71,7,68,-103,0.4,False
4717,1F7W,A,144,3322,1E8P,A,train,46,0.1527777777777778,22,144,24,0,98,-100,0.4,False
4717,1F7W,A,144,4023,1Q2N,A,train,58,0.2214765100671141,33,149,20,5,91,-83,0.4,False
4717,1F7W,A,144,4052,1JOO,A,val,149,0.25882352941176473,44,170,79,26,21,-82,0.4,False
4717,1F7W,A,144,4053,1JOQ,A,val,149,0.25882352941176473,44,170,79,26,21,-82,0.4,False
4717,1F7W,A,144,4089,2DEF,A,train,146,0.2571428571428571,45,175,70,31,29,-85,0.4,False
4717,1F7W,A,144,4090,2EZH,A,val,65,0.19310344827586207,28,145,36,1,80,-89,0.4,False
4717,1F7W,A,144,4114,1A5J,A,train,110,0.23376623376623376,36,154,64,10,44,-82,0.4,False
4717,1F7W,A,144,4129,1Q80,A,train,174,0.22826086956521738,42,184,92,40,10,-100,0.4,False
4717,1F7W,A,144,4141,1NK2,P,train,77,0.23026315789473684,35,152,34,8,75,-82,0.4,False
4717,1F7W,A,144,4147,1H95,A,train,79,0.2206896551724138,32,145,46,1,66,-81,0.4,False
4717,1F7W,A,144,4153,1RXR,A,train,83,0.20945945945945946,31,148,48,4,65,-86,0.4,False
4717,1F7W,A,144,4155,1EOT,A,train,74,0.2054794520547945,30,146,42,2,72,-86,0.4,False
4717,1F7W,A,144,4156,1BJX,A,train,110,0.2549019607843137,39,153,62,9,43,-75,0.4,False
4717,1F7W,A,144,4173,1BM6,A,train,173,0.2702702702702703,50,185,82,41,12,-85,0.4,False
4717,1F7W,A,144,4177,1BO0,A,train,76,0.21476510067114093,32,149,39,5,73,-85,0.4,False
4717,1F7W,A,144,4184,1EH2,A,train,95,0.23178807947019867,35,151,53,7,56,-81,0.4,False
4717,1F7W,A,144,4186,1BLR,A,val,137,0.24561403508771928,42,171,68,27,34,-87,0.4,False
4717,1F7W,A,144,4188,1BCI,A,test,123,0.2375,38,160,69,16,37,-84,0.4,False
4717,1F7W,A,144,4197,2CPS,A,train,50,0.1836734693877551,27,147,20,3,97,-93,0.4,False
4717,1F7W,A,144,4198,1BR0,A,train,120,0.26666666666666666,44,165,55,21,45,-77,0.4,False
4717,1F7W,A,144,4199,3NLA,A,train,73,0.22972972972972974,34,148,35,4,75,-80,0.4,False
4717,1F7W,A,144,4202,1BA9,A,train,153,0.2658959537572254,46,173,78,29,20,-81,0.4,False
4717,1F7W,A,144,4206,1MFN,A,train,184,0.2233502538071066,44,197,87,53,13,-109,0.4,False
4717,1F7W,A,144,4207,2ORC,A,train,71,0.1917808219178082,28,146,41,2,75,-90,0.4,False
4717,1F7W,A,144,4209,2CPB,A,train,50,0.1836734693877551,27,147,20,3,97,-93,0.4,False
4717,1F7W,A,144,4214,2TMP,A,train,127,0.2634730538922156,44,167,60,23,40,-79,0.4,False
4717,1F7W,A,144,4215,1SSN,A,train,136,0.26380368098159507,43,163,74,19,27,-77,0.4,False
4717,1F7W,A,144,4216,1BHI,A,train,38,0.1506849315068493,22,146,14,2,108,-102,0.4,False
4717,1F7W,A,144,4217,1BHU,A,val,102,0.25316455696202533,40,158,48,14,56,-78,0.4,False
4717,1F7W,A,144,4222,1MNL,A,train,91,0.22727272727272727,35,154,46,10,63,-84,0.4,False
4717,1F7W,A,144,4223,1TBA,A,test,67,0.25675675675675674,38,148,25,4,81,-72,0.4,False
4717,1F7W,A,144,4224,1MYO,A,train,118,0.2857142857142857,46,161,55,17,43,-69,0.4,False
4717,1F7W,A,144,4225,3GRX,A,val,82,0.2550335570469799,38,149,39,5,67,-73,0.4,False
4717,1F7W,A,144,4227,1BQZ,A,test,77,0.21768707482993196,32,147,42,3,70,-83,0.4,False
4717,1F7W,A,144,4228,1BQ0,A,test,77,0.21768707482993196,32,147,42,3,70,-83,0.4,False
4717,1F7W,A,144,4230,1BUQ,A,test,125,0.2875,46,160,63,16,35,-68,0.4,False
4717,1F7W,A,144,4241,2XBD,A,train,87,0.20394736842105263,31,152,48,8,65,-90,0.4,False
4717,1F7W,A,144,4242,3MSP,A,test,126,0.25748502994011974,43,167,60,23,41,-81,0.4,False
4717,1F7W,A,144,4248,2LEF,A,train,86,0.23529411764705882,36,153,41,9,67,-81,0.4,False
4717,1F7W,A,144,4249,1XPA,A,train,113,0.23333333333333334,35,150,72,6,37,-80,0.4,False
4717,1F7W,A,144,4254,1L3G,A,val,123,0.23125,37,160,70,16,37,-86,0.4,False
4717,1F7W,A,144,4255,2IF1,A,train,126,0.2422360248447205,39,161,70,17,35,-83,0.4,False
4717,1F7W,A,144,4262,1BZF,A,train,162,0.23626373626373626,43,182,81,38,20,-96,0.4,False
4717,1F7W,A,144,4263,2NMB,A,val,147,0.23030303030303031,38,165,88,21,18,-89,0.4,False
4717,1F7W,A,144,4265,1DS9,A,train,198,0.2644230769230769,55,208,79,64,10,-98,0.4,False
4717,1F7W,A,144,4269,1GHT,A,test,105,0.23333333333333334,35,150,64,6,45,-80,0.4,False
4717,1F7W,A,144,4271,1JFJ,A,train,134,0.27647058823529413,47,170,61,26,36,-76,0.4,False
4717,1F7W,A,144,4276,1B2I,A,train,83,0.22972972972972974,34,148,45,4,65,-80,0.4,False
4717,1F7W,A,144,4281,1Z0R,A,train,53,0.18620689655172415,27,145,25,1,92,-91,0.4,False
4717,1F7W,A,144,4285,1K2H,A,test,93,0.2348993288590604,35,149,53,5,56,-79,0.4,False
4717,1F7W,A,144,4299,2F63,A,train,158,0.273224043715847,50,183,69,39,25,-83,0.4,False
4717,1F7W,A,144,4300,2F65,A,train,158,0.273224043715847,50,183,69,39,25,-83,0.4,False
4717,1F7W,A,144,4312,1JM4,B,train,118,0.2331288343558282,38,163,61,19,45,-87,0.4,False
4717,1F7W,A,144,4313,1ZRR,A,train,179,0.24083769633507854,46,191,86,47,12,-99,0.4,False
4717,1F7W,A,144,4334,1KQQ,A,test,131,0.22151898734177214,35,158,82,14,27,-88,0.4,False
4717,1F7W,A,144,4342,1LY7,A,train,121,0.267515923566879,42,157,66,13,36,-73,0.4,False
4721,1D8J,A,81,3322,1E8P,A,train,46,0.23255813953488372,20,86,21,5,40,-46,0.4,False
4721,1D8J,A,81,4023,1Q2N,A,train,58,0.25287356321839083,22,87,30,6,29,-43,0.4,False
4721,1D8J,A,81,4052,1JOO,A,val,149,0.24,36,150,44,69,1,-78,0.4,False
4721,1D8J,A,81,4053,1JOQ,A,val,149,0.24,36,150,44,69,1,-78,0.4,False
4721,1D8J,A,81,4089,2DEF,A,train,146,0.22666666666666666,34,150,43,69,4,-82,0.4,False
4721,1D8J,A,81,4090,2EZH,A,val,65,0.21348314606741572,19,89,38,8,24,-51,0.4,False
4721,1D8J,A,81,4114,1A5J,A,train,110,0.24786324786324787,29,117,45,36,7,-59,0.4,False
4721,1D8J,A,81,4129,1Q80,A,train,174,0.20114942528735633,35,174,46,93,0,-104,0.4,False
4721,1D8J,A,81,4141,1NK2,P,train,77,0.27472527472527475,25,91,42,10,14,-41,0.4,False
4721,1D8J,A,81,4147,1H95,A,train,79,0.25263157894736843,24,95,41,14,16,-47,0.4,False
4721,1D8J,A,81,4153,1RXR,A,train,83,0.2653061224489796,26,98,40,17,15,-46,0.4,False
4721,1D8J,A,81,4155,1EOT,A,train,74,0.26136363636363635,23,88,44,7,14,-42,0.4,False
4721,1D8J,A,81,4156,1BJX,A,train,110,0.25210084033613445,30,119,42,38,9,-59,0.4,False
4721,1D8J,A,81,4173,1BM6,A,train,173,0.1864406779661017,33,177,44,96,4,-111,0.4,False
4721,1D8J,A,81,4177,1BO0,A,train,76,0.2608695652173913,24,92,41,11,16,-44,0.4,False
4721,1D8J,A,81,4184,1EH2,A,train,95,0.2621359223300971,27,103,46,22,8,-49,0.4,False
4721,1D8J,A,81,4186,1BLR,A,val,137,0.2642857142857143,37,140,41,59,3,-66,0.4,False
4721,1D8J,A,81,4188,1BCI,A,test,123,0.25384615384615383,33,130,41,49,7,-64,0.4,False
4721,1D8J,A,81,4197,2CPS,A,train,50,0.2289156626506024,19,83,29,2,33,-45,0.4,False
4721,1D8J,A,81,4198,1BR0,A,train,120,0.22764227642276422,28,123,50,42,3,-67,0.4,False
4721,1D8J,A,81,4199,3NLA,A,train,73,0.2247191011235955,20,89,45,8,16,-49,0.4,False
4721,1D8J,A,81,4202,1BA9,A,train,153,0.21794871794871795,34,156,44,75,3,-88,0.4,False
4721,1D8J,A,81,4206,1MFN,A,train,184,0.22043010752688172,41,186,38,105,2,-104,0.4,False
4721,1D8J,A,81,4207,2ORC,A,train,71,0.26373626373626374,24,91,37,10,20,-43,0.4,False
4721,1D8J,A,81,4209,2CPB,A,train,50,0.2289156626506024,19,83,29,2,33,-45,0.4,False
4721,1D8J,A,81,4214,2TMP,A,train,127,0.23308270676691728,31,133,44,52,6,-71,0.4,False
4721,1D8J,A,81,4215,1SSN,A,train,136,0.25874125874125875,37,143,37,62,7,-69,0.4,False
4721,1D8J,A,81,4216,1BHI,A,train,38,0.21951219512195122,18,82,19,1,44,-46,0.4,False
4721,1D8J,A,81,4217,1BHU,A,val,102,0.23636363636363636,26,110,47,29,8,-58,0.4,False
4721,1D8J,A,81,4222,1MNL,A,train,91,0.24752475247524752,25,101,46,20,10,-51,0.4,False
4721,1D8J,A,81,4223,1TBA,A,test,67,0.2967032967032967,27,91,30,10,24,-37,0.4,False
4721,1D8J,A,81,4224,1MYO,A,train,118,0.25,31,124,44,43,6,-62,0.4,False
4721,1D8J,A,81,4225,3GRX,A,val,82,0.24761904761904763,26,105,32,24,23,-53,0.4,False
4721,1D8J,A,81,4227,1BQZ,A,test,77,0.24731182795698925,23,93,42,12,16,-47,0.4,False
4721,1D8J,A,81,4228,1BQ0,A,test,77,0.24731182795698925,23,93,42,12,16,-47,0.4,False
4721,1D8J,A,81,4230,1BUQ,A,test,125,0.2047244094488189,26,127,53,46,2,-75,0.4,False
4721,1D8J,A,81,4241,2XBD,A,train,87,0.20388349514563106,21,103,44,22,16,-61,0.4,False
4721,1D8J,A,81,4242,3MSP,A,test,126,0.2824427480916031,37,131,39,50,5,-57,0.4,False
4721,1D8J,A,81,4248,2LEF,A,train,86,0.25510204081632654,25,98,44,17,12,-48,0.4,False
4721,1D8J,A,81,4249,1XPA,A,train,113,0.24786324786324787,29,117,48,36,4,-59,0.4,False
4721,1D8J,A,81,4254,1L3G,A,val,123,0.26356589147286824,34,129,41,48,6,-61,0.4,False
4721,1D8J,A,81,4255,2IF1,A,train,126,0.2366412213740458,31,131,45,50,5,-69,0.4,False
4721,1D8J,A,81,4262,1BZF,A,train,162,0.22424242424242424,37,165,41,84,3,-91,0.4,False
4721,1D8J,A,81,4263,2NMB,A,val,147,0.2185430463576159,33,151,44,70,4,-85,0.4,False
4721,1D8J,A,81,4265,1DS9,A,train,198,0.21393034825870647,43,201,35,120,3,-115,0.4,False
4721,1D8J,A,81,4269,1GHT,A,test,105,0.25225225225225223,28,111,47,30,6,-55,0.4,False
4721,1D8J,A,81,4271,1JFJ,A,train,134,0.2553191489361702,36,141,38,60,7,-69,0.4,False
4721,1D8J,A,81,4276,1B2I,A,train,83,0.22916666666666666,22,96,46,15,13,-52,0.4,False
4721,1D8J,A,81,4281,1Z0R,A,train,53,0.2962962962962963,24,81,29,0,28,-33,0.4,False
4721,1D8J,A,81,4285,1K2H,A,test,93,0.2524271844660194,26,103,45,22,10,-51,0.4,False
4721,1D8J,A,81,4299,2F63,A,train,158,0.2546583850931677,41,161,37,80,3,-79,0.4,False
4721,1D8J,A,81,4300,2F65,A,train,158,0.2546583850931677,41,161,37,80,3,-79,0.4,False
4721,1D8J,A,81,4312,1JM4,B,train,118,0.24390243902439024,30,123,46,42,5,-63,0.4,False
4721,1D8J,A,81,4313,1ZRR,A,train,179,0.2185792349726776,40,183,37,102,4,-103,0.4,False
4721,1D8J,A,81,4334,1KQQ,A,test,131,0.2536231884057971,35,138,39,57,7,-68,0.4,False
4721,1D8J,A,81,4342,1LY7,A,train,121,0.2265625,29,128,45,47,7,-70,0.4,False
4735,1JYT,A,163,3322,1E8P,A,train,46,0.1411042944785276,23,163,23,0,117,-117,0.4,False
4735,1JYT,A,163,4023,1Q2N,A,train,58,0.2,33,165,23,2,107,-99,0.4,False
4735,1JYT,A,163,4052,1JOO,A,val,149,0.2893401015228426,57,197,58,34,48,-83,0.4,False
4735,1JYT,A,163,4053,1JOQ,A,val,149,0.2893401015228426,57,197,58,34,48,-83,0.4,False
4735,1JYT,A,163,4089,2DEF,A,train,146,0.25274725274725274,46,182,81,19,36,-90,0.4,False
4735,1JYT,A,163,4090,2EZH,A,val,65,0.18674698795180722,31,166,31,3,101,-104,0.4,False
4735,1JYT,A,163,4114,1A5J,A,train,110,0.25443786982248523,43,169,61,6,59,-83,0.4,False
4735,1JYT,A,163,4129,1Q80,A,train,174,0.2602040816326531,51,196,90,33,22,-94,0.4,False
4735,1JYT,A,163,4141,1NK2,P,train,77,0.22085889570552147,36,163,41,0,86,-91,0.4,False
4735,1JYT,A,163,4147,1H95,A,train,79,0.22424242424242424,37,165,40,2,86,-91,0.4,False
4735,1JYT,A,163,4153,1RXR,A,train,83,0.19642857142857142,33,168,45,5,85,-102,0.4,False
4735,1JYT,A,163,4155,1EOT,A,train,74,0.20121951219512196,33,164,40,1,90,-98,0.4,False
4735,1JYT,A,163,4156,1BJX,A,train,110,0.2631578947368421,45,171,57,8,61,-81,0.4,False
4735,1JYT,A,163,4173,1BM6,A,train,173,0.26666666666666666,52,195,89,32,22,-91,0.4,False
4735,1JYT,A,163,4177,1BO0,A,train,76,0.20606060606060606,34,165,40,2,89,-97,0.4,False
4735,1JYT,A,163,4184,1EH2,A,train,95,0.2529411764705882,43,170,45,7,75,-84,0.4,False
4735,1JYT,A,163,4186,1BLR,A,val,137,0.24861878453038674,45,181,74,18,44,-91,0.4,False
4735,1JYT,A,163,4188,1BCI,A,test,123,0.25287356321839083,44,174,68,11,51,-86,0.4,False
4735,1JYT,A,163,4197,2CPS,A,train,50,0.18787878787878787,31,165,17,2,115,-103,0.4,False
4735,1JYT,A,163,4198,1BR0,A,train,120,0.25,43,172,68,9,52,-86,0.4,False
4735,1JYT,A,163,4199,3NLA,A,train,73,0.21301775147928995,36,169,31,6,96,-97,0.4,False
4735,1JYT,A,163,4202,1BA9,A,train,153,0.24157303370786518,43,178,95,15,25,-92,0.4,False
4735,1JYT,A,163,4206,1MFN,A,train,184,0.26108374384236455,53,203,91,40,19,-97,0.4,False
4735,1JYT,A,163,4207,2ORC,A,train,71,0.2073170731707317,34,164,36,1,93,-96,0.4,False
4735,1JYT,A,163,4209,2CPB,A,train,50,0.18787878787878787,31,165,17,2,115,-103,0.4,False
4735,1JYT,A,163,4214,2TMP,A,train,127,0.2388888888888889,43,180,67,17,53,-94,0.4,False
4735,1JYT,A,163,4215,1SSN,A,train,136,0.26704545454545453,47,176,76,13,40,-82,0.4,False
4735,1JYT,A,163,4216,1BHI,A,train,38,0.14634146341463414,24,164,13,1,126,-116,0.4,False
4735,1JYT,A,163,4217,1BHU,A,val,102,0.2261904761904762,38,168,59,5,66,-92,0.4,False
4735,1JYT,A,163,4222,1MNL,A,train,91,0.23668639053254437,40,169,45,6,78,-89,0.4,False
4735,1JYT,A,163,4223,1TBA,A,test,67,0.21341463414634146,35,164,31,1,97,-94,0.4,False
4735,1JYT,A,163,4224,1MYO,A,train,118,0.26627218934911245,45,169,67,6,51,-79,0.4,False
4735,1JYT,A,163,4225,3GRX,A,val,82,0.22085889570552147,36,163,46,0,81,-91,0.4,False
4735,1JYT,A,163,4227,1BQZ,A,test,77,0.23952095808383234,40,167,33,4,90,-87,0.4,False
4735,1JYT,A,163,4228,1BQ0,A,test,77,0.23952095808383234,40,167,33,4,90,-87,0.4,False
4735,1JYT,A,163,4230,1BUQ,A,test,125,0.2692307692307692,49,182,57,19,57,-84,0.4,False
4735,1JYT,A,163,4241,2XBD,A,train,87,0.2,33,165,52,2,78,-99,0.4,False
4735,1JYT,A,163,4242,3MSP,A,test,126,0.25287356321839083,44,174,71,11,48,-86,0.4,False
4735,1JYT,A,163,4248,2LEF,A,train,86,0.23668639053254437,40,169,40,6,83,-89,0.4,False
4735,1JYT,A,163,4249,1XPA,A,train,113,0.2556818181818182,45,176,55,13,63,-86,0.4,False
4735,1JYT,A,163,4254,1L3G,A,val,123,0.24571428571428572,43,175,68,12,52,-89,0.4,False
4735,1JYT,A,163,4255,2IF1,A,train,126,0.2603550295857988,44,169,76,6,43,-81,0.4,False
4735,1JYT,A,163,4262,1BZF,A,train,162,0.27692307692307694,54,195,76,32,33,-87,0.4,False
4735,1JYT,A,163,4263,2NMB,A,val,147,0.2598870056497175,46,177,87,14,30,-85,0.4,False
4735,1JYT,A,163,4265,1DS9,A,train,198,0.2648401826484018,58,219,84,56,21,-103,0.4,False
4735,1JYT,A,163,4269,1GHT,A,test,105,0.26285714285714284,46,175,47,12,70,-83,0.4,False
4735,1JYT,A,163,4271,1JFJ,A,train,134,0.2573099415204678,44,171,82,8,37,-83,0.4,False
4735,1JYT,A,163,4276,1B2I,A,train,83,0.19879518072289157,33,166,47,3,83,-100,0.4,False
4735,1JYT,A,163,4281,1Z0R,A,train,53,0.1901840490797546,31,163,22,0,110,-101,0.4,False
4735,1JYT,A,163,4285,1K2H,A,test,93,0.23636363636363636,39,165,52,2,72,-87,0.4,False
4735,1JYT,A,163,4299,2F63,A,train,158,0.2670157068062827,51,191,79,28,33,-89,0.4,False
4735,1JYT,A,163,4300,2F65,A,train,158,0.2670157068062827,51,191,79,28,33,-89,0.4,False
4735,1JYT,A,163,4312,1JM4,B,train,118,0.22807017543859648,39,171,71,8,53,-93,0.4,False
4735,1JYT,A,163,4313,1ZRR,A,train,179,0.2524752475247525,51,202,89,39,23,-100,0.4,False
4735,1JYT,A,163,4334,1KQQ,A,test,131,0.25287356321839083,44,174,76,11,43,-86,0.4,False
4735,1JYT,A,163,4342,1LY7,A,train,121,0.23809523809523808,40,168,76,5,47,-88,0.4,False
4740,1GH9,A,71,3322,1E8P,A,train,46,0.19444444444444445,14,72,31,1,26,-44,0.4,False
4740,1GH9,A,71,4023,1Q2N,A,train,58,0.2191780821917808,16,73,40,2,15,-41,0.4,False
4740,1GH9,A,71,4052,1JOO,A,val,149,0.21052631578947367,32,152,36,81,3,-88,0.4,False
4740,1GH9,A,71,4053,1JOQ,A,val,149,0.21052631578947367,32,152,36,81,3,-88,0.4,False
4740,1GH9,A,71,4089,2DEF,A,train,146,0.2108843537414966,31,147,39,76,1,-85,0.4,False
4740,1GH9,A,71,4090,2EZH,A,val,65,0.25925925925925924,21,81,34,10,16,-39,0.4,False
4740,1GH9,A,71,4114,1A5J,A,train,110,0.25,30,120,31,49,10,-60,0.4,False
4740,1GH9,A,71,4129,1Q80,A,train,174,0.21714285714285714,38,175,32,104,1,-99,0.4,False
4740,1GH9,A,71,4141,1NK2,P,train,77,0.2736842105263158,26,95,27,24,18,-43,0.4,False
4740,1GH9,A,71,4147,1H95,A,train,79,0.24705882352941178,21,85,44,14,6,-43,0.4,False
4740,1GH9,A,71,4153,1RXR,A,train,83,0.25842696629213485,23,89,42,18,6,-43,0.4,False
4740,1GH9,A,71,4155,1EOT,A,train,74,0.2696629213483146,24,89,32,18,15,-41,0.4,False
4740,1GH9,A,71,4156,1BJX,A,train,110,0.23076923076923078,27,117,37,46,7,-63,0.4,False
4740,1GH9,A,71,4173,1BM6,A,train,173,0.1896551724137931,33,174,37,103,1,-108,0.4,False
4740,1GH9,A,71,4177,1BO0,A,train,76,0.24390243902439024,20,82,45,11,6,-42,0.4,False
4740,1GH9,A,71,4184,1EH2,A,train,95,0.28,28,100,38,29,5,-44,0.4,False
4740,1GH9,A,71,4186,1BLR,A,val,137,0.22695035460992907,32,141,35,70,4,-77,0.4,False
4740,1GH9,A,71,4188,1BCI,A,test,123,0.2222222222222222,28,126,40,55,3,-70,0.4,False
4740,1GH9,A,71,4197,2CPS,A,train,50,0.22972972972972974,17,74,30,3,24,-40,0.4,False
4740,1GH9,A,71,4198,1BR0,A,train,120,0.24193548387096775,30,124,37,53,4,-64,0.4,False
4740,1GH9,A,71,4199,3NLA,A,train,73,0.20930232558139536,18,86,40,15,13,-50,0.4,False
4740,1GH9,A,71,4202,1BA9,A,train,153,0.2088607594936709,33,158,33,87,5,-92,0.4,False
4740,1GH9,A,71,4206,1MFN,A,train,184,0.1881720430107527,35,186,34,115,2,-116,0.4,False
4740,1GH9,A,71,4207,2ORC,A,train,71,0.32142857142857145,27,84,31,13,13,-30,0.4,False
4740,1GH9,A,71,4209,2CPB,A,train,50,0.22972972972972974,17,74,30,3,24,-40,0.4,False
4740,1GH9,A,71,4214,2TMP,A,train,127,0.23255813953488372,30,129,39,58,2,-69,0.4,False
4740,1GH9,A,71,4215,1SSN,A,train,136,0.2158273381294964,30,139,38,68,3,-79,0.4,False
4740,1GH9,A,71,4216,1BHI,A,train,38,0.2222222222222222,16,72,21,1,34,-40,0.4,False
4740,1GH9,A,71,4217,1BHU,A,val,102,0.21495327102803738,23,107,43,36,5,-61,0.4,False
4740,1GH9,A,71,4222,1MNL,A,train,91,0.25773195876288657,25,97,40,26,6,-47,0.4,False
4740,1GH9,A,71,4223,1TBA,A,test,67,0.25,20,80,38,9,13,-40,0.4,False
4740,1GH9,A,71,4224,1MYO,A,train,118,0.21666666666666667,26,120,43,49,2,-68,0.4,False
4740,1GH9,A,71,4225,3GRX,A,val,82,0.27,27,100,26,29,18,-46,0.4,False
4740,1GH9,A,71,4227,1BQZ,A,test,77,0.26136363636363635,23,88,37,17,11,-42,0.4,False
4740,1GH9,A,71,4228,1BQ0,A,test,77,0.26136363636363635,23,88,37,17,11,-42,0.4,False
4740,1GH9,A,71,4230,1BUQ,A,test,125,0.2125984251968504,27,127,42,56,2,-73,0.4,False
4740,1GH9,A,71,4241,2XBD,A,train,87,0.1978021978021978,18,91,49,20,4,-55,0.4,False
4740,1GH9,A,71,4242,3MSP,A,test,126,0.21705426356589147,28,129,40,58,3,-73,0.4,False
4740,1GH9,A,71,4248,2LEF,A,train,86,0.2967032967032967,27,91,39,20,5,-37,0.4,False
4740,1GH9,A,71,4249,1XPA,A,train,113,0.24786324786324787,29,117,38,46,4,-59,0.4,False
4740,1GH9,A,71,4254,1L3G,A,val,123,0.234375,30,128,36,57,5,-68,0.4,False
4740,1GH9,A,71,4255,2IF1,A,train,126,0.20930232558139536,27,129,41,58,3,-75,0.4,False
4740,1GH9,A,71,4262,1BZF,A,train,162,0.2,33,165,35,94,3,-99,0.4,False
4740,1GH9,A,71,4263,2NMB,A,val,147,0.21568627450980393,33,153,32,82,6,-87,0.4,False
4740,1GH9,A,71,4265,1DS9,A,train,198,0.1919191919191919,38,198,33,127,0,-122,0.4,False
4740,1GH9,A,71,4269,1GHT,A,test,105,0.2719298245614035,31,114,31,43,9,-52,0.4,False
4740,1GH9,A,71,4271,1JFJ,A,train,134,0.2116788321167883,29,137,39,66,3,-79,0.4,False
4740,1GH9,A,71,4276,1B2I,A,train,83,0.2222222222222222,20,90,44,19,7,-50,0.4,False
4740,1GH9,A,71,4281,1Z0R,A,train,53,0.2631578947368421,20,76,28,5,23,-36,0.4,False
4740,1GH9,A,71,4285,1K2H,A,test,93,0.22772277227722773,23,101,40,30,8,-55,0.4,False
4740,1GH9,A,71,4299,2F63,A,train,158,0.20625,33,160,36,89,2,-94,0.4,False
4740,1GH9,A,71,4300,2F65,A,train,158,0.20625,33,160,36,89,2,-94,0.4,False
4740,1GH9,A,71,4312,1JM4,B,train,118,0.225,27,120,42,49,2,-66,0.4,False
4740,1GH9,A,71,4313,1ZRR,A,train,179,0.20555555555555555,37,180,33,109,1,-106,0.4,False
4740,1GH9,A,71,4334,1KQQ,A,test,131,0.21212121212121213,28,132,42,61,1,-76,0.4,False
4740,1GH9,A,71,4342,1LY7,A,train,121,0.234375,30,128,34,57,7,-68,0.4,False
4751,1IVM,A,130,3322,1E8P,A,train,46,0.19696969696969696,26,132,18,2,86,-80,0.4,False
4751,1IVM,A,130,4023,1Q2N,A,train,58,0.19230769230769232,25,130,33,0,72,-80,0.4,False
4751,1IVM,A,130,4052,1JOO,A,val,149,0.2529411764705882,43,170,66,40,21,-84,0.4,False
4751,1IVM,A,130,4053,1JOQ,A,val,149,0.2529411764705882,43,170,66,40,21,-84,0.4,False
4751,1IVM,A,130,4089,2DEF,A,train,146,0.24074074074074073,39,162,75,32,16,-84,0.4,False
4751,1IVM,A,130,4090,2EZH,A,val,65,0.20610687022900764,27,131,37,1,66,-77,0.4,False
4751,1IVM,A,130,4114,1A5J,A,train,110,0.22377622377622378,32,143,65,13,33,-79,0.4,False
4751,1IVM,A,130,4129,1Q80,A,train,174,0.25136612021857924,46,183,75,53,9,-91,0.4,False
4751,1IVM,A,130,4141,1NK2,P,train,77,0.22556390977443608,30,133,44,3,56,-73,0.4,False
4751,1IVM,A,130,4147,1H95,A,train,79,0.2536231884057971,35,138,36,8,59,-68,0.4,False
4751,1IVM,A,130,4153,1RXR,A,train,83,0.25925925925925924,35,135,43,5,52,-65,0.4,False
4751,1IVM,A,130,4155,1EOT,A,train,74,0.23529411764705882,32,136,36,6,62,-72,0.4,False
4751,1IVM,A,130,4156,1BJX,A,train,110,0.2206896551724138,32,145,63,15,35,-81,0.4,False
4751,1IVM,A,130,4173,1BM6,A,train,173,0.22777777777777777,41,180,82,50,7,-98,0.4,False
4751,1IVM,A,130,4177,1BO0,A,train,76,0.22058823529411764,30,136,40,6,60,-76,0.4,False
4751,1IVM,A,130,4184,1EH2,A,train,95,0.22142857142857142,31,140,54,10,45,-78,0.4,False
4751,1IVM,A,130,4186,1BLR,A,val,137,0.2389937106918239,38,159,70,29,22,-83,0.4,False
4751,1IVM,A,130,4188,1BCI,A,test,123,0.2328767123287671,34,146,73,16,23,-78,0.4,False
4751,1IVM,A,130,4197,2CPS,A,train,50,0.17557251908396945,23,131,26,1,81,-85,0.4,False
4751,1IVM,A,130,4198,1BR0,A,train,120,0.20863309352517986,29,139,82,9,19,-81,0.4,False
4751,1IVM,A,130,4199,3NLA,A,train,73,0.1865671641791045,25,134,44,4,61,-84,0.4,False
4751,1IVM,A,130,4202,1BA9,A,train,153,0.24260355029585798,41,169,73,39,16,-87,0.4,False
4751,1IVM,A,130,4206,1MFN,A,train,184,0.22395833333333334,43,192,79,62,8,-106,0.4,False
4751,1IVM,A,130,4207,2ORC,A,train,71,0.21212121212121213,28,132,41,2,61,-76,0.4,False
4751,1IVM,A,130,4209,2CPB,A,train,50,0.17557251908396945,23,131,26,1,81,-85,0.4,False
4751,1IVM,A,130,4214,2TMP,A,train,127,0.24342105263157895,37,152,68,22,25,-78,0.4,False
4751,1IVM,A,130,4215,1SSN,A,train,136,0.23076923076923078,39,169,58,39,33,-91,0.4,False
4751,1IVM,A,130,4216,1BHI,A,train,38,0.13846153846153847,18,130,20,0,92,-94,0.4,False
4751,1IVM,A,130,4217,1BHU,A,val,102,0.2624113475177305,37,141,54,11,39,-67,0.4,False
4751,1IVM,A,130,4222,1MNL,A,train,91,0.23529411764705882,32,136,53,6,45,-72,0.4,False
4751,1IVM,A,130,4223,1TBA,A,test,67,0.19083969465648856,25,131,41,1,64,-81,0.4,False
4751,1IVM,A,130,4224,1MYO,A,train,118,0.273972602739726,40,146,62,16,28,-66,0.4,False
4751,1IVM,A,130,4225,3GRX,A,val,82,0.2116788321167883,29,137,46,7,55,-79,0.4,False
4751,1IVM,A,130,4227,1BQZ,A,test,77,0.23703703703703705,32,135,40,5,58,-71,0.4,False
4751,1IVM,A,130,4228,1BQ0,A,test,77,0.23703703703703705,32,135,40,5,58,-71,0.4,False
4751,1IVM,A,130,4230,1BUQ,A,test,125,0.2585034013605442,38,147,70,17,22,-71,0.4,False
4751,1IVM,A,130,4241,2XBD,A,train,87,0.2463768115942029,34,138,45,8,51,-70,0.4,False
4751,1IVM,A,130,4242,3MSP,A,test,126,0.23684210526315788,36,152,68,22,26,-80,0.4,False
4751,1IVM,A,130,4248,2LEF,A,train,86,0.21212121212121213,28,132,56,2,46,-76,0.4,False
4751,1IVM,A,130,4249,1XPA,A,train,113,0.22377622377622378,32,143,68,13,30,-79,0.4,False
4751,1IVM,A,130,4254,1L3G,A,val,123,0.21935483870967742,34,155,64,25,32,-87,0.4,False
4751,1IVM,A,130,4255,2IF1,A,train,126,0.24183006535947713,37,153,66,23,27,-79,0.4,False
4751,1IVM,A,130,4262,1BZF,A,train,162,0.22857142857142856,40,175,77,45,13,-95,0.4,False
4751,1IVM,A,130,4263,2NMB,A,val,147,0.25609756097560976,42,164,71,34,17,-80,0.4,False
4751,1IVM,A,130,4265,1DS9,A,train,198,0.2361111111111111,51,216,61,86,18,-114,0.4,False
4751,1IVM,A,130,4269,1GHT,A,test,105,0.2589928057553957,36,139,60,9,34,-67,0.4,False
4751,1IVM,A,130,4271,1JFJ,A,train,134,0.24025974025974026,37,154,73,24,20,-80,0.4,False
4751,1IVM,A,130,4276,1B2I,A,train,83,0.23134328358208955,31,134,48,4,51,-72,0.4,False
4751,1IVM,A,130,4281,1Z0R,A,train,53,0.17424242424242425,23,132,28,2,79,-86,0.4,False
4751,1IVM,A,130,4285,1K2H,A,test,93,0.2222222222222222,30,135,58,5,42,-75,0.4,False
4751,1IVM,A,130,4299,2F63,A,train,158,0.22941176470588234,39,170,79,40,12,-92,0.4,False
4751,1IVM,A,130,4300,2F65,A,train,158,0.22941176470588234,39,170,79,40,12,-92,0.4,False
4751,1IVM,A,130,4312,1JM4,B,train,118,0.2152777777777778,31,144,73,14,26,-82,0.4,False
4751,1IVM,A,130,4313,1ZRR,A,train,179,0.21621621621621623,40,185,84,55,6,-105,0.4,False
4751,1IVM,A,130,4334,1KQQ,A,test,131,0.25625,41,160,60,30,29,-78,0.4,False
4751,1IVM,A,130,4342,1LY7,A,train,121,0.22142857142857142,31,140,80,10,19,-78,0.4,False
4752,1J9I,A,68,3322,1E8P,A,train,46,0.15714285714285714,11,70,33,2,24,-48,0.4,False
4752,1J9I,A,68,4023,1Q2N,A,train,58,0.2692307692307692,21,78,27,10,20,-36,0.4,False
4752,1J9I,A,68,4052,1JOO,A,val,149,0.21333333333333335,32,150,35,82,1,-86,0.4,False
4752,1J9I,A,68,4053,1JOQ,A,val,149,0.21333333333333335,32,150,35,82,1,-86,0.4,False
4752,1J9I,A,68,4089,2DEF,A,train,146,0.21232876712328766,31,146,37,78,0,-84,0.4,False
4752,1J9I,A,68,4090,2EZH,A,val,65,0.24675324675324675,19,77,37,9,12,-39,0.4,False
4752,1J9I,A,68,4114,1A5J,A,train,110,0.23684210526315788,27,114,37,46,4,-60,0.4,False
4752,1J9I,A,68,4129,1Q80,A,train,174,0.19318181818181818,34,176,32,108,2,-108,0.4,False
4752,1J9I,A,68,4141,1NK2,P,train,77,0.2441860465116279,21,86,38,18,9,-44,0.4,False
4752,1J9I,A,68,4147,1H95,A,train,79,0.26436781609195403,23,87,37,19,8,-41,0.4,False
4752,1J9I,A,68,4153,1RXR,A,train,83,0.2608695652173913,24,92,35,24,9,-44,0.4,False
4752,1J9I,A,68,4155,1EOT,A,train,74,0.19753086419753085,16,81,45,13,7,-49,0.4,False
4752,1J9I,A,68,4156,1BJX,A,train,110,0.23214285714285715,26,112,40,44,2,-60,0.4,False
4752,1J9I,A,68,4173,1BM6,A,train,173,0.1875,33,176,32,108,3,-110,0.4,False
4752,1J9I,A,68,4177,1BO0,A,train,76,0.18292682926829268,15,82,47,14,6,-52,0.4,False
4752,1J9I,A,68,4184,1EH2,A,train,95,0.24752475247524752,25,101,37,33,6,-51,0.4,False
4752,1J9I,A,68,4186,1BLR,A,val,137,0.2158273381294964,30,139,36,71,2,-79,0.4,False
4752,1J9I,A,68,4188,1BCI,A,test,123,0.2283464566929134,29,127,35,59,4,-69,0.4,False
4752,1J9I,A,68,4197,2CPS,A,train,50,0.21621621621621623,16,74,28,6,24,-42,0.4,False
4752,1J9I,A,68,4198,1BR0,A,train,120,0.22950819672131148,28,122,38,54,2,-66,0.4,False
4752,1J9I,A,68,4199,3NLA,A,train,73,0.2558139534883721,22,86,33,18,13,-42,0.4,False
4752,1J9I,A,68,4202,1BA9,A,train,153,0.2077922077922078,32,154,35,86,1,-90,0.4,False
4752,1J9I,A,68,4206,1MFN,A,train,184,0.1711229946524064,32,187,33,119,3,-123,0.4,False
4752,1J9I,A,68,4207,2ORC,A,train,71,0.22666666666666666,17,75,47,7,4,-41,0.4,False
4752,1J9I,A,68,4209,2CPB,A,train,50,0.21621621621621623,16,74,28,6,24,-42,0.4,False
4752,1J9I,A,68,4214,2TMP,A,train,127,0.23255813953488372,30,129,36,61,2,-69,0.4,False
4752,1J9I,A,68,4215,1SSN,A,train,136,0.2158273381294964,30,139,35,71,3,-79,0.4,False
4752,1J9I,A,68,4216,1BHI,A,train,38,0.20588235294117646,14,68,24,0,30,-40,0.4,False
4752,1J9I,A,68,4217,1BHU,A,val,102,0.20588235294117646,21,102,47,34,0,-60,0.4,False
4752,1J9I,A,68,4222,1MNL,A,train,91,0.2604166666666667,25,96,38,28,5,-46,0.4,False
4752,1J9I,A,68,4223,1TBA,A,test,67,0.27848101265822783,22,79,34,11,12,-35,0.4,False
4752,1J9I,A,68,4224,1MYO,A,train,118,0.216,27,125,34,57,7,-71,0.4,False
4752,1J9I,A,68,4225,3GRX,A,val,82,0.20930232558139536,18,86,46,18,4,-50,0.4,False
4752,1J9I,A,68,4227,1BQZ,A,test,77,0.21951219512195122,18,82,45,14,5,-46,0.4,False
4752,1J9I,A,68,4228,1BQ0,A,test,77,0.21951219512195122,18,82,45,14,5,-46,0.4,False
4752,1J9I,A,68,4230,1BUQ,A,test,125,0.21428571428571427,27,126,40,58,1,-72,0.4,False
4752,1J9I,A,68,4241,2XBD,A,train,87,0.16666666666666666,15,90,50,22,3,-60,0.4,False
4752,1J9I,A,68,4242,3MSP,A,test,126,0.2265625,29,128,37,60,2,-70,0.4,False
4752,1J9I,A,68,4248,2LEF,A,train,86,0.2553191489361702,24,94,36,26,8,-46,0.4,False
4752,1J9I,A,68,4249,1XPA,A,train,113,0.22413793103448276,26,116,39,48,3,-64,0.4,False
4752,1J9I,A,68,4254,1L3G,A,val,123,0.21875,28,128,35,60,5,-72,0.4,False
4752,1J9I,A,68,4255,2IF1,A,train,126,0.2153846153846154,28,130,36,62,4,-74,0.4,False
4752,1J9I,A,68,4262,1BZF,A,train,162,0.1901840490797546,31,163,36,95,1,-101,0.4,False
4752,1J9I,A,68,4263,2NMB,A,val,147,0.20666666666666667,31,150,34,82,3,-88,0.4,False
4752,1J9I,A,68,4265,1DS9,A,train,198,0.19095477386934673,38,199,29,131,1,-123,0.4,False
4752,1J9I,A,68,4269,1GHT,A,test,105,0.22641509433962265,24,106,43,38,1,-58,0.4,False
4752,1J9I,A,68,4271,1JFJ,A,train,134,0.2589928057553957,36,139,27,71,5,-67,0.4,False
4752,1J9I,A,68,4276,1B2I,A,train,83,0.20930232558139536,18,86,47,18,3,-50,0.4,False
4752,1J9I,A,68,4281,1Z0R,A,train,53,0.26666666666666666,20,75,26,7,22,-35,0.4,False
4752,1J9I,A,68,4285,1K2H,A,test,93,0.2376237623762376,24,101,36,33,8,-53,0.4,False
4752,1J9I,A,68,4299,2F63,A,train,158,0.21739130434782608,35,161,30,93,3,-91,0.4,False
4752,1J9I,A,68,4300,2F65,A,train,158,0.21739130434782608,35,161,30,93,3,-91,0.4,False
4752,1J9I,A,68,4312,1JM4,B,train,118,0.23140495867768596,28,121,37,53,3,-65,0.4,False
4752,1J9I,A,68,4313,1ZRR,A,train,179,0.18333333333333332,33,180,34,112,1,-114,0.4,False
4752,1J9I,A,68,4334,1KQQ,A,test,131,0.2426470588235294,33,136,30,68,5,-70,0.4,False
4752,1J9I,A,68,4342,1LY7,A,train,121,0.21487603305785125,26,121,42,53,0,-69,0.4,False
4757,1DV0,A,45,3322,1E8P,A,train,46,0.1568627450980392,8,51,32,6,5,-35,0.4,False
4757,1DV0,A,45,4023,1Q2N,A,train,58,0.27692307692307694,18,65,20,20,7,-29,0.4,False
4757,1DV0,A,45,4052,1JOO,A,val,149,0.2080536912751678,31,149,14,104,0,-87,0.4,False
4757,1DV0,A,45,4053,1JOQ,A,val,149,0.2080536912751678,31,149,14,104,0,-87,0.4,False
4757,1DV0,A,45,4089,2DEF,A,train,146,0.1891891891891892,28,148,15,103,2,-92,0.4,False
4757,1DV0,A,45,4090,2EZH,A,val,65,0.28169014084507044,20,71,19,26,6,-31,0.4,False
4757,1DV0,A,45,4114,1A5J,A,train,110,0.19642857142857142,22,112,21,67,2,-68,0.4,False
4757,1DV0,A,45,4129,1Q80,A,train,174,0.1724137931034483,30,174,15,129,0,-114,0.4,False
4757,1DV0,A,45,4141,1NK2,P,train,77,0.21794871794871795,17,78,27,33,1,-44,0.4,False
4757,1DV0,A,45,4147,1H95,A,train,79,0.21686746987951808,18,83,23,38,4,-47,0.4,False
4757,1DV0,A,45,4153,1RXR,A,train,83,0.18072289156626506,15,83,30,38,0,-53,0.4,False
4757,1DV0,A,45,4155,1EOT,A,train,74,0.19736842105263158,15,76,28,31,2,-46,0.4,False
4757,1DV0,A,45,4156,1BJX,A,train,110,0.1981981981981982,22,111,22,66,1,-67,0.4,False
4757,1DV0,A,45,4173,1BM6,A,train,173,0.16184971098265896,28,173,17,128,0,-117,0.4,False
4757,1DV0,A,45,4177,1BO0,A,train,76,0.18181818181818182,14,77,30,32,1,-49,0.4,False
4757,1DV0,A,45,4184,1EH2,A,train,95,0.20833333333333334,20,96,24,51,1,-56,0.4,False
4757,1DV0,A,45,4186,1BLR,A,val,137,0.17518248175182483,24,137,21,92,0,-89,0.4,False
4757,1DV0,A,45,4188,1BCI,A,test,123,0.1693548387096774,21,124,23,79,1,-82,0.4,False
4757,1DV0,A,45,4197,2CPS,A,train,50,0.24561403508771928,14,57,24,12,7,-29,0.4,False
4757,1DV0,A,45,4198,1BR0,A,train,120,0.19672131147540983,24,122,19,77,2,-74,0.4,False
4757,1DV0,A,45,4199,3NLA,A,train,73,0.20270270270270271,15,74,29,29,1,-44,0.4,False
4757,1DV0,A,45,4202,1BA9,A,train,153,0.14935064935064934,23,154,21,109,1,-108,0.4,False
4757,1DV0,A,45,4206,1MFN,A,train,184,0.12972972972972974,24,185,20,140,1,-137,0.4,False
4757,1DV0,A,45,4207,2ORC,A,train,71,0.2597402597402597,20,77,19,32,6,-37,0.4,False
4757,1DV0,A,45,4209,2CPB,A,train,50,0.24561403508771928,14,57,24,12,7,-29,0.4,False
4757,1DV0,A,45,4214,2TMP,A,train,127,0.1968503937007874,25,127,20,82,0,-77,0.4,False
4757,1DV0,A,45,4215,1SSN,A,train,136,0.17647058823529413,24,136,21,91,0,-88,0.4,False
4757,1DV0,A,45,4216,1BHI,A,train,38,0.1875,9,48,26,3,10,-30,0.4,False
4757,1DV0,A,45,4217,1BHU,A,val,102,0.17475728155339806,18,103,26,58,1,-67,0.4,False
4757,1DV0,A,45,4222,1MNL,A,train,91,0.22580645161290322,21,93,22,48,2,-51,0.4,False
4757,1DV0,A,45,4223,1TBA,A,test,67,0.2638888888888889,19,72,21,27,5,-34,0.4,False
4757,1DV0,A,45,4224,1MYO,A,train,118,0.19491525423728814,23,118,22,73,0,-72,0.4,False
4757,1DV0,A,45,4225,3GRX,A,val,82,0.23529411764705882,20,85,22,40,3,-45,0.4,False
4757,1DV0,A,45,4227,1BQZ,A,test,77,0.2564102564102564,20,78,24,33,1,-38,0.4,False
4757,1DV0,A,45,4228,1BQ0,A,test,77,0.2564102564102564,20,78,24,33,1,-38,0.4,False
4757,1DV0,A,45,4230,1BUQ,A,test,125,0.2047244094488189,26,127,17,82,2,-75,0.4,False
4757,1DV0,A,45,4241,2XBD,A,train,87,0.16091954022988506,14,87,31,42,0,-59,0.4,False
4757,1DV0,A,45,4242,3MSP,A,test,126,0.19047619047619047,24,126,21,81,0,-78,0.4,False
4757,1DV0,A,45,4248,2LEF,A,train,86,0.23863636363636365,21,88,22,43,2,-46,0.4,False
4757,1DV0,A,45,4249,1XPA,A,train,113,0.19298245614035087,22,114,22,69,1,-70,0.4,False
4757,1DV0,A,45,4254,1L3G,A,val,123,0.1693548387096774,21,124,23,79,1,-82,0.4,False
4757,1DV0,A,45,4255,2IF1,A,train,126,0.18110236220472442,23,127,21,82,1,-81,0.4,False
4757,1DV0,A,45,4262,1BZF,A,train,162,0.1656441717791411,27,163,17,118,1,-109,0.4,False
4757,1DV0,A,45,4263,2NMB,A,val,147,0.18791946308724833,28,149,15,104,2,-93,0.4,False
4757,1DV0,A,45,4265,1DS9,A,train,198,0.16080402010050251,32,199,12,154,1,-135,0.4,False
4757,1DV0,A,45,4269,1GHT,A,test,105,0.18867924528301888,20,106,24,61,1,-66,0.4,False
4757,1DV0,A,45,4271,1JFJ,A,train,134,0.18382352941176472,25,136,18,91,2,-86,0.4,False
4757,1DV0,A,45,4276,1B2I,A,train,83,0.21176470588235294,18,85,25,40,2,-49,0.4,False
4757,1DV0,A,45,4281,1Z0R,A,train,53,0.25,14,56,28,11,3,-28,0.4,False
4757,1DV0,A,45,4285,1K2H,A,test,93,0.2604166666666667,25,96,17,51,3,-46,0.4,False
4757,1DV0,A,45,4299,2F63,A,train,158,0.18354430379746836,29,158,16,113,0,-100,0.4,False
4757,1DV0,A,45,4300,2F65,A,train,158,0.18354430379746836,29,158,16,113,0,-100,0.4,False
4757,1DV0,A,45,4312,1JM4,B,train,118,0.19491525423728814,23,118,22,73,0,-72,0.4,False
4757,1DV0,A,45,4313,1ZRR,A,train,179,0.1712707182320442,31,181,12,136,2,-119,0.4,False
4757,1DV0,A,45,4334,1KQQ,A,test,131,0.1893939393939394,25,132,19,87,1,-82,0.4,False
4757,1DV0,A,45,4342,1LY7,A,train,121,0.2066115702479339,25,121,20,76,0,-71,0.4,False
4759,1QPU,A,106,3322,1E8P,A,train,46,0.1588785046728972,17,107,28,1,61,-73,0.4,False
4759,1QPU,A,106,4023,1Q2N,A,train,58,0.25892857142857145,29,112,23,6,54,-54,0.4,False
4759,1QPU,A,106,4052,1JOO,A,val,149,0.2795031055900621,45,161,49,55,12,-71,0.4,False
4759,1QPU,A,106,4053,1JOQ,A,val,149,0.2795031055900621,45,161,49,55,12,-71,0.4,False
4759,1QPU,A,106,4089,2DEF,A,train,146,0.2662337662337662,41,154,57,48,8,-72,0.4,False
4759,1QPU,A,106,4090,2EZH,A,val,65,0.24324324324324326,27,111,33,5,46,-57,0.4,False
4759,1QPU,A,106,4114,1A5J,A,train,110,0.29545454545454547,39,132,45,26,22,-54,0.4,False
4759,1QPU,A,106,4129,1Q80,A,train,174,0.23595505617977527,42,178,60,72,4,-94,0.4,False
4759,1QPU,A,106,4141,1NK2,P,train,77,0.2711864406779661,32,118,33,12,41,-54,0.4,False
4759,1QPU,A,106,4147,1H95,A,train,79,0.22321428571428573,25,112,48,6,33,-62,0.4,False
4759,1QPU,A,106,4153,1RXR,A,train,83,0.25,30,120,39,14,37,-60,0.4,False
4759,1QPU,A,106,4155,1EOT,A,train,74,0.21818181818181817,24,110,46,4,36,-62,0.4,False
4759,1QPU,A,106,4156,1BJX,A,train,110,0.2661290322580645,33,124,59,18,14,-58,0.4,False
4759,1QPU,A,106,4173,1BM6,A,train,173,0.22905027932960895,41,179,59,73,6,-97,0.4,False
4759,1QPU,A,106,4177,1BO0,A,train,76,0.23684210526315788,27,114,41,8,38,-60,0.4,False
4759,1QPU,A,106,4184,1EH2,A,train,95,0.2605042016806723,31,119,51,13,24,-57,0.4,False
4759,1QPU,A,106,4186,1BLR,A,val,137,0.28187919463087246,42,149,52,43,12,-65,0.4,False
4759,1QPU,A,106,4188,1BCI,A,test,123,0.2620689655172414,38,145,46,39,22,-69,0.4,False
4759,1QPU,A,106,4197,2CPS,A,train,50,0.22429906542056074,24,107,25,1,57,-59,0.4,False
4759,1QPU,A,106,4198,1BR0,A,train,120,0.26865671641791045,36,134,56,28,14,-62,0.4,False
4759,1QPU,A,106,4199,3NLA,A,train,73,0.24107142857142858,27,112,40,6,39,-58,0.4,False
4759,1QPU,A,106,4202,1BA9,A,train,153,0.25766871165644173,42,163,54,57,10,-79,0.4,False
4759,1QPU,A,106,4206,1MFN,A,train,184,0.20634920634920634,39,189,62,83,5,-111,0.4,False
4759,1QPU,A,106,4207,2ORC,A,train,71,0.26126126126126126,29,111,37,5,40,-53,0.4,False
4759,1QPU,A,106,4209,2CPB,A,train,50,0.22429906542056074,24,107,25,1,57,-59,0.4,False
4759,1QPU,A,106,4214,2TMP,A,train,127,0.22556390977443608,30,133,70,27,6,-73,0.4,False
4759,1QPU,A,106,4215,1SSN,A,train,136,0.24183006535947713,37,153,52,47,17,-79,0.4,False
4759,1QPU,A,106,4216,1BHI,A,train,38,0.17757009345794392,19,107,18,1,69,-69,0.4,False
4759,1QPU,A,106,4217,1BHU,A,val,102,0.2459016393442623,30,122,56,16,20,-62,0.4,False
4759,1QPU,A,106,4222,1MNL,A,train,91,0.25,30,120,47,14,29,-60,0.4,False
4759,1QPU,A,106,4223,1TBA,A,test,67,0.23148148148148148,25,108,40,2,41,-58,0.4,False
4759,1QPU,A,106,4224,1MYO,A,train,118,0.2890625,37,128,59,22,10,-54,0.4,False
4759,1QPU,A,106,4225,3GRX,A,val,82,0.2543859649122807,29,114,45,8,32,-56,0.4,False
4759,1QPU,A,106,4227,1BQZ,A,test,77,0.27927927927927926,31,111,41,5,34,-49,0.4,False
4759,1QPU,A,106,4228,1BQ0,A,test,77,0.27927927927927926,31,111,41,5,34,-49,0.4,False
4759,1QPU,A,106,4230,1BUQ,A,test,125,0.27586206896551724,40,145,46,39,20,-65,0.4,False
4759,1QPU,A,106,4241,2XBD,A,train,87,0.19298245614035087,22,114,57,8,27,-70,0.4,False
4759,1QPU,A,106,4242,3MSP,A,test,126,0.2517985611510791,35,139,58,33,13,-69,0.4,False
4759,1QPU,A,106,4248,2LEF,A,train,86,0.2627118644067797,31,118,43,12,32,-56,0.4,False
4759,1QPU,A,106,4249,1XPA,A,train,113,0.2824427480916031,37,131,51,25,18,-57,0.4,False
4759,1QPU,A,106,4254,1L3G,A,val,123,0.2695035460992908,38,141,50,35,18,-65,0.4,False
4759,1QPU,A,106,4255,2IF1,A,train,126,0.2534246575342466,37,146,49,40,20,-72,0.4,False
4759,1QPU,A,106,4262,1BZF,A,train,162,0.2603550295857988,44,169,55,63,7,-81,0.4,False
4759,1QPU,A,106,4263,2NMB,A,val,147,0.2468354430379747,39,158,56,52,11,-80,0.4,False
4759,1QPU,A,106,4265,1DS9,A,train,198,0.2315270935960591,47,203,54,97,5,-109,0.4,False
4759,1QPU,A,106,4269,1GHT,A,test,105,0.26666666666666666,32,120,59,14,15,-56,0.4,False
4759,1QPU,A,106,4271,1JFJ,A,train,134,0.2535211267605634,36,142,62,36,8,-70,0.4,False
4759,1QPU,A,106,4276,1B2I,A,train,83,0.22608695652173913,26,115,48,9,32,-63,0.4,False
4759,1QPU,A,106,4281,1Z0R,A,train,53,0.21296296296296297,23,108,28,2,55,-62,0.4,False
4759,1QPU,A,106,4285,1K2H,A,test,93,0.28695652173913044,33,115,51,9,22,-49,0.4,False
4759,1QPU,A,106,4299,2F63,A,train,158,0.24260355029585798,41,169,54,63,11,-87,0.4,False
4759,1QPU,A,106,4300,2F65,A,train,158,0.24260355029585798,41,169,54,63,11,-87,0.4,False
4759,1QPU,A,106,4312,1JM4,B,train,118,0.23484848484848486,31,132,61,26,14,-70,0.4,False
4759,1QPU,A,106,4313,1ZRR,A,train,179,0.25396825396825395,48,189,48,83,10,-93,0.4,False
4759,1QPU,A,106,4334,1KQQ,A,test,131,0.25333333333333335,38,150,49,44,19,-74,0.4,False
4759,1QPU,A,106,4342,1LY7,A,train,121,0.2868217054263566,37,129,61,23,8,-55,0.4,False
4771,1S62,A,102,3322,1E8P,A,train,46,0.18518518518518517,20,108,20,6,62,-68,0.4,False
4771,1S62,A,102,4023,1Q2N,A,train,58,0.23300970873786409,24,103,33,1,45,-55,0.4,False
4771,1S62,A,102,4052,1JOO,A,val,149,0.24358974358974358,38,156,57,54,7,-80,0.4,False
4771,1S62,A,102,4053,1JOQ,A,val,149,0.24358974358974358,38,156,57,54,7,-80,0.4,False
4771,1S62,A,102,4089,2DEF,A,train,146,0.24050632911392406,38,158,52,56,12,-82,0.4,False
4771,1S62,A,102,4090,2EZH,A,val,65,0.21359223300970873,22,103,42,1,38,-59,0.4,False
4771,1S62,A,102,4114,1A5J,A,train,110,0.226890756302521,27,119,66,17,9,-65,0.4,False
4771,1S62,A,102,4129,1Q80,A,train,174,0.22777777777777777,41,180,55,78,6,-98,0.4,False
4771,1S62,A,102,4141,1NK2,P,train,77,0.2169811320754717,23,106,50,4,29,-60,0.4,False
4771,1S62,A,102,4147,1H95,A,train,79,0.23931623931623933,28,117,36,15,38,-61,0.4,False
4771,1S62,A,102,4153,1RXR,A,train,83,0.2636363636363636,29,110,46,8,27,-52,0.4,False
4771,1S62,A,102,4155,1EOT,A,train,74,0.2616822429906542,28,107,41,5,33,-51,0.4,False
4771,1S62,A,102,4156,1BJX,A,train,110,0.2677165354330709,34,127,51,25,17,-59,0.4,False
4771,1S62,A,102,4173,1BM6,A,train,173,0.2159090909090909,38,176,61,74,3,-100,0.4,False
4771,1S62,A,102,4177,1BO0,A,train,76,0.2636363636363636,29,110,39,8,34,-52,0.4,False
4771,1S62,A,102,4184,1EH2,A,train,95,0.28205128205128205,33,117,47,15,22,-51,0.4,False
4771,1S62,A,102,4186,1BLR,A,val,137,0.24324324324324326,36,148,55,46,11,-76,0.4,False
4771,1S62,A,102,4188,1BCI,A,test,123,0.24060150375939848,32,133,60,31,10,-69,0.4,False
4771,1S62,A,102,4197,2CPS,A,train,50,0.24509803921568626,25,102,25,0,52,-52,0.4,False
4771,1S62,A,102,4198,1BR0,A,train,120,0.2440944881889764,31,127,64,25,7,-65,0.4,False
4771,1S62,A,102,4199,3NLA,A,train,73,0.2636363636363636,29,110,36,8,37,-52,0.4,False
4771,1S62,A,102,4202,1BA9,A,train,153,0.23125,37,160,58,58,7,-86,0.4,False
4771,1S62,A,102,4206,1MFN,A,train,184,0.21390374331550802,40,187,59,85,3,-107,0.4,False
4771,1S62,A,102,4207,2ORC,A,train,71,0.2702702702702703,30,111,32,9,40,-51,0.4,False
4771,1S62,A,102,4209,2CPB,A,train,50,0.24509803921568626,25,102,25,0,52,-52,0.4,False
4771,1S62,A,102,4214,2TMP,A,train,127,0.2569444444444444,37,144,48,42,17,-70,0.4,False
4771,1S62,A,102,4215,1SSN,A,train,136,0.2517482517482518,36,143,59,41,7,-71,0.4,False
4771,1S62,A,102,4216,1BHI,A,train,38,0.17647058823529413,18,102,20,0,64,-66,0.4,False
4771,1S62,A,102,4217,1BHU,A,val,102,0.2796610169491525,33,118,53,16,16,-52,0.4,False
4771,1S62,A,102,4222,1MNL,A,train,91,0.25,28,112,53,10,21,-56,0.4,False
4771,1S62,A,102,4223,1TBA,A,test,67,0.25471698113207547,27,106,36,4,39,-52,0.4,False
4771,1S62,A,102,4224,1MYO,A,train,118,0.265625,34,128,58,26,10,-60,0.4,False
4771,1S62,A,102,4225,3GRX,A,val,82,0.22935779816513763,25,109,50,7,27,-59,0.4,False
4771,1S62,A,102,4227,1BQZ,A,test,77,0.25961538461538464,27,104,48,2,27,-50,0.4,False
4771,1S62,A,102,4228,1BQ0,A,test,77,0.25961538461538464,27,104,48,2,27,-50,0.4,False
4771,1S62,A,102,4230,1BUQ,A,test,125,0.24060150375939848,32,133,62,31,8,-69,0.4,False
4771,1S62,A,102,4241,2XBD,A,train,87,0.21428571428571427,24,112,53,10,25,-64,0.4,False
4771,1S62,A,102,4242,3MSP,A,test,126,0.27007299270072993,37,137,54,35,11,-63,0.4,False
4771,1S62,A,102,4248,2LEF,A,train,86,0.22018348623853212,24,109,55,7,23,-61,0.4,False
4771,1S62,A,102,4249,1XPA,A,train,113,0.26356589147286824,34,129,52,27,16,-61,0.4,False
4771,1S62,A,102,4254,1L3G,A,val,123,0.28368794326241137,40,141,44,39,18,-61,0.4,False
4771,1S62,A,102,4255,2IF1,A,train,126,0.23529411764705882,32,136,60,34,10,-72,0.4,False
4771,1S62,A,102,4262,1BZF,A,train,162,0.2222222222222222,38,171,55,69,9,-95,0.4,False
4771,1S62,A,102,4263,2NMB,A,val,147,0.21052631578947367,32,152,65,50,5,-88,0.4,False
4771,1S62,A,102,4265,1DS9,A,train,198,0.23267326732673269,47,202,51,100,4,-108,0.4,False
4771,1S62,A,102,4269,1GHT,A,test,105,0.2773109243697479,33,119,55,17,14,-53,0.4,False
4771,1S62,A,102,4271,1JFJ,A,train,134,0.2708333333333333,39,144,53,42,10,-66,0.4,False
4771,1S62,A,102,4276,1B2I,A,train,83,0.25,28,112,45,10,29,-56,0.4,False
4771,1S62,A,102,4281,1Z0R,A,train,53,0.20588235294117646,21,102,32,0,49,-60,0.4,False
4771,1S62,A,102,4285,1K2H,A,test,93,0.2564102564102564,30,117,48,15,24,-57,0.4,False
4771,1S62,A,102,4299,2F63,A,train,158,0.2360248447204969,38,161,61,59,3,-85,0.4,False
4771,1S62,A,102,4300,2F65,A,train,158,0.2360248447204969,38,161,61,59,3,-85,0.4,False
4771,1S62,A,102,4312,1JM4,B,train,118,0.23255813953488372,30,129,61,27,11,-69,0.4,False
4771,1S62,A,102,4313,1ZRR,A,train,179,0.23655913978494625,44,186,51,84,7,-98,0.4,False
4771,1S62,A,102,4334,1KQQ,A,test,131,0.24822695035460993,35,141,57,39,10,-71,0.4,False
4771,1S62,A,102,4342,1LY7,A,train,121,0.24817518248175183,34,137,52,35,16,-69,0.4,False
4775,1DUJ,A,187,3322,1E8P,A,train,46,0.13903743315508021,26,187,20,0,141,-135,0.4,False
4775,1DUJ,A,187,4023,1Q2N,A,train,58,0.1711229946524064,32,187,26,0,129,-123,0.4,False
4775,1DUJ,A,187,4052,1JOO,A,val,149,0.2653061224489796,52,196,88,9,47,-92,0.4,False
4775,1DUJ,A,187,4053,1JOQ,A,val,149,0.2653061224489796,52,196,88,9,47,-92,0.4,False
4775,1DUJ,A,187,4089,2DEF,A,train,146,0.255,51,200,82,13,54,-98,0.4,False
4775,1DUJ,A,187,4090,2EZH,A,val,65,0.17989417989417988,34,189,29,2,124,-121,0.4,False
4775,1DUJ,A,187,4114,1A5J,A,train,110,0.24742268041237114,48,194,55,7,84,-98,0.4,False
4775,1DUJ,A,187,4129,1Q80,A,train,174,0.24170616113744076,51,211,99,24,37,-109,0.4,False
4775,1DUJ,A,187,4141,1NK2,P,train,77,0.20105820105820105,38,189,37,2,112,-113,0.4,False
4775,1DUJ,A,187,4147,1H95,A,train,79,0.20212765957446807,38,188,40,1,109,-112,0.4,False
4775,1DUJ,A,187,4153,1RXR,A,train,83,0.21052631578947367,40,190,40,3,107,-110,0.4,False
4775,1DUJ,A,187,4155,1EOT,A,train,74,0.20320855614973263,38,187,36,0,113,-111,0.4,False
4775,1DUJ,A,187,4156,1BJX,A,train,110,0.23684210526315788,45,190,62,3,80,-100,0.4,False
4775,1DUJ,A,187,4173,1BM6,A,train,173,0.22058823529411764,45,204,111,17,31,-114,0.4,False
4775,1DUJ,A,187,4177,1BO0,A,train,76,0.20634920634920634,39,189,35,2,113,-111,0.4,False
4775,1DUJ,A,187,4184,1EH2,A,train,95,0.23404255319148937,44,188,50,1,93,-100,0.4,False
4775,1DUJ,A,187,4186,1BLR,A,val,137,0.255,51,200,73,13,63,-98,0.4,False
4775,1DUJ,A,187,4188,1BCI,A,test,123,0.2639593908629442,52,197,61,10,74,-93,0.4,False
4775,1DUJ,A,187,4197,2CPS,A,train,50,0.16042780748663102,30,187,20,0,137,-127,0.4,False
4775,1DUJ,A,187,4198,1BR0,A,train,120,0.27692307692307694,54,195,58,8,75,-87,0.4,False
4775,1DUJ,A,187,4199,3NLA,A,train,73,0.19786096256684493,37,187,36,0,114,-113,0.4,False
4775,1DUJ,A,187,4202,1BA9,A,train,153,0.27403846153846156,57,208,75,21,55,-94,0.4,False
4775,1DUJ,A,187,4206,1MFN,A,train,184,0.25806451612903225,56,217,98,30,33,-105,0.4,False
4775,1DUJ,A,187,4207,2ORC,A,train,71,0.19680851063829788,37,188,33,1,117,-114,0.4,False
4775,1DUJ,A,187,4209,2CPB,A,train,50,0.16042780748663102,30,187,20,0,137,-127,0.4,False
4775,1DUJ,A,187,4214,2TMP,A,train,127,0.22340425531914893,42,188,84,1,61,-104,0.4,False
4775,1DUJ,A,187,4215,1SSN,A,train,136,0.275,55,200,68,13,64,-90,0.4,False
4775,1DUJ,A,187,4216,1BHI,A,train,38,0.11229946524064172,21,187,17,0,149,-145,0.4,False
4775,1DUJ,A,187,4217,1BHU,A,val,102,0.21875,42,192,55,5,90,-108,0.4,False
4775,1DUJ,A,187,4222,1MNL,A,train,91,0.21808510638297873,41,188,49,1,97,-106,0.4,False
4775,1DUJ,A,187,4223,1TBA,A,test,67,0.18947368421052632,36,190,28,3,123,-118,0.4,False
4775,1DUJ,A,187,4224,1MYO,A,train,118,0.24607329842931938,47,191,67,4,73,-97,0.4,False
4775,1DUJ,A,187,4225,3GRX,A,val,82,0.21465968586387435,41,191,37,4,109,-109,0.4,False
4775,1DUJ,A,187,4227,1BQZ,A,test,77,0.17553191489361702,33,188,43,1,111,-122,0.4,False
4775,1DUJ,A,187,4228,1BQ0,A,test,77,0.17553191489361702,33,188,43,1,111,-122,0.4,False
4775,1DUJ,A,187,4230,1BUQ,A,test,125,0.22797927461139897,44,193,75,6,68,-105,0.4,False
4775,1DUJ,A,187,4241,2XBD,A,train,87,0.21761658031088082,42,193,39,6,106,-109,0.4,False
4775,1DUJ,A,187,4242,3MSP,A,test,126,0.2268041237113402,44,194,75,7,68,-106,0.4,False
4775,1DUJ,A,187,4248,2LEF,A,train,86,0.2094240837696335,40,191,42,4,105,-111,0.4,False
4775,1DUJ,A,187,4249,1XPA,A,train,113,0.23316062176165803,45,193,62,6,80,-103,0.4,False
4775,1DUJ,A,187,4254,1L3G,A,val,123,0.2422680412371134,47,194,69,7,71,-100,0.4,False
4775,1DUJ,A,187,4255,2IF1,A,train,126,0.22164948453608246,43,194,76,7,68,-108,0.4,False
4775,1DUJ,A,187,4262,1BZF,A,train,162,0.2571428571428571,54,210,85,23,48,-102,0.4,False
4775,1DUJ,A,187,4263,2NMB,A,val,147,0.270935960591133,55,203,76,16,56,-93,0.4,False
4775,1DUJ,A,187,4265,1DS9,A,train,198,0.2606837606837607,61,234,90,47,36,-112,0.4,False
4775,1DUJ,A,187,4269,1GHT,A,test,105,0.22916666666666666,44,192,56,5,87,-104,0.4,False
4775,1DUJ,A,187,4271,1JFJ,A,train,134,0.25510204081632654,50,196,75,9,62,-96,0.4,False
4775,1DUJ,A,187,4276,1B2I,A,train,83,0.21052631578947367,40,190,40,3,107,-110,0.4,False
4775,1DUJ,A,187,4281,1Z0R,A,train,53,0.19047619047619047,36,189,15,2,136,-117,0.4,False
4775,1DUJ,A,187,4285,1K2H,A,test,93,0.23684210526315788,45,190,45,3,97,-100,0.4,False
4775,1DUJ,A,187,4299,2F63,A,train,158,0.2623762376237624,53,202,90,15,44,-96,0.4,False
4775,1DUJ,A,187,4300,2F65,A,train,158,0.2623762376237624,53,202,90,15,44,-96,0.4,False
4775,1DUJ,A,187,4312,1JM4,B,train,118,0.23711340206185566,46,194,65,7,76,-102,0.4,False
4775,1DUJ,A,187,4313,1ZRR,A,train,179,0.26244343891402716,58,221,87,34,42,-105,0.4,False
4775,1DUJ,A,187,4334,1KQQ,A,test,131,0.25728155339805825,53,206,59,19,75,-100,0.4,False
4775,1DUJ,A,187,4342,1LY7,A,train,121,0.23618090452261306,47,199,62,12,78,-105,0.4,False
4779,1PLO,A,122,3322,1E8P,A,train,46,0.1721311475409836,21,122,25,0,76,-80,0.4,False
4779,1PLO,A,122,4023,1Q2N,A,train,58,0.20967741935483872,26,124,30,2,66,-72,0.4,False
4779,1PLO,A,122,4052,1JOO,A,val,149,0.24203821656050956,38,157,76,35,8,-81,0.4,False
4779,1PLO,A,122,4053,1JOQ,A,val,149,0.24203821656050956,38,157,76,35,8,-81,0.4,False
4779,1PLO,A,122,4089,2DEF,A,train,146,0.22012578616352202,35,159,74,37,13,-89,0.4,False
4779,1PLO,A,122,4090,2EZH,A,val,65,0.2,25,125,37,3,60,-75,0.4,False
4779,1PLO,A,122,4114,1A5J,A,train,110,0.2196969696969697,29,132,71,10,22,-74,0.4,False
4779,1PLO,A,122,4129,1Q80,A,train,174,0.2391304347826087,44,184,68,62,10,-96,0.4,False
4779,1PLO,A,122,4141,1NK2,P,train,77,0.1935483870967742,24,124,51,2,47,-76,0.4,False
4779,1PLO,A,122,4147,1H95,A,train,79,0.2462686567164179,33,134,34,12,55,-68,0.4,False
4779,1PLO,A,122,4153,1RXR,A,train,83,0.23387096774193547,29,124,52,2,41,-66,0.4,False
4779,1PLO,A,122,4155,1EOT,A,train,74,0.25806451612903225,32,124,40,2,50,-60,0.4,False
4779,1PLO,A,122,4156,1BJX,A,train,110,0.21212121212121213,28,132,72,10,22,-76,0.4,False
4779,1PLO,A,122,4173,1BM6,A,train,173,0.22282608695652173,41,184,70,62,11,-102,0.4,False
4779,1PLO,A,122,4177,1BO0,A,train,76,0.224,28,125,45,3,49,-69,0.4,False
4779,1PLO,A,122,4184,1EH2,A,train,95,0.23846153846153847,31,130,56,8,35,-68,0.4,False
4779,1PLO,A,122,4186,1BLR,A,val,137,0.23026315789473684,35,152,72,30,15,-82,0.4,False
4779,1PLO,A,122,4188,1BCI,A,test,123,0.2671232876712329,39,146,60,24,23,-68,0.4,False
4779,1PLO,A,122,4197,2CPS,A,train,50,0.18548387096774194,23,124,25,2,74,-78,0.4,False
4779,1PLO,A,122,4198,1BR0,A,train,120,0.23972602739726026,35,146,61,24,26,-76,0.4,False
4779,1PLO,A,122,4199,3NLA,A,train,73,0.224,28,125,42,3,52,-69,0.4,False
4779,1PLO,A,122,4202,1BA9,A,train,153,0.23214285714285715,39,168,68,46,15,-90,0.4,False
4779,1PLO,A,122,4206,1MFN,A,train,184,0.23809523809523808,45,189,72,67,5,-99,0.4,False
4779,1PLO,A,122,4207,2ORC,A,train,71,0.21138211382113822,26,123,44,1,52,-71,0.4,False
4779,1PLO,A,122,4209,2CPB,A,train,50,0.18548387096774194,23,124,25,2,74,-78,0.4,False
4779,1PLO,A,122,4214,2TMP,A,train,127,0.24305555555555555,35,144,70,22,17,-74,0.4,False
4779,1PLO,A,122,4215,1SSN,A,train,136,0.23809523809523808,35,147,76,25,11,-77,0.4,False
4779,1PLO,A,122,4216,1BHI,A,train,38,0.16393442622950818,20,122,18,0,84,-82,0.4,False
4779,1PLO,A,122,4217,1BHU,A,val,102,0.2076923076923077,27,130,67,8,28,-76,0.4,False
4779,1PLO,A,122,4222,1MNL,A,train,91,0.2248062015503876,29,129,55,7,38,-71,0.4,False
4779,1PLO,A,122,4223,1TBA,A,test,67,0.17073170731707318,21,123,45,1,56,-81,0.4,False
4779,1PLO,A,122,4224,1MYO,A,train,118,0.2413793103448276,35,145,60,23,27,-75,0.4,False
4779,1PLO,A,122,4225,3GRX,A,val,82,0.20930232558139536,27,129,48,7,47,-75,0.4,False
4779,1PLO,A,122,4227,1BQZ,A,test,77,0.20967741935483872,26,124,49,2,47,-72,0.4,False
4779,1PLO,A,122,4228,1BQ0,A,test,77,0.20967741935483872,26,124,49,2,47,-72,0.4,False
4779,1PLO,A,122,4230,1BUQ,A,test,125,0.22666666666666666,34,150,63,28,25,-82,0.4,False
4779,1PLO,A,122,4241,2XBD,A,train,87,0.1968503937007874,25,127,57,5,40,-77,0.4,False
4779,1PLO,A,122,4242,3MSP,A,test,126,0.23809523809523808,35,147,66,25,21,-77,0.4,False
4779,1PLO,A,122,4248,2LEF,A,train,86,0.2,25,125,58,3,39,-75,0.4,False
4779,1PLO,A,122,4249,1XPA,A,train,113,0.2426470588235294,33,136,66,14,23,-70,0.4,False
4779,1PLO,A,122,4254,1L3G,A,val,123,0.22302158273381295,31,139,75,17,16,-77,0.4,False
4779,1PLO,A,122,4255,2IF1,A,train,126,0.22377622377622378,32,143,73,21,17,-79,0.4,False
4779,1PLO,A,122,4262,1BZF,A,train,162,0.21686746987951808,36,166,82,44,4,-94,0.4,False
4779,1PLO,A,122,4263,2NMB,A,val,147,0.2345679012345679,38,162,69,40,15,-86,0.4,False
4779,1PLO,A,122,4265,1DS9,A,train,198,0.22277227722772278,45,202,73,80,4,-112,0.4,False
4779,1PLO,A,122,4269,1GHT,A,test,105,0.2589928057553957,36,139,52,17,34,-67,0.4,False
4779,1PLO,A,122,4271,1JFJ,A,train,134,0.25,37,148,71,26,14,-74,0.4,False
4779,1PLO,A,122,4276,1B2I,A,train,83,0.20155038759689922,26,129,50,7,46,-77,0.4,False
4779,1PLO,A,122,4281,1Z0R,A,train,53,0.2032520325203252,25,123,27,1,70,-73,0.4,False
4779,1PLO,A,122,4285,1K2H,A,test,93,0.25384615384615383,33,130,52,8,37,-64,0.4,False
4779,1PLO,A,122,4299,2F63,A,train,158,0.2222222222222222,36,162,82,40,4,-90,0.4,False
4779,1PLO,A,122,4300,2F65,A,train,158,0.2222222222222222,36,162,82,40,4,-90,0.4,False
4779,1PLO,A,122,4312,1JM4,B,train,118,0.22627737226277372,31,137,72,15,19,-75,0.4,False
4779,1PLO,A,122,4313,1ZRR,A,train,179,0.24210526315789474,46,190,65,68,11,-98,0.4,False
4779,1PLO,A,122,4334,1KQQ,A,test,131,0.22758620689655173,33,145,75,23,14,-79,0.4,False
4779,1PLO,A,122,4342,1LY7,A,train,121,0.2116788321167883,29,137,77,15,16,-79,0.4,False
4781,1F6U,A,55,3322,1E8P,A,train,46,0.22580645161290322,14,62,25,7,16,-34,0.4,False
4781,1F6U,A,55,4023,1Q2N,A,train,58,0.2153846153846154,14,65,34,10,7,-37,0.4,False
4781,1F6U,A,55,4052,1JOO,A,val,149,0.18666666666666668,28,150,26,95,1,-94,0.4,False
4781,1F6U,A,55,4053,1JOQ,A,val,149,0.18666666666666668,28,150,26,95,1,-94,0.4,False
4781,1F6U,A,55,4089,2DEF,A,train,146,0.17567567567567569,26,148,27,93,2,-96,0.4,False
4781,1F6U,A,55,4090,2EZH,A,val,65,0.17647058823529413,12,68,40,13,3,-44,0.4,False
4781,1F6U,A,55,4114,1A5J,A,train,110,0.21238938053097345,24,113,28,58,3,-65,0.4,False
4781,1F6U,A,55,4129,1Q80,A,train,174,0.16091954022988506,28,174,27,119,0,-118,0.4,False
4781,1F6U,A,55,4141,1NK2,P,train,77,0.225,18,80,34,25,3,-44,0.4,False
4781,1F6U,A,55,4147,1H95,A,train,79,0.27710843373493976,23,83,28,28,4,-37,0.4,False
4781,1F6U,A,55,4153,1RXR,A,train,83,0.2558139534883721,22,86,30,31,3,-42,0.4,False
4781,1F6U,A,55,4155,1EOT,A,train,74,0.24691358024691357,20,81,28,26,7,-41,0.4,False
4781,1F6U,A,55,4156,1BJX,A,train,110,0.19469026548672566,22,113,30,58,3,-69,0.4,False
4781,1F6U,A,55,4173,1BM6,A,train,173,0.15606936416184972,27,173,28,118,0,-119,0.4,False
4781,1F6U,A,55,4177,1BO0,A,train,76,0.2682926829268293,22,82,27,27,6,-38,0.4,False
4781,1F6U,A,55,4184,1EH2,A,train,95,0.16666666666666666,16,96,38,41,1,-64,0.4,False
4781,1F6U,A,55,4186,1BLR,A,val,137,0.20863309352517986,29,139,24,84,2,-81,0.4,False
4781,1F6U,A,55,4188,1BCI,A,test,123,0.15447154471544716,19,123,36,68,0,-85,0.4,False
4781,1F6U,A,55,4197,2CPS,A,train,50,0.20967741935483872,13,62,30,7,12,-36,0.4,False
4781,1F6U,A,55,4198,1BR0,A,train,120,0.1951219512195122,24,123,28,68,3,-75,0.4,False
4781,1F6U,A,55,4199,3NLA,A,train,73,0.2077922077922078,16,77,35,22,4,-45,0.4,False
4781,1F6U,A,55,4202,1BA9,A,train,153,0.1935483870967742,30,155,23,100,2,-95,0.4,False
4781,1F6U,A,55,4206,1MFN,A,train,184,0.15135135135135136,28,185,26,130,1,-129,0.4,False
4781,1F6U,A,55,4207,2ORC,A,train,71,0.2727272727272727,21,77,28,22,6,-35,0.4,False
4781,1F6U,A,55,4209,2CPB,A,train,50,0.20967741935483872,13,62,30,7,12,-36,0.4,False
4781,1F6U,A,55,4214,2TMP,A,train,127,0.203125,26,128,28,73,1,-76,0.4,False
4781,1F6U,A,55,4215,1SSN,A,train,136,0.17518248175182483,24,137,30,82,1,-89,0.4,False
4781,1F6U,A,55,4216,1BHI,A,train,38,0.24193548387096775,15,62,16,7,24,-32,0.4,False
4781,1F6U,A,55,4217,1BHU,A,val,102,0.20388349514563106,21,103,33,48,1,-61,0.4,False
4781,1F6U,A,55,4222,1MNL,A,train,91,0.23404255319148937,22,94,30,39,3,-50,0.4,False
4781,1F6U,A,55,4223,1TBA,A,test,67,0.21428571428571427,15,70,37,15,3,-40,0.4,False
4781,1F6U,A,55,4224,1MYO,A,train,118,0.225,27,120,26,65,2,-66,0.4,False
4781,1F6U,A,55,4225,3GRX,A,val,82,0.1686746987951807,14,83,40,28,1,-55,0.4,False
4781,1F6U,A,55,4227,1BQZ,A,test,77,0.23170731707317074,19,82,31,27,5,-44,0.4,False
4781,1F6U,A,55,4228,1BQ0,A,test,77,0.23170731707317074,19,82,31,27,5,-44,0.4,False
4781,1F6U,A,55,4230,1BUQ,A,test,125,0.17054263565891473,22,129,29,74,4,-85,0.4,False
4781,1F6U,A,55,4241,2XBD,A,train,87,0.1839080459770115,16,87,39,32,0,-55,0.4,False
4781,1F6U,A,55,4242,3MSP,A,test,126,0.22137404580152673,29,131,21,76,5,-73,0.4,False
4781,1F6U,A,55,4248,2LEF,A,train,86,0.22988505747126436,20,87,34,32,1,-47,0.4,False
4781,1F6U,A,55,4249,1XPA,A,train,113,0.23008849557522124,26,113,29,58,0,-61,0.4,False
4781,1F6U,A,55,4254,1L3G,A,val,123,0.1951219512195122,24,123,31,68,0,-75,0.4,False
4781,1F6U,A,55,4255,2IF1,A,train,126,0.1889763779527559,24,127,30,72,1,-79,0.4,False
4781,1F6U,A,55,4262,1BZF,A,train,162,0.17177914110429449,28,163,26,108,1,-107,0.4,False
4781,1F6U,A,55,4263,2NMB,A,val,147,0.20270270270270271,30,148,24,93,1,-88,0.4,False
4781,1F6U,A,55,4265,1DS9,A,train,198,0.15656565656565657,31,198,24,143,0,-136,0.4,False
4781,1F6U,A,55,4269,1GHT,A,test,105,0.2169811320754717,23,106,31,51,1,-60,0.4,False
4781,1F6U,A,55,4271,1JFJ,A,train,134,0.1925925925925926,26,135,28,80,1,-83,0.4,False
4781,1F6U,A,55,4276,1B2I,A,train,83,0.22093023255813954,19,86,33,31,3,-48,0.4,False
4781,1F6U,A,55,4281,1Z0R,A,train,53,0.22950819672131148,14,61,33,6,8,-33,0.4,False
4781,1F6U,A,55,4285,1K2H,A,test,93,0.1875,18,96,34,41,3,-60,0.4,False
4781,1F6U,A,55,4299,2F63,A,train,158,0.16352201257861634,26,159,28,104,1,-107,0.4,False
4781,1F6U,A,55,4300,2F65,A,train,158,0.16352201257861634,26,159,28,104,1,-107,0.4,False
4781,1F6U,A,55,4312,1JM4,B,train,118,0.19834710743801653,24,121,28,66,3,-73,0.4,False
4781,1F6U,A,55,4313,1ZRR,A,train,179,0.16759776536312848,30,179,25,124,0,-119,0.4,False
4781,1F6U,A,55,4334,1KQQ,A,test,131,0.2222222222222222,30,135,21,80,4,-75,0.4,False
4781,1F6U,A,55,4342,1LY7,A,train,121,0.17886178861788618,22,123,31,68,2,-79,0.4,False
4791,1JR6,A,138,3322,1E8P,A,train,46,0.17266187050359713,24,139,21,1,93,-91,0.4,False
4791,1JR6,A,138,4023,1Q2N,A,train,58,0.18705035971223022,26,139,31,1,81,-87,0.4,False
4791,1JR6,A,138,4052,1JOO,A,val,149,0.25301204819277107,42,166,79,28,17,-82,0.4,False
4791,1JR6,A,138,4053,1JOQ,A,val,149,0.25301204819277107,42,166,79,28,17,-82,0.4,False
4791,1JR6,A,138,4089,2DEF,A,train,146,0.24705882352941178,42,170,72,32,24,-86,0.4,False
4791,1JR6,A,138,4090,2EZH,A,val,65,0.22302158273381295,31,139,33,1,74,-77,0.4,False
4791,1JR6,A,138,4114,1A5J,A,train,110,0.23809523809523808,35,147,66,9,37,-77,0.4,False
4791,1JR6,A,138,4129,1Q80,A,train,174,0.25757575757575757,51,198,63,60,24,-96,0.4,False
4791,1JR6,A,138,4141,1NK2,P,train,77,0.2127659574468085,30,141,44,3,64,-81,0.4,False
4791,1JR6,A,138,4147,1H95,A,train,79,0.22695035460992907,32,141,44,3,62,-77,0.4,False
4791,1JR6,A,138,4153,1RXR,A,train,83,0.23776223776223776,34,143,44,5,60,-75,0.4,False
4791,1JR6,A,138,4155,1EOT,A,train,74,0.2158273381294964,30,139,43,1,65,-79,0.4,False
4791,1JR6,A,138,4156,1BJX,A,train,110,0.24161073825503357,36,149,63,11,39,-77,0.4,False
4791,1JR6,A,138,4173,1BM6,A,train,173,0.2608695652173913,48,184,79,46,11,-88,0.4,False
4791,1JR6,A,138,4177,1BO0,A,train,76,0.22535211267605634,32,142,40,4,66,-78,0.4,False
4791,1JR6,A,138,4184,1EH2,A,train,95,0.25874125874125875,37,143,53,5,48,-69,0.4,False
4791,1JR6,A,138,4186,1BLR,A,val,137,0.22929936305732485,36,157,82,19,20,-85,0.4,False
4791,1JR6,A,138,4188,1BCI,A,test,123,0.24,36,150,75,12,27,-78,0.4,False
4791,1JR6,A,138,4197,2CPS,A,train,50,0.18571428571428572,26,140,22,2,90,-88,0.4,False
4791,1JR6,A,138,4198,1BR0,A,train,120,0.2611464968152866,41,157,60,19,37,-75,0.4,False
4791,1JR6,A,138,4199,3NLA,A,train,73,0.24647887323943662,35,142,34,4,69,-72,0.4,False
4791,1JR6,A,138,4202,1BA9,A,train,153,0.27586206896551724,48,174,69,36,21,-78,0.4,False
4791,1JR6,A,138,4206,1MFN,A,train,184,0.25510204081632654,50,196,76,58,12,-96,0.4,False
4791,1JR6,A,138,4207,2ORC,A,train,71,0.2028985507246377,28,138,43,0,67,-82,0.4,False
4791,1JR6,A,138,4209,2CPB,A,train,50,0.18571428571428572,26,140,22,2,90,-88,0.4,False
4791,1JR6,A,138,4214,2TMP,A,train,127,0.2865853658536585,47,164,54,26,37,-70,0.4,False
4791,1JR6,A,138,4215,1SSN,A,train,136,0.24691358024691357,40,162,72,24,26,-82,0.4,False
4791,1JR6,A,138,4216,1BHI,A,train,38,0.14492753623188406,20,138,18,0,100,-98,0.4,False
4791,1JR6,A,138,4217,1BHU,A,val,102,0.2550335570469799,38,149,53,11,47,-73,0.4,False
4791,1JR6,A,138,4222,1MNL,A,train,91,0.2635135135135135,39,148,42,10,57,-70,0.4,False
4791,1JR6,A,138,4223,1TBA,A,test,67,0.22535211267605634,32,142,31,4,75,-78,0.4,False
4791,1JR6,A,138,4224,1MYO,A,train,118,0.2564102564102564,40,156,60,18,38,-76,0.4,False
4791,1JR6,A,138,4225,3GRX,A,val,82,0.2323943661971831,33,142,45,4,60,-76,0.4,False
4791,1JR6,A,138,4227,1BQZ,A,test,77,0.20863309352517986,29,139,47,1,62,-81,0.4,False
4791,1JR6,A,138,4228,1BQ0,A,test,77,0.20863309352517986,29,139,47,1,62,-81,0.4,False
4791,1JR6,A,138,4230,1BUQ,A,test,125,0.2777777777777778,45,162,56,24,37,-72,0.4,False
4791,1JR6,A,138,4241,2XBD,A,train,87,0.23776223776223776,34,143,48,5,56,-75,0.4,False
4791,1JR6,A,138,4242,3MSP,A,test,126,0.28205128205128205,44,156,64,18,30,-68,0.4,False
4791,1JR6,A,138,4248,2LEF,A,train,86,0.2127659574468085,30,141,53,3,55,-81,0.4,False
4791,1JR6,A,138,4249,1XPA,A,train,113,0.20666666666666667,31,150,70,12,37,-88,0.4,False
4791,1JR6,A,138,4254,1L3G,A,val,123,0.2564102564102564,40,156,65,18,33,-76,0.4,False
4791,1JR6,A,138,4255,2IF1,A,train,126,0.22,33,150,81,12,24,-84,0.4,False
4791,1JR6,A,138,4262,1BZF,A,train,162,0.25280898876404495,45,178,77,40,16,-88,0.4,False
4791,1JR6,A,138,4263,2NMB,A,val,147,0.27380952380952384,46,168,71,30,21,-76,0.4,False
4791,1JR6,A,138,4265,1DS9,A,train,198,0.27358490566037735,58,212,66,74,14,-96,0.4,False
4791,1JR6,A,138,4269,1GHT,A,test,105,0.2679738562091503,41,153,49,15,48,-71,0.4,False
4791,1JR6,A,138,4271,1JFJ,A,train,134,0.25925925925925924,42,162,68,24,28,-78,0.4,False
4791,1JR6,A,138,4276,1B2I,A,train,83,0.20567375886524822,29,141,51,3,58,-83,0.4,False
4791,1JR6,A,138,4281,1Z0R,A,train,53,0.18840579710144928,26,138,27,0,85,-86,0.4,False
4791,1JR6,A,138,4285,1K2H,A,test,93,0.2534246575342466,37,146,48,8,53,-72,0.4,False
4791,1JR6,A,138,4299,2F63,A,train,158,0.2571428571428571,45,175,76,37,17,-85,0.4,False
4791,1JR6,A,138,4300,2F65,A,train,158,0.2571428571428571,45,175,76,37,17,-85,0.4,False
4791,1JR6,A,138,4312,1JM4,B,train,118,0.23870967741935484,37,155,64,17,37,-81,0.4,False
4791,1JR6,A,138,4313,1ZRR,A,train,179,0.25668449197860965,48,187,82,49,8,-91,0.4,False
4791,1JR6,A,138,4334,1KQQ,A,test,131,0.25595238095238093,43,168,58,30,37,-82,0.4,False
4791,1JR6,A,138,4342,1LY7,A,train,121,0.23648648648648649,35,148,76,10,27,-78,0.4,False
4792,2AN7,A,83,3322,1E8P,A,train,46,0.21428571428571427,18,84,27,1,38,-48,0.4,False
4792,2AN7,A,83,4023,1Q2N,A,train,58,0.2222222222222222,20,90,31,7,32,-50,0.4,False
4792,2AN7,A,83,4052,1JOO,A,val,149,0.23841059602649006,36,151,45,68,2,-79,0.4,False
4792,2AN7,A,83,4053,1JOQ,A,val,149,0.23841059602649006,36,151,45,68,2,-79,0.4,False
4792,2AN7,A,83,4089,2DEF,A,train,146,0.22580645161290322,35,155,39,72,9,-85,0.4,False
4792,2AN7,A,83,4090,2EZH,A,val,65,0.2777777777777778,25,90,33,7,25,-40,0.4,False
4792,2AN7,A,83,4114,1A5J,A,train,110,0.25217391304347825,29,115,49,32,5,-57,0.4,False
4792,2AN7,A,83,4129,1Q80,A,train,174,0.2247191011235955,40,178,39,95,4,-98,0.4,False
4792,2AN7,A,83,4141,1NK2,P,train,77,0.24468085106382978,23,94,43,11,17,-48,0.4,False
4792,2AN7,A,83,4147,1H95,A,train,79,0.2247191011235955,20,89,53,6,10,-49,0.4,False
4792,2AN7,A,83,4153,1RXR,A,train,83,0.22340425531914893,21,94,51,11,11,-52,0.4,False
4792,2AN7,A,83,4155,1EOT,A,train,74,0.26881720430107525,25,93,39,10,19,-43,0.4,False
4792,2AN7,A,83,4156,1BJX,A,train,110,0.2457627118644068,29,118,46,35,8,-60,0.4,False
4792,2AN7,A,83,4173,1BM6,A,train,173,0.21839080459770116,38,174,44,91,1,-98,0.4,False
4792,2AN7,A,83,4177,1BO0,A,train,76,0.22727272727272727,20,88,51,5,12,-48,0.4,False
4792,2AN7,A,83,4184,1EH2,A,train,95,0.2549019607843137,26,102,50,19,7,-50,0.4,False
4792,2AN7,A,83,4186,1BLR,A,val,137,0.22302158273381295,31,139,50,56,2,-77,0.4,False
4792,2AN7,A,83,4188,1BCI,A,test,123,0.25,32,128,46,45,5,-64,0.4,False
4792,2AN7,A,83,4197,2CPS,A,train,50,0.25,22,88,23,5,38,-44,0.4,False
4792,2AN7,A,83,4198,1BR0,A,train,120,0.2619047619047619,33,126,44,43,6,-60,0.4,False
4792,2AN7,A,83,4199,3NLA,A,train,73,0.24719101123595505,22,89,45,6,16,-45,0.4,False
4792,2AN7,A,83,4202,1BA9,A,train,153,0.23225806451612904,36,155,45,72,2,-83,0.4,False
4792,2AN7,A,83,4206,1MFN,A,train,184,0.1881720430107527,35,186,46,103,2,-116,0.4,False
4792,2AN7,A,83,4207,2ORC,A,train,71,0.30434782608695654,28,92,34,9,21,-36,0.4,False
4792,2AN7,A,83,4209,2CPB,A,train,50,0.25,22,88,23,5,38,-44,0.4,False
4792,2AN7,A,83,4214,2TMP,A,train,127,0.203125,26,128,56,45,1,-76,0.4,False
4792,2AN7,A,83,4215,1SSN,A,train,136,0.19858156028368795,28,141,50,58,5,-85,0.4,False
4792,2AN7,A,83,4216,1BHI,A,train,38,0.25,21,84,16,1,46,-42,0.4,False
4792,2AN7,A,83,4217,1BHU,A,val,102,0.28,35,125,25,42,23,-55,0.4,False
4792,2AN7,A,83,4222,1MNL,A,train,91,0.25252525252525254,25,99,50,16,8,-49,0.4,False
4792,2AN7,A,83,4223,1TBA,A,test,67,0.27472527472527475,25,91,34,8,24,-41,0.4,False
4792,2AN7,A,83,4224,1MYO,A,train,118,0.272,34,125,42,42,7,-57,0.4,False
4792,2AN7,A,83,4225,3GRX,A,val,82,0.2604166666666667,25,96,44,13,14,-46,0.4,False
4792,2AN7,A,83,4227,1BQZ,A,test,77,0.22826086956521738,21,92,47,9,15,-50,0.4,False
4792,2AN7,A,83,4228,1BQ0,A,test,77,0.22826086956521738,21,92,47,9,15,-50,0.4,False
4792,2AN7,A,83,4230,1BUQ,A,test,125,0.2631578947368421,35,133,40,50,8,-63,0.4,False
4792,2AN7,A,83,4241,2XBD,A,train,87,0.21875,21,96,53,13,9,-54,0.4,False
4792,2AN7,A,83,4242,3MSP,A,test,126,0.2366412213740458,31,131,47,48,5,-69,0.4,False
4792,2AN7,A,83,4248,2LEF,A,train,86,0.2376237623762376,24,101,44,18,15,-53,0.4,False
4792,2AN7,A,83,4249,1XPA,A,train,113,0.25862068965517243,30,116,50,33,3,-56,0.4,False
4792,2AN7,A,83,4254,1L3G,A,val,123,0.23076923076923078,30,130,46,47,7,-70,0.4,False
4792,2AN7,A,83,4255,2IF1,A,train,126,0.26717557251908397,35,131,43,48,5,-61,0.4,False
4792,2AN7,A,83,4262,1BZF,A,train,162,0.23493975903614459,39,166,40,83,4,-88,0.4,False
4792,2AN7,A,83,4263,2NMB,A,val,147,0.2185430463576159,33,151,46,68,4,-85,0.4,False
4792,2AN7,A,83,4265,1DS9,A,train,198,0.23115577889447236,46,199,36,116,1,-107,0.4,False
4792,2AN7,A,83,4269,1GHT,A,test,105,0.2966101694915254,35,118,35,35,13,-48,0.4,False
4792,2AN7,A,83,4271,1JFJ,A,train,134,0.26811594202898553,37,138,42,55,4,-64,0.4,False
4792,2AN7,A,83,4276,1B2I,A,train,83,0.24489795918367346,24,98,44,15,15,-50,0.4,False
4792,2AN7,A,83,4281,1Z0R,A,train,53,0.23863636363636365,21,88,27,5,35,-46,0.4,False
4792,2AN7,A,83,4285,1K2H,A,test,93,0.2727272727272727,27,99,50,16,6,-45,0.4,False
4792,2AN7,A,83,4299,2F63,A,train,158,0.2375,38,160,43,77,2,-84,0.4,False
4792,2AN7,A,83,4300,2F65,A,train,158,0.2375,38,160,43,77,2,-84,0.4,False
4792,2AN7,A,83,4312,1JM4,B,train,118,0.288,36,125,40,42,7,-53,0.4,False
4792,2AN7,A,83,4313,1ZRR,A,train,179,0.2541436464088398,46,181,35,98,2,-89,0.4,False
4792,2AN7,A,83,4334,1KQQ,A,test,131,0.24444444444444444,33,135,46,52,4,-69,0.4,False
4792,2AN7,A,83,4342,1LY7,A,train,121,0.2835820895522388,38,134,32,51,13,-58,0.4,False
4797,1KD6,A,179,3322,1E8P,A,train,46,0.1388888888888889,25,180,20,1,134,-130,0.4,False
4797,1KD6,A,179,4023,1Q2N,A,train,58,0.16111111111111112,29,180,28,1,122,-122,0.4,False
4797,1KD6,A,179,4052,1JOO,A,val,149,0.23834196891191708,46,193,89,14,44,-101,0.4,False
4797,1KD6,A,179,4053,1JOQ,A,val,149,0.23834196891191708,46,193,89,14,44,-101,0.4,False
4797,1KD6,A,179,4089,2DEF,A,train,146,0.24870466321243523,48,193,84,14,47,-97,0.4,False
4797,1KD6,A,179,4090,2EZH,A,val,65,0.17679558011049723,32,181,31,2,116,-117,0.4,False
4797,1KD6,A,179,4114,1A5J,A,train,110,0.24324324324324326,45,185,59,6,75,-95,0.4,False
4797,1KD6,A,179,4129,1Q80,A,train,174,0.24378109452736318,49,201,103,22,27,-103,0.4,False
4797,1KD6,A,179,4141,1NK2,P,train,77,0.20555555555555555,37,180,39,1,103,-106,0.4,False
4797,1KD6,A,179,4147,1H95,A,train,79,0.21666666666666667,39,180,39,1,101,-102,0.4,False
4797,1KD6,A,179,4153,1RXR,A,train,83,0.2032967032967033,37,182,43,3,99,-108,0.4,False
4797,1KD6,A,179,4155,1EOT,A,train,74,0.20555555555555555,37,180,36,1,106,-106,0.4,False
4797,1KD6,A,179,4156,1BJX,A,train,110,0.25405405405405407,47,185,57,6,75,-91,0.4,False
4797,1KD6,A,179,4173,1BM6,A,train,173,0.2714285714285714,57,210,85,31,37,-96,0.4,False
4797,1KD6,A,179,4177,1BO0,A,train,76,0.19230769230769232,35,182,38,3,106,-112,0.4,False
4797,1KD6,A,179,4184,1EH2,A,train,95,0.23756906077348067,43,181,50,2,86,-95,0.4,False
4797,1KD6,A,179,4186,1BLR,A,val,137,0.25133689839572193,47,187,82,8,50,-93,0.4,False
4797,1KD6,A,179,4188,1BCI,A,test,123,0.2513089005235602,48,191,63,12,68,-95,0.4,False
4797,1KD6,A,179,4197,2CPS,A,train,50,0.17679558011049723,32,181,16,2,131,-117,0.4,False
4797,1KD6,A,179,4198,1BR0,A,train,120,0.2553191489361702,48,188,63,9,68,-92,0.4,False
4797,1KD6,A,179,4199,3NLA,A,train,73,0.21978021978021978,40,182,30,3,109,-102,0.4,False
4797,1KD6,A,179,4202,1BA9,A,train,153,0.28717948717948716,56,195,81,16,42,-83,0.4,False
4797,1KD6,A,179,4206,1MFN,A,train,184,0.2757009345794392,59,214,90,35,30,-96,0.4,False
4797,1KD6,A,179,4207,2ORC,A,train,71,0.19553072625698323,35,179,36,0,108,-109,0.4,False
4797,1KD6,A,179,4209,2CPB,A,train,50,0.17679558011049723,32,181,16,2,131,-117,0.4,False
4797,1KD6,A,179,4214,2TMP,A,train,127,0.23243243243243245,43,185,78,6,58,-99,0.4,False
4797,1KD6,A,179,4215,1SSN,A,train,136,0.2736842105263158,52,190,73,11,54,-86,0.4,False
4797,1KD6,A,179,4216,1BHI,A,train,38,0.1388888888888889,25,180,12,1,142,-130,0.4,False
4797,1KD6,A,179,4217,1BHU,A,val,102,0.2554347826086957,47,184,50,5,82,-90,0.4,False
4797,1KD6,A,179,4222,1MNL,A,train,91,0.2430939226519337,44,181,45,2,90,-93,0.4,False
4797,1KD6,A,179,4223,1TBA,A,test,67,0.22950819672131148,42,183,21,4,116,-99,0.4,False
4797,1KD6,A,179,4224,1MYO,A,train,118,0.25,48,192,57,13,74,-96,0.4,False
4797,1KD6,A,179,4225,3GRX,A,val,82,0.20555555555555555,37,180,44,1,98,-106,0.4,False
4797,1KD6,A,179,4227,1BQZ,A,test,77,0.2011173184357542,36,179,41,0,102,-107,0.4,False
4797,1KD6,A,179,4228,1BQ0,A,test,77,0.2011173184357542,36,179,41,0,102,-107,0.4,False
4797,1KD6,A,179,4230,1BUQ,A,test,125,0.26424870466321243,51,193,60,14,68,-91,0.4,False
4797,1KD6,A,179,4241,2XBD,A,train,87,0.22994652406417113,43,187,36,8,100,-101,0.4,False
4797,1KD6,A,179,4242,3MSP,A,test,126,0.2604166666666667,50,192,63,13,66,-92,0.4,False
4797,1KD6,A,179,4248,2LEF,A,train,86,0.22826086956521738,42,184,39,5,98,-100,0.4,False
4797,1KD6,A,179,4249,1XPA,A,train,113,0.22631578947368422,43,190,59,11,77,-104,0.4,False
4797,1KD6,A,179,4254,1L3G,A,val,123,0.24456521739130435,45,184,73,5,61,-94,0.4,False
4797,1KD6,A,179,4255,2IF1,A,train,126,0.21195652173913043,39,184,82,5,58,-106,0.4,False
4797,1KD6,A,179,4262,1BZF,A,train,162,0.26666666666666666,52,195,94,16,33,-91,0.4,False
4797,1KD6,A,179,4263,2NMB,A,val,147,0.2857142857142857,58,203,65,24,56,-87,0.4,False
4797,1KD6,A,179,4265,1DS9,A,train,198,0.2626728110599078,57,217,103,38,19,-103,0.4,False
4797,1KD6,A,179,4269,1GHT,A,test,105,0.26455026455026454,50,189,45,10,84,-89,0.4,False
4797,1KD6,A,179,4271,1JFJ,A,train,134,0.2617801047120419,50,191,72,12,57,-91,0.4,False
4797,1KD6,A,179,4276,1B2I,A,train,83,0.20994475138121546,38,181,43,2,98,-105,0.4,False
4797,1KD6,A,179,4281,1Z0R,A,train,53,0.17679558011049723,32,181,19,2,128,-117,0.4,False
4797,1KD6,A,179,4285,1K2H,A,test,93,0.2154696132596685,39,181,52,2,88,-103,0.4,False
4797,1KD6,A,179,4299,2F63,A,train,158,0.3023255813953488,65,215,57,36,57,-85,0.4,False
4797,1KD6,A,179,4300,2F65,A,train,158,0.3023255813953488,65,215,57,36,57,-85,0.4,False
4797,1KD6,A,179,4312,1JM4,B,train,118,0.24867724867724866,47,189,61,10,71,-95,0.4,False
4797,1KD6,A,179,4313,1ZRR,A,train,179,0.27230046948356806,58,213,87,34,34,-97,0.4,False
4797,1KD6,A,179,4334,1KQQ,A,test,131,0.24479166666666666,47,192,71,13,61,-98,0.4,False
4797,1KD6,A,179,4342,1LY7,A,train,121,0.24725274725274726,45,182,73,3,61,-92,0.4,False
4798,1FPW,A,190,3322,1E8P,A,train,46,0.15789473684210525,30,190,16,0,144,-130,0.4,False
4798,1FPW,A,190,4023,1Q2N,A,train,58,0.17277486910994763,33,191,24,1,133,-125,0.4,False
4798,1FPW,A,190,4052,1JOO,A,val,149,0.26865671641791045,54,201,84,11,52,-93,0.4,False
4798,1FPW,A,190,4053,1JOQ,A,val,149,0.26865671641791045,54,201,84,11,52,-93,0.4,False
4798,1FPW,A,190,4089,2DEF,A,train,146,0.24257425742574257,49,202,85,12,56,-104,0.4,False
4798,1FPW,A,190,4090,2EZH,A,val,65,0.18947368421052632,36,190,29,0,125,-118,0.4,False
4798,1FPW,A,190,4114,1A5J,A,train,110,0.24102564102564103,47,195,58,5,85,-101,0.4,False
4798,1FPW,A,190,4129,1Q80,A,train,174,0.2938388625592417,62,211,91,21,37,-87,0.4,False
4798,1FPW,A,190,4141,1NK2,P,train,77,0.2094240837696335,40,191,36,1,114,-111,0.4,False
4798,1FPW,A,190,4147,1H95,A,train,79,0.21243523316062177,41,193,35,3,114,-111,0.4,False
4798,1FPW,A,190,4153,1RXR,A,train,83,0.1958762886597938,38,194,41,4,111,-118,0.4,False
4798,1FPW,A,190,4155,1EOT,A,train,74,0.19597989949748743,39,199,26,9,125,-121,0.4,False
4798,1FPW,A,190,4156,1BJX,A,train,110,0.23316062176165803,45,193,62,3,83,-103,0.4,False
4798,1FPW,A,190,4173,1BM6,A,train,173,0.2669683257918552,59,221,83,31,48,-103,0.4,False
4798,1FPW,A,190,4177,1BO0,A,train,76,0.1958762886597938,38,194,34,4,118,-118,0.4,False
4798,1FPW,A,190,4184,1EH2,A,train,95,0.23958333333333334,46,192,47,2,97,-100,0.4,False
4798,1FPW,A,190,4186,1BLR,A,val,137,0.2537313432835821,51,201,75,11,64,-99,0.4,False
4798,1FPW,A,190,4188,1BCI,A,test,123,0.2562814070351759,51,199,63,9,76,-97,0.4,False
4798,1FPW,A,190,4197,2CPS,A,train,50,0.16842105263157894,32,190,18,0,140,-126,0.4,False
4798,1FPW,A,190,4198,1BR0,A,train,120,0.22885572139303484,46,201,63,11,81,-109,0.4,False
4798,1FPW,A,190,4199,3NLA,A,train,73,0.19791666666666666,38,192,33,2,119,-116,0.4,False
4798,1FPW,A,190,4202,1BA9,A,train,153,0.2644230769230769,55,208,80,18,55,-98,0.4,False
4798,1FPW,A,190,4206,1MFN,A,train,184,0.27705627705627706,64,231,79,41,47,-103,0.4,False
4798,1FPW,A,190,4207,2ORC,A,train,71,0.21875,42,192,27,2,121,-108,0.4,False
4798,1FPW,A,190,4209,2CPB,A,train,50,0.16842105263157894,32,190,18,0,140,-126,0.4,False
4798,1FPW,A,190,4214,2TMP,A,train,127,0.2524752475247525,51,202,64,12,75,-100,0.4,False
4798,1FPW,A,190,4215,1SSN,A,train,136,0.28019323671497587,58,207,61,17,71,-91,0.4,False
4798,1FPW,A,190,4216,1BHI,A,train,38,0.14736842105263157,28,190,10,0,152,-134,0.4,False
4798,1FPW,A,190,4217,1BHU,A,val,102,0.24623115577889448,49,199,44,9,97,-101,0.4,False
4798,1FPW,A,190,4222,1MNL,A,train,91,0.2198952879581152,42,191,48,1,100,-107,0.4,False
4798,1FPW,A,190,4223,1TBA,A,test,67,0.19895287958115182,38,191,28,1,124,-115,0.4,False
4798,1FPW,A,190,4224,1MYO,A,train,118,0.25380710659898476,50,197,61,7,79,-97,0.4,False
4798,1FPW,A,190,4225,3GRX,A,val,82,0.21428571428571427,42,196,34,6,114,-112,0.4,False
4798,1FPW,A,190,4227,1BQZ,A,test,77,0.203125,39,192,36,2,115,-114,0.4,False
4798,1FPW,A,190,4228,1BQ0,A,test,77,0.203125,39,192,36,2,115,-114,0.4,False
4798,1FPW,A,190,4230,1BUQ,A,test,125,0.24873096446700507,49,197,69,7,72,-99,0.4,False
4798,1FPW,A,190,4241,2XBD,A,train,87,0.21761658031088082,42,193,42,3,106,-109,0.4,False
4798,1FPW,A,190,4242,3MSP,A,test,126,0.2358974358974359,46,195,75,5,69,-103,0.4,False
4798,1FPW,A,190,4248,2LEF,A,train,86,0.1989795918367347,39,196,41,6,110,-118,0.4,False
4798,1FPW,A,190,4249,1XPA,A,train,113,0.22613065326633167,45,199,59,9,86,-109,0.4,False
4798,1FPW,A,190,4254,1L3G,A,val,123,0.235,47,200,66,10,77,-106,0.4,False
4798,1FPW,A,190,4255,2IF1,A,train,126,0.26262626262626265,52,198,66,8,72,-94,0.4,False
4798,1FPW,A,190,4262,1BZF,A,train,162,0.24766355140186916,53,214,85,24,52,-108,0.4,False
4798,1FPW,A,190,4263,2NMB,A,val,147,0.23696682464454977,50,211,76,21,64,-111,0.4,False
4798,1FPW,A,190,4265,1DS9,A,train,198,0.26126126126126126,58,222,108,32,24,-106,0.4,False
4798,1FPW,A,190,4269,1GHT,A,test,105,0.25252525252525254,50,198,47,8,93,-98,0.4,False
4798,1FPW,A,190,4271,1JFJ,A,train,134,0.29081632653061223,57,196,71,6,62,-82,0.4,False
4798,1FPW,A,190,4276,1B2I,A,train,83,0.19170984455958548,37,193,43,3,110,-119,0.4,False
4798,1FPW,A,190,4281,1Z0R,A,train,53,0.18848167539267016,36,191,16,1,138,-119,0.4,False
4798,1FPW,A,190,4285,1K2H,A,test,93,0.2358974358974359,46,195,42,5,102,-103,0.4,False
4798,1FPW,A,190,4299,2F63,A,train,158,0.2727272727272727,57,209,82,19,51,-95,0.4,False
4798,1FPW,A,190,4300,2F65,A,train,158,0.2727272727272727,57,209,82,19,51,-95,0.4,False
4798,1FPW,A,190,4312,1JM4,B,train,118,0.2731707317073171,56,205,47,15,87,-93,0.4,False
4798,1FPW,A,190,4313,1ZRR,A,train,179,0.30180180180180183,67,222,80,32,43,-88,0.4,False
4798,1FPW,A,190,4334,1KQQ,A,test,131,0.23737373737373738,47,198,76,8,67,-104,0.4,False
4798,1FPW,A,190,4342,1LY7,A,train,121,0.26262626262626265,52,198,61,8,77,-94,0.4,False
4814,1LS4,A,164,3322,1E8P,A,train,46,0.15060240963855423,25,166,19,2,120,-116,0.4,False
4814,1LS4,A,164,4023,1Q2N,A,train,58,0.24242424242424243,40,165,17,1,107,-85,0.4,False
4814,1LS4,A,164,4052,1JOO,A,val,149,0.2620320855614973,49,187,77,23,38,-89,0.4,False
4814,1LS4,A,164,4053,1JOQ,A,val,149,0.2620320855614973,49,187,77,23,38,-89,0.4,False
4814,1LS4,A,164,4089,2DEF,A,train,146,0.24324324324324326,45,185,80,21,39,-95,0.4,False
4814,1LS4,A,164,4090,2EZH,A,val,65,0.19879518072289157,33,166,30,2,101,-100,0.4,False
4814,1LS4,A,164,4114,1A5J,A,train,110,0.23809523809523808,40,168,66,4,58,-88,0.4,False
4814,1LS4,A,164,4129,1Q80,A,train,174,0.25757575757575757,51,198,89,34,24,-96,0.4,False
4814,1LS4,A,164,4141,1NK2,P,train,77,0.2073170731707317,34,164,43,0,87,-96,0.4,False
4814,1LS4,A,164,4147,1H95,A,train,79,0.21951219512195122,36,164,43,0,85,-92,0.4,False
4814,1LS4,A,164,4153,1RXR,A,train,83,0.1927710843373494,32,166,49,2,83,-102,0.4,False
4814,1LS4,A,164,4155,1EOT,A,train,74,0.21084337349397592,35,166,37,2,92,-96,0.4,False
4814,1LS4,A,164,4156,1BJX,A,train,110,0.24571428571428572,43,175,56,11,65,-89,0.4,False
4814,1LS4,A,164,4173,1BM6,A,train,173,0.2676767676767677,53,198,86,34,25,-92,0.4,False
4814,1LS4,A,164,4177,1BO0,A,train,76,0.19393939393939394,32,165,43,1,89,-101,0.4,False
4814,1LS4,A,164,4184,1EH2,A,train,95,0.22485207100591717,38,169,52,5,74,-93,0.4,False
4814,1LS4,A,164,4186,1BLR,A,val,137,0.23497267759562843,43,183,75,19,46,-97,0.4,False
4814,1LS4,A,164,4188,1BCI,A,test,123,0.23563218390804597,41,174,72,10,51,-92,0.4,False
4814,1LS4,A,164,4197,2CPS,A,train,50,0.1746987951807229,29,166,19,2,116,-108,0.4,False
4814,1LS4,A,164,4198,1BR0,A,train,120,0.2529411764705882,43,170,71,6,50,-84,0.4,False
4814,1LS4,A,164,4199,3NLA,A,train,73,0.2073170731707317,34,164,39,0,91,-96,0.4,False
4814,1LS4,A,164,4202,1BA9,A,train,153,0.2568306010928962,47,183,87,19,30,-89,0.4,False
4814,1LS4,A,164,4206,1MFN,A,train,184,0.25,51,204,93,40,20,-102,0.4,False
4814,1LS4,A,164,4207,2ORC,A,train,71,0.21084337349397592,35,166,34,2,95,-96,0.4,False
4814,1LS4,A,164,4209,2CPB,A,train,50,0.1746987951807229,29,166,19,2,116,-108,0.4,False
4814,1LS4,A,164,4214,2TMP,A,train,127,0.21301775147928995,36,169,86,5,42,-97,0.4,False
4814,1LS4,A,164,4215,1SSN,A,train,136,0.24431818181818182,43,176,81,12,40,-90,0.4,False
4814,1LS4,A,164,4216,1BHI,A,train,38,0.12195121951219512,20,164,18,0,126,-124,0.4,False
4814,1LS4,A,164,4217,1BHU,A,val,102,0.22941176470588234,39,170,57,6,68,-92,0.4,False
4814,1LS4,A,164,4222,1MNL,A,train,91,0.20118343195266272,34,169,52,5,78,-101,0.4,False
4814,1LS4,A,164,4223,1TBA,A,test,67,0.19760479041916168,33,167,31,3,100,-101,0.4,False
4814,1LS4,A,164,4224,1MYO,A,train,118,0.23668639053254437,40,169,73,5,51,-89,0.4,False
4814,1LS4,A,164,4225,3GRX,A,val,82,0.2,33,165,48,1,83,-99,0.4,False
4814,1LS4,A,164,4227,1BQZ,A,test,77,0.20118343195266272,34,169,38,5,92,-101,0.4,False
4814,1LS4,A,164,4228,1BQ0,A,test,77,0.20118343195266272,34,169,38,5,92,-101,0.4,False
4814,1LS4,A,164,4230,1BUQ,A,test,125,0.2543352601156069,44,173,72,9,48,-85,0.4,False
4814,1LS4,A,164,4241,2XBD,A,train,87,0.2155688622754491,36,167,48,3,80,-95,0.4,False
4814,1LS4,A,164,4242,3MSP,A,test,126,0.23699421965317918,41,173,76,9,47,-91,0.4,False
4814,1LS4,A,164,4248,2LEF,A,train,86,0.20606060606060606,34,165,51,1,79,-97,0.4,False
4814,1LS4,A,164,4249,1XPA,A,train,113,0.26744186046511625,46,172,59,8,59,-80,0.4,False
4814,1LS4,A,164,4254,1L3G,A,val,123,0.25555555555555554,46,180,61,16,57,-88,0.4,False
4814,1LS4,A,164,4255,2IF1,A,train,126,0.23728813559322035,42,177,71,13,51,-93,0.4,False
4814,1LS4,A,164,4262,1BZF,A,train,162,0.24193548387096775,45,186,95,22,24,-96,0.4,False
4814,1LS4,A,164,4263,2NMB,A,val,147,0.23076923076923078,42,182,87,18,35,-98,0.4,False
4814,1LS4,A,164,4265,1DS9,A,train,198,0.27314814814814814,59,216,87,52,18,-98,0.4,False
4814,1LS4,A,164,4269,1GHT,A,test,105,0.21764705882352942,37,170,62,6,65,-96,0.4,False
4814,1LS4,A,164,4271,1JFJ,A,train,134,0.2542372881355932,45,177,76,13,43,-87,0.4,False
4814,1LS4,A,164,4276,1B2I,A,train,83,0.18128654970760233,31,171,45,7,88,-109,0.4,False
4814,1LS4,A,164,4281,1Z0R,A,train,53,0.16167664670658682,27,167,23,3,114,-113,0.4,False
4814,1LS4,A,164,4285,1K2H,A,test,93,0.24260355029585798,41,169,47,5,76,-87,0.4,False
4814,1LS4,A,164,4299,2F63,A,train,158,0.28717948717948716,56,195,71,31,37,-83,0.4,False
4814,1LS4,A,164,4300,2F65,A,train,158,0.28717948717948716,56,195,71,31,37,-83,0.4,False
4814,1LS4,A,164,4312,1JM4,B,train,118,0.2254335260115607,39,173,70,9,55,-95,0.4,False
4814,1LS4,A,164,4313,1ZRR,A,train,179,0.2753623188405797,57,207,79,43,28,-93,0.4,False
4814,1LS4,A,164,4334,1KQQ,A,test,131,0.2598870056497175,46,177,72,13,46,-85,0.4,False
4814,1LS4,A,164,4342,1LY7,A,train,121,0.2742857142857143,48,175,62,11,54,-79,0.4,False
4825,1M58,A,106,3322,1E8P,A,train,46,0.1320754716981132,14,106,32,0,60,-78,0.4,False
4825,1M58,A,106,4023,1Q2N,A,train,58,0.22123893805309736,25,113,26,7,55,-63,0.4,False
4825,1M58,A,106,4052,1JOO,A,val,149,0.2375,38,160,57,54,11,-84,0.4,False
4825,1M58,A,106,4053,1JOQ,A,val,149,0.2375,38,160,57,54,11,-84,0.4,False
4825,1M58,A,106,4089,2DEF,A,train,146,0.24358974358974358,38,156,58,50,10,-80,0.4,False
4825,1M58,A,106,4090,2EZH,A,val,65,0.2222222222222222,24,108,39,2,43,-60,0.4,False
4825,1M58,A,106,4114,1A5J,A,train,110,0.2595419847328244,34,131,51,25,21,-63,0.4,False
4825,1M58,A,106,4129,1Q80,A,train,174,0.25,47,188,45,82,14,-94,0.4,False
4825,1M58,A,106,4141,1NK2,P,train,77,0.23636363636363636,26,110,47,4,33,-58,0.4,False
4825,1M58,A,106,4147,1H95,A,train,79,0.23478260869565218,27,115,43,9,36,-61,0.4,False
4825,1M58,A,106,4153,1RXR,A,train,83,0.25217391304347825,29,115,45,9,32,-57,0.4,False
4825,1M58,A,106,4155,1EOT,A,train,74,0.21100917431192662,23,109,48,3,35,-63,0.4,False
4825,1M58,A,106,4156,1BJX,A,train,110,0.23577235772357724,29,123,64,17,13,-65,0.4,False
4825,1M58,A,106,4173,1BM6,A,train,173,0.2265193370165746,41,181,57,75,8,-99,0.4,False
4825,1M58,A,106,4177,1BO0,A,train,76,0.23893805309734514,27,113,42,7,37,-59,0.4,False
4825,1M58,A,106,4184,1EH2,A,train,95,0.25833333333333336,31,120,50,14,25,-58,0.4,False
4825,1M58,A,106,4186,1BLR,A,val,137,0.2638888888888889,38,144,61,38,7,-68,0.4,False
4825,1M58,A,106,4188,1BCI,A,test,123,0.26119402985074625,35,134,60,28,11,-64,0.4,False
4825,1M58,A,106,4197,2CPS,A,train,50,0.21495327102803738,23,107,26,1,57,-61,0.4,False
4825,1M58,A,106,4198,1BR0,A,train,120,0.2537313432835821,34,134,58,28,14,-66,0.4,False
4825,1M58,A,106,4199,3NLA,A,train,73,0.1834862385321101,20,109,50,3,36,-69,0.4,False
4825,1M58,A,106,4202,1BA9,A,train,153,0.22151898734177214,35,158,66,52,5,-88,0.4,False
4825,1M58,A,106,4206,1MFN,A,train,184,0.1935483870967742,36,186,68,80,2,-114,0.4,False
4825,1M58,A,106,4207,2ORC,A,train,71,0.25892857142857145,29,112,36,6,41,-54,0.4,False
4825,1M58,A,106,4209,2CPB,A,train,50,0.21495327102803738,23,107,26,1,57,-61,0.4,False
4825,1M58,A,106,4214,2TMP,A,train,127,0.2536231884057971,35,138,60,32,11,-68,0.4,False
4825,1M58,A,106,4215,1SSN,A,train,136,0.2550335570469799,38,149,55,43,13,-73,0.4,False
4825,1M58,A,106,4216,1BHI,A,train,38,0.19811320754716982,21,106,17,0,68,-64,0.4,False
4825,1M58,A,106,4217,1BHU,A,val,102,0.2184873949579832,26,119,63,13,17,-67,0.4,False
4825,1M58,A,106,4222,1MNL,A,train,91,0.23008849557522124,26,113,58,7,22,-61,0.4,False
4825,1M58,A,106,4223,1TBA,A,test,67,0.21100917431192662,23,109,41,3,42,-63,0.4,False
4825,1M58,A,106,4224,1MYO,A,train,118,0.2558139534883721,33,129,62,23,11,-63,0.4,False
4825,1M58,A,106,4225,3GRX,A,val,82,0.225,27,120,41,14,38,-66,0.4,False
4825,1M58,A,106,4227,1BQZ,A,test,77,0.22321428571428573,25,112,46,6,35,-62,0.4,False
4825,1M58,A,106,4228,1BQ0,A,test,77,0.22321428571428573,25,112,46,6,35,-62,0.4,False
4825,1M58,A,106,4230,1BUQ,A,test,125,0.2357142857142857,33,140,58,34,15,-74,0.4,False
4825,1M58,A,106,4241,2XBD,A,train,87,0.23478260869565218,27,115,51,9,28,-61,0.4,False
4825,1M58,A,106,4242,3MSP,A,test,126,0.22627737226277372,31,137,64,31,11,-75,0.4,False
4825,1M58,A,106,4248,2LEF,A,train,86,0.20909090909090908,23,110,59,4,24,-64,0.4,False
4825,1M58,A,106,4249,1XPA,A,train,113,0.2692307692307692,35,130,54,24,17,-60,0.4,False
4825,1M58,A,106,4254,1L3G,A,val,123,0.23484848484848486,31,132,66,26,9,-70,0.4,False
4825,1M58,A,106,4255,2IF1,A,train,126,0.23134328358208955,31,134,67,28,8,-72,0.4,False
4825,1M58,A,106,4262,1BZF,A,train,162,0.22289156626506024,37,166,65,60,4,-92,0.4,False
4825,1M58,A,106,4263,2NMB,A,val,147,0.2484076433121019,39,157,57,51,10,-79,0.4,False
4825,1M58,A,106,4265,1DS9,A,train,198,0.2376237623762376,48,202,54,96,4,-106,0.4,False
4825,1M58,A,106,4269,1GHT,A,test,105,0.248,31,125,55,19,20,-63,0.4,False
4825,1M58,A,106,4271,1JFJ,A,train,134,0.2733333333333333,41,150,49,44,16,-68,0.4,False
4825,1M58,A,106,4276,1B2I,A,train,83,0.22727272727272727,25,110,54,4,27,-60,0.4,False
4825,1M58,A,106,4281,1Z0R,A,train,53,0.23148148148148148,25,108,26,2,55,-58,0.4,False
4825,1M58,A,106,4285,1K2H,A,test,93,0.23275862068965517,27,116,56,10,23,-62,0.4,False
4825,1M58,A,106,4299,2F63,A,train,158,0.21084337349397592,35,166,63,60,8,-96,0.4,False
4825,1M58,A,106,4300,2F65,A,train,158,0.21084337349397592,35,166,63,60,8,-96,0.4,False
4825,1M58,A,106,4312,1JM4,B,train,118,0.24031007751937986,31,129,64,23,11,-67,0.4,False
4825,1M58,A,106,4313,1ZRR,A,train,179,0.23076923076923078,42,182,61,76,3,-98,0.4,False
4825,1M58,A,106,4334,1KQQ,A,test,131,0.27586206896551724,40,145,52,39,14,-65,0.4,False
4825,1M58,A,106,4342,1LY7,A,train,121,0.24444444444444444,33,135,59,29,14,-69,0.4,False
4829,1JXS,A,98,3322,1E8P,A,train,46,0.2,20,100,24,2,54,-60,0.4,False
4829,1JXS,A,98,4023,1Q2N,A,train,58,0.2524271844660194,26,103,27,5,45,-51,0.4,False
4829,1JXS,A,98,4052,1JOO,A,val,149,0.25157232704402516,40,159,48,61,10,-79,0.4,False
4829,1JXS,A,98,4053,1JOQ,A,val,149,0.25157232704402516,40,159,48,61,10,-79,0.4,False
4829,1JXS,A,98,4089,2DEF,A,train,146,0.2251655629139073,34,151,59,53,5,-83,0.4,False
4829,1JXS,A,98,4090,2EZH,A,val,65,0.24271844660194175,25,103,35,5,38,-53,0.4,False
4829,1JXS,A,98,4114,1A5J,A,train,110,0.2755905511811024,35,127,46,29,17,-57,0.4,False
4829,1JXS,A,98,4129,1Q80,A,train,174,0.22527472527472528,41,182,49,84,8,-100,0.4,False
4829,1JXS,A,98,4141,1NK2,P,train,77,0.24299065420560748,26,107,42,9,30,-55,0.4,False
4829,1JXS,A,98,4147,1H95,A,train,79,0.27184466019417475,28,103,46,5,24,-47,0.4,False
4829,1JXS,A,98,4153,1RXR,A,train,83,0.23300970873786409,24,103,54,5,20,-55,0.4,False
4829,1JXS,A,98,4155,1EOT,A,train,74,0.24761904761904763,26,105,41,7,31,-53,0.4,False
4829,1JXS,A,98,4156,1BJX,A,train,110,0.2231404958677686,27,121,60,23,11,-67,0.4,False
4829,1JXS,A,98,4173,1BM6,A,train,173,0.19662921348314608,35,178,58,80,5,-108,0.4,False
4829,1JXS,A,98,4177,1BO0,A,train,76,0.22641509433962265,24,106,44,8,30,-58,0.4,False
4829,1JXS,A,98,4184,1EH2,A,train,95,0.2608695652173913,30,115,48,17,20,-55,0.4,False
4829,1JXS,A,98,4186,1BLR,A,val,137,0.2482758620689655,36,145,54,47,8,-73,0.4,False
4829,1JXS,A,98,4188,1BCI,A,test,123,0.23308270676691728,31,133,57,35,10,-71,0.4,False
4829,1JXS,A,98,4197,2CPS,A,train,50,0.19,19,100,29,2,50,-62,0.4,False
4829,1JXS,A,98,4198,1BR0,A,train,120,0.25196850393700787,32,127,59,29,7,-63,0.4,False
4829,1JXS,A,98,4199,3NLA,A,train,73,0.2549019607843137,26,102,43,4,29,-50,0.4,False
4829,1JXS,A,98,4202,1BA9,A,train,153,0.22784810126582278,36,158,57,60,5,-86,0.4,False
4829,1JXS,A,98,4206,1MFN,A,train,184,0.23529411764705882,44,187,51,89,3,-99,0.4,False
4829,1JXS,A,98,4207,2ORC,A,train,71,0.24509803921568626,25,102,42,4,31,-52,0.4,False
4829,1JXS,A,98,4209,2CPB,A,train,50,0.19,19,100,29,2,50,-62,0.4,False
4829,1JXS,A,98,4214,2TMP,A,train,127,0.22900763358778625,30,131,64,33,4,-71,0.4,False
4829,1JXS,A,98,4215,1SSN,A,train,136,0.2620689655172414,38,145,51,47,9,-69,0.4,False
4829,1JXS,A,98,4216,1BHI,A,train,38,0.18,18,100,18,2,62,-64,0.4,False
4829,1JXS,A,98,4217,1BHU,A,val,102,0.24347826086956523,28,115,57,17,13,-59,0.4,False
4829,1JXS,A,98,4222,1MNL,A,train,91,0.24299065420560748,26,107,56,9,16,-55,0.4,False
4829,1JXS,A,98,4223,1TBA,A,test,67,0.21212121212121213,21,99,45,1,32,-57,0.4,False
4829,1JXS,A,98,4224,1MYO,A,train,118,0.2631578947368421,35,133,48,35,15,-63,0.4,False
4829,1JXS,A,98,4225,3GRX,A,val,82,0.24324324324324326,27,111,42,13,29,-57,0.4,False
4829,1JXS,A,98,4227,1BQZ,A,test,77,0.23,23,100,52,2,23,-54,0.4,False
4829,1JXS,A,98,4228,1BQ0,A,test,77,0.23,23,100,52,2,23,-54,0.4,False
4829,1JXS,A,98,4230,1BUQ,A,test,125,0.24242424242424243,32,132,59,34,7,-68,0.4,False
4829,1JXS,A,98,4241,2XBD,A,train,87,0.19,19,100,66,2,13,-62,0.4,False
4829,1JXS,A,98,4242,3MSP,A,test,126,0.26277372262773724,36,137,51,39,11,-65,0.4,False
4829,1JXS,A,98,4248,2LEF,A,train,86,0.25,27,108,49,10,22,-54,0.4,False
4829,1JXS,A,98,4249,1XPA,A,train,113,0.25,31,124,56,26,11,-62,0.4,False
4829,1JXS,A,98,4254,1L3G,A,val,123,0.25,33,132,56,34,9,-66,0.4,False
4829,1JXS,A,98,4255,2IF1,A,train,126,0.22900763358778625,30,131,63,33,5,-71,0.4,False
4829,1JXS,A,98,4262,1BZF,A,train,162,0.22093023255813954,38,172,50,74,10,-96,0.4,False
4829,1JXS,A,98,4263,2NMB,A,val,147,0.25161290322580643,39,155,51,57,8,-77,0.4,False
4829,1JXS,A,98,4265,1DS9,A,train,198,0.21782178217821782,44,202,50,104,4,-114,0.4,False
4829,1JXS,A,98,4269,1GHT,A,test,105,0.2677165354330709,34,127,42,29,22,-59,0.4,False
4829,1JXS,A,98,4271,1JFJ,A,train,134,0.22377622377622378,32,143,57,45,9,-79,0.4,False
4829,1JXS,A,98,4276,1B2I,A,train,83,0.25892857142857145,29,112,40,14,29,-54,0.4,False
4829,1JXS,A,98,4281,1Z0R,A,train,53,0.20408163265306123,20,98,33,0,45,-58,0.4,False
4829,1JXS,A,98,4285,1K2H,A,test,93,0.21100917431192662,23,109,59,11,16,-63,0.4,False
4829,1JXS,A,98,4299,2F63,A,train,158,0.25,42,168,46,70,10,-84,0.4,False
4829,1JXS,A,98,4300,2F65,A,train,158,0.25,42,168,46,70,10,-84,0.4,False
4829,1JXS,A,98,4312,1JM4,B,train,118,0.2713178294573643,35,129,52,31,11,-59,0.4,False
4829,1JXS,A,98,4313,1ZRR,A,train,179,0.24736842105263157,47,190,40,92,11,-96,0.4,False
4829,1JXS,A,98,4334,1KQQ,A,test,131,0.273972602739726,40,146,43,48,15,-66,0.4,False
4829,1JXS,A,98,4342,1LY7,A,train,121,0.23484848484848486,31,132,56,34,11,-70,0.4,False
4833,1G6E,A,87,3322,1E8P,A,train,46,0.21348314606741572,19,89,25,2,43,-51,0.4,False
4833,1G6E,A,87,4023,1Q2N,A,train,58,0.23711340206185566,23,97,25,10,39,-51,0.4,False
4833,1G6E,A,87,4052,1JOO,A,val,149,0.20394736842105263,31,152,53,65,3,-90,0.4,False
4833,1G6E,A,87,4053,1JOQ,A,val,149,0.20394736842105263,31,152,53,65,3,-90,0.4,False
4833,1G6E,A,87,4089,2DEF,A,train,146,0.23333333333333334,35,150,48,63,4,-80,0.4,False
4833,1G6E,A,87,4090,2EZH,A,val,65,0.19791666666666666,19,96,37,9,31,-58,0.4,False
4833,1G6E,A,87,4114,1A5J,A,train,110,0.225,27,120,50,33,10,-66,0.4,False
4833,1G6E,A,87,4129,1Q80,A,train,174,0.20903954802259886,37,177,47,90,3,-103,0.4,False
4833,1G6E,A,87,4141,1NK2,P,train,77,0.24509803921568626,25,102,37,15,25,-52,0.4,False
4833,1G6E,A,87,4147,1H95,A,train,79,0.24509803921568626,25,102,39,15,23,-52,0.4,False
4833,1G6E,A,87,4153,1RXR,A,train,83,0.19148936170212766,18,94,58,7,11,-58,0.4,False
4833,1G6E,A,87,4155,1EOT,A,train,74,0.18556701030927836,18,97,46,10,23,-61,0.4,False
4833,1G6E,A,87,4156,1BJX,A,train,110,0.25,30,120,47,33,10,-60,0.4,False
4833,1G6E,A,87,4173,1BM6,A,train,173,0.20786516853932585,37,178,45,91,5,-104,0.4,False
4833,1G6E,A,87,4177,1BO0,A,train,76,0.21875,21,96,46,9,20,-54,0.4,False
4833,1G6E,A,87,4184,1EH2,A,train,95,0.22641509433962265,24,106,52,19,11,-58,0.4,False
4833,1G6E,A,87,4186,1BLR,A,val,137,0.23776223776223776,34,143,47,56,6,-75,0.4,False
4833,1G6E,A,87,4188,1BCI,A,test,123,0.2366412213740458,31,131,48,44,8,-69,0.4,False
4833,1G6E,A,87,4197,2CPS,A,train,50,0.1978021978021978,18,91,28,4,41,-55,0.4,False
4833,1G6E,A,87,4198,1BR0,A,train,120,0.2283464566929134,29,127,51,40,7,-69,0.4,False
4833,1G6E,A,87,4199,3NLA,A,train,73,0.25287356321839083,22,87,51,0,14,-43,0.4,False
4833,1G6E,A,87,4202,1BA9,A,train,153,0.22727272727272727,35,154,51,67,1,-84,0.4,False
4833,1G6E,A,87,4206,1MFN,A,train,184,0.23118279569892472,43,186,42,99,2,-100,0.4,False
4833,1G6E,A,87,4207,2ORC,A,train,71,0.2,18,90,50,3,19,-54,0.4,False
4833,1G6E,A,87,4209,2CPB,A,train,50,0.1978021978021978,18,91,28,4,41,-55,0.4,False
4833,1G6E,A,87,4214,2TMP,A,train,127,0.22302158273381295,31,139,44,52,12,-77,0.4,False
4833,1G6E,A,87,4215,1SSN,A,train,136,0.23076923076923078,33,143,47,56,7,-77,0.4,False
4833,1G6E,A,87,4216,1BHI,A,train,38,0.20224719101123595,18,89,18,2,51,-53,0.4,False
4833,1G6E,A,87,4217,1BHU,A,val,102,0.21818181818181817,24,110,55,23,8,-62,0.4,False
4833,1G6E,A,87,4222,1MNL,A,train,91,0.21904761904761905,23,105,50,18,14,-59,0.4,False
4833,1G6E,A,87,4223,1TBA,A,test,67,0.2708333333333333,26,96,32,9,29,-44,0.4,False
4833,1G6E,A,87,4224,1MYO,A,train,118,0.24817518248175183,34,137,34,50,19,-69,0.4,False
4833,1G6E,A,87,4225,3GRX,A,val,82,0.22330097087378642,23,103,43,16,21,-57,0.4,False
4833,1G6E,A,87,4227,1BQZ,A,test,77,0.18478260869565216,17,92,55,5,15,-58,0.4,False
4833,1G6E,A,87,4228,1BQ0,A,test,77,0.18478260869565216,17,92,55,5,15,-58,0.4,False
4833,1G6E,A,87,4230,1BUQ,A,test,125,0.22727272727272727,30,132,50,45,7,-72,0.4,False
4833,1G6E,A,87,4241,2XBD,A,train,87,0.24,24,100,50,13,13,-52,0.4,False
4833,1G6E,A,87,4242,3MSP,A,test,126,0.23255813953488372,30,129,54,42,3,-69,0.4,False
4833,1G6E,A,87,4248,2LEF,A,train,86,0.25,25,100,48,13,14,-50,0.4,False
4833,1G6E,A,87,4249,1XPA,A,train,113,0.23728813559322035,28,118,54,31,5,-62,0.4,False
4833,1G6E,A,87,4254,1L3G,A,val,123,0.24806201550387597,32,129,49,42,6,-65,0.4,False
4833,1G6E,A,87,4255,2IF1,A,train,126,0.23741007194244604,33,139,41,52,13,-73,0.4,False
4833,1G6E,A,87,4262,1BZF,A,train,162,0.19631901840490798,32,163,54,76,1,-99,0.4,False
4833,1G6E,A,87,4263,2NMB,A,val,147,0.22875816993464052,35,153,46,66,6,-83,0.4,False
4833,1G6E,A,87,4265,1DS9,A,train,198,0.20398009950248755,41,201,43,114,3,-119,0.4,False
4833,1G6E,A,87,4269,1GHT,A,test,105,0.24561403508771928,28,114,50,27,9,-58,0.4,False
4833,1G6E,A,87,4271,1JFJ,A,train,134,0.23943661971830985,34,142,45,55,8,-74,0.4,False
4833,1G6E,A,87,4276,1B2I,A,train,83,0.26804123711340205,26,97,47,10,14,-45,0.4,False
4833,1G6E,A,87,4281,1Z0R,A,train,53,0.21739130434782608,20,92,28,5,39,-52,0.4,False
4833,1G6E,A,87,4285,1K2H,A,test,93,0.21621621621621623,24,111,45,24,18,-63,0.4,False
4833,1G6E,A,87,4299,2F63,A,train,158,0.23170731707317074,38,164,43,77,6,-88,0.4,False
4833,1G6E,A,87,4300,2F65,A,train,158,0.23170731707317074,38,164,43,77,6,-88,0.4,False
4833,1G6E,A,87,4312,1JM4,B,train,118,0.24242424242424243,32,132,41,45,14,-68,0.4,False
4833,1G6E,A,87,4313,1ZRR,A,train,179,0.22777777777777777,41,180,45,93,1,-98,0.4,False
4833,1G6E,A,87,4334,1KQQ,A,test,131,0.24060150375939848,32,133,53,46,2,-69,0.4,False
4833,1G6E,A,87,4342,1LY7,A,train,121,0.25190839694656486,33,131,44,44,10,-65,0.4,False
4841,1E91,A,85,3322,1E8P,A,train,46,0.21348314606741572,19,89,23,4,43,-51,0.4,False
4841,1E91,A,85,4023,1Q2N,A,train,58,0.28421052631578947,27,95,21,10,37,-41,0.4,False
4841,1E91,A,85,4052,1JOO,A,val,149,0.2631578947368421,40,152,42,67,3,-72,0.4,False
4841,1E91,A,85,4053,1JOQ,A,val,149,0.2631578947368421,40,152,42,67,3,-72,0.4,False
4841,1E91,A,85,4089,2DEF,A,train,146,0.24161073825503357,36,149,46,64,3,-77,0.4,False
4841,1E91,A,85,4090,2EZH,A,val,65,0.2696629213483146,24,89,37,4,24,-41,0.4,False
4841,1E91,A,85,4114,1A5J,A,train,110,0.25210084033613445,30,119,46,34,9,-59,0.4,False
4841,1E91,A,85,4129,1Q80,A,train,174,0.22346368715083798,40,179,40,94,5,-99,0.4,False
4841,1E91,A,85,4141,1NK2,P,train,77,0.23076923076923078,21,91,50,6,14,-49,0.4,False
4841,1E91,A,85,4147,1H95,A,train,79,0.22826086956521738,21,92,51,7,13,-50,0.4,False
4841,1E91,A,85,4153,1RXR,A,train,83,0.21428571428571427,21,98,49,13,15,-56,0.4,False
4841,1E91,A,85,4155,1EOT,A,train,74,0.2608695652173913,24,92,43,7,18,-44,0.4,False
4841,1E91,A,85,4156,1BJX,A,train,110,0.2892561983471074,35,121,39,36,11,-51,0.4,False
4841,1E91,A,85,4173,1BM6,A,train,173,0.2159090909090909,38,176,44,91,3,-100,0.4,False
4841,1E91,A,85,4177,1BO0,A,train,76,0.27184466019417475,28,103,30,18,27,-47,0.4,False
4841,1E91,A,85,4184,1EH2,A,train,95,0.2897196261682243,31,107,42,22,12,-45,0.4,False
4841,1E91,A,85,4186,1BLR,A,val,137,0.23404255319148937,33,141,48,56,4,-75,0.4,False
4841,1E91,A,85,4188,1BCI,A,test,123,0.25190839694656486,33,131,44,46,8,-65,0.4,False
4841,1E91,A,85,4197,2CPS,A,train,50,0.21839080459770116,19,87,29,2,37,-49,0.4,False
4841,1E91,A,85,4198,1BR0,A,train,120,0.256198347107438,31,121,53,36,1,-59,0.4,False
4841,1E91,A,85,4199,3NLA,A,train,73,0.26804123711340205,26,97,35,12,24,-45,0.4,False
4841,1E91,A,85,4202,1BA9,A,train,153,0.2129032258064516,33,155,50,70,2,-89,0.4,False
4841,1E91,A,85,4206,1MFN,A,train,184,0.20320855614973263,38,187,44,102,3,-111,0.4,False
4841,1E91,A,85,4207,2ORC,A,train,71,0.24175824175824176,22,91,43,6,20,-47,0.4,False
4841,1E91,A,85,4209,2CPB,A,train,50,0.21839080459770116,19,87,29,2,37,-49,0.4,False
4841,1E91,A,85,4214,2TMP,A,train,127,0.24812030075187969,33,133,46,48,6,-67,0.4,False
4841,1E91,A,85,4215,1SSN,A,train,136,0.2653061224489796,39,147,35,62,11,-69,0.4,False
4841,1E91,A,85,4216,1BHI,A,train,38,0.19767441860465115,17,86,20,1,48,-52,0.4,False
4841,1E91,A,85,4217,1BHU,A,val,102,0.24545454545454545,27,110,50,25,8,-56,0.4,False
4841,1E91,A,85,4222,1MNL,A,train,91,0.28440366972477066,31,109,36,24,18,-47,0.4,False
4841,1E91,A,85,4223,1TBA,A,test,67,0.27472527472527475,25,91,36,6,24,-41,0.4,False
4841,1E91,A,85,4224,1MYO,A,train,118,0.25196850393700787,32,127,44,42,9,-63,0.4,False
4841,1E91,A,85,4225,3GRX,A,val,82,0.2755102040816326,27,98,42,13,16,-44,0.4,False
4841,1E91,A,85,4227,1BQZ,A,test,77,0.2765957446808511,26,94,42,9,17,-42,0.4,False
4841,1E91,A,85,4228,1BQ0,A,test,77,0.2765957446808511,26,94,42,9,17,-42,0.4,False
4841,1E91,A,85,4230,1BUQ,A,test,125,0.24031007751937986,31,129,50,44,4,-67,0.4,False
4841,1E91,A,85,4241,2XBD,A,train,87,0.20430107526881722,19,93,60,8,6,-55,0.4,False
4841,1E91,A,85,4242,3MSP,A,test,126,0.23846153846153847,31,130,50,45,4,-68,0.4,False
4841,1E91,A,85,4248,2LEF,A,train,86,0.25252525252525254,25,99,47,14,13,-49,0.4,False
4841,1E91,A,85,4249,1XPA,A,train,113,0.28688524590163933,35,122,41,37,9,-52,0.4,False
4841,1E91,A,85,4254,1L3G,A,val,123,0.25196850393700787,32,127,49,42,4,-63,0.4,False
4841,1E91,A,85,4255,2IF1,A,train,126,0.24242424242424243,32,132,47,47,6,-68,0.4,False
4841,1E91,A,85,4262,1BZF,A,train,162,0.2155688622754491,36,167,44,82,5,-95,0.4,False
4841,1E91,A,85,4263,2NMB,A,val,147,0.23225806451612904,36,155,41,70,8,-83,0.4,False
4841,1E91,A,85,4265,1DS9,A,train,198,0.2,40,200,43,115,2,-120,0.4,False
4841,1E91,A,85,4269,1GHT,A,test,105,0.2564102564102564,30,117,43,32,12,-57,0.4,False
4841,1E91,A,85,4271,1JFJ,A,train,134,0.25874125874125875,37,143,39,58,9,-69,0.4,False
4841,1E91,A,85,4276,1B2I,A,train,83,0.26,26,100,42,15,17,-48,0.4,False
4841,1E91,A,85,4281,1Z0R,A,train,53,0.2159090909090909,19,88,31,3,35,-50,0.4,False
4841,1E91,A,85,4285,1K2H,A,test,93,0.2571428571428571,27,105,46,20,12,-51,0.4,False
4841,1E91,A,85,4299,2F63,A,train,158,0.26380368098159507,43,163,37,78,5,-77,0.4,False
4841,1E91,A,85,4300,2F65,A,train,158,0.26380368098159507,43,163,37,78,5,-77,0.4,False
4841,1E91,A,85,4312,1JM4,B,train,118,0.2578125,33,128,42,43,10,-62,0.4,False
4841,1E91,A,85,4313,1ZRR,A,train,179,0.2541436464088398,46,181,37,96,2,-89,0.4,False
4841,1E91,A,85,4334,1KQQ,A,test,131,0.25,35,140,41,55,9,-70,0.4,False
4841,1E91,A,85,4342,1LY7,A,train,121,0.2558139534883721,33,129,44,44,8,-63,0.4,False
